ReviewID,Username,UserImage,Content,Score,ThumbsUpCount,ReviewCreatedVersion,at,ReplyContent,RepliedAt,AppVersion
2cf85c2d-bc47-4030-9eca-ac000d46d82f,Dwi Surya,https://play-lh.googleusercontent.com/a-/ALV-UjXGLvNi3tmrumvJrMFpLY39HYjhx1yIKG6eEBzpLk267x-slnC5,"HELLO GENSHIN IMPACT I HAVE A LITTLE COMPLAINT, IN MY OPINION IT TAKES A VERY LONG TIME TO COLLECT RESIN IF THE FOAM IS SPEEDED UP FOR COLLECTING RESIN AND IF POSSIBLE IT CAN BE INCREASED TO 250/300. THAT'S ALL THANK YOU",5,0,,2025-04-10 18:30:38,,,
c97ec484-677d-4d17-b330-39502dd9b045,Roni Saleh Ardiansyah,https://play-lh.googleusercontent.com/a-/ALV-UjUv_Sw_bgeGzya87Lfu_LV0UZstu1WDDowm5RzLJR0lLyNv8vr0,"Saran buat dev dioptimalkan lagi game ya, 2020 Edit th 2024: ini ulasan saya setelah 3 tahun lebih di PV 4.2. Buset dah, story nya.... Tidak menyangka game yang saya kasih bintang satu ternyata bagus bener Lore storynya. Jadi pingin ngikuti sampai mana ini game berakhir Edit kembali th 2025: maaf ini kenapa lorenya kek game bayi ya? Katanya natlan itu Negara Perang, Tapi kok kayak Kebun binatang? saya kasih 1 bintang, kecewa benerrrrr",1,0,,2025-04-09 20:08:42,,,
8109b41a-4714-4390-b00c-c3cbe005462f,Moriansyah Dinamoria Putra,https://play-lh.googleusercontent.com/a-/ALV-UjX4txAEPYGzqpr2DRgkNfZAYU-K3AjlK7wiKhtCF2LXddYgp5a_,Keren,1,0,2.6.0_6179196_6305792,2025-04-09 20:06:01,,,2.6.0_6179196_6305792
4550d4ff-d199-4983-81f5-a299b923ab19,Roger Grahan,https://play-lh.googleusercontent.com/a/ACg8ocLe834_bTrrU3BgtRJ6hnyR0X9fLSKoIQRhghYnqPCZzUkaLg=mo,good,5,0,,2025-04-09 19:57:42,,,
4318f7e7-e90b-4fd8-acae-45a2dd6e7452,Diana Majid,https://play-lh.googleusercontent.com/a-/ALV-UjXv7yZoShBUrfMWVcoShl3W1Q5HDISDUzCIRhwu4Ipb0N40-rYR,game nya asik bet anjay,5,0,,2025-04-09 19:55:05,,,
219753dc-bfa0-46c5-84d8-7e6c69bfc13e,Muhamad Hilal,https://play-lh.googleusercontent.com/a-/ALV-UjVirYx9Pu_hTJirx0n4wuDk3-t9d2OLEPoz2dKkxu927SurFPAn,"bisa tidak sih kasih mata buat F2P? mereka tersiksa hanya demi mencari chest dan pada akhirnya kalah 50/50, aku keluar dari ini, Goodbye",1,10,5.3.0_29183395_29332470,2025-04-09 19:53:58,"Halo, Traveler! Traveler dapat melihat aturan sistem Wish di bagian [Rincian] pada halaman Wish. Jika kamu memiliki pertanyaan tentang perincian dari aturan tersebut, silakan hubungi tim Layanan Customer Support kami melalui feedback in-game atau melalui email.",2025-02-18 18:05:21,5.3.0_29183395_29332470
fa38b679-0c26-4922-82c5-08474ed35fed,Nahda Dd,https://play-lh.googleusercontent.com/a/ACg8ocJCKtty1yIsaCQ9rH0rRyMYnep8ugnVt3PmREkv7uI7NNC1sg=mo,Ini game atau seni yaallah soalnya bgus bgt!!!! walaupun sistem gacha bkin frustasi tapi entah knp klo aku ngehapus gm ini mlh pgen download lgi!!🥰🥰😋😋😭😭tapi ukurannya kagak ngotak langsung makan setengah penyimpanan hpku😐 game nya udah banyak bansos(tpi sesekali kalo ada ver baru primonya dibanyakin dikit jdi 800-1000😋😋),5,0,,2025-04-09 19:46:49,,,
0c916f46-3643-41fe-a684-fa4f9a2e3dad,zaky,https://play-lh.googleusercontent.com/a/ACg8ocLFNRX9cMqhFUDXTgywPEuqtPXg8DGX3eT_W45er32aZFAgrA=mo,good game,5,0,,2025-04-09 19:32:24,,,
65b278f4-fb78-477b-8368-dd5f310f6d27,Ahmad Robbi,https://play-lh.googleusercontent.com/a-/ALV-UjVJ2ioP4ATQxG-0Inpt8QCpqmncDrZPoMC3p9ww9K_yuQ9OHpc,"oke saya tidak ada lagi yang ingin di sampaikan terkait geme ini, karena updet kali ini telah memenuhi ekspektasi saya sebagai player genshin impact. sampai jumpa di ingame dan semoga gacha kalian wangi🫵😁",5,211,5.5.0_31400259_31451966,2025-04-09 19:26:42,,,5.5.0_31400259_31451966
5708cf2e-fe86-4db2-bba1-2da54f464898,Queensha Aqilasunnyhanin,https://play-lh.googleusercontent.com/a/ACg8ocLv7PcmY51LR2aGFOPaD482zEA9GNmRlQX7I0Tfxw6PLMZE_g=mo,game ny oke tp g tau np itu skrg klo mau download data aneh org udh selese download datanya pas masuk ke game ny mlh blm selese harus ny mah udh jdinya makan storage sm pulsa lgi tolong dibenerin hoyo,3,0,5.5.0_31400259_31451966,2025-04-09 19:10:07,,,5.5.0_31400259_31451966
ad36239f-9f4d-4cb7-a8cd-57a68a7e1466,Yuli Patricia,https://play-lh.googleusercontent.com/a/ACg8ocJdJ-QEba-CxmKJNTLUQxjyDMQWV4FkTAc93uLH-7LTburowg=mo,perfect.,5,0,5.5.0_31400259_31451966,2025-04-09 19:03:40,,,5.5.0_31400259_31451966
70e0d324-08bb-4e23-9690-01540ce3f137,Ren amamiya,https://play-lh.googleusercontent.com/a-/ALV-UjV8Uk6q8BrPYeO6jj2--cuJEWmneZmJ-WyCS-9XjD92d_Q-S90M,"Bagus sih, untung gak kikir seperti dulu wkwk",5,0,5.5.0_31400259_31451966,2025-04-09 18:59:10,,,5.5.0_31400259_31451966
59455f3f-4f6d-47b7-8585-98bea09689d7,haku yoru,https://play-lh.googleusercontent.com/a-/ALV-UjUgWO5BzLTzdllX11KTTlhoe7VYYMZpyO_iV8BFRUt58LjyFl0,"makin membosankan dan monoton, desain karakter b5 yg tiba tiba nongol dan terkesan kek dipaksakan. mc badut gk guna,mending mcnya di hapus aja. skill ampas disain jelek banget, cowok udelnya keliatan,apa apaan itu?",1,0,5.3.0_29183395_29332470,2025-04-09 18:41:53,,,5.3.0_29183395_29332470
acfddf7d-ee4c-46e1-84e1-c77481df307a,Nacita Mouriazka,https://play-lh.googleusercontent.com/a-/ALV-UjWWdWpiHjdMWgqZauMTxDW66ziTy80J4jh_kMd04d64yEmyE-9t,love this game 😍🥰,5,1,5.5.0_31400259_31451966,2025-04-09 18:35:12,,,5.5.0_31400259_31451966
c58860d6-a243-428b-b152-61ad547b602a,Sang Peramal,https://play-lh.googleusercontent.com/a-/ALV-UjUwYVzjtiKQju5EaZUL_FASDmyN8GKxjdwQijBVNXyY3P1Z8p4,Please add skip button,5,0,5.5.0_31400259_31451966,2025-04-09 18:32:55,,,5.5.0_31400259_31451966
c85b8971-8577-48a2-842e-9e8b54866b2f,Rafi Saputra,https://play-lh.googleusercontent.com/a-/ALV-UjVECve1PzxsTISf_uOawU0ngr1HPerzC6n2Z8hnBRN9hSI816ud,boring no skip button,2,0,5.4.0_30057195_30231699,2025-04-09 18:29:39,,,5.4.0_30057195_30231699
b14d2fcf-38ae-44c4-ad0a-e84120effb1d,MRA 037,https://play-lh.googleusercontent.com/a/ACg8ocJq4Bg7kzeIt04OnAMq9QjNVAV9aSHvCXArhWYTUXDRaSQIGw=mo,game bagus👍,5,0,,2025-04-09 18:29:12,,,
01b1a1ad-1c8b-439a-ab18-b5d6fa50bf80,Ajrull Keren,https://play-lh.googleusercontent.com/a-/ALV-UjWlSoGSO_6GNCOPxgBoIFEx9mtkeFfjrF8AWPqrxx4EdCiz2i4X,"selebihnya ini game bagus banget loh ya, cuma ya sistem gacha nya kek ngawur gitu loh ya tapi gpp, dari segi story, grafik, animasi, voice, eksplor udah kualitas tertinggi ini mah🔥",5,0,5.5.0_31400259_31451966,2025-04-09 18:15:37,,,5.5.0_31400259_31451966
8e3fb20c-2e99-4970-8e3d-6c9572443ace,Wafiqul Ahdi,https://play-lh.googleusercontent.com/a-/ALV-UjUEwiee7jAvIOT2pRnLb6g1ltpawrrAYyODSJmodiAb7MfWHG8,Game sebagus ini disaingkan game baru kemarin,5,0,5.5.0_31400259_31451966,2025-04-09 18:05:27,,,5.5.0_31400259_31451966
8f4e11e2-bdb2-48ca-a0e1-ebfe56867dd9,NatsukaYURU,https://play-lh.googleusercontent.com/a-/ALV-UjWnbtyR5eXAXYEbJth6HgvVC4rZHHQ3V6pf2n4lQ__nM2nDLsRS,Absolute Cinema ✋😎🤚,5,0,5.5.0_31400259_31451966,2025-04-09 17:46:04,,,5.5.0_31400259_31451966
c59846da-a754-4ef6-aefd-e472aee38474,Meyda Syaril,https://play-lh.googleusercontent.com/a-/ALV-UjX0pRzz7mhb--_1V9RTVfrDJn66pyMU3H4MiRcnWWG2Zb8FcIU,"seru game play nya santai,apa lagi di manjakan oleh pemandangan,story nya oke bangettt,setiap ngerjain kadang suka ada plot twist,setiap event nya juga gak kalah menarik!",5,0,5.5.0_31400259_31451966,2025-04-09 17:32:51,,,5.5.0_31400259_31451966
98b6709d-3c74-485c-a0fa-9f3f3780ec04,Danis Samsung,https://play-lh.googleusercontent.com/a-/ALV-UjW6JzbxxybmMIXHtuFwJZLW_ur5ksd7c3Kf6_6IvuEIzwDFkJYA,"Good story, music and lore",5,0,5.5.0_31400259_31451966,2025-04-09 17:16:15,,,5.5.0_31400259_31451966
10d4af53-7931-46d0-b46e-918ad1034af7,aaQila King,https://play-lh.googleusercontent.com/a-/ALV-UjWVgyL9YGpNgt05bA5TGm7c4KEGV-lujsgxuX_Ve-uqCYj_raE,skrng berasa jadi game bayi,1,0,5.5.0_31400259_31451966,2025-04-09 16:03:06,,,5.5.0_31400259_31451966
7de10836-afd9-40eb-aa82-7a6296a2e53f,Endah Cellular,https://play-lh.googleusercontent.com/a-/ALV-UjWWGurHgqRFQTZPYRq98BTKan4Vv8kU-BpsS-pqVzgOkSlJTntl,seru,5,0,5.5.0_31400259_31451966,2025-04-09 16:00:55,,,5.5.0_31400259_31451966
91a88f7e-93ac-47fe-84bc-d76f55f8b60a,Zaki-kun OC2,https://play-lh.googleusercontent.com/a-/ALV-UjWFBk0oz8H_VBxujooFs3oKEwXtALZIEpSAVoDrFIJduziwE7P9,kasih opsi untuk skip dialog dong. dialog yang ga penting dan panjang agak ganggu.,4,0,5.5.0_31400259_31451966,2025-04-09 15:21:42,,,5.5.0_31400259_31451966
4ff06131-445f-42dc-97b9-6a5534edf433,Memek Pink,https://play-lh.googleusercontent.com/a/ACg8ocIxEE3nFUKMepex0gAWnFbW_gkx31W1ZhqiE0eORsfRKLAdxA=mo,"game ini makin lama makin ampas, jaringan, gacha karakter, artefak, kit/combat, story ampas semua, game ini udah gak ramah buat f2p, cukup menghabiskan waktu yg terlalu lama dan membosankan. (pensi udah bosen)",1,5,5.5.0_31400259_31451966,2025-04-09 15:01:27,"Kami mohon maaf atas ketidaknyamanan yang Anda alami, Traveler. Kalau Anda memiliki masukan atau saran, silakan hubungi kami melalui email atau feedback in-game.",2025-03-05 16:12:18,5.5.0_31400259_31451966
1c3a13a9-54f4-402d-97c1-0a01bd006425,Aufanur,https://play-lh.googleusercontent.com/a/ACg8ocKE2i0ikbflwYFD0CeJKVndKdx-cCT8g01GerBN8o5wMV736YQ=mo,niceee,5,0,5.5.0_31400259_31451966,2025-04-09 14:48:12,,,5.5.0_31400259_31451966
c83890d1-54d2-44ad-8c6f-1f915e1e5907,V1RUS,https://play-lh.googleusercontent.com/a-/ALV-UjW6V201lMBMuV-l8-mad47ggxbJxlmzC2huzdSGJgnaxANt_Is,👍,5,0,,2025-04-09 14:00:38,,,
3cef8a87-4f46-4512-a9ed-8fc81164e00b,Mufifudin Alief bayaqi,https://play-lh.googleusercontent.com/a-/ALV-UjXH0845UdnOjNllhuB0zyguxQ6Jl26iYzDtCrWazfGZ0irXsec,makasi hoyovers sudah membantu untuk mengembalikan akun saya,5,0,5.5.0_31400259_31451966,2025-04-09 13:43:59,,,5.5.0_31400259_31451966
c2b2a453-10a1-4c98-811c-918e4c77443f,Rijal first,https://play-lh.googleusercontent.com/a/ACg8ocIEtGJldegISOKHyHTiN9K7Zj_Wwr-yYbXHownlcHOSl4tUgw=mo,Game anime terbaik,5,0,5.5.0_31400259_31451966,2025-04-09 13:10:30,,,5.5.0_31400259_31451966
b5995cea-8885-462c-af95-1e732b72744a,Muhamad Nazili Zivilian noer,https://play-lh.googleusercontent.com/a-/ALV-UjU2BwLYWLPkMYOut698ImeYkXoo_Mn3TtvMF-5oV9ZeNSbWeljT,ukuran datanya gak ngotak sumpah download harus nunggu Berjam jam dan hp panas bet,1,0,,2025-04-09 12:53:25,,,
324af813-7550-4483-96a3-f742e0e94f3a,Mustapa Kamal,https://play-lh.googleusercontent.com/a-/ALV-UjVMcO3hxviM_EjQeD1JR8LlaoKnITJtpxfFEdpxkkHx6RrQXMA,apalah game ini GK ad fitur skip mana lama lagi.game nya banyak memakan waktu. game nya pelit,2,0,5.5.0_31400259_31451966,2025-04-09 12:38:56,,,5.5.0_31400259_31451966
8f357864-372a-4ae0-ac02-bfa80ecb97a8,Gabriel,https://play-lh.googleusercontent.com/a-/ALV-UjU6fpiw_mrG8n0mDeO3vBX8QhadeopVJXq0XHizd-JsNwESN0MN,WOI HOYO,1,0,5.5.0_31400259_31451966,2025-04-09 12:37:10,,,5.5.0_31400259_31451966
6a6de85c-6dc9-414a-b64e-19e655d9e03e,Reza 27x,https://play-lh.googleusercontent.com/a-/ALV-UjUuG-NfjtBh0asb_crJZTH7uLQIRbSxuwwdI9wLEQ2K5qf4kEI,ini dak Lang sung main kan atau gak ya,4,0,,2025-04-09 12:14:55,,,
1b90a55d-f83f-4557-a333-728088ae5ba7,Xionn,https://play-lh.googleusercontent.com/a-/ALV-UjWMHaZHMVodqrEMN64kQmnNfJlkMGa0trIZaYGSCc6A1W_ioZvg,Gamenya udah bagus udah gak terlalu ikir lai lah enak itu doang sih,5,0,,2025-04-09 12:12:56,,,
d749e9b3-0145-45fa-a4b3-dc12e04f6d5e,Aisha Najla Nur Aqila Rahman,https://play-lh.googleusercontent.com/a-/ALV-UjV8q25v43uF_IwaUe4pN4pCcTKL7Yfc_4ncreq9Ls59BqPB_Fg,"jujur saya sangat menyukai game ini, cerita yang bagus, cutscene yang sangat memukau, story karakter yang serasa mampu mengendalikan emosi. Tetap kembangkan ini agar menjadi lebih bagus kedepannya ❤❤",5,0,5.5.0_31400259_31451966,2025-04-09 11:29:00,,,5.5.0_31400259_31451966
e5fbbbe5-01a5-4d2f-bf9e-aadc7330c9f1,Sigit Eka,https://play-lh.googleusercontent.com/a-/ALV-UjVBtpnt_DHkeSyX6pMj6fjqOEM2_ytKQ4yy0E78gskUrtVMnN9J,like genshin. impact,5,0,5.5.0_31400259_31451966,2025-04-09 11:18:37,,,5.5.0_31400259_31451966
07fb6fbf-786d-4753-ab19-7f14baaf4172,YT• ayub,https://play-lh.googleusercontent.com/a-/ALV-UjVDQs2l2-q74Kxcd2UXYRcylRsHTwuUtFTmEzlry-2fAlqMK0MN,mantap,5,0,5.5.0_31400259_31451966,2025-04-09 11:09:44,,,5.5.0_31400259_31451966
2cf13aa6-dc01-45f3-bbe4-71c3e7aa5dff,Ahmad Adzdzikra,https://play-lh.googleusercontent.com/a-/ALV-UjWFKv228KnQe5w6vUOm9jACOVE598WCoKpUiC9gRKxuW2RQlCk2,percakapannya terlalu panjang tidak bisa di skip terlalu banyak membuang waktu. serta reward yg tidak setara dengan pengerjaan quest begitu pula reward dari gacha bagi player f2p,1,0,5.5.0_31400259_31451966,2025-04-09 11:09:43,,,5.5.0_31400259_31451966
ed9f271c-dc53-4b4f-8788-663722870b96,Siesza,https://play-lh.googleusercontent.com/a-/ALV-UjWbjXz1vKtbHW7fBuvqarw54-y6xyw-OelS6GxPvZmotyiRYhyx,gimnya sangat bagus dan mendidik,5,0,,2025-04-09 11:09:39,,,
3bf232a6-ba24-4b28-b75a-9fb0849f938b,Fitrs Kurnia,https://play-lh.googleusercontent.com/a-/ALV-UjWvck8RThUrvJDcb28G740WsaHFYIyFlY0X8HYwLjHEVATUzjE,Game hoyoverse cuma jadi game sapi perah doang.. Rate selalu ampas,1,0,,2025-04-09 10:55:53,,,
11ed0edd-10b6-45bb-a66d-b5702727f3eb,Tegar Budiono 76,https://play-lh.googleusercontent.com/a-/ALV-UjV4yWOpYRnI2L15tZ1Fdt2oQ-mKKu9bAZGuVJLAMDuteP5cx_Si,game mantap,5,0,5.5.0_31400259_31451966,2025-04-09 10:41:48,,,5.5.0_31400259_31451966
3183863c-213c-4be8-a290-728a4d69dfe7,M. RAFI FADLAN SINAGA,https://play-lh.googleusercontent.com/a-/ALV-UjUW9tWnI3vUaCBRCBQOn0qmvLvAZxUrmrwTfZUlfWHvf9DDCczD,sorry dev yg komen toxic itu my brother!!,5,0,5.5.0_31400259_31451966,2025-04-09 09:12:38,"Terima kasih atas dukungan Anda terhadap Genshin Impact, Traveler! Kalau Anda mengalami kesulitan apa pun yang berhubungan dengan Genshin Impact, silakan hubungi kami melalui email atau feedback in-game untuk mendapatkan bantuan.",2025-02-14 18:02:23,5.5.0_31400259_31451966
13b88456-b488-47c7-a6a0-313fa1c2e04c,Irvan Amar Fadila,https://play-lh.googleusercontent.com/a/ACg8ocIl2kwS48RRqDaBc_2KVraPJ1qqZjIGjRKW4oBvT8IljBoKNA=mo,pengisi suara (EN) banyak yang hilang tanpa alasan yang jelas dalam waktu yang sama lama. dan sama sekali ga ada tanda tanda bakal di fix dalam waktu dekat,1,0,5.5.0_31400259_31451966,2025-04-09 08:59:01,,,5.5.0_31400259_31451966
10e8ff6b-02bb-4b7f-95f8-f9006f741cef,Honkai Impek,https://play-lh.googleusercontent.com/a/ACg8ocLJTY1uTxoJ9oJY3FqdiJ9AGTeO24wvD7AwvjiDYcVzimNT1Q=mo,"pengoptimalan sinyalnya busuk banget buat mobile, masa bsa 10x disconnect dalam waktu 30 menit pdhl maen game lain aman aja lancarr",1,0,,2025-04-09 08:39:56,,,
2c911bf3-c9f7-42b4-8e77-889e23091bd0,Michael Yang,https://play-lh.googleusercontent.com/a-/ALV-UjW0-isSGLDFGvN8W36-hahHuQ6htWheKA2URB5sPYWbcJqbDMsx,Seru,1,0,5.5.0_31400259_31451966,2025-04-09 08:14:14,,,5.5.0_31400259_31451966
81807281-60a1-43e4-939f-8b8429f5c451,BCG Channel,https://play-lh.googleusercontent.com/a-/ALV-UjUxCBKoW29WIWIXGMMWaXeWG313vGtvdPLTIqez1GHjHsR7o5Q,"No skip button, just yapping game.",1,2,,2025-04-09 07:45:30,"Kami mohon maaf atas permasalahan ini, Traveler. Silakan hubungi kami melalui email atau feedback in-game untuk mendapatkan bantuan lebih lanjut tentang masalah ini.",2024-11-16 16:31:03,
d44b1247-a4dc-411c-abf7-4f29c9f28b32,ifud puth,https://play-lh.googleusercontent.com/a-/ALV-UjUG4Qrrq-n2t7X75dzk4lDnTzmCOy81aLgf4gmvl_3cUXHo_GL3,Best story and gameplay forever,5,0,5.5.0_31400259_31451966,2025-04-09 07:31:07,,,5.5.0_31400259_31451966
a7e03457-a4a9-4c6f-ae33-0bcc2e4f8dac,Gaming Ucul,https://play-lh.googleusercontent.com/a-/ALV-UjUNdisWyGHUG485eQIGuz5Q5Io4-jQrX5MT1vQF3m_uK75jR0Y,Niceee,5,0,,2025-04-09 07:30:52,,,
d95e7299-856b-4a33-9727-ccae653fabe0,Izan sajah,https://play-lh.googleusercontent.com/a-/ALV-UjVrccMTAqD2384TCpQpYHFM1Yzg3lKkXHnZfODicyn0dAP6E3zB,The beast game story my personally 😋,5,0,5.5.0_31400259_31451966,2025-04-09 07:04:04,,,5.5.0_31400259_31451966
3441b426-5b73-478b-9deb-13d0f5604d09,ANC.OpangFatah,https://play-lh.googleusercontent.com/a-/ALV-UjVD3LbfTqCY9d8B5Osz7Fd4YpXD5rnchFo5ORd_gw3J4iCKmkAK,game baik,5,0,,2025-04-09 05:39:23,,,
e27bf982-bb1d-4609-80bd-ee3ccbe342f4,Riffa Oktiani Ramadhani,https://play-lh.googleusercontent.com/a-/ALV-UjVwJZerhGdA7PLPew9Ad0wNV8JOPgW72989ll_Dra5jVgrFRk9QKg,"ini juga sama,char cowo nya dikit banget. kelaut aja deh",1,0,,2025-04-09 05:28:51,,,
7fb359d2-4f31-44be-85af-f5fcb6815cb6,arreull,https://play-lh.googleusercontent.com/a-/ALV-UjW3w8FhvzZLk_WnCfsjWT7m_xPZEaPEeq6yS2XmLaxlyOVWUBgN,mantap,5,0,5.5.0_31400259_31451966,2025-04-09 05:12:34,,,5.5.0_31400259_31451966
06c47651-ea6b-427f-adce-fea2e885d6b8,dino,https://play-lh.googleusercontent.com/a-/ALV-UjXZk-5gNnQq-CPpth7xk2ZgY2pmAfEIszDQwLbrFhcON_qsvr2f,good,5,0,,2025-04-09 04:47:43,,,
e70220f9-f564-42d3-8d25-f3779cb40ea2,S H I N I G A M I,https://play-lh.googleusercontent.com/a-/ALV-UjXZHsiCI3juCZoAc7EYLhwFMqRozPBRd5XUgeKZfyEaHpCUhvo,tambahin fitur edit tombol!!!,4,0,,2025-04-09 03:52:14,,,
416de475-01c3-4133-a2ef-1f49ace248c4,N_bz28 Gaming,https://play-lh.googleusercontent.com/a/ACg8ocJR3yxlAbsn6nUILPwgkapuG4YHlxWaLA7gZw9esdMIMEOR9D0=mo,hero2 yg dihadirkan sangat membosankan . sekelas archon bintang 5 pun kit combat serasa hero bibtang 4 !!! semoga genshin menghadirkan hero2 dengan design dan kit combat yg lebih bagus lagi 🙏🙏,1,0,3.4.0_12498014_12591909,2025-04-09 03:40:13,,,3.4.0_12498014_12591909
8286d43c-d321-4d5a-8f4a-a787aa7f1352,RyZxMl Chan,https://play-lh.googleusercontent.com/a-/ALV-UjWcD1ir1YinLTiIjtz1y-tvJEr-5D2deF16gwTw0E3EQm5LdvR-,Hutao buff dong mang hoyo,5,0,5.5.0_31400259_31451966,2025-04-09 02:44:32,,,5.5.0_31400259_31451966
14372266-08a5-4289-af72-76a6c5fda7f1,Romansyah,https://play-lh.googleusercontent.com/a-/ALV-UjXMd7F87LpachrDmK6phJPBRa0REfIZ5guYhKnVh--h4QXSl1-h,"I Love this game, but please listen to your your community. Thx 🌹👏",5,1,2.1.0_3981765_4073622,2025-04-09 01:54:17,,,2.1.0_3981765_4073622
376191b0-b5b9-4629-8b56-bb8fa73b773a,Adinda nur Fadillah,https://play-lh.googleusercontent.com/a-/ALV-UjVFn8ImH5GXvE2kemzUsmNKYL8utQ26il5Cf_6mZ0P03PyrorLH,suka,5,0,5.5.0_31400259_31451966,2025-04-09 00:04:55,,,5.5.0_31400259_31451966
88205d3e-07f8-457d-ad3c-f5c3ff7244c8,Fajri Hasan Gewang,https://play-lh.googleusercontent.com/a-/ALV-UjUpDgfmjj5gt6u9DY3LEHeVvL8Expw4p_f2qJ9-SWnD_3AjfD8,"awalnya risih sama dialog ny kepanjangan dan gabisa skip. lama², ternyata seru juga cerita ny. btw tolong gacha ny jangan terlalu ampas dong. mudahin juga buat f2p nyari primogem, biar bisa sering² gacha. wkwk",5,0,5.5.0_31400259_31451966,2025-04-08 23:42:15,,,5.5.0_31400259_31451966
71f177b9-3020-4125-a9ab-5c099af3a423,Ferdinan Riko Syaputra,https://play-lh.googleusercontent.com/a/ACg8ocLc7MYTvwg9oGHWH8pnlcgljwc4fZvKWVzvLCiuWudwPnG2YQ=mo,Terlalu banyak anak kecil😡,3,0,3.8.0_15672274_15939604,2025-04-08 23:38:28,,,3.8.0_15672274_15939604
ebfbf33d-bb3c-43fa-a9e6-2f96fed9bc86,jasmiinn,https://play-lh.googleusercontent.com/a/ACg8ocIR7AU-G_5vhTzHKteoWTkkEvMNySF1ZUZkRVmwGbzKshzPjA=mo,papiii pls make good artifacts for me like everyone else.. i've already give u five stars :c,5,0,5.5.0_31400259_31451966,2025-04-08 23:18:03,,,5.5.0_31400259_31451966
2f6bc903-d1a2-40f7-9e23-be3eb5124d75,Aif Bigboss,https://play-lh.googleusercontent.com/a/ACg8ocK1OGhfDrnLQXg-giHRI326beq55EV09wce9zF0KdTdOMV2Pg=mo,good,5,0,5.5.0_31400259_31451966,2025-04-08 22:05:28,,,5.5.0_31400259_31451966
22ae8c07-4564-4254-8dca-d541e296a704,Rehan Novarisha,https://play-lh.googleusercontent.com/a-/ALV-UjXF6axh4eKMZXQvuGgZ1l60TJO57MeQxrYNEvNsdWdDaWXnoHu9,"udah nyaman sama game ini hehe... betah karna koleksi waifu.. semangat hoyo bikin char, ntar ku gacha 😆🤝",5,0,,2025-04-08 22:04:44,,,
f3df1a28-e54e-44b5-bcbb-b38dc8fd97a8,Nuryana 784,https://play-lh.googleusercontent.com/a-/ALV-UjVV2bGwDHrKKjM9ozA3Rv5usxvLW9vJZ_fX4oWXlriL8t6_9h9v,mantapp,5,0,,2025-04-08 21:52:46,,,
c9e18823-600b-45fd-970f-b24be0ad6764,Akhmad Sidki,https://play-lh.googleusercontent.com/a-/ALV-UjVE45FgPjiujmySNdwByWPv7TweNjL2OADap3h2W9YMLMIibe6n,keren,4,0,5.5.0_31400259_31451966,2025-04-08 21:35:26,,,5.5.0_31400259_31451966
bb3661ed-055e-4f7d-a4cc-ef97e2bd503d,Naka daffa hanindyo putro,https://play-lh.googleusercontent.com/a-/ALV-UjV35DTpbdjYKkvHmEAOXEaqYfQPS0g22_SMc19Qwbe2vBBTlhU,"udah kikir, berat pula",5,0,,2025-04-08 21:32:31,,,
bc222cf2-ae62-40bd-9d23-84f8276b7053,Nathiva Ufairah,https://play-lh.googleusercontent.com/a-/ALV-UjWJWz1Bev1t1AX3Q7bLampRGu99jaQFroOSWzKicOeYhD8oKJOB4A,"seruuu pemadangannya baguss klo gabut sering mikirin ni game eventnya seru seru semuaa, kadang suka dikasi primonya banyak buat ngewish, questnya juga ada banyak yang seru, nyari temen pun jadi gampang gak pada mandang level atau arnya pokoknya MAKASIH BGT YANG BUATTTT SERUUU GAK NYESEL DOWLOAD NI GAMEE!!, dan terutama... MAKASIN BGTTTT BGTTT UDAH BIKIN XIAOOO SUMPAHH DIA LUCU BGTTTTTTTT AAAA TYSM HOYOO",5,0,5.5.0_31400259_31451966,2025-04-08 21:17:40,,,5.5.0_31400259_31451966
59ec6f16-eb0e-4356-92e4-309ad2e90e8c,Rizqi Zamzami Jamil,https://play-lh.googleusercontent.com/a-/ALV-UjV31elBKeUWIly7R9cSisFCEaqxCCfKd2mlnNN2x9R5imtniG4,game kikir,5,0,1.1.1_1437351_1398019,2025-04-08 21:09:55,,,1.1.1_1437351_1398019
5dacb7fe-3567-409f-aff3-901c22f25b1a,Iqbal Nabawi,https://play-lh.googleusercontent.com/a/ACg8ocIgJy0O1VlP_9s3GWrp-wreOX-1rCq0KVDFYaMiY6TlINNsXA=mo,love,5,0,,2025-04-08 20:57:35,,,
02b427a3-2c82-48fb-ae65-69349a8755b2,Alvin Aja28,https://play-lh.googleusercontent.com/a/ACg8ocL2S2rtsTWNRDUT5iPA7GFVZye98oxPfwsn9mVmY6uWM-jv6A=mo,pengalaman yang seru sekali senang rasanya bermain terlalu lama.seperti berpetualang sungguhan,5,0,5.5.0_31400259_31451966,2025-04-08 20:55:24,,,5.5.0_31400259_31451966
5ddc406d-56eb-425a-943b-3f4bb192a1a4,Maman Man,https://play-lh.googleusercontent.com/a/ACg8ocKe_wGiP_fyxAwJDfE9GaWMH7gjtWtewTPiM22ebY1-OpTGYQ=mo,bagus no comend,5,0,5.5.0_31400259_31451966,2025-04-08 20:42:23,,,5.5.0_31400259_31451966
d5840205-5ce6-4904-89c3-4b61778af21f,Zabul Azha,https://play-lh.googleusercontent.com/a-/ALV-UjWxNHkXawliBUzE6BPEtLJBRiSoD-VxfNOzxeyNQ10Cnv_qnzM,bagus bngt game nya santai dan hd bangett,5,0,,2025-04-08 20:33:15,,,
be706179-e06b-4a5d-87c4-8349fa9625aa,Putra Sendana,https://play-lh.googleusercontent.com/a/ACg8ocK_htnK29-42ttHedBp3-RWAH0HKcMPWGx5DS_jQnfNnxYTlQ=mo,gamenya sudah bagus tapi aku gacha dapetnya burik semua,5,0,5.5.0_31400259_31451966,2025-04-08 20:08:53,,,5.5.0_31400259_31451966
17c4204d-ad85-47aa-9dc5-3265bc1969c3,Heheheha,https://play-lh.googleusercontent.com/a-/ALV-UjXZZYSl7jQ3R8IxFhXnLUenQr3rgAm3cobkk721tmC2Z8cf3wI,"bagus dan sizenya... 🥲😭, tapi sesuai dengan keseruannya",5,0,5.5.0_31400259_31451966,2025-04-08 20:01:49,,,5.5.0_31400259_31451966
4b5be61e-7ab3-4a2b-a926-60322d0af634,Revan Wisnu,https://play-lh.googleusercontent.com/a/ACg8ocKV6aB1G-tNhlmaqwHKudNOsIr6-1Om2CMHbHwJAog_glpjOg=mo,sangat reallll,5,0,,2025-04-08 19:55:25,,,
0bd2524d-4845-4f7f-9ca2-3f772a9b40c8,Dude,https://play-lh.googleusercontent.com/a/ACg8ocKtX6kB2aWuaeycRSkMueAmINIWvyxOo4vsYPhDlKjwogPHFQ=mo,Game kikir main di hp bagus ngelag² explorenya harus rada gila yang bener aja pemula disuruh explore ke region baru cuman buat dapetin material upgrade char,2,0,,2025-04-08 19:53:30,,,
1e839a9e-ed0b-4104-898c-1854adc70ef6,mrx Fawaz,https://play-lh.googleusercontent.com/a-/ALV-UjUio-r958tf1Xd_ydgAuQDCzs6dHL4Gybqqj0digntBWWaGeuc,good,5,0,5.5.0_31400259_31451966,2025-04-08 19:41:54,,,5.5.0_31400259_31451966
34a5940e-64f4-4fc6-be69-4155c8c53cb0,Zackaria Fadhil,https://play-lh.googleusercontent.com/a/ACg8ocJfoxoj6EPs_Tu6CPVj1uDZAcSdeuIDb6brZkzng5fPsA0Mtg=mo,bosen,1,0,,2025-04-08 19:30:32,,,
bbfe29b9-25b8-420e-a527-513e1fc70a92,Nayla Sabil,https://play-lh.googleusercontent.com/a-/ALV-UjUETuERY21129mRt56jCMaR5A5tTLTZtv1qTUH7yqA2DYkW87Q,I LOVE GENSHIN SO MUCH ❤️❤️❤️ THANK YOU HOYO❤️❤️❤️❤️❤️,5,0,,2025-04-08 19:26:43,,,
2aa1a3cc-8ff5-45fa-be2a-330247bcf33b,Holly Molly,https://play-lh.googleusercontent.com/a-/ALV-UjWbue-Utq9HIrPXkjZLi6ANewaWCiPiCDX6w9wHgmlSckoPTZ2e,"improve the character design, and face please. their faces all look the same, has a chubby cheek but only different in hair and clothing style. and make all tall men to look more masculine. please hoyo just improve your characters to make them look even more BETTER.",1,0,5.1.0_27118081_27297621,2025-04-08 19:07:54,,,5.1.0_27118081_27297621
195c5064-3458-4d9c-a475-3e4e0ececa24,Anwar VM,https://play-lh.googleusercontent.com/a/ACg8ocIlVFPVuyjpFSE2WLc25c1yKlzx3aOihO7mKIGMBPaF7N0Qtg=mo,game bagus,5,0,,2025-04-08 19:07:07,,,
01a65b9a-2264-4336-ac86-718c4239de89,Andini Sekar wangi,https://play-lh.googleusercontent.com/a-/ALV-UjVlayzaZ0sEIYl24KHfHw7SPn2JN0TFYAE4kS7yCj7Cpwg8bkmhlQ,"Alur cerita bagus, karakter cakep cakep, tidak banyak bug, karakter buat eksplor membantu banget.. tapi saran: jangan terlalu banyak karakter perempuan (perbanyak karakter laki-laki untuk kalangan wanita)",5,0,,2025-04-08 18:55:57,,,
3eccccf8-4b76-4ea3-9bae-e028706a5d68,C I E X MRAHYA,https://play-lh.googleusercontent.com/a/ACg8ocKf4ER0DPpJnB37N_Eh9He7XTAFQECjAadV3Y5c2HlhjJoEaA=mo,kurangnya cuman kegedean oenyimpanannya,4,0,,2025-04-08 18:47:51,,,
5947744d-c510-4e1a-b0f8-0728ea1117c0,Juan RA,https://play-lh.googleusercontent.com/a/ACg8ocKg6J8BT96F8gfV6VLaFmfUvW8laZb6VKVfaDAL2q-BLUePuQ=mo,"add skip mode in story bro please, boring game",1,0,,2025-04-08 18:13:23,,,
62c0a87b-f85b-4bb8-86ef-eed3343ea2f9,Lala Chan,https://play-lh.googleusercontent.com/a-/ALV-UjVXqq2-5qKSAE3GpBnkofKF-1CmLRyDFxa4HhOzkmVpr0pJ0nU,"APSIH MASA STUCK SIH, tulisannya koneksi terputus, wifi gue baik"" aja anj, tapi bagian masuk di elemen itu, layarnya putih smua gabisa masuk kocak",3,0,,2025-04-08 18:10:04,,,
9e1c452d-4258-441c-8a6b-733556b922a5,Wawas Putra,https://play-lh.googleusercontent.com/a-/ALV-UjUB0msIibRVulTWon_wxl1ExUiAe-2e06COSiMQF5KuKRB98-I,game bagus gak ada minesnya kecuali gacha sering ampas,5,0,5.5.0_31400259_31451966,2025-04-08 17:47:24,,,5.5.0_31400259_31451966
ee7063ed-9756-4f61-8a5a-e433c5f5eb94,Fajar Basmalah,https://play-lh.googleusercontent.com/a/ACg8ocK2ZohSklct-nCX8J2XbBQaw8UC8cf4REBAvoTZVwBc0Q3k4A=mo,"ping server Asia kapan di benerin dah, game dah 5 tahun tapi ping nya ampas bgt",1,5,5.5.0_31400259_31451966,2025-04-08 17:44:32,,,5.5.0_31400259_31451966
6e07d793-9e86-44b3-86db-b0655c46d5fb,Denis rorr,https://play-lh.googleusercontent.com/a-/ALV-UjXPnJBE6zFK4T4KZoLbtyIFxRYyR1-f0vIJ_z6p1vYqbGCy98U,bagus banget 😙😙,5,0,,2025-04-08 17:29:00,,,
e4c47307-50c8-4ab8-a3dd-acbd3b4ba13b,Rendra Agus,https://play-lh.googleusercontent.com/a/ACg8ocLjKl2fqjvZskATY_6Hj9-SL2mn1axKPDXDEam74aUJw32GTQ=mo,i like the game,5,0,5.5.0_31400259_31451966,2025-04-08 17:22:17,,,5.5.0_31400259_31451966
8d6b7125-0750-4580-8b57-5b34e340adf8,Via,https://play-lh.googleusercontent.com/a-/ALV-UjXPhVJot11Sk66U4ahTv27lS4yGnxEjhLOcqrfT8mF7HM_wgN8,bagus,5,0,,2025-04-08 16:41:35,,,
5794da37-841c-4953-9dbe-d64b002a588a,M Faudzan,https://play-lh.googleusercontent.com/a-/ALV-UjVRBKfYQnv09t0lgM83Yc51ZZNTQkeg8dlDFzWFpXo7MvspKZrW,Game Yang Sangat Bagus Dari Segi Eksplorasinya Dan Segi Musik Disetiap Region Nya,5,0,5.5.0_31400259_31451966,2025-04-08 16:26:59,,,5.5.0_31400259_31451966
261e7be1-2869-4e28-8890-7ee42a4a796a,Gandhes Rigen Larasati,https://play-lh.googleusercontent.com/a-/ALV-UjXa8bQwpyd_McdnmPsLvLbUcwfkZpPjKjDs56IGpayGQIQOeis,sudah tidak kikir,1,0,5.5.0_31400259_31451966,2025-04-08 16:22:52,,,5.5.0_31400259_31451966
f6829ebb-7abd-4182-92bc-9ee563606714,Juliania Zefa,https://play-lh.googleusercontent.com/a-/ALV-UjWyhe-P25UDmf8jjeE_rhsnHuxDvqP0VYlmNvbFs-JvFszIkPlu,"bagus banget developernya gak pernah dengerin feedback playernya. Gak pernah sebahagia ini ketemu Dev yang sikapnya kaya gini, kalau gak ada player kayaknya makin sukses ya :)",1,0,5.5.0_31400259_31451966,2025-04-08 16:19:10,,,5.5.0_31400259_31451966
02c80301-5a0b-4b47-97bd-08da74beded4,Dian agustina Agustina,https://play-lh.googleusercontent.com/a/ACg8ocJRgOxoWSg6vyxdZZeHaPXE99BesN-wCtXk5p5gHzfkLKmB9Q=mo,bagus 🤩 story nya bagus,5,0,,2025-04-08 16:14:45,,,
607aa613-37ab-48c4-848f-61d2b55e1502,Ya Begitilah,https://play-lh.googleusercontent.com/a-/ALV-UjWX-m7pXSiKj7IXE020_MfHzYSaWsH8ueSNUlTkGgkldWZhSadT,perfect,5,0,5.5.0_31400259_31451966,2025-04-08 15:57:38,,,5.5.0_31400259_31451966
cf072cf5-c9da-4acd-8934-1ab2353f628d,IAWNH,https://play-lh.googleusercontent.com/a-/ALV-UjV8_VbpsT5hJ0nsV9BT6LbgWdN8BYoaKt9BSEaLsZ34kvl9VsEy,"thank you for your time, hoyo🥀",3,0,5.3.0_29183395_29332470,2025-04-08 15:19:56,"Kami mohon maaf atas ketidaknyamanan yang Anda alami, Traveler. Kalau Anda memiliki masukan atau saran, silakan hubungi kami melalui email atau feedback in-game.",2025-02-19 16:24:30,5.3.0_29183395_29332470
2bbd1e3d-ead9-4849-9895-60f2d5a4e6d6,Mr K,https://play-lh.googleusercontent.com/a-/ALV-UjVlQMtBPEAVaQI-B_wQf0Z-AJGjAYcYGvQC5OZObd7irpgMd7k9,hp kentang gwah gabisa download datanya (tertawa tapi terluka). tunggu aku punya hp baru ya kawan,5,0,,2025-04-08 15:09:18,,,
57e81b7e-2730-4783-89d7-8384ee0b35fb,Dimas Syach,https://play-lh.googleusercontent.com/a/ACg8ocKM792KTdsLq2mslRh-Dy0Gr_buXq3Uy42bdRPPEw6Eo8Rw=mo,tolong terlalu banyak permintaannya dimatiin,1,0,5.5.0_31400259_31451966,2025-04-08 15:06:23,,,5.5.0_31400259_31451966
ac342310-feac-452f-8f0a-472ec142c6fe,aditiya “adit” rahman,https://play-lh.googleusercontent.com/a-/ALV-UjV_bOKlAbNvrcguzWEFk5voHjyEkT_uUTHzaf9Ta3fDmaLwPKVk,"Beberapa teman mengalami cutscene patah-patah saat memainkan game untuk pertama kali, meski suara tetap lancar. Saya juga pernah mengalaminya. Dengan spek HP RAM 8/128 dan chipset MTK G88, sebaiknya kualitas grafis cutscene tidak terlalu HD agar tetap lancar di grafik rendah-menengah.dan 1 lagi aku mau mavuika c6 r5",5,1,5.5.0_31400259_31451966,2025-04-08 14:19:24,,,5.5.0_31400259_31451966
5e90c966-ec3d-4537-ab98-848bc6ad3cfb,Akade Kun,https://play-lh.googleusercontent.com/a-/ALV-UjVv3tyBrh6GPA_ub1IhtUt-JyBLWbv4FriX7GhtIa2fdE-_AUw,my apologies for the admin.. I just gave a star,5,0,5.5.0_31400259_31451966,2025-04-08 14:07:54,,,5.5.0_31400259_31451966
a549cb75-a50d-4ca3-aef9-11b966c042a5,Abdurrochman Chusain,https://play-lh.googleusercontent.com/a-/ALV-UjXtihcUw3g7BKxJpGJshI3z-gXBTFyAbnOuhEY6ynhs7VqdMsA,game nya bagus bg,5,0,5.5.0_31400259_31451966,2025-04-08 13:56:52,,,5.5.0_31400259_31451966
254f1135-c9d0-4716-99e4-a9cbb8f260f7,Ahmad Rasyid,https://play-lh.googleusercontent.com/a-/ALV-UjVhx1wkmapiJPFHq0uDtQhes6iEId6am23xaoUTo_3JiJSs1K2z,pengalaman penguna secara keseluruhan sandar menarik dengan open world secara experience sangat menarik,5,0,5.5.0_31400259_31451966,2025-04-08 13:42:17,,,5.5.0_31400259_31451966
c1233df2-ead3-4707-ab32-34addc939b6a,Syahbani Safrizal98,https://play-lh.googleusercontent.com/a/ACg8ocJOe-UbUB-nf6uwh9wEno7uXTRpatwIBSkDn3sH9xKwccfnvw=mo,game nya si enak . tapi agak gk otak,2,0,5.5.0_31400259_31451966,2025-04-08 13:42:02,,,5.5.0_31400259_31451966
4e46da8b-5bd4-40a4-8452-51f8409e9eb6,Tofane,https://play-lh.googleusercontent.com/a/ACg8ocJjSFy9jtiRqpxetVX97CkvOd7Nmaz3KnYVlzNqEqLnEB2SMw=mo,good,5,0,5.5.0_31400259_31451966,2025-04-08 13:11:28,,,5.5.0_31400259_31451966
525a3c2a-6d97-4b0a-bf78-348e1c80cd20,Ahmad Rizal,https://play-lh.googleusercontent.com/a/ACg8ocL1GGsSeO4NDhJoslnlL2iXtYegRUamMq1T0fIqkQWTyIbOcg=mo,"untuk event aja alur cerita nya panjangnya setengah mati, gak sekalian di buat film aja skalian 15 jam gitu, parah banget, MEMBOSANKAN",1,0,5.5.0_31400259_31451966,2025-04-08 13:01:14,,,5.5.0_31400259_31451966
c24d30f5-ac2b-417b-ba82-2a3da0ddeeb3,Raka Aji,https://play-lh.googleusercontent.com/a-/ALV-UjWDknfo6kKanDHdwY1hfjNa-hBkSUIgCI7-CTEYHvMFW92ZnZUw,"Makin lama makin ga konsisten ini game,lama lama malah ga enjoy,klo bikin story yg jelas...ga ush kesetir Jomok sama Fandom Public Enemy",1,2,4.7.0_23093867_23435602,2025-04-08 12:54:04,,,4.7.0_23093867_23435602
6f0bb16f-7ef5-4425-b20f-e739a6e3770b,Kaka Kaka,https://play-lh.googleusercontent.com/a-/ALV-UjXaJn-lsDXBvZSN57xYcsBBXM8Xx7jtFfHh4xqe4ixOXU5sykI,pelit kli mau 1 karakter aja ga dapet padahl udh berulang kli kasih la kemudahan minimal 10x permohonan udah dapet karakter ni nggk,1,0,,2025-04-08 12:43:43,,,
1838a7c1-3abe-493e-ad59-f4267ec50e92,Krisna Aditya,https://play-lh.googleusercontent.com/a-/ALV-UjUrVxmnYDB2KqX5jxOq4CM2tWDRO9mXJY-q6qy6jLvutMkCoYOA,resinnya tolonglah jangan di Batasin cuman 200,4,0,5.5.0_31400259_31451966,2025-04-08 12:26:57,,,5.5.0_31400259_31451966
bc6493ae-5a5c-4c61-9d7a-1568a45091ac,Qailah Salsabila,https://play-lh.googleusercontent.com/a/ACg8ocKS6PTKdI2IMNhrk4XHOsrATXYcejuxevNrk0RlGuUw6AiHBQ=mo,"hoyo char di genshinnya kalo bisa jangan terlalu terbuka ya pakaiannya...kasian playernya yg masih agak kecil...kalau mau yg agak2 naikin ratingnya dong, jangan 12+ naikin jadi kek 15+ atau gimana lah",2,2,5.5.0_31400259_31451966,2025-04-08 12:10:04,,,5.5.0_31400259_31451966
1a6112e5-2205-400e-aac1-ac2d65e68c37,KRB 306,https://play-lh.googleusercontent.com/a-/ALV-UjV-VKAphCcuVYGO3LlqcratXJRlZBf6qI6RybmfXlwXTyu7vajT,"gameplay menarik, walaupun storynya kebanyakan yapping tapi kalo dari story utama Abosulte cinema (Minus gacha ampas dan bansos kikir)",4,0,,2025-04-08 12:03:18,,,
4131cc81-6665-49c7-93ed-6c4729981ff0,albirsaputra01,https://play-lh.googleusercontent.com/a/ACg8ocKpc5bA9PgD-3xkQMGmpyA-UWf4dC8syqWjdgl1mB6Hr3LXjA=mo,bagus,5,0,5.5.0_31400259_31451966,2025-04-08 11:55:39,,,5.5.0_31400259_31451966
7292974d-0dd3-45ec-8c0f-6b2166df0705,Ham Barrett,https://play-lh.googleusercontent.com/a-/ALV-UjUPuJnHrxTYfvFYDVmh11OFZ6uS553QwgkHvvLkJKXNNfzDMrg1,"Game bagus tolong perdalam lagi lorenya,terutama Lore Traveler",5,2,5.5.0_31400259_31451966,2025-04-08 11:25:14,,,5.5.0_31400259_31451966
475b6e92-9ae4-4626-a391-a1a4b44c5684,Alvino Ffa,https://play-lh.googleusercontent.com/a/ACg8ocJHLmRzRNvdsQPRdLwx6EZyXcySHpw_b6yvtljXz4qg4sKE7A=mo,"aku main sekitar 2 bulan,dan menurut ku ni game pelit bgt msa gk ada event Player baru gitu kebangetan bgt sih pelit nya.",4,0,5.5.0_31400259_31451966,2025-04-08 11:18:48,,,5.5.0_31400259_31451966
e9c764a3-48fb-4cde-ad47-9df5a8a7a79d,Faqih Asyraf,https://play-lh.googleusercontent.com/a/ACg8ocLUWMOYCq5nQG6irhVY6rVvEctHX34CmYVxoSUwNSCBKXla4g=mo,game ringan bagi Oppo a17 gua,5,0,,2025-04-08 10:46:56,,,
f4ad4930-65ce-4a2e-93c1-6ff830841db9,Adhitiya Pratama,https://play-lh.googleusercontent.com/a-/ALV-UjUXoOpzVqCH_WKnYcReJ346jX7B2Qt8zPPVMTFQhLFHZx7Y55LA,Already 5 years & no support controller for android 😑 Aether / lumine still no text why always little gremlin who always talks to much,1,4,4.4.0_20481013_20559831,2025-04-08 10:25:24,,,4.4.0_20481013_20559831
c11ec083-e6d8-469f-934a-4772fb0a84f0,Alfa Muhammad Rizal,https://play-lh.googleusercontent.com/a-/ALV-UjVNVZJMrA6ORSfTtcoVn1tG4es7ZC3sBDa3PEnNxbFqvBuPZaHF,"hard pity,bos terlalu susah,ga ada fitur bikin anak mohon lebih di kembangkan 🙏🏻🙏🏻",1,2,,2025-04-08 10:16:12,,,
b2c34155-d8f8-45fe-8d9c-fc87a5a4c083,Irfan ramadan,https://play-lh.googleusercontent.com/a/ACg8ocIsLyt-2SrmJVW5oQ1m-B75NvLROgNxhVnkw3jNmhUcVX4KPQ=mo,game terlalu banyak drama kelamaan download data sampe 3x nyesel gua udah download bangke,2,0,5.5.0_31400259_31451966,2025-04-08 10:00:28,,,5.5.0_31400259_31451966
bfb8b7d7-b4a9-4931-befa-f8ad8c894e62,Riko Firman Ardiansyah,https://play-lh.googleusercontent.com/a-/ALV-UjWaR5gQe3h4CykB1pdw7iGP32LVnZob3RLUweRCzpMQ7KM4TANW,tolonglah dipermudah untuk mendapatkan artefak yang diinginkan dan jangan random hadiah artefak (yang tidak tertera saat sebelum masuk domain) harus sesuai yang tertera saat sebelum masuk domain sehingga original resin (energi) ga terbuang sia sia,3,0,5.5.0_31400259_31451966,2025-04-08 09:48:05,,,5.5.0_31400259_31451966
179127e5-257b-490c-a321-cf8026967c92,13_ I Kadek Dwi Andika Prastya,https://play-lh.googleusercontent.com/a-/ALV-UjX5udOtQ0YmWUvuST5i9_fHSvuTlGwJRh_iKJS7sJN9JcYymety,sudah tidak seseru dulu main game ini,1,0,5.0.0_26041933_26161852,2025-04-08 09:42:18,,,5.0.0_26041933_26161852
d7ba7647-9c62-4ffd-8fa7-56e6f3314c98,Noval Adi Pratama,https://play-lh.googleusercontent.com/a-/ALV-UjUWqy3ZxHBxB1dJ3HMaBFEfyaWGab1hS1D4VJ00RFz23NhoeeNZ,"force close terus. padahal gak ada kendala dari kemarin, baru sekarang terjadi dah ku install ulang tetap force close.",3,0,5.3.0_29183395_29332470,2025-04-08 09:28:29,,,5.3.0_29183395_29332470
024d7b98-0a8d-49ec-a630-98fbd042b184,Dinda Sari,https://play-lh.googleusercontent.com/a/ACg8ocI7bwhOv0V0WBG88AoW57hGKe4WYYByO1fzoH-skcGm8jbEXA=mo,"recast Paimon, Candace, Keqing, Albedo, Sucrose, Hutao VAs dont wanna see them and hear their voices again",1,0,3.8.0_15672274_15939604,2025-04-08 09:03:48,,,3.8.0_15672274_15939604
6c564e8b-16fc-4235-9884-588cf7c77070,Zikri user fighter,https://play-lh.googleusercontent.com/a-/ALV-UjX47POM2lopDYTzjWOuiBbv54B2nLG6Ff0XX2j_w7RLzG6Z2hA,game kikir,1,0,5.5.0_31400259_31451966,2025-04-08 08:51:11,,,5.5.0_31400259_31451966
268553bd-bd9c-4d0f-97a7-3a7d4ea0c20b,16_Ivan _Rizky_Prabowo,https://play-lh.googleusercontent.com/a-/ALV-UjXFny2GM2hfBcF6CG66HAk-nBXuM6IbkFwoEHAFT3YxhqvlqUfI,Game ini mengajarkan untuk selalu sabar dan bersyukur atas apa yg kita miliki karena smuanya adalah titipan,1,0,,2025-04-08 08:45:14,,,
54551a7f-b8e9-4ecc-8511-63816f555d56,RR 27,https://play-lh.googleusercontent.com/a-/ALV-UjXautNJrm9EfTWknyZO6SOm7jX5ygsn7Ht7uKVXXNVWVzU_uEU,"gamenya top markotop lah story, gameplay, grafik, desain char saya suka semua konten end game nya juga lumayan lah gamenya bnr"" cocok Bngtt sma style bermain saya seruuuuuuuu Bngtt sih aplgi story nya, kembangkan trs mihoyo 💚",5,0,5.5.0_31400259_31451966,2025-04-08 08:19:49,,,5.5.0_31400259_31451966
f84cf4ee-b310-4490-ab01-fe930dbbb0ef,Keyvenlie,https://play-lh.googleusercontent.com/a/ACg8ocLncjDeO0IDFAsMnWZbnm-QaMQDrhvdElIABV5FcMR0qf1gmg=mo,Pensiun Dulu...🙏🥲,5,0,5.4.0_30057195_30231699,2025-04-08 08:09:27,,,5.4.0_30057195_30231699
12622546-8e6c-46a4-aebe-845d3e73d69b,ala kadarnya,https://play-lh.googleusercontent.com/a/ACg8ocLp2LTdHxdzoSjNjTddr9CfDreGA4yhWjCef0L4hYhEYfe18w=mo,"yg bikin saya betah di genshin itu karena storynya, saya berharap bgt buat leak nanti bisa lebih wow daripada sebelumnya, terutama dari segi skoring musik juga. sayangnya yg saya sedihkan dari awal hanya gameplay dari mc saja yg tidak seperti mc, dan sepertinya fem!mc sedikit kurang panggung, padahal pihak hoyoverse sendiri sudah mengkonfirmasi kalau dua-duanya mc canon.",4,1,,2025-04-08 07:44:23,,,
8a873f6b-1f6d-4633-b56c-7ef594d6fcef,Hari Rasmoyo,https://play-lh.googleusercontent.com/a/ACg8ocIV6MPAcZIW-u13bHl-xQMhvZ45EKEsuVPHIXWwMa7V0LQxTw=mo,game ya seru sangat menghibur😍😍,5,0,5.5.0_31400259_31451966,2025-04-08 07:43:13,,,5.5.0_31400259_31451966
595d9782-05b1-4430-8100-9702dd232baf,Irma Wati,https://play-lh.googleusercontent.com/a/ACg8ocIhEivDiYOOyjvU9_5oYzOX-pUCeeaO29xQ1BgHTm3B4M0BvA=mo,"bagus cuman menurut ku quest nya bosenin, dan juga quest yang cerita nya panjang terus primo nya dikit biasanya cuman 40 primo doang, padahal di dalem quest itu ada teka teki yang menurut ku agak susah.gacha karakter juga susah, dan hoki itu bukan buat semua orang. jadi kalau gacha terus ngerjain 10 quest itu belum tentu cukup. tolong quest nya lebih menarik lagi-,dan teka teki nya jangan terlalu susah🙏, setidaknya kalau mengerjakan quest yang panjang, hadia primo nya tambah...",4,0,5.5.0_31400259_31451966,2025-04-08 06:52:29,,,5.5.0_31400259_31451966
0e9a0da7-8560-4f39-b769-e34253900214,Arsa,https://play-lh.googleusercontent.com/a-/ALV-UjU3hxml0DFZ6v5grnrJm4jXgrgAheMTGl6qMPchR2FX_eUduok2,Game-nya super seru 😎🤿 Semoga semakin banyak player yang bersyukur 😅👾,5,0,5.5.0_31400259_31451966,2025-04-08 06:25:28,,,5.5.0_31400259_31451966
5da80bb1-8236-409c-bd48-a9f4e820a4fb,super saiyan,https://play-lh.googleusercontent.com/a/ACg8ocIRwqA42es8qqYlKaJk-2JnI3RN06ai4RhdjtVFwoTARfpDbA=mo,game lo gak ramah player baru karena gak bisa skip story kocak. capek kata player baru mending gak main,1,0,,2025-04-08 05:30:15,,,
d09d9f4b-4fa4-4b99-9c13-fef4e9113254,Ridkhily•-•,https://play-lh.googleusercontent.com/a/ACg8ocLc4BfAWJKhKZfYZVjrEPS6_u-gXlH9D4VuLBkZcxR3NeEVwg=mo,"bagus sih,tapi kebanyakan b5 perempuan kurang character laki-laki.",5,0,5.5.0_31400259_31451966,2025-04-08 05:24:47,,,5.5.0_31400259_31451966
70e4be4a-bb4b-4ab3-ae6e-7700f2639e5c,09. Firhan Dinata A._X-11,https://play-lh.googleusercontent.com/a-/ALV-UjWzTrzR0vCHM0KYjYeTPerrksD2A7W9gOpfK3_qqWeCiz4t-ufh,"device bagus tapi malas main, tapi Masi ada api yang berkobar untuk main",5,0,5.5.0_31400259_31451966,2025-04-08 05:15:43,,,5.5.0_31400259_31451966
fa36f29f-cc31-4ddf-b4b0-9b8251d6b227,Antoni G,https://play-lh.googleusercontent.com/a-/ALV-UjVsJJVi1SHOsqax3XTl4L59pPhq5jga3mY8lUUHk7Np8VzFtgKW4g,"GAME KEBANYAKAN YAPPING. EVENT JUGA YAPPING GAK JELAS DEMI 40 PRIMO. UDAH KALAH RATE OFF 3X BERTURUT TURUT, AWAS AJA GAK DAPET RADIANCE YANG KAU JANJIKAN ITU UDAH LAH BIKIN TAMAT AJA INI GAME DI snezhnaya dah capek gw main nya. mau pensi tapi masih penasaran 🥲. dah gitu aja makasih",1,0,5.5.0_31400259_31451966,2025-04-08 02:18:53,,,5.5.0_31400259_31451966
3ce73f70-46e4-4fdd-a878-db2054bfc42f,Velin Ditanya,https://play-lh.googleusercontent.com/a/ACg8ocICmXzSvAenOYfwk2tfNq38fNuDvYkklUY6TSlIaDugGC1W4A=mo,"bagus aku suka game ini 6 tahun saya memainkannya,laluu saya selalu menang rate on,oke lah",5,0,,2025-04-08 00:52:15,,,
b3f3db3d-ed3e-4d1e-8df3-7b2bfe6df0c8,hafif Dhirendra03,https://play-lh.googleusercontent.com/a-/ALV-UjU55jQX3zUyErNWBYQ34EFjxFLoci6g6d_lolF64L18j9SjlCw8,menang rate off 3x 😁,5,0,,2025-04-08 00:52:08,,,
79457a55-3bbe-4671-9c13-76089017f13b,Danang Fatahillah,https://play-lh.googleusercontent.com/a-/ALV-UjWyFzn29hJeNgUzsJuppVCIcO8GXXVhm5G5t4sJUntnMXJiZFPI,"bosenin, mid story",1,0,,2025-04-08 00:27:38,,,
6c8fa19b-8179-49bc-a073-c29164dd95f8,Katee,https://play-lh.googleusercontent.com/a-/ALV-UjUdo0dFtY5HFbam7rQQm5ZPlpmN0Fx1YOXpq98kMLt63sjTYpPsBw,game puki,1,0,5.5.0_31400259_31451966,2025-04-07 23:55:06,,,5.5.0_31400259_31451966
6a028686-8d02-4977-a60e-9a4b7b655d46,Murata,https://play-lh.googleusercontent.com/a-/ALV-UjVwalw-lkO3Trc2FSI1ZkOBSuyGnk7lH0LTx9ilcz-OnHz_g3bj,selama masih bisa di hp kentang nga ada keluhan yg berarti thanks,5,0,5.5.0_31400259_31451966,2025-04-07 23:26:48,,,5.5.0_31400259_31451966
b4185862-dd26-4c3e-a296-659cce44c579,Shou To,https://play-lh.googleusercontent.com/a/ACg8ocKngqxZmPTZjglc1Dgh3-Db-URtcUX74MXvWU4SNIlbLoc2KQ=mo,Kata gua sih ini story nya udah bagus dan keren. apalagi design karakter nya yang sudah sangat bagus.,5,0,,2025-04-07 23:14:32,,,
f29d51c5-9770-4b81-879b-344593ec40a7,Gideon Pariangan,https://play-lh.googleusercontent.com/a-/ALV-UjWGvZPSZTSFe9f9xtel7-hKj48v6uViuhDoGhovxTFag7rSXv0,Untuk sejauh ini sudah beragam serta adanya 7 elemen yang berbeda memungkinkan untuk membuat beragam team party dengan elemen reaction namun ada satu kendala krusial yang sering dialami kebanyakan player dimana resource yang di perlukan untuk membangun stat suatu Karakter itu sangat susah ditambah dengan durasi resin yang begitu lama untuk bisa max dan artefak karakter yang sangat susah untuk bisa didapatkan dengan stat yang di inginkan.,3,0,5.5.0_31400259_31451966,2025-04-07 22:59:33,,,5.5.0_31400259_31451966
97c9f29f-968f-4234-9965-592f3dc22568,nazwa erika,https://play-lh.googleusercontent.com/a-/ALV-UjXy7VDlZRuAj-sbHe0WQhgCvHxWex3o0mfjHaY7c2YF2NNGN8M,bagus,5,0,,2025-04-07 22:47:35,,,
30855d93-d6e2-4a8b-8480-8eaf3b9c8c5b,Sann,https://play-lh.googleusercontent.com/a-/ALV-UjV7pvGV2P5wW36gutA-zWnl99uGtijstySJZxvZKQXZ3_tt0O2L,"Overall bagus, tetapi kadang dalam quest karakter menjadi bisu dalam english voice, dan tolong quest langsung saja ke intinya tidak perlu banyak teks agar tidak bosan😑",3,6,5.5.0_31400259_31451966,2025-04-07 22:06:18,,,5.5.0_31400259_31451966
20ee3246-4bab-48f4-8f31-7b5c38e54e37,Aditya018 Aditya018,https://play-lh.googleusercontent.com/a/ACg8ocK_QTqTV1DGJG7b1EWZLaTbP1IXwiBlcbULxiNbTHlGYhGerw=mo,"It's boring, every time there's a new female character, you should also make a male character too, it's cool",2,0,,2025-04-07 22:01:38,,,
73bd35c8-0af0-4332-b1dc-b813bb501373,NOLEPnoCRY,https://play-lh.googleusercontent.com/a-/ALV-UjXW9dWKBMYiYG8nAi3LwUjfvhNuH4MuorT1OsV-Xq40EpyaR5Ln,"AKAN GW MAINKAN SAMPAI TAMAT, APAKAH PERLU 1 DEKADE LAMANYA?🤔",5,0,2.3.0_4786731_4861639,2025-04-07 21:50:27,,,2.3.0_4786731_4861639
70f41901-4634-45dd-b107-14d2267ab318,Kuculll Pepeksss,https://play-lh.googleusercontent.com/a/ACg8ocIz3cWu7nmJ8S05SFaTDUVlfU4VNDZD-q6dXYrJQDI9NAMZIg=mo,kurangin gb nya woiiii,1,1,,2025-04-07 21:50:26,,,
96e88a0e-ad9c-4268-aa79-173b8c254416,Nasuha Munir,https://play-lh.googleusercontent.com/a/ACg8ocJXUhcHsXkvZVgG-mlHGKLBIf3wSWI2VOVlmEEQ8Tg2-5wOqg=mo,bagus banget gamenya,5,0,,2025-04-07 21:49:31,,,
1addd15a-ba15-4b8b-af5d-eddaccce9784,Safa Athaya Zahwa,https://play-lh.googleusercontent.com/a-/ALV-UjWzaR6YEtypxkNnC1HDlNs_2KC1n677B_QSx2cc3aDblLkyaI78sw,kikir skrg gw g seneng sm genshin skrg aku kangen genshin yng lama.,1,1,,2025-04-07 21:44:48,,,
4259b9f3-a893-4153-b359-9e7eab832843,Zahra Xzy,https://play-lh.googleusercontent.com/a-/ALV-UjVfeL54nu3n-7JHmhBm_UE9pVwhwdiJsNGR8sWew3fB-A8EPyE,"seru parah jir ni game, karakter nya juga wangy wangy, ganteng ganteng pulakk 😋😋😋",5,0,,2025-04-07 21:37:31,,,
bc914f6d-d961-4792-9947-43da27849740,jerricko edric lim,https://play-lh.googleusercontent.com/a-/ALV-UjWS1dDIKvlho47ACRyWWPrEGj-uMB0oSAGIV5Bs4qmpuLnUufIb,bagus,4,0,5.5.0_31400259_31451966,2025-04-07 21:36:17,,,5.5.0_31400259_31451966
83579f9f-ade6-4291-8434-6fbd14528872,Cuenk Smile,https://play-lh.googleusercontent.com/a/ACg8ocKsdqPkKY5DzLIwAW1HynHA6hODZtuL9HGcOPChprs0VzXsmg=mo,good,5,0,5.5.0_31400259_31451966,2025-04-07 21:34:48,,,5.5.0_31400259_31451966
5e0468fd-aadc-4290-a745-9d8a30a9123f,Adit Miko,https://play-lh.googleusercontent.com/a/ACg8ocK5-lmLNMuU8Z0wwoGlBAwJ4DakGIwVP29KQ6cXqC-ftuMBcA=mo,"tadinya sih saya kasih bintang 1 tapi sekarang kasih bintang 5 karena ternyata mihoyo kasih aku menag rate off 2 kali di banner furina ama sign nya, sama mihoyo update map terbaru Nathan 5.5 gokil banget, primo nya juga banyak, gini kan enak hoyo",5,0,5.5.0_31400259_31451966,2025-04-07 21:33:24,,,5.5.0_31400259_31451966
ba28181b-81cc-4ff4-9585-2abe11cc766b,adry ardian,https://play-lh.googleusercontent.com/a-/ALV-UjXSZruRXsHM0Vn36uq6FEX4wv5gMIRxWxmtJHMXRleaBoJaRfpIdg,akun gw ilaaaaaamg!!!!!,1,0,5.5.0_31400259_31451966,2025-04-07 21:18:03,,,5.5.0_31400259_31451966
1c832224-98d3-4791-ac85-a4564b07453d,Hansel Hansel,https://play-lh.googleusercontent.com/a/ACg8ocJvbyte6K0rHRDtyWA8TlWEdO1X5uoecw9JxlPWbvZLruFz3A=mo,i like this game,5,0,5.5.0_31400259_31451966,2025-04-07 21:08:48,,,5.5.0_31400259_31451966
9ae54592-68c0-4e86-bce7-0ed3de096258,Naufal Zein,https://play-lh.googleusercontent.com/a/ACg8ocIe0XgHEhVRg1KWkW8OaCuPl2nimbLMyisBs_hVtXUy9tW8DA=mo,mantap grapik nya dan oke dari segi game play nya minusnya cuman karakter gratisan nya kurang banyak👍🏻,4,0,5.5.0_31400259_31451966,2025-04-07 21:05:31,,,5.5.0_31400259_31451966
b5c0369e-8012-47a6-94f3-251addd59dbe,Yohanes Arjuna,https://play-lh.googleusercontent.com/a/ACg8ocJHShAjKHcDakP3j7ldFwz3RPDRQAf59IW-6mjcR3Egnhcprw=mo,"Laen kali kalo anda hoyovers ngasih bansos yg cuma sedikit minimal dari gachanya jangan hard bngsat, beda bet Ama sebelah udh bansos bnyk gacha juga ga pelit char limit, smph",1,1,5.5.0_31400259_31451966,2025-04-07 20:56:47,,,5.5.0_31400259_31451966
66499517-cc20-4e8d-9a9e-9ad5c2d73380,Rehan Kusuma,https://play-lh.googleusercontent.com/a/ACg8ocLdmvcgE3mWpREe4r2rZ4fUNmQHsLTbkhjPrG8ajna4aALxIg=mo,bagus tapi nyusahin,5,0,,2025-04-07 20:55:53,,,
d5312bb7-003a-47a7-9fd7-4e91e3793708,Refa Tuigelar,https://play-lh.googleusercontent.com/a/ACg8ocKQXd0vJDyYju2B5J9uRiQ0w2-gaVUY7NM1s34zeMbTCnnZJw=mo,apri,5,0,5.5.0_31400259_31451966,2025-04-07 20:52:38,,,5.5.0_31400259_31451966
64094cf0-f3a9-4117-b738-ae156d0cfe92,Eca Jenifer,https://play-lh.googleusercontent.com/a/ACg8ocLsI7JpeDqBy1Kdwla1YC12_OGnwmOy4xNCcBxntCeklAEVR4Go=mo,game nya seru,5,0,5.5.0_31400259_31451966,2025-04-07 20:45:36,,,5.5.0_31400259_31451966
364b5947-9c0f-4031-b1cc-dee0d80205d6,floren sius,https://play-lh.googleusercontent.com/a-/ALV-UjVzNE2lko2NRKiJv7sSlqIJrG3l4ybrHmHeRAyq-H8zPn_g1rU7,saya sudah lelah dgn karakter famale di setiap update,1,0,5.5.0_31400259_31451966,2025-04-07 20:37:37,,,5.5.0_31400259_31451966
9024d0cc-acb9-4f5d-ab13-a0e211ceb955,FANZZ GW,https://play-lh.googleusercontent.com/a-/ALV-UjXZIX2Ahj73mPTU-ZoUxk6T0gPoZxTx71ud43ZCK-VkMWj1OMQ,game kikir,1,1,,2025-04-07 20:32:48,,,
d598bd74-da74-457a-bf0e-c874a0aa5538,Rama Laksana,https://play-lh.googleusercontent.com/a-/ALV-UjUkMFezwDAIeJ7y8w7CyWYh1S7pX8UyHN-mdfyvjoyruUd_7j_O,"kikir baget dev nya,gk dengerin player nya",1,0,,2025-04-07 20:06:15,,,
35544185-9a22-4307-8a10-a21202942342,Dimas Rizki Mahardika,https://play-lh.googleusercontent.com/a/ACg8ocJxX40YxqgVKGr3lBpjBax8EKAA-KFwMF3e0lxirXeLaCVARg=mo,"aku bingung harus menuliskan apa jadi langsung saja ke intinya, dan intinya genshin impact adalah game terbaik yang pernah aku mainkan",5,0,5.5.0_31400259_31451966,2025-04-07 20:01:43,,,5.5.0_31400259_31451966
312b2154-a281-433d-b7da-f1eca2f4db02,psM daRin,https://play-lh.googleusercontent.com/a/ACg8ocLtAznX0tYxuKKqeCinWawZH5IV5UJOurILzNquEXcgltBeXw=mo,saya sudah bermain 2 tahun.selama main saya enjoy saja.semangat buat perkembangan developer👌,5,0,,2025-04-07 20:00:26,,,
48319eac-37e2-4d74-a427-df5792e85017,Kacang Kuaci,https://play-lh.googleusercontent.com/a-/ALV-UjVL_1ZFXsD4blUH4nbwQtWlwXC2Mzqh0YxAd-ASnZO7B0saffo,"terlalu berat, game nya juga kikir g seperti adek adeknya. tapi tetep gw mainin 😹",1,1,,2025-04-07 19:59:51,,,
234ff77a-9a1f-4d27-a43c-7a3c22d0e297,Aprillius Ilham.s,https://play-lh.googleusercontent.com/a-/ALV-UjUIHzVRy1DDBVF8QYfmLvZiLEaNRDQ0MUWocc_NMV9_BA-116hw,"dadah game kikir, saya pindah hsr aja 🗿",1,0,4.6.0_22174900_22378599,2025-04-07 19:54:53,,,4.6.0_22174900_22378599
4cf9f4f4-93d1-43a0-a03d-879a304a9acb,Jagat Abdul Rajib,https://play-lh.googleusercontent.com/a/ACg8ocK0Da0HC-f8j5PnyUTGGWw_EoLw7qLwqnRXgcy4L7hARlCzUg=mo,nice,5,0,5.5.0_31400259_31451966,2025-04-07 19:19:19,,,5.5.0_31400259_31451966
60464f93-33f4-47b1-a684-df2a908dda28,Suherwin,https://play-lh.googleusercontent.com/a-/ALV-UjVYOXepst2LES74ZvkzV5e_EIsk5MxD5OdDgCUZHupSYuV2YNsh,game hd,5,0,,2025-04-07 19:11:58,,,
a505f664-35f7-41ab-aa71-fd7324431c24,Sheyla Sheyla,https://play-lh.googleusercontent.com/a-/ALV-UjV-Rs6y6ob0sDqpGn6ZFL_GCrZ0DX_tSoysxE6Oa0MWF0YrAPs,"udah ok banget grafik gak perlu ditanyakan,quest natlan baru baru ini juga bikin merinding,karakter natlan juga semuanya berguna banget ngebantu eksplorasi,cuman... playablein lah capitano mas hoyo😭 gagah gitu masa gagal playable sama fitur skip juga",5,0,,2025-04-07 19:02:05,,,
ffffa9d9-a9a4-4110-a308-d031fc54e206,Muhammad Iqbal,https://play-lh.googleusercontent.com/a/ACg8ocKJRSejOO48SavA62_kRURWN-0bX-xfAB2FV9dZ-4h-xZsW0A=mo,👍,5,0,5.5.0_31400259_31451966,2025-04-07 18:59:29,,,5.5.0_31400259_31451966
c05917cb-e47a-4497-9fa2-8057404b22bb,GTXpebrian,https://play-lh.googleusercontent.com/a-/ALV-UjUKDpF3edIqeBrB0gvROkMoNSQfY6Gfe1-6NdMvbaJyLWdDi0g,gua akui ini game paling bagus saat ini 2025 menurut guwe tapi yang gw gk suka dari game ini soal artevak nya sub stad crit nya susah banget di dapat dan kalo kurang crit otomatis damage nya gak ada ditambah resin harus nunggu 24jam dan farming artepak pun tidah cukup dengan waktu satu hari dan biarpun dapat artevak bagus tidak menjamin yang naik itu crit itu aja permasalahan yang saya alami selama main game ini oh satu lagi game ini hanya untuk orang sabar ya kalian butuh waktu nertahun tahun,5,2,5.4.0_30057195_30231699,2025-04-07 18:55:15,,,5.4.0_30057195_30231699
9002b10e-a7f8-47c3-aa0a-f3722af76953,Nur Maulid,https://play-lh.googleusercontent.com/a-/ALV-UjVJ_-vXcGLusiU_Kdfl_Bi0cy1VX8VzHxg74Qey_TDlR1MJiQpU,"game nya kerennnnn bangetttt lup"" dehhh🤩🤍",5,0,5.5.0_31400259_31451966,2025-04-07 18:27:40,,,5.5.0_31400259_31451966
3d839545-dfbf-401a-81f7-d4f3dda504ad,Dinar Vania n.,https://play-lh.googleusercontent.com/a/ACg8ocI4G7vQh9P8Fp-u3utBCWCqj0GJOWLuvf--JBAJMWI1elGjeA=mo,seru,5,0,5.5.0_31400259_31451966,2025-04-07 18:20:06,,,5.5.0_31400259_31451966
40d671cf-69da-456d-94bd-9b8027c45ad9,Liaa Official,https://play-lh.googleusercontent.com/a-/ALV-UjXFia0Ux6AzPnIO4xIRis2SNLPUCrxRLsnHrU52fqmM-rSARXw,GAME NYA KEREN KAKKK. BAGUS BANGET GRAFIK NYA!!!,5,0,5.5.0_31400259_31451966,2025-04-07 18:18:12,,,5.5.0_31400259_31451966
c674da3b-05a9-4047-a1f8-a1364c4277b3,Ikhtiar Ananda,https://play-lh.googleusercontent.com/a-/ALV-UjXXUw5RPfRy5F4KFgidaKq1MFfSgbJKDZtIJakVfNXgv18lq1V1,ko gak bisa buka keakun user email tolong diperbaiki,2,0,1.2.0_1565149_1627898,2025-04-07 18:16:48,,,1.2.0_1565149_1627898
6d0e697f-df76-41e2-a4e0-7448b448d7e7,Opw Ares,https://play-lh.googleusercontent.com/a/ACg8ocJjR0HoKZOwp37Dj2oPYN9wS5Pw_nOnFGFtjv1QjW2ds1HURA=mo,Good game,5,0,,2025-04-07 18:11:03,,,
3a871b38-5d53-4292-b66d-e5a754c0d254,Romiko Putra Ahmad,https://play-lh.googleusercontent.com/a/ACg8ocJ1IFoNAEvGlP5aEIg4QJ72n7Y-riX-XW_GLeKIIdnV9OkOmw=mo,Ok,1,0,2.6.0_6179196_6305792,2025-04-07 17:53:48,,,2.6.0_6179196_6305792
ad62ca01-8753-4634-ad98-1a6b41d2bf77,Paris Aldo,https://play-lh.googleusercontent.com/a/ACg8ocJzBFhMV6XViGSUaby9PTpNeB58aJNl_u8Ob6D0P3ZcIRkkBg=mo,"Segi Quest Oke Tapi Pas Main agak Frame Drop karena settingan Grafik HD atau tertinggi. Karakter lumayan banyak, Archon quest bagus, Dan world questnya. Kurang. karena GK ada suara. jadi kurang seru gitu apalagi suara mereka kayak gimana gitu. mungkin hemat budget? gk tau tapi. walaupun. Lumayan seru Explore map Bareng temen. walaupun begitu moga aja update lebih bagus. aja. Nyari Primo aja susah. sih. dan mengoptimalkan versi android soalnya kadang lag apalagi hp gw spek tinggi masih lag",5,11,5.5.0_31400259_31451966,2025-04-07 17:44:48,,,5.5.0_31400259_31451966
1b1c9a07-8641-4337-861f-f541960a1479,Bleziy.,https://play-lh.googleusercontent.com/a-/ALV-UjUGzVTkhaAnrbRzRxhMnf-JwWpxEOnO1Jl1KozK-Aso1jC85Eg,kikir,1,0,,2025-04-07 17:43:34,,,
683ad850-9895-4a23-ae08-c9c66cab3c43,Reza,https://play-lh.googleusercontent.com/a-/ALV-UjXDAhT5GyTB0ECr-za9xPKqwbRrPN9N5J1ECAniKMTZJ2HUVrY,seru,5,0,,2025-04-07 17:36:33,,,
c435eb86-daf6-4f90-a4fa-8b699fc6e270,Indra Muslih,https://play-lh.googleusercontent.com/a-/ALV-UjWq2f02xcMND2-aFJ9jV5XGTYsTmpHpokhC7kh3F7-PxwN0dsM,developer kikir,1,0,,2025-04-07 17:36:13,,,
92e5323a-2b3d-472c-b88c-86ba09d867f3,Ririko Suzie,https://play-lh.googleusercontent.com/a-/ALV-UjUBldil245Ev10dMBDxp6ZKK8cdM9Z4ZSevIwToAFxkWhibt7U,gema nya bagus banget tapi tolong kasi aku sprail gratis hoyo,4,0,5.0.0_26041933_26161852,2025-04-07 17:13:58,,,5.0.0_26041933_26161852
6ae218c1-5206-4502-911b-035550b7455d,Afsi,https://play-lh.googleusercontent.com/a-/ALV-UjV6hRsLzGUhbNiMziKgkCbJV0nFjRVJW_cz6v0xpBU_7En1SHc,Woi kikir perbanyak bansos nya gua juga pengen dapet hero yg meta,5,0,,2025-04-07 17:10:38,,,
514a214c-372a-42f7-9b0e-291e45042e39,Farel Novio,https://play-lh.googleusercontent.com/a/ACg8ocL1FD4HVS3xJ3tEjsF6yTkQX4gx9-tPHt3Z2wjPPozHoqai_g=mo,bagus bet,5,0,5.5.0_31400259_31451966,2025-04-07 17:03:49,,,5.5.0_31400259_31451966
3a37c7c0-21dc-4b12-9d26-d98967139ead,Keiraa ariifaa,https://play-lh.googleusercontent.com/a-/ALV-UjVcC7K_JfdSvUd5PjGATk0u-h3q8xq8Qn4AMT3EacMGhFj2sps,ok,5,0,5.4.0_30057195_30231699,2025-04-07 16:58:52,,,5.4.0_30057195_30231699
f4f9a5ce-f47c-4c39-8b8a-0f8cce1cadf0,m bowo,https://play-lh.googleusercontent.com/a-/ALV-UjXtF3TRpzdn8nr5_mdRzdNvN_jTebvFV6bxg5hSoNXH-b0r2Pst,scam,1,1,,2025-04-07 16:58:40,,,
7649c916-ddf5-480f-8d70-5b2db4abb105,Febriani Setyo A,https://play-lh.googleusercontent.com/a-/ALV-UjXDozjdgkiYiLtM6DfmTJU4b9t4YHVszQ6_HQg57S5GdQMb8wOa,I got pain from co-op,3,0,,2025-04-07 16:44:31,,,
6ec3d8c0-0ec0-4c3b-9774-a25555bf4c60,Sebut Saja Fanuel,https://play-lh.googleusercontent.com/a/ACg8ocJ4JeU4QfxXGXm8hj4sxxCzA4RQ9Pfm24iu5oEAzlNyDdTgWQ=mo,"bagus, kalo bisa lebih di perkecil lagi size game nya",5,0,5.5.0_31400259_31451966,2025-04-07 16:44:30,,,5.5.0_31400259_31451966
1d756d0e-4f7b-47d0-9b9d-c9fe6b3ea7e0,Firman,https://play-lh.googleusercontent.com/a-/ALV-UjVhpHBJg_et7zr1mP9_18AIELE9FThyFqtzkh3ZkalHD2SriZcm,Ngebosenin,1,0,4.8.0_24603909_24822834,2025-04-07 16:30:38,,,4.8.0_24603909_24822834
55aa5ca7-1d3c-4d40-9aff-2ddfa3c3b2e6,Rafi Aditya Nugraha,https://play-lh.googleusercontent.com/a-/ALV-UjVFA4903Mbo4APfJTtUtEuygKui496B5xNaJrZrmy70HpJrdgwn,perkuat lagi soal koneksi,5,0,5.5.0_31400259_31451966,2025-04-07 16:23:15,,,5.5.0_31400259_31451966
cccb250a-65ca-4d06-9c4e-730c8180a42e,ZennnKAY,https://play-lh.googleusercontent.com/a-/ALV-UjUoWfN-EwQkvETKutT9upoAl8BtyoWp8YUmWXlLjddGOGUSIXjw,i love this game,5,0,5.1.0_27118081_27297621,2025-04-07 16:21:05,,,5.1.0_27118081_27297621
e4aa3606-2620-49b4-ab26-abe3485ed944,Agig Escobar2,https://play-lh.googleusercontent.com/a/ACg8ocI9nsw2ClA6VG_LL0R8nDnJc03MfbkTHqQCsLNvU3AUnIbRQw=mo,Tolong dialog jangan banyak banyak,5,0,,2025-04-07 15:58:52,,,
138650fd-d48c-461c-9bc7-c0ec37722273,Gilang Prananta,https://play-lh.googleusercontent.com/a-/ALV-UjUmBU4eHrG37rb2Fz9SXW_FGhY_M4-wQtzwteO0sxcUObjio2Ni,kapan Mondo dapet story quest,5,0,5.5.0_31400259_31451966,2025-04-07 15:50:18,,,5.5.0_31400259_31451966
0b00bd3e-0802-49fa-9810-1bc49e14b1a2,abdi saputra,https://play-lh.googleusercontent.com/a/ACg8ocI4yw1vKXJrk2NUpJBuBjreOxQHyY5MyyZ1HXVt6C1cYKcl7w=mo,mantap,5,0,5.5.0_31400259_31451966,2025-04-07 15:28:30,,,5.5.0_31400259_31451966
7fc62dae-5ffe-41e0-9a87-004772a88fca,BARU NYOBAIN,https://play-lh.googleusercontent.com/a-/ALV-UjV3XuZ9YHT0KQyy6swYgZ1EKYWpRQ4zv45p_tM2t6wLMV8ATug,"dengan berat hati saya kecewa terhadap pelayanan CS karena lebih memihak scamer dari pada saya, ketika saya menjadi korban penipuan akun🙏",3,0,5.5.0_31400259_31451966,2025-04-07 15:23:49,,,5.5.0_31400259_31451966
8b44d107-2910-479b-92be-3992c3bb147a,Joe Jansen,https://play-lh.googleusercontent.com/a-/ALV-UjXp22MYoXsAKWXrrxV_HyUfFGggGMwFzPrpn5FagMrH7A6nAzPr,game favorit,5,0,,2025-04-07 15:16:57,,,
2aea5023-5864-45be-9674-46c6d4da84c3,Ananta,https://play-lh.googleusercontent.com/a-/ALV-UjXpY9QO0w103OzhuH9CJCapL_ciDkf9JFF8hXFk0-RhjVoYVvk,"tahun 2025 masih main game barbie yang gak ada peningkatan kualitas dan minim QOL? story tidak menarik, gameplay keren tapi monoton dan lambat? devs kepala batu yang hanya peduli komunitas player CN? ayolah bung sudah banyak game anime-style rpg berkualitas yang sudah maupun akan segera rilis di tahun ini, tinggalkan saja devs rakus ini.",1,1,,2025-04-07 15:03:41,,,
b3953b2e-7c1f-424a-aec6-d85c3cc64eef,nindi,https://play-lh.googleusercontent.com/a-/ALV-UjXoUB9GBPNyZmuWAy-KjnRxQSEIHvxlvAtEwhdeKYPxUBm1Eart,"masa tiap selesai update versi hp harus selalu kompilasi shader mulu, niat main malah d suruh nunggu lagi😮‍💨",2,0,,2025-04-07 14:56:12,,,
f792954c-f2ed-4a6d-848f-fe9f7ee89125,iman fadil fadil,https://play-lh.googleusercontent.com/a/ACg8ocJPoH9SOJQUCXOMBBaWlZlcrbDdBv2HggYIYHfVnhZbal_v=mo,bagus,5,0,,2025-04-07 14:12:21,,,
5e678e9b-a86d-416e-ab94-f35c042c9cd5,AReVn.,https://play-lh.googleusercontent.com/a-/ALV-UjWkE1WpVRBDYj0x86XBucGZe9u2L8KK8Qu3w3F5dJQf0YpptsHz,"Game yg sungguh luar biasa! Dunia yang luas, karakter yang unik, dan gameplay yang seru membuat saya tidak bisa berhenti bermain. Grafik yang memukau dan cerita yang menarik juga sangat menyenangkan!",5,0,5.5.0_31400259_31451966,2025-04-07 13:58:39,,,5.5.0_31400259_31451966
89966b0b-fa78-45f3-8dc5-c794a6ceaba2,Mochamad Ramdhan Arraya,https://play-lh.googleusercontent.com/a/ACg8ocLc7iqW_Hr1AQpsTTzSJShh50CoTOol9lag2SnqbV9QRMq2b8Nj=mo,wellplayed,5,0,5.5.0_31400259_31451966,2025-04-07 13:47:57,,,5.5.0_31400259_31451966
8c1df5da-856b-4c96-96bc-46b659d2e8e6,imxrtno,https://play-lh.googleusercontent.com/a-/ALV-UjWpCGl23WHZhgw3Q2kukGse5DP7XKQaNothvA_HkK01GYaqVxIw,trying this game to see how bad it actually is😈😈,3,0,,2025-04-07 13:07:12,,,
2c68b0b7-e925-43ae-85dd-bdc09ff9b89f,NaufalSyah CH,https://play-lh.googleusercontent.com/a-/ALV-UjWJ9OM_hG9ikpTXFW57qq_t2z_d1dZrkTAxadz4HtiHdTTDK6xj,"farming artifact sangat buruk, dikasih stats deff % terus, dengan begini penggunaan resin akan sia sia",2,6,5.5.0_31400259_31451966,2025-04-07 12:57:17,"Halo, Traveler! Traveler dapat melihat aturan sistem Wish di bagian [Rincian] pada halaman Wish. Jika kamu memiliki pertanyaan tentang perincian dari aturan tersebut, silakan hubungi tim Layanan Customer Support kami melalui feedback in-game atau melalui email.",2025-02-21 16:08:29,5.5.0_31400259_31451966
b090ce4d-da6a-4a1d-a674-87ef4e06e7e1,Lugi Dwi Silva Giopani,https://play-lh.googleusercontent.com/a-/ALV-UjWohldcaPmMdE-aFpZTqkXA8pQpNyfDnn-LrsBCh-7G2dHakQQ,"Bagus, gamenya sangat good vibes",5,0,5.5.0_31400259_31451966,2025-04-07 12:33:32,,,5.5.0_31400259_31451966
02fe511e-460e-4e09-a927-bcd345e94794,Seika,https://play-lh.googleusercontent.com/a-/ALV-UjUSDkQta4j57f1I1z6XLkWp2BDrLFs0mZpYYUF_WxChMo-Esk0,Gk ramah,1,0,,2025-04-07 12:20:53,,,
d5a018c8-7421-4fb3-9ae9-2c4f1fc2ea60,Agung Fadillah,https://play-lh.googleusercontent.com/a-/ALV-UjWVjAUl9SC3sNUimXYpR7ubiz0JlwkY5icLTpYIPdmAV7IG_j_V,"Sumpah, game apa sih ini!!? Gacha senjata gak dapet Mulu! Asli pisahin Napa tuh banner signature weapon!! Fate poin juga gak guna !",4,1,5.5.0_31400259_31451966,2025-04-07 12:19:06,,,5.5.0_31400259_31451966
38b34f50-84e9-4611-91c9-eabfd20edb9f,Gamer Girl,https://play-lh.googleusercontent.com/a/ACg8ocLIgfKCRwhgevBPTT_UkApbRfZCu15PG5i92OAXcHsMZIhGbw=mo,Good Game 👍🏻,5,0,,2025-04-07 12:11:16,,,
4cd91f23-2a68-4a79-b127-a49b7ce476e3,Fadhil Raziq,https://play-lh.googleusercontent.com/a-/ALV-UjUTsrkj76ZE4sKM1LVDKrbWbtBmC27Q0rw6bpPHDzucATuimhug,bagus,5,0,5.5.0_31400259_31451966,2025-04-07 11:44:53,,,5.5.0_31400259_31451966
25bb72a7-bf76-434d-adab-b29c8050a1a3,Bury,https://play-lh.googleusercontent.com/a-/ALV-UjVpTpc5Un_g-FInSHyxEUbiEr7HIlywJUl14eR3ifMompxHScky,jelek,1,0,,2025-04-07 11:36:47,,,
8f897297-4713-4cc5-87e3-3b216d876749,Ashley,https://play-lh.googleusercontent.com/a-/ALV-UjUWFkyKdbS9wzhvp_qS1HZ5UmyMk045_gYEu01BJeNHSK_e-Yd7,"game gg anjir karakternya cakep semua nghh, seru!",5,0,5.5.0_31400259_31451966,2025-04-07 11:22:11,,,5.5.0_31400259_31451966
adfa46d8-993d-4c0d-8148-560040c66c77,Aira,https://play-lh.googleusercontent.com/a/ACg8ocKbY4oiInDXNGykVt0kvlTz-0V-eFPuQMWE6BT_LdaO2tl_8g=mo,seru banget!,5,0,5.5.0_31400259_31451966,2025-04-07 11:22:03,,,5.5.0_31400259_31451966
632ddaf7-242a-4214-8f2b-8cc64fb56f12,Rizki Jaya maulana,https://play-lh.googleusercontent.com/a/ACg8ocKMPgmiIK0Gp3XI9s5It_CvsUi0XVj60zKnZzztBp1IgWlLfw=mo,"tunggu gw beli hp baru lu ""hp gw kentang"" gw balik lagi maen game ini",4,0,,2025-04-07 11:18:16,,,
a6f87b33-592b-4fb0-be3d-fef5c3daf091,Mokhammad Hatta,https://play-lh.googleusercontent.com/a-/ALV-UjVpV32SNdqD2JGqQM2BmKfnvXj0OVVoe8WvsouPhrZHqBkhHsGN,ceritanya sangat bagus,5,0,5.5.0_31400259_31451966,2025-04-07 11:13:36,,,5.5.0_31400259_31451966
35abb9f6-6a23-492b-b91c-4e51668cfbc3,Dz4rK Sensei,https://play-lh.googleusercontent.com/a-/ALV-UjWG8gRmZzAP2ztHjweCzDcMI7tTHrCzGiU0W_8LjgYs3uOYPI4,bagus banget saya jadi nolep di rumah karena game ini,5,0,5.5.0_31400259_31451966,2025-04-07 10:56:39,,,5.5.0_31400259_31451966
4b09b097-a9a1-4ca1-a8b1-85424b72a189,Anwar Nano,https://play-lh.googleusercontent.com/a-/ALV-UjX7SFdz1R5HQhUMxDtTqdHA58_1MNG-cPQQH6RtJY3Z9wSaO5h1,👍👍👍,5,0,5.5.0_31400259_31451966,2025-04-07 10:47:06,,,5.5.0_31400259_31451966
1d81a46d-8caf-4d69-822b-962aedf6a25f,Gazali Ramadhan,https://play-lh.googleusercontent.com/a/ACg8ocKCCUV5SSfwcXMj84NIVPyvwOxCVVZxBwJcIBaYUi35u4Q2SA=mo,good,5,0,5.5.0_31400259_31451966,2025-04-07 10:41:03,,,5.5.0_31400259_31451966
11477471-5773-48a4-b71e-b58d368100ef,Sachea Dandelion,https://play-lh.googleusercontent.com/a/ACg8ocKZGUHuBzNY1iQUS0a0qwySxdL-O3QaJR7E3WVtIOwmdwUynQ=mo,membosankan☝😌,1,1,1.6.0_2961400_3070488,2025-04-07 10:28:31,,,1.6.0_2961400_3070488
d6b89b60-3c62-4b2b-bbbf-508b6e941753,sandi prayogi,https://play-lh.googleusercontent.com/a/ACg8ocJ8ycUdq6UskFz5gCrmDq-AXP9l85kozr-0-kkqEhd01EHTtg=mo,"lumayan,kurangi yapping di story",2,0,,2025-04-07 10:26:17,,,
a45f47bf-38f1-4cf3-9c96-d5370ad730fb,Kirraa Dinaa,https://play-lh.googleusercontent.com/a-/ALV-UjXObbs8hBPbqgg0tUrCujtyJ_GQ7KNN7FsFSatrw33C5F6QOUE,kinich nya gntng bngt bjir,5,0,5.5.0_31400259_31451966,2025-04-07 10:16:22,,,5.5.0_31400259_31451966
ba11253b-00a3-4751-ab19-0b8e7a2a4be8,endra rahadiyan,https://play-lh.googleusercontent.com/a/ACg8ocILzReqXmeP-zynHT68ITLBZ_vsXQD2LpKTCYaD6aWvrhv0cQ=mo,game bagus sepanjang masa,5,0,5.5.0_31400259_31451966,2025-04-07 10:13:57,,,5.5.0_31400259_31451966
1bc97f77-ba0d-4923-a6b0-5b036ac5011a,Aldi Tkl,https://play-lh.googleusercontent.com/a/ACg8ocJ--hjOIxvw-VQXkiAJjhrECBn8UMF2N62SDJw0zfkE2he9Nw=mo,gamenya sangat bagus,5,0,5.5.0_31400259_31451966,2025-04-07 10:13:04,,,5.5.0_31400259_31451966
ffb32fb5-6a98-4935-920f-475b5413468a,Wibie Caem,https://play-lh.googleusercontent.com/a/ACg8ocIvlZoJJO8tw1s6ui7co9fVd6cqwBfDv822Kin8ueNrYhI7gQ=mo,udah kasih bukti2 ke email maaf akun game kamu gak bisa di pulihkan padahal udah kasih bukti jelas bahwa ini akun saya masih aja gak percaya gimana mau betah main game ini akun aja kena hack melulu,1,0,,2025-04-07 09:41:19,,,
905e853a-0dcd-4cd3-95c7-1fc29412f417,Edwin Ariwianto,https://play-lh.googleusercontent.com/a-/ALV-UjU73AVmQ9EtBRbZD-btUGk89HGCBJZXQV4qK_RvX3umKj-QfTzD,"Battle monoton, cerita mid dan terlalu banyak dialog yang terlalu muter-muter bikin susah dalam fokus ke ceritanya. misi juga monoton dan bosenin banget sekedar eksplore/ngalahin musuh/puzzle.",1,1,,2025-04-07 09:35:50,,,
892c9741-8b7c-417f-bcb3-f84f93fa7e18,Nuril Gmg,https://play-lh.googleusercontent.com/a-/ALV-UjX2V336yC9QmnPpTADMH12nSCXenigOCSyrwykODdeSgM45mSw,semoga aku bisa mainin game ini kalo sudah ganti device,5,0,,2025-04-07 09:35:33,,,
713a4c4d-b537-402e-a919-7cf3e1cbb150,Suny Emerland,https://play-lh.googleusercontent.com/a-/ALV-UjUNb04WFPmw8rsaiNkia9WGDc2fjKUBwrHwnp5TK1BhslJYhSC_,Menurutku ini udah bagus.,5,0,5.4.0_30057195_30231699,2025-04-07 09:30:26,,,5.4.0_30057195_30231699
f0c79417-9334-4bf1-bca6-086c57240798,Denzz,https://play-lh.googleusercontent.com/a-/ALV-UjXj9u1vNoHmUszcd9YwRU0pRfyTuLtksCQymWWmiXFEQp0Dyww,Minusnya resource seret.,3,0,5.4.0_30057195_30231699,2025-04-07 09:28:28,,,5.4.0_30057195_30231699
f57f0768-3d07-48d3-b883-1c4a15f2a6c3,Afri,https://play-lh.googleusercontent.com/a/ACg8ocJlTb_0mRtHZ7CdriLeC32-MIbnNj-nANOUpx_-YVc9aAsgmtY=mo,game nya bagus banyak yang suka sayangnya kadang kadang suka ngeleg bikin darah tinggi,5,0,5.5.0_31400259_31451966,2025-04-07 09:13:02,,,5.5.0_31400259_31451966
b604dfc7-8986-4562-96c6-86fc3fc0569d,Dimas Pratama,https://play-lh.googleusercontent.com/a/ACg8ocLyKrYfbkB0mmutjqEn_luUmMZOANqZCU18OVl3OLnbGgEwug=mo,seru banget,5,0,5.5.0_31400259_31451966,2025-04-07 08:17:09,,,5.5.0_31400259_31451966
367cf423-f24e-489c-848d-d6648b841952,Abi Y. D. P.,https://play-lh.googleusercontent.com/a-/ALV-UjX_ij-pbhNNKHtUdnplSqoaeKovHRXa7J9motB0C-icjQAdZ16z,"terimakasih sudah tidak kikir,semoga makin banyak bansos. grafiknya keren, quest dan storynya luar biasa lorenya, ngebuat kita banyak berteori tentang asal usul teyvat. camera movementnya cinematic smooth keren. character lumayan balance gak kaya ""HSR"". Natlan tu apa lagi, wih bagus banget jadi dino di 6 tribe berbeda, fitur skip story sepertinya tidak butuh agar orang minimal tau story gak asal main dmg gede..overall game bagus, mungkin untuk early game memang agak berat tapi ya namanya proses",5,1,5.5.0_31400259_31451966,2025-04-07 08:12:54,,,5.5.0_31400259_31451966
7426eabb-fec5-4a87-82c3-e8d842a4bf2b,はたう,https://play-lh.googleusercontent.com/a-/ALV-UjXSRNItx1FgqZiSryr5YEorfz-vGv9dTi5R0Dwvb01VpUbSAcJ3,mantap,5,0,,2025-04-07 08:06:55,,,
5a36380e-409f-4532-8001-37ad28627d31,Rif Q,https://play-lh.googleusercontent.com/a-/ALV-UjXkHYLYV9UyMSph6U36iM6PONI7LESxUU-DxVqJC2mkKJI2AWP4,"game jelek, gabisa perfect dodge gbisa gsw",1,0,5.5.0_31400259_31451966,2025-04-07 06:58:09,,,5.5.0_31400259_31451966
41bec1d9-9ad4-4554-aed9-0d99a85f1995,Ikhsan Maulana,https://play-lh.googleusercontent.com/a/ACg8ocK-goo-wYwYXbc_CfR5TTyMAbOYQvfOIwaENciGtly35ngtEA=mo,"dahlah , sakit hati lagi gak dapet mauvika 💔",1,0,5.1.0_27118081_27297621,2025-04-07 06:53:51,,,5.1.0_27118081_27297621
33cb343c-d343-42ae-b9d5-39cdeb4dd920,Markus Napitupulu,https://play-lh.googleusercontent.com/a-/ALV-UjWa-7DRDSe99gSqM-4aeGjVRj-8V8zVNGQmEVgsTkLI1_elJcc,Ok kau kikir,1,0,2.4.0_5199000_5224067,2025-04-07 06:40:59,,,2.4.0_5199000_5224067
ab875394-4cd0-4f5e-a010-1af5886e30e5,Andika Wira pratama,https://play-lh.googleusercontent.com/a-/ALV-UjXl5LuulLk1ogJdO9qhCrC_flq3BVs3j2ftdqRO8ow-ney4V-CC,game kikir,5,0,5.5.0_31400259_31451966,2025-04-07 06:26:41,,,5.5.0_31400259_31451966
0155ce1b-b13a-431e-bca7-623b5a2d94e3,ViLliOne,https://play-lh.googleusercontent.com/a-/ALV-UjUtzWBREzO-b8pzc7DAOE2pk3BTI4eenhcHCF5xmzJQf2DmP8YH,game gak ada inovasi,1,8,4.8.0_24603909_24822834,2025-04-07 06:04:03,,,4.8.0_24603909_24822834
fa6c6111-684f-46ed-a01c-dbabd20336d1,Lex Alterz,https://play-lh.googleusercontent.com/a-/ALV-UjWhDHa52aqK5tIibeIbSADJ39YViY10G9Mr1uVKN4lwYh80Jp0,Makin sini makin aneh developer nya,1,0,,2025-04-07 05:53:51,,,
1b5a40c6-0605-474d-83ef-a2969df9e44b,Muthia Ananda,https://play-lh.googleusercontent.com/a/ACg8ocJKZ9PT5gkh-2DzV4YFCfFdzlC4E9in10-eM0qxviAZUen9HA=mo,"not bad lah, 2 tahun main gi masih kuat kuat aja device ku, kualitas juga bagus",5,0,5.4.0_30057195_30231699,2025-04-07 05:47:44,,,5.4.0_30057195_30231699
a743711e-78d9-4348-9b70-56a2dc79f492,Nur Bayah,https://play-lh.googleusercontent.com/a/ACg8ocJ88YTUTTpgwaOzRPNn66IpolTyatZtntou0KMTt4Xw6MIPPw=mo,nice,5,0,5.5.0_31400259_31451966,2025-04-07 05:44:22,,,5.5.0_31400259_31451966
d54a9e36-6bf9-4c1f-8c6d-d9d18052d12d,Rizki AD,https://play-lh.googleusercontent.com/a-/ALV-UjUbyTo--OYmpTK9DKM0kjUABmnPWNSZSZ7PsEJQ0xbHNsWfAMlF,karakter nya tolong di tambahi yang mommy mommy ya😁🙏🏻,5,0,3.8.0_15672274_15939604,2025-04-07 05:38:30,,,3.8.0_15672274_15939604
a4c2d32d-0d27-4bc5-9c8e-e06039f53041,Hibatul Zaki,https://play-lh.googleusercontent.com/a/ACg8ocKtR8n6Lsm9x_1oVH0xMrMby14lvOwO7QCMZB85akIaAGoRUA=mo,bagus 🫶👌👈,5,0,5.5.0_31400259_31451966,2025-04-07 05:15:16,,,5.5.0_31400259_31451966
d905a2a4-7470-44b1-bd52-636e768480d8,Sandy Oktavianto,https://play-lh.googleusercontent.com/a-/ALV-UjW6MPJS6_ppHgTTxQfE6J5d9vkXCMpaqqGvxzVXAe6-tamFJdRg,"Game open world yang bagus dengan cerita yang menarik. Sisi negatifnya cuma sistem gachanya, hahaha",1,0,1.0.0_1112729_1135452,2025-04-07 04:35:27,,,1.0.0_1112729_1135452
99a939d4-f7e7-4215-8a41-c16d70789e6c,Kuroshi - Kun,https://play-lh.googleusercontent.com/a-/ALV-UjW5Yj4VZeFjXTCUHG9gzUmmwQPRPsgqyskG1qgXTvYcEiRHmPJe,"tolong ya, dengerin apa saran para player, sekarang gameplaynya ngebosenin, monoton, gaada fitu skip dialog atau ga setidaknya bisa dipercepat, ada kali player 1 jam lebih player duduk doang ngedengerin karakter ngoceh, mending klo dialognya penting, terus eventnya ga nyambung sama lore, eventnya cuman ya gitu-gitu aja, gaada yang menarik, sistem gacha? ancur. Sebenarnya masih ada banyak, tpi mau dijelasin panjang lebar klo ga didengerin ya percuma.",1,83,,2025-04-07 04:06:20,,,
dc313ff0-cb71-4bc1-bb46-d8b5a0fcca21,Jeffry Sestian,https://play-lh.googleusercontent.com/a/ACg8ocLPiDNwUxzQsBM3qHBdTPHMkXSuQHKpoFKf884Avjizz6_0QA=mo,game yang sangat seru,5,0,5.5.0_31400259_31451966,2025-04-07 03:52:44,,,5.5.0_31400259_31451966
f171056e-5654-4e6b-8788-4e8307e44aa7,NEVARITTE,https://play-lh.googleusercontent.com/a-/ALV-UjUeWFliqQtgLR8uu8xyDUUdb2BCt1XccqUJ_LfAi2EvMnsiHTye,GIVE US A SKIP BUTTON!!!,3,2,5.5.0_31400259_31451966,2025-04-07 03:04:54,,,5.5.0_31400259_31451966
080de8fd-c9e6-4295-bf0c-0c49705e93a2,Yosi Maymuna,https://play-lh.googleusercontent.com/a-/ALV-UjVho7MyFRoQiylFMUUrdq4Ilnmh3bhriFRGzVs8uNQ9_RXz9NSD,"main kartu hampir 2 jam gw di kasi jelek, cuman buat misi doang susah banget,kalo mau ngasi misi yahh jangan gini juga",1,0,5.5.0_31400259_31451966,2025-04-07 02:37:46,,,5.5.0_31400259_31451966
cd4f1608-5110-4bad-b236-ed0ac49a3155,KPB Jembrana _Mahesa,https://play-lh.googleusercontent.com/a-/ALV-UjWKDkgAtbUPgixfBbqE_rh4rC0z6leyiend6hckqMJd50uHvP-b,Words can't be enough to describe how much effort the developers put into this game. please make climbing easier. MAKE CLIMBING EASIER!!!,4,0,5.5.0_31400259_31451966,2025-04-07 01:29:05,,,5.5.0_31400259_31451966
97ccb6a0-0834-4a8e-a211-2e7fca2f89fc,Naufil Efendi,https://play-lh.googleusercontent.com/a-/ALV-UjXRRi-UTxTlX1p3K1XuP-NPBRrzIS0Xu4y1NsTDmGSozJ6A2iQ,storynya gila banget,5,0,5.5.0_31400259_31451966,2025-04-07 00:27:00,,,5.5.0_31400259_31451966
ad7ad50d-f178-493d-849e-e3390ba6a644,Nur Amanah Amanah,https://play-lh.googleusercontent.com/a-/ALV-UjWqPWmVBcIo1PYVLoYklLHeveJ9PhfALQjMnbAAYjmdXDORwoZa,"Tolong developer kalau masuk awal jgn 32520.71 MB kebanyakan lama yg nunggu,kalau liat dari fotonya keren,tapi belum tau deh sementara aku kasih bintang 4",4,0,5.5.0_31400259_31451966,2025-04-07 00:26:35,,,5.5.0_31400259_31451966
1a1ec319-5d8e-4c8a-b654-dd83b7027ee8,Raihan Christeven,https://play-lh.googleusercontent.com/a-/ALV-UjXMMm-aRyE2kyfsZ3PQonSdFo9qx5jW-ug6kHeyXVjlzCBRkcBJ,fix your honkai star rail power creep system trash game,1,3,5.0.0_26041933_26161852,2025-04-07 00:22:03,,,5.0.0_26041933_26161852
628d5617-d9b2-47e1-ae0a-285f9b184fd3,KucingGamers591 KucingGamers591,https://play-lh.googleusercontent.com/a-/ALV-UjW-5sDj37srzJ0ak9ZWqoAY7o2LiEl72Irtq9cUE5rUw5J-Ozg,"Gamenya bagus juga menarik dan sejauh ini belum ada bug yang saya temukan,tetapi yang membuat saya berhenti berharap adalah kurangnya keberuntungan dalam sistem gacha, saya sebagai player gratisan menginginkan karakter yang saya inginkan tetapi kurangnya dalam kehokian/keberuntungan dalam sistem gacha membuat saya jenuh karna beberapa kali spin tidak mendapatkan karakter yang di inginkan. Seandainya tingkat keberuntungan player di sistem gacha sudah ditingkatkan mungkin saya akan memberikan ⭐5",4,0,,2025-04-07 00:07:19,,,
5d60945a-f44f-4a1d-b5a0-09e6cf7f8e43,Hamdan Syaputra,https://play-lh.googleusercontent.com/a-/ALV-UjXw6ch8WrUJooslwjc73QWHTGJQtrLyF92dnjivr1fjH1ljvped,💯✨,5,0,5.5.0_31400259_31451966,2025-04-06 23:56:50,,,5.5.0_31400259_31451966
5c9e7cfb-2a0c-4794-a7f4-6506a200531d,RF Fachri10,https://play-lh.googleusercontent.com/a-/ALV-UjW54VYrLpBe52LR8Ob_AOSw8WQnOmv8O_x6vJI9VSWBeQagxg0,not bad,5,0,5.5.0_31400259_31451966,2025-04-06 23:18:36,,,5.5.0_31400259_31451966
7c653e66-5238-4d0c-8edd-4536b02e82c2,SYA Story,https://play-lh.googleusercontent.com/a-/ALV-UjUOJGehCOkpHKRaSbCKLEWvBHtaYaSOWS5x-MvtEg1EOR4S1CEv,Asli ini game keren,1,0,5.5.0_31400259_31451966,2025-04-06 23:07:05,,,5.5.0_31400259_31451966
a5fff023-55c9-4cee-a7c2-78326b0fb3fd,Rizvie Ahmad,https://play-lh.googleusercontent.com/a-/ALV-UjXPSye3oG7AN3t_Ot-zFLVTFUGeKvWgEpYtCcQSWifKV-4tCro,"Game bagus, saya terhibur dengan game ini.",5,0,5.5.0_31400259_31451966,2025-04-06 23:05:33,,,5.5.0_31400259_31451966
724a3c65-1cef-4c95-b00f-2d0375eaa003,Veynord,https://play-lh.googleusercontent.com/a-/ALV-UjWoVe_V4ZW3MlhhCccVgew76U0YR5jObGUjmpJrpn-jf277BfcA,"overall sudah bagus ,semoga kedepannya ditambahkan lebih banyak event yg seru",5,0,,2025-04-06 23:01:33,,,
b5a942fc-e31e-4240-b96a-1855a6eff992,Hilmi Iqbal,https://play-lh.googleusercontent.com/a/ACg8ocKGnZrTvjft7X49eGHFes6tCGDmVUhweSGulHbF5sGXcBabxA=mo,ngobesenin gitu gitu aja gk ada yang baru,1,1,3.8.0_15672274_15939604,2025-04-06 22:51:50,,,3.8.0_15672274_15939604
847ff9af-6fc6-4235-8763-3cc00fff671a,IFAN JULFANO,https://play-lh.googleusercontent.com/a/ACg8ocJZTfeGlTBGy_nF7e5nwYHKkx4WdfpgZruloeNcnDQS32nd-w=mo,game yg sangat bagus,5,0,5.5.0_31400259_31451966,2025-04-06 22:49:22,,,5.5.0_31400259_31451966
df1b6190-c5e7-4ea9-8583-fca6d1dc561b,Al sam,https://play-lh.googleusercontent.com/a-/ALV-UjXy2Qoz0FiXcVEca7rxS3x_1bZVMPJ_1MMzeNU_0mVK7fgvMHCCiw,"Main Genshin udah lumayan lama, dan sejauh ini ceritanya bener-bener menarik sih, bikin penasaran terus tiap ada update. Karakter-karakter juga keren, banyak yang punya latar belakang unik. Tapi ya... sistem gachanya kadang bikin emosi, apalagi kalau udah nabung lama tapi malah kena rate off. Semoga aja ke depannya optimalisasi game makin bagus dan ceritanya makin berkembang, biar makin betah mainnya.",5,0,,2025-04-06 22:35:50,,,
019ee35e-a880-4165-b76d-ea690d6395ce,Ade Putra,https://play-lh.googleusercontent.com/a/ACg8ocLOxaQ09FzPvTuPCDFUTMNUu3-h6HX-li2ttrxQoUBQ-neQdQ=mo,"tolong lah kasih fitur skip, paling tidak dialog antar karakter dipersingkat",4,0,5.5.0_31400259_31451966,2025-04-06 22:24:19,,,5.5.0_31400259_31451966
27b32c04-968f-43fd-8e23-fc115a086443,Elelvellyn Je,https://play-lh.googleusercontent.com/a-/ALV-UjVSCZHKOryW5PvPHyV8xcZ3-78Gvnzt28SlO97w9JpJQZqDfc50ZQ,"woi hoyo,kasi gw menang rate off napa",4,0,,2025-04-06 22:15:45,,,
7466f53c-613e-4cc1-a619-3985217a67dd,Andycool Tebas,https://play-lh.googleusercontent.com/a-/ALV-UjWlATRxqD-D5c2kSMLl1pxqnxM0sXd9DzJuUUNXqy7fkaq9iWZm,seru dan bagus..,5,0,5.5.0_31400259_31451966,2025-04-06 22:14:07,,,5.5.0_31400259_31451966
be894beb-79c0-427b-9ba0-f3f2a3baee5a,Raiya Widiyantama,https://play-lh.googleusercontent.com/a-/ALV-UjVY83gygo0aBtMuWDjAMpY1ufvLFMEv7ILvuyNCugcFmbUUlzgL,wow,5,0,5.5.0_31400259_31451966,2025-04-06 22:08:01,,,5.5.0_31400259_31451966
f843eac1-b351-4c9f-89df-0c3569b64f33,LEDIB ANDY,https://play-lh.googleusercontent.com/a/ACg8ocJ72G8LwpbZN9avDbQmR2ctwPXC_9ytpL7nrhbGcumdTfKIEQ=mo,gamenya bagus jir bagi Primo dong hoyo,5,0,5.5.0_31400259_31451966,2025-04-06 21:57:30,,,5.5.0_31400259_31451966
faab2253-f708-4e5c-a4f6-587d6e0c470a,WINTEA26,https://play-lh.googleusercontent.com/a/ACg8ocK3RqN7tr0Sa1NsRlNiaP93BK9QKjck3z6EyCW_D2Cwy7NSMw=mo,mantap,5,0,,2025-04-06 21:12:59,,,
f2ab769c-cfa9-4365-a68b-98bc2f63ae61,Denzz Gaming,https://play-lh.googleusercontent.com/a-/ALV-UjVjYRb2y3Wsxvt3wFzWvJ32TSTFPd6SxOw5v9ESwNSKaJTAmzoj,gamenya bagus sumpah aku kira bakal berat tapi gak,5,0,5.5.0_31400259_31451966,2025-04-06 20:50:05,,,5.5.0_31400259_31451966
7ac8fba5-e68a-45dd-a010-6e824fe8b746,Rasya Ikhwankhairi,https://play-lh.googleusercontent.com/a/ACg8ocLR-7mP_c28qq2MeYcpWPbAs4qXeru6J0HCZkh1j4axEBwzvQ=mo,Gamenya bagus tapi perlu diperbaiki lagi ya,5,0,,2025-04-06 20:48:54,,,
f001a6ec-c1f5-4772-b238-20de0d77cc3a,M Ganim,https://play-lh.googleusercontent.com/a/ACg8ocLgU1g38DYlx_OhXvpws7yxTBirmecNSE_VM-G-PfFhY4jSyA=mo,mantp,5,0,5.5.0_31400259_31451966,2025-04-06 20:30:36,,,5.5.0_31400259_31451966
7534b775-107c-4a91-a69c-b133363824c8,Amri Marzuqi,https://play-lh.googleusercontent.com/a/ACg8ocI47eAWsNpZiOqxVeGxqemp1i2jakPZqEQOtmnOdVMTbim7RA=mo,aku belum sempet main karena Loding nya lama kali bisa juga dibilang gak jalan,2,0,,2025-04-06 20:13:38,,,
58e30bc2-db9a-41f2-9747-a72109309b34,Julian Julian,https://play-lh.googleusercontent.com/a-/ALV-UjUbcc1vE4dgJglzZddFxthAP0YjpuUw_ax3C6DNs8G8RIXZhaPr,keren,5,0,,2025-04-06 20:08:28,,,
e8e32740-62b4-4755-ae8b-0d50c71d7e33,Rizky Rama,https://play-lh.googleusercontent.com/a-/ALV-UjWs9BBwzVitCybRYYhXvG5H7Mb1lUmIXoJPOYHmh8tbQyeLY9pS,comeback menggunakan Infinix 50 hot pro plus dev banyakin event bansos buat player comeback,5,0,1.5.0_2574575_2578841,2025-04-06 19:29:10,,,1.5.0_2574575_2578841
39853dd9-f562-4b6b-8621-7fa14465cfd3,Habib Alfaroqi Ikhsan Ridwan,https://play-lh.googleusercontent.com/a-/ALV-UjXVZe5ubYfp28iBOtVmrT-Uq5Ju5Gbzf5H8giZvKj8mJ2Sv4N1d,"Game baik wkwk tapi jujur aza dari segi lore, cerita emg bagus",5,0,5.5.0_31400259_31451966,2025-04-06 19:14:41,,,5.5.0_31400259_31451966
380ae1d4-16f2-4db2-83bd-f14ba776f76f,Trifa,https://play-lh.googleusercontent.com/a-/ALV-UjVVBOdJT8Tw6AzE37MmJVXkXNZQhNZhpcs1VxyRQmZDZi4YSnPJvA,"Testing di HP Helio g99 dan ternyata sangat lancar, akan lebih baik jika ada fitur native controller untuk android *edit terimakasih sudah memberikan fitur gamepad untuk android, aku harap kedepannya akan ada lebih banyak optimalisasi lagi untuk Genshin impact di perangkat android.",5,2,5.5.0_31400259_31451966,2025-04-06 18:48:46,,,5.5.0_31400259_31451966
3548cb24-2d7e-423f-98f3-f11586a27144,G II,https://play-lh.googleusercontent.com/a/ACg8ocI5bUU1kIqZPLMlA9lmS9Vz19k5-apxr26WNSpFZIDGzRlAij0=mo,Benerin sistem preupdate di ps4 kacau banget!,5,2,5.5.0_31400259_31451966,2025-04-06 18:35:44,,,5.5.0_31400259_31451966
6d772cec-7d3f-4080-9296-164afd052765,Vann XML,https://play-lh.googleusercontent.com/a-/ALV-UjVAAPs5XyzMyzxb0drMCaz0QnmebPmyuueEJpLzpQaIdEblFPiQ,"ayolah mang hoyo, susah banget kalo gacha artefak apes mulu dah di domain whimsy, buat arle loh😔",5,0,5.5.0_31400259_31451966,2025-04-06 18:12:59,,,5.5.0_31400259_31451966
5a67f5c8-1014-4cb9-9a16-618386cf43a9,Tony Adriyansah,https://play-lh.googleusercontent.com/a/ACg8ocKjoQqShO5zRyP7JG6LqLdHwcbfVikCixp0CduK6sH9WfSttw=mo,keren anjayyy,5,0,5.5.0_31400259_31451966,2025-04-06 17:11:11,,,5.5.0_31400259_31451966
f13a6c81-621e-4b63-bb14-1a6da0040d2a,Bagus Eka Faksi,https://play-lh.googleusercontent.com/a-/ALV-UjWe3LXTWc1pC7PSPYWpN07YSVJH_KoJbKDRSbHShKmFRXaWFc0,sorry rumput tetangga lebih hijau,1,3,2.3.0_4786731_4861639,2025-04-06 16:59:11,,,2.3.0_4786731_4861639
b0bc28bb-6f07-45ec-a81c-3a20d406ac26,Agung Baskara,https://play-lh.googleusercontent.com/a-/ALV-UjXf5Bv5Z3l-5_7JJY_HizOUID5u3be7YNRIOUyeoB5mZEqqK59f,MANA TOMBOL SKIPNYA???,3,0,5.5.0_31400259_31451966,2025-04-06 16:27:57,,,5.5.0_31400259_31451966
6ec5177c-70cf-4b89-bbe2-fa48d0d8aff6,Sulthan Dunyev,https://play-lh.googleusercontent.com/a/ACg8ocIoSIqhNPMnMxYMW11pMnzYmWnPuCyHj2BJyAfhBf2v-aKvUA=mo,asik,5,0,5.5.0_31400259_31451966,2025-04-06 15:38:49,,,5.5.0_31400259_31451966
d72f177e-e64e-498a-ba7b-1d8d9c421cf7,Fernando Rio,https://play-lh.googleusercontent.com/a-/ALV-UjWKhrckD_9ZHKYCTCjaa79rTXNbAtMq29R99E_2ejp2vgNXMgKC,story nya bagus,5,0,5.5.0_31400259_31451966,2025-04-06 15:36:45,,,5.5.0_31400259_31451966
15bfd879-000d-41a6-9c64-5e7bd673ffc0,Karet Perahu,https://play-lh.googleusercontent.com/a-/ALV-UjUlarQcVFoP9Y316Yr_2Pn-EOjNGE6KRATbTVoYdJr0YPm7Nf79,"game ini menghibur kegabutan kalian, apalagi grafiknya realistis banget, pls ada update lagi,ada quest baru",5,0,5.5.0_31400259_31451966,2025-04-06 15:26:41,,,5.5.0_31400259_31451966
f91d687c-0274-4bb1-9dbf-16ee7c972870,Numpang Lewat,https://play-lh.googleusercontent.com/a-/ALV-UjUF-5whISP8HruqO49YYsVrNaXPUJGQda0XAWsaD9O2ZhSEe2aG,Open world terluas Tapi kalau pelit kasih karakter ke player bisa bisa player pada bosen terus pada ilang deh satu satu,3,0,1.2.0_1565149_1627898,2025-04-06 14:59:18,,,1.2.0_1565149_1627898
0f428516-fe5e-403b-8267-3202a54304d8,Gunady Gumilar,https://play-lh.googleusercontent.com/a-/ALV-UjVysrujCEmfUgkXlZB43yLMk82iWxUebJqbOhonJl9OfGHBQs0,seru juga petualangannya,5,0,5.5.0_31400259_31451966,2025-04-06 14:41:16,,,5.5.0_31400259_31451966
ebe18ba2-752f-48b2-b0c6-e9fce27aff9b,Surtati Chanel,https://play-lh.googleusercontent.com/a/ACg8ocIlGZNSHXbPy43uRX_T5qhnnNK1RkIacndwjj8e8kW-bXXrYg=mo,ini game dengan visual yg hidup dan keren delengkapi dengan alur cerita dan plot yg indah membuat game ini lebih bemakna,5,0,,2025-04-06 13:55:10,,,
cff6d4fc-a952-4bee-b718-a5b1964610bc,Yu Xin,https://play-lh.googleusercontent.com/a-/ALV-UjUgwxsCuZUGBDLtq4kOvEMniUvh9PQEqbD5ronzempK-QX6NCs,sangat baguss,5,0,5.5.0_31400259_31451966,2025-04-06 13:38:52,,,5.5.0_31400259_31451966
0e657461-832b-431c-b1a7-48d3d84df75a,Adjie Rahmat,https://play-lh.googleusercontent.com/a-/ALV-UjWjyYpX9pkQ5C8ioMYxmhguByjt8_VHlCJYA4y7DGs_C2DiiGQ,pity always deep,1,0,5.5.0_31400259_31451966,2025-04-06 13:36:13,,,5.5.0_31400259_31451966
5fca8620-d9c0-45e5-a3d4-c27c796e76dd,Fadhill Bae.z,https://play-lh.googleusercontent.com/a-/ALV-UjV2wfKrrJZjnx-QFTOQ_JUBedl9UUXXNuRykLO1ggjkguFe_ZE,grafik hd walau hp ku 😭,5,0,5.5.0_31400259_31451966,2025-04-06 13:16:23,,,5.5.0_31400259_31451966
031780b0-df2c-46fe-a736-227ae339ee1d,Akun Game,https://play-lh.googleusercontent.com/a-/ALV-UjXIR10giuUtT88az8DHq-9LU4DCfR2mB828C6PU_cSKG-s3Z3E,kikir impek,5,0,5.5.0_31400259_31451966,2025-04-06 13:03:50,,,5.5.0_31400259_31451966
3b6ebafd-63e6-4d51-8249-106e88d9a735,Ilham Tarmudin,https://play-lh.googleusercontent.com/a/ACg8ocLR-Cc4n7QcNOJkvXH-yZcekBC4IgIMtomGC948xPEghdCTSw=mo,"WHEN CHATTING THE STORY CANNOT BE SKIPED, VERY BORING. PLEASE UPDATE SKIP THE CHAT AND PROVIDE DIALOGUE ONLY. WASTE OF TIME",2,0,5.5.0_31400259_31451966,2025-04-06 12:51:01,,,5.5.0_31400259_31451966
79ecddc4-00ff-4d1a-8c04-49adc21857fd,9C10 Erlangga Azka Keandra,https://play-lh.googleusercontent.com/a-/ALV-UjVYOtQM2qG_LBq-Pfon9OBk5LpDv_2Uaop9M4JYvXDmEcSeJ1Xr,"Andai punya device support buat main ini game, pasti tiap hari main aku gass, pake cloud aja sdh sampe ar 55 apalagi kalo punya device yg support ni game, ku support balik ni game... Gmn pun ituu",5,0,5.4.0_30057195_30231699,2025-04-06 12:42:19,,,5.4.0_30057195_30231699
a11e3671-619d-49c4-819e-e2f2735b2943,Ridha Al Asyhari,https://play-lh.googleusercontent.com/a-/ALV-UjW5rGtvAGMv4L9r0Ks6l6LBhCVHo_HHrFwa2iryiCzlj2m7g34,bagus,5,0,,2025-04-06 11:59:20,,,
98c81b66-741b-4f61-a738-b571247d974d,Devlin Ehud,https://play-lh.googleusercontent.com/a-/ALV-UjXDhgDfC9gPn4VmvJbJgXlz-DPZAfJ2nV1v4TPg1d_lbbjkIZs,"Gamenya seru walaupun gak ada skip story, tapi ceritanya seru, gachanya juga sering hoki",5,0,5.5.0_31400259_31451966,2025-04-06 11:05:39,,,5.5.0_31400259_31451966
503dda90-2eff-49ff-93bb-47fcfd17fd57,Fahri Pratama,https://play-lh.googleusercontent.com/a/ACg8ocJdq__wVr0S9QmZZAP2tZrVlLF9zVQoTwLFI8VnUFPaNc33IQ=mo,belum main sih tapi aku liat di YouTube game nya bagus keren,5,0,,2025-04-06 10:53:39,,,
64d19a35-8e61-4fca-91b0-ee22b61344ad,Ari Firmansyah,https://play-lh.googleusercontent.com/a-/ALV-UjWSsvzirv-QQ2_DnTiO4zsupfSuAA6ZL7ZlM7veIAnpCb7TKXX2,kerenn,5,0,,2025-04-06 10:51:02,,,
765c5e49-4e1d-4c02-8d49-02a89733a4e7,fiqram,https://play-lh.googleusercontent.com/a/ACg8ocL-ElUtjJqR57AzKfj725lHcWEJViY4uPM8MNbKWfJ0T4aljg=mo,"saya sendiri belum bisa bermain game ini karna versi yang tidak kompatibel dengan perangkat saya, jadi saya harap di update berikutnya genshin bisa support ke android 14",3,0,,2025-04-06 10:35:50,,,
64581452-b461-49cd-9c0b-c8bc1717dedd,Shinori Zetsumei,https://play-lh.googleusercontent.com/a-/ALV-UjVOPw5v1rwatJkYSirgXc1IciZomb5e7b23yaKAZ5LiEcsdM62j,Semangat terus mihoyo,1,0,,2025-04-06 10:33:28,,,
9500030d-c1d5-4ec3-b2ff-9f52788ed2ee,Play Store,https://play-lh.googleusercontent.com/a-/ALV-UjUJk7yqD14DL3y4WyJV7NAVuLOG9qWN3maJzmha0eQFRgc0P7FV,loading lama aki nungguin satu hari masih belum selesai,1,0,,2025-04-06 09:58:59,,,
05c656e1-ddc3-4844-9761-c1a288d19bab,Hydan1,https://play-lh.googleusercontent.com/a-/ALV-UjVmze8EAX-BP2AEGOcw0jgHERLugvLR5jFKv4JczhKGcaedc0C2,i like it,5,0,5.5.0_31400259_31451966,2025-04-06 09:53:16,,,5.5.0_31400259_31451966
33545d9b-c1e6-4710-a365-30906e0260cc,AFIF ASHARI,https://play-lh.googleusercontent.com/a/ACg8ocKaTVYOGbQpqi0nZOUWJEdN8q-zHdtl7IntvHBdLajTPZ5q7w=mo,terimakasih genshin impact,5,0,5.5.0_31400259_31451966,2025-04-06 09:21:03,,,5.5.0_31400259_31451966
c0f6886c-80da-49be-9898-5d7d1b1bdaf8,bayu murti,https://play-lh.googleusercontent.com/a/ACg8ocLmQ1GCRWAANyq6FvSdIb4btNPTRiNzKPQF0E6CgmE4RD7ThA=mo,"Gameplaynya bagus, storynya bagus, map nya juga bagus, cuman saya ada kendala di top up, saya sudah top up 60 genesis crystal dengan biaya kurang lebih (Rp. 18.000 termasuk biaya pajak) dan uang saya sudah transfer lewat m- banking BCA. Akan tetapi pas saya masuk ke aplikasi gensin impact nya malah ada tulisan transaksi gagal, tapi uang saya sudah terlanjur ditransfer. Mohon bantuannya developper. Nanti kalo di respon saya kasih bintang 5",4,7,5.5.0_31400259_31451966,2025-04-06 09:20:02,,,5.5.0_31400259_31451966
e911449e-938b-4d16-a38a-e73146ca1346,Muhammad Abdillah,https://play-lh.googleusercontent.com/a/ACg8ocJfAbEk1kALsAxjDmR3uhGRi0UshQ_HA1DCnWO6f2LudjKLmA=mo,keren,5,0,5.5.0_31400259_31451966,2025-04-06 08:58:42,,,5.5.0_31400259_31451966
b41757d0-b307-45ec-8955-873f222d3bff,0nly_st4rla-! (starla),https://play-lh.googleusercontent.com/a-/ALV-UjUNt6zryjDVD9-4TxSEJEsuCX_3i7au8tjCDq26erFE7_-Faan_,"game nya ok, tpi tolong musuh nya susah bgt bikin mati karakter aja sih nyari artefak aja susah gmn sih+ masa karakter dikasih makanan dikit kenyang, cooldown makanan ny lama bgt tolong di perbaiki lagi",2,0,5.5.0_31400259_31451966,2025-04-06 08:39:25,,,5.5.0_31400259_31451966
16b0985b-8ef1-4a72-bb2c-e55c763db55a,mia lipia,https://play-lh.googleusercontent.com/a/ACg8ocI6J4cVYQX30_5stf25DFkKVZ35UaFlUpy3ttKFVi20yQUlAg=mo,sekarang game nya sangat monoton begitu² saja. terlalu banyak fan service sehingga membuat kami yang hanya ingin bermain menjadi merasa jijik. melihat banyak karakter² baru yang seakan kehilangan true story nya dan diciptakan hanya untuk menjadi 'pemuas'. gameplay di Natlan juga saya kira akan wow ternyata wah mengecewakan semuanya.,1,0,,2025-04-06 08:37:05,,,
00b61635-4e94-49a5-b355-a68a93c6819b,Chuu,https://play-lh.googleusercontent.com/a-/ALV-UjVBYE5olS0_ohD0ue7An7xPJzMENzWGu2mTP883t7DSG5c1Jeg,"jadiin capitano playable pls :( pdhl char nya ngaruh bgt kecerita, tp ga dikasi playable samsek, malah yg playable char yg ga bgtu berpengaruh sm cerita huft",2,0,,2025-04-06 08:35:51,,,
f9459c38-e176-468e-b6ff-55730f866c2c,Arlan Lechtorn,https://play-lh.googleusercontent.com/a-/ALV-UjXRYs6YewNvnxQA-7ZMGWGYg7KPVKlMXKD1zMolOTO9KUT7pzlF,"aku sudah bermain game ini begitu lama dan sangat tidak beruntung, apalagi saat mekanisme baru capturing radian muncul aku tidak pernah mendapatkan nya, apalagi aku sudah kalah rate off 3x berturut-turut",1,0,,2025-04-06 08:33:12,,,
5c307f3f-e23f-49cf-b97c-87fc60d06e97,Fabian Raffa,https://play-lh.googleusercontent.com/a/ACg8ocJESHZfkypAoy-62TIlSUOpn6vU-qZw3ZY_sSquhWXp0qt-Wm4=mo,game kikir,5,0,5.5.0_31400259_31451966,2025-04-06 08:02:33,,,5.5.0_31400259_31451966
4aff6f79-9974-4cce-ad81-403e2d36d637,Kadek Aryaprapta,https://play-lh.googleusercontent.com/a/ACg8ocJtx82Z0MOTgDT512G0bAEppDVu899XcmUxscTt2f8LP85gHA=mo,sangat bagus,5,0,,2025-04-06 06:03:36,,,
400e7b41-dd5d-4d2e-b4f8-6ba58759fc0d,Erlangga,https://play-lh.googleusercontent.com/a-/ALV-UjUz8g_DYjvI781iP0CktVg8CewKrteHb2-MHs_M-XOddf-PXJm2,"Saya main dari hari, jam, menit detik awal rilis, pelit yaaaa serahlah, boring lama update atau story boring yaaaa serahlah. Tapi ini masalah Artefak, saya spam 3-5 bulan, kagak jadi 4 set satupun. Lucunya lagi Ayaka artefaknya saya cari dari awal dia rilis tahun 2021 sampai sekarang 4 set aja susah nemu status yang bagus",4,17,5.5.0_31400259_31451966,2025-04-06 05:42:48,,,5.5.0_31400259_31451966
517dc512-13e4-48b1-8790-ea04951bb756,Ananda Putri,https://play-lh.googleusercontent.com/a-/ALV-UjVqjlrd7vn_3pOQn-xIbJCVWoEQ4OsuRBIpdZEebr2P2-KOLgrI,ya lumayan lah tapi masih kikir,3,3,,2025-04-06 04:34:49,,,
daa3ba49-7fd3-474a-9ed2-f46d7f8b34fc,Arvian Arsyad,https://play-lh.googleusercontent.com/a/ACg8ocJgPeBXqqgzp-rQ4zeuXF4D32b3f-Kb8jLP_K_0OqQ-fTsxiw=mo,"Ini developer niat ngurus ini game gak sih, bikin char kek gitu gitu aja gak ada yang bagus, storynya kebanyakan yaping terutama story event/world kalo bisa ditambahin skip dialog, gerakan/eskpresi character didalam story kaku banget jadi gampang bosen kalo ngerjain quest. Ayolah hoyoverse kalo kau wujudin kemauan para player pasti player nya bakal betah main ini game, jangan cuma game sebelah doang yang dimanjain, giliran GI malah ditirikan gitu aja, gak mau dengerin keluh kesah para player",5,0,,2025-04-06 03:44:24,,,
d55f3ad9-5841-4743-b4d5-a0e62fa6c5b0,Rapi Ahmad,https://play-lh.googleusercontent.com/a-/ALV-UjVDfxhLxOTiypQAGBCEj6qQPRUUikwYotlPLUI_tTiLuy6vkG4a,game nya bagus aku suka,5,0,5.5.0_31400259_31451966,2025-04-06 01:55:12,,,5.5.0_31400259_31451966
c237d659-0a63-4d0c-ba0a-175394b78926,Ardi y,https://play-lh.googleusercontent.com/a-/ALV-UjXcSDt4mBIzorfcCkUFYMuP1PLok5HWK9ms16lX2s2gB92N60mJ,"Pensi dulu nunggu ada fitur skip baru balik, setiap event ngebosenin,",2,0,2.5.0_5517525_5674503,2025-04-06 01:41:57,,,2.5.0_5517525_5674503
4dc118a4-3c53-466a-82b7-7894548c9bf0,Yuuki,https://play-lh.googleusercontent.com/a-/ALV-UjWa9phIBn7A3g4ynOHGMv7fqq5qGCLP2DJdyp0lnWQWNx-rDA,Hutao My istri🥰,5,0,,2025-04-06 00:18:13,,,
36572366-9e8a-43b4-b083-f58d81650888,farid rahmansyah,https://play-lh.googleusercontent.com/a/ACg8ocJGprDj1WJmeRICZKmXTFfGed8uUPdmC7KAcGMuxMNq0x5cIQ=mo,mantap,5,0,5.5.0_31400259_31451966,2025-04-05 23:46:23,,,5.5.0_31400259_31451966
55e96ad5-6090-4cb0-a535-c743fa53dbd5,Safa Rasa,https://play-lh.googleusercontent.com/a-/ALV-UjUeqG5KNoywqZrZW5vIYn55jx82slsWbkjNLmZADGDxVqr6UbZZ,gamenya bagus. cerita menarik,5,0,5.5.0_31400259_31451966,2025-04-05 23:43:02,,,5.5.0_31400259_31451966
1d318cad-55fb-48a4-863c-b93fec5253ae,Zen New,https://play-lh.googleusercontent.com/a/ACg8ocLS-_iwEjOVn4Z72L2fHN_YA1FSbvVZTehRcFHyLjFVeubIFQ=mo,game yang sangat bagus,5,0,5.5.0_31400259_31451966,2025-04-05 23:24:23,,,5.5.0_31400259_31451966
731f5c82-f34b-4d51-aa8d-cd07d12e14db,X'Sal Salsabila,https://play-lh.googleusercontent.com/a-/ALV-UjWFW70To529mHeJ53aNsjsLAAalSyqzO5jpRP1S9W93-_pdhF7y,"saya tidak suka patch natlan, menurutku itu buruk astaga, lihat saja karakter nya damn desainnya jelek jir, terus nih game minim improve dev budeg pula gamau dengerin player sombong bener lu",1,0,5.5.0_31400259_31451966,2025-04-05 23:22:18,,,5.5.0_31400259_31451966
10b2c261-b373-4edb-a503-b0ec938d0c8f,lutfi,https://play-lh.googleusercontent.com/a-/ALV-UjXKvmCs7tedaMAcd7JaPROrgIbT9vhs8jomaNp2A6XBkYxGIc8d,game ampas,1,0,,2025-04-05 23:16:16,,,
5e274d9e-2df8-4143-a54c-ca268aae527e,Dimas Muhammad bakti,https://play-lh.googleusercontent.com/a/ACg8ocK6jG0SSu-XSukN6i89nz9YL67oKzZR6B0HPjT0lA-dV_c8Jw=mo,gila game apa ini njir hd bet Cok main di PC loh udh se hd ini game PC yg lain pada kalah,5,0,,2025-04-05 23:02:41,,,
6bce564e-90c7-46dd-9f0e-c83164896fe5,Mayy _,https://play-lh.googleusercontent.com/a-/ALV-UjWguu_zovoJxuOK2U4Dul7jPh5VOmCNDtoe6ct-TOGYN4-5004,"Karna ada Scara + game fav gw 🤭 jujur dari awal tau Gi gw jdi tertarik mainnya trs jadi game fav sampe skrg (btw gw istri pertama+sah Scara, wanderer, Kabukimono)",5,0,5.5.0_31400259_31451966,2025-04-05 22:47:22,,,5.5.0_31400259_31451966
91195d5c-6294-4734-9115-23dd2f6f72f8,Samudra,https://play-lh.googleusercontent.com/a-/ALV-UjXmjb2rd_MVIwHO314d7US-kGHAcW3iZ8EK75ifwr3-Fcej--I,waktu pengumpulan resin terlalu lama,1,0,5.5.0_31400259_31451966,2025-04-05 22:40:53,,,5.5.0_31400259_31451966
3a97f249-ce02-48d6-abc9-5c90357414c6,Aditia Akday,https://play-lh.googleusercontent.com/a-/ALV-UjWxhhxZwizjbNboRIRBEcBQrJdIGynbuHW0AXRxTdjl5zL_iWpP,"Kepada deplover Genshin Impact, untuk Overall gamenya seru. Tolong dikasih QOL memang membuat player puas jangan kasih QOL banyak isinya tetapi gak puas. Memang sebagian ada yang berguna tetapi mayoritas player menjadi ""Yah begitulah"" kesannya jadi gak senang, Sama QOL yang aku inginkan adalah konvert material boss dengan material boss lain. contoh mirip: weekly materia boss bisa di konvert material weekly boss lain.",5,126,5.5.0_31400259_31451966,2025-04-05 22:38:11,,,5.5.0_31400259_31451966
0f2d2f18-2aeb-4211-90d0-6400b533fb24,bayu purnama,https://play-lh.googleusercontent.com/a-/ALV-UjUbdmJA787sOKf-sEZmH1GcoJY02Oxt6BFNEmIhNc42nBaFLN8,Tambah reaction baru dong biar tambah variatif,5,0,5.5.0_31400259_31451966,2025-04-05 22:32:05,,,5.5.0_31400259_31451966
b0d72cff-912d-4cc1-bcbd-f872bae7381f,Avanza Kia,https://play-lh.googleusercontent.com/a-/ALV-UjWdEYk3dUzWIT7GKvvYjWszsIvrgeyxiBOgcB2MOuAUwmcdIG4,"banyakin dong bonusnya, jangan susah dapatkan karakter b5 nya",4,0,,2025-04-05 22:29:55,,,
7f607dce-272e-45a6-8311-c956ac60fec7,Lintang Pandu Gibran,https://play-lh.googleusercontent.com/a/ACg8ocKU69SidLjxASZ0mgWnBXV2grIF_KZO4nWBBrVIRWDzTkz-yQ=mo,baru donlot,5,0,,2025-04-05 22:14:32,,,
16780cbb-2e09-401e-ba43-f6090dbe71d1,ReyChan,https://play-lh.googleusercontent.com/a-/ALV-UjWbGmiQo4IJFFXApx08Iuz0dq8KgBC0B5qhUAxaqVmKEyVCd1Wz,game nya sangat lah berat tapi seru,5,0,5.5.0_31400259_31451966,2025-04-05 22:12:27,,,5.5.0_31400259_31451966
3c2eb6a6-d980-4abe-b824-67b1800a1c25,Isah Krisna,https://play-lh.googleusercontent.com/a/ACg8ocId5v9QBAQsyhEDZZJ501VV8AB9rNFIyWx3mOSOZBuQKdIx_w=mo,kurangin frame drop di hp kentang pliss hoyoo,5,0,,2025-04-05 22:09:19,,,
bab73c3d-98a0-41bd-9b46-a0d75e9272f1,i wayan wiryamananta reswara,https://play-lh.googleusercontent.com/a-/ALV-UjW1EVmNY6985dUtGctjsKlsMNv1gIhElmMjXdgnQqlL6H9Oyo4,bagus bgt ga terlalu lag bgt buat hp 2 jutaan,5,0,5.5.0_31400259_31451966,2025-04-05 22:07:00,,,5.5.0_31400259_31451966
f62ee0ba-9042-4705-9802-94dd7378b7e4,Dede Komarudin,https://play-lh.googleusercontent.com/a-/ALV-UjVoxQWfXgSa--Byb3hr43CGA0EkoAprwg6Hb_NVMtHCFMtEIZA7,bro game open world gini ngga bisa pake controller?,1,3,5.5.0_31400259_31451966,2025-04-05 21:53:32,"Kami mohon maaf atas ketidaknyamanan yang Anda alami, Traveler. Kalau Anda memiliki masukan atau saran, silakan hubungi kami melalui email atau feedback in-game.",2024-07-30 15:13:09,5.5.0_31400259_31451966
57545af6-7452-48fa-aa89-fb1506b4f382,Zeyr Zee,https://play-lh.googleusercontent.com/a/ACg8ocKFE14-6Mv17zHEEcaPMNmHP0vtEGCDXama8aGYumjDb_J-vQ=mo,"gamenya seru tapi sizenya gak ngotak, hp apapun kayaknya GK bakal mampu main ini game, 30gb lebih dah besar eh ini malah update lagi, baru aja dimain.. yg bener lah developer, kalo mau update jangan ngasih gb gk ngotak, game sebelah aja gk seberat ini",1,0,5.5.0_31400259_31451966,2025-04-05 21:02:09,,,5.5.0_31400259_31451966
8cad2949-6d61-4729-a429-93f70b219573,AZRIL AL FADILAH,https://play-lh.googleusercontent.com/a-/ALV-UjVulNN-A405tkJrml6BWuQ01Wvz8_Kn2F7ItwRUdxZ8Os3IntnN,mantab cik,5,0,,2025-04-05 21:00:26,,,
64cad2c6-3f2e-40dc-abef-3090542b2b3d,Ndy saputra,https://play-lh.googleusercontent.com/a-/ALV-UjXOLdnjkK-Sp3hn7jmK9bKxt5xCheh38cs0ykG0uuxPeJnYgA,"busett padahal udah download data banyak gara gara ke rilog malah riset,tolong lah udah tau download data banyak tapi nggak bisa di save hasil download data nya,tolong di perbaiki lah sistem nya ini",4,0,5.5.0_31400259_31451966,2025-04-05 20:45:17,,,5.5.0_31400259_31451966
bb649bf7-7d72-4bb5-a056-4cb4bbf0bd6f,Roben Sitanggang,https://play-lh.googleusercontent.com/a-/ALV-UjVHA2Gk98O1qzGBl4IXNK7CfcA9wn3ru_4-1j4ebLlTYhuq8w,game bagus 👍,5,0,5.5.0_31400259_31451966,2025-04-05 20:27:28,,,5.5.0_31400259_31451966
3bc3fb4c-05d7-4838-9873-a5ecdc45c92b,Tanpa Nama,https://play-lh.googleusercontent.com/a-/ALV-UjVyfsCiutcK9CckSgHz-D4FQA7uI9HPdRwAFmRur-fy-stzKkMr0w,"Semakin lama karakter laki laki semakin berkurang, saya juga sangat kecewa karena Capitano yang tidak playable. Dialog di gamenya juga panjang sekali, lalu ketika harus mengulang dialog karena sinyal yang jelek dialognya tidak bisa diskip seperti hsr:'(",1,3,,2025-04-05 20:01:41,"Terima kasih atas dukungan Traveler terhadap Genshin Impact. Kami menerima secara terbuka semua masukan/umpan balik dari kalian. Jika Traveler memiliki saran atau masukan, jangan ragu untuk menghubungi kami melalui feedback in-game atau email.",2025-02-21 15:29:16,
b9c263cd-2c90-4896-9d44-0816159beb1f,raya nara,https://play-lh.googleusercontent.com/a/ACg8ocKksmLLj5JsAryIXn_6vQIsvTBto7SBIqobjpIXA4o5txXjtA=mo,lama banget danwlot datanya,1,0,5.5.0_31400259_31451966,2025-04-05 20:00:40,,,5.5.0_31400259_31451966
35e83c52-fd2d-4afd-8e52-bacbac22f7d9,Ashari Himejima,https://play-lh.googleusercontent.com/a-/ALV-UjXxqH_46i-wEpKGe5aiUQM3dZBzOfHyRYCXFRcjhpqk0T-67JU2,ehhh min xilonen ngebug yaaa abis skill ko gk penuh meteran buff nya,4,0,5.5.0_31400259_31451966,2025-04-05 19:55:50,,,5.5.0_31400259_31451966
f4f8d5c6-69f1-49dc-9376-9cb494df09dd,Dirli Pantow,https://play-lh.googleusercontent.com/a/ACg8ocLP2iUvzKJBxnpq2m3zBJ54AV3MGLWp5suNay8F97FsGo8Smg=mo,GEM NYA SANGAT MENYENANKAN MAP NYA UDAH ADA TAMBAHAN TAPI TOLONG PAS LAGI QUEST DUNIA KALO UDAH MAU KELAR TIBA-TIBA LAG HARUS KE ULANG LAGI JADI TOLONG DI PERBAIKI YAH HOYO TAPI TETEP BAGUS JADI AKU kASIH BINTANG LIMA,5,0,5.5.0_31400259_31451966,2025-04-05 19:42:44,,,5.5.0_31400259_31451966
868dc5d0-1abc-4c12-bc3f-4677aec3b9f0,Happy Official,https://play-lh.googleusercontent.com/a-/ALV-UjVcb_AklyzBwwpzBEBOjGgZk0Mz1rx-v2EL7rOUQdItI3C-U2U,"game paling bagus yg pernah ku mainkan, story nya panjang menarik, karakter banyak, grafik bagus",5,0,,2025-04-05 19:03:38,,,
6518be82-bb4d-4b6c-a8d3-a77b1f839339,Kayla Febrianinugroho,https://play-lh.googleusercontent.com/a-/ALV-UjXB7WfhZrYvWu4TjG5R2kKIzsfiaprbInYq7SYqvJoveLDZXVbv,"di tunggu char male bugiel nya hoyo, kan female char nya udah tu 🥰🥰",1,0,5.5.0_31400259_31451966,2025-04-05 18:57:22,,,5.5.0_31400259_31451966
8d5e932f-1dff-4158-bd5e-607bd73df7c6,Syamsul Arif,https://play-lh.googleusercontent.com/a/ACg8ocIzYWpQCzewRy7xuUkfxWYR7eyXTgeG3lH5V1V2fuT8aCAM5g=mo,GOOD RAME BANGET,5,0,5.5.0_31400259_31451966,2025-04-05 18:19:34,,,5.5.0_31400259_31451966
69deae01-87c6-4370-ab62-b5472321baba,Ishow Speed (Ishowspeed),https://play-lh.googleusercontent.com/a-/ALV-UjVfhAuKg2shOlDVKK6YI39jsDEiXk6QFNH33aQNjjVwx7Czrr7_,Game terberat sedunia ku kasi bintang 5 sapa aku dong plz,5,0,,2025-04-05 18:01:07,,,
6189b1e7-a536-4b73-80c7-d1719a6a484c,GG Newton,https://play-lh.googleusercontent.com/a-/ALV-UjVawLf7Ro4gL_Poi5AbZLzDRwFCjdKZ8PWVnTddvHACxDtb1W0,semoga bisa lebih baik devnya dan bisa lebih mendengarkan keluhan player,4,0,5.5.0_31400259_31451966,2025-04-05 17:57:13,,,5.5.0_31400259_31451966
dd44fe62-29ea-4f53-b2bb-69cdffd63c5c,dzikra ahmad ad dzikrie,https://play-lh.googleusercontent.com/a-/ALV-UjVujeqrY4YvFaIDoYGKQePsyociuxiCR8iERIfo3W0bU4TyljR7,Tombol skip story nya mana boss pengen main lagi tapi bukan penikmat story di rl jg gw orang nya slalu sibuk,1,1,5.1.0_27118081_27297621,2025-04-05 17:16:06,,,5.1.0_27118081_27297621
99900810-15c4-4099-8580-9b492b0e9538,Foryc S,https://play-lh.googleusercontent.com/a-/ALV-UjXphEBELkUqKvjlWjGrtsQQE_bkwKjUQHNmbjgDW7Vj7_F1Rjxv,MIHOYO BERIKAN AKU FURINAAAAAA SUDAH 2 TAHUN TIDAK DAPATTTTT 🥲😭😭😭,5,0,5.5.0_31400259_31451966,2025-04-05 16:53:14,,,5.5.0_31400259_31451966
ccb42c05-b072-4839-b007-c918eafc45c1,Dwi Andika,https://play-lh.googleusercontent.com/a/ACg8ocITNR488lLh_pbJ94v-I3JYwxenGka1p_BWrl3a1O-lp98Vrg=mo,bagus,5,0,5.5.0_31400259_31451966,2025-04-05 16:32:56,,,5.5.0_31400259_31451966
2ff80e9e-818b-42bc-be2e-0a2944e79a54,edgar Han,https://play-lh.googleusercontent.com/a-/ALV-UjXsnZ6Ezo179GTZ_lFQcsHHMal9lnHLCLSeCWlGPFrjFrpKfN5T,puass banget dengan game ini hehe:),5,0,5.5.0_31400259_31451966,2025-04-05 15:58:16,,,5.5.0_31400259_31451966
21fd290b-cfc1-491d-ba64-fb598c87ecd4,Bukhori inung Jatmiko,https://play-lh.googleusercontent.com/a/ACg8ocJWVEkngKS5vMxFsaFSiGd-7FSaEUls9c-Ud7WSsKSXGfyXew=mo,betah main karna bagus,5,0,,2025-04-05 15:48:38,,,
9d61ca4d-eea8-47fb-95ed-4178d0484c12,Mozahf Far,https://play-lh.googleusercontent.com/a/ACg8ocK3i5hgMU6ICLjGke2WaKLeN9Yo9AzmlAlvr3L2kvsaln55mA=mo,bagus,4,0,5.5.0_31400259_31451966,2025-04-05 15:14:59,,,5.5.0_31400259_31451966
c8ae7146-9f74-41c7-b532-84d748a78f16,Abyss Mage,https://play-lh.googleusercontent.com/a-/ALV-UjUPOsrlHnTd48r7E4Z4UetqdQk51tju9McspW14MK80M9WJ3guH,Game kikir impact,5,0,4.3.0_19705728_19706476,2025-04-05 14:35:32,,,4.3.0_19705728_19706476
5d98c1a6-920b-4e21-a04c-febd914f127e,Yusri MAmat,https://play-lh.googleusercontent.com/a/ACg8ocIClPv2VfziGkpR84bdpI7jRrg3_c2E5cTmYuW4OF-s7rlqtQ=mo,game nya bagus tapi....... kadang-kadang ada lag dikit la tapi game nya bagus walaupun hoyofers enggak bagi karakter bintang lima,5,0,5.5.0_31400259_31451966,2025-04-05 14:31:20,,,5.5.0_31400259_31451966
e03c9cf5-13a6-4093-8a2d-63adb60088b6,Aldiansyah Rizky,https://play-lh.googleusercontent.com/a/ACg8ocIOu-HdLT5Iq8YxUYWfXhp3ofuQoTwNL8zyS0z6f9EUGo_cgw=mo,game kikir,5,0,5.5.0_31400259_31451966,2025-04-05 14:17:10,,,5.5.0_31400259_31451966
a781d2f3-dc59-41a8-aa67-f5eddb47097b,Umar Ali,https://play-lh.googleusercontent.com/a/ACg8ocKoIHDv0QoKKc5RS4FGVLqb3UpeOhv-RbqeOOwTu4CEIKyYEQ=mo,Sering kena rate off,1,0,5.5.0_31400259_31451966,2025-04-05 14:00:42,,,5.5.0_31400259_31451966
7770645b-3f2b-41f7-98d0-2e8278bb7161,Mutia Kristin,https://play-lh.googleusercontent.com/a-/ALV-UjX9W9RVByHFQJHN7CtX0-DggbqJGzX8Uhh9qpBPhOYVNs8javg,bagus,5,0,,2025-04-05 13:53:40,,,
58bb3497-a660-4038-bd4d-1528c5a1ba2f,My name Is,https://play-lh.googleusercontent.com/a-/ALV-UjUd8S95OHSJmxjLHqvoIQbz2I9gcAiH-pHsKs0R8Iz5rATNX1I,tidak bisa berkutik,5,0,5.5.0_31400259_31451966,2025-04-05 13:43:13,,,5.5.0_31400259_31451966
ac140178-1433-4455-99b1-8d17e22ff568,dika 18,https://play-lh.googleusercontent.com/a-/ALV-UjVBMaVsaXbkXhWq_3FJPBDSqWcLtCVgGq6PIelo16SMbhCxa8yf,bagus,5,0,5.5.0_31400259_31451966,2025-04-05 13:33:58,,,5.5.0_31400259_31451966
516ff7ee-561b-48b6-9889-dbed2c5a380f,Salebong Muuu,https://play-lh.googleusercontent.com/a/ACg8ocLdSJpzkDpH7WWkEeSqHPgGAwvBSnXTgD_sdOgj3K0LtEEfXQ=mo,mendownload data terlalu lama,1,0,5.5.0_31400259_31451966,2025-04-05 13:31:39,,,5.5.0_31400259_31451966
ecc7a7c6-654b-4048-85f8-c4f8c890cd17,Keysar Aprilio,https://play-lh.googleusercontent.com/a/ACg8ocKPR2QOT-2A6Jw7tsAYe7dJVdpjIBxgdt8dydAD8TvhK7vd_w=mo,gema nah bikin liyer password nah bikin liyer terus kenapa error yae pengen main teh,5,0,4.3.0_19705728_19706476,2025-04-05 13:28:20,,,4.3.0_19705728_19706476
d7969730-c417-4305-b773-057ee8d880fe,Satria Bajahitam,https://play-lh.googleusercontent.com/a/ACg8ocJj4RkjeSaj7kUu5rdy1w_5R7j-a4B4fpz98EGfLw0R_sxHHg=mo,ini adalah game Terbagus yang pernah ku coba,5,0,5.5.0_31400259_31451966,2025-04-05 13:07:33,,,5.5.0_31400259_31451966
4fcee1c6-c8c5-4b91-ac6e-82d3254f8fb3,Adhika Wardhana,https://play-lh.googleusercontent.com/a/ACg8ocL-_SYlukq0zTAUPO7id0xIoY72pNeSItLTJTUESjcXZ5IuzA=mo,"semoga konsep nya tetap konsisten y. masuk natlan kemarin bertepatan pas hype nya palworld. konsep iansan awal dl bocil sangar, dah akhirnya beda jauh pas rilis. sekian dan terima kasih atas 4 tahun bersama",1,1,5.5.0_31400259_31451966,2025-04-05 12:54:13,,,5.5.0_31400259_31451966
57dbb47b-8191-48fe-8011-808649b44890,Adji.guntur,https://play-lh.googleusercontent.com/a-/ALV-UjXcWkZL7m0XtAgYoLfGooZNqQED8O6IfgJnvw35GoSFMFaw-ovx,"tetap jaga kualitas dari gameplay karakter yg akan datang,map,desain karakter,music ,karna aku menikmati nya dari segi ini",5,0,5.5.0_31400259_31451966,2025-04-05 12:45:11,,,5.5.0_31400259_31451966
3374dea0-67ae-4147-abc6-95daf522494e,ciigoer Min,https://play-lh.googleusercontent.com/a-/ALV-UjW2T9LO8hDzq27Gd8uce3kv_AoG3oRDGRnXjE9UYnd0LcVJS2hg,selalu bansos biar laku,5,0,,2025-04-05 12:43:06,,,
fa956e91-3619-4c7a-a2dc-b3f3d533c644,Erna Nuryanti,https://play-lh.googleusercontent.com/a/ACg8ocLR1_ZlbjUmOso00oS0sGsFuYSti35CvChn-3xigqXVt6A4gA=mo,sangat menarik ❥,5,0,5.5.0_31400259_31451966,2025-04-05 12:36:13,,,5.5.0_31400259_31451966
1f74fe8c-cdb7-4453-874c-32cb079ea9d7,RONNY KURNIAWAN,https://play-lh.googleusercontent.com/a/ACg8ocLY_jOJANMH95L3ap_2zqibPxHHEHI7LwhU_f_WJTM3jPQcUQ=mo,"the graphic is so good i love it so much,so many character that we can get and the map is so very wide",5,0,5.5.0_31400259_31451966,2025-04-05 12:25:02,,,5.5.0_31400259_31451966
61779411-5c71-4c2e-9fb8-c501877ba379,Wahyu Efendi,https://play-lh.googleusercontent.com/a/ACg8ocI6kvdyr3n2h9UUZ6MJmMi2n-ub9vidDTytKnwRPmy_X5T_cg=mo,"Saran aku, tanpa login offline tanpa download peta, jika permintaan sumuanya sudah terpenuhi, aku beri 5 bintang.",1,0,,2025-04-05 11:53:13,,,
2a644345-8415-4879-9acf-ff2a89912ee4,Danish Mullah Azizi,https://play-lh.googleusercontent.com/a/ACg8ocJPELPHAQ7jjDpX3ZudthEaLzlInhRUuhjBH9_YNG2cTDfK=mo,seru,5,0,5.5.0_31400259_31451966,2025-04-05 11:40:58,,,5.5.0_31400259_31451966
95820d5f-dd60-4d85-bb6e-766141eaba89,Lingga Nabilmahardika,https://play-lh.googleusercontent.com/a-/ALV-UjVTHUpXC-qjVYBxv6b_HOnfzurKoPEb96AYH-0eKuDzsqVQTUod,"game bagus,karena ada citlali (my istri🥰🥰)",5,0,5.5.0_31400259_31451966,2025-04-05 11:21:48,,,5.5.0_31400259_31451966
53c2a3f4-6dc0-4c1d-8f62-4e36eb2e8351,Ataya Rachman,https://play-lh.googleusercontent.com/a-/ALV-UjXcMXmmsrBl9UaWMlAFORGwCV1nxnMxWOnDLMcOPZVzr7BUkHQ,ini gamenya ga berat grafik hd mantap pokoknya support hp ram 1gb hape nokia pun support tapi kalo kamu maen pake hp kemtang dijamin auto dingin hp mu no panas 1fps = 60fps ini nanti kamu disuruh download cuma dikit 13GB kalo ga salah,5,0,,2025-04-05 11:01:30,,,
6f736d4e-38d7-4103-bc73-4972bb5b464f,Muhammad Aydin Rahman,https://play-lh.googleusercontent.com/a-/ALV-UjU-ygKzOhgPaJlrkjcesBthcpLaRECVDGjYBrjMVV2oUSH1fllq,ok,5,0,5.5.0_31400259_31451966,2025-04-05 10:32:10,,,5.5.0_31400259_31451966
dcc3610f-6130-4a5f-8131-ccf0ea0baf09,RayzenGlow,https://play-lh.googleusercontent.com/a-/ALV-UjUFDVGaTLW4dJi5oWYBbP7qii0sjGBKMCx5Fw-BsfHus84Pd-Fp,"Game buruk 😜 bisa"" nya aku main Game kapitalis dan jelek ini dulu. udah gitu primo yang kita dapat sedikit dan Event nya juga dikit. Karakter nya juga jelek"" Kepala Karakter nya banyak yang kegedean njir. Animasi yang kaku tidak Smooth membuat saya mau muntah 🤮 dan lagi MC nya Yang Cowo kayak boti 🤮 apa coba udel nya keliatan gitu 🤮 kagak keren"" sama sekali njir. mending main Wuwa ygy udah smooth parah, Cutscene nya juga keren"" MC nya juga Tampan dan keren😎 gak kayak di genshilit MC boti 🤮",1,1,4.4.0_20481013_20559831,2025-04-05 10:29:52,,,4.4.0_20481013_20559831
040571dc-11c9-4eb4-9f47-3fdc78388aef,Fandi Izah,https://play-lh.googleusercontent.com/a/ACg8ocKUTlm12VCAfyZnOvrSjA4SYumzMyADeeb6ywyL8wFwgrMZNA=mo,"sumpah ini game terbaik yang pernah ada,grafiknya juga memanjakan mata.AMAZING!!!",5,0,5.5.0_31400259_31451966,2025-04-05 10:21:46,,,5.5.0_31400259_31451966
44270c11-b6ca-4463-a76c-0f481af23532,Dekste Hyper,https://play-lh.googleusercontent.com/a/ACg8ocLA6S2ANzMKehLo-7yOZj7fTdJ7Ovh54RMSP1LYQX9RlBcuGA=mo,bagus,5,0,,2025-04-05 09:45:15,,,
0cc75753-ceb7-4376-b058-631d14d360c6,David Larongge,https://play-lh.googleusercontent.com/a-/ALV-UjXFqsiL7ohHEtYnKwrED-a53u7VcfIM402EsvC6H6slSnxGbT7U,Bagus,5,0,,2025-04-05 09:44:07,,,
96bb0d5d-2fdc-44b2-aabc-ccb05bc74020,m h,https://play-lh.googleusercontent.com/a/ACg8ocI8xsxQsT_dIjmwI5AtbKE9pDHMka1LBDDPTJAFOlF2VmjmjtA=mo,"ayolah muntun tambahin fitur gamepad, cuma itu yang saya mau, kalau sudah bisa gamepad akan ku kasih b5 tak peduli dan tak akan mengkritik yang lain sesuai janji karena sudah mendukung gamepad sy kasih b5, bahkan gamepad murah seperti x3 dan terios t3 juga bisa langsung digunakan",5,108,5.5.0_31400259_31451966,2025-04-05 09:42:40,,,5.5.0_31400259_31451966
83bfb48f-cbcc-49ea-8b7e-364bdee47b46,Muhammad Daffa,https://play-lh.googleusercontent.com/a/ACg8ocL_vaW1hFhdChtRGKM4Mu6u9yUXZEQPCffhPiAmpXoJ-fAxEg=mo,bagus lah 😁😁,4,0,,2025-04-05 09:27:31,,,
7c97ba60-4d24-4a47-b2c3-34c86c07490b,Andreee /,https://play-lh.googleusercontent.com/a-/ALV-UjXHDZBMV78dEDHUy6pSVLEUD_-4VNNme661d-w1l0D7LWNh61zH,mntab,5,0,5.5.0_31400259_31451966,2025-04-05 09:19:51,,,5.5.0_31400259_31451966
ed17d581-2e46-459e-9010-988a81b2f8bb,x. Aǂrlecchino,https://play-lh.googleusercontent.com/a-/ALV-UjU6-QQO0DC-qa-x_bBMGBlrC_WZKQD1OuUAMjz667yH80213jyy,kikir terlalu P2w,1,0,5.2.0_28336591_28351161,2025-04-05 08:04:22,,,5.2.0_28336591_28351161
d26837d6-5894-44c0-8e2a-dbe1b09c0a19,Naru Hina,https://play-lh.googleusercontent.com/a-/ALV-UjVRhqniTOQ0ztUWrP2rv_1ZRPZHNaoxNyN2-jjxCVfhDJHQAec,"baru pertama main, semoga seru",5,0,5.5.0_31400259_31451966,2025-04-05 07:09:56,,,5.5.0_31400259_31451966
123139c7-4939-4b64-8424-a7a9c2c54b13,ARC Raditya Pratama,https://play-lh.googleusercontent.com/a-/ALV-UjWNM2iL-bj8EXOHvRE5Co76LDjhFK0KiWQRTmPJ4Q6sxpSrCsY9,"i hate genshit, 5 tahun sejak rilis ga ada perubahan, QoL di lock dibalik paywall, natlan yang immersion breaking, ga jelas karakter nya mw jadi apaan.",1,0,,2025-04-05 06:57:30,,,
a2c84c1f-4fc2-4d19-9202-43f02cfdf94d,Muhammad Hanif faqih,https://play-lh.googleusercontent.com/a-/ALV-UjX-3hsUG1vIFDAXXBDWkx0HzWRTavyTSQPtbut8QnFpeqV9H6wK,Absolute Cinema,5,0,5.4.0_30057195_30231699,2025-04-05 06:49:42,,,5.4.0_30057195_30231699
849c0202-c745-48e8-b893-64ba66a0945b,The Black Thunder,https://play-lh.googleusercontent.com/a-/ALV-UjWUYxuImIaMQpJwXar1dl7aWS5utCYE4dkLCQ5mb8KgrkGTsNQt,"Game kikir, kasih material pedit amat",5,0,,2025-04-05 06:46:57,,,
bc407527-7a79-4ab1-b707-843e80ccd202,Andika YudistiraP,https://play-lh.googleusercontent.com/a/ACg8ocIqcdP7eY1IWgWVPLFHrmXmI6EEv6XhzHbaXXH4-A4fatf9rg=mo,"ngelag woi, masa ram 16 gb berat bener maennya",1,0,,2025-04-05 06:41:37,,,
3acc3d86-f4da-443b-98cb-879b5d4451b6,Gamer HD,https://play-lh.googleusercontent.com/a-/ALV-UjX0izV2OKSqNRY6Yg1tNI-cpDR9KzIQMCIfthcuOZdXt6CmC_m0,Seruuu gamenyaaa😁✔️✔️👍🏼👍🏼👍🏼😋,5,0,5.5.0_31400259_31451966,2025-04-05 05:17:16,,,5.5.0_31400259_31451966
d1944cbf-311f-47b2-b680-eae1036f3c63,DimasGanz,https://play-lh.googleusercontent.com/a/ACg8ocJCJS2_9eMzKvZ_4BP-7ZDpJzDW8gcNJrotGWGPoskSNncerQ=mo,anjing kga ngotak size data nya 30gb harus di download,1,0,,2025-04-05 05:05:52,,,
11c3f943-8352-40d3-b619-a269eb031afd,Abdul hamzah,https://play-lh.googleusercontent.com/a/ACg8ocKV2MXpPr1SAFRvQJd1mNi5CR0kTOcSE9vBi65f50Kd6qM0Xw=mo,"please help me fix the lag on my phone, so the game should be made easier to play on phones with less power",1,0,,2025-04-05 00:54:03,,,
5bb9d6d2-c5d0-43e4-8fc7-b4be8759130b,Sajjad_ Kun,https://play-lh.googleusercontent.com/a-/ALV-UjVHPkKoVI9Yp_iKNw5lhHIvR-CYR_6FinQAbuEez1gjkpZYAxYU,"pliss wokk, kurangi size nya 😭😭, Poco X3pro ku panas membara 😭, udah 3× ganti Poco X3pro wok 😭😔",1,1,5.2.0_28336591_28351161,2025-04-05 00:46:18,,,5.2.0_28336591_28351161
9dcc053c-1709-41ba-80ca-d03b39f435a4,Blueberry Yeolly,https://play-lh.googleusercontent.com/a-/ALV-UjWtllcnUsEJFNgr7urRLxas8S5YobEFGMJAVBDpOUm6PZX9IZpC,"pernah nolep, gak pernah alpa daily selama 2 tahun main genshin 😭 seru bangeet (kalau ada teman)",5,0,,2025-04-04 23:08:52,,,
9e867ffa-13d3-423f-893e-de5790e8721d,Gabriel Ivan,https://play-lh.googleusercontent.com/a-/ALV-UjX-JIcOZQXFQBJDG2rweNOPissdmo1pHEiVRjks9R08YmH1QR2D,kasih skip dialog lah hoyopek,2,0,5.5.0_31400259_31451966,2025-04-04 22:50:43,,,5.5.0_31400259_31451966
89e412c9-70e0-4cd7-8fd8-2512c550689c,4kb05_Mario Claudius,https://play-lh.googleusercontent.com/a-/ALV-UjWMLdfxFCnhehka7LkWLbysX5Srq4rBMfYwgpGCZXzBhZGOcjE,kikir,1,0,5.5.0_31400259_31451966,2025-04-04 22:39:04,,,5.5.0_31400259_31451966
229e80b4-cb01-438b-959a-08593ae20d8e,Pratikno Kurniawan,https://play-lh.googleusercontent.com/a/ACg8ocL2PbKtDvXr4vH7emvuJdYkZKV7l9JAtBd3dbA7EZzYqRujUA=mo,"minus di kikir bgt pas gacha, abis dapet hard pity b5 standar (tighnari), hard pity lagi di raiden shogun 😹🙏🏻",4,0,4.4.0_20481013_20559831,2025-04-04 22:35:23,,,4.4.0_20481013_20559831
ef441cc3-7722-42e9-9131-85ad43f27a7b,seira,https://play-lh.googleusercontent.com/a-/ALV-UjULPFBXaxgvQd96Gfs5Vv_QbKSxF2BFdIanMP7LtUyHBtRvu0I,"makasih udah ciptain kazuha, kinich, wanderer",5,0,5.5.0_31400259_31451966,2025-04-04 22:25:41,,,5.5.0_31400259_31451966
06cc8e12-620b-4069-9b7f-58c749923b04,Jeje,https://play-lh.googleusercontent.com/a-/ALV-UjWgjvJblxzYoOfTiI-s6HaUsdbZFFMocvcE6LDgG_ICjlgTOMlb2Q,nice game,5,0,4.2.1_18831865_18963989,2025-04-04 21:38:07,,,4.2.1_18831865_18963989
1ff795a0-d96c-4aad-aa96-40ea2a322055,Thoriiq,https://play-lh.googleusercontent.com/a/ACg8ocLSk1SqxIrepgZUfhl3R1veONc1sK3178-7xGsDjjD8-_rqig=mo,benerin bug change email lah kocag,4,0,,2025-04-04 21:25:14,,,
27544efc-d850-4999-9906-0df5391ec897,Rayhan Ramadhan,https://play-lh.googleusercontent.com/a/ACg8ocLFPgHj4Wt0N2lQI7wR7k1cbe6JYBtHH-Xp8yQ0zTp3yPUVlHU=mo,tolong di permudah dala eksplorasi,1,0,,2025-04-04 21:14:28,,,
3845150f-a384-4f83-97b9-a818bcde161c,Dawi Andra,https://play-lh.googleusercontent.com/a/ACg8ocJ_tVUZrknBFVTfBjYwZGYSwKAmrOjpiDJxugwqTUETF4TUCg=mo,"grafik sangat baagus, top buat seemuany",5,0,5.5.0_31400259_31451966,2025-04-04 21:12:31,,,5.5.0_31400259_31451966
50897feb-537d-45e8-b987-ce8f06d21ace,Putra Meilanda,https://play-lh.googleusercontent.com/a/ACg8ocJR5Yap91hzeDhdiCQUwI3c2kMqnY3jrYkkpVgo-l1i88p2_A=mo,"mohon kepada MIHOYO, ""colldown resinya dipercepat"" soalnya klo quest selesai semua gk tau harus ngapain apalagi yg malas explore",1,0,5.5.0_31400259_31451966,2025-04-04 20:48:44,,,5.5.0_31400259_31451966
f0aa8fe1-f217-49ca-9e0e-1bef47fc8657,Hoshino Blue archive,https://play-lh.googleusercontent.com/a-/ALV-UjW5mTt1q3IhYOu_6oLNeEeXS89mDCLTHVD1Tqe6caDjaUexMBnN,game nya bagus grafik nya juga lumayan walau pun ini gem berat tapi setimpal la tapi tolong ini gem udah kayak nonton filim soal nya kebanyakan cerita. ini gem kalo grafik rendah hemat data jadi gak papa kaya gak memakan banyak kuota,5,0,5.5.0_31400259_31451966,2025-04-04 20:21:53,,,5.5.0_31400259_31451966
a501b840-58e6-4978-9bff-de0fcb24fed6,x Shuai,https://play-lh.googleusercontent.com/a-/ALV-UjVD9zHJtatSlpg8H2rB8nltXGyBeBHO-pmBW9nIuXd1BTfm1ni2,"This game is absolute garbage. The developers or even the whole company clearly don't care about their players. They've never listened, and it's obvious they never will. ENJOY THE MONEY!!!",1,0,,2025-04-04 20:16:18,,,
e99e80ce-e978-43be-b4de-909d938630d9,AKMAL GENDUT,https://play-lh.googleusercontent.com/a/ACg8ocJSsK5D_SQox2XidJVuRLBWKclHUEBmNm9DAU3OTebTqUbuiA=mo,"Update Genshin Impact selalu menghadirkan perbaikan yang luar biasa dari segi cerita, grafik, event, dan gameplay. Namun, saya merasa ada satu aspek yang masih dapat ditingkatkan, yaitu pada mode Co-op. Saat ini, interaksi antar pemain hanya melalui teks, yang kadang membuat komunikasi terasa kurang spontan dan melelahkan. Untuk itu, saya mengusulkan penambahan fitur voice chat(on-Mic) di mode Co-op. Fitur ini tentunya akan memudahkan komunikasi antara pemain.adanya fitur gameini akn menarik",5,5,5.5.0_31400259_31451966,2025-04-04 19:50:35,,,5.5.0_31400259_31451966
9e756269-6923-48c4-b7e3-9b1a384c0b4e,Akupro123 Koplak,https://play-lh.googleusercontent.com/a/ACg8ocLFKz7v6abg3dnKTNQ730rVm5dHB4wYNlhp1gGsWSvJSm0XeQ=mo,good,5,0,5.5.0_31400259_31451966,2025-04-04 19:40:29,,,5.5.0_31400259_31451966
02b3ae7b-c486-4536-9ed0-21bfe50e5d22,Adisya,https://play-lh.googleusercontent.com/a-/ALV-UjV7R-3H9I9hqYjx1ukND3j2BVwwsLwdlETvDM8wYnhj9pfosOE,"gamenya bagus bet, grafiknya apalagi. quest nya seru dan menantang, makin ga bosen mainin ni game, yaa cuma yang bikin ga enak tuh kalau jalanin beberapa misi harus minimal rank adventure berapa gitu, tapi walaupun gitu tetap seru, jadi ada tantangannya dan ga cepet selesai juga. auto gw kasih 5★",5,112,5.5.0_31400259_31451966,2025-04-04 19:15:46,,,5.5.0_31400259_31451966
659d5a73-2c48-4343-befc-e58bee040bb2,daffa arrafiシ,https://play-lh.googleusercontent.com/a-/ALV-UjX626thQJBTd4FPgK4FDDWUmGyVDwP-ibMPEUh16Jr28WB14ZI,game kikir,2,0,5.4.0_30057195_30231699,2025-04-04 18:41:35,,,5.4.0_30057195_30231699
4b66fe3a-d50e-4ba7-b810-76f70da9003b,Arsyil Alghipari,https://play-lh.googleusercontent.com/a-/ALV-UjXXz_hTbQjEtY6b-TJ24tjlSNYIiYCxlJsqv2Pak6mxXUuVIYO8xg,aku suka silonen😋😋,5,0,5.5.0_31400259_31451966,2025-04-04 18:23:19,,,5.5.0_31400259_31451966
973ccb1c-6865-4ec7-9dbd-eaf011c6f74e,Putra Revanza,https://play-lh.googleusercontent.com/a/ACg8ocLEV6sVxSPPxuCz6szbzYL5cWeikkEN32SWq9L-P_L11XMORdA=mo,game yang mantap,1,0,5.5.0_31400259_31451966,2025-04-04 17:58:19,,,5.5.0_31400259_31451966
9293379b-46fa-426b-b966-ee313a0b903c,cxodex,https://play-lh.googleusercontent.com/a-/ALV-UjViHZyFU04uJC_5G0TfLWrXZlxlTRorVrhFQYPR8KK1sVGl920,Lumayan,5,0,5.5.0_31400259_31451966,2025-04-04 17:54:35,,,5.5.0_31400259_31451966
4e022094-1923-47fa-a98c-bbab62e2c334,Rie. Riey,https://play-lh.googleusercontent.com/a-/ALV-UjWfkej3lsAmy2tW_hAQusKK8hLyrtqsAecnmBwKgPaDSAwA557z,"untuk Story genshin udah lumayan bagus, aku juga suka banget sama grafik yang memanjakan mata yang ada di game ini, Pokok nya udah bagus lah!",5,0,5.5.0_31400259_31451966,2025-04-04 17:21:10,,,5.5.0_31400259_31451966
6f811ccb-c64c-4805-942d-2df6925bd188,Muhammad Fahmi Alfian,https://play-lh.googleusercontent.com/a-/ALV-UjW1YObhRSd0gUIEsgRHrocv0z425V2urVegaLxmsIPCmIUO7T_h,Bagus,5,0,5.5.0_31400259_31451966,2025-04-04 17:18:16,,,5.5.0_31400259_31451966
1a9baab7-e155-4d9a-b326-4350ab21ea71,Bhanu Fathur,https://play-lh.googleusercontent.com/a/ACg8ocL7WzN_xDqlzmoqSvHCRHaRsahAg5aW6JSpEPVtg2kNvty0RQ=mo,Mantap,5,0,5.5.0_31400259_31451966,2025-04-04 17:11:57,,,5.5.0_31400259_31451966
96274ba6-5a1e-420c-ad02-908b3d55ae6d,Aruni 1112,https://play-lh.googleusercontent.com/a-/ALV-UjWLTSVKPR9R_r1lDkv_OZ2vsggc9T7iQg4xrOW8FoKL3A8ewrs,"overall dari segi grafik nya udah bagus dan bisa menyesuaikan dengan perangkat kecil, hanya saja saya merasa bosan dengan quest yang memiliki banyak percakapan. Itu membuat waktu saya banyak yang terbuang hanya untuk mengerjakan Quest Dunia, jika bisa tolong kurangi Dialog dan perbanyak aksi seperti melawan monster dan lain lain. Lalu untuk artefak, terasa tidak adil bagi f2p karena mendapatkan artefak yang ampas, tolong perbesar kemungkinan untuk mendapatkan stat yang diinginkan. Sekian mksh",3,7,5.5.0_31400259_31451966,2025-04-04 16:54:15,,,5.5.0_31400259_31451966
6cac4554-9443-4d8a-85bc-049141523094,Jumaidah Cahyati,https://play-lh.googleusercontent.com/a/ACg8ocIMT4ByEJXcxlrgs3gjpNzVpCFzqTxin9WXy8-VyZCpFtjdZA=mo,ok,5,0,5.5.0_31400259_31451966,2025-04-04 16:53:59,,,5.5.0_31400259_31451966
81571d13-0bc8-4507-93fe-3332b11d9528,Bomer Eka,https://play-lh.googleusercontent.com/a-/ALV-UjVOARvMCaqHniEihuqyejgoiMuUz4qes710da0K0fCp2R5YCb-R,lama ngunduh nya game burik,1,0,,2025-04-04 16:48:09,,,
e4e83829-f3ed-45ed-9686-cc372466c01d,Ryota_Osama_Behzad,https://play-lh.googleusercontent.com/a-/ALV-UjX3EsdkCCHzYkngiMk2z0nzPyQ7e_vcFK1XfQwBruOMeTUybws,"awal nya saya mau kasih bintang 5, jadi saya kasih bintang 4 karna animation burst nya yg kurang menarik, maksud saya adalah tolong di perbagusi lagi burst animation nya seperti honkai starrail itu saja dari saya",4,0,,2025-04-04 16:39:59,,,
1e01e759-e53b-48d8-9571-861a4ac10f36,Xyyagami,https://play-lh.googleusercontent.com/a-/ALV-UjXelmmvXfkUkJWAMit8QqBuhrS-S8m5SRI9HAsyO62vuxl8qeHI,"Ini game emng seru bnget sih,genre open world nya keren,tapi saran untuk quest,terlebih quest archon,dikurangin aktivitas yang sebenrnya ga terlalu penting buat alur cerita,mungkin sedikit gapapa,tapi kalo terus terusan lama lama bikin ngantuk,but at all oky",5,3,5.5.0_31400259_31451966,2025-04-04 16:31:29,,,5.5.0_31400259_31451966
0c99a845-95b9-4bd7-864e-e0ccc00adc5a,Rizki Nazula,https://play-lh.googleusercontent.com/a-/ALV-UjW9XRFVUIwxS8uUbBPdC8QW62G-KXBlUS8g7rSjSZLGUme3-mdc,berikan aku primogem 600 biji buat Gacha Veresa 🥲 (canda bang),5,0,5.5.0_31400259_31451966,2025-04-04 15:58:27,,,5.5.0_31400259_31451966
446164bf-70fd-4858-83c3-7b16b35659e4,Muhammad Aqil syafiq,https://play-lh.googleusercontent.com/a/ACg8ocK4XaZTP3nIhDWXsrPrczi6ltJn8tQUBmaypuJAo7s6XCQznQ=mo,game nya seru,5,0,,2025-04-04 15:30:51,,,
b9a58c88-d691-4230-a98c-a5cbe0c56977,Satria Putra,https://play-lh.googleusercontent.com/a/ACg8ocJhoyOyaUKGN-MIcpMfbeqqWNq_WVeJQ5sfZY7PEdDqPGDrTA=mo,membosankan,1,1,,2025-04-04 15:07:27,,,
2846cbc1-1b75-405e-ace2-605588f103a4,novaa.a,https://play-lh.googleusercontent.com/a-/ALV-UjUQBK2CaWQdSZWe2TBPSAdMe-H2Zl_3frtUZSVh9Hl1DqorAUs,aku suka,5,0,,2025-04-04 15:05:36,,,
ddde3d05-ea7a-4932-ab4a-d8d38e283042,うさぎ,https://play-lh.googleusercontent.com/a-/ALV-UjU5OTGGAMkPxyEa0CeWugdaDq9Mijl3CUDd-c9rAv3vWY0kp2O0,🗣️:geme nya bagus 😎👍 📱: bang udah bang😭,5,0,,2025-04-04 14:48:51,,,
0992a280-5c3c-4d26-88e9-dc07c8bdb94e,Made Gery,https://play-lh.googleusercontent.com/a/ACg8ocJD4ZN8iwhVUQJH5YqxIbBIHex8ODIypx0rPkpU88X6VEwkaA=mo,game nya baguss,5,0,5.5.0_31400259_31451966,2025-04-04 14:28:09,,,5.5.0_31400259_31451966
94737294-d97e-446b-a017-ab6723e6fd6c,Abdul Baka,https://play-lh.googleusercontent.com/a-/ALV-UjUA2YfCWcs2q_HLfJCTwY6MXRd0ya77kxqli8rv715ga8Fi8aP_,gacor,5,0,5.5.0_31400259_31451966,2025-04-04 14:27:49,,,5.5.0_31400259_31451966
1f589b29-1b44-4d2d-be67-827ec6cb7074,dafa nanda,https://play-lh.googleusercontent.com/a-/ALV-UjXALXTkhP94z2Nx_gerqMCZehMuc5jgPYi9y7G3LKeAD130ABsQ,game ringan,3,0,,2025-04-04 13:56:33,,,
935e50e1-30b6-47d9-a26f-dadd1f5ff273,Anggie Maulana,https://play-lh.googleusercontent.com/a-/ALV-UjVvuoM73PbabRU36IyR4APQFo47TU1FxmqF7MQcjjaPKS8KdEk,"keren cuy, udh lama pengen instal ni game. harus nunggu upgrade HP dulu hehe",5,0,,2025-04-04 13:47:11,,,
f5690580-f82c-4cd1-8778-82f8e3d332b2,Keanu shaqeel putra arif,https://play-lh.googleusercontent.com/a/ACg8ocKQAcVbGjcBbqsxXIgm8qppSmfW71hz420EGvYa295KBnYy_g=mo,what is this gooner game even abt bru😭🙏,2,1,4.4.0_20481013_20559831,2025-04-04 13:38:37,,,4.4.0_20481013_20559831
67d93122-68ee-4a7f-9a21-282438d29164,Giana Wiguna,https://play-lh.googleusercontent.com/a/ACg8ocIO9xiy1tcA2gSo9nOwdWhI4KVRC-yffbpqqUf09SafLm3FJEU=mo,pity nya jelek ga baik buat player ftp,1,0,5.5.0_31400259_31451966,2025-04-04 13:30:37,,,5.5.0_31400259_31451966
1906e4f2-386d-46fa-89ba-d57505bc1c92,rama as as,https://play-lh.googleusercontent.com/a/ACg8ocKyRl5IOkXk-QOQPV9NPoc8ZYBdHyyL4n2sonleaxkUZOLL=mo,ada terjadinya galat di game di bagian prolog pada game galat itu terjadi saat: 1.pemakainan pembelah layar 2.saat pengunaan aplikasi gotube yang di mana hanya saya gunakan untuk pemutaran lagu saja 3.di celah-celah batu sering kali terjadinya karakter diam dan tidak dapat di jalankan cuman galat satu ini bisa di atasi dengan keluar dari game/relog itu saja galat yang terjadi selama saya bermain mohon untuk di perbaiki dan di tangapi,3,0,,2025-04-04 12:57:21,,,
124a0381-6395-442b-b37a-b47b8a4250b1,Ulul Azmy,https://play-lh.googleusercontent.com/a/ACg8ocL59hqzrqCmRkr8L8dm-OhXyJMqdu7eNVt8_HDQSnpR24nMhA=mo,nicegame,5,0,5.5.0_31400259_31451966,2025-04-04 12:21:49,,,5.5.0_31400259_31451966
7c7bc28a-f833-400d-946c-aba24408ab40,no mercy,https://play-lh.googleusercontent.com/a/ACg8ocJCTg784UY6v9Ehx3vB88sTuqM0cSWrBVnkpoLsYT2hyfnIsg=mo,lo maksa gk ada fitur skip? lo kira orang gk punya aktifitas lain selain liatin dialog npc yang gk jelas itu?? orang sultan pada joki quest orang biasa pada pindah game/pensi,1,0,,2025-04-04 11:11:00,,,
ef901aff-2cb2-4498-a192-9a283bd5368e,Aimhan Studio,https://play-lh.googleusercontent.com/a-/ALV-UjVEWqruNggmJNWsG5PN63iCdNAxAHMmY_KmROz8hcfz1ir3k4w,Keren Banget Dah,5,0,5.5.0_31400259_31451966,2025-04-04 10:56:08,,,5.5.0_31400259_31451966
143c355f-7bd7-4811-923a-4da83ed312fd,Nanda Tarigan,https://play-lh.googleusercontent.com/a-/ALV-UjX135p_emKwKSWl_slGQH5VSaJ07l_p18VZRcLjn16Y7weFk7Q,game kikir,2,0,5.5.0_31400259_31451966,2025-04-04 10:34:29,,,5.5.0_31400259_31451966
0d32e15d-4bad-47ea-9fab-cdce6b50cd17,Arasy Putra,https://play-lh.googleusercontent.com/a-/ALV-UjX_oLxcTLWq-GEzhtnZWeWZK0IglIjCX28_mcPvsERVoDQSwRjG,game nya sangat bagus tapi buat ngumpulin primogemnya susah banget kami Player f2p butuh berbulan-bulan cm buat dapet char b5,5,0,5.5.0_31400259_31451966,2025-04-04 10:34:26,,,5.5.0_31400259_31451966
d007a040-c044-4568-9475-24c3487d6c58,GANYU WANGY:d,https://play-lh.googleusercontent.com/a-/ALV-UjWQeIfv-WkQdytXhIfyRu3Ugn-PuHNXMS-7r8ffBPhV-qM47V4,kalian dan game ini adalah sapi perahnya mihoyo,1,0,,2025-04-04 10:26:53,,,
a409f673-7203-4090-a882-f928bf0f70a7,Ahmad Taufiq Hidayat,https://play-lh.googleusercontent.com/a-/ALV-UjVdSy7NOyUI00cHSAQstohxWPJIyUZt0ysC8DTgy1riPYlVnqMK,👍,5,0,5.5.0_31400259_31451966,2025-04-04 10:19:53,,,5.5.0_31400259_31451966
2c5eecb9-87ea-4543-ae7a-1c1c267b9d25,peokk yokk,https://play-lh.googleusercontent.com/a-/ALV-UjVFJuESxMTSxbGZYK1UzOEczUTEjjRbCDZh8DTb6Pbtyt3UfHzV,bukan buat hp dibawah ram 4 wjwkwkw,4,0,,2025-04-04 09:43:26,,,
6b333852-2354-40c4-84eb-3c596244dd80,Ratna Komalasari,https://play-lh.googleusercontent.com/a/ACg8ocIq6d2oLx2WLK93j_mX40lMncnph11ijeGQZInRgnQMH_Y6Ew=mo,developer coba ganti data awal gamedari 32gb ke 28gb aja soalnya lama,2,0,,2025-04-04 09:39:02,,,
5838353d-97a8-4b56-8c24-9afc59cc92d0,A. Ulil “Bastian” Sebastian,https://play-lh.googleusercontent.com/a-/ALV-UjWd5_nYQYvbpwTNEvua3fILUJHx-X90nRun7Aed-FPoS1ZgNql9,Game Boring,1,1,5.0.0_26041933_26161852,2025-04-04 09:30:26,,,5.0.0_26041933_26161852
f870ebe8-5710-4573-bf45-f0c44c6202bc,Paskel Ariyuda,https://play-lh.googleusercontent.com/a-/ALV-UjWWrHWbYlW8zV0x4p-s7k9vxjz3LHEITSAs-RceNYJzMMNUjFA1,stori nya bgus bngt,5,0,5.5.0_31400259_31451966,2025-04-04 09:07:17,,,5.5.0_31400259_31451966
3266596d-2581-42b8-823c-edd035847f69,Ardan,https://play-lh.googleusercontent.com/a-/ALV-UjUmb-QasghH5v7n6LlZdFfA8KCZCWeYHYhyX8I2U8DgLesbQVU,"tolong tambahkan fitur skip story,dan juga naik kan rate untuk mendapatkan artefak lebih bagus.Dan juga hadiah primo dari chest dan quest diperbanyak",4,0,1.0.0,2025-04-04 09:02:32,,,1.0.0
6eb4cb6b-afa8-4791-b6e6-2f8a6bb6c24b,Rayyan,https://play-lh.googleusercontent.com/a-/ALV-UjUUzwkFOnYXU5qOAujg2sQBS8ztEgHW2_H4JLg5Pezma2xEE27a,game ini sangat seru!,5,0,5.5.0_31400259_31451966,2025-04-04 08:28:57,,,5.5.0_31400259_31451966
34feb91a-c8da-4234-9a0e-a781ba5a343d,galang maulana,https://play-lh.googleusercontent.com/a-/ALV-UjUOV0r92iEq4azh00WPgOFpJ-8-WvT7IFTGTcoCFCOFwb-N_vG0,seru banget,5,0,5.5.0_31400259_31451966,2025-04-04 08:28:39,,,5.5.0_31400259_31451966
a41658a8-d801-4891-a34c-526847530082,Papa Tango,https://play-lh.googleusercontent.com/a-/ALV-UjXuhVjfndKawdA3E-rFiLSTFhriTuI0NiHE56XojMrgstqwvPDV,Mantap,5,0,,2025-04-04 08:23:27,,,
8a252f5f-d235-4b32-984a-3b0e9239fd2d,Dadang Prio Pramono,https://play-lh.googleusercontent.com/a-/ALV-UjUTR6JRkVCPxel0uNy7ed798Oa0yX5XYChWKh6SFd1VGmU2kn1L,"gimana hoyo kabarnya? apa udah di acc untuk berkolaborasi dengan pihak perusahaan lainnya? menggaet moonton misalnya, atau menggaet pihak nintendo? silahkan dicerna ya hoyo.... apalagi sudah banyak indie2 aplikasi yang membuat lisensi tentang hoyoverse loh... terima kasih 🙏",3,0,3.6.0_13833164_13951843,2025-04-04 08:10:00,,,3.6.0_13833164_13951843
9379c81e-4727-4f8c-b546-cb6c270d616f,ougi min0,https://play-lh.googleusercontent.com/a-/ALV-UjXsedNl0xXZ124ge0Dv3fgTB4bASW0F9g5FmsGvLRL6mmRu7dU,how many years left until you become generous? let me guess.... around 1 year~,1,0,5.5.0_31400259_31451966,2025-04-04 07:58:49,,,5.5.0_31400259_31451966
1b97ca82-ecc1-4df9-872a-c95a467ee620,Kii,https://play-lh.googleusercontent.com/a-/ALV-UjW74BSwmVa5R3_nmeDadXl5FZr_Il2HNWyFnuAsaVlivkqziCYW,Game nya jangan kikir ya developer,5,0,,2025-04-04 07:55:17,,,
7e08d17d-bcb5-432b-9c0c-a5c88402ad73,Ansari Mgr,https://play-lh.googleusercontent.com/a/ACg8ocJLhc5WE3q7DM3UKubJTjRNhHLvChbHzWKkXELESFTPJg6j0S8=mo,keren,5,0,5.5.0_31400259_31451966,2025-04-04 06:30:28,,,5.5.0_31400259_31451966
e29ffa8a-cb54-4b3d-b909-162ace6fa109,Farid Nur hidayat,https://play-lh.googleusercontent.com/a-/ALV-UjWWvsK9wNcvOnH2pW3Muvou49pwSWQm8bfVeImtQkdrT2wVVVw,pengalaman nya seru banget 👍,5,0,5.5.0_31400259_31451966,2025-04-04 05:56:56,,,5.5.0_31400259_31451966
aecbf19c-dc7e-4221-900f-923f6d60c1fb,Almirowrr,https://play-lh.googleusercontent.com/a-/ALV-UjVjcjKicDxWraBlFrDibhuEV-NPjYdRVldSMi55aTc9DNMllak,mengunduh datanya lama bett masa 8 jam belum selesai,3,0,,2025-04-04 05:42:45,,,
c68c4aa7-1bc3-4f65-9645-96b7699be843,ChristianBot,https://play-lh.googleusercontent.com/a-/ALV-UjXvtxDwoiW8HPObv3dULf-E95K6uw_LyOW6zyjSV993aVbio8ECTQ,banyak bocil genshin yg fomo nurunin rating,1,1,5.5.0_31400259_31451966,2025-04-04 04:07:11,,,5.5.0_31400259_31451966
5e71bf6c-a8e1-4646-a544-833a00cab071,JB JB,https://play-lh.googleusercontent.com/a-/ALV-UjV73d-JgjOSbQW82JHiUs5-IfQtIO-D6FABK6wP3zPnNa0HZIui,please support Infinix smart 9 device,4,0,,2025-04-04 03:21:59,,,
91451eb3-71df-49da-8c28-90214a9317d0,rey haukilo,https://play-lh.googleusercontent.com/a/ACg8ocKBWjX0Y7d6R6U9n1JbxXPR3hsE-5DZn97oXu8MJdPcQIzaFw=mo,my account missing twice F2P dark system mihoyo,1,0,,2025-04-04 03:06:58,,,
49175c70-b55f-4429-9701-7bf32be5d6ad,Rey,https://play-lh.googleusercontent.com/a-/ALV-UjXN_RRqNhXNgmIKA0Ls1XACJ5eR4ThcVXGLLN-u3WIPeJGNFzwv,mag hoyo kasih aku wgs dooong,5,0,5.5.0_31400259_31451966,2025-04-04 03:00:12,,,5.5.0_31400259_31451966
74cf43fb-49ef-4c46-a2ba-c8bcfc129daf,Susu Bendera,https://play-lh.googleusercontent.com/a-/ALV-UjWLZuKmZIXKzFGhZDzjNM5hi60h3svaWGf0mQ2f7QFojGeoIqM-,"MAKASIH,CINTA BGT AK SAMA KINICH",5,0,,2025-04-04 02:13:19,,,
d97fdf5f-71de-485b-9e72-c5bbaee5e837,Andy Efriansyah,https://play-lh.googleusercontent.com/a/ACg8ocKDM9zYQUT3jQJzmYx4vM0z5oDxe2MIo9RTpXApXmRMN-i_7w=mo,"why can't traveler pyro? why only lumine can pyro? udh bgs game nya, alur cerita nya, gamplay nya, grafik nya dh bgus, cuma kadang pelit aja kalo gacha cape ngumpul, tapi masik gk masalah lh. hanya saja kok traveler gak bisa pake pyro, kok cuma lumine aja yg bisa pyro? hadeh...",4,0,5.5.0_31400259_31451966,2025-04-04 00:54:12,,,5.5.0_31400259_31451966
a610548e-d48a-47b2-b461-88320af0e1a2,Lalu Fathan Wirandaningrat,https://play-lh.googleusercontent.com/a-/ALV-UjVnbVDNom91VdCX7DqtcVKXdc6CBGY-nyaYW6TGVGEwO8kcusDr,butuh dubbing bahasa Indonesia,5,0,5.5.0_31400259_31451966,2025-04-04 00:41:43,,,5.5.0_31400259_31451966
64872cd2-19ff-4e12-8e62-e867061cf423,Egvrrxd,https://play-lh.googleusercontent.com/a-/ALV-UjWrqtmPql76sS6Q6Ra0MfMfI8zOXSLJOqnr1isDCiJGQrYTApz3,"Gamenya bagus, story mayan, gameplay asik, grafik mantep, karakternya juga pada cakep (furina🤭), overall bagus lah. Tapi sayangnya.. gua melarang aturan.. yaitu dilarang baper saat coop. Dimana pada saat itu gua coop dengan cewe berinisial m, dan pada saat itu juga kita sering coop, hari ke hari kita bertukar siapa yang join world. Seiring berjalan nya waktu, guapun mulai menyukainya entah kenapa, dia itu seperti cahaya yang menyinari hidupku. Tapi anehnya aku gaberani untuk confess. i love her",5,0,5.5.0_31400259_31451966,2025-04-04 00:15:40,,,5.5.0_31400259_31451966
406e5f0a-5144-455e-b7ef-d2f280bce117,ainur rohman,https://play-lh.googleusercontent.com/a-/ALV-UjXoHPhJUpkSGtFFqkxiyJynNd30tuIhy3FOOlPDco8bWOonNFMa,laher baten,5,0,,2025-04-04 00:09:05,,,
ce84151f-77be-4433-8e86-bb0ece271f56,kyrarwrwrrwrrw,https://play-lh.googleusercontent.com/a-/ALV-UjXcRXzW0W9voePDwdbD6SPN43ZLEaxPveWsL0E3SRTy9ouZASc,"KINICH, SIGN KINICH, RAIDEN, ESCOFFIER, XILONEN, SIGN XILONEN POKOKNYA HARUS MENANG RATE OFF DILOW PITY😡😡😡😡",3,0,,2025-04-03 23:43:29,,,
6a6ac435-cd94-48d3-bef8-596ab8b68aad,Ikmal yaw,https://play-lh.googleusercontent.com/a/ACg8ocJ494xXQcYioCaaOVQ9PR5PoThhBcauNBbTy5EdGaQn0IALCg=mo,gamenya kurang dark mc femboy babu,1,0,5.3.0_29183395_29332470,2025-04-03 23:29:11,,,5.3.0_29183395_29332470
af9396c2-bcad-438a-b522-4c03e50e86b0,エヴァンEvanyyz,https://play-lh.googleusercontent.com/a-/ALV-UjWXPLilCFAAFKGrJSGbLwbOTo93C_1OcYVba54uvUgdA8wmU1ie,oke lah🤨,4,0,5.5.0_31400259_31451966,2025-04-03 23:09:51,,,5.5.0_31400259_31451966
9da2d630-5bb4-4e56-a406-0580c1203670,Hazza Ammar Syaddad,https://play-lh.googleusercontent.com/a-/ALV-UjWZhlTfONpyqyMTlWXVk9Y4T3oGBowB_c3wWZFxJocpQ8mkfnbP,game kikir,1,0,,2025-04-03 23:01:48,,,
cba5da15-0a63-4d35-8cc8-734e797bc496,RafiBuilders Man,https://play-lh.googleusercontent.com/a/ACg8ocIMhXsU4sciLJskCPiBFjndrmDAK7voJbn-PMbPBlzFoBUAzA=mo,Mohon puzzlenya jangan terlalu panjang dan questnya mohon dikasih tombol skip.,4,0,,2025-04-03 22:44:47,,,
dd2a8f4e-596e-4415-9c4f-9a34123a8016,Wei Lann,https://play-lh.googleusercontent.com/a-/ALV-UjUjd8Viy3hPHAlKvkkwK3y8oroXoPTnXbd-WSZ8RC_R1TzjHdQ,Player nya public enemy semua,1,0,,2025-04-03 22:42:49,,,
c9d6cf37-2281-4c68-b066-eec4edcd918f,Zenk,https://play-lh.googleusercontent.com/a/ACg8ocIhTgDyLE1dab_BAIh2GdcTtim5I6vCYN2netADtUSMSKc-Iw=mo,👍👍👍,5,0,,2025-04-03 22:32:57,,,
dc28808d-c9f3-4083-ae4c-fec6e96c67ce,Krikil,https://play-lh.googleusercontent.com/a-/ALV-UjWZhjb5qNYlDekX-1XixOAEQCGkd1Cf3jLck10cVNYK669VCSS6Ww,Setiap update 20 gb wkwk tepuk tangan 👏👏👏👏,5,0,5.4.0_30057195_30231699,2025-04-03 21:17:22,,,5.4.0_30057195_30231699
4b0334a9-f5c5-4656-a361-64ba535e5855,Irfan Maulana,https://play-lh.googleusercontent.com/a-/ALV-UjW_CFPu0ke_VG1MdFc_P2pQMKNKip7Z7wMTRViGUuy7SqQV4C0,pelit artefak anj udh bagus bagus dpt •CR •CDM yg naik mlh hp sama def anj anj,4,0,5.5.0_31400259_31451966,2025-04-03 21:07:28,,,5.5.0_31400259_31451966
c5ea5145-39a5-46ff-baee-fc2d19f76f6c,Kaezan,https://play-lh.googleusercontent.com/a/ACg8ocJ7ItY3Yt9ASdzceCc-_msMN5rTUtrZKFIdLdBK1EZexMb00g=mo,keren sekali,5,0,,2025-04-03 20:29:38,,,
fefce0cb-09cd-40b1-9a55-1f958a71bd5f,Patricia Eka Putri,https://play-lh.googleusercontent.com/a-/ALV-UjUDW7mvvX970PgdjMrInmN5-ChFcwDXsi9cuhmMo278rWJEyt4,just give us more male characters in this game.,1,1,5.5.0_31400259_31451966,2025-04-03 20:28:02,,,5.5.0_31400259_31451966
a36e7106-50da-4fc8-b758-5d81fd01db80,Putra Kazama,https://play-lh.googleusercontent.com/a-/ALV-UjVTxP7DLpvtGi61nT2-t3-1RReOpRFbpiKZlz7sp-FwsqU1Zh8,Gamenya berat banget sumpah,5,0,5.4.0_30057195_30231699,2025-04-03 20:27:40,,,5.4.0_30057195_30231699
2f194d18-3262-450c-8e06-c9dc15944a4c,Rehan Febriyono,https://play-lh.googleusercontent.com/a-/ALV-UjUoflrOpC4mmuorNE004OMiwFLUFIxMXiOH14E_4fV0KMjXSmkg,nice game,5,2,5.4.0_30057195_30231699,2025-04-03 20:04:25,,,5.4.0_30057195_30231699
b42d2971-6dd6-4ee0-826e-2947bee736e6,Majid Cakep,https://play-lh.googleusercontent.com/a/ACg8ocIGV0rNThn08TaawicPdsjTNw6XqN2DABAZhocAtZDN5gxGJQ=mo,"Jadilah Game Baik, yg ramah dengan yang top up",1,0,5.5.0_31400259_31451966,2025-04-03 19:48:27,,,5.5.0_31400259_31451966
c1589185-5f7b-4715-9024-4aeb3cc2643a,Lutfi Fauzi,https://play-lh.googleusercontent.com/a/ACg8ocJxVYkNk0kk560Ou0MjGqQbToyNNf6CXQTYHjkmDTsA25kmtg=mo,"hahaha akun gw ilang jir, udah nge hubungin cs nya malah ga di respon, kacau kacau di pikir akun gw tuh masih levil 5? kecewa si, minimal kalo gabisa balikin akun ya respon ga si?",1,0,5.5.0_31400259_31451966,2025-04-03 19:45:21,,,5.5.0_31400259_31451966
8174fafe-332f-420c-93fc-3daf9426cca6,Aly Wardana,https://play-lh.googleusercontent.com/a/ACg8ocL69G8QJIlt7372lagJs9SbOPsbWLWTpSnrTUegDMqbwaen_Q=mo,kebanyakan yeping ngantuk,1,0,,2025-04-03 19:27:19,,,
927e8579-9503-4bb6-8592-1260b7f8db57,Julian Syah,https://play-lh.googleusercontent.com/a-/ALV-UjX5MDuRuqndBhltG1dM6nVB03Evn8r7lnKOQuv2PDyzL2p0Ijy5,"maaf saya kasih bintang 1 dulu knpa pas saya main kok lag yah koneksi lancar, terus saya ubah grafik ke low malah tambah parah device masih baru kok lag aneh tolong di bantu dong jika susah bener saya kasih bintang 5",1,4,5.5.0_31400259_31451966,2025-04-03 19:19:40,,,5.5.0_31400259_31451966
faed6268-63d4-4778-9963-b1e28e25b160,KeyMC,https://play-lh.googleusercontent.com/a/ACg8ocJnam82OVzxgDX1WCGZsPnQ62fZVY2KZ_PScjM0RX4fFhknUA=mo,"sya suka dg gmplay ini,terbaik..tdpt vitur coop yang membuat kita bisa bermain bersama teman terdekat 10/10",5,0,5.5.0_31400259_31451966,2025-04-03 19:15:49,,,5.5.0_31400259_31451966
b65448bf-f76d-458f-88ba-8b6bfbc1eeec,Dinda Putri Amelia,https://play-lh.googleusercontent.com/a-/ALV-UjV6Dhm8hsmQsFkzz8-FVpPqwpXh2T3nwdLF5znhM-akwiKz_jaB9w,Telat pake bgt fiturnya dari segi explore kasian yg player old,2,0,5.5.0_31400259_31451966,2025-04-03 19:00:45,,,5.5.0_31400259_31451966
009c2343-b265-4211-9350-6a98b2cf8faa,Mr. Monochrome,https://play-lh.googleusercontent.com/a-/ALV-UjWk7pYDh3l9v338gl65cAiT0YdBJQ8noUmq_YxdnI7feZd0P8Y,re cast unprofessional EN Voice Actor,5,0,5.5.0_31400259_31451966,2025-04-03 18:57:18,,,5.5.0_31400259_31451966
37695b23-e49b-4a30-9905-11ecad0fbaaa,L Heartfilia,https://play-lh.googleusercontent.com/a-/ALV-UjWFqoqwFuNNxsItf50t_vUkbF4Wk9JFbmvSr8YNmINwuvWQQzQ,"We need gamepad/controller support pls, i'll give 5 star later (thank you)",5,0,5.5.0_31400259_31451966,2025-04-03 18:56:20,,,5.5.0_31400259_31451966
0b3588c8-ac66-480b-934e-6f0debc2ffa3,Jon Samsung,https://play-lh.googleusercontent.com/a/ACg8ocJ48YEIhx8Y9TDSmsmRHki6_HbeactzGqRUH8Aw83mJcUxvLg=mo,suara backsoundnya sekarang seperti kaset rusak (mobile),3,0,,2025-04-03 18:50:06,,,
d8b78165-47f1-4504-bce5-86f4a80aba77,Zoro Ngedihu,https://play-lh.googleusercontent.com/a/ACg8ocLxK2Ib7uDxT4ba7CVaWbMfyRPckYtrMX8sHF-6tTr_Rwq6Zg=mo,"developer nya budek, gak dengerin keluh kesah para player",1,0,2.5.0_5517525_5674503,2025-04-03 18:03:58,,,2.5.0_5517525_5674503
352a66e7-b8ae-49f4-b4a1-22652152834c,Ian Agustian,https://play-lh.googleusercontent.com/a/ACg8ocLusC2g9RPmN9QmsyB0r7ipL2uZ5drUqVrYReKrswAbyDInvA=mo,Game kapitalis,1,0,,2025-04-03 17:22:29,,,
11d2f018-a396-4bcc-82c5-2feb56d35148,Ryhan Fadil,https://play-lh.googleusercontent.com/a/ACg8ocKYbTOh18urOT-AAMfXGBBecd2kanP3ImP1q-rIp6Skcpp6dA=mo,"game jelek, mc ga ada perkembangan, cmn sampah",1,0,5.5.0_31400259_31451966,2025-04-03 17:20:35,,,5.5.0_31400259_31451966
368e38fc-98dd-44d4-b588-e0442ddbcfee,LeafyLuv,https://play-lh.googleusercontent.com/a-/ALV-UjXe9Ohrz7YGU-pRmsWN7OIfpwiEpWoqr7m33b0BKxYci740QgE,tombol skip 5 tahun ga pernah di tambahin di main quest. Ga semua orang mau dengerin yapping npc ber jam jam cuma buat 40 primo,3,1,5.5.0_31400259_31451966,2025-04-03 17:08:33,,,5.5.0_31400259_31451966
68e8795e-b244-477d-84d9-03d3f6a0a974,Muna wibu,https://play-lh.googleusercontent.com/a-/ALV-UjUaFI4OtObEuOpDZ9_lhD-MROJ3OTB4IhyBe6zj3aoOmU9-6fU,Developer terburuk yang pernah ada tidak pernah mau mendengarkan feedback player paling parah bagian qol nya pun tidak ada peningkatan hanya gimmick dan penyakit yapping gila terlalu berlebihan cukup muak maen game satu ini terutama primo yang bisa kita dapatkan terlalu sedikit kurang rekomen kalo kalian mau comeback atau baru bermain lebih baik cari game lain aja,1,8,5.5.0_31400259_31451966,2025-04-03 17:07:21,,,5.5.0_31400259_31451966
7b8b57f3-6604-4117-952d-d30ca87d35cd,Paimon Cute's,https://play-lh.googleusercontent.com/a-/ALV-UjXGfJH--p0gvmFR6jwQs7va0DCUu3zIwz5edIIa8Y6H5c_8p9ez,Karena dapet varesa sm weapon nya di high pity aku kasih B1,1,0,,2025-04-03 16:57:21,"Terima kasih atas dukungan Anda terhadap Genshin Impact, Traveler! Kalau Anda mengalami kesulitan apa pun yang berhubungan dengan Genshin Impact, silakan hubungi kami melalui email atau feedback in-game untuk mendapatkan bantuan.",2024-07-23 13:33:49,
61d148df-2405-4c1f-b3e9-2b3db99571a5,Dicky Yudistyo,https://play-lh.googleusercontent.com/a-/ALV-UjXEfea2sa91KDnsT3gWwE2LMX_Ii_L-UE__W_bC5LLM2Tf02Rk,"Tombol skip nya mana, udah 5 tahun nih",4,0,,2025-04-03 16:35:19,,,
97df2a69-265f-40ef-85c1-4f40025398d1,SCOTTZ GAMEZ,https://play-lh.googleusercontent.com/a-/ALV-UjWeA-QEWnoyEE_9fSmVKvT_iXl6It1T6y5CKaGHtf7jaPQhNCvG,"Hilangkan Bug Limit Login ""To Many Request Dan Akun Terancam Beresiko"" 🤬🤬🤬",1,1,5.5.0_31400259_31451966,2025-04-03 16:15:29,,,5.5.0_31400259_31451966
25253e99-32e2-4dbd-bcfa-43d224b8c324,Mochammad Rasya Putra,https://play-lh.googleusercontent.com/a-/ALV-UjUTSfiE2_jXUbvCcdKicHy1F8cWNv_HBgEiAVno3f7RiWTEzKNa,"Game pelit gacha 60x ga dapat hero bintang 5, padahal gua player f2p dan juga jarang login, tapi masih ampass..",3,0,,2025-04-03 16:14:31,,,
63b39e25-41ce-4bf0-8583-e8735c26251c,Rapip Gibran,https://play-lh.googleusercontent.com/a/ACg8ocK-tctLtozciMHfMq2gEMZ6M29nUwcTqsnLlYeL7S9mZ_fIew=mo,mntap,5,0,5.5.0_31400259_31451966,2025-04-03 16:04:55,,,5.5.0_31400259_31451966
887a3eba-d0cc-441a-b966-4bb8b1f27ec5,Andrew G Mokaliran,https://play-lh.googleusercontent.com/a/ACg8ocJd-OF2nCzeE6cjWo62A6y9fqAWGO_krTx-QacYCq7MbyCm_g=mo,gem hebat,5,0,5.5.0_31400259_31451966,2025-04-03 15:59:13,,,5.5.0_31400259_31451966
363bc34e-ce13-485a-87b8-c082d80f2790,Adi Saputraaa,https://play-lh.googleusercontent.com/a-/ALV-UjUUspvAVRXvCi5yk7DJYEjsmVn87cPlF9ILE2rVCQqXEbQH4ec,game kikir,1,0,1.0.0_1112729_1135452,2025-04-03 15:41:33,,,1.0.0_1112729_1135452
a8a3423a-0f89-4434-a133-8eb1c8770f87,Ana Rohmatul Fauziah,https://play-lh.googleusercontent.com/a/ACg8ocKayJtTfQMLwo0YRvOMZiHV_Sa-7p2Wev0-h348nd8sX6Inrg=mo,👍,5,0,5.5.0_31400259_31451966,2025-04-03 15:23:12,,,5.5.0_31400259_31451966
96e40713-482c-4f6b-b168-7862eaf7403a,Ilham Khairul Irawan,https://play-lh.googleusercontent.com/a-/ALV-UjWRb1lqAtQV53fmLfjtCthHjv16GQIvMzlQOx6dKcFTou50VPJq,"Mulai ada peningkatan kualitas. Walaupun gak se drastis dan sesuai ekspektasi tapi udah lumayan lah. Capturing radiant lumayan membantu, story yg mulai terasa kuat, hanya untuk optimalisasi di Android harus lebih dimaksimalkan supaya tetap nyaman dimainkan dan tidak terlalu berat terutama di Natlan.",5,81,5.5.0_31400259_31451966,2025-04-03 15:07:34,,,5.5.0_31400259_31451966
9c619e2a-7121-4128-9a6a-ec8e79ff7820,Nayla,https://play-lh.googleusercontent.com/a-/ALV-UjWmeLOpNTa-3w8Nc-h67uRJvoq9g2KpmmZAD0SBh0wAok7C_es,"mayan lah, cuman pas main bisa ketiduran. paling seru quest archon si, map nya gede bener sampe capek explore sumeru.. sering kalah rate off ueueue, tapi gapapa yang penting kinich dah pulang 😛, overall lumayan lah ya, cuman kenapa 3 star? karena ak mainnya nge lag terus :/ sama kalo apdet memo ku menangis melihat ini 🥰, battle nya mayan lah ya, ceritanya menarik bisa ku buat tugas sekul ketika disuruh buat cerita fiksi (hehehe) sempet nangis gara gara storynya juga, ya mayan lah",3,1,,2025-04-03 14:50:32,,,
9262ac91-881a-4aae-95f3-f2f3a7cc2e9d,Cartiman Cartiman,https://play-lh.googleusercontent.com/a/ACg8ocLcrp2-BZV5MzLkgko08tHgVXABrA0_neLO14U6TAaqZl-Iyrc=mo,gamenya bagus tapi kalau dwonload datanya lama jadi dipercepat aja ya,4,0,,2025-04-03 14:46:17,,,
f8073486-b146-4c14-8318-ed4a3c94668d,Iban Bansss,https://play-lh.googleusercontent.com/a/ACg8ocIbdhQyz_QZ7koDQvyJUXT6fOF5jO1krYwKE-Cx1rRkS65iww=mo,the best game,5,0,,2025-04-03 14:32:17,,,
f8c35a9d-171d-44c7-9698-bb7e45cd2501,minio nesse,https://play-lh.googleusercontent.com/a-/ALV-UjWfhYgzEyoc8RTNoz6M4gbxV5QvE80oH2nDDeBPb7tMP-uZtucQRg,sering terputus dan ulang quet,1,0,,2025-04-03 13:36:57,,,
a2f4ff88-fefa-4bd1-80ad-a1fce5c5e6de,Anita,https://play-lh.googleusercontent.com/a-/ALV-UjXEBb8fN8Dngufk-1jNncRp8Y9BUQO_yUo9Sy1w-7X6O8SMNUvU,"design amburadul, chara cowok woe",1,0,5.5.0_31400259_31451966,2025-04-03 13:36:28,,,5.5.0_31400259_31451966
e69d6008-3f47-497a-a836-0633b27b33c8,UJI COBA,https://play-lh.googleusercontent.com/a/ACg8ocIMr_EbVUXGHIVsKKiiAjBZBPFfeN-6lYNtYoP0gJuRReBFOg=mo,"bagus banget gamenya, kalian harus coba ya soalnya ga bakal bosen dan sangat menarik dari event, grafik, cerita lainnya dll, kalian harus coba dulu ya hp aku masih ram 3 belum support game berat. tolong perbaiki saya udh kasih bintang lima tolong support ke ram 3 juga ya, soalnya tidak di dukungan apa lagi tidak kompatibel 🙏😄🥰",5,0,,2025-04-03 12:43:06,,,
085df17f-e89d-44ad-8d50-f9933dda525f,Wahyoe,https://play-lh.googleusercontent.com/a-/ALV-UjX4IVNLqK5HWFu5f4M-hhLWJv8kUpzKlvVa8IBj1AmZX364ovQ,tantangan mencari point terlalu sulit untuk kontroler toch waktu terlalu singkat tolong di perbaiki,4,0,,2025-04-03 11:43:12,,,
0b1a6e1e-1bf3-4e13-ba6a-9fd4f36c6d9c,Scianfaz,https://play-lh.googleusercontent.com/a-/ALV-UjVES4uDbd6X2N7pav7L-KN_qjl1SelfkPm9PB_v8kO3qUZtr0c,"Tolong tambahkan notifikasi teman saat ada yg online,tambah fitur buat nyari nama quest apa aja yang sdah atau belum dikerjakan agar mudah dan tidak bolak balik ngecek, dan yang terakhir tambah fitur skip di beberapa quest misalnya di world quest.",5,9,5.4.0_30057195_30231699,2025-04-03 11:36:32,"Halo, Traveler! Mohon maaf atas ketidaknyamanannya. Demi menemukan penyebab masalah yang terjadi, Traveler diminta untuk mengirimkan masukan tentang informasi yang terkait kepada tim Layanan Pelanggan di dalam game atau melalui email. Kami akan memberikan jawaban yang terperinci untuk Traveler.",2022-11-23 19:24:09,5.4.0_30057195_30231699
dd90d182-828d-43fa-ba8f-4f27b0bb6d47,Beldan Damara,https://play-lh.googleusercontent.com/a/ACg8ocJkaopGzZhYOwYsYLs98cMcEppnT21SjNUxNEYgwZMenil59Q=mo,baguss Banget,5,0,5.5.0_31400259_31451966,2025-04-03 11:23:10,,,5.5.0_31400259_31451966
b7e469b0-9422-4f5b-b73a-84ae520fd2ec,Nuri Nurhayati,https://play-lh.googleusercontent.com/a/ACg8ocKJ30bVbiO3Ii8cQl3DmUVgelrM-Snk9zpcVmpuDk0LXKjcMg=mo,😔 OPPOA3x genshin Impact??,5,0,,2025-04-03 11:11:14,,,
060b220b-c99e-4b2b-85bb-7e9c9a23a45e,Hikam wifian 29,https://play-lh.googleusercontent.com/a/ACg8ocKISDC-8CBdcUDg81g0IIxTFXOPm7VcE7Hc1xS3k3ISat7W6g=mo,game ny sangat seru game RPG yang paling seru menurut saya,5,0,,2025-04-03 11:02:26,,,
ce282437-7008-4fee-86a3-8ac49cd3b00d,rachmat utomo30,https://play-lh.googleusercontent.com/a-/ALV-UjVzBmLseDH89FZjx0f4365vHeKrwsY91X5g7Hmof4jOVZTsrZg,apik,5,0,,2025-04-03 10:59:23,,,
91088ab8-d257-48d2-835f-928178de609d,Rahardian Mubarok,https://play-lh.googleusercontent.com/a/ACg8ocJWsKDcRfKJ4ksop--UwP43ZXkPF4a-TN7RPnv7zQc3NLBKAw=mo,absolute cinema ✋😐🤚,5,0,5.5.0_31400259_31451966,2025-04-03 10:56:03,,,5.5.0_31400259_31451966
87188113-1592-43f5-85ad-f85216ad9c86,Andy Sa'i,https://play-lh.googleusercontent.com/a-/ALV-UjXF5898B8ZXOlLLPdm0fC5QutaBeGCGOZkDZVTYgMc57GODW97L,game bagus tapi berat,4,0,,2025-04-03 10:52:16,,,
7682d28a-7ef8-48c9-8145-43131e7ccd30,Murdiyono,https://play-lh.googleusercontent.com/a-/ALV-UjVUfcAl8Yh6Y1DdVc6NPaco1oUfmSxh63cIGMKFnhz5KJvj9jpo,game bagus,5,0,5.5.0_31400259_31451966,2025-04-03 10:30:05,,,5.5.0_31400259_31451966
83f73096-65fc-4cde-ac19-e32be0794129,Zahra Infi,https://play-lh.googleusercontent.com/a/ACg8ocIPCfdwGe3XSR01_-2Kyq3Sp02EcvBXUv_Il3YxiIBF3bLGPQ=mo,bagus,5,0,,2025-04-03 10:19:21,,,
38438739-c4e0-412f-a7b4-9a7af6742ddc,Ipan Fermana,https://play-lh.googleusercontent.com/a-/ALV-UjUyOo27RlKmQTwaoGHS02qwsCG2BVOhgZNj1xyi8yod034XbsQ,seru bgt game nya,5,0,,2025-04-03 09:59:41,,,
063eaf9b-c0d8-4872-b7d2-91711921595b,callista defai,https://play-lh.googleusercontent.com/a-/ALV-UjVsVn5xbjYWC8jgAFQTwfcKJWKVnV_QDO9cH3QRYqyEQEtJDxeV,"overall bagus sii,wajib dicoba",5,0,,2025-04-03 09:21:01,,,
887dd574-ba7a-4639-b20b-305808dda8c3,Rizky Bayu Pratama,https://play-lh.googleusercontent.com/a-/ALV-UjVl9GZHA-xhbHqu6ioK4NpZe7g_m2rNeSTVkQJkCHAzvRGfEV_3,Very very impressive,5,0,5.5.0_31400259_31451966,2025-04-03 08:21:14,,,5.5.0_31400259_31451966
c8c31b00-a207-450b-acb2-9ff2ef6b9c12,Ansya Rumaur,https://play-lh.googleusercontent.com/a-/ALV-UjUmbESiLuZYD7vXfJR0x9Is8n8dSY9uEih9myip_NLriMHj_bE,saya bagus,5,0,5.5.0_31400259_31451966,2025-04-03 07:26:57,,,5.5.0_31400259_31451966
b39f4088-b4a9-4700-9332-b892d122b5c7,Muhammad Kafi,https://play-lh.googleusercontent.com/a/ACg8ocKGOadW6wP-DrrjTqsga7Y6gSRlsPYaCACFADRUMdgDXyJ1uA=mo,grafik yang memuaskan,5,0,5.5.0_31400259_31451966,2025-04-03 06:56:23,,,5.5.0_31400259_31451966
f8607129-df5e-483b-8a2a-0d8ccfb71b7a,Chandra Haryanto,https://play-lh.googleusercontent.com/a-/ALV-UjX-Fdlc8ikvHqwMu5dNjEjrN1I7T0VgvroBBlv8fJBC2vhG5sqN,"Game kebanyakan yapping, bikin fitur skip aja ga mampu 😡",1,2,,2025-04-03 06:11:56,,,
2d876631-53c6-4af8-ad07-e44259f2792a,Goob _86,https://play-lh.googleusercontent.com/a-/ALV-UjUcTaEZ3DtH_BCVI3Sv6W_9OMF3czKXLtMGdb_lQsfj2eO07lLw,"AR 46 gak dapet 1 pun karakter hidro n b5 gila ampas bgt kalah rate off piti 90🤣, dasar game kikir",1,1,3.7.0_14806628_14807925,2025-04-03 03:55:57,,,3.7.0_14806628_14807925
d2655d32-1424-4b85-9e7a-278e282c9281,Rioo4Elaina,https://play-lh.googleusercontent.com/a-/ALV-UjU9LmyKoGsmnd5yHWO5hMgar448EeODSKFhVcfqBVX4QFLE7-IJ,terimakasih hoyo telah membuat game sebagus genshin impact😙,5,0,5.3.0_29183395_29332470,2025-04-03 03:48:40,,,5.3.0_29183395_29332470
9acec88b-06c8-497d-a70a-e75600cabebc,AS'AD,https://play-lh.googleusercontent.com/a-/ALV-UjW0HlrgbxJ2z6R0ckMPrnfQX16ynXfC11xzhamIj4p8E1yqdroe,Yang AQ suka di game ini petualanganya,5,0,5.5.0_31400259_31451966,2025-04-03 03:40:48,,,5.5.0_31400259_31451966
e85d6d3a-fd26-4b14-945c-c98ce3824c08,Shifad. Nayy,https://play-lh.googleusercontent.com/a-/ALV-UjXxawcBQz2fUs0ME5VwGT6IUTlzDJYarLDyLLfoa6pdxcPwTml8,"overall suka game nyaaa, bagusss, grafiknya oke, story atau lore nya juga oke, karakter nya okee, battle oke, exploration open world oke, quest oke, gacha nikmati saja lah ya, build build juga nikmati saja wkwkwk intinya nice i like this game so much thanks hoyo",5,0,5.5.0_31400259_31451966,2025-04-03 02:36:34,,,5.5.0_31400259_31451966
1857b746-ef62-4ca6-b26f-8ae249ec1688,Dede Viran,https://play-lh.googleusercontent.com/a-/ALV-UjX-t7nHHYO4uwBFNK3EjOPUNRAyYtBvJFiqahznztzHQTYXsrsnGQ,mantap,5,0,5.5.0_31400259_31451966,2025-04-03 02:21:28,,,5.5.0_31400259_31451966
98eae6b0-cf4d-4104-b72e-6e2acccb1674,Gilang Indrawan,https://play-lh.googleusercontent.com/a-/ALV-UjWaflj1CZclh5bYP2AdNFy8y-pUCf8_qsEyrYaB6Q2qjbM5xDY,Why I play these Gacha games you may ask? Waifus.,5,1,5.5.0_31400259_31451966,2025-04-03 01:45:12,,,5.5.0_31400259_31451966
c9f3e373-1b27-4b0a-b652-294c02f59659,ahmad asad,https://play-lh.googleusercontent.com/a-/ALV-UjXajgZNGwNnaX_R61JxNiu9p2bENh_Wmy2HMKb7eqywkT6RmQI,pls add more male playable characters and not dressed like other games like star rail. why are there always female characters,4,0,,2025-04-03 00:18:22,,,
dbf4dd21-ca0b-4cb4-ac56-9ccdd62c14c7,Yudhi Hartono,https://play-lh.googleusercontent.com/a-/ALV-UjX32a6XpN8LjjkOwRp-zbbcBz_629Y3bnA_LeNWE-YejwsnuVnG,"KEBANYAKAN YAPPING!!! ngelarin story 3 jam, hadiah tidak seberapa",1,3,5.5.0_31400259_31451966,2025-04-03 00:05:16,,,5.5.0_31400259_31451966
29a662db-9579-4d61-ad4b-5433469a7380,Japirvvibu,https://play-lh.googleusercontent.com/a-/ALV-UjUmaYoeXV6xKtaBbtoAN3zbBqoUelXAzMTToDoTGGXD2b_mJTS8,"aku dapat childe c1, baru kukasih b5",1,1,5.4.0_30057195_30231699,2025-04-02 23:52:45,,,5.4.0_30057195_30231699
c0b70dbf-5cb8-4037-858e-bfad252179a9,Lugh Tuatha Dé,https://play-lh.googleusercontent.com/a/ACg8ocIzmLx3jXXXunQNE5m-h9zNf3iiytZTOZ1wfoFxZNtdScIngQ=mo,"-Reward terlalu kikir -Craft Artifak berakhir jadi Sampah (kikir) -Cooldown resin telalu lama, 8 menit ngisi 1 resin doang (kikir) -Farming artifak jadi sampah tetapi musuh spiral abyss dibikin sulit. gak balance - Cooldown reset spiral abyss dan imaginarium terlalu lama. (kikir) -Event jadi terlalu rasis. Di patch yang sudah mendekati region terakhir ini. developer masih kikir.",1,3,,2025-04-02 23:28:30,,,
2baa5479-58a4-4a11-b5c2-5073fc1a8b7c,aditia prabowo,https://play-lh.googleusercontent.com/a-/ALV-UjW6zecy1N6Kz4py5nMauy1jpZ0mYKIjP8HggR2r0zlA2d6Vtgxf,its getting worse,2,0,5.5.0_31400259_31451966,2025-04-02 23:17:26,,,5.5.0_31400259_31451966
5bb072d4-3305-4e20-8de3-9e1f048eff14,Kzxyy,https://play-lh.googleusercontent.com/a-/ALV-UjXdY0I5hIntj1tMzv6paz-Eeu34a-Poton_Y9w_oT_Hsn1WA2eC,love the game,5,0,5.5.0_31400259_31451966,2025-04-02 23:01:28,,,5.5.0_31400259_31451966
83740295-0bb1-40b6-8f56-cd17c2d7e629,Mail Surel,https://play-lh.googleusercontent.com/a/ACg8ocK7fS8WJYadlQPfTsspAVmXd1vwQ8a4ZEmyinCjzDFNKvq-3YQ=mo,"semakin tinggi level semakin banyak source di download semakin nge-Lag di saya, belum lagi main di map baru makin tambah lag patah-patah. Di PC malah lancar, akankah Genshin menjadi game PC akan datang 😭",3,0,,2025-04-02 22:14:00,,,
f95cc5ea-7d0b-49a5-90fa-0ee85320771f,Avraham Gading Kedaton Aryahadikusumah,https://play-lh.googleusercontent.com/a-/ALV-UjWelFuX36z_OVsZpsV_5tL4SQMaHm6m8mTewkP1F277LucQotM,"gamenya bagus ga montoton ga bikin ngantuk trus misi nya buanyak sama map nya buanyak banget,ini game detail banget dari masak gabungan elemental dll,tapi karena gw baru main jadi mungkin buat namatin inj game butuh 2 tahunan sihh,tapi overall ini game bagus banget good job lah😁👍",5,4,5.5.0_31400259_31451966,2025-04-02 21:53:50,,,5.5.0_31400259_31451966
6b93ca27-1694-4a79-b6a6-dec6fe97bcfb,Polpol Polpol,https://play-lh.googleusercontent.com/a/ACg8ocLiWt-OJ7LH9Z3VuVNf1zGtwKu3TN83gvybWgc8iHQGNBqWWQ=mo,👍,5,0,,2025-04-02 21:49:18,,,
728aae36-55fa-472c-b236-52164e10a47a,Eno Ar,https://play-lh.googleusercontent.com/a-/ALV-UjUbwXVI01ImhCRXReB8auqCcsUdPYG745vnbts8WG4DRe8e7xyi,"coba aja d tambahin fitur buat ngobrol sama suara ,kan enak klo coop gaperlu ketak ketik",4,0,,2025-04-02 21:12:03,,,
94639dff-985e-46e7-a6a9-72fd90591f88,luv i,https://play-lh.googleusercontent.com/a-/ALV-UjU7GTK1k9ATya0j__RjN7-qcU4HjSOy6YhOaUi3fhCnSRlotd4J,"udah kalah ke sekian kalinya,mau di akun utama ato akun ke 2,ini aku yg emang kgk hoki atau emang GI yg ampas?",5,0,5.5.0_31400259_31451966,2025-04-02 21:00:52,,,5.5.0_31400259_31451966
8af14196-c28b-4470-936a-a6d02a2d8a3e,Ardi Ramadhan,https://play-lh.googleusercontent.com/a/ACg8ocKGpTKlglaOp7uDrKQIHroyuCW2Xi4Drjcrg1XsgAGVHq6Vzg=mo,"Bosan, sistem pity buat nangis, kalah rate off plus hard pity mulu, kikir banget",1,7,5.5.0_31400259_31451966,2025-04-02 20:34:45,"Kami mohon maaf atas ketidaknyamanan yang Anda alami, Traveler. Kalau Anda memiliki masukan atau saran, silakan hubungi kami melalui email atau feedback in-game.",2025-02-26 17:57:22,5.5.0_31400259_31451966
9073804e-ddcd-49c7-a7b6-306b9a7f340d,Wong Ndeso,https://play-lh.googleusercontent.com/a-/ALV-UjWw4zU9Fy-ICR3sw0GABo1q86kODnmzUvgY166u0_Ve0t7ZQIw,game kikir banyak bot toxic mc boti fans halu,1,2,2.1.0_3981765_4073622,2025-04-02 20:13:31,,,2.1.0_3981765_4073622
ca11e073-e254-4750-b537-6a759acb0a0d,Syaazz,https://play-lh.googleusercontent.com/a-/ALV-UjVWsoYZEJk7BQdtPTX460L__7KKbZPe1SUPiWgcsUlkKofxmfA,ga masuk masuk!!!!,1,1,,2025-04-02 20:00:02,,,
439a96af-180a-4ffa-a9dc-cb0c3ec33b23,Dannis,https://play-lh.googleusercontent.com/a/ACg8ocIrIrJVuH50d2-kkgqp6oo3aJh4AAj2kKfjT3LAyYtNcUfCSA=mo,garafiknya oke karekteya juga oke,5,1,5.5.0_31400259_31451966,2025-04-02 19:22:32,,,5.5.0_31400259_31451966
0960d64c-1d12-4144-8a39-f55329bead22,Revolusi Logika,https://play-lh.googleusercontent.com/a-/ALV-UjX6lqPn3BM9KXhbMyLZOspvfyU6Gp8EB4UfiCET_d_gydDu9XE,"Game ini sudah tidak layak dimainkan karena dalam segala aspek sudah kalah jauh dengan Wuwa. Sudah 4 tahun gak ada tombol skip, mc juga masih sampah, cuma versi lemah mavuika, material domain masih dibatasi dengan hari padahal di Wuwa gak gitu, biaya resource yang dibutuhkan untuk menaikkan level karakter dan talent lebih mahal dibandingkan di Wuwa, material weekly boss sangat random padahal di Wuwa hanya ada satu saja dan boss yang sama bisa sampai 3 kali, kenapa di game ini hanya bisa 1 kali?",1,2,,2025-04-02 18:23:28,,,
5cff264d-ce96-4e15-b264-5446c0da1d95,Andi Widiyanto,https://play-lh.googleusercontent.com/a-/ALV-UjXORYITfPpxE9VmmfccxnyCtMRo20MGUxQS5AkJANUYBEeulpg,"Tolong berikan saya akun hoki,akun utama saya selalu kalah rate off di pity 75 keatas,rate on pun selalu Pity 75 keatas semua...TOLONG!!!!",1,1,5.5.0_31400259_31451966,2025-04-02 18:13:30,,,5.5.0_31400259_31451966
e29675f5-b450-4b95-be66-d3178bb1bc93,Fatih Hisam,https://play-lh.googleusercontent.com/a-/ALV-UjVzfAvjfwPFYCFIyHLKK7_yeXuz4FXiSAUPDfex5yh9ceGulcI,good good pls kasih gacha primogem lah karena gw butuh arlecchino,5,0,5.5.0_31400259_31451966,2025-04-02 17:58:05,,,5.5.0_31400259_31451966
7b4ecd67-46c4-4783-961e-d1ca33621efd,Arya Aji Wicaksana,https://play-lh.googleusercontent.com/a/ACg8ocIWrai6URoAZX0LCKegAZ1p4h6tNfftPyHWBA_RvNrabCRM2w=mo,"Bagus sekali, akhirnya saya bisa coba game ini 5 tahun setelah rilis, saran saya mungkin untuk ukuran game bisa diperkecil selebihnya bagus",5,0,5.3.0_29183395_29332470,2025-04-02 16:02:14,,,5.3.0_29183395_29332470
132ce65f-def8-4750-bf1f-af71c41cf96c,Zahir Silviano,https://play-lh.googleusercontent.com/a/ACg8ocLZrJ9VblBJpuB5BSzs6WPoyCdXRPk62e9iHCHhTL4BoxdiSg=mo,bagus,5,0,,2025-04-02 15:55:12,,,
10ebcf0a-e95b-4b76-b3de-13e2ef567766,Miko 88,https://play-lh.googleusercontent.com/a-/ALV-UjViBuc7fP0Af11ByWl5C48uRZdErefVjthzaI1LoYPKCzWX0xo,⭐⭐⭐⭐,4,0,,2025-04-02 15:53:45,,,
add6763d-8822-41b9-a176-46f5ffdd34d5,Rey Dario,https://play-lh.googleusercontent.com/a/ACg8ocJLd2aBeRcwfBqRz5ZQHSKJoHEDXW64YKm538lNWG8FCqurJQ=mo,ׅSeru sekali bahkan aku gak sadar klo batre ku sudah dikit 😅,5,0,5.5.0_31400259_31451966,2025-04-02 14:22:10,,,5.5.0_31400259_31451966
ae8d421d-0ba6-4e2d-a426-b501008ce5fe,siti komala,https://play-lh.googleusercontent.com/a-/ALV-UjUiZbCpDIyUT-aUa8O0Im6IHtBkJjWlcuWqDQhhdOWHZ2xm25xW,bagus ini game nya seru,5,0,,2025-04-02 14:16:07,,,
d808ecb4-8cda-486f-bd84-aa4a5f56e2ce,Afril Muammar,https://play-lh.googleusercontent.com/a/ACg8ocIRlXVRitXj8Utb7N6kbeKml4mjx4MMTxRMpEuwRLvDanGSCw=mo,"game kaku, npc kurang interaktif terus muka nya template. mc nya gk guna",1,50,5.5.0_31400259_31451966,2025-04-02 13:27:01,,,5.5.0_31400259_31451966
6810e2f3-6034-4777-aab7-1f7d54c5a227,Bos Albel,https://play-lh.googleusercontent.com/a-/ALV-UjVYUPhCOQyyLZkG58ZndlRa401mJ81JBKzFlrzrTysowd1aV8o,Nice,5,0,5.5.0_31400259_31451966,2025-04-02 13:20:52,,,5.5.0_31400259_31451966
96aec7f9-7fee-4110-af54-a9cfbb3406ba,Reza Hidayat,https://play-lh.googleusercontent.com/a-/ALV-UjUKQ9yQS9l1aKiioClJ0_XtbYHE2xtHWcXe4GRFDhUwPds071U,"gak bisa login cuma sampai di loading screen, kemarin masih bisa masuk tapi sekarang gak bisa",4,0,5.5.0_31400259_31451966,2025-04-02 12:16:39,,,5.5.0_31400259_31451966
a3a213eb-098c-48b4-aa1e-7e2d53920bdd,Ghinan Radeya Nuril A'lami,https://play-lh.googleusercontent.com/a/ACg8ocKTYDVyvr5lghN4X_QaiGzPxwcCkduvW88rtQ-ZEMILddR5Tg=mo,"HAHAHAHA YOU FINALLY ADD CONTOLLER SUPPORT FOR ANDROID. Anyways, the button setting is not that flexible. There is no option to custom our d pad so better add that thing next time",5,3,5.5.0_31400259_31451966,2025-04-02 11:07:21,,,5.5.0_31400259_31451966
ff79660c-4570-4d3b-ac05-28eb271eac71,LILY zyu lyzan,https://play-lh.googleusercontent.com/a/ACg8ocIqDSXGJSl2kf1GIxhaf8dFLUM9J3FK7-MyMjMSGbvBsArXgw=mo,game ny seru bisa bergerak sesuka hati di dunia yg luas,5,0,5.5.0_31400259_31451966,2025-04-02 11:01:20,,,5.5.0_31400259_31451966
6e543dd5-4a82-450c-90d7-c55737308ac9,・ᴄʜᴀɴッ,https://play-lh.googleusercontent.com/a-/ALV-UjXK-15Ng5yG72mJ4H0OrD-eXLPbIeK5MmeLx1draHCjgywy6fc1,ku kasih rating 5 karena aku dapet furina di low pity😆,5,0,,2025-04-02 10:43:11,,,
b5c7ea12-e0f0-45e2-838b-6726ccb8717e,Smp,https://play-lh.googleusercontent.com/a/ACg8ocLFBDdYLHSJW-kEBY9-BbV1Oe2cQBMgwW9rBSXsUwu0EPsc=mo,bikin genshin nya support keyboard sama mouse di android min tolong aku mau main ginshin pake keyboard di android,5,0,5.5.0_31400259_31451966,2025-04-02 10:33:17,,,5.5.0_31400259_31451966
742eaa5f-5467-450b-827a-542cf49374b5,Queenza AsSyifa,https://play-lh.googleusercontent.com/a-/ALV-UjWjljxBvfQj6YriJQbb6w-Z8oue04PzIGccre8hjnavRBNFi8xx,BAGUSS CUMA DAPETIN PRIMOGEMNYA SUSAHHH jadi saya saranin primogem bisa ditukar dengan mora,5,0,5.5.0_31400259_31451966,2025-04-02 10:11:57,,,5.5.0_31400259_31451966
6bf08e89-c296-4ea9-8728-d26bd16e408e,FIQRI SETIAWAN,https://play-lh.googleusercontent.com/a/ACg8ocLOCIjwTT1Qq3IaEupTnoIeiu8aEBmyTZN1wfT7G434SsGfww=mo,mb dan gb nya dikecilin kek seukuran mlbb sama Hok gitu biar bisa dimainkan semua orang,1,0,,2025-04-02 09:08:34,,,
3d34033a-0081-483e-8af5-b49f59d35ab7,Violet Ninja,https://play-lh.googleusercontent.com/a-/ALV-UjVQ3hM-XViEW6jDrTc0gJPjd5xEHzdzYeWqlxfpK2NmOkBi09c,Jangan banned orang tanpa alasan saya sudah bermain ini game hoyo yang lain dengan akun email yang sama terus tiba tiba hari ini Rabu 2 April 2025 akun saya kebanned dan itu ngaruh semua ke akun hoyo saya yang lain yaitu honkaistarrail dan zenles zone zero saya sudah bermain game ini sangat sangat lama tapi saat tiba-tiba akun saya kebanned hati saya hancur gabisa berkata kata saya benar benar kecewa dengan game hoyoverse padahal saya membeli hp spek bagus buat mainin ini game tapi malah diban😔,1,0,,2025-04-02 08:54:08,,,
2b460ef5-fda5-486b-a87f-bcfdde06ef4e,cumi ajja,https://play-lh.googleusercontent.com/a-/ALV-UjWeYers2qj3u6nK1jjTQkmezesEwGdFCdJ5fT0nGpv5MWN0uQzc,Mau main aja harus nunggu 10 menit kocak,1,0,,2025-04-02 08:28:38,,,
47cc6149-06ce-453f-b016-4aa43a1799d0,Eko Juliansyah,https://play-lh.googleusercontent.com/a/ACg8ocL3ZOEsmMEIOPRazvwchVJCpJXV9U0h9wAktKd5Vx63rZRB3g=mo,bagus,5,0,5.5.0_31400259_31451966,2025-04-02 08:01:28,,,5.5.0_31400259_31451966
275e049c-8af4-4c0d-bedb-98b436a40710,konro escanor,https://play-lh.googleusercontent.com/a-/ALV-UjXbVVyzskNAPYENtCGtSBAt2Rt9IXv8lREbBJ303QB_g0jdcCxg,Kumohon sekali pengisi VA English diganti saja sudah kebanyakan drama dan karakter karakter bisu berbulan bulan. hal ini mengurangi keseluruhan pengalaman bermain game ini,2,33,4.7.0_23093867_23435602,2025-04-02 07:15:48,,,4.7.0_23093867_23435602
cbef71c8-71d3-4542-85b1-d3af94258100,Aidan Mirzav Prasetyanto,https://play-lh.googleusercontent.com/a/ACg8ocLYzz0kbOGV-3-FOYY6NR2t7xP4XqveUnYivLH_S_jH1hjRDw=mo,"Excuse me ! If you're reading this, we need your help to put those English voice actors in their place! Right now, the Union VAs harassing the non-Union VAs. This put your game in bad situation! Because those Union VAs ruined your game image! Think about it: Your game looks bad because the staff makes it look bad. Aren't you going to do something about it!? I don't think the hostility between US and CN really that matter matter if situation more critical like this happening right now",2,0,5.5.0_31400259_31451966,2025-04-02 06:23:39,,,5.5.0_31400259_31451966
52e7405d-ddf0-4bb2-bb21-a642b5a7c744,9_Gede Sancit Ananda Dhiyoparta,https://play-lh.googleusercontent.com/a-/ALV-UjXR6Hth36810iNvNdzs9dwymXPZcrLoWhBjczF2eGvCKo408B3m,"Mungkin untuk artefak bisa di tingkatkan kembali agar lebih sesuai, selebihnya ini adalah game story terbaik yang menemani diriku. Heran sama orang yang protes harus ada tombol skip di game STORY",5,0,4.7.0_23093867_23435602,2025-04-02 06:09:32,,,4.7.0_23093867_23435602
0951be1b-32d3-4d22-aabf-bd047f6f18fc,aang resmana (Leebedoo),https://play-lh.googleusercontent.com/a-/ALV-UjVm-QD-YUoHqI0eZEtP8JFY94pxsHkljAtRRv7Kyf7cD1lzr8DJ,nice,5,0,5.5.0_31400259_31451966,2025-04-02 00:01:37,,,5.5.0_31400259_31451966
f44305c5-6c7e-4729-ae55-7bda269f6ea6,William Yulian,https://play-lh.googleusercontent.com/a/ACg8ocJsVM2_MCosKlzj__sb1uj4N9gYEkgBioYWNbgQbVme68VxWA=mo,"Yang paling saya suka dari game ini, adalah kompleksitas terhadap world buildingnya, dari musik, lore, puzzle, reruntuhan. Dan banyak area yang bisa di jelajahi, membuat player seakan-akan terikat dengan dunia yang diciptakan, terimakasih HOYO",5,0,,2025-04-01 23:50:21,,,
7029b798-88fd-4739-99af-e63f8ee19d61,Muhammad azzam fadhlullah,https://play-lh.googleusercontent.com/a-/ALV-UjXvNQjgfwEEQvmOSf-OfK3Lsj8Djkh_9MU_ppi_gd6LpKyhuFc,"GAME KNTLLLLLLLL,YAPPING MLU AJINGHHG SIDE STORY JELEKK JG,TOMBOL SKIPP AJGG,STORY LU JELEK BOSENIN PAKE ANIMASI TEMPLATE PATAH2 CRINGE,GK USAH DIBIKIN PANJANG2 BNGSADD",1,4,5.5.0_31400259_31451966,2025-04-01 23:42:41,,,5.5.0_31400259_31451966
14a9895d-4c47-44bb-b289-666b9877b1ce,Cessie Argasyaa,https://play-lh.googleusercontent.com/a/ACg8ocJYZiK81DyouaGq72A7vmFHyOoib1nIycf-gGqSjif96pokPg=mo,bagus,5,0,5.4.0_30057195_30231699,2025-04-01 23:14:54,,,5.4.0_30057195_30231699
845930ee-1428-434b-9966-3280e13f3495,KILIN4385 S,https://play-lh.googleusercontent.com/a-/ALV-UjWexJxtbzbAaobgNncGAAEbGpa6_UMsodNowZQeO3ibjhsN6zne,Kalo Bisa Jangan Keseringan Kikir🤡,5,0,5.5.0_31400259_31451966,2025-04-01 23:11:38,,,5.5.0_31400259_31451966
0fec46af-22de-4119-9ff0-8052b07a9f92,Gilbert,https://play-lh.googleusercontent.com/a-/ALV-UjV-egktcDpzYhUT6aFrvGPCupv8DgSJspLx7PVIVZemOgLzs9tn,game kikir,5,0,,2025-04-01 23:07:28,,,
4f081ea9-3aea-408b-b2eb-596e967328c3,Sarah eliza,https://play-lh.googleusercontent.com/a-/ALV-UjVqaS8qv31SGKYhbfsdBObLBmLCxGmTvVV9tvyXB7aTgNhISEf7,seru ada raiden soal nya,5,0,5.5.0_31400259_31451966,2025-04-01 23:04:29,,,5.5.0_31400259_31451966
6c3285f5-54bb-4820-be91-d66eaf8591aa,Rama,https://play-lh.googleusercontent.com/a-/ALV-UjX0yHV72X69uTGJoRd-qitF-drzqK3Eb9rxBjIxkFrBNw3Hyl1C,bagus banget game nya...,5,0,,2025-04-01 22:54:07,,,
4d16c7aa-2a21-4f30-b05e-19716e089002,zidan kon7ol,https://play-lh.googleusercontent.com/a/ACg8ocJQZylOrO90INnNCXnX34EJ9X_rfg0-emandYYOj2R-rsVWjw=mo,"game nya bagus , cuman yg kurang FITUR CANCEL SKILL nya di buat lah",3,0,5.5.0_31400259_31451966,2025-04-01 22:33:25,,,5.5.0_31400259_31451966
6c8d282d-5c8d-48c4-8884-18b25acb8aa5,Alan Asone,https://play-lh.googleusercontent.com/a-/ALV-UjVAsGYVacn975K4VxvOmSX9TrOFbFYLWOwyvqSqX3m2c0hABx5x,wow,5,0,5.5.0_31400259_31451966,2025-04-01 21:49:58,,,5.5.0_31400259_31451966
aa8e54d5-3f0a-4a4f-965a-8a4854213c79,M. Syahrul Mubarok,https://play-lh.googleusercontent.com/a-/ALV-UjXpo8_dyRqY_QvUpGm9cXzV6Qj8-jqZXhN69KMgbLKXiMkuArV7,greedy,1,0,5.0.0_26041933_26161852,2025-04-01 21:37:43,,,5.0.0_26041933_26161852
edd1e065-e712-4169-a511-f9ddd6a10ad4,hashif mahmud mahmud,https://play-lh.googleusercontent.com/a-/ALV-UjUlWCMPDfKvYGvBiSHF0KARCjCBLBlC7MQe_DnOMli0NDmLZVU,"storynya bagus banget, rasanya GK ada game android yg storynya sebagus ini menurut saya, tapi ku harap genshin impact ngasi lebih banyak bansos primogem biar bisa gacha character impian😁",5,0,5.5.0_31400259_31451966,2025-04-01 21:30:23,,,5.5.0_31400259_31451966
b3b173ee-f011-4382-a461-5fc5cd842d67,Anime Lovers,https://play-lh.googleusercontent.com/a/ACg8ocKTPkNaIHkQCy7umjfLMqRqVvKB_wV5MnZUvdDLkjXSMjSc9w=mo,"game nya keren banget aku sampai gak bisa berkata-kata,tapi sayang aku gak bisa ajak teman ku buat main ini game karna hp teman kutidak bisa donlot hehe da itu aja yang bisa aku komentar aku gak tau mau ngomong apa lagi, tapi intinya semogagame open world yang kayak gini bisa lebih ringan supaya aku bisa ajak temenku main hehe",5,0,5.5.0_31400259_31451966,2025-04-01 21:23:44,,,5.5.0_31400259_31451966
6c307d0b-c970-45fe-8aad-8711b33d3b0d,deni saputra,https://play-lh.googleusercontent.com/a-/ALV-UjX1_bT8ev18pLX7azvz2PtVxwhrlrSgmo9mGVJMZjFhix7jq8Uj,game nya jelek gw kalah ret op mlu.,5,0,5.2.0_28336591_28351161,2025-04-01 21:13:46,,,5.2.0_28336591_28351161
c33135e6-543a-4460-9954-9548479fb181,Rozaq L,https://play-lh.googleusercontent.com/a-/ALV-UjV2xjAWwThOdBBR756Wg9FY8Yf8yOSV81wjlc4dvMe5DiVssYIU,Improvisasi dan pengembangan game nya sangat jelek atau malah bisa dibilang menurun,1,1,,2025-04-01 20:42:54,,,
e22c3434-d4f9-4366-9007-ac78162963ed,Bustanil Bahar,https://play-lh.googleusercontent.com/a-/ALV-UjUrDt9OrjIYNDZL7LegVwf1DNxEdoPPnfip6I3lqrg6XZmHgLw,"Baru mulai main game ini,baru belajar mmahami mekanik gamenya...lumayan menghibur la...",5,0,5.5.0_31400259_31451966,2025-04-01 20:17:58,,,5.5.0_31400259_31451966
9ee8c19c-c28a-48da-89fb-4fe0155a123f,Manusia nolep,https://play-lh.googleusercontent.com/a-/ALV-UjUHXvBgY4XSqSX4hPLrkinlJQVLRghtuh9FgAd4--YMHR6AdIhI,bismillah hp gk keluar Asep. btw bintang 4 dlu ntar klo GG Bru bintang 5.,4,0,,2025-04-01 19:39:49,,,
8f6591e5-7a5f-4634-85ab-b5fea15ee4cd,Ziad Farza Muharram,https://play-lh.googleusercontent.com/a-/ALV-UjWegNClFKwgLG_IE6V5pdcQvz5rIq1Z56s5PtuyZoyReTYgT68,five star if you listen to your feedback,1,0,5.4.0_30057195_30231699,2025-04-01 19:32:54,,,5.4.0_30057195_30231699
d0743094-05f7-4c81-9b79-bd458cee2483,Jonathan Anggia Ricardo Rore,https://play-lh.googleusercontent.com/a/ACg8ocLhgLCMCJUgeguSfyomx-mkk5EAYTtbTVomeHiDnkT1NM83lg=mo,baguss,5,0,,2025-04-01 19:31:07,,,
ab337577-5f6e-4149-ba32-9f07f8b1c3c3,OTRAP CHANNEL,https://play-lh.googleusercontent.com/a-/ALV-UjVXqcx4WGlsNX_GCe-KVO9bagIzd3AsHihmVDfs1hhk7vt0_bG9,Animasi bagus dan pertualangan nya seru,5,0,,2025-04-01 19:09:36,,,
14c8ff88-7108-4fce-aa6c-32bd2d396a20,Abo Go,https://play-lh.googleusercontent.com/a/ACg8ocJnC2v6EbyQY_xvd-a4QP-PducIhYw4g6wHOr8O5YSdZDZFFQ=mo,keren,5,0,5.5.0_31400259_31451966,2025-04-01 19:03:22,,,5.5.0_31400259_31451966
faf3ef86-4e84-4c77-be01-aa76e278ce4f,Buzan Untung,https://play-lh.googleusercontent.com/a-/ALV-UjWC6_HCbTDgZkK2uU6w6nyVugXAWFyH6p6tiBBJe-0u5b-Bl4ck,"bagus,",5,0,,2025-04-01 18:27:09,,,
05f68e3e-9bca-4f85-927b-9a0dfa719608,Ryu Rah,https://play-lh.googleusercontent.com/a/ACg8ocIc7uTif8-Ja-CH2KkCYoYzaJ7eEYJj_VbI3lpzz32kYbwk8g=mo,I had problem to fix my pw in my acc i can't change my pw at all the permission Alway said like too many request and i ask hoyoverse cs but right now is not fix at all,5,0,5.5.0_31400259_31451966,2025-04-01 17:57:03,"We sincerely apologize for your unsatisfactory experience, Traveler. Please contact our Customer Service team via email for specific help with this issue.",2025-02-19 22:00:57,5.5.0_31400259_31451966
336e83fa-855c-4af4-aa98-15a3691f0ed1,Panes Perkasa,https://play-lh.googleusercontent.com/a/ACg8ocLZAeZ04JRGtoyq976fai2IsyvGaEmXWrAlTHIqwwn9tIKn5A=mo,good game,5,0,5.5.0_31400259_31451966,2025-04-01 17:16:59,,,5.5.0_31400259_31451966
e0ac91a9-a4e8-459d-a247-afbe7c1b7895,shinn,https://play-lh.googleusercontent.com/a-/ALV-UjVU8fJYvvhA8rZ1LpxxUr0yB2H2QzIIRm1Wr9HbsvAI0Cufgnxs,"Oke dri fitur nya dah lumayan bagus, dan kalo bisa ada fitur atau event buat ganti MC (punyaku MC female pen ganti ke cowok) yaa agak nyesal sih ambil MC cewek. Dan alangkah baiknya developer lebih mendengarkan isi hati player-player nya",4,0,5.5.0_31400259_31451966,2025-04-01 17:12:49,,,5.5.0_31400259_31451966
4fab1ea5-d159-488b-975a-f7826a19db7f,J Kurniawan,https://play-lh.googleusercontent.com/a-/ALV-UjWwACWMNj4D_CC7AoI0L3CnodgGuS3Ij85OmzQ-MOAxZgIH0aL5,"mending hsr mah, ini game kikir bansos dikit, annvi cuma 20 kali pull sama gratis karakter standar, mending hsr",1,0,5.5.0_31400259_31451966,2025-04-01 16:48:57,,,5.5.0_31400259_31451966
e20380cb-cefb-4632-8518-c65f3e376c94,afifah putri khairani,https://play-lh.googleusercontent.com/a-/ALV-UjU0Lu84ZlYrkmkrOJPW_VXk5EbYeQbj1wpL-Xu4rOVYyoSzV_x2XA,"tolonglah akun saya kena hack... padahal saya tidak melakukan apapun, saya baru tahu sekarang karena saya sudah lama hiatus",1,0,5.5.0_31400259_31451966,2025-04-01 16:41:04,,,5.5.0_31400259_31451966
7ca542ff-1a71-4318-91f7-39396580882a,ヘンドラくん,https://play-lh.googleusercontent.com/a/ACg8ocJZasu_1b1GT_7GAxtYww638MXOnWl_RlVPlr-MJyfXn0vPhlY=mo,game yapping tai hoyo pelit reward kikir burik,1,1,5.5.0_31400259_31451966,2025-04-01 16:35:30,,,5.5.0_31400259_31451966
0507f4fc-06f7-49be-9c9d-f9df6c7f681f,Nur Halimiq,https://play-lh.googleusercontent.com/a-/ALV-UjVg1IUXcSFt-f5Um8msM49sVUdMTca6ydgEFQNbnAv1NpTRCwfD,Segi cerita bagus banget apalagi Sumeru dan Fontaine tapi segi gacha apalagi artefak nya dapat ampas mulu,5,0,5.5.0_31400259_31451966,2025-04-01 16:25:02,,,5.5.0_31400259_31451966
7c4ccdb8-a651-4191-8c0a-2a7689805c06,Deck Ehr,https://play-lh.googleusercontent.com/a-/ALV-UjXrngje7igRdPrIBqblMmDYiyRdeJBfT_L98-Fh4rHcYD5zQHE,"karena ada tag ""Isekai"" gua jadi mikir, sebenarnya MC cowoknya itu bukan cuma di segel kekuatannya, tapi juga di bunuh sekalian pemilik kekuatannya",5,0,,2025-04-01 15:16:47,,,
b7b3fb04-6c05-4e5e-bfa8-d825b16e474e,minikrep ori,https://play-lh.googleusercontent.com/a/ACg8ocLNKg_phAcizMAR1WVIuc1z7MeQIeWdgE_2MOg3WtfpecU8_Q=mo,"worth buat dimainin, game gratis tapi menyuguhkan kisah/cerita yg sangat menarik, kekurangannya mungkin hanya cerita MC dengan saudaranya karna terkesan lamban dan tidak ada kemajuan, tapi kisah tentang side quest dan archon sangatlah seru dan mungkin itu adalah nilainya game ini",5,0,,2025-04-01 15:15:28,,,
04461eef-77c2-41df-a8e5-ed8f3ffdf182,Febri 1428,https://play-lh.googleusercontent.com/a-/ALV-UjUyEVNXOXgEKJqwYlRj-24JlI_8nBBtmPhdA-TbH8lZY7wD4SKykg,"game tolol kebanyakan yapping, tolong tambahkan fitur skip story",1,2,5.5.0_31400259_31451966,2025-04-01 15:04:12,,,5.5.0_31400259_31451966
1f3892fb-dcd2-4d32-8e5d-c5a961ab071c,Sura Regulus,https://play-lh.googleusercontent.com/a/ACg8ocLlEgdJ5GDZpsuHWR_XV5S7AG8mhzfwybDyhdeLrcuBq301Mg=mo,Saya suka dari berbagai segi gameplay genshin impact tapi tolong tambahkan fitur skip,4,0,,2025-04-01 14:35:10,,,
d56cb1c3-4150-4a7d-aa53-4b221f0a5fa4,Malik Rifa'i,https://play-lh.googleusercontent.com/a/ACg8ocIADuxO0gOlYzO4na2HIOUs-EKvCf1WbdBQfdF2zJz5PeLqYw=mo,kerenn,5,0,5.5.0_31400259_31451966,2025-04-01 14:28:30,,,5.5.0_31400259_31451966
584468f2-6eaf-4de9-951d-4f266907536d,Qori Fathul Haris,https://play-lh.googleusercontent.com/a-/ALV-UjV-Hhqa4h7kG6YbLs68Bv2cBQ_8J2Zup_aaV4IUW30fc0jmSTdp,GG sudah ada fitur controller di android. sekarang tinggal menunggu fitur SKIP story side quest.,5,0,5.5.0_31400259_31451966,2025-04-01 14:03:47,,,5.5.0_31400259_31451966
2aefdaf4-f858-4480-8e8b-45d4a5a1866d,Eko Prakoso,https://play-lh.googleusercontent.com/a/ACg8ocJ3S45UKT6aPbEeS9Ma5T7scT99pi6sftJFGMjxP-fKHqcFiQ=mo,"Game sampah, banner character di up buat apa tolol kalau dapatnya gk ada satupun dari banner? yg di up character dapatnya senjata b4 yg gk di up dari sekian banyak item yg di up. artefak juga sama aja. mau farming artefak sampai kiamat lo buat gacha?",1,6,5.5.0_31400259_31451966,2025-04-01 13:46:38,,,5.5.0_31400259_31451966
453162fc-1e56-4396-98c8-7c93a88c4bf8,NaiiLa,https://play-lh.googleusercontent.com/a-/ALV-UjXTuMj-Q7imQbaiHPFYr2MprQ-JbhIAFukpbU9H7EDnFaLGbaam,xilonen gua knp jadi qiqi!,5,0,,2025-04-01 13:09:31,,,
5e5668d3-304e-4e50-a75a-736cbde36d37,Gigih Gigihgif,https://play-lh.googleusercontent.com/a-/ALV-UjVzB1BmxBJzxPZqk72pPbKsQORtKmwwhy_5g_Gmgbqyk6rYkKI,bagus cuman ada bugnya banyak,5,0,,2025-04-01 13:00:53,,,
5f6e6727-4c1c-4e9c-ad1d-ecb2d010fcf2,Axell Germany,https://play-lh.googleusercontent.com/a-/ALV-UjVDbIdlSEesD4kWb2-pXR0AunuZ0C5n_ACd_y4u2Z5X9Zqt8CM,good good bro,5,0,5.5.0_31400259_31451966,2025-04-01 12:30:53,,,5.5.0_31400259_31451966
01acb8c6-8cdf-4a95-b2a6-98e606bede76,M jihad Faslah,https://play-lh.googleusercontent.com/a-/ALV-UjWfo06wvJSntZB7EpH5Lk8zHXHZeaRT1uy-ET790S1i-hlRa3_Y,nice,5,0,5.5.0_31400259_31451966,2025-04-01 12:25:34,,,5.5.0_31400259_31451966
32ee39f3-10ca-4966-918b-5624d7f4aa1a,Alupoi,https://play-lh.googleusercontent.com/a-/ALV-UjXunXgukXU4jk5wa-DZyA3BOrlXTkws98jqpEmd_9NRsjEBZhdR,genshin gmail verification delayed 5-10 minutes,3,0,,2025-04-01 12:15:59,,,
fc269bd7-d52e-420f-be6f-5177d215c1b5,Seno Aji,https://play-lh.googleusercontent.com/a/ACg8ocKX1OXn_lmTzGtMCgezM6_qEIIdMNspjf6sPWrCvp6McB3_rA=mo,game God,5,0,5.5.0_31400259_31451966,2025-04-01 12:15:56,,,5.5.0_31400259_31451966
462945c5-743b-4580-9e8a-88a6afed7f18,Zaki Putra Pratama (ZAKI),https://play-lh.googleusercontent.com/a-/ALV-UjWJGF_I3f7A2YMyIevYoU3KjXW5hDqR1PyZq3JVfKIXlzKTpiLW,Gooner game,1,0,5.5.0_31400259_31451966,2025-04-01 12:09:14,,,5.5.0_31400259_31451966
cc47c8f6-a16d-4719-8c4b-01d5b0f3cc33,Afro 28,https://play-lh.googleusercontent.com/a/ACg8ocJBM9L8nTGvpzoVuiUqklPzu0Bc5dI0Nu5rYR9tAB0ll4kD_g=mo,Gamenya sangat seru dimulai dari storynya melawan musuh dan sebagainya,5,0,5.5.0_31400259_31451966,2025-04-01 11:46:47,,,5.5.0_31400259_31451966
7ecca77d-fd8b-471c-8383-86fac9a5f48b,"Raymond Apolinaris Dien, S.P.W.K",https://play-lh.googleusercontent.com/a-/ALV-UjUtgeE_aufXD4-kefv7fyoqiK9K-p3e7iU0a-FPPy_5c-9EECLP,Good,5,0,5.5.0_31400259_31451966,2025-04-01 10:31:43,,,5.5.0_31400259_31451966
3133e5df-9615-4627-90a5-8975a3407aa4,Naori,https://play-lh.googleusercontent.com/a-/ALV-UjVODJR8IDie7Mb7sIwlGTAGDi5a94aGsJbpS8xjI_hnz1C1lBE,"quest-quest baru ini kebanyakan dialog yang super panjang (yang mana gak semuanya penting), tolong diadakan tombol skip di dialog-dialog yang gak begitu penting. terus karakter cowoknya juga makin kesini makin sedikit, sekalinya ada cuma B4 (padahal lore-nya penting dalam cerita). kebiasaan naruh bintang yang salah dan gak sesuai sama lore karakter. tolong dibenerin, design karakter kalau bisa disesuaikan sama kultur regionnya dong. dibenerin lagi designnya buat region kedepan ya.",3,0,,2025-04-01 10:30:07,,,
48de5b03-714c-4238-b457-d34b6da76f39,R- Ann,https://play-lh.googleusercontent.com/a/ACg8ocJC-ZyRQKVJ48iKZoufgfGqhN1-dHnmaMe-BwM4EhoCnL2Y1w=mo,plis rerun emilie banner,2,7,5.5.0_31400259_31451966,2025-04-01 10:27:35,,,5.5.0_31400259_31451966
3db7d1b4-28c1-477a-bc51-34fec19a4433,Escanor Haider,https://play-lh.googleusercontent.com/a/ACg8ocKiLF6eG_ouXBUmaO7zqB6vWaZD4KbQsO8IF_kS0-svuLO1tQ=mo,loading kelamaan,3,0,5.5.0_31400259_31451966,2025-04-01 09:57:29,,,5.5.0_31400259_31451966
9931de54-91a6-4e26-95f4-c6448f4b51ae,Exuerantia Nixie,https://play-lh.googleusercontent.com/a-/ALV-UjXqyoUqcPyBgdlWDPk5zpYtpkph6vwdaGMsC420hstL_bLhQ6MG,gameplay nya sudah sangat bagus tapi update nya tolong agak sedikit dipercepat soalnya kadang aku tinggal malah ulang🥰🥰,5,0,5.5.0_31400259_31451966,2025-04-01 09:37:56,,,5.5.0_31400259_31451966
1ef4b4ab-8bf6-4ab0-87e3-5f8501395561,Jeksi Rahmatullah,https://play-lh.googleusercontent.com/a/ACg8ocKow4yaFNP4D84vxhvHjni3vbgSlNMExvoU13Aw2nEhFU1epQ=mo,bagus,5,0,,2025-04-01 09:21:34,,,
3bbd77f6-4fc2-4ca3-8242-9ad1c9e982b7,Vikaa,https://play-lh.googleusercontent.com/a-/ALV-UjX0kqQvj1LDFkjYoONUGFwFnllKRD8JZpn8CwBw1fvZm4f0Fpg,seru banget ada banyak karakter dan banyak tempat kayak natlan inazuma itu scene nya gokil banget seru deh,5,0,5.5.0_31400259_31451966,2025-04-01 07:42:58,,,5.5.0_31400259_31451966
d14c851a-05fb-4b90-8148-ea32c2323c34,Ahmed Ilham,https://play-lh.googleusercontent.com/a/ACg8ocLPCI5de-sYQgiOUlN61HnRtoaJE-dMS8XhJSKgulsvTUqbOw=mo,game nya asik bagus dan asik bisa berpetualang,5,0,5.5.0_31400259_31451966,2025-04-01 07:24:41,,,5.5.0_31400259_31451966
bb528db5-dd25-4495-973c-48b0d40e98c2,biyantoro,https://play-lh.googleusercontent.com/a-/ALV-UjWUKQcsqTk4f09K_nIeR08B0GWrZbdHQHnIadoHdg3WF3W7euYA,Game rpg mobile terbaik yg pernah gua mainin?... Nahh bro🙌😒itu dulu skrg ganti bintang 1 aja... developer sombong ngga mau mendengar feedback para player,1,2,5.5.0_31400259_31451966,2025-04-01 06:22:03,,,5.5.0_31400259_31451966
7b370ef0-ae12-4847-956f-f65112c9553a,Muhamad Reyhan,https://play-lh.googleusercontent.com/a/ACg8ocI4qY8w7aJurAjCLVJ3TPxKtLt30WeHjuN827P_AMh4E-lbGQA=mo,nice hoyo,5,0,5.5.0_31400259_31451966,2025-04-01 05:34:46,,,5.5.0_31400259_31451966
b214257c-ec30-4b7f-ad73-cb567935c0f4,WAIS ALQORNI,https://play-lh.googleusercontent.com/a/ACg8ocI34heCShdX0ZVkJMKDDa0tgfLFOsofvwFiogNM3HM1Um4-kOc=mo,keren,5,0,5.5.0_31400259_31451966,2025-04-01 04:45:10,,,5.5.0_31400259_31451966
57419b33-f69d-4490-b85c-23e6efb373d4,Alvando Tan,https://play-lh.googleusercontent.com/a-/ALV-UjVAEW3UfbHy7Nm6BlUxoyp6GmQwd8YSLBGtC4cB-4SFCLgEP_Tg,bosennnnn,1,4,3.1.0_10443587_10457664,2025-04-01 02:32:55,,,3.1.0_10443587_10457664
800b6d2e-20cc-4d4b-b037-473d68b10d3d,Xyera.,https://play-lh.googleusercontent.com/a-/ALV-UjXbWPjSoJWNFqETneWJA6xYz5NL-w9FNv_Z8hmBaXZU-PFbLOU,add skip quest feature,5,0,5.5.0_31400259_31451966,2025-03-31 23:56:15,,,5.5.0_31400259_31451966
fcefc6eb-b928-4e97-88ae-0b3468b16f54,Rofiq Firdaus12,https://play-lh.googleusercontent.com/a-/ALV-UjX_VineZW-R9KJ6StVpHhMOGMS0-teMmz68oGsO_bybFXPSpVc,seru tapi ada lag-nya dikit,3,0,,2025-03-31 23:38:00,,,
9b3fc181-2a0d-4017-a16e-5121b7081272,M. Fazza Ilham,https://play-lh.googleusercontent.com/a-/ALV-UjUiSCLIyiK3MV6zKE1R0nie6w8nVkvHesHtSeEC6JDMX8QBTi3C,Sebenarnya Aku Udah Suka Dengan Game Nya. Tapi Risiko Primogems Agak Susah Di Dapatkan Beda Sama Game Sebelah. Jadi Tolong Kalau Ada Event. Event Nya Di Simpan Aja Dari Pada Event Nya Menghilang.,5,0,5.5.0_31400259_31451966,2025-03-31 23:13:31,,,5.5.0_31400259_31451966
7f7c5ad9-d428-41ce-bbe2-0136f8a05288,M.fachrul.al.fathoni arul,https://play-lh.googleusercontent.com/a-/ALV-UjU8UQDt8lxBVtzzqB7_9ITd6AgMZHuSt-SkjkjivPifOsqsHTxL,"game RPG Ter Ter Ter keren, masuk dunia anime cuyy",5,0,5.5.0_31400259_31451966,2025-03-31 21:37:15,,,5.5.0_31400259_31451966
ca906d5a-9cbb-478f-b26d-2f16b15b5c49,Aditya Ramadhan,https://play-lh.googleusercontent.com/a/ACg8ocJIV6DkgEfo_hcXOeS7YbnxiQifZL88WH6L6WyQRtS7Uise-w=mo,"tantangan barunya susah2 reward nya dikit, aplah ni game yg main banyak ngasih hadiah dikit bgt, tlol",1,0,5.5.0_31400259_31451966,2025-03-31 20:51:40,,,5.5.0_31400259_31451966
521abb7d-3890-4c88-bab1-73dc512340a2,komisantet 2022,https://play-lh.googleusercontent.com/a/ACg8ocJD7PYwvz48eAvskD9LualE5xe9Kb9pUAlmrGo1EgkmDP0J1A=mo,sedih hp gua gak sanggup main nih game walaupun udah ram 8,5,0,5.0.0_26041933_26161852,2025-03-31 20:18:03,,,5.0.0_26041933_26161852
38ab434f-3743-4576-842e-2fdb53a1ea3f,Realme 64mp,https://play-lh.googleusercontent.com/a/ACg8ocIifVtE28eX9MENZtOmAn8FiusrbKZM91-CaxBY_A_qhGvWcA=mo,W game,5,0,5.5.0_31400259_31451966,2025-03-31 20:03:35,,,5.5.0_31400259_31451966
47de166c-7679-4a4f-9f2b-c3b984b0c27f,Dewi Nirmala,https://play-lh.googleusercontent.com/a/ACg8ocLfUjOFQiMh8K0rHB9esmG7Sd6FvKMLow7vY5CY9M2cgxUL5w=mo,wow game kamu terlalu bagus ya,5,0,,2025-03-31 19:56:40,,,
1650f0a0-98b3-4f44-a72a-3866b4dd50ec,Yuli Yulia,https://play-lh.googleusercontent.com/a-/ALV-UjXQCs5zP11XFTDJhDjxj2t3paj5vZxL4eXEl9LJQM2GGcjTrmVE,seru banget,5,0,5.5.0_31400259_31451966,2025-03-31 19:41:58,,,5.5.0_31400259_31451966
8ebcd47d-801a-4752-9b8a-6ceb55a8c6bb,Al Fian,https://play-lh.googleusercontent.com/a/ACg8ocLnY6l5J199PvCmPZl0c9nfVkCJj-j1JiKvEngZpmRwu1GUpg=mo,ini udah bagus cuma tolong lah pas di unduh data nya jangan lama banget cape nungguin nya,5,0,5.5.0_31400259_31451966,2025-03-31 19:24:36,,,5.5.0_31400259_31451966
0862263b-bddc-4e54-8916-dcd2bb0d4829,Naufal Azka Abdillah,https://play-lh.googleusercontent.com/a/ACg8ocLl4IwUQzsmFgXSSogoDyR52HJ3ofcTCbFQL4yZ_is4gpcGMg=mo,"Game ini seru banget. Ini gamenya cocok kayak game kasual, tenang, karakter disini juga banyak banget seru deh pokoknya Tapi kapan Aether sama Lumine ketemu lagi :(",5,0,5.5.0_31400259_31451966,2025-03-31 19:04:17,,,5.5.0_31400259_31451966
39c5b8d4-0e53-4f6c-b1a4-6c24ff107ea6,Risky Pramana,https://play-lh.googleusercontent.com/a-/ALV-UjW6F5QcHgrd9HpZ1tJ1JtpQNtl9g9n_gCjlVhQSVCa8kYvQTkY3,Good game,5,0,5.5.0_31400259_31451966,2025-03-31 18:54:49,,,5.5.0_31400259_31451966
1bb9aba2-d9db-4d09-83d5-373bb3e421d6,Rezky Mokodompit,https://play-lh.googleusercontent.com/a-/ALV-UjW1-ZWE7u5XfHcVojBS5ckeh9ucFBx3ypo2r-r3_30zrokvusE,game kikir,1,0,5.4.0_30057195_30231699,2025-03-31 18:31:40,,,5.4.0_30057195_30231699
beb925a2-d807-461b-b458-984a3d95d54f,ardy,https://play-lh.googleusercontent.com/a/ACg8ocITU2dtrTmHu7GzW-LXbvS6j13-3YECGMbCBO7l4N59-uvfjQ=mo,developer kikir,1,0,,2025-03-31 18:31:31,,,
12d22d45-2595-4776-8768-bf1b78731f1b,Farihul Ihsan,https://play-lh.googleusercontent.com/a-/ALV-UjUTLi40YNscz_T-D5GcSEI5tA5eqFrpuBkvB-KzumLOkwAt_UHi,gacor kang,5,0,5.5.0_31400259_31451966,2025-03-31 18:24:38,,,5.5.0_31400259_31451966
5bea3b66-f8f2-4de9-8452-193d127ca528,Gevi Kurniawan,https://play-lh.googleusercontent.com/a-/ALV-UjVruJrhfK-bWZ53UypZmYDJRBKfHUwzhjQa_XLjKCCovxomoBHqlQ,cihuyy,5,0,5.5.0_31400259_31451966,2025-03-31 18:14:55,,,5.5.0_31400259_31451966
3fdcbc19-0c4b-4540-82ee-059a411204fa,Alfred Gultom,https://play-lh.googleusercontent.com/a/ACg8ocJWqArT9AqFe3VjOsHF98_LcdciF_gqJdS_kWWAAsiNBSfuYOk=mo,"berasa game barbie, terlalu banyak char wanita, desain UI dan bannernya juga makin lama makin feminim.",2,1,,2025-03-31 18:01:49,,,
b257f417-aebe-498f-ad23-af3fd5e4e905,Tarangga atlan,https://play-lh.googleusercontent.com/a/ACg8ocIaDsWEaoV9H1ijQAay8dNoxO-dyYuDitiC6rgzmla7fMMJq1s=mo,bagus-bagus saja,5,0,,2025-03-31 17:50:15,,,
ce911d04-a0aa-4a02-935f-204ef57a6085,Mal Ate,https://play-lh.googleusercontent.com/a/ACg8ocIKn57e7-AIefLn6z9xzT_qhmg0PHhH1sikbB_bNIcIwjxe=mo,Stamina too little hard to activities-_-,3,0,,2025-03-31 17:36:50,,,
83a7cf92-54bf-46fb-ad3d-f7f6b84b9201,Bujang gaming Irenk,https://play-lh.googleusercontent.com/a-/ALV-UjUxHgN0FPI-Ul6VPgqL6cUDwbNwPqkNzQx9oiWpWCTQJNkJsBc,gamenya bagus Dev dan grafik kayak di anime real dan animasi bagus dan unik banyak hero ada masalah Yaitu frame ratenya turun dan kadang lag mau beli hero dan masuk ke dunia lain padahal saya cuma dowload game ini aja gak ada yang lain kok masih lag memory saya masih banyak itu aja sih,3,0,,2025-03-31 17:08:37,,,
c61a23ed-30a9-4c4d-9ea9-cfc6d0ada4e9,najmuddin azhari,https://play-lh.googleusercontent.com/a/ACg8ocLWet_mgc_m8t336D9VeiuLRzP1_TRUvKr0zmxIsJMo17YKNQ=mo,Oke,5,0,5.5.0_31400259_31451966,2025-03-31 17:02:33,,,5.5.0_31400259_31451966
c6acf5b9-c6db-4b08-ba1e-b6563fa46e4d,Muhammad Taufik,https://play-lh.googleusercontent.com/a/ACg8ocIFsxZtk0iEm6o7BYBqisoF7qUL5F8ZM4xZG45TV1A0qZMy_w=mo,Seru benar benar seru cukup seru,5,0,5.5.0_31400259_31451966,2025-03-31 17:02:13,,,5.5.0_31400259_31451966
f285e1fd-566a-4e02-b85c-4bf3779e36e5,Rubydayo,https://play-lh.googleusercontent.com/a-/ALV-UjUHW_6zQ4uYTj6E-Gjjyp3BwCacy1te4WS7Ct51NZX-lTcau5qn,kikir apalah,1,0,,2025-03-31 15:56:19,,,
d782c091-01d7-4e7f-813c-81099ad85552,Agus Spy,https://play-lh.googleusercontent.com/a-/ALV-UjUFnVNkj3E_pKIiFEWiDbaRSLxV-Ifk82T4AdwtW-z_j-UyTfUa,"salah satu Game open world terbagus yang pernah di lihat. Bisa berpetualang, seru rasanya.",5,0,5.4.0_30057195_30231699,2025-03-31 15:47:28,,,5.4.0_30057195_30231699
d70c95c9-2259-4fe1-9510-47eed5f6444b,Avip,https://play-lh.googleusercontent.com/a-/ALV-UjWFhjwgdKFExq_GpuDRK8YHSGICbfj3aCF5QGeFpoybf0Oi1nDh,fitur skip nya mnaaa,1,2,5.5.0_31400259_31451966,2025-03-31 15:00:04,,,5.5.0_31400259_31451966
cee64fc5-c187-4c76-b1a5-72e733d7b159,Mahkota Mahkota,https://play-lh.googleusercontent.com/a-/ALV-UjUBF-qJh5AP6rhu6zrBaktnsQjfDjuSlYacWiPdj-Pan14GOMQ,"please, it's wasting my lifetime... the story is too long",5,0,5.5.0_31400259_31451966,2025-03-31 14:28:04,,,5.5.0_31400259_31451966
62c02787-6a7f-43e3-ab78-c9efbac8837e,Rafa satrio Novalino,https://play-lh.googleusercontent.com/a-/ALV-UjW8_Ktg-frfKsuNOIQoKReRE82lL8pjjV-mpKMjo7T1334q_PA,tutorial tolong bisa di skip,4,0,,2025-03-31 14:24:11,,,
3389a3c5-6650-4f8f-b370-4247a32c267d,mita widya,https://play-lh.googleusercontent.com/a/ACg8ocLIRDpVEA2iW2ddRbL6fh4bRzSwbA4H4coO6ECZ-QG_Ju8QCw=mo,game ini seru tapi game ini harus like dan subrek nama nya hasbi ahsan zeroid,5,0,5.5.0_31400259_31451966,2025-03-31 12:59:13,,,5.5.0_31400259_31451966
57739623-2014-4a41-9538-7ac43f7c495e,Amde,https://play-lh.googleusercontent.com/a-/ALV-UjUmlPYxGI10KaL6SwL16aqAWWdO-JuAa19BJ0wXOPhQFa2dEr8,"account saya tidak bisa ganti gmail, game aneh",5,0,,2025-03-31 11:53:39,Mohon maaf sebesar-besarnya atas terganggunya pengalaman bermain Traveler. Silakan hubungi Layanan Pelanggan kami melalui email untuk mendapatkan bantuan terperinci mengenai masalah ini.,2025-02-13 17:27:18,
f3ec3d83-45fd-401a-a0a6-dd2a88bc17fb,Khaerul Anang,https://play-lh.googleusercontent.com/a/ACg8ocKG8rhdijMddGz4Kh1hu0JMzfm6xVGyxTxOUZsDRUmJ1KTYmw=mo,Gamenya bagus dan playernya ramah ramah,5,0,5.5.0_31400259_31451966,2025-03-31 11:28:46,,,5.5.0_31400259_31451966
c4896013-6a8a-4206-809b-91a7cc61792b,Noni L H,https://play-lh.googleusercontent.com/a-/ALV-UjU33mRr71n5iJMqMzROaGVIGuVJmc99osKKxhyPO3KU3ZsLIwNV,"tidak bisa di buka, hp saya tidak ada masalah tapi tetap tidak bisa di buka",1,0,5.5.0_31400259_31451966,2025-03-31 11:08:02,,,5.5.0_31400259_31451966
c2a9406f-8140-4eab-865e-3398e9304dc1,Minecraft Xbox,https://play-lh.googleusercontent.com/a/ACg8ocJCyzRcGWk1IGsYy_tSs-zmq_HMPUEQjCbJJmpU9odQ58bIFw=mo,Tolong untuk sanctifying elixir jangan dibikin jadi satu patch bikin aja jadi 2/3 minggu waktu reset nya. atau engga satu patch bisa dibikin 2 itu aja udah ngebantu bet,5,0,,2025-03-31 11:04:20,,,
7753205e-d45a-4063-b2c7-e38a37039e79,Meisya Melinda,https://play-lh.googleusercontent.com/a-/ALV-UjUFCpw1NHDmN9_r_Z1CKbrJTWoWqUv365sAFMGSUETV3aZ0I0lF,keren,5,0,5.5.0_31400259_31451966,2025-03-31 11:03:24,,,5.5.0_31400259_31451966
bb83dffd-7a9e-4cb6-97bc-68cd90fd85e9,Wildan Firdaus,https://play-lh.googleusercontent.com/a/ACg8ocKcEPl9embFKBG0ZXL_N5GPWJOKAzFwv3xJ1tx-ZodjrVx_uHI=mo,berad amat anjay,4,0,5.5.0_31400259_31451966,2025-03-31 10:16:34,,,5.5.0_31400259_31451966
1397746b-f116-4e32-81d2-2f4f19425bf1,Yuxy私,https://play-lh.googleusercontent.com/a-/ALV-UjV3bq8Nr20fsTIR0PTyasm4p4CL0Cdv9t_bvYm_l50WWRMZwq4Q,game kikir,2,0,5.5.0_31400259_31451966,2025-03-31 09:06:35,,,5.5.0_31400259_31451966
b557fac7-c9d2-455b-801b-c81c57f225bd,Reni Khafidzah azzahra,https://play-lh.googleusercontent.com/a-/ALV-UjXYrp3WpBQMu3EeljfEbdnqfc7uIHKm8QnIOrbWFoE0xzDr8NI,BRO I WANT TO PLAU GENSHIN BUT XIAOMI CANT,1,0,,2025-03-31 09:06:10,,,
6afc240c-f14f-4772-991a-ef5c31885b42,Abdel Haveez,https://play-lh.googleusercontent.com/a/ACg8ocKQgD9BaCM7ctQ7aDtNScpU-af8Z_1Czkz99OIdB_X_tIekEQ=mo,loadingnya kelamaan padahal jaringan bagus... belum main udah kecewa duluan anjinggg,1,0,,2025-03-31 08:30:47,,,
2c37ea6a-bc84-4360-91e7-a9bf32156c1d,TapasyaYuna CH,https://play-lh.googleusercontent.com/a-/ALV-UjWjai9tvKFfXvVQnHigiY9wbzhuZ-v0QPIUW9wpy53a19TJYaM,"SUKAA BANGEETTT, best deehhh pokooonyaaa! !!! MCNYAAA JUGAA MENGGOda😈😈😈",5,0,,2025-03-31 08:29:21,,,
1de876a3-05a3-4874-b8b1-54d613cea0fe,Aldi Putra,https://play-lh.googleusercontent.com/a/ACg8ocLODty1PJ6jpcjR4eZnc66isbslAwqKKTriuvHpnT1O4WUAjg=mo,oii min kasih b5 nafa pelit bet dah aing dah habis Primo 10.000 njir masa satu pun gak ada b5 nya 🥲,3,0,5.5.0_31400259_31451966,2025-03-31 07:40:32,,,5.5.0_31400259_31451966
dff7ab08-69a0-4ec6-b395-268f61ddd402,Mwull,https://play-lh.googleusercontent.com/a-/ALV-UjXYmHrbgzUkjU99DT0dILF4TIw1fhSq1jAe0KzopRB2-ca_0FUl,Ada banyak my istri di dalam gamenya,5,16,5.5.0_31400259_31451966,2025-03-31 07:21:24,"Terima kasih atas dukungan Anda terhadap Genshin Impact, Traveler! Kalau Anda mengalami kesulitan apa pun yang berhubungan dengan Genshin Impact, silakan hubungi kami melalui email atau feedback in-game untuk mendapatkan bantuan.",2024-11-17 18:20:40,5.5.0_31400259_31451966
bf8ed1e7-865b-4a00-92da-94f56719e2ce,Dek Adi,https://play-lh.googleusercontent.com/a/ACg8ocLGQYCamFu4P4DejhpnTX3-rYGQcIycxBwrgHDslDSRYs4kEDQ=mo,"muanatap, besok"" ringanin lagi ya biar ramah perangkat low-end",5,0,5.5.0_31400259_31451966,2025-03-31 06:51:50,,,5.5.0_31400259_31451966
2748011a-df56-4ff3-b399-a2d5828fe8c4,Zumi 20,https://play-lh.googleusercontent.com/a/ACg8ocK-LNzzscsyxospKkx2ze7S-ja5YqGg9QpWMlQkYSkZRJ3Ulw=mo,perfect,5,0,5.5.0_31400259_31451966,2025-03-31 01:54:30,,,5.5.0_31400259_31451966
3cb904ff-4320-4d98-ab30-acae373f2e7d,God_ 198,https://play-lh.googleusercontent.com/a-/ALV-UjVvF_bc8QOdKYqGEnR7-6FGVXHhaOcHp9YEcymQyYf-0ZetyA7B,"males banget sama ini game, setiap update patch pasti download 8 GB terus",1,6,5.5.0_31400259_31451966,2025-03-31 01:47:49,,,5.5.0_31400259_31451966
a5add3e1-ca07-42f5-a736-a498bec9c13e,Zhafran Majid,https://play-lh.googleusercontent.com/a-/ALV-UjWdEfN3vtmHyT2dr3fNwidFZld24cYSaHZ9pq67Tozd8m05pUHb,memuaskan,4,0,5.5.0_31400259_31451966,2025-03-31 00:47:04,,,5.5.0_31400259_31451966
25c1843b-71bd-4b77-8f53-77ed90897b33,Alif,https://play-lh.googleusercontent.com/a/ACg8ocLu7fJ-Fr20TiJadRV8EWu_fBZwoaxpqEphTLSucN3KZKCj_Q=mo,GAME RAKUS AKAN UANG,1,0,,2025-03-31 00:31:51,,,
5445fb24-a3ca-47f0-bc65-a39960bdaffe,Afandi Rifky,https://play-lh.googleusercontent.com/a-/ALV-UjVd8e7bEBReWh3ZV6mBBCPkR2BGgFKV1Wvd4PCv0nrovknJcDE,"keren grafik nya,, mantapp",5,0,5.5.0_31400259_31451966,2025-03-31 00:04:06,,,5.5.0_31400259_31451966
938c3050-d8b0-43d9-b8cb-434439c083af,Kenzy Miguel,https://play-lh.googleusercontent.com/a/ACg8ocJd59VoQNwj-Ey13Ixdk0bEOAGp2cwjMkX-BtZwsqj-gq7V3g=mo,hancur hp aku Wak😹,4,0,5.5.0_31400259_31451966,2025-03-30 22:54:59,,,5.5.0_31400259_31451966
9b56fb99-166b-4c67-838f-b664e5e22ab5,akun kimochi,https://play-lh.googleusercontent.com/a-/ALV-UjW90-ABYPakzkwyTyz_wO7EVh0d-r1yAvqcJ7hr-qddXCxTt0Xj,wuwa more better,1,2,,2025-03-30 22:12:00,,,
1c0def62-1572-4640-9649-0772247b68b4,Dimas Ramadhan,https://play-lh.googleusercontent.com/a-/ALV-UjXfrxPjtUdHKk6BwZJUQzXp95C7RHC78gn3bJE4dnS3gNPDvfrL,game kikir 😏😏,1,0,,2025-03-30 21:26:34,,,
6d6720cb-7fdc-4d19-913d-7d601573b9c2,Suherdi Pemalang,https://play-lh.googleusercontent.com/a/ACg8ocLQoXkJrkw2d4xNdnJ1n4T9CUD87dwp62WpdXRcPkVbpmfvcw=mo,saya suka dengan game ini,5,0,5.5.0_31400259_31451966,2025-03-30 21:18:12,,,5.5.0_31400259_31451966
4a3e3d42-97ad-4651-a281-8a8729f6356f,Mh Sa,https://play-lh.googleusercontent.com/a-/ALV-UjUajharucbMQ9I992uR_hD_hz_mTHSK3QWK7gpzl8yNaJMsstw,so good,5,0,5.5.0_31400259_31451966,2025-03-30 21:04:40,,,5.5.0_31400259_31451966
8e097e27-e758-49f8-b71e-c72951ff895c,sopian akabr,https://play-lh.googleusercontent.com/a/ACg8ocJhkILMLDzAyVlgXBqhfllxHWcoU3JUciCV9UpFP3Ls9l95PnY=mo,game gabut gakjelas,1,0,,2025-03-30 20:38:51,,,
c555a2cb-0ecf-48bb-8fb9-15f1e50dc49b,Bei_ Zel,https://play-lh.googleusercontent.com/a-/ALV-UjVmLf0V3iKn67ST2NFEsHSrgUnmVwt9xlOmXmz-VO0xssmSDkQ,love it,5,0,5.5.0_31400259_31451966,2025-03-30 19:12:12,,,5.5.0_31400259_31451966
34c4d605-9514-4052-96f5-3731b13da915,Restu,https://play-lh.googleusercontent.com/a-/ALV-UjUS2C8NhdDOw4h1iJAmlAdVhy3MqefRRXEgJfju1tK0FIFopZ_v,kikir primo,5,0,5.4.0_30057195_30231699,2025-03-30 19:11:54,,,5.4.0_30057195_30231699
7fe5680d-1cab-437e-b341-bb8952a8c7c1,M.Reyvaldho,https://play-lh.googleusercontent.com/a/ACg8ocKTcKr72x92mJJfmbQyvbpz0lSgijOPYiKLTmqmfqzwB4tl9w=mo,kasih lah artevak yang wangi,1,0,,2025-03-30 19:07:09,,,
744007ef-5a8a-403d-9beb-d4caa5b8f074,Kamenrider Zoro one,https://play-lh.googleusercontent.com/a-/ALV-UjUrOZIjon1OkQN-_3xWE2tUG6Gn635JvTK019AARImOSmbg92W8,"Genshin impact, gemes faforit",5,0,5.5.0_31400259_31451966,2025-03-30 18:55:07,,,5.5.0_31400259_31451966
dcd4b269-0b8c-4af3-8a45-2d15762297d3,Seli Panbaju,https://play-lh.googleusercontent.com/a/ACg8ocL5ht00S0C2-bjeqbCUjWr9JXX5s78seOLEsBKpakuKwmi5lQ=mo,developer yang diskriminatif,1,0,5.5.0_31400259_31451966,2025-03-30 17:42:54,,,5.5.0_31400259_31451966
731b1721-1310-4682-80d1-9564950f1193,Alvino,https://play-lh.googleusercontent.com/a-/ALV-UjWZ_28Mj7LfPdOjhO5D-263ws8KgUkv8dt36TvmOET3z-78DkI,bagus,5,0,5.5.0_31400259_31451966,2025-03-30 17:12:09,,,5.5.0_31400259_31451966
a5ef1b54-0797-48bf-84b1-9e09221376e8,Abil Alfarizie,https://play-lh.googleusercontent.com/a-/ALV-UjXO_mJhQ422KxhEF04lngxaybtjQkBK4QJJVPH2KCDbqbrYhtI1,mantap gamenya bertema open word game nya bebas berpetualang dan bisa di costume character nya pokonya the best mantap 🤩🤩🤩🤩🤩 ⭐⭐⭐⭐⭐,5,0,5.5.0_31400259_31451966,2025-03-30 17:06:02,,,5.5.0_31400259_31451966
9049a090-ead4-4adc-962c-22f868254c55,Rafa Rafa ahmad,https://play-lh.googleusercontent.com/a-/ALV-UjVHZ94cRksMI4muV723-QikF3CJYJKE47vlr3BRZ7TdmE5ffS4L,mendonlot nya lama,1,0,,2025-03-30 16:59:36,,,
f1b54918-4bea-4938-8ca3-4b497aca95a5,Hidayatul Hasanah,https://play-lh.googleusercontent.com/a/ACg8ocLe4ibLYawropnor6MaYpxNmHL0kPqdQxD7pcST_NrVHFtknW8=mo,game bodo.... masa data Awal download 32 GB,1,0,,2025-03-30 16:38:46,,,
6d2da2ca-3c4a-48e2-b10e-0df0dff6eb89,Utet Mak,https://play-lh.googleusercontent.com/a/ACg8ocJrHNsAaPCFsHL2BVj0H3HK_XzzKSTwlesyTuEl43yv4swiSA=mo,enak,4,0,5.5.0_31400259_31451966,2025-03-30 16:34:50,,,5.5.0_31400259_31451966
05384b11-3b66-4333-b58f-6ecfa05e3c9d,Rasendriya Zahrankhansa Diasmoro,https://play-lh.googleusercontent.com/a-/ALV-UjVKiCnSbNAKocfs_62S6ePT2r28lm-6RdIlT3EJrql47zjixheL,Kompilasi shader terlalu lama,3,0,5.5.0_31400259_31451966,2025-03-30 16:10:41,,,5.5.0_31400259_31451966
eacfdf6f-721b-488a-90e6-72558db3231c,NNfamily,https://play-lh.googleusercontent.com/a/ACg8ocJitWtT448dcO_ztbBp5mEvhru5yvqb7xHnOJhBzKK63GB4NA=mo,gak sabar nguli buat b5,5,0,,2025-03-30 15:50:27,,,
326dbf3c-48aa-4658-9899-d6e05641e511,Gans Dan lang,https://play-lh.googleusercontent.com/a/ACg8ocIfjMw-7Cje_JnhikWggaj0xuSXMjHZbncUnbp2Tp18QZAi-g=mo,min sekarang ki suaranya gk ada mulu tolong tanggapan nya soal jadi kurang seru,5,0,5.5.0_31400259_31451966,2025-03-30 15:35:00,,,5.5.0_31400259_31451966
427f4c94-ae87-4529-8837-8b264e0d23d0,Craka 9,https://play-lh.googleusercontent.com/a-/ALV-UjXHSeEcZJAIuCYfxm60Y6tYJXVYS2Q-qTyHmUjSw95c1yfDWOM,tombol skip mana,1,1,,2025-03-30 15:02:24,,,
998ffb17-feb4-44b2-82bf-b4bdba82a17d,Gunawan Wijaya,https://play-lh.googleusercontent.com/a/ACg8ocLcQqZsM_Ne9MuHTRi9TK8Fok6PtiFtt6jrEOwtY85IZb-_wA=mo,"Makin update makin ketagihan main game ini, map makin luas lagi hoho 2025",5,2,5.5.0_31400259_31451966,2025-03-30 14:37:24,,,5.5.0_31400259_31451966
1e6c5645-7a24-49e5-b774-19e7f5779058,Hans So,https://play-lh.googleusercontent.com/a/ACg8ocJO_aY0szivCvKZ7B3gFYDjncsNUYUb4GvZ-a3RTM4sM7-5Xg=mo,"game dan alur ceritanya bagus,grafiknya juga,tapi sedikit kikir aja sih",5,0,,2025-03-30 14:34:25,,,
0ea6b867-4ce0-455b-8e9e-3e13aece8329,Aditiya Maulana,https://play-lh.googleusercontent.com/a-/ALV-UjXvmRupkuqlFlV1q0GqFQuk4Ry7ifZBWTWSLLUiMv7NAoaFLXWt,Map di Natlan ngebug jadi berwarna hitam😢,1,0,,2025-03-30 14:18:08,,,
312d4b2b-cd8c-488e-a3f1-4c8638073329,yusman setiawan,https://play-lh.googleusercontent.com/a/ACg8ocLUgaBlik0oTYjawurOdpMppCfPTRXmGiueMVAe_iHuLukRxw=mo,"gameplay ok bngt. game bagus. grafik keren. quest nya banyak, map luas, event sangat bersahabat. cuma di quest story ceritanya kepanjangan ga bisa di skip, ngabisin waktu bngt 😁, bos spiral sekarang gampang di kalahin asal pake karakter baru😆 maksa banget buat topup sih luu hoyoo🤑",5,0,,2025-03-30 13:35:47,,,
2cf62211-d6b6-4be3-a7c1-d94783a45e50,Keanu Luthfian,https://play-lh.googleusercontent.com/a-/ALV-UjUFlDl1lI7oCgoQIzL6Ol9a55fbBSFsweWmtuvSwWmn4wXIXp4,bagus tapi mahal²,5,0,,2025-03-30 13:32:01,,,
9e269f58-18fb-4ce7-9c1a-0413b2a9b474,Satya Wiratama Al Siraj,https://play-lh.googleusercontent.com/a/ACg8ocKbAq6sfg19cs7cx7g_7wGdl-J6QHNAsHafNDoKx6ho4jeIMg=mo,varessa bini gw titik😡,5,0,5.5.0_31400259_31451966,2025-03-30 13:16:09,,,5.5.0_31400259_31451966
2dd56351-d9b7-4fb0-8039-270aa99c5908,Ryuu Takahiro,https://play-lh.googleusercontent.com/a-/ALV-UjUzsXWgqSZw-FX1ZceSZdseIwHSLQl2wBPonK2RdQED13ZBw7If,cool,5,0,5.4.0_30057195_30231699,2025-03-30 12:27:15,,,5.4.0_30057195_30231699
48bb8925-8cb7-43bd-a8f5-7155d289ffd5,Topan Gaming,https://play-lh.googleusercontent.com/a/ACg8ocJD4IDDkI4vRc4Ov_g3KKtNnGbLZjCFTKmOPs5FkiAlPvsOdQ=mo,"game yang mudah dimengerti, jelajahi dunia tanpa batas, kemajuan teknologi dalam game, cerita yang amat imajinatif, kompleks dan menyebarkan semangat para player nya, memang mantap ini game!!",5,0,5.5.0_31400259_31451966,2025-03-30 12:10:05,,,5.5.0_31400259_31451966
57a3fc88-fff3-4153-b190-c442224b7c76,desky reno,https://play-lh.googleusercontent.com/a/ACg8ocIoGrsdanrtOBC-wrv0XHmQN-wbZ31FFRriTSIo5kVEy6_zww=mo,game membosankan,1,0,5.5.0_31400259_31451966,2025-03-30 12:05:16,,,5.5.0_31400259_31451966
b4fa4a09-fd3f-40bc-a7d0-9dfd2095efce,Soreang Aja,https://play-lh.googleusercontent.com/a/ACg8ocIsw3IEZe7sUs69ER0vNqBlfnq6zBjB8_RdGDWEeKaXgMLQfg=mo,masa mau main harus download 10 GB🗿🙏,1,0,,2025-03-30 11:30:08,,,
dd43d311-125e-492b-ae67-0499fe1b2705,THE BOT,https://play-lh.googleusercontent.com/a-/ALV-UjW7Y5qIj0cehNcbiCGarYmPtI3WeVEf8UHb_60B7LczNbfWlbOu,game nya sangat seruu,5,0,,2025-03-30 11:25:39,,,
9ced9fd7-e08a-4b97-b229-4b92f8ab1ec0,Itsuki Enryu,https://play-lh.googleusercontent.com/a-/ALV-UjWQj1ASmzpQURMX0y9Vo_FpI9ZAgK7_pWFj46cRc7wQVP2CDQk,very nice game,5,0,5.5.0_31400259_31451966,2025-03-30 11:16:10,,,5.5.0_31400259_31451966
012d1e9f-9be9-4aae-bc3e-118541897cd3,Leni Herlina,https://play-lh.googleusercontent.com/a-/ALV-UjU023-k2JkgYc0U6NzL70vLa7kZvG7ZVIYSHhZ3A7Ftu-r7560r,game nya seru bet jirr,5,0,5.5.0_31400259_31451966,2025-03-30 10:19:56,,,5.5.0_31400259_31451966
ddfcb274-b949-4c28-99a8-d6fae01a483e,Mustafa ran,https://play-lh.googleusercontent.com/a-/ALV-UjXooh6Q1NSemuRC0dZ5JU2XpDp6zJJOd1-wrqjcaCDb-58sNOfk,"kbanyakan bicara di alur cerita, tolong di bikin tombol skip dia setiap scene kecuali scene utama yg memang sebagai inti dari main Quest dan di buatkan secara singkat dari cerita yg sedang berlangsung saat kita ingin mengklik tombol skip scenenya.. game sebelah pun bisa dan itu bikin kebnayakan player nyaman ketimbang dengarin setiap scene dan ahrus memilih pilihan jawaban yg ujung2nya ga ngaruh di Quest yg dijalanin jadi ga guna juga.. tolong developer di bikin permudah",3,20,5.5.0_31400259_31451966,2025-03-30 10:16:12,,,5.5.0_31400259_31451966
beef7cb9-7d0a-474d-bc5e-cac6fdf28b2d,desi susanti,https://play-lh.googleusercontent.com/a/ACg8ocK9BySIQ4Nn2UUAnfKU7S7BuKkyF980sNdBT8J1AK8Q57XNpw=mo,seru dan bagus,5,0,,2025-03-30 10:01:53,,,
ce9df287-5bee-4f3b-98bb-f9ff822688ab,Jovan Lim,https://play-lh.googleusercontent.com/a-/ALV-UjWhtrkuCzGjS9xICplHDVaYY3jH2PMwEhygLBLyERWbElOQ4wn3,Bagus dan dunianya itu open world jadi bisa menjelajah di tambah aku dapat ketemu banyak waifu,5,0,3.1.0_10443587_10457664,2025-03-30 08:35:49,,,3.1.0_10443587_10457664
ef9644f3-1fe1-4110-89da-7986ac46b885,Hendra Sj,https://play-lh.googleusercontent.com/a/ACg8ocJlkM0KYOWgdcEJv6uSAoBtZ5Rk670GbkCQKKgI20VJuzq-VA=mo,berat nyo💀,5,0,5.5.0_31400259_31451966,2025-03-30 08:27:45,,,5.5.0_31400259_31451966
cc64e0b2-a92e-4a13-9fa0-74c276ee88ff,Irfan Khalfani,https://play-lh.googleusercontent.com/a/ACg8ocKCOoGrJLdLCM7nafaXqwq3BYln1O8vQugXMROwpwguLL351A=mo,just better,4,0,5.5.0_31400259_31451966,2025-03-30 07:23:27,,,5.5.0_31400259_31451966
fbcd2c38-6956-48bd-8672-774b87e334be,bagas kara,https://play-lh.googleusercontent.com/a-/ALV-UjVSQyiO3Qm6uJqTQpcKNfuazVj8ZbYZKYbbn470Sh9LGXNlqWQ,mantap,5,0,5.5.0_31400259_31451966,2025-03-30 06:23:17,,,5.5.0_31400259_31451966
1ed078a5-9780-4bf1-ae3a-b908c2883054,Bagus N.P,https://play-lh.googleusercontent.com/a-/ALV-UjVryJSxUwTiuAxd8gLGzYR4nMfxT0X273uHdp-0TL6gqjU-k8Ot,Kenapa rekomendasi artefaknya di hilangkan padahal sangat membantu😭,5,1,5.5.0_31400259_31451966,2025-03-30 06:06:59,,,5.5.0_31400259_31451966
12c69145-0e37-4788-b35f-ed7e44ba902c,Blaze Official,https://play-lh.googleusercontent.com/a-/ALV-UjVNgxIq3y9WhNoqqDmBZpuHPLK2KDy4WhG5o2a8KXUUIoy5uucU,"best game, i have been playing it for 2 years and until now. genshin impact has filled my free time after work. thank you hoyo.",5,0,5.5.0_31400259_31451966,2025-03-30 04:49:42,,,5.5.0_31400259_31451966
a324b40c-6978-4e6e-b998-bcce6fb197d2,Zhafran Ahmad Al Ghifary,https://play-lh.googleusercontent.com/a-/ALV-UjWhCMNMozBMtzkvv2Me4zb6mfwMnA7w5f6F1MKWLBFJyxOHnPp8,ada bug gak bisa masuk gamenya,1,0,5.5.0_31400259_31451966,2025-03-30 03:51:57,,,5.5.0_31400259_31451966
e82a5cca-2d44-4484-a309-2e28430e3adb,Saeful Rizal,https://play-lh.googleusercontent.com/a-/ALV-UjUjEW0WqHu5F5siKeP2WRHmN9zsPQIQC2ECUCBvM90gZucddYnx,"ehh kunyuk kalo jadi game gak usah pilih kasih lah, cuman telat download shader doang malah nambah jadi 10GB, dasar game KIKIR!!",1,0,5.5.0_31400259_31451966,2025-03-30 03:41:42,,,5.5.0_31400259_31451966
f7368cce-9666-4b71-af61-723f0dc0a38b,Adelia Meylitawardhani,https://play-lh.googleusercontent.com/a-/ALV-UjVvpyZZ0kxpdvSdMih2mPw4w5n0Q0WVejy4J4FM4sYlBsAKYCO2,Game ini sangat bagus,4,0,,2025-03-30 03:39:43,,,
e38f948a-a03d-4439-be6b-e039f9a53f7f,Juju Jumiati,https://play-lh.googleusercontent.com/a-/ALV-UjX6cUbyHnTrkt25akFy0PS_l4qPcV1h5eJMifBBk6m-VpeMVnGu,game nya bagus dari segi grafis adan alur nya yng seru tapi kalo mau login harus butuh jaringan yg kuat,5,0,,2025-03-30 02:08:35,,,
071a8b1e-c1d3-45f8-8a34-5b93ce046fd8,Ardy,https://play-lh.googleusercontent.com/a-/ALV-UjVDv6IoE1e_8LUm0B11YrFpaXKbx4SDr_K0eMLQ6-6lXWh3LOAf,hell nah kirain size nya 20-25gb ternyata 32gb an,3,0,,2025-03-30 01:23:45,,,
dbc8c352-25c2-4cac-b668-5ed063971bdc,Johan Steaven,https://play-lh.googleusercontent.com/a/ACg8ocI2A_fj_5Jn3W7umVZLdnU_5fJZOJ2b_Njf3q3uML3vrfo3lg=mo,ga bisa berkata-kata,5,0,5.5.0_31400259_31451966,2025-03-30 00:17:02,,,5.5.0_31400259_31451966
7aac1492-f607-4c01-ba2a-fb443c6cf1f7,Real Weird,https://play-lh.googleusercontent.com/a/ACg8ocKiiNPm52I5-GPa_3q1HACbNz3SDoOy9amkyXBiaPsdOWodVg=mo,Perfect,5,0,,2025-03-29 23:59:04,,,
de5b2cdd-6b35-4f83-9555-a419bcc5dc8c,Anak Jenius,https://play-lh.googleusercontent.com/a/ACg8ocKMMosAO9nHjoTUpGHVuxwNa_Z6mdWtaTkuZfYezMQvqC4sxg=mo,cukup,5,0,5.5.0_31400259_31451966,2025-03-29 23:40:21,,,5.5.0_31400259_31451966
246f859e-999c-4a87-bcd1-21ca1d5400f2,Aldi Kelana Putra,https://play-lh.googleusercontent.com/a-/ALV-UjWB52awBIiMWWgOs1Ruf0NoWBQJXv7jTEIXSktwF9f1S40M9yDP,kikir,5,0,5.4.0_30057195_30231699,2025-03-29 23:35:43,,,5.4.0_30057195_30231699
6e18306f-abb6-44cb-a004-19c54254ab47,Anthony Wijaya,https://play-lh.googleusercontent.com/a/ACg8ocJRCyzwG-3vV890BBySw4c7OEeBE8oC_if8JkaMDRQ4sRxhvg=mo,"quest in natlan too much story, it can take for 15 min watching their dialogue. please add skip story button, i think not all of us enjoy the story. some ppl jst want adventure not watching a story. if we want story, we will go on netflix and watch a movie or anime.",1,0,,2025-03-29 23:11:40,,,
06834dc5-55a1-4323-80ee-2b81da1debc1,Kyzo Calypso,https://play-lh.googleusercontent.com/a-/ALV-UjURE9AP8iGpy_o3-3VbvSZQ_2TSYZLs25TeWuunTPjTjTN3eiU,mantap,5,0,,2025-03-29 22:37:56,,,
a41c9d6d-829a-4cb7-951e-9af445927ea4,Wawan,https://play-lh.googleusercontent.com/a/ACg8ocJFt7Kw_nCgxSlulbYS53WDc8K0F7LY4f3G9CzrOEZRzywWbw=mo,bagus bngt,5,0,5.5.0_31400259_31451966,2025-03-29 22:10:50,,,5.5.0_31400259_31451966
edc7d3aa-b873-407e-a5c2-64adc75cd7f0,Zen Anfasa86,https://play-lh.googleusercontent.com/a/ACg8ocIgOZ_b1MfdQt3HbdqDDDx7zibLIWTpS1uZgUWNuOCn-RaFLg=mo,MASIH PEMULA,5,1,5.5.0_31400259_31451966,2025-03-29 22:05:39,,,5.5.0_31400259_31451966
7866456f-78aa-4e9f-936d-f822b72dae3c,Puji astuti,https://play-lh.googleusercontent.com/a/ACg8ocLRz20--wkPaPssx2Cym8qq3myqsiDHq4k7f025JSZDVSG49OU=mo,game bagus,5,1,5.5.0_31400259_31451966,2025-03-29 19:53:46,,,5.5.0_31400259_31451966
eccb298f-2619-49b6-888e-d7ced5834ffd,Yasir Muhammad,https://play-lh.googleusercontent.com/a/ACg8ocKdd5JPOG5Vh93EJARANVRYqSHEZiV0RWWXnDmfPFIMF4RdGw=mo,game terbaik sih menurut saya,5,0,5.5.0_31400259_31451966,2025-03-29 19:38:26,,,5.5.0_31400259_31451966
ec52d870-5346-4ab9-829a-19aa89f1b921,Ivan Ramdani,https://play-lh.googleusercontent.com/a/ACg8ocKFWSBzP7RcKY9k9VXIAFkdFLgBwo5TFGMyFU9D9rLwBRKCZw=mo,keren,5,0,5.5.0_31400259_31451966,2025-03-29 19:05:22,,,5.5.0_31400259_31451966
dab89f9f-8ccf-4242-89d9-5b13a8f9507a,skiper,https://play-lh.googleusercontent.com/a-/ALV-UjXNc4BZRHwd4E9OwbaSlZUGjUUESiPJtPsFOd1wtO379_W8wrY,thanks setelah update 5.5 akhirnya bisa pakai gamepad aku suka....👍👍👍👍👍,5,0,5.5.0_31400259_31451966,2025-03-29 18:59:56,,,5.5.0_31400259_31451966
0c812726-734e-4cab-ac2d-0dd707909c0c,Eko Batang,https://play-lh.googleusercontent.com/a/ACg8ocL00q2A-4omHNiNI-9AYxxroTZk4mFUValWbvVM5X4-8vb3=mo,"eh admin bisa indo kan?,menurutku oke2 aja cuma yang perlu dibenarkan adalah quest story dibagian fountain dan natalan,permasalahannya adalah belum sampai difountain tapi udah disuruh ke natlan,gitu",4,0,5.5.0_31400259_31451966,2025-03-29 18:47:11,,,5.5.0_31400259_31451966
a2df57af-c9e4-4f1c-a88c-010111bdcb07,AlfaSkuy 87,https://play-lh.googleusercontent.com/a-/ALV-UjUULGcEWo23_axvWe8B_uMcVKOl1fnkl0pP7xcBGslUmPhEsWI,kalo ga kikir bintang 5 sih,3,0,5.5.0_31400259_31451966,2025-03-29 18:46:13,,,5.5.0_31400259_31451966
71f4b4f1-384f-4680-86ac-d3a59e2ea5a8,Muh Ilham,https://play-lh.googleusercontent.com/a-/ALV-UjUUyEQPFYd_oFaXNHD0WIH1tpVwYkKh96yIffWcJm1cBAImWcPd,Bagus banget ni game terpercaya ni game bagus hd juga,5,0,5.5.0_31400259_31451966,2025-03-29 18:42:50,,,5.5.0_31400259_31451966
d5eb1189-001f-46e2-95ff-65af16e422a6,Indiana Jasmine Ramadhani,https://play-lh.googleusercontent.com/a/ACg8ocKE2xxIIoPcaAlbXbQT9LjdlBRueKH4AUkckF6fYodMu6RAVQ=mo,"sudah bagus, rekomen banget cari husbu sama waifu, tapi terlalu banyak char cewek di banging char cowok.",5,0,5.5.0_31400259_31451966,2025-03-29 18:35:26,,,5.5.0_31400259_31451966
b5a391c7-a8aa-43ea-a189-78d29bdbad71,RAJA IBLIS,https://play-lh.googleusercontent.com/a-/ALV-UjUL5ra4jCt1Rrb61kN7MbEEh3CvwBO9X_puU9OZ00FZWsfQBJlv,"nda waras ni game, masa baru download malah disuruh download lagi 32gb. anjir menangis nih hp ku, mana penyimpanan cuma 128gb.",2,0,5.5.0_31400259_31451966,2025-03-29 18:08:39,,,5.5.0_31400259_31451966
5dd894a7-3a38-4e2d-bcd2-d9603c409f92,BlackOrePVP,https://play-lh.googleusercontent.com/a/ACg8ocINyIPVOKG13FNp5Bxcs-fJrCLaYcrCyScPOGS6s5OKPSnWmg=mo,"game nya bagus dari segi grafik,animasi/adegan saat melaksanakan Quest yg paling ku suka yg quest penyamaran sang pendosa agak kebawa gitu lah cuma satu yg belum aku bisa cara ganti voice karakter sama NPC nya",5,0,,2025-03-29 18:07:08,,,
483f436c-4b16-424f-9920-e7989f4b2ee7,Eruka Yan,https://play-lh.googleusercontent.com/a-/ALV-UjXtUWG_JEehTfeKCKBLrbD4JGuOf1Xjo4Wzp-_FqgZE-qtFNkGz,"game nya developer nya kikir, tapi gw suka bgt sama genshin ini, secara map,visual bener bener memanjakan mata, cuman kekurangan nya developernya agak pelit buat Primo gems",5,0,5.5.0_31400259_31451966,2025-03-29 17:43:22,,,5.5.0_31400259_31451966
a91b287f-e4ab-4374-85c9-06c726ad169c,Pengguna Google,https://play-lh.googleusercontent.com/EGemoI2NTXmTsBVtJqk8jxF9rh8ApRWfsIMQSt2uE4OcpQqbFu7f7NbTK05lx80nuSijCz7sc3a277R67g,Anj banget gak ada fitur telanjang,1,0,,2025-03-29 17:19:39,,,
11da9a68-e4c5-40e5-8819-33a713f63451,Risma Ayunda,https://play-lh.googleusercontent.com/a-/ALV-UjXJjZXlecxJaOVuIzxYt9QcdzmSGyjTzMhM5xsbOwfRZ2n-2eE,Min kenapa ga bisa di download padahal ram gw 16,1,0,,2025-03-29 15:36:20,,,
7ba66b3f-cd26-4e12-9b8b-79cb3026adc1,Rayyan alfa rizki,https://play-lh.googleusercontent.com/a-/ALV-UjWI7acfb2jBUXAZlmLbAfBZFYMqUDk85Cfh73UAhmdKjqWjtBY,bagus tapi makan ruang,5,0,5.5.0_31400259_31451966,2025-03-29 15:34:22,,,5.5.0_31400259_31451966
c58ee1be-7558-418d-b7a1-00e071f3b462,Satria,https://play-lh.googleusercontent.com/a-/ALV-UjXKPNaY-zV7i0rWSdcz9QCCIFt6HyAHt8BBwxBUax_XtizV4IuB,game nya seru bgt banyak Question nya+ bisa gacha gacha,5,0,5.5.0_31400259_31451966,2025-03-29 15:33:01,,,5.5.0_31400259_31451966
f9c2313f-a877-4cf3-98ae-f828906e69a8,G'zan sura (Zansura),https://play-lh.googleusercontent.com/a-/ALV-UjXMro8VNrKvYcnvW3utT0VwqkPMsaQl5Lusbq1S2HahV-wsBy-a,bgus tpi..nooo penyimpanan sayaa tidaaaa😭😭😭🥹🥹,5,0,5.4.0_30057195_30231699,2025-03-29 15:12:23,,,5.4.0_30057195_30231699
3079a69a-158b-4357-861c-ce650d8884ad,dimas darda,https://play-lh.googleusercontent.com/a-/ALV-UjWak2NiXRHGDeKQKdjuzV-RvTdunO-qpLrlmcOvRzTfjRZ0EbnI,💯💯💯💯💯💯,1,0,4.8.0_24603909_24822834,2025-03-29 15:01:03,,,4.8.0_24603909_24822834
999afa9e-f9da-4edf-afbd-ffcbf820a8a5,INWP 2600,https://play-lh.googleusercontent.com/a-/ALV-UjWJ4tgXC6XirBr8cAjW93slY9lF3Tb3EtlaDtptBhYILrlwntH7gg,game kikir dari awal main gak pernah ngasi bansos bagus,1,0,,2025-03-29 14:58:38,,,
21c89223-f4bd-4727-a2f3-1f43dbbbac1b,Cihuyy Hc,https://play-lh.googleusercontent.com/a/ACg8ocLNhJli8b7plofB20uZEcCSqVNQSb-roWEwHyagfuvNJTj0MA=mo,cutsene nya jelek animasi bibirnya sama suaranya gak nyambung grafiknya juga b aja gak ada yang spesial malah bagusan sebelah tuh (honkai star rail) gak niat banget bikin game. udah sizenya gede 30gb cutsene nya jelek tampilan karakternya juga b aja kayak tamplete bngt gamenya sulit lagi kayak elden ring udah gitu bansos nya dikit banget.,1,0,,2025-03-29 14:53:36,,,
703dc85e-7bda-4470-b68c-c28d52a0eb21,Fuad Mun'im,https://play-lh.googleusercontent.com/a/ACg8ocKn6iAzM8SPh453OQHuv8wY50n1wmv34OfrP2Nq2bfJ3tlGwQ=mo,game nya hd,5,0,5.5.0_31400259_31451966,2025-03-29 14:53:24,,,5.5.0_31400259_31451966
c0253a72-2725-49ad-bc13-dd3a6c641a29,Ken,https://play-lh.googleusercontent.com/a-/ALV-UjULoH660YUG8zVvXMagM0YL4V5PVOpqKmE6GYWHo8Bz2-_eMg,"dah mantap, dah bisa main di gamepad bagi pengguna Android, kl bisa ksh tombol skip di cerita nya, atau paling ngga ya kl nge gacha hoki in lg hehehe",5,0,5.5.0_31400259_31451966,2025-03-29 14:26:51,,,5.5.0_31400259_31451966
5d224e6a-db3c-4a79-ad05-69090e1c33d5,War of Shogun iqbal,https://play-lh.googleusercontent.com/a-/ALV-UjX7an2TK6aJv7xoNMBJAf4N2_isuvb6vh__bN_dgiaB6AdScyG0,petualangan makin susah boleh request update kayak nya banyakin event rahasia dan perbanyak item senjata tolong juga diperbaiki grafik nya,4,0,5.4.0_30057195_30231699,2025-03-29 14:26:04,,,5.4.0_30057195_30231699
291f496e-f8bb-489e-8b0a-7be0a054bf5e,iwan irawan,https://play-lh.googleusercontent.com/a-/ALV-UjXzCi0tZTA8VD3sL4cJGBV1GYCuYUlRaJHBniVAU0mc8US3Lo8h,seru banget tapi game kikir,5,0,5.5.0_31400259_31451966,2025-03-29 13:53:12,,,5.5.0_31400259_31451966
b741999e-e94f-4f4d-b7fc-0f979e47e551,Muhammad Ali,https://play-lh.googleusercontent.com/a/ACg8ocIoWsShW_1TBi-_Z59UHla-WwXHAkiZHOfahqfGxbs7K2PU_A=mo,Game terbaik yang pernah ada!,5,0,,2025-03-29 13:42:09,,,
db4dffef-86cc-46cd-82e9-8fe3cdded7ee,Sultan Syahril,https://play-lh.googleusercontent.com/a-/ALV-UjWTLaUD7iXgZeqZtSHDqSDro5Wio5fdMT_zpi-dSVReYkNChLOz,game kikir,1,0,,2025-03-29 13:19:13,,,
fd72bc1c-f528-44d0-b1b3-1123cd247b20,Fakhrel ayman Akbar,https://play-lh.googleusercontent.com/a-/ALV-UjWMq35EA3ETjxbkNJVy-ortwvFJofz5-jrp47mRJM2TdrJ9_hCb0Q,Tolong perbaiki ......kenapa data genshin saya bisa hilang terus sudah berkali kali saya dowload ulang data nya...kadang juga nge stack di scene hoyoverse saat baru masuk game..,5,0,5.4.0_30057195_30231699,2025-03-29 13:04:09,,,5.4.0_30057195_30231699
0eca306c-6099-40cc-9a5b-cfd2907d9db4,Raihan Al ameer,https://play-lh.googleusercontent.com/a-/ALV-UjWGySxjDFeD9x5LuduDv9VI5ypoWMAWf_NCxiZFz1r1r2l3bDWR,apa coba fitur QoL dikasih paywall macem gamepad & 120 fps yang exclusive buat iphone doank sama explorasi di karakter limited,1,0,,2025-03-29 12:50:50,,,
b85fca33-e25e-4ae1-9d16-98a95699569a,7i Seven_ixz,https://play-lh.googleusercontent.com/a/ACg8ocI2J7HMuGYgUfvIVY51-qoaYiJA50cB4FPqxLySmXL8eov6Ww=mo,game Kikir bjirr,5,0,,2025-03-29 12:47:39,,,
3dd3d306-dcc2-4b5f-8464-930bcced031d,Ryo Yamada,https://play-lh.googleusercontent.com/a-/ALV-UjU1rHKp05ADlWJSgr4ibRCXmaVugIKqsAPBRTkfdEi2EGJGDAxJ,"Dari story, gameplay, karakter, semuanya udah bagus tapi tolong di bikin tombol skip story nya karena semakin update quest"" sangat panjang, blm lagi terkadang jaringan hilang sendiri terpaksa harus ulang quest nya",5,4,5.5.0_31400259_31451966,2025-03-29 12:45:16,,,5.5.0_31400259_31451966
4e175b04-88a9-491e-9a53-8a699f814461,Omar Al Farouq,https://play-lh.googleusercontent.com/a-/ALV-UjUpIWz3E9cFH-Slx2aEMGlLTtfIlPZIJk9NWz93fj6M1DkBBKKj,game paling keren,5,0,3.3.0_11741873_11806263,2025-03-29 12:11:33,,,3.3.0_11741873_11806263
862dc0eb-906a-4963-892e-9017964390f8,Dahlan Akbar,https://play-lh.googleusercontent.com/a/ACg8ocK40Lers3SXbD1-oA3vuAgPjWYKNcyKJeprdOvSQAhAIzYTfg=mo,kebanyakan nunggu.,1,0,,2025-03-29 12:06:41,,,
deab46ee-7b07-47df-b067-23920033fe86,Hiqma A,https://play-lh.googleusercontent.com/a/ACg8ocLE6tnO0ZvG9SzEpEnKCMfstC6J9ZIEOvlMxqZs2U1ntD3slg=mo,game seru,5,0,5.4.0_30057195_30231699,2025-03-29 11:48:09,,,5.4.0_30057195_30231699
d1f4e1b5-6d60-4692-94d2-d3942c068ce4,Christabelle Nathaniela Sianturi,https://play-lh.googleusercontent.com/a/ACg8ocKYy62jf0lUIztYGz4KNUxU3s7DPdF0AR1hBh3uD-TM69-FoA=mo,"Sudah bagus, tapi design karaternya perlu ditingkatkan lagi dan alurnya juga ditingkatkan lagi",4,0,,2025-03-29 11:42:40,,,
bc6a9a32-9362-4376-b81c-2e39eb2fb994,Idk,https://play-lh.googleusercontent.com/a/ACg8ocKw37EGRkpIL9IjZ9RAFtCzuI1ut4vYxpzSMbGrZqXAhtNrsA=mo,"kok di hp ku ngecrash ya? padahal biasanya ngga ngecrash, aman² gitu.. tapi pas mo ganti server dr amerika ke asia tiba² ngecrash gajelas.",1,0,,2025-03-29 10:59:01,,,
01e26104-2324-4080-8da1-5c33fd827da4,Lilik Nurendah,https://play-lh.googleusercontent.com/a/ACg8ocL4zMPRJgCL78oI9mhbaVEH8NIdVx-UKUENFk6dDN7moAKNSA=mo,I love gunship impact but this make my phone .... 🥔😮‍💨,5,0,,2025-03-29 10:43:55,,,
7ac3c960-3830-49ae-8dc7-b4a1d21e96c5,Fadil Fa,https://play-lh.googleusercontent.com/a/ACg8ocIWq92AKnrgQXmNCIdV-GPRc-gDWr3TE7IIIo89Q3xtL_YVdQ=mo,"bagus sih, tapi gatau ini ngebag atau emng sinyal tapi setiap kaya mau ngerjain misi setelah bicara sama npc tiba kaya ngefrez diem ajh di satu background ga gerak"" udah di tungguin ga lanjut "" misi nya jdi mohon segera di perbaiki biar bisa nyelesain quest nya🙏🏻🙏🏻🙏🏻",3,0,5.5.0_31400259_31451966,2025-03-29 09:45:36,,,5.5.0_31400259_31451966
e5e4c783-63c2-45fd-a770-e98beb7905f9,Dimas Putra,https://play-lh.googleusercontent.com/a/ACg8ocJWuuWF8f7IjfrxiyojDpUNkPfkKL0JsUhFRG4SsYA2PjkKig=mo,absolute cinema,5,0,5.4.0_30057195_30231699,2025-03-29 09:37:11,,,5.4.0_30057195_30231699
7e5eb0c8-676c-40a8-bc30-fdb419aa4026,Ni putu Angelika cahya,https://play-lh.googleusercontent.com/a-/ALV-UjVGoi_-wLhYEzFbo33RC_IkP6_IyynIvSPxzfWLls1kiiHI4F4,seru banget sumpahhhhhh!!!! 😁💞,5,0,,2025-03-29 09:28:59,,,
b8675bc1-8a90-4b87-b35e-8a876ebf27cb,Wahyudi,https://play-lh.googleusercontent.com/a/ACg8ocIRYQ0vvtXEm1Lvuku3KMkJU5A-ljN0r4rmsWfombG69-lyCQ=mo,Mantap Pokok Nya,5,0,,2025-03-29 09:12:25,,,
ac3320c5-be15-4b73-862c-c215c0740b21,Misfa Hasta Afrianita,https://play-lh.googleusercontent.com/a-/ALV-UjVnf8ImNzGb4ZXZJCRHiPlS7JPlfTIlTwg0jITy3utfkOZ5QJSw,Keren banh,1,0,2.6.0_6179196_6305792,2025-03-29 07:33:12,,,2.6.0_6179196_6305792
1c81f280-264d-4bb9-a48c-37e56b23f0a5,Zero One desu,https://play-lh.googleusercontent.com/a-/ALV-UjXvkyZz_3qa5WFfoq-vU0unr8mIZBAmLRkyOYhbZC6m1MVH6gaR,"kenapa habis update selalu ada Gagal mengunduh data, atau jaringan error, silakan coba kembali Code:-9909 sudah pakai wifi pakai data tetap sama, liat di youtube tidak ada caranya, mohon bantuannya Hoyovers 🙏🙏",2,1,5.5.0_31400259_31451966,2025-03-29 05:14:23,,,5.5.0_31400259_31451966
07285b1d-60bd-4c23-99ca-9796afd99d1c,Aditia Riski,https://play-lh.googleusercontent.com/a-/ALV-UjWnWyVWl2Rq_69EcoNQWf6ueOT0wLTWVH0gL9cQivyxn2-nkTw,"buat mang hoyo!!! buatin dong kontrol yang make mouse keyboard, yakali cuman gamepad doang yang dbikinin 🙏😭 pliss mang moho buatin kontrol buat mouse & keyboard, skalian banyakin event primogem 😙",5,0,5.5.0_31400259_31451966,2025-03-29 04:49:35,,,5.5.0_31400259_31451966
ddaac6a3-abda-4f49-8c83-9b7c74a7dd48,ANIM_ME _KIDS,https://play-lh.googleusercontent.com/a-/ALV-UjVxc4eB7myCrt26b7vUfQWSUIOYcU7dJZk0g68njNIZhKfp-yo,"The longer the enemy gets here, so it's hard to build hard to damage junk, but Wuthering wave doesn't matter.",5,2,5.5.0_31400259_31451966,2025-03-29 04:39:07,,,5.5.0_31400259_31451966
ddc43275-bd95-4040-a2d5-7db4bfe8e78b,Arya Paundra D,https://play-lh.googleusercontent.com/a/ACg8ocJhZB9tX6XKQ-qrWuvhIBKMNKtlm48kv6l9EsrH10YHKXBMGXQ=mo,"Jaringan tolong dioptimalkan,padahal untuk aplikasinya aman tapi saat untuk main Genshin Impact ngelag parah",1,3,5.5.0_31400259_31451966,2025-03-29 04:09:25,,,5.5.0_31400259_31451966
d7c1a224-72ca-41ad-b186-e11b44285101,Ujun Style,https://play-lh.googleusercontent.com/a/ACg8ocK9RZSCAVCm80-7CyUuHZiXfZV6Y1vVbFanT_YI4W7L1AsJ9A=mo,sekarang lebih menarik bgt... makasih genshin,5,0,5.5.0_31400259_31451966,2025-03-29 03:07:23,,,5.5.0_31400259_31451966
04d364e9-9881-4c18-ab08-193d47690aed,Strawberry Berry,https://play-lh.googleusercontent.com/a-/ALV-UjXAVvaKz0bLlJbPV5uyM1g5bywH_MAAPeCSIOCYJHzAsctD6ExG,semua aspek hampir sempurna cuma mungkin tambahkan Animasi Elemental Burst khusus karakter bintang 5 seperti di Honkai Star rail biar pengalaman main lebih menyenangkan.,4,0,5.5.0_31400259_31451966,2025-03-29 03:00:58,,,5.5.0_31400259_31451966
edd51b95-3b00-432e-a3d5-28fb520cde38,Bagas Bayu Prasetio,https://play-lh.googleusercontent.com/a/ACg8ocKS-c4PtrbEi78IbUlI3qBZzjdi9u0mvk275gYUOD6zpro1Mg=mo,game nya sangat seru semoga gacha nya gak ampas,5,0,5.5.0_31400259_31451966,2025-03-29 02:26:07,,,5.5.0_31400259_31451966
96cbcfc1-92c4-4dc5-82cb-21c93a07dfd1,Keyz,https://play-lh.googleusercontent.com/a-/ALV-UjU4xLJwFL0KMGwLMNxbnIw6-DuW7bpp9Qc-wXB5tvUGK_RwURmq,"Game terbaik yg pernah saya mainkan, tetapi tolong untuk menambah persentase mendapat artefact bagus",5,0,5.5.0_31400259_31451966,2025-03-29 02:20:34,,,5.5.0_31400259_31451966
c561ccac-1260-43fc-8bc0-f346f99abb85,Zyxx Kulbet,https://play-lh.googleusercontent.com/a-/ALV-UjUxQ40s61hUsUJNVN8oDOU7su1SwBkdR3X120oS9P4Dphge2szv,"pls cpeet2 downfall aja game ini, udah muak gw mean di natlan, buat yang baca ini lu mending mean wuwa aja atau nggak usah mean gacha rpg samsek",1,8,5.3.0_29183395_29332470,2025-03-29 01:55:00,,,5.3.0_29183395_29332470
426344fa-6eee-4868-84c1-76d1540c69a0,Rikka,https://play-lh.googleusercontent.com/a-/ALV-UjWBr0-LVrmNyZqVwgBQkDZdQF58ceBUWieZNL_GrhGxedTscjcx,AAAAA KNP FARMING ARTIFACT BUSUK MULU 😭🥰🥰,5,35,5.5.0_31400259_31451966,2025-03-29 01:46:08,,,5.5.0_31400259_31451966
7a9a765f-b6eb-4b85-b3a8-6bc9a7623fde,Chayra Betrisyia,https://play-lh.googleusercontent.com/a-/ALV-UjVheg7Vu-AXlcujrOZB-qpuaN2pHOKleITi7OzYgdFyO8VuNNzO,"seruuu bangettt, sumpahhhhh, like it verymuchhhhhhhh",5,0,5.5.0_31400259_31451966,2025-03-29 01:40:58,,,5.5.0_31400259_31451966
024365ff-4b08-455c-afa8-f3e262ce1baa,Ananda Satria,https://play-lh.googleusercontent.com/a-/ALV-UjWvqM96WQtyL_IlU2mDP_bUggu4lcnDwHVfUD7TTJT2HJE56eGc,gamenya bagus dengan grafik yang memanjakan mata,5,0,,2025-03-29 01:11:50,,,
aa29ca16-29af-4f14-b88d-5df132390242,Riselia Frasisca,https://play-lh.googleusercontent.com/a-/ALV-UjXrJb4Qh6WvzkHklyHVUyBS1YcdaSiuuacvAJD4gQ5LnwDA6468,mantab.,5,0,5.4.0_30057195_30231699,2025-03-28 23:43:28,,,5.4.0_30057195_30231699
178456d4-0342-4416-82f4-b91a18cc6d97,葉树光。,https://play-lh.googleusercontent.com/a/ACg8ocJRnuNHDi59vbSwGdJyjUjTsv13Jnowsdln5XIXIZrM_82_CQ=mo,Qualcomm® Snapdragons 8 Gen 3 Elite Saya bermain genshin ini di red magic 👄💅jadi aman kan Mimin @Hoyoverse_id ???,5,0,5.5.0_31400259_31451966,2025-03-28 23:08:10,,,5.5.0_31400259_31451966
7d6db2e8-961f-4646-a889-28408d886cfb,Auzan Sakti,https://play-lh.googleusercontent.com/a-/ALV-UjWJs8erUHRxZqLaV6HwD-YY8PkP_aiNxpxAd_Xw9mogWKD9AWU0,"apa apaan setiap rate off kalah Mulu trs di pity 79 trs,g pernah di ksi menang lgi cape cape farm malah di ksi standard",1,0,5.5.0_31400259_31451966,2025-03-28 22:39:25,,,5.5.0_31400259_31451966
09c5dcfa-8695-410b-931f-5dc37f3f20bb,Ryo Lg,https://play-lh.googleusercontent.com/a-/ALV-UjXI28ypN4m_UYBhDJUI_YyxI2d2DSymIcPopeyR8Pq-7192oxw,salah satu game kirik pelit banget di kasih hard pity Mulu itupun di kasih kalakter standar. dulu tapi karena game ini bagus aku kasih b5 kikir sih cuman gak papa aku terima,5,0,,2025-03-28 22:31:49,,,
57064b6e-cdfc-4305-888b-ab4407aecc9d,iyun Boenthad,https://play-lh.googleusercontent.com/a-/ALV-UjWc2-b8HKoSw5Lu1EGYUlAxzdzBxmMFA1VYDmvqwJagSwIRlJ1G,data apl di kecilkan agar yang lain juga bisa merasakannya,3,0,,2025-03-28 22:22:18,,,
1a0f0b08-cee4-4a06-974d-74566faa686b,Azim Bae,https://play-lh.googleusercontent.com/a-/ALV-UjWBBmex5X1exqAG75v9rUA_0s0Ysv21rnBMvV349XISyJstYAn1,"HOYOVERSE, TOLONG KASIH TOMBOL SKIP DIALOG WOII, KEBANYAKAN DIALOG BIKIN NGANTUK ASLIIII",2,1,5.4.0_30057195_30231699,2025-03-28 22:18:46,,,5.4.0_30057195_30231699
478c822b-05aa-4de8-a222-a7f245646158,Vel,https://play-lh.googleusercontent.com/a-/ALV-UjWa54jWfwJFIgymdBPFTcRbzkE4D1N3o58kr7-uS-ZeuGTymPI,game nya burik :b,1,0,5.5.0_31400259_31451966,2025-03-28 22:02:45,,,5.5.0_31400259_31451966
debd9487-5242-4f85-811c-44129ace516a,FATIKA GINA,https://play-lh.googleusercontent.com/a-/ALV-UjXrOPDMHIN9koN13XKdAkmSlc9XMAepiDYLjPbYFVvYAyFW3R_i,"baru update besar kemarin eh besoknya update lagi maksud, udah tau updatenya lama banget dikit² update kompensasi yang di dapat juga cmn 300 primo pelit banget emang game kikir",1,0,5.5.0_31400259_31451966,2025-03-28 21:59:42,,,5.5.0_31400259_31451966
a47909de-a90e-412a-a8e9-8959f2cb6017,Vins,https://play-lh.googleusercontent.com/a-/ALV-UjUrsSaol3hLdiJKRaOB4TOSoc3LbynHkP4NFzqYyjvFp62oNuP2,"Game banyak Yapping, ga bisa skip story, minimal kalo bisa skip di kasih ringkasan story.",3,0,5.5.0_31400259_31451966,2025-03-28 21:57:26,,,5.5.0_31400259_31451966
effcceba-b46e-454d-9b51-6f93a18db577,IG• HANZ,https://play-lh.googleusercontent.com/a-/ALV-UjVtCrdavlxJsfS0aHoEwTtXqxTBthC97C6D_SeUeiUlxnx7hbrw,Hai 👋 gw dari masa depan. gw cuma mau bilang kalo genshin impact bakalan tutup server mulai dari 2026 12 10 🙏😞,1,3,5.1.0_27118081_27297621,2025-03-28 21:48:57,,,5.1.0_27118081_27297621
c3a0ed41-a06b-432b-b032-ccb1c47eebc9,SR_RICO J15,https://play-lh.googleusercontent.com/a-/ALV-UjXi6E3RR7h3vGFWNQZktPiInrX1Ituui9d9hSgzH63iphotr38,intinya saya sangat menikmati game yang seru ini.,5,0,,2025-03-28 21:47:02,,,
e2950260-a880-4407-a61a-11c690fb5dcf,Nadine W,https://play-lh.googleusercontent.com/a/ACg8ocLX0uQq5ZfD7CWSq_gLaSOK4WgmasMpcmxsnLIfQdRYVIRUHw=mo,"Cukup bagus tapi agak P2w, sehingga banyak konten di game yang kurang dapat dijangkau",3,0,5.5.0_31400259_31451966,2025-03-28 21:38:37,,,5.5.0_31400259_31451966
8dc68b87-3103-4100-a969-61572776e433,Ally Simanjuntak,https://play-lh.googleusercontent.com/a-/ALV-UjXtkNdnnMlffhKihsqipWTRrQ6h0BKNa71hvezklOjANLgPv1sb,bagus,5,0,5.4.0_30057195_30231699,2025-03-28 21:19:38,,,5.4.0_30057195_30231699
9d753707-b4b7-47c8-b413-8ccee4d56a26,Hadidarmawan Hadi,https://play-lh.googleusercontent.com/a/ACg8ocIQQe4OPmqEvqYSSoEQ6rtjQyjRZAOPoPX0PsweKYaU5-06rg=mo,"game nya ngak ngelag sama grafik nya aku suka banget ,wajib sih mainkan",5,0,,2025-03-28 21:18:17,,,
4096acbc-3b7f-4104-aba2-068ba9dbb839,Tiffani Regita Cahyani,https://play-lh.googleusercontent.com/a-/ALV-UjX84xXU0GqyHRpTDJXUC16j19wGCGkrVak9C0_6IvT3J870M1Fy,"Semenjak patch 5.3 lebih tepatnya banner karakter Mavuika muncul, semuanya mulai dari event pertarungan sampai Spiral Abyss pasti buff nya untuk karakter yang khusus mengandalkan Nightsoul Blessing. Gini ya, Genshin udah mulai dari beberapa tahun lalu sedangkan Natlan muncul Agustus 2024, kamu taruh Nightsoul Blessing di Spiral Abyss itu ga adil karena ga semua orang mau dapetin & punya karakter Natlan, aku saranin marketingmu ganti aja, udah gitu bug ga pernah dibenerin dari tahun ke tahun.",2,313,5.5.0_31400259_31451966,2025-03-28 20:37:46,,,5.5.0_31400259_31451966
0b79211a-98dd-4493-ae03-f3316829cdfb,Yusuf Aditiya,https://play-lh.googleusercontent.com/a-/ALV-UjVndP0q8IEuMR87XhaC7gfx_9fKHFYtTKGtOrznWFDDTGo310E,"saya kurang tahu apakah ini juga terjadi pada player lain, tapi keluhannya adalah saya sudah mendownload data ketika update patch terbaru, akan tetapi ketika saya ingin memainkannya lagi kenapa ada update lagi?...dan itu tidak sekali dua kali....hal tersebut takutnya membuat player tidak nyaman karena waktu yang diinginkan untuk bermain jadi terbuang karena download data yang kurang pasti apa itu dan juga menghabiskan banyak penyimpanan, mohon developer untuk memperbaiki hal tersebut.",2,7,5.5.0_31400259_31451966,2025-03-28 20:33:32,,,5.5.0_31400259_31451966
d021102b-5612-4715-9249-e4f12d362247,Edi Kusam,https://play-lh.googleusercontent.com/a/ACg8ocIDVMtc82DIp2sOILy5TfdjxKhkVw-pecgcxyq2AzBLMOI3mA=mo,bagus cma lagi bosen karna hard pity kalah mulu 🗿,5,0,,2025-03-28 20:32:42,,,
2977d0e5-7263-47cb-9eb0-2b2fbb5f64b5,Berr Tzyy,https://play-lh.googleusercontent.com/a-/ALV-UjWmzFrcjohtkeqp_6VM01TEl753ZqGd63Tykb8H0xk0QFGPEsU,woi min hoyo kikir kasi lah fitur sekip bangst,5,0,5.5.0_31400259_31451966,2025-03-28 20:17:18,,,5.5.0_31400259_31451966
a2683111-1566-41f6-bead-d18fcf625227,Kevin Adrian,https://play-lh.googleusercontent.com/a/ACg8ocKw12lPMkwzWQpc_IsKrZlmo-QGZBqoGQYu1R9uhWekiNxFyw=mo,"salah satu game gacha terbaik. sekedar saran untuk developer, untuk event tolong reward primogem nya lebih dibanyakin lagi. soalnya kalo eksplorasi dan achievement udah full 100%, spiral abyss dan imaginarium theater complete, sebagai player F2P jadinya cuma bisa planga plongo ngerjain daily quest doang tiap hari. mending kalo gacha nya wangi menang rate off terus, lah ini wish gacha karakter bintang 5 limited eh yang keluar malah Qiqi 😭😂 sukses terus genshin 😁",5,0,,2025-03-28 20:03:08,,,
b63713ed-bf7f-4dd6-9f3d-9dc60a26cd46,Hary Smith Oktavian Daserona,https://play-lh.googleusercontent.com/a-/ALV-UjX2733trYnKB_BtEo2_-f-RIK4XzixVqHfI3xkqDF4uWsNKEymb,"world building, story, karakter, smua udah BEST bgt cuma tlong lah genshin buat rewardnya lebih di gedein/banyakin, syg bgt game old ini msih stuck disitu2 aja👊😭",5,0,,2025-03-28 19:24:10,,,
b9172f4f-a69e-49cf-b673-992f5bfd2c81,azka aqni,https://play-lh.googleusercontent.com/a/ACg8ocK__YG1flg7A6SVXG7NaAIG2M8NafZ5HHPVrsGDwvFIdpITYw=mo,keren,5,0,5.5.0_31400259_31451966,2025-03-28 18:44:40,,,5.5.0_31400259_31451966
1e3a3186-49be-4319-a735-06a59e100443,I gede Kiskinda,https://play-lh.googleusercontent.com/a/ACg8ocKkYHPuf65rGjTlaEPVjs8wFB0PTbjcyl4JAWY6_NJsX-A5gw=mo,"bagus banget, grafiknya bagus gameplaynya seru juga, mantap lah👍👍",1,0,,2025-03-28 18:44:38,,,
149bfd33-fa3d-4754-a1f9-f637878aff72,Tolip,https://play-lh.googleusercontent.com/a/ACg8ocJEk9LkxOICY626afuqsT2HRwtokhUuR-YngGmtMu1liUOzrA=mo,lumayan lah tapi kalo bisa tolong dialog nya di skip,4,0,,2025-03-28 18:32:15,,,
c57bf6d2-e929-4262-bc9b-f3186939aa6c,Rizky Febrian,https://play-lh.googleusercontent.com/a-/ALV-UjV8r3HNV3KUYuD6i3DKDT-hYhmGQDOncYTD3hqnfB5iWSc2SRlx,Seru,5,0,5.5.0_31400259_31451966,2025-03-28 18:06:32,,,5.5.0_31400259_31451966
d877689b-229f-40b5-a7e1-c8088360df6f,Felix,https://play-lh.googleusercontent.com/a/ACg8ocL6ljL_5pYil6CA9zd9znDtiLqg8cjgTcC6lkNc6w72Vtf2RA=mo,game ya sudah bagus tapi tolong tambahkan fitur skip udah ma kikir tambahin la fitur skip setidaknya,4,0,5.5.0_31400259_31451966,2025-03-28 18:02:49,,,5.5.0_31400259_31451966
369bffb8-b885-497d-90cd-98a5cf38cd97,Dmk Naufal,https://play-lh.googleusercontent.com/a-/ALV-UjXh6tSVhzMvM4eWL4M488H-P3d8zz_GbeCLjH8RCviXvv0Z-50,ini game rpg terseru aku seharian main sampek tiba tiba udah azan,5,0,5.5.0_31400259_31451966,2025-03-28 17:42:56,,,5.5.0_31400259_31451966
92760a39-cc4f-46f8-87ff-dd426d55a049,Rendy Wardana,https://play-lh.googleusercontent.com/a/ACg8ocKZqyG0qe2_wCuVQLJxEQj1j7wg2RHk4lShJOFvrKW21AScEg=mo,gem kren,5,0,5.4.0_30057195_30231699,2025-03-28 17:29:25,,,5.4.0_30057195_30231699
bdcc5a12-7ff7-472d-a3aa-be4ae4a902a8,Rafi Mendrofa,https://play-lh.googleusercontent.com/a-/ALV-UjU6ZODMTUnv2rene3AVjpc5VCftBGtdQcgLPhUA8jk1FlHfVMLK,"Grafis, alur cerita, bgm, fitur in game semua cukup memuaskan fungsi skip saat percakapan menurut saya diperlukan terlebih lagi saat melakukan side quest memang main story menarik dan tidak perlu di skip tapi banyak percakapan tidak perlu diluar main story",3,4,5.4.0_30057195_30231699,2025-03-28 17:14:37,,,5.4.0_30057195_30231699
955c0375-9afa-4f6b-8d7c-ec3815ad8374,EL,https://play-lh.googleusercontent.com/a-/ALV-UjV4ji3lOvW6kvqTESFl1F0VLncsX1VQ8lRZ-YGIJPFRG4cjPhI,"sinyal padahal lancar, tapi suka ngelag. jadinya pas main ke reset terus",3,0,5.5.0_31400259_31451966,2025-03-28 15:43:03,,,5.5.0_31400259_31451966
cfb9f490-3dea-4951-bf81-2529ebec990b,Shania Putri Tunggal,https://play-lh.googleusercontent.com/a/ACg8ocKxYiT-f4OSTx1SbQFZqPKKdKQyXAAwl9Xd1ralilKS00hJjQ=mo,gilaaa! bagus banget sih ini walaupun updatenya butuh GB yg mayan byk bagi gua tapi gpp grafiknya juga tambah bagus emg gk kalah keren dari dulu,5,0,5.4.0_30057195_30231699,2025-03-28 15:35:06,,,5.4.0_30057195_30231699
214788fb-b3de-4926-9b08-9326abbccf1f,cyborg_sector21 _sector21 (M.Alghifari),https://play-lh.googleusercontent.com/a-/ALV-UjXyO5MHsKjMPRn3Kt6_BNAw4F2ezicI96h-yvaZQaRtS1tJMZg,sangat seru,5,0,5.5.0_31400259_31451966,2025-03-28 15:27:10,,,5.5.0_31400259_31451966
1414dee0-e5f0-4ab7-a83b-1a69a6d53f4b,PURPUR LEGEND,https://play-lh.googleusercontent.com/a-/ALV-UjWAy6yL47h9uLcQSJWGcBJW2iDSB7mbuUTcAKLNK8YbqJOlJVk,This is masterpiece... tapi susunya kebanyakan min,5,0,,2025-03-28 15:21:36,,,
9be0ec98-095c-4e4e-bb92-372115f4c33f,Hanna Fathiya Difani,https://play-lh.googleusercontent.com/a/ACg8ocIyMMieAlEn8bqE-20-s7QGGYJXpoeaTYhEJPje_jBVXGpNEA=mo,"Love you banget genshin, tapi plis lah. modelnya ganti dikit kek, masa ga bisa nambahin people of color? kalo emang mau pake culture orang itu minimal emang ada karakter yang jadi representasi. emang buatan cina, tapi contohnya game kayak reverse: 1999 punya karakter beragam. Masukan player bukan untuk di biarin ngumpulin debu aja, implementasikan dong",3,0,,2025-03-28 15:12:32,,,
890746cb-25cf-48ec-b347-f8ff99f6abab,Sabila Sabila,https://play-lh.googleusercontent.com/a/ACg8ocLvWB2UnJRD5rPukq-buGQBzD8S6U7mzRL9N2cQeus-4BBwUQ=mo,game nya bagus genshin impact lura biasa,5,0,5.5.0_31400259_31451966,2025-03-28 15:05:19,,,5.5.0_31400259_31451966
3590e400-790b-4a19-b5ba-aa05c084c9d0,Mohan TB,https://play-lh.googleusercontent.com/a-/ALV-UjV4gwTKPV_c6WiUt9kYlUDzYN-WLoMvGQGsIjHjkcRhdDgqVJOQ,pliss hp kentang ku jadi komporr,5,0,5.4.0_30057195_30231699,2025-03-28 14:55:20,,,5.4.0_30057195_30231699
25ee8c5f-057b-4324-9b43-8548623df212,Irma Suriani,https://play-lh.googleusercontent.com/a/ACg8ocLlljAu3mn6-EzoLqqkgMeT_VTw_B240o4VaNXP8vFuVCYw3g=mo,veryy good,5,0,5.5.0_31400259_31451966,2025-03-28 14:52:14,,,5.5.0_31400259_31451966
8ecc91e8-ae90-4264-a536-1827dda231ca,Anin,https://play-lh.googleusercontent.com/a-/ALV-UjVpFggknA5Jbl9JdN3rcJBHfW0TL03yNio8VrZ9-Wk8aNE2WSE,"seru banget, nyaman dimainkan, bagus banget deh pokoknya 😁😄",5,0,,2025-03-28 14:35:48,,,
15f29824-c77b-481a-bed1-fda7b188222e,Farel Dwas,https://play-lh.googleusercontent.com/a-/ALV-UjWON5HqOT8uB-GBLX8UOZDpogFgLW3MbaJnNV2_-Wc6ruWaJyMw,lebih baik anda memberikan puzzle sulit daripada tantangan sulit,1,0,5.5.0_31400259_31451966,2025-03-28 14:04:01,,,5.5.0_31400259_31451966
7b2140fd-16fe-43fd-a716-689d8c298ed3,alkha wibisana,https://play-lh.googleusercontent.com/a/ACg8ocId71w5msHEcoFXFV24lSEHljR6Q70tsFGGSE7RgHW_UljEAA=mo,bagus,5,0,5.5.0_31400259_31451966,2025-03-28 13:59:20,,,5.5.0_31400259_31451966
553ac7ac-90b0-4882-8c40-bc68601da22a,Ananta Sabian,https://play-lh.googleusercontent.com/a-/ALV-UjVdyqEuJ3JR-bryAbIawy1m3jRKAe8-8lJkpp7u-rTIzSdqVuA,"Saya suka maen game ini, karena gamenya seru ga bosenin kalo lawan boss open world atau boss domain",5,0,5.4.0_30057195_30231699,2025-03-28 13:58:10,,,5.4.0_30057195_30231699
e4a1ebb8-4018-4ce2-9ef8-58db739ba330,Abbay,https://play-lh.googleusercontent.com/a-/ALV-UjUoZwNwaZwGL3wK6_hGZ9esWWguuDm_iRnj0DMavX_kHpHMut0,gacha kek tai,4,0,5.5.0_31400259_31451966,2025-03-28 13:36:53,,,5.5.0_31400259_31451966
0efd1c46-ee9a-493a-bbfb-2d53ee5681cc,Dimas Mustofa,https://play-lh.googleusercontent.com/a-/ALV-UjV5XsZLB6BnwvSuN0k0pPjY_VudL-UJvMeF4LaTR3JiqS1_B8Us,saya sudah memainkan game nya namun menurut saya pribadi lebih baik ditambahkan karakter monster yang bisa didapatkan,4,0,5.0.0_26041933_26161852,2025-03-28 13:33:10,"Kami mohon maaf atas ketidaknyamanan yang Anda alami, Traveler. Kalau Anda memiliki masukan atau saran, silakan hubungi kami melalui email atau feedback in-game.",2025-02-20 15:13:50,5.0.0_26041933_26161852
84462b59-2166-4eed-85b6-807ab0c9fd1a,Alzam Arshakalif,https://play-lh.googleusercontent.com/a/ACg8ocLIjIgRCRN5CqdK0dWtMi_TmdKENB2gwxAFtt5UZErs9Gr9sw=mo,sangat bagus buat game mropg,5,0,5.5.0_31400259_31451966,2025-03-28 13:27:40,,,5.5.0_31400259_31451966
9b552d17-b895-4234-9e92-3b72f33c85a3,Na Chaegyeon,https://play-lh.googleusercontent.com/a-/ALV-UjUJ1TI5YTwqK30PeKqOsz6omrzRmHqFvnUqotE3TBejQ_G7PCWc,"kasih tombol skip lah, game kebanyakan dialog quest ga sampe 5 menit dialog panjang kaya tol..",1,0,5.5.0_31400259_31451966,2025-03-28 13:05:05,,,5.5.0_31400259_31451966
9559e241-5663-4538-98cb-904c0b71f268,Azka Juan putra,https://play-lh.googleusercontent.com/a/ACg8ocJ0FRzKQajpJP-12iwmBJskUHl5B8p1ok3Pywipt3b6l4z1Rg=mo,saya suka gamenya karena grafiknya sangat memanjakan mata,5,0,5.5.0_31400259_31451966,2025-03-28 12:43:14,,,5.5.0_31400259_31451966
7c29172c-524b-404d-ad24-c4c56b2367b2,Azalea Laksana,https://play-lh.googleusercontent.com/a-/ALV-UjVgWIVnthTu7fsbisK3Qp-84JYcTfzBPpTbsDlWAMKIyFQpN7AZ,BAGUS,5,0,,2025-03-28 12:43:02,,,
bbfcd38e-85e0-40a0-b164-1af0a2bf6b32,Arshaputra dinanta,https://play-lh.googleusercontent.com/a/ACg8ocJpHCZGeSersOx3OE4NeFHR7pm1PeOwaC1tTpG8QcHtEmOuLg=mo,beh gak salah download game walau pun gb nya banyak tapi game nya bagus👍,5,0,5.5.0_31400259_31451966,2025-03-28 12:38:13,,,5.5.0_31400259_31451966
6ad8d1b9-9675-4743-9903-70c81ec98194,sanzu iyo,https://play-lh.googleusercontent.com/a-/ALV-UjVdFrjCllVz80fDVSucYjwfNB6CqHoofX5COyz8jyf9FMOK9qI,"Makin ke sini makin gak jelas ini game mau ke mana. Apalagi Natlan, jomplang banget apa gue nya yang kegedean ekspektasi sama region yang satu ini. Dari segi desain karakternya terlalu terbuka dan a little bit WEIRD. perbandingan antara karakter cewek dan cowok nya astaga wkwkw. Masih heran, kenapa Iansan yang sepak terjalnya banyak justru jadi b4 gak tau lagi lol. Sama official fanart, tolong CANTUMKAN lumine juga (meskipun gue pake aether) tapi kasian MC cewek di anak tirikan.",2,0,,2025-03-28 12:20:49,,,
07b5d20a-1e29-4b31-83d3-ba99b97b914c,Ali Darma,https://play-lh.googleusercontent.com/a/ACg8ocJxq_BtyPLoNxWSCCtFWZRl3GFu0_5vfHYDB1Op9yx2TD3hWLI=mo,mantap,5,0,5.5.0_31400259_31451966,2025-03-28 11:29:04,,,5.5.0_31400259_31451966
e659261d-0e32-4edb-b182-a54710eee181,Kicot Balap 45,https://play-lh.googleusercontent.com/a-/ALV-UjXggsCpJD4Hv2PY1mEzKhSPbNPb1rEeFfxciHh8Q_enWxN-7TM9,grafik coba rata kanan behhhhhhhh gacor kangggggg,5,0,,2025-03-28 11:25:40,,,
1bc40766-a9cd-4e7a-91b5-2bdaa1822631,M HAQQY,https://play-lh.googleusercontent.com/a-/ALV-UjVeBpd1I9TtwjzEzvJWQWhiMlois9U6VRQq9o1EBTlaqU7r_yRU,jelek,1,1,5.0.0_26041933_26161852,2025-03-28 11:24:48,,,5.0.0_26041933_26161852
1525aa7e-aa8e-43c3-91c3-b3455ad40eef,Antonius Leonard,https://play-lh.googleusercontent.com/a/ACg8ocL9c797O8qtEpGTuLwwHDzxIl6HeP8kOsEhyEgaBRPP0rot0Q=mo,mantap gamenya. kayak main di PS.,5,1,5.5.0_31400259_31451966,2025-03-28 11:17:37,,,5.5.0_31400259_31451966
6932cdfb-7014-4e68-b750-910fd605334d,Zahwa Nur Azizah,https://play-lh.googleusercontent.com/a-/ALV-UjVFREQpxziMxPVQ8DcjQGo0IjpDyrnAXmxzO-KCyD5-Vlxl_RI,game nya seru sih. tapi sekarang kenapa gak bisa dimainkan ya? ada bug katanya. tolong dong solusinya apa,2,0,5.5.0_31400259_31451966,2025-03-28 11:15:06,,,5.5.0_31400259_31451966
c1ef6590-b146-45dd-a0f8-0a062eea8b56,Rajwa Azzuhali,https://play-lh.googleusercontent.com/a-/ALV-UjU57tEtbHeMtaHRsgDT0BKWoiXFyiRO0zUvmszzh2zvOmrBkaw,bagus,4,0,5.5.0_31400259_31451966,2025-03-28 11:00:42,,,5.5.0_31400259_31451966
7921b2b1-cda4-4e1c-8c43-033155e01c3b,S K,https://play-lh.googleusercontent.com/a-/ALV-UjWnI_l1TKowy1rxp40yMXYdl6N9cIxjq_VD8EdNY2mMNykfr0Q,"The best deh yang buat gamenya, walaupun unduhan datanya agak banyak, yah sedikit saran kalau bisa tambahkan char cwo yg berbadan tinggi dan tegap, sy muak liat femboy terus",1,0,,2025-03-28 10:52:05,,,
33c5b15d-c500-40b9-9531-616f9e2cca63,Luthfi Azzam A,https://play-lh.googleusercontent.com/a-/ALV-UjWD4aoeOJEHeIvCqCe33t8sk2f8WBkFduG3QAHYDhuwLQ6FuF_s,"the game is already very good, but it would be better to add a Skip conversation button. so that those of us who create a new account for the second or umpteenth time can skip character conversations, please",5,0,5.5.0_31400259_31451966,2025-03-28 10:46:01,,,5.5.0_31400259_31451966
41341ef0-ae36-48e1-b5fd-07e6c48bfc40,ahmad nizar,https://play-lh.googleusercontent.com/a-/ALV-UjVRagZ3vmE7vuryaUtJ90L9UgB3LGn48I2HAWr9UNf96VhLp2eM,"baru update kali ini setiap mau login game selalu "" mengompilasi shader"" terus. makan banyak waktu jd males main. nunggunyablama banget",2,0,,2025-03-28 10:09:14,,,
b0052b3c-a526-4f36-a859-cea7c2bddd71,Rachma Sunita,https://play-lh.googleusercontent.com/a/ACg8ocLJLos5UFHcFt8GtWdx8FmGRbbq6xAK-520QeO8hGTyUZL2AA=mo,bagus,5,0,5.5.0_31400259_31451966,2025-03-28 08:54:02,,,5.5.0_31400259_31451966
7a57d225-ce9d-4627-8623-0bd128575395,Mikel,https://play-lh.googleusercontent.com/a-/ALV-UjWpywfz7PD0kEkx0e1qYQiifCbx2fCgLvydnW2c1NXmp_b9n9DL,"ngapain jir, 1 jam cuman liat dialog doang, mending game sebelah bisa skip dialog😹",1,7,5.5.0_31400259_31451966,2025-03-28 08:44:51,,,5.5.0_31400259_31451966
29f97a57-aed9-4a61-b9a7-9f42c65e61a8,Yudi hidayat,https://play-lh.googleusercontent.com/a/ACg8ocIELq4RQpZYAOR1uDPmV43cK1H2H8Q6ggPBSs--za44p_pp5Qg=mo,game is full of gooner people many people make bad things about this game make me piss me off pls don't make the character can ruin the fandom of this game,2,0,,2025-03-28 08:42:34,,,
5d7bb759-9159-4f2b-bfb4-c2ca5ed639e3,swag id,https://play-lh.googleusercontent.com/a-/ALV-UjXis_NiF1wSM0CJ_4FwPyUV2A3BQ6Z1RWirjyzFNGJlG9dNXMg,"Hey,we need 5Star male character",1,0,5.5.0_31400259_31451966,2025-03-28 08:28:01,,,5.5.0_31400259_31451966
d5e9b09e-a974-407d-9c8a-b7dd594aaad2,YOUNITY YT,https://play-lh.googleusercontent.com/a-/ALV-UjVOBv8Ljcu4mQzpItBGkxj5PZXovcXTvoL3wjZ6q4hqzj2l0ax-,Best game ever in android,5,0,5.4.0_30057195_30231699,2025-03-28 08:23:48,,,5.4.0_30057195_30231699
5f019016-5b75-4909-8cad-e4bd916817c0,Muhammad Ridwan,https://play-lh.googleusercontent.com/a-/ALV-UjW3S3h_L8hd5xagfTEALPqxF257_Hgxe6hGGAOlof7oxZ8xa12A,Jika Game ini support gamepad di android saya tambahkan bintangnya. karena sudah support gamepad saya tambahkan bintangnya hehehe...saya tambahkan lagi bintangnya jika game ini hapus stamina karekter di didalam game.. kenapa saya minta hapus? karena menganggu ketika sedang memanjat yang tinggi yang mau hampir sampai tiba tiba terjatuh!! belum lagi ketika beranang kehabisan stamina malah mati karakternya:( jadi harus di ulang di posisi awal,3,46,5.4.0_30057195_30231699,2025-03-28 08:06:45,,,5.4.0_30057195_30231699
d4a948c3-6249-4aad-bb73-93ea1d0b4bd9,Foni Riduan,https://play-lh.googleusercontent.com/a/ACg8ocIVRgENd1mxVEsVFAtcfb8rz9-lhWI29_JpYWIhkgKbMVGKFg=mo,okelah,5,0,,2025-03-28 07:44:56,,,
4c3fff27-f27c-43d7-9200-6668d9766397,Darkness_King,https://play-lh.googleusercontent.com/a-/ALV-UjWJsFc6kyenISbi-hOv48oqGhG9PNt4AqaekN61RSDLwd7_0W8,anjay,5,0,5.5.0_31400259_31451966,2025-03-28 07:34:56,,,5.5.0_31400259_31451966
0dc5e6ba-6498-4992-a868-ed0307bf7362,Rhoby Saputra,https://play-lh.googleusercontent.com/a-/ALV-UjUNKKF_27f9qxuT8FSgGrI4uXl7V3J80tYFB7JjgIn56uKZfqGL,"Jujur gue suka same game nya. Tapi saya kecewa😭 sama sistem gacha nya, kenapa akun aku sial trus dapat karakter b5 yang jelek trus😭😭",5,0,,2025-03-28 07:23:24,,,
e7b9cebc-6fd5-4fc6-b4c7-22b45b135133,Sahrul,https://play-lh.googleusercontent.com/a/ACg8ocL7hx7D2nkGN3oc0pOg-8xZA946jUSvsFxdYh1ygibApLx-BQ=mo,kelamaan dowload data 2-4 jam tolong di percepat dowload data aku bakalan nunggu jawab 🗿,3,1,5.5.0_31400259_31451966,2025-03-28 07:07:27,,,5.5.0_31400259_31451966
603359e5-ad2f-46d9-acf3-40d2f14e05bd,Nairha Can,https://play-lh.googleusercontent.com/a-/ALV-UjXDhJyAeMhZBUgX_r5cikvpuzvByXJhbziNS7hiB1fq67MdKw8,kasih aku primogem hoyo!!!!!!!,5,0,,2025-03-28 06:46:14,,,
dfa96f5f-1fa9-42cb-b9de-b210d9f1230f,Mikail Saladin,https://play-lh.googleusercontent.com/a-/ALV-UjUb-ZgiQfjjW8iMzv2ZvazKVvqpoPDj0L45S41gQN7DSDjrtGpv,Mudah bosan.,3,0,5.4.0_30057195_30231699,2025-03-28 06:45:48,,,5.4.0_30057195_30231699
61c61b59-bf05-4a5c-acda-6230947f1415,SoniaBlast,https://play-lh.googleusercontent.com/a-/ALV-UjWft_a3OrAEpa5Q33ByJY2iYcWqx74IbrHvm6mv7wk6p2P3dZ0J,"I already download latest update and tommorow game asked me to download resources size over 14 Gigabytes with initial game size already 27 Gigabytes because i already erase resource within the game, so what am i download data for ????",1,2,1.1.1_1437351_1398019,2025-03-28 05:39:36,,,1.1.1_1437351_1398019
2b3af39a-38e2-4bbe-ae37-350c20fd874b,Roby Aja,https://play-lh.googleusercontent.com/a/ACg8ocIsEBYvicnNlBJE_s7DgUipuxvEnu3VaMi7pBFoZuP5bJB_zQ=mo,sangat bagus dan menegangkan,5,0,5.5.0_31400259_31451966,2025-03-28 05:13:01,,,5.5.0_31400259_31451966
f2bc65b7-fd77-4dd0-9040-f357f633add0,Geleng remix Remix,https://play-lh.googleusercontent.com/a-/ALV-UjX0P65vSwuxujWU48b0S9tMQXJBdFMafwFtmmOmwHex11Gfhfc,mantap man kau memang terbaik man,5,0,,2025-03-28 04:38:37,,,
08d09aff-b748-406b-b6e9-908127a73b2e,Muhammad Yusuf,https://play-lh.googleusercontent.com/a/ACg8ocI6vb_wsi8qw4WtBdlXZ08KuGtOWPuah8FhI4vO6QSORh3oiw=mo,game kikir,1,0,3.6.0_13833164_13951843,2025-03-28 03:53:50,,,3.6.0_13833164_13951843
a5898029-b6d3-4e6b-b3e3-4acf2a6116b4,Keluarga Bachtiar,https://play-lh.googleusercontent.com/a/ACg8ocL1W2uqW3HgW7shlgI1oRqH8uk_HUkX_jdyssiEqygMEzI8Qg=mo,mudah,5,0,5.4.0_30057195_30231699,2025-03-28 03:51:12,,,5.4.0_30057195_30231699
192eabce-fd65-43c7-b9ce-e7c869df5d5a,Ardika Marsel,https://play-lh.googleusercontent.com/a-/ALV-UjXBgnIVYBGUp4MetX-f_xkOP9tRuON7ZEVgrb72sYWlQIjE7Tg,bagus gk ada jelek nyaa sama sekali udah game petualang top nomor 1 tapi boleh lah tambang sedikit bansos hehehe,5,0,5.5.0_31400259_31451966,2025-03-28 03:50:01,,,5.5.0_31400259_31451966
929459ce-a87f-4027-b6f1-930c7d1c1cf6,Ilna Rahmatia,https://play-lh.googleusercontent.com/a/ACg8ocLol3ra5qRG55GA13d6b5MF3uJXSG5grdc1fXOg2N99TFb-MA=mo,Saya senang sama game ini. Cuma susah dapat b5 aja. Sama pengunaan penyimpanan yang besar,5,0,5.4.0_30057195_30231699,2025-03-28 03:32:56,,,5.4.0_30057195_30231699
19c9bee5-ec07-4f69-abd4-ca0e6ad0fb2b,Abang PG,https://play-lh.googleusercontent.com/a-/ALV-UjVQlU41ZDn_rFkSKqIr9J_QyTRNDiMGUO8r-Wo6YeX9jQe1nFM,suara nfc dan quest selain story hilang bagaimana solusinya,3,0,5.4.0_30057195_30231699,2025-03-28 02:22:12,,,5.4.0_30057195_30231699
4000bf8f-9cd9-4807-bc35-d83f27ce20bb,Aca Aca kori,https://play-lh.googleusercontent.com/a-/ALV-UjVMIL6c4wCWYy2hyEZ1PWJq8q-lZIlPjQ8Y5psR8btH5tKBH0Kq,kok gak bisa di HP ramen,3,0,,2025-03-28 01:04:12,,,
93f2a673-7242-4bd9-bfa9-c66724221bac,Warung Alone,https://play-lh.googleusercontent.com/a/ACg8ocK4Ae4SmK0olKenPEdEJnNt2o0UAGC3rhtlEQVFrrfrHHsFTw=mo,mntap,5,0,5.5.0_31400259_31451966,2025-03-28 01:00:03,,,5.5.0_31400259_31451966
664832f3-3869-4ee5-b810-71acd44bc669,affan HA,https://play-lh.googleusercontent.com/a-/ALV-UjWq0Vj5zA89T48m8jPT8zTZnxkAGpZUy9nKFO1e1cbUoFVMJXI,Jir nih game seru amat dah! walaupun gede ukran nya🗿,5,0,,2025-03-28 00:50:22,,,
992257cb-a50f-4d23-9492-55e99ddb65a5,Akbar Al-Ghazali,https://play-lh.googleusercontent.com/a-/ALV-UjUWmBl7pNfYeQWGSEnqZ7ByQQUMeweeZJ3WjNyMiusbnLvrDC5o,Game Bagus,5,1,5.5.0_31400259_31451966,2025-03-28 00:49:59,,,5.5.0_31400259_31451966
b1028825-556e-4dc5-9ea6-28eaca62807b,Alhadi nuari,https://play-lh.googleusercontent.com/a-/ALV-UjX369lht_hNhjolffy_XsyM1ZURP7zWEcD0BE41WH0mtSblj80eyg,bnyak bnget pnyimpanan,1,0,,2025-03-28 00:41:48,,,
62c8d18c-e20c-46f8-9df8-b465898615aa,Mizanurrisqi Yunus Tirayoh,https://play-lh.googleusercontent.com/a-/ALV-UjXE0Rq2IedKwblzogp3X2BXPhq1KmU92NMdd2LiVN7VrPm6MYE,keren,5,0,5.5.0_31400259_31451966,2025-03-28 00:18:56,,,5.5.0_31400259_31451966
a71c348c-3944-45e4-9373-0d0f2a89b610,Akira Rio,https://play-lh.googleusercontent.com/a/ACg8ocJer3PvgKhm7yLuhqdzC7JMIbivGE-3m71iVhZ8VhArCMrcaw=mo,"seru banget, ga nyesel download lama, lu harus cobain, btw Paimon you are so cute!",5,0,5.5.0_31400259_31451966,2025-03-28 00:14:02,,,5.5.0_31400259_31451966
745af997-0df5-49bf-bce5-437e0e933ade,Muhammad Irsyad Isal,https://play-lh.googleusercontent.com/a-/ALV-UjXPsoo8PYhuKydnkA_nhVaC4bUrkgj5mhbxzHcJ8NOVKYbZ4hx3,petualangan yang sangat seru,5,0,5.5.0_31400259_31451966,2025-03-28 00:11:34,,,5.5.0_31400259_31451966
8bde808e-a427-4ad8-86c0-ffc8dd5725a4,King Joy,https://play-lh.googleusercontent.com/a/ACg8ocIzv8ITPCBlCsdzpIk2A6G5kYv7dbjZDbKTovJUd0AsXIw05w=mo,ini harus ada fitur skip yapping sih😀,3,0,5.5.0_31400259_31451966,2025-03-28 00:04:23,,,5.5.0_31400259_31451966
bb5df49e-ba7c-4bd7-8c16-fc47ffe67d0a,Azaya Zafarani,https://play-lh.googleusercontent.com/a-/ALV-UjVePvtQpc8RwpSNFEPwoIkolX1lQaZlOwoR3wSQsnTGze4rYd0,"The problem is only in storage and centuries-long shader compilation :""",3,0,5.5.0_31400259_31451966,2025-03-27 23:28:38,,,5.5.0_31400259_31451966
5e0edacf-9290-456c-8945-f539555b464f,Neuvillateee,https://play-lh.googleusercontent.com/a/ACg8ocIYuZ9hv4Vlttt0QLDAsphm8jAOFuP_aDQmUXLK4Flo5v6tdlp3=mo,makasih mihoyo berkat ini game aku ada jadi semangat,5,0,5.5.0_31400259_31451966,2025-03-27 23:15:04,,,5.5.0_31400259_31451966
e09b6621-e90e-406b-9fe8-30bc0fba993e,nawwaf al afif,https://play-lh.googleusercontent.com/a-/ALV-UjU528J1nSY7RavOp7Rk82zje-5Pm8LNoAgHgHUqPLaP0pFBVnI,"Mau fitur ""controller"" di android, Alhamdulillah sudah support controller",5,0,5.3.0_29183395_29332470,2025-03-27 22:53:03,,,5.3.0_29183395_29332470
a9edd747-5445-4ffa-80fd-1c6cf788e182,dhika satria p,https://play-lh.googleusercontent.com/a/ACg8ocKJVyW6n_RvoM7kI9FddTK2k6KwpUy0i9-X_bIw0df_qVBeKHc=mo,ok,5,0,5.5.0_31400259_31451966,2025-03-27 22:19:31,,,5.5.0_31400259_31451966
fa895f7a-3988-45c3-aa94-186560b67af6,Kesya Alifia,https://play-lh.googleusercontent.com/a-/ALV-UjURDHEqYSyWnsJo2L3DlpH1Y7KqppFYDp40oP8ctm5YDgxRizKD,Dottore and Azhdaha playable when??,5,0,5.5.0_31400259_31451966,2025-03-27 21:52:10,,,5.5.0_31400259_31451966
80e9c14b-7e2b-4902-9ca4-834f6dbf75e0,keandre Abyan dity,https://play-lh.googleusercontent.com/a/ACg8ocLdyuu4x-6FGwnw3oVo9YZvx1MPUYElaMMXnYIZor1-VJChA9Q=mo,game ramah,5,0,5.4.0_30057195_30231699,2025-03-27 21:27:29,,,5.4.0_30057195_30231699
a7c87aed-f124-41b0-9f55-b62ea06a62be,puqi mak,https://play-lh.googleusercontent.com/a/ACg8ocKDPieV5yIYIGdvKk6F5OaqXlk1lyxdzsxeHWBzPvn4_57oOg=mo,MAP BARU BANYAK BUG KOOOOONNNN!!!,1,0,,2025-03-27 21:20:23,,,
126e182d-eaaf-4287-bb3b-c7042b68b506,Nicky Fauzi,https://play-lh.googleusercontent.com/a/ACg8ocKprGpLw8r29lIIEu32oSMRo6OYy7RzexLR4IcB1aKo1YVj9g=mo,gamenya bagus👍,1,0,5.5.0_31400259_31451966,2025-03-27 21:14:59,,,5.5.0_31400259_31451966
079af44d-8591-4238-aa0b-667f50b47692,Leonardus Stanley Sugiarto,https://play-lh.googleusercontent.com/a/ACg8ocITZCSb8mhbxoouZpf4V-fnAZsohqZ8Bi-pS55YN2urfHo-4g=mo,mantap.. download datanya si kurengnya.. banyak bat.. overall game bagus.. lop it,5,0,5.5.0_31400259_31451966,2025-03-27 20:55:44,,,5.5.0_31400259_31451966
28a53618-9715-4140-9507-233557b93821,Panca Aoa,https://play-lh.googleusercontent.com/a-/ALV-UjVwwT04muZwjfsrnojcgOEtGBbQbn5ZxdHHi8n27KMXzui9VHqz,"grafik okelah, tapi fps dropppppp parah, mungkin ini hp gw yang bermasalah atau gamenya.",3,0,5.4.0_30057195_30231699,2025-03-27 20:48:15,,,5.4.0_30057195_30231699
c84f64e4-fbbe-4fdc-bad3-ee1047f39cce,Kepin Fourtwnty123,https://play-lh.googleusercontent.com/a-/ALV-UjVQUzsD6WF9-QDGIi9gp3eBBaep6ywMoJCe1ZkJLm3KxJVnXnyM,kikir,1,0,5.5.0_31400259_31451966,2025-03-27 20:30:55,,,5.5.0_31400259_31451966
7f188c28-9b51-40e0-a63b-6a0ebb8b82e3,Annisa Ramdhania,https://play-lh.googleusercontent.com/a-/ALV-UjUh0REzEMJ1vP91emQiyDurhsuZh55Kh9oOf3QHBGM0ZDeuThqo,"Gamenya bagus. Bansosnya tambahin dong :D Ohiya, utk side quest (yg gd Voice ny) adain fitur skip dialog dong, aplg kl gd sangkut paut am lore ny :)) tambahan >> pls Hoyo, ini char lakinya PD kmna smw anjay... bosen jg dr kmrn banner Natlan isinya cwek smw, Kinich doang B5 jir, am si Ororon B4😔 tolong yh, story & worldnya udh bagus bgtt soalny, setarakan antara char cwok & cwek aja nii🥺",4,0,5.0.0_26041933_26161852,2025-03-27 20:21:51,,,5.0.0_26041933_26161852
2b0ddf8d-3767-4fd1-9fd7-a9475ee90eae,Dex K,https://play-lh.googleusercontent.com/a-/ALV-UjWgrfU5YZQTw-C5yTbrELu-74Sw1Iks92Jknacrzjp7IuPCvVs,Akhirnya Genshin Impact android support gamepad,5,0,,2025-03-27 20:13:02,,,
57d37424-4482-42c5-a2d6-7a957918dc8d,linosaurus,https://play-lh.googleusercontent.com/a-/ALV-UjXVHrH22_ioKfY8XflBigu99uo4NhTLswps6_0fNJST1k2U9wWU,"male character lebih dikit daripada femalenya, selain kinich udah gk da lagi muncul male 5*",1,0,5.5.0_31400259_31451966,2025-03-27 20:12:19,,,5.5.0_31400259_31451966
21ed3d15-def7-45e4-aa74-2e61eb3929bc,EverstNaomiHarya Yelove,https://play-lh.googleusercontent.com/a-/ALV-UjUN5XJCAnPl0WiAJBpW6adGneMiiTtV5AVXXvmeU0nsVECRse6B,bagus bisa untuk perpetualangan juga bagus untuk belajar untuk pertualangan di luar atau di dalam game juga seru bisa melawan monster monster tersebut.,5,1,5.4.0_30057195_30231699,2025-03-27 19:53:43,,,5.4.0_30057195_30231699
6f6478a9-cded-4fbc-8f20-7195fa7479a5,Ram Tem,https://play-lh.googleusercontent.com/a-/ALV-UjUpt5CFyl3bPKXpzDbNcHtn0UgxgpDUn-MMMDEnEYCl6w6C1KEZ,seru aja,5,0,5.5.0_31400259_31451966,2025-03-27 19:46:25,,,5.5.0_31400259_31451966
f9ffcc53-6180-481c-ab7a-14d148a6dec3,Mas Latif (MUGIWARA),https://play-lh.googleusercontent.com/a-/ALV-UjX4PlOAsHkDiOG0szPOnY_I601AVMho23qICIxf3etmvQh93IKazQ,akhirnya sdh support gamepad di android,5,0,5.5.0_31400259_31451966,2025-03-27 19:41:04,,,5.5.0_31400259_31451966
3687f190-0dec-415f-aaa7-fecc913d4603,Manusia Kotak,https://play-lh.googleusercontent.com/a/ACg8ocIWju4-MISRynUrsHdRXBKiaEaGgZIbulHqEKJbAMYYl8QdGg=mo,cakep grafik ny dan dll,5,0,,2025-03-27 18:18:21,,,
99c67bf9-75a2-46ca-a57f-d58be10570dc,Echieifs,https://play-lh.googleusercontent.com/a/ACg8ocLcFQd3_4pgelQIXYygm1EgjH5HMZS2IpDw6SqpL77NHByN6Q=mo,update update ga ada fitur skip story,1,0,,2025-03-27 17:31:35,,,
170e04ad-b5f3-476a-a392-31e002361009,Rhafa Erlangga,https://play-lh.googleusercontent.com/a/ACg8ocLVJd32N7nSC5gCdvNqGChMP_Nkia72uYGl-QFbAVtHuVe6MQ=mo,apdate nya bagus dari animasi lancar dan jaringan nya ok tapi masih ada beberapa bug mohon di atasi tapi benner 5.5 dah mantap,5,0,,2025-03-27 17:30:24,,,
d1dd06ad-a00e-43cb-93f0-d07d133cb0b0,hifni Mubarok,https://play-lh.googleusercontent.com/a/ACg8ocLAXUVeYYiNAqNN3aqKsvbq_4G8owq_9LTGDUCcSN_wH3SLyQ=mo,"tidak bisa ini terlalu bagus, udah.",5,0,,2025-03-27 17:17:27,,,
62a032b5-d04f-4dc8-9b34-73fd40784f14,Muhammad faturahman Ramdhani,https://play-lh.googleusercontent.com/a/ACg8ocKiHiNOOydZ9oF43WeWBgNvXV_rN9G63lxwWqREZSEswBO4pQ=mo,"segini dulu, aja game bagus banget ,tapi pelit , buat hapus akun susahnya kek orang mati banyak bugnya, KLO udah ada solusi baru kasih b5",3,0,,2025-03-27 17:01:53,,,
1a380363-e044-4a39-b359-08ef0d53c030,Irvan Ipong,https://play-lh.googleusercontent.com/a/ACg8ocK5tsgU_YLMG-dsUVFS2-_mdLCz0A8jpsaVrMwnySx9MhxyCg=mo,"apala ngmngnya update 1,5 gb malah jadi 3gb gini gmn si,udh mah nungguin sedang mengimplikasi shadernya lama bgt lagi,cape nungguuu",1,0,5.5.0_31400259_31451966,2025-03-27 16:56:24,,,5.5.0_31400259_31451966
4f7150c9-cc96-4a7d-8828-193944d45f76,Ahmad Dzimboyan,https://play-lh.googleusercontent.com/a-/ALV-UjVi408vnUihSSudkqhSgU-D-NngUBI_toHyFQs2NWnjfG8dACIB,"bintang 4 dulu karena masih game berat, kalau sudah game ringan saya kasih 1 bintang lagi",4,0,,2025-03-27 16:39:15,,,
cf636a98-d053-411b-a578-e8422a028379,Kyoru–ranz,https://play-lh.googleusercontent.com/a-/ALV-UjV5Cg68wo2PjkN3Tj6b2gz_JFdylSEPo11mS4jGHvIn865F9x5W,"game nya sangat kikir, jadi kalo mau jadi f2p harus nguli 24/7 baru bisa dapet chr yg kita mau selain itu kita juga gabisa langsung dapet char yang di banner itu, genshin klo mau pull² an pake rate on rate off an, klo skrng rate on itu next pull(90× tergantung kehokian) kita bisa langsung dapet chr yang dimau, TAPI SAYA DAPET HARD PITY + RATE ON TERUS TIAP BANNER 😭😭😭😭😭😭😭but overall bagus sih gamenya klo mau coba coba silahkan 🤭🥰😔",5,0,5.4.0_30057195_30231699,2025-03-27 16:02:23,,,5.4.0_30057195_30231699
91bc38fb-bff4-44c8-aa5d-6d13a61467db,Rahmat Hardiyan,https://play-lh.googleusercontent.com/a-/ALV-UjXlpg-RkE6uLsdXuurKnfBNb2qu5oSwSQwW_2GSzHmQyWb6XA,Saran sih permudah sedikit untuk cari artefak yang bagus,1,0,5.5.0_31400259_31451966,2025-03-27 15:57:17,"Kami mohon maaf atas ketidaknyamanan yang Anda alami, Traveler. Kalau Anda memiliki masukan atau saran, silakan hubungi kami melalui email atau feedback in-game.",2025-02-18 17:45:39,5.5.0_31400259_31451966
716f2559-2552-42cb-aca7-9ea7e3d59e0a,Dzaky Khairul Akhyar,https://play-lh.googleusercontent.com/a-/ALV-UjWGHh59dKGMMTklA-1ekJOPpfKPvkbowIv7Qggb09yTMtQWnZdj,WAW UDAH GAK KIKIR ;:-),4,0,4.4.0_20481013_20559831,2025-03-27 15:23:34,,,4.4.0_20481013_20559831
287bbc57-c821-4f36-8720-7ad0d4471a6b,Christabelle Chandra,https://play-lh.googleusercontent.com/a-/ALV-UjXZG4k2_UAQeRTTNQHoc6DlFtsXwM3JWbG8vrAeMDFeFartjao,"Genshin menawarkan banyak cerita menarik dari berbagai region dan character. Sayang belakangan ini genshin kurang bisa memuaskan player dalam design character , mekanisme tidak ada perkembangan sama sekali , dan juga tidak mendengarkan masukan player. Semoga kedepannya semua bisa diubah menjadi lebih baik dan menyenangkan.",1,14,5.5.0_31400259_31451966,2025-03-27 15:19:25,,,5.5.0_31400259_31451966
15b1f9fc-d2e3-41ba-85a2-3d51a19c1e23,Raden Keren,https://play-lh.googleusercontent.com/a-/ALV-UjXOI91kv5pWPiawALw0aBuvHl5C-yDKiRsOLZjQnhL4UFB1f4Y,kerennn game nyaaa asikk player nya baikkkk,5,0,,2025-03-27 14:53:40,,,
a99a5988-7fb6-4e2d-ae93-d08c1941192a,F K,https://play-lh.googleusercontent.com/a-/ALV-UjVQH7nhl1S_DXa9lnQBVEH6zdoibSMGc8JyqjxaD4viTQkxwB0j,Game yang bagus dengan story yang panjang dan banyak nya map untuk bisa dijelajahi,5,0,5.5.0_31400259_31451966,2025-03-27 14:46:57,,,5.5.0_31400259_31451966
92aea5c8-7ee9-4380-9015-5f069ccb2ff4,Cahaya Az_zahra,https://play-lh.googleusercontent.com/a-/ALV-UjUJ-1fI16lWNTXb7JERLV5IwzpxoRI8u6vUQZqHsN8M451Ka_rK,game mantap👍🏻,5,0,5.5.0_31400259_31451966,2025-03-27 14:27:45,,,5.5.0_31400259_31451966
7eea61a6-c6a7-40e2-91b1-668d160efc53,Abistha Rakha Shidiq,https://play-lh.googleusercontent.com/a-/ALV-UjUTxMiVTwLz3GvHMpSuCuouKlQkKNaQQxbhUzTNZHvC7LQETizD,sangatbagus,5,0,5.5.0_31400259_31451966,2025-03-27 14:26:16,,,5.5.0_31400259_31451966
3bd9a446-6948-4d36-a689-10b8f5611922,Hisyam Pulo,https://play-lh.googleusercontent.com/a/ACg8ocL3PlLeaZjGUiq0aAiKpTKUoOjtvstTi2_Tcqd7tDfDrNEp1Q=mo,bagus banget meskipun agak ngeleh dikit tapi bagus👍👍👍👍👍,5,0,5.5.0_31400259_31451966,2025-03-27 14:20:26,,,5.5.0_31400259_31451966
3ed84730-2516-4802-808a-87d9a3c1eb0b,Hibnul Walid Al Khosyi,https://play-lh.googleusercontent.com/a/ACg8ocI3akoDl2gNYjBsGgVN2SnPVpJ3YCHeWuRe2RdTBk1tUNyfxdw=mo,"woy hoyo, kalo mau tambah karakter baru itu yang cowo, bukan cewe mulu, udah bosan gw cewe cewe mulu, sekalinya di bikin karakter cowo malah di jadiin karakter b4. org lebih menantikan karakter cowo daripada cewe tau lu gak....",2,7,5.5.0_31400259_31451966,2025-03-27 13:58:01,,,5.5.0_31400259_31451966
ca80906c-79a9-47bd-b64e-5c7987eb73d5,azka budal,https://play-lh.googleusercontent.com/a/ACg8ocJaXoLCKEH3JW5srevn4rO6_7o9T7QNA4POupKSvIutXZ494Q=mo,seruu,5,0,,2025-03-27 13:45:16,,,
238cfbd1-ec63-4595-9293-2b697be93037,Ark4an. De4a.,https://play-lh.googleusercontent.com/a-/ALV-UjVZ4ssLcsfUeeo5fJL5am6z7M5OBVQCpzEiW-jJC-2mdo_ezcml,game hama,1,0,,2025-03-27 13:31:27,,,
1ab442a3-83e8-43cb-a712-ed2e383f8435,Hana Fajriani,https://play-lh.googleusercontent.com/a-/ALV-UjVJDgEC4kES4dfCv6FiUttglS6nHel2_DSRI9MEvFZ_Rp3pm0c,game bagsu banget grafik nya hd ini nih game yang aku cari cari dari dulu 👍,5,0,,2025-03-27 13:20:14,,,
b62ae883-e9a4-4046-b4d0-13a4fa9e6d95,Desi Ristianti,https://play-lh.googleusercontent.com/a-/ALV-UjVOANPu97joHIqAIEMcxuHuBgGy6TE9cueuiuQLgzpBRf5SqyU2,harus di unduh dulu tolong jangan di unduh dulu agar tidak lama lol,2,0,5.5.0_31400259_31451966,2025-03-27 13:15:43,,,5.5.0_31400259_31451966
55fcfa89-455a-4f9e-9a1f-05130081c468,Ega Uzlah,https://play-lh.googleusercontent.com/a/ACg8ocKJEwS9mhqsA7Z_rB0H_XhylscyHuIqkpUTfNczjqlnnDVk9Q=mo,Game nya bagus banget story nya keren,5,0,,2025-03-27 13:01:24,,,
bef2f817-7bb1-4fc4-9214-20653739fbcf,Royyan,https://play-lh.googleusercontent.com/a/ACg8ocLxRMDsSFAGBlo1nXwk0AoDp8dYdoNIEhFPheIdoxtgdi88sms=mo,lumayan critanya seru,4,0,5.5.0_31400259_31451966,2025-03-27 12:30:18,,,5.5.0_31400259_31451966
4f7586ab-5c3e-40e3-888b-0388cc49b4af,Jamil FR,https://play-lh.googleusercontent.com/a-/ALV-UjW8DZVLPKz672pFV3q87YKYzQqT33x8_T1hJJxkYtjkHepduzM,mantap dah support controller 🗿👍,3,0,5.5.0_31400259_31451966,2025-03-27 12:18:50,"Kami mohon maaf atas permasalahan ini, Traveler. Silakan hubungi kami melalui email atau feedback in-game untuk mendapatkan bantuan lebih lanjut tentang masalah ini.",2024-07-25 18:25:34,5.5.0_31400259_31451966
8edddc7a-f31c-488f-aeb5-7d761e0a44a3,Azka Aditya paksono,https://play-lh.googleusercontent.com/a-/ALV-UjXbDf0CHxxB68FojEsqdIy_LxdkFXL3nnOXGnNVzrhaJfx01Y4,gamenya bagus,5,0,5.5.0_31400259_31451966,2025-03-27 11:46:14,,,5.5.0_31400259_31451966
e0faebb3-4632-4499-90a8-6dfaab197362,Dika Pandela,https://play-lh.googleusercontent.com/a/ACg8ocI5doE7XIW8LHM88YIGb76IREYNf5Er-ygeRGfDnukM2AzvwQ=mo,nice!!,5,0,,2025-03-27 11:39:26,,,
d06ff442-285a-4600-b2c5-fd0282d136a3,Sim Aein,https://play-lh.googleusercontent.com/a-/ALV-UjXmrnGz2-L8L907KkrX7RUAFgQxY0MXx0SsoxZ9UuiN9oklcbU,"seru banget, hd pemandangan nya",5,0,5.5.0_31400259_31451966,2025-03-27 11:37:47,,,5.5.0_31400259_31451966
44ad7d04-cc3f-46d4-baac-11b47b3e4bb4,Muhammad Arsyad,https://play-lh.googleusercontent.com/a/ACg8ocJioiSHiL0SxlRkaxwP6bJd6zSMUXiFOxHGRGXv0oPe_3gwSg=mo,apaan dah download data nya sejam lebih mau main aja harus nunggu sejam lebih pengen di tinggalin tapi nanti ngulang nasib nasib,3,0,,2025-03-27 11:37:35,,,
e34ee643-87c1-4d1e-8c38-d2ac5e414f52,Yudi,https://play-lh.googleusercontent.com/a/ACg8ocLG4p2nEsRJZwT8blOxpd5GoOjjzlK3jqbZKirOjn7fCwY4wQ=mo,ok,5,0,5.5.0_31400259_31451966,2025-03-27 10:59:56,,,5.5.0_31400259_31451966
f8cdc388-dc8e-4849-a196-0d060ac26eef,Bla Balaa,https://play-lh.googleusercontent.com/a/ACg8ocK6Xp6vUOBKYbpffE4JRBsvD_FBlGTlvRrKGZKcKrcDvsbe4g=mo,bagus bagus aja,5,0,,2025-03-27 10:47:02,,,
8f48c89b-c4cd-4b9a-946f-2052d44ac512,Kirana Naraswari,https://play-lh.googleusercontent.com/a-/ALV-UjX5zvCgiz1eXuG1Zg5jNQbjw_rHuB-NPnwp2IBm_cDvmCrJTRy1,"Ini game dengan alur yg bagus walau banyak yg ngeluh karena, design char, natlan, quest dan sistem wish. Menurutku ini game adil untuk orang² Ngajarin kita untuk sabar juga. Love Dawei💍",5,0,5.5.0_31400259_31451966,2025-03-27 10:37:24,,,5.5.0_31400259_31451966
4600693a-1a20-4854-bb2e-0bd03ee2b664,Erma Wati,https://play-lh.googleusercontent.com/a-/ALV-UjVfn_FOhNrbDbhr5TksPBUJFmu3EgXI126IgOQUkfnrOMY4wman,aku ndak tau dalam gem nya nanti ku kasi bintang ulang,4,0,,2025-03-27 10:29:26,,,
8aea54ed-c37b-430b-9873-260f21da8d36,Danis Rasyip Wardana,https://play-lh.googleusercontent.com/a/ACg8ocKQg9QuxDvFk1Ewphx8b2eb3oLC7yMTP_6LUIBRZv3nTeXKNQ=mo,sugoii kerenn bagus,5,0,,2025-03-27 10:28:31,,,
e3c92fbd-fa3f-4f1e-bb89-0b01823eb37d,Ryan Nara,https://play-lh.googleusercontent.com/a/ACg8ocKG-VfYJQi9g7INwpY6uV9NN6jKaNLS5JrIm1kfhSkaDPTNMA=mo,bagus 5,5,0,3.2.0_10872902_11078128,2025-03-27 10:06:47,,,3.2.0_10872902_11078128
7534f02b-3ab0-45eb-9636-771175f93010,kiki naay,https://play-lh.googleusercontent.com/a-/ALV-UjUd21cNEOK0urPoIKw1qNEuX7ZCBYkU-3WEEtB_I2Atuo7fr-2I,cari artifact yang bagus susah banget.,1,0,,2025-03-27 09:48:41,,,
e4975722-35d2-404a-8357-b5b5040a13b4,Aspiana,https://play-lh.googleusercontent.com/a/ACg8ocJEpx2DMcy23rWDk3Kv-_q6F-oSkk8Lij77laIKM8z0DR4Kzg=mo,"ukurannya besar tapi grafik kek kartun, game apaan cobak udh gitu lawannya monster, karakternya buriq, buang² memori penyimpanan gw aja.👎👎👎👎👎👎👎👎",1,1,,2025-03-27 09:33:32,,,
fb012627-7c69-4483-939d-74de5b73f577,Zhou Fan,https://play-lh.googleusercontent.com/a/ACg8ocKZsvJNaVOrh9amXjhBnQWCmqqWROIpJkDHEGh1k_nAR2Xklw=mo,"151 if dapat hikmah, keren",1,1,5.0.0_26041933_26161852,2025-03-27 09:31:19,,,5.0.0_26041933_26161852
3d3d26df-d885-4b65-afc2-5fbd592a5d1a,Sinta Bella,https://play-lh.googleusercontent.com/a/ACg8ocKX5f2AXhvAsUmQY20RlSDtbKZDVPjGjuOTfxcF-niu2a2Xbg=mo,"aku suka genshin TAPI tolong minimal dengerin fans mihoyo. adain fitur skip story, males bgt bikin boring kebanyakan cerita ga penting yang ga masuk ke lore utama. cerita nya juga di bikin jadi lebih menarik dong jangan kebanyakan ngobrol gajelas, buang buang waktu. bikin karakter cowo kek, di banyakin yang b5 yakali gue cewe mau ngelesbi? trus juga jangan kebanyakan fanservice. desain karakter makin kesini makin jelek, karakter b5 splash art nya b aj. pantes aja pada sering komplain.",1,8,5.5.0_31400259_31451966,2025-03-27 09:15:56,,,5.5.0_31400259_31451966
8a9b7edd-23cb-45b7-8c5b-83cf03a21c19,Yorrie Chaeru,https://play-lh.googleusercontent.com/a-/ALV-UjUioJrx0X9HHL5VvYlX1KZpPEZT5yv7pPBGevVaf1Rd-Z5Qyvo,"hanya karna device saya sudah beroperasi 7 tahun, device saya tidak diberi akses update untuk versi 5.5",1,0,,2025-03-27 09:03:00,,,
46e48d4d-b7ce-4a60-ad3b-0cd61e2e531a,rezvan rafif,https://play-lh.googleusercontent.com/a-/ALV-UjX3RY8wKHJY4mtTgqcf9OB1JYawXNmP9ssX68zl5NnxZU2o54ST,keren,5,0,,2025-03-27 08:47:05,,,
e32c5424-e858-4240-afe2-5bf22128bd89,Gartiar riansyah,https://play-lh.googleusercontent.com/a-/ALV-UjVuxCKKcNDq3kRty0HmhgooinAiFWuN4O2kPX7PPfSYmu8FVT32,"Game lawak kebanyakan yapping doang isinya lawak su, lu bisa kagak yapping kasih jeda su ganti perang aja lawak ni game yapping su buang waktu 40 menit liat karakter npc yapping su su, udah kikir penghasilan kemana kagak comeback ke game aja lawak",1,0,5.5.0_31400259_31451966,2025-03-27 08:30:26,"Terima kasih atas dukungan Anda terhadap Genshin Impact, Traveler! Kalau Anda mengalami kesulitan apa pun yang berhubungan dengan Genshin Impact, silakan hubungi kami melalui email atau feedback in-game untuk mendapatkan bantuan.",2025-02-12 19:18:20,5.5.0_31400259_31451966
63dc55bc-4dfb-40cc-bca5-08da9e2d31b1,Kami Koroshi,https://play-lh.googleusercontent.com/a-/ALV-UjV3aK6Tw4ybkbfPAFLziRcECceNf_gbQvuNg5PX_TWP5cLDGYM,kalah rate off njir,2,0,5.5.0_31400259_31451966,2025-03-27 08:29:26,,,5.5.0_31400259_31451966
012830e4-1118-46f1-8658-2821ed027b0c,Ahmad_ official 12,https://play-lh.googleusercontent.com/a-/ALV-UjU08Dp2HIZcWLIk2r3x1oUajqwt5_difJdndAwW0_9oUn42J3b2,"sempet download sih dulu, cuma terlalu berattt jadi hapus, tapi liat temen temen pada main malah tertarik lagi, akhirnya download lagi dan emang seru 😁😁",5,0,3.3.0_11741873_11806263,2025-03-27 08:21:32,,,3.3.0_11741873_11806263
7ddefd93-1f57-4eca-bc98-4e0b6c3c824e,hans cristian,https://play-lh.googleusercontent.com/a-/ALV-UjVavAZ2CyVifXpIkEyXWdaQdEicGUJOHogzVSPZZJOIey_weedk,Susah dapat karakter bintang 5 limited selalu kalah rate off,5,1,5.4.0_30057195_30231699,2025-03-27 08:20:46,"Halo, Traveler! Traveler dapat melihat aturan sistem Permohonan di bagian [Rincian] pada halaman Permohonan. Jika kamu memiliki pertanyaan tentang perincian dari aturan tersebut, silakan hubungi tim Layanan Pelanggan kami melalui pelaporan masukan dalam game atau melalui email.",2021-11-08 09:31:30,5.4.0_30057195_30231699
1487addd-341a-4fea-9300-80f2c2d73659,Nyaruka Sinju,https://play-lh.googleusercontent.com/a/ACg8ocIjcx8Eb4pDdjd9E_JZj--hI3UD4qquUmZk1WqNmaZ-seNNsQ=mo,I need a crite rate. But this is already good,5,0,5.5.0_31400259_31451966,2025-03-27 08:08:27,,,5.5.0_31400259_31451966
a520768b-76f9-4ef3-9392-9500892e8ed3,QUANEISHA ATHIFA,https://play-lh.googleusercontent.com/a-/ALV-UjXnHjPTzCRK18HkL9pWr6Huihi4R54Md_rN_8ChpsPHMAgNPOUS,g perlu dijelasin lg udh game ini bgs,5,0,5.4.0_30057195_30231699,2025-03-27 07:51:56,,,5.4.0_30057195_30231699
e847d9a9-8c07-4413-a8ac-09e4ab29399f,Y,https://play-lh.googleusercontent.com/a-/ALV-UjW7K-jSjQvklNhKSn0jh8lRHSHlPYQiufCbpxxZ4a8Y19SsDXxO,-momijinya agak agak,5,0,5.4.0_30057195_30231699,2025-03-27 07:51:07,,,5.4.0_30057195_30231699
79e76bd2-01f2-4981-9156-188181ffd8b9,Kak Khair,https://play-lh.googleusercontent.com/a-/ALV-UjXqYOjTON-nIujPz41CGy5LCzbfoaGK-LBKjaiWl5CfPNgJzdI,"sizenya ga ngotak, pikirla bwat hp kentang, cloud lama",4,0,,2025-03-27 07:13:10,,,
4ad412af-5efd-44d5-93e9-9efb85934528,Catlea Adinda,https://play-lh.googleusercontent.com/a-/ALV-UjXzkVsU1ufO6M9hmtQE0ASdArWhLVWxeQxu31UbHTMJDiP3OSiT,the envisaged echo hard please make it easy change it,1,0,3.7.0_14806628_14807925,2025-03-27 07:08:59,,,3.7.0_14806628_14807925
a8851026-5d4f-4915-9135-6a600c12007d,Rama Dani,https://play-lh.googleusercontent.com/a-/ALV-UjX13oZtTIPtuTxlQE50EprsgCjgha8b8G3sBfuPW4d2DBMoKmoKHA,bosan,1,0,,2025-03-27 07:01:58,,,
d1025b80-dce5-45f0-90b9-bd5157d4e4c1,Fabian Jokam,https://play-lh.googleusercontent.com/a-/ALV-UjWqU7xciGLlg4sANT7JbM73HIcuxHR1flEe4gxiE9_OkBb5z-c2,"satu kata, absolute cinema 🥇",5,1,5.4.0_30057195_30231699,2025-03-27 06:56:37,,,5.4.0_30057195_30231699
e274a80b-1911-49c5-acb1-c3bcd4d07b6a,Atep Kartiwa,https://play-lh.googleusercontent.com/a/ACg8ocI2Bh-OYHO203nJQnMZ5HbsYU9RMY3ufsx_jULQveM-x0XoKA=mo,"hoyo tolong ukuran gamenya agak di rampingkan,",5,0,,2025-03-27 06:44:37,,,
4c8d1403-9efa-49de-a8bc-e71af787d18f,Suparman DN,https://play-lh.googleusercontent.com/a-/ALV-UjUW2cXGDT2FXyUzPiLOnPifkEacEaMCmT0vCmv659GSI8vf3T4H,bagus sih tapi buat HP kentang gak wor it,5,0,,2025-03-27 06:29:48,,,
71bbf078-a664-4ffb-bf9a-4c2c4eaad1e4,EDDYE Brock,https://play-lh.googleusercontent.com/a-/ALV-UjWc02_h2VA2uS9Ec6GyYwQBlTQI7Aq_3Sv7TusuitEK9eHJm1E,gamenya bagus buat device bagus aja tapi 🗿🗿🗿,5,0,5.5.0_31400259_31451966,2025-03-27 06:27:34,,,5.5.0_31400259_31451966
39d1fd6a-063f-424c-93f2-4ce9e9bdc34a,Haydar_ MURDERDRONE,https://play-lh.googleusercontent.com/a-/ALV-UjVRsLelQfj-WKoWfZbTyMnjGfwAuiflVYat7mc28AAWAte2j53x,saya sebagai wibu sangat suka,5,0,5.5.0_31400259_31451966,2025-03-27 06:13:47,,,5.5.0_31400259_31451966
e743d4e8-7cc4-4555-854c-70c4136ef614,Francis Wildan,https://play-lh.googleusercontent.com/a-/ALV-UjWMfnhB2Ci0tfFnhZeVNY9iNqjJwptNTyLIx3XHNP8bX_jqhA7a,"Terlepas dari reward, GI udh melepaskan rasa bosan saat ppkm :') Edit: Udh 1 tahun mainin genshin, selalu support ngasih review sejujur2nya, endingnya skrg kenak hack. Udh dilapor tp sampe skrg blm ada kabar. Pdhal susah payah farming segala macam. Di kls org main game lain, cmn aku yg main genshin. Karakterpun udh hampir semua lvl 90, talent udh 6 keatas, artefak udh wangi wangi. Waifu udh banyak. Gk terima dan kecewa tp gk bisa apa apa, bye paimon :( aku terpaksa uninstal, see you next time..",5,2,5.5.0_31400259_31451966,2025-03-27 05:38:11,Mohon maaf sebesar-besarnya atas terganggunya pengalaman bermain Traveler. Silakan hubungi Layanan Pelanggan kami melalui pelaporan masukan dalam game atau email untuk mendapatkan bantuan tentang masalah ini.,2022-06-16 16:54:27,5.5.0_31400259_31451966
0292dba0-5d97-49d4-8220-23d757260781,Kurni Yawan,https://play-lh.googleusercontent.com/a/ACg8ocL1tE9q1og6GGCMjnM6cnaqcACNGKhj5ZAj9jVTVoy2ULyhOg=mo,BARU MAIN LANGSUNG DIKASIH KARAKTER QIQI LANGSUNG AKU UNINSTAL LAGI,1,0,,2025-03-27 05:29:54,,,
789f6c2b-22f1-4fdc-9ae9-e0cc611001df,Wisnuk K nya keren,https://play-lh.googleusercontent.com/a/ACg8ocKosBDGylz_tZsnx1fDnnYU8KtACZpbfJ2rZ4OLLn0p_7uaFg=mo,kikir,3,0,,2025-03-27 05:13:40,,,
0711e6e8-1c74-48c7-9853-6527b8974e6b,saya cuma nonton bro,https://play-lh.googleusercontent.com/a-/ALV-UjUdtjNnmLqrAOE8vqEbfUJbXg1FYbjz5D2RMyaKVaZLE35H3Lc,👍👍,5,0,5.5.0_31400259_31451966,2025-03-27 04:35:12,,,5.5.0_31400259_31451966
7a2c1ed0-ffb3-49bf-ab69-e982e4600bf8,Asztec,https://play-lh.googleusercontent.com/a-/ALV-UjVn-U8FGdohwMaTaf7EEQqBz6YqO3JPd-9whVoR_90Bq5vr8ObovQ,masih relevan kah rating untuk genshin 😞,5,1,5.5.0_31400259_31451966,2025-03-27 04:29:45,,,5.5.0_31400259_31451966
521117d4-e3e2-40f5-bfc5-8252f7e1bec2,wahyuning,https://play-lh.googleusercontent.com/a-/ALV-UjUQmgtNRQqxiBaMXuGy-GjJfkRHa4DkPH07c5FD3Zyirt5Dbc0y,WOI KAMI BUTUH KARAKTER COWOK B5 JANGAN CEWEK TERUSSS,2,0,5.4.0_30057195_30231699,2025-03-27 04:05:45,,,5.4.0_30057195_30231699
714b4775-2b93-43ba-8e42-0da96f7661fd,naufal irfan,https://play-lh.googleusercontent.com/a-/ALV-UjVHBsp0jkQmTLI-Lh5kBenC3DJx90au5Q8JsC7IcZqMGGZeoMje,"just talk to much, bad game",1,0,,2025-03-27 03:31:31,,,
29974c80-e10f-4ce7-af4d-62b3bac8ade3,Claok Rivel,https://play-lh.googleusercontent.com/a-/ALV-UjVnxPoekd6-gsn3rMFJCQjqFjgh-d1tVio-zh5vOKX1zXBLvOsB,Tambah in fitur skip story nya biar enak gak lama nunggu story yang ke lama an pencet pencet sampai bosen gw main in ni geme awal-awal aja enak pas udah lama main in bosen bet alur cerita nya yang ke banyakan bacot doang 😭,1,4,5.5.0_31400259_31451966,2025-03-27 03:29:00,,,5.5.0_31400259_31451966
c171fec7-63b9-4251-8521-1ded19a75b32,Juan Saputra,https://play-lh.googleusercontent.com/a/ACg8ocLcaPvlGRM9CugIkEfcnaCEsrft3U4sDRtyvLlptsull3W5iTs=mo,Mantap jiwa kaya main ps100 tapi ukurannya gede bat lama lama,5,0,5.4.0_30057195_30231699,2025-03-27 03:22:10,,,5.4.0_30057195_30231699
3d0e0643-49bf-43e8-9a1e-e0eaaa3d665a,Rafid Syauqi,https://play-lh.googleusercontent.com/a-/ALV-UjX8uM5kJY_DjXrEyNCgGiDwJ-uyOo0_-YXaC0adD-XNfb-XtGsX,"aku tidak akan lupakan kamu, Rys... Terima kasih karena mu aku tertarik pada game ini.",5,0,5.4.0_30057195_30231699,2025-03-27 02:38:37,,,5.4.0_30057195_30231699
fcccb248-b514-4145-80d1-60494ef71fe5,Kingz Putze,https://play-lh.googleusercontent.com/a-/ALV-UjVYLCUMbsdsU6ZFTDbt_-v2-qYQNFshEdI4xzOWtkeYJkhNXQ3p,Game nya sangat bagus saya suka,5,0,,2025-03-27 02:24:59,,,
53af69e6-f775-45a7-99af-402a4af0768c,akabane noiz,https://play-lh.googleusercontent.com/a/ACg8ocJyK1egQjMs3CDb5ZuC5tFpbEbAJGzghJtUzes6PARUmPMzLw=mo,LEETSSS GOOOO,5,0,5.4.0_30057195_30231699,2025-03-27 02:20:47,,,5.4.0_30057195_30231699
5310cfd3-1fd4-46de-ab3d-66abd1ee4a90,Rata Kiri,https://play-lh.googleusercontent.com/a/ACg8ocJWV2Bq8FsAVMCGmD0jUsJLkAup3TjJu2_Vu-Km45CYypts4g=mo,Devnya masih nggak dengerin keluhan player,1,0,,2025-03-27 02:01:01,,,
43218e14-386e-45a1-aca5-305b6556aaef,aidir rahman,https://play-lh.googleusercontent.com/a/ACg8ocJSMSoAi1QUYqqdKN2DW4U24n_nL6g2j0B1dKr1qEoVoytFig=mo,pliss kurangi ngobrolnya,5,1,5.5.0_31400259_31451966,2025-03-27 00:55:48,,,5.5.0_31400259_31451966
5efceb0c-8cfc-46be-9f3f-ee7d7a8ea6c3,Alex Pungki,https://play-lh.googleusercontent.com/a-/ALV-UjVFpHA7Iyt9ri-JOlDhYPg89DbZIV-mguUfG_5jZtJAWbdXw8I,saat buka game cas hp munurun menjadi 1200mA,1,0,5.4.0_30057195_30231699,2025-03-27 00:52:50,,,5.4.0_30057195_30231699
3df1a4cb-af60-4100-882f-d291332dd423,Dede Supriadi,https://play-lh.googleusercontent.com/a-/ALV-UjWdI7dghW77Wh2ZmU5DgG969eDe9FARtTiCTMsnBtjYYfhM9QI,bagus,5,0,,2025-03-27 00:46:34,,,
37de72ef-1509-4edf-b76b-132e031ffe93,kai,https://play-lh.googleusercontent.com/a-/ALV-UjUSno7KsPPE-xnLnvfBCsUSBtC7fFEFNY5vMPC2s6hvF93HYt1c,"kenapa bintang 3? ok kujelaskan, memang sih GI (Genshin Impact) itu bagus tapi 3 masalah besar! 1. update jadi setiap update itukan nguras memori lagi,nah sekarang itu updatenya udah banyak berarti semakin berat jadi tolong kurangin 2. ukuran diplays tore hanya menampilkan 311 MB tapi kalau mau main full butuh 34GB?! memori hpku auto habis!!! jadi tolong juga kurangin",3,0,,2025-03-27 00:42:49,,,
f7824338-9649-49be-87cd-885e930b2d79,Dafa Ya,https://play-lh.googleusercontent.com/a/ACg8ocLpGyIzP9NuEH_ICt-rQulViMOTW4ozK4wZEz-XXC5NIYssJQ=mo,mantap,5,0,,2025-03-27 00:14:51,,,
ed922974-a1f8-4842-a5e8-4655e9a262c5,nzlvmoon,https://play-lh.googleusercontent.com/a-/ALV-UjXyiTJ5NsLOHqIvXRmlTnvUXVFoFhkQqxv-1R-jVT5YwjELRFzO,"why do you always release female characters to be B5, where the boy or man??",2,0,,2025-03-27 00:01:27,,,
81f9554d-c74d-4d10-b5e3-b2e0e6beb954,Ridwan Maulana,https://play-lh.googleusercontent.com/a-/ALV-UjXrSurib_rJ-bIJss_QS0EoQK2wmiM8ZrrgBUkYgJ-Yc4cAwbbx,game kikir 😄,3,0,5.4.0_30057195_30231699,2025-03-26 23:48:42,,,5.4.0_30057195_30231699
eb94fc17-5c65-4f39-9518-419e9f71015e,Xyra Tri,https://play-lh.googleusercontent.com/a/ACg8ocKa_xr1QAkCRTGXSJtlD5DtPVAXvIHDRzw8z3nt8tS8PujXoA=mo,baru download di hp baru karna di hp lama udh leg bgt,5,0,,2025-03-26 23:47:33,,,
e1418221-cae0-402a-a0a2-9b677d467e9c,jax cky,https://play-lh.googleusercontent.com/a-/ALV-UjUA36VAsRPoieed4UM0-k-jN8IKvTPliCB-jsHFIrESFkUnNw,Pas keluarin es di air es nggak ada sama pas dvalin muncul kaya rusak gitu bentuk nya grafik nya saya udah yg paling rendah loh,5,0,5.4.0_30057195_30231699,2025-03-26 23:32:52,,,5.4.0_30057195_30231699
1d7600ea-e8f4-4ed7-8212-4beaea66b0ba,AHMAD FAJRI,https://play-lh.googleusercontent.com/a-/ALV-UjW-sJ9CICjWmI24Upg6HDW1tKI3KIM-HLjcTH1X4cebsvGr7Oi6,sangat bagus,5,0,3.8.0_15672274_15939604,2025-03-26 23:25:45,,,3.8.0_15672274_15939604
c54a67f4-b13d-4310-a0f0-0cfae81041de,ccia arr,https://play-lh.googleusercontent.com/a/ACg8ocJqat9EdAb-TY3hbRau0J-uLo8-EQqmk2keB3kmKr18uOQY_g=mo,suka eksplor,5,0,,2025-03-26 23:20:32,,,
1afc6a41-f629-4b0c-899c-76dfcc17a51f,Nur Rohman Itsnain,https://play-lh.googleusercontent.com/a/ACg8ocLl0pRQQSSmEQ94PEmVxG1snZVkmArRy_iJ7MJT4pUBGKogkQ=mo,makin kesini makin ga cocok sama game nya. art style nya madih bagus cuma developer nya egois mentingin diri sendiri mulu. pengen ngikutin game lai. tapi tetep aja pelit uninstal lebih baik,1,0,5.3.0_29183395_29332470,2025-03-26 22:44:51,,,5.3.0_29183395_29332470
2afe503d-875a-4111-9fc2-4fd83e994d4b,aries 17,https://play-lh.googleusercontent.com/a-/ALV-UjVksD_DnLXP_As9UghqiuUmVv2rAv0jTSNrKDMSSxDWfJCP9mQf,Tolong tambahkan customisasi tata letak tombol.danTolong story nya di buat lebih bagus seperti game console jangan asal asalan tambah kan fitur lewati di dialog yang tidak penting,4,0,5.4.0_30057195_30231699,2025-03-26 22:32:20,,,5.4.0_30057195_30231699
5ef1ca0d-2f1c-47e6-a889-2631820e38b9,Agung Ardianto,https://play-lh.googleusercontent.com/a-/ALV-UjXgVQZEA7TOJCZxJgyfqPIEm0TTNX59aFMjA65JYV45GjHqKMWUsQ,tolonglah ada fitur gamepad untuk versi android biar lebih nyaman player yg main di tablet seperti saya dan jutaan player lainnya..,5,8,5.4.0_30057195_30231699,2025-03-26 21:50:03,,,5.4.0_30057195_30231699
99710aa0-6edd-460f-b185-96e978203e67,Ardhi Sunarto,https://play-lh.googleusercontent.com/a/ACg8ocKDHjCBM38q8CI16cPPHFwGw4lbqejhMFd7C0U5FbfYrsnJBw=mo,"Makin ke sini makin ngawur, patch 5.3 kemarin yang ada map baru+karakter baru, event lantern rite saja download awalnya hanya 30 GB, sekarang patch 5.5 yang hanya menghadirkan 2 KARAKTER BARU TANPA MAP BARU, update nya jauh lebih besar dari update yang menghadirkan map baru +event tahunan, makin anehh...",5,3,5.4.0_30057195_30231699,2025-03-26 21:30:30,,,5.4.0_30057195_30231699
65a9ceca-2681-415f-b6c5-6f66c14c76f3,indra dwi cahya,https://play-lh.googleusercontent.com/a-/ALV-UjWxHIkixZycn2q-CNPmiaR90LL6UcNISHhg32smPyuFjmPNr40,🤣,5,0,5.4.0_30057195_30231699,2025-03-26 21:18:56,,,5.4.0_30057195_30231699
815482a8-87c6-4cdb-887e-8c23bb15b5b4,huda sans,https://play-lh.googleusercontent.com/a/ACg8ocJ49dLmLAIcExh8f4ZWwqkG7vvzhyJICy4Fs6AZIcATGmRW3X4=mo,tingkat kan lagi untuk sinyal,5,1,5.5.0_31400259_31451966,2025-03-26 21:14:07,,,5.5.0_31400259_31451966
6f5235d4-a418-43f8-b642-7a9f9a538f33,Randa Raihan Rahmat,https://play-lh.googleusercontent.com/a/ACg8ocKrXdYsIUs7qj2iWkA2iLeXJ6kt5i7fM9YikdgJrv0ZAdzMsA=mo,gamenya bagus bangett,5,0,5.4.0_30057195_30231699,2025-03-26 21:11:48,,,5.4.0_30057195_30231699
53b1dc2b-87a1-4ceb-a4d8-1b564cf060b9,Detangerinnne 000,https://play-lh.googleusercontent.com/a/ACg8ocIGHFQsROXAqnsebHeMlmRZKkPdmfS9k0Jqq9zHYA8PQKGxJw=mo,game nya recoment banget kakakku main honkai,5,0,5.4.0_30057195_30231699,2025-03-26 21:08:07,,,5.4.0_30057195_30231699
2835db74-ef68-4dc1-8000-1ac91e229e64,Malvin alfiqri,https://play-lh.googleusercontent.com/a-/ALV-UjXfeYrj5sKze8OddF8-f0gfDveClIIzeEZYSlqPWpJVPssZ1SjZ,mang hoyo agak pelit primo skrg,3,0,,2025-03-26 21:06:16,,,
c16d8320-0f3d-4a8e-8672-ee3e30b193b6,Si Ogut,https://play-lh.googleusercontent.com/a/ACg8ocJlksk6JlkMYkGECu-5Kax6wMsPLZGgnsA2wf98MDHzcIsLng=mo,"game ini sangat bagus dan sangat mengasah otak, strategi dan kesabaran,, namun dialog yg terlalu panjang dan bertele tele dapat primonya cuma seuprit, mungkin ini cara supaya pemain belanja",4,1,5.5.0_31400259_31451966,2025-03-26 21:04:38,,,5.5.0_31400259_31451966
25374f97-c851-4596-91bd-c37d8c929691,Juniar,https://play-lh.googleusercontent.com/a-/ALV-UjU_0Qnp6FevUt1Jnj5HyohhkRs7e1gSRUhWKwnEpFqacmDUhSAu,"gw ga tau mau ngomong apa , tapi yg penting game nya bagus open world cocok di mainin rame² apalagi sekarang udah banyak map baru 👍",5,0,5.0.0_26041933_26161852,2025-03-26 21:01:35,,,5.0.0_26041933_26161852
fe9601f4-657b-461a-86e4-a6b038452d6d,Adra Juniarta,https://play-lh.googleusercontent.com/a-/ALV-UjUbn4n6YAQ_oLC1uh2nTcsx5tHbrKSk582VV9TAVdWW8PfTwPxn2g,Nice update... can play with joystick now,5,1,5.5.0_31400259_31451966,2025-03-26 20:57:09,,,5.5.0_31400259_31451966
ad7cc2a7-5c52-41ae-af38-95574eb4b99b,Gia ziaska muhammad,https://play-lh.googleusercontent.com/a/ACg8ocKjnwZRLuW4hEirTq5uRDdFG7cZZWSaW9-lBckNLFUdidM6uA=mo,kereen bangett,5,0,,2025-03-26 20:55:11,,,
a48ee66f-a45f-4550-bbea-50dfb7badccf,Raihan Mahrus,https://play-lh.googleusercontent.com/a-/ALV-UjVk7FHlNBk9rjOXEdnd6I6d3mOItZ2oWNAwEz43YdlgcJzTaonz,Very Job Good Job 😎😎😎😎🔥🔥🔥🔥🔥,5,1,5.5.0_31400259_31451966,2025-03-26 20:54:50,,,5.5.0_31400259_31451966
61e916ee-7f24-4b8e-bc8e-a331fd0caa60,Beben Benicell,https://play-lh.googleusercontent.com/a-/ALV-UjV6dH6jSL9H8oCSekiehDgTxc1nSNfNXkDMIdGgvQp2w4Uhf30,bolehlah,5,0,5.4.0_30057195_30231699,2025-03-26 20:47:10,,,5.4.0_30057195_30231699
8b9a0716-7c95-4cd0-9f83-953710551a31,ciaoo singsing,https://play-lh.googleusercontent.com/a-/ALV-UjVYLxD33K78H0H0J2dttiJuUQT0TzcOyUQT6Bops7_fZv2tFSI,"bagus bgt cyuk, bisa ketemu banyak husbu/waifu. dari game ini aku bisa dapetin temen dari luar sana, jadiny pemgalaman aku untuk berinteraksi sama mereka lebih banyak, and game nya ""ramah🤨""kok🤭 apalgi klo misalny ngegacha karakter buehh low pity terus ni boszz(ngga selalu si cuma seringnya low pity)and then game nya bagus buat kalian yang suka berpetualang, ada storynya quest dll. pokokny best lah ni game, cuma ya tambahan aku jangan kikir"" amat ya , klo mau kirim 1600 primo perbulan ok sekian",5,0,,2025-03-26 20:43:03,,,
c9c809e9-58ee-45eb-99a0-500c4d73943e,Has Azizie,https://play-lh.googleusercontent.com/a-/ALV-UjXiKUbNeurirX_hvl4Rc-CCovF8YILXecnl_o-Jd_F0CMnI9yRF,game terbaik buatku..,5,0,,2025-03-26 20:13:35,,,
3f0ef5ab-e4a9-4129-bc57-e1e548763385,Audri Herdiansyah,https://play-lh.googleusercontent.com/a/ACg8ocIzvNwluR5fvBnhgKkgQfzD87_VXrkvFirvLclqPdBYZK98=mo,game nya keren,4,0,5.5.0_31400259_31451966,2025-03-26 20:09:38,,,5.5.0_31400259_31451966
88f7dc3b-5d0c-40f0-93d3-a3b01e9e0363,Hafidz Exzty,https://play-lh.googleusercontent.com/a-/ALV-UjXv48o-NG97cAr6UP1yaEtMq76npeTriCV3qcGW-smrjVgXZlk,"Dev bapuk, event nya gitu"" aja, selalu kikir+TIDAK ADA FITUR SKIP DIALOG",1,0,5.5.0_31400259_31451966,2025-03-26 20:04:56,,,5.5.0_31400259_31451966
a4bc0acc-74e9-4714-aa43-ad769156c936,Agung Prasetyo,https://play-lh.googleusercontent.com/a/ACg8ocLdwj4VWwLQeFMIL3O4p7WwDBGFXY2UHx8-VbXvVoq-qcGfIeg=mo,I Love This Game 🩵,5,0,5.5.0_31400259_31451966,2025-03-26 20:02:39,,,5.5.0_31400259_31451966
571d0188-6671-49c4-8b84-830ad4fb3438,Sef Karunia,https://play-lh.googleusercontent.com/a-/ALV-UjV2nhPdCp2OuFxgG987xgchLhUjRgj2Vxzd6DTj9u748Q8U00SL,sangat menarik bagi player genshin impact,5,0,5.5.0_31400259_31451966,2025-03-26 19:50:08,,,5.5.0_31400259_31451966
8603d2dc-2691-42be-ba0c-f81974289d11,Fanumbi Yunita,https://play-lh.googleusercontent.com/a-/ALV-UjWpOq5cJYshqm_W2z4jVru6lMDNdfCEcx8yZzNSMds4M4Zqm1M,"terbaik, asik mainnya, event nya byk, primogem byk, seru puzzlenya, explore map seru bgt",5,0,,2025-03-26 19:38:28,,,
b30186ac-ca22-40c3-b0da-ec2bf42f6200,Aurel Cinta,https://play-lh.googleusercontent.com/a-/ALV-UjUNfw5fjbO2jM-xs3fXCcq8qVWrFYWwkXMZYJSDQ0amuD7U1DB3,"Tambahkan karakter laki laki lebih banyak, jangan hanya karakter perempuan ):",4,0,5.4.0_30057195_30231699,2025-03-26 19:29:04,,,5.4.0_30057195_30231699
c64bd6f2-e586-40a0-aaef-693c0afc0bf5,Anugrah Dalimunthe,https://play-lh.googleusercontent.com/a/ACg8ocImS7N_S4izMaPmlbRPFui_GhL-LNDGT9jwxS00pENnCOUydQ=mo,story the best,5,0,5.4.0_30057195_30231699,2025-03-26 19:24:10,,,5.4.0_30057195_30231699
f0a14f83-9355-4aaf-adf7-577a28655bd4,Pungkad,https://play-lh.googleusercontent.com/a-/ALV-UjXQzg2hRydaOdezHjVmmnkQAeqfitXtfzyaerIb7v4EMSopkwmW,saya beri bintang 5 jika sudah support controller,3,0,,2025-03-26 19:16:11,,,
7092b180-b0a3-44a0-bf8d-2a8c4a059070,BilangRawrRdulu Ror,https://play-lh.googleusercontent.com/a/ACg8ocLH38UYVJjnvFr4kpb4buFb5xhW_xm1KLElIwK5CM6vpc43aA=mo,Permainan ini sangatlah menyenangkan!,5,0,5.5.0_31400259_31451966,2025-03-26 19:00:55,,,5.5.0_31400259_31451966
5d655efe-e620-4564-a86d-65c08ee07504,LevemOr .0,https://play-lh.googleusercontent.com/a-/ALV-UjULTMX0j87UYbsXL_mMKs4wT61CMcfAxPBb8R7GmBn7fK7G8uk,ga ada fitur skip dialog bikin males,1,0,5.4.0_30057195_30231699,2025-03-26 18:58:25,,,5.4.0_30057195_30231699
620b9e78-3462-4010-999e-1bb2f92c7070,CIPTO Rifaldo,https://play-lh.googleusercontent.com/a-/ALV-UjXTLaYim39lA14TSweYEXfu0_wUZEnY5EjygaCFxzoWNkN1Mlh5,"untuk update kali ini kenapa gw bisa 2 kali updatenya admin genshin impact?, pertama udh sizenya 1,5 gigaan sekarang update lagi 1,5 anjrit",2,0,5.5.0_31400259_31451966,2025-03-26 18:54:14,,,5.5.0_31400259_31451966
f68dca68-be0f-4cf6-bb37-054532c564ea,Erza Rizki saputra,https://play-lh.googleusercontent.com/a-/ALV-UjWr1uaYk2eYQFGJUo2HTN073dD4OBRfHYxOrzTgfZT0RjBMbKE,"untuk artifact susah banget dapetinnya,dapet malah artifact yg lain dah level tinggi sama aja rewardny jelek",1,25,5.5.0_31400259_31451966,2025-03-26 18:47:31,,,5.5.0_31400259_31451966
3c066f4e-268e-489f-9cd9-320969430a24,Oktomadisa,https://play-lh.googleusercontent.com/a-/ALV-UjXv8knQxIqJseI2l9S4Rm3Ucixu-CKkZ8B6gvHujdghl80tkPfR,kebanyakan update,1,0,5.5.0_31400259_31451966,2025-03-26 18:19:57,,,5.5.0_31400259_31451966
7fdb5514-0a93-48b9-9f97-ae9593af6eb7,Anindita,https://play-lh.googleusercontent.com/a-/ALV-UjXzCY7I7fEuUB5DxUtKqaVND2m7YqoWqkxdtejTrW3lKp8YNcE4,"Mihoyo,semangat!",5,0,5.4.0_30057195_30231699,2025-03-26 18:19:22,,,5.4.0_30057195_30231699
5b67c716-6523-4936-8910-84272f0c95e3,Batang Kuda,https://play-lh.googleusercontent.com/a-/ALV-UjUPNX9elvp05suZFvPX4gXxjll6M6wYzFechTCkbnO_KlyhCv4,pelit banget di gacha promo ku habis 2000 gk dapet² tapi seru,4,0,5.5.0_31400259_31451966,2025-03-26 18:15:53,,,5.5.0_31400259_31451966
cbca91bd-e921-4168-b472-f62da30ff34b,Andini Indah pratiwi,https://play-lh.googleusercontent.com/a/ACg8ocLOf0zkTCaWJK1YqokAMx9NGFtmX4hhRcxJHFfl4o9bnmZPgw=mo,bagus banget,5,0,5.4.0_30057195_30231699,2025-03-26 18:05:34,,,5.4.0_30057195_30231699
dc9c8b64-2db0-4a73-b30f-bde9b59ccbc3,kishalua,https://play-lh.googleusercontent.com/a-/ALV-UjVMrwBkMa_GW6Woehq7ks8YRRO7bK2iAq2weHuu7khWiFMbJpAw,Keren,5,0,5.5.0_31400259_31451966,2025-03-26 17:58:21,,,5.5.0_31400259_31451966
016be620-6fea-4971-bdf6-05aeb97a972d,Riko Ajiprayoga,https://play-lh.googleusercontent.com/a/ACg8ocJw_1W55dVM2c4RojjamqobrPx85PMlVgfWQiMuiWYMygGrEg=mo,game kikir.kasih bansos yang banyak lah,1,0,5.4.0_30057195_30231699,2025-03-26 17:53:53,,,5.4.0_30057195_30231699
8b0047dd-dcaa-439e-9396-a169f665f9fd,Al Kholid,https://play-lh.googleusercontent.com/a/ACg8ocKpA-AdeGFYpZDez--mziGW8unM22FcquF1pfsiz8kbTos6Gw=mo,"saya sangat suka ❤ dengan permainan ini, open world nya yang luas dan karakter nya yang bagus membuat saya memiliki pengalaman bermain yang keren 😎 saya setiap bermain game ini selalu lebih dari 2 jam karena permainan nya yang seru dan menarik membuat saya bermain dengan lama. saya sudah memainkan game ini selama 1 setengah tahun btw",5,1,5.5.0_31400259_31451966,2025-03-26 17:42:41,,,5.5.0_31400259_31451966
8b58574f-a502-44c4-aca8-7901914de861,Elztyfy 2762,https://play-lh.googleusercontent.com/a-/ALV-UjVQR1v0KQRPjN3vJK8XjDcDHJJTkrt1m41VLYfNMLjzydbr93G9,"Banyakin char male,dan semenjak patch natlan game nya jadi Gooner,desain jelek. Udah gitu char male B5 cuma satu. BALIKIN KE DEV YANG KIKIR ITU. GA SUDI GW NI GAmE SEMENJAK DIURUS DAWEI DESIGN CHAR BARU SEMAKIN JELEK DAN MINIM B5 COWOK. yahh atleast bgm/music sama world building masih bagus 👍 ifa is 5star",3,3,5.4.0_30057195_30231699,2025-03-26 17:39:22,"Kami mohon maaf atas ketidaknyamanan yang Anda alami, Traveler. Kalau Anda memiliki masukan atau saran, silakan hubungi kami melalui email atau feedback in-game.",2025-02-26 17:40:22,5.4.0_30057195_30231699
15d0e196-0cfa-4913-857e-180bc85e5ddf,Zikri Mutawakkil,https://play-lh.googleusercontent.com/a-/ALV-UjWPuH4RGqoN7IlD25wQlHD34mpJ4QkzrTm7ZMnp53D-bkxWeWU,banyak waifu😈,5,0,5.4.0_30057195_30231699,2025-03-26 17:39:18,,,5.4.0_30057195_30231699
aa2dfd82-e709-449a-aafc-794c00a93b6a,Rafael,https://play-lh.googleusercontent.com/a-/ALV-UjXdiyQZPN2up-mg2liTPmgCdOsrKeb3pn075HctdoIYArjyUzWs,GRAFIKNYA BEHH JUARA,5,1,5.4.0_30057195_30231699,2025-03-26 17:37:29,,,5.4.0_30057195_30231699
12d9f512-6d12-46b7-859d-31d7c5455e32,Aira Zaskia,https://play-lh.googleusercontent.com/a-/ALV-UjXPNXwt8bHBz4iYRSQXo4_iQ2mDDRBolK4fUyxABXozX4c47E7M,SAYA SANGAT SUKA BISA KETEMU CHILDE :D,5,0,5.5.0_31400259_31451966,2025-03-26 17:37:27,,,5.5.0_31400259_31451966
c2956681-0584-47c1-9327-fe190e83f256,D Creepy,https://play-lh.googleusercontent.com/a-/ALV-UjV1gTt00sVZt6gD4Gh5PXLyiRYjgUqud0zt0bBL7zf5KTx6mvM8,"Tolong sediakan fitur On Mic di mode Co op,,,",3,0,5.4.0_30057195_30231699,2025-03-26 17:37:00,,,5.4.0_30057195_30231699
8b437ad4-ea28-4b07-846e-4c47ac9a8914,H Version,https://play-lh.googleusercontent.com/a-/ALV-UjVCDGGOxIUSYPrPZO4LOeHft-1OOIzgOFg48kdmvBD1lIKoWcVv,"- FORMAT RESIGN GIM KIKIR TAPI SIKMA • sayee jaki sekibidi +90 aura mewing,rizz,punya 1000 mantan,pernah naikin kuda kaki 7,punya BMW menyatakan;akan resign dari gim sedikit butut karna pelit tapi asikkk.... asik bikin stres sepanjeng harii jee,gim yg gabakal pernah dimainin kalo gada bess hadi dan bess yoga,gim butut kedua setelah HOK dan gim yg bikin wajeh saye jadi pamarah👿",1,0,,2025-03-26 17:36:31,,,
e04cf33a-c2b3-436f-8510-fa4da3ec1510,金有秋,https://play-lh.googleusercontent.com/a-/ALV-UjUVSYeWI01GAIbUd53aCmRFIzDYq8WioQP9bp4MOq4lJU-oGsY,Keren,5,0,,2025-03-26 17:30:04,,,
bda02e72-5ae6-4754-820d-873966a2b328,Ahmad Bahrub,https://play-lh.googleusercontent.com/a-/ALV-UjX9d-CL3UJ0KwdV_odFQH5G692IIQNPgdAvoSE0SRcG2AjGV_0,Berikan kemudahan untuk saya mendapatkan karakter bintang lima ╥﹏╥,5,1,5.4.0_30057195_30231699,2025-03-26 17:21:35,,,5.4.0_30057195_30231699
f897236e-2efb-41b4-b6c4-ba18a0167496,Bee Keeper,https://play-lh.googleusercontent.com/a-/ALV-UjWWvjwAV80or3xzb3YIWVBXKDatbaH-5maUjmEsFG4BYztgZkoK,kalah rate off Mulu dah,1,0,5.4.0_30057195_30231699,2025-03-26 17:19:10,,,5.4.0_30057195_30231699
4342c3e6-97f9-4c84-b5a1-425aa37406d4,Angela Yolli,https://play-lh.googleusercontent.com/a/ACg8ocKsVP-fEQsgnf3S0_Qfw3x_7na2lSXe0PxdYI_s018lwj1pIQ=mo,banyakin husbando trus event2 with lot of primogems,5,0,5.4.0_30057195_30231699,2025-03-26 17:17:18,,,5.4.0_30057195_30231699
16141cb3-4547-4a06-84b4-8d6657caf1ca,Reyfan,https://play-lh.googleusercontent.com/a-/ALV-UjW21TykeK_PwrPM_DCJX6Fj2r5Xvlpe6AvEoB8lAz_XA7VI_VWg,"permudah naik AR, masa naik aja harus exp 250.000+",5,0,5.4.0_30057195_30231699,2025-03-26 17:10:07,,,5.4.0_30057195_30231699
eb1cbd66-eb90-4373-a000-3143e3ce8194,Siti Maesaroh,https://play-lh.googleusercontent.com/a/ACg8ocIXhBptV4ixwJnMam9i541mJcwRPlKlp8j3Mpf_OkVKwl1Smg=mo,"Bagus kok dari grafik nya,tapi knp kalo misalnya ngambil chest itu cuma dapet 2 Primo,kan jadi susah ngumpulin banyak Primo buat gacha karakter",3,0,5.4.0_30057195_30231699,2025-03-26 17:03:24,,,5.4.0_30057195_30231699
b9270184-0ba3-4d74-942b-57bcc73b519f,Rifki Ilda,https://play-lh.googleusercontent.com/a/ACg8ocJmrUF3ennFBrWHWqKgbrGhlHmcjKr2chrXAoAn0fwEvjTMuJQ=mo,seru banget,5,0,5.4.0_30057195_30231699,2025-03-26 17:00:41,,,5.4.0_30057195_30231699
fa7fe8da-1888-4a4a-b339-f3c8bc1c8e54,calya adelia,https://play-lh.googleusercontent.com/a-/ALV-UjVE1qDySc6rl1_Bl5mJua0ZF0_T3OslIMpWtu5ymAxgmUJbkZQL,"grafik nya sangat bagus, untuk kalian yang suka explore bagus banget nih buat rekomendasi karena ini open word kalian bisa menjelajahi seluruh map genshin sesuka kalian! game ini juga bisa buat kalian ketagihan",4,0,5.4.0_30057195_30231699,2025-03-26 16:54:27,,,5.4.0_30057195_30231699
12399ba9-4b5c-41b2-821b-efd7cd9b97bf,Jose Cafasso,https://play-lh.googleusercontent.com/a-/ALV-UjXy96bRqyWjK7oLLd8Yb46ZXi6TPkUbh1svIo9H3mCcKKsU3ga4,"akun kena hack 3-4 kali ngisi form kasus gak diterima, dah ngirim email juga ke pihak hoyoverse tapi dapet balesan otomatis.",1,0,5.5.0_31400259_31451966,2025-03-26 16:50:50,,,5.5.0_31400259_31451966
97f705bd-4778-4993-aa4a-a33c2ad5d60f,Asia Dahayu,https://play-lh.googleusercontent.com/a-/ALV-UjVsW_Xa3OyCtYNu0Us-JxsdxdzQ8aN0lPBqB2qHywpvEMqFdiDU,"SERUU BGTT APALAGI KARAKTER NYA LUCU, CAKEP, CANTIK, DLL, story nya juga seruuuu pooolll tapi ya emang beberapa orang mau main juga terhalang gara² data mereka tapi karna aku bukan salah satu nya 😊😊🙏🏻",5,0,5.4.0_30057195_30231699,2025-03-26 16:38:37,,,5.4.0_30057195_30231699
b1f46240-223b-4387-b937-7e84a8f929de,Satir,https://play-lh.googleusercontent.com/a-/ALV-UjUoIb8qO6PiT-4vfhDeCnjubQpcRvXYv2YxGuORi_7y11pOowg4,Game kikir,1,0,,2025-03-26 16:38:11,,,
a83ffdfd-156d-4afc-bc4d-51bb1b3d6eff,Akbar Muadzan,https://play-lh.googleusercontent.com/a/ACg8ocLz6IJ6sAf4ECPgAG1TZwjsYTdzifTkthiccibW3pkmtbXJVw=mo,seruuuu,5,0,5.5.0_31400259_31451966,2025-03-26 16:36:28,,,5.5.0_31400259_31451966
c88ff963-0985-493d-8b37-5c090a0c27ae,M HAFI ROSSA,https://play-lh.googleusercontent.com/a-/ALV-UjWONXoY52UPjLhHeHb69CDranbqTlGZ9bwLYMVXvhIKdpFuvOxe,buff hutao min:),5,0,5.4.0_30057195_30231699,2025-03-26 16:18:40,,,5.4.0_30057195_30231699
f17c167e-4357-49f0-b323-7fc572f26d69,Aditia Sultan,https://play-lh.googleusercontent.com/a/ACg8ocI5umwcqy4U0FaPkZ2kOVG0p9sKU9NGW09CLFVfMkDhHP1mLw=mo,sangat bagus,5,0,,2025-03-26 16:16:51,,,
8f504579-b527-4ad2-8b4c-d85992d79c6a,Aidil Fikri,https://play-lh.googleusercontent.com/a-/ALV-UjXY-VudESbYkA8HA4qbXck7ImuzsCMWTMtnQGtgn2fdqD5NRLNR,"Kebanyakan dialog yg gk on point sama story quest, minimal dengerin keluh kesah para player lah gimana para player mau betah kalo gamedev sendiri kayak gk peduli ama player nya sendiri, update nya monoton kebanyakan nya jiplak/rerun event trus",1,3,5.5.0_31400259_31451966,2025-03-26 16:12:28,,,5.5.0_31400259_31451966
7b4e43a0-4286-487c-87a8-41c1ec426271,Azfi Muhajir,https://play-lh.googleusercontent.com/a/ACg8ocLzg4FZURuQdTWXMJYUv33q5G4F4o5Y3o0AKTbuakgEpb1wYrI=mo,"Sistem rate up senjata tidak jelas ketika pilih senjata yang diinginkan malah kepilih yang bukan di inginkan, semoga kedepannya konsep banner senjata seperti HONKAI STARAIL",5,0,5.4.0_30057195_30231699,2025-03-26 16:02:01,,,5.4.0_30057195_30231699
c0ae1bf3-dcaa-4c98-a353-dc2aa749c381,NANA SARANA,https://play-lh.googleusercontent.com/a-/ALV-UjWoWxR9zC4Hn3SnpAg12IQ4MKkMOWEb-9jrtZfkZiNntZ3bSGMV,bagus,5,0,,2025-03-26 16:01:07,,,
95302033-0059-4a6d-a645-e8455e2bf5eb,Vieleyta Zen (Viel),https://play-lh.googleusercontent.com/a-/ALV-UjUFcF7s-K82EJ3T948BIVM43AGyBzFEin9L7rmJEhV8qHgSyRn1,With this I hope that Guizhong becomes a playable character .,5,0,5.4.0_30057195_30231699,2025-03-26 15:53:06,"Terima kasih atas dukungan dan perhatian kalian kepada Genshin Impact. Kami akan terus memberikan konten game berkualitas kepada Traveler. Bila Traveler memiliki masalah atau pertanyaan, silahkan hubungi Layanan Pelanggan kami melalui pelaporan masukan dalam game atau email untuk mendapatkan bantuan.
",2023-02-03 00:25:17,5.4.0_30057195_30231699
edf7dd9d-37dd-486b-bb93-cc02fe842d32,Agus Fauzan,https://play-lh.googleusercontent.com/a-/ALV-UjXJ5nhVZGok-hzaXmnVhupLnkVP7mNw0FROXa4IBxY-E0QvI_54UQ,👍👍👍👍,5,0,5.4.0_30057195_30231699,2025-03-26 15:38:41,,,5.4.0_30057195_30231699
b34d1e42-ec4e-405e-9168-24fbab4306ad,fitrah ardiansyah,https://play-lh.googleusercontent.com/a/ACg8ocKIDCCTqPnZHRjOIkJdbx7p3Pk_fJszNJ7Hwuf2eDrQUKK49A=mo,hore versi 5.5 genshin impact sudah support gamepad oh my god 👍🏻👍🏻👍🏻😉😉😉🥳🥳🥳,5,0,5.5.0_31400259_31451966,2025-03-26 15:31:04,,,5.5.0_31400259_31451966
a11ff267-a8f5-404f-8100-7cd766e9886c,Nnesa Rf,https://play-lh.googleusercontent.com/a-/ALV-UjXEf1I--twDzPxgLwxfBBauz7tOojKg7-AkAeMlA31-4wDuNPTy,"saran kalau ga mau bikin fitur skip story, quest nya jangan di bikin panjang × lebar bikin ngantuk oy",5,0,5.5.0_31400259_31451966,2025-03-26 15:17:47,,,5.5.0_31400259_31451966
268ca1e1-b8d3-4328-bbd7-73ac1cb28b59,kriss Won,https://play-lh.googleusercontent.com/a-/ALV-UjVxFM5Ikwu0SJFuEcflz3xQmX5pvZ3X1fsa_ch572dVyd3-nGA,game nya seru banget main di hp,5,0,5.4.0_30057195_30231699,2025-03-26 15:09:30,,,5.4.0_30057195_30231699
cb026021-bd2a-4bf3-a794-bf6081568b8d,Johan X Sosuke,https://play-lh.googleusercontent.com/a-/ALV-UjUNi5-lp43m27qPOGMtoOjhw2GKMHXiIH0z0PujEzLOURp1kHSR,"Makasih Zhongli, Furina Sama Arlecchinonya 😋",5,0,5.4.0_30057195_30231699,2025-03-26 15:06:38,,,5.4.0_30057195_30231699
2ea32581-784c-42e1-b1d4-0491fe26ba32,Surya Syafelo,https://play-lh.googleusercontent.com/a/ACg8ocLsozgc2zB-KvNbPKyptYDIJVFF2CVMD97Tsw8oPnnAj-1oFw=mo,gamenya asik tp lama loadnya,4,0,5.4.0_30057195_30231699,2025-03-26 15:02:01,,,5.4.0_30057195_30231699
f1223a03-310e-4040-add7-d4f2683b2021,Ibrahima Abinaya Basupati,https://play-lh.googleusercontent.com/a/ACg8ocKpT0Dh2-yckdSKisSZw21LUwm-TC_dS93Em25x3aFqpdOsZg=mo,Memori game nya terlalu besar,2,1,,2025-03-26 14:55:36,,,
ffdc2f1d-d2a1-41ac-863a-4b557cb0f7c1,Celline Sabrinna,https://play-lh.googleusercontent.com/a/ACg8ocL4bvexpme9n6f_07kTAWmxMbqQnwApnl1kRjTf0S9rsjpMqw=mo,"Kenapa sih setelah di download udh lumayan lama dimainin, pas mau main lg malah ga bisa main? Loading masuk nya lama bgt lg, tolong donk diperbaikin:(",1,0,,2025-03-26 14:49:43,,,
c52043bb-e2e2-48a2-a6b2-b768c7478dca,Ali Riza,https://play-lh.googleusercontent.com/a/ACg8ocIWfTCo90GvqcPvVuYiDKSql0uX0o3HRSM7K4w3rqBbUgdYvw=mo,seru bangett,5,0,5.5.0_31400259_31451966,2025-03-26 14:49:23,,,5.5.0_31400259_31451966
386cf686-713d-44d6-96de-2fb93b35b30a,xion lin shin,https://play-lh.googleusercontent.com/a/ACg8ocLfYPTNvEPHiB_I4WUnyPT0TXKvBPTxPUWrAskejDxRbQHspvn5=mo,sudah pra unduh data disuruh update lgi. GAJELAS,1,0,5.5.0_31400259_31451966,2025-03-26 14:45:53,,,5.5.0_31400259_31451966
9e15899f-f4b7-4889-b7b2-b92da3d09d1a,Reyhan Alfa rizky,https://play-lh.googleusercontent.com/a/ACg8ocJ8ZJsbrVsWnYnkySbkjK9u_TDCXH9rRtyE46sK7E8W8HFvjQ=mo,bagus cuma pelit aja,5,0,5.4.0_30057195_30231699,2025-03-26 14:44:56,,,5.4.0_30057195_30231699
a8140b32-7b2b-4142-8718-80c1eea1f963,Epul Elvian,https://play-lh.googleusercontent.com/a-/ALV-UjWl7aT6la48eVB9b9_OxQ7tWI-iNIfAAmR6IdO7MCg_P4rEGEi4,Josss,5,0,5.5.0_31400259_31451966,2025-03-26 14:44:50,,,5.5.0_31400259_31451966
7237f99a-5317-4e24-833f-470de563f947,Fahrex khasim,https://play-lh.googleusercontent.com/a-/ALV-UjUcG496OXZlcAG7FroHr3tWDnpmdH8YunzSaAsaCR5HVFlvxg,"Game nya seru bener... semua petualangan nya gk bikin ngantuk. banyak adegan lucunya saat memulai cerita. Tapi yang bikin pusing pasangin build nya,aku udh 3 bulan main genshin tapi gk tau build yang benar. semua damage ku kecil kali,cuma sampai 400 demage paling besar di level 40. Aku rasa kalau mau demage nya lebih besar harus banyak belajar deh. tapi untuk lore cerita sudah sangat bagus kok",5,159,5.5.0_31400259_31451966,2025-03-26 14:41:19,,,5.5.0_31400259_31451966
0a40b4af-af36-4afd-a7dd-b958090b81c6,Slamet Noor Aziz,https://play-lh.googleusercontent.com/a-/ALV-UjXev7pPvyrAXR0IMMeCF2RgIpqO6C4O9us-8osQ6AuENncdh1ox,Game gacha nomer 1,4,0,5.4.0_30057195_30231699,2025-03-26 14:40:44,,,5.4.0_30057195_30231699
45761717-d933-4f5f-a4ad-9ef7dafe9b29,Assyifa Firdaus,https://play-lh.googleusercontent.com/a-/ALV-UjVFqYAbvq5vFpiPIyETMm4PwdV6JcjU879SkR1KVMIo4TOaExSa,Sekarang ga kikir 😋,5,1,5.4.0_30057195_30231699,2025-03-26 14:40:20,,,5.4.0_30057195_30231699
bde66284-3038-40fd-ba5a-acdc314606c4,Nadah Ersa,https://play-lh.googleusercontent.com/a/ACg8ocK8DgpifmpHLRoXi8v0Ft4mwuaQ5wNaIhg03EKzqtdOPthamg=mo,sangat seru,5,0,,2025-03-26 14:38:39,,,
583e9eba-21f5-42fa-ab0d-d96ea578f4c3,Lyynaa.,https://play-lh.googleusercontent.com/a-/ALV-UjWbs3_63iFfxzt6_xHmuJc5k85e33kscA2i0G-6nueV1Jxew6sd,gmn si hoyovers masa updte 900mb jdi 5gb ngotak apa ngotak ajr game rusak updte rusak,1,0,5.5.0_31400259_31451966,2025-03-26 14:37:33,,,5.5.0_31400259_31451966
0337d098-11b0-49c2-9581-19737a620aea,Arkan Thami yasaat,https://play-lh.googleusercontent.com/a-/ALV-UjUX-uNO_onRjR4sKP-KakDcQAZY7UBkGaRNGeOaDqHgRAyceR06,eeeeee ga tau mau ngomong apa :v,5,0,5.5.0_31400259_31451966,2025-03-26 14:35:54,,,5.5.0_31400259_31451966
1a4817cb-3e4b-4b82-be30-5f87fd3f262d,Fideleon Limandy,https://play-lh.googleusercontent.com/a/ACg8ocLt5Jlq21ZxMPI1vGez1bsF9a3VLEJ51007fyoWHRbDRDfu5Q=mo,bagus,5,0,5.4.0_30057195_30231699,2025-03-26 14:31:45,,,5.4.0_30057195_30231699
6d40cca2-9ebe-4ec8-9f19-8c418a2cfb07,ari dinanta,https://play-lh.googleusercontent.com/a-/ALV-UjVDHPgpjkkVBsCIywSLhoZeFgStOzJDonGQ-EcHQFNGmV-V2CY0,NICE TRASH ROLL ARTIFACT,1,0,5.5.0_31400259_31451966,2025-03-26 14:30:58,"We sincerely apologize for your unsatisfactory experience, Traveler. If you have any feedback or suggestions, please send us an email or contact Customer Service via in-game feedback to help us improve the game.",2025-03-26 14:59:07,5.5.0_31400259_31451966
bcc31c11-c8c5-4d74-89d5-6a4ae57a746f,Ashifa Ahmad,https://play-lh.googleusercontent.com/a-/ALV-UjUsCsAOJYy95EHxnIJxnEeDx6YT-AAaycIieHgqHoSvxDm94t9T,game nya baguss bangett sumpahh,5,0,5.4.0_30057195_30231699,2025-03-26 14:25:25,,,5.4.0_30057195_30231699
79eecbde-e030-4f7b-bd1d-d5fe2f314c4d,Tio Andito,https://play-lh.googleusercontent.com/a-/ALV-UjW-_RTF8Fcc86fDW6PkCmFo_TKZjMg2rIekfMH-P8z84tScr5Nt,good game,5,0,5.4.0_30057195_30231699,2025-03-26 14:19:17,,,5.4.0_30057195_30231699
e5c69561-588a-4789-9108-a4dceea629b0,Arjuna Ivandri,https://play-lh.googleusercontent.com/a-/ALV-UjX1dpu0gJtprOiQVQFOQ3gG0huojOzntVTPClG-2aSwN96NN_nW,Seru,5,0,5.4.0_30057195_30231699,2025-03-26 14:15:33,,,5.4.0_30057195_30231699
43f39922-7e8e-4e44-911e-06e46eeac8b1,brap brap,https://play-lh.googleusercontent.com/a-/ALV-UjVK6Yu1_5Qa6GWccyc5hzuUx_lDVFG-ufMU2K5QCEHpYN4gpymerA,not bad but qiqi is dark system..,5,0,5.4.0_30057195_30231699,2025-03-26 14:12:37,,,5.4.0_30057195_30231699
0742fadd-7c58-47dc-a3f7-199935877a1c,Audrie Fahmi,https://play-lh.googleusercontent.com/a-/ALV-UjWf8lftGw6HvZjNQXFtZWx3GgTHcKddhh87FPGrRhWk_Ex8BQ,"Bikin nagih, mantap dah pokonya",5,0,5.4.0_30057195_30231699,2025-03-26 14:06:47,,,5.4.0_30057195_30231699
e81e8d8d-8338-45cd-9aab-fbd89ba7ae52,Opi Rahman,https://play-lh.googleusercontent.com/a/ACg8ocKpjXFT5nq1VWteKYNMJuaRSmq-aPaLYVZYtNoWj8Rr2_KvIw=mo,"gamenya bagus banget, tapi gachanya agak bau😅",4,0,,2025-03-26 14:05:31,,,
9ef7f3af-f51c-4ab4-b9c6-dc9764fab167,Kakavasha,https://play-lh.googleusercontent.com/a/ACg8ocIDhBpvqWdodN76A-pflO_xyuaTMwsXKF2o-FnSitOmgjYrIQ=mo,mulai boring,1,0,5.4.0_30057195_30231699,2025-03-26 14:04:28,,,5.4.0_30057195_30231699
d37c048e-081d-4f2a-afbf-49541689bca6,Muhammad Mahbub Al amin (Amien),https://play-lh.googleusercontent.com/a-/ALV-UjWJP_bxWQeuUJ2uPPq3KSFGf-64uK7-_AbvGdLEH_f5qLt8Lyiz,"Gameplay untuk sekarang terasa monoton dan membosankan tapi akan sangat tertutupi dan lebih menarik apabila developer lebih mendengar feedback yang di minta para pemain terdahulu, seperti Fitur Skip Story, Artefak Loudout, Reward yang sesuai dan tidak sedikit, sistem Gacha yang lebih ramah untuk F2p, konten endgame baru dan juga sistem Resin yang lebih leluasa. semua itu telah diminta sejak lama tapi tolong loh yaa untuk developer jangn tuli/bebal amat agar bisa membuat banyak perubahan menarik.",1,822,5.5.0_31400259_31451966,2025-03-26 14:01:33,,,5.5.0_31400259_31451966
fe07361d-fc8e-44f3-8b1c-9ee472f6669e,Darknes Jiodark,https://play-lh.googleusercontent.com/a-/ALV-UjVJice6hlSVB06-sfiq6yIEL676bzEECQEuzmAbcpR6MG_CW-M,game nya sih bagus gw suka ama grapik nya tpi knp ya jaringan gw lancar penyimpanan masih banyak hp poco x6 pro tpi suka ke Reconetct mulu ya?,4,0,5.4.0_30057195_30231699,2025-03-26 13:54:02,,,5.4.0_30057195_30231699
ac8c9006-2422-4d43-8c2c-a229271aa55c,ALdyansyah Amar zikro,https://play-lh.googleusercontent.com/a-/ALV-UjXS005KmEqZnZ6Wgsyn4RwYPM3GRKdvGOL2KABAq3axYDfKiLkP,Game terbaik walaupun pilit,5,0,5.4.0_30057195_30231699,2025-03-26 13:53:03,,,5.4.0_30057195_30231699
74da4d11-6a64-4d70-b806-305b753cb1e2,Ayzaxz,https://play-lh.googleusercontent.com/a-/ALV-UjUnCtKh-Zmt615hOAktSxp3zid0m6Vk6SJFHO4_G3uTZcDTLyI,"Game kapitalis,, tapi seru",5,0,5.4.0_30057195_30231699,2025-03-26 13:52:29,,,5.4.0_30057195_30231699
46bec73c-db9a-4cb5-88b4-a256a818495c,Al Ghazali,https://play-lh.googleusercontent.com/a/ACg8ocKunCgOl9tg8llvGsGWFU641zlnEdE7NB8Hbm75zsZqUP4ypw=mo,"game nya seru abis, tapi minusnya si cuman di karakternya nggak bervariasi dan gamenya sangat indah",5,0,5.4.0_30057195_30231699,2025-03-26 13:48:24,,,5.4.0_30057195_30231699
9369d59a-0db1-4e47-9628-f82a34bee02c,Sekelang saja,https://play-lh.googleusercontent.com/a/ACg8ocI-HgdCPu-5ecvAG8ci76v2O79kh-5QfDuvA0qnRNIgHylDIg=mo,emangnya mengunduh datanya harus 32 GB boros banget soalnya,2,2,5.5.0_31400259_31451966,2025-03-26 13:48:05,,,5.5.0_31400259_31451966
572796d5-2df0-44cc-8d6e-873c90181012,Malvin Alianro,https://play-lh.googleusercontent.com/a-/ALV-UjVnejCdewma07wTxsiFewv7Gu9DVwPQrXYckRmoeoJDANmrlQK-6w,"saya kasih bintang 5 soalnya sudah dapet Hero bintang 5, archon pula. semoga rajin-rajin ngasih sedekah kayak gini hoyo asw.",5,0,5.5.0_31400259_31451966,2025-03-26 13:45:03,,,5.5.0_31400259_31451966
68aa675d-d27e-4f71-91bf-fd2b2d79b4ed,MhmmdIlhm_.,https://play-lh.googleusercontent.com/a-/ALV-UjWnpXXJNDTzFYrluEXRQJ9W0kWf4FcPxyDy0wWfkKywWX_6i2YC,"Saia sangat puas😋👍 Saran aja buat pihak developer ,kalo spiral abyss misalnya lantai x ruangan x bagian pertama tolong disimpan di waktu berapa kita selesai ,jadi semisal kita karakter kita mati di bagian ke 2 tidak harus repot repot mengulang ke bagian pertama",5,0,5.5.0_31400259_31451966,2025-03-26 13:44:48,,,5.5.0_31400259_31451966
2d007a15-e09f-4edf-a6e9-8250fffe49d4,Iim masturoh Ilmi,https://play-lh.googleusercontent.com/a/ACg8ocLoGPEKuUer2uyLuXBNT1gsToAtwGerWMEjuymjtKtK0RS2ig=mo,kikir impek,4,0,5.4.0_30057195_30231699,2025-03-26 13:31:54,,,5.4.0_30057195_30231699
9f59446a-4153-4ed3-b760-ebda2af16895,Andypratama Andy,https://play-lh.googleusercontent.com/a/ACg8ocLlqV6e6TTpqO623c8xzhhKGZioBUD9REoT5ZMPOXrJcaAJdw=mo,Bagos banget coy wajib di download ya GG parah op bet ni game,5,0,5.5.0_31400259_31451966,2025-03-26 13:30:48,,,5.5.0_31400259_31451966
a9c87492-c3ce-400f-8b16-4356c81c7929,Rafael,https://play-lh.googleusercontent.com/a/ACg8ocKKIKtpqLo8t8GwpAQOrTcMWRKeTiUtpBRN9bblovq5s1yFCg=mo,Game nya butuh banyak gb sehiga gabisa main sebanyak 30 gb dan tolong disedikit tin gb nya 10 gb dan tidak pake kebanyakkan internet,1,0,,2025-03-26 13:28:48,,,
f96b172c-0de8-4a21-ade3-06b2decce10f,CPS' CYBORG,https://play-lh.googleusercontent.com/a-/ALV-UjVUHOt2JgO0cXKXJS1PVVjHeIpPAbceJdhKPMAd7e-vc9UfjmM,"argghhh, kanapa aku gagal mendapatkan furina!!!!???, hey hoyoverse kikir Impact, berikan aku furina!!!!!!!!!!",1,0,5.4.0_30057195_30231699,2025-03-26 13:25:07,,,5.4.0_30057195_30231699
eac6ae1d-c0f7-43a1-a639-63d4213d734f,Arinn Nira,https://play-lh.googleusercontent.com/a-/ALV-UjV7G9MIgFdC-jTngnLOVIZzBZLAtk3fGqgrrVBrX4Q8Rq9yguw,bagus,5,0,5.4.0_30057195_30231699,2025-03-26 13:19:54,,,5.4.0_30057195_30231699
cb3a4230-a9c0-483b-8fd8-2bac1bfa0708,Novarizan 15,https://play-lh.googleusercontent.com/a-/ALV-UjXaYGko4q3uKwRqS_Xn__kZW5YkbfcCr8_V68nG5QWQCO79Eyg,ok,4,0,5.4.0_30057195_30231699,2025-03-26 13:15:45,,,5.4.0_30057195_30231699
8da7c936-eda1-41a2-9ed5-5d304631919b,Nathan Susanto,https://play-lh.googleusercontent.com/a/ACg8ocKJ2h52v1IDBuacOx_GWj0iAUN_AgKLNn2elfc7cUmRfm4AOA=mo,Game nya bagus.,3,0,5.4.0_30057195_30231699,2025-03-26 13:14:53,,,5.4.0_30057195_30231699
656d2bd1-83bf-4032-87ee-baca4adc241a,rheiα chill girl.,https://play-lh.googleusercontent.com/a/ACg8ocJOhlk9KOVvrWWPuV-5vBXm4Q2t2lxx88eeYvXWY7yPZA3eaw=mo,CEWEEEEK MULUUU TAEKKKKKKK,3,0,5.4.0_30057195_30231699,2025-03-26 13:14:38,,,5.4.0_30057195_30231699
fa8552a9-3942-4570-9ae3-abf404dd49b6,Ruan Meiii,https://play-lh.googleusercontent.com/a-/ALV-UjWI5yucMeEutRUcmWkaCnaZSikUf-8HZQdRKTy4dVeYz3jYdXrD,WOY LANGIT TEMEN GW KOK MALEM TPI LANGIT GW SAMA PLAYER LAINNYA SIANG? WOY ERROR INI ERROR 😡😡,1,8,5.4.0_30057195_30231699,2025-03-26 13:14:25,,,5.4.0_30057195_30231699
9d30014b-eb15-44bf-90c6-a19dbdc8d701,habibur,https://play-lh.googleusercontent.com/a-/ALV-UjW2NLIbfp3HiH8_h02DsdWVgCBsSiKYs9MZ6DHqXRRggajhKIU,hoyo kirimkan saya primogem 200k please🥺🙏🏻,5,0,,2025-03-26 13:09:21,,,
1d0ddf0a-3db9-4caf-a4b2-b2bd1a4f59b2,Sri Murdini rad,https://play-lh.googleusercontent.com/a-/ALV-UjXYi1HGV0KT1QonQn5wxSIM8oe7HmtgUkTJKUf_SFJ3bo8QfB-t,"ini sih buat sekadar kritik yaa buat hoyo, kenapa sih sekarang quest makin hambar kata aku walaupun story nya bagus dan grafik nya mantap tolong yaa dari pihak hoyo nya di perbaiki lagi😮‍💨😩🥲 kenapa harus di perbaiki gara² quest nya aja yg terlalu kompeten dan dialog nya terlalu banyak jadi waktu ngerjain quest nya itu ngak bisa ngenikmati suasana game nya dan story jadi hambar,males, + aku jadi pingin pindah game aja dari pada ngerjain quest😮‍💨🥲🥲😔",3,4,5.5.0_31400259_31451966,2025-03-26 13:05:28,,,5.5.0_31400259_31451966
039c1e55-6ab2-418b-b885-e5b986cd0811,Alamakk,https://play-lh.googleusercontent.com/a/ACg8ocInAP1WFflSkGxu5746MWyuE9Wqyg2-e1OR0v_QxA1bFsZvWg=mo,bagus banget wakkkk,5,0,,2025-03-26 13:05:02,,,
44923e8c-8b97-4d0c-b16e-73fc99111325,MAULIDI SENPAI,https://play-lh.googleusercontent.com/a-/ALV-UjV-P4BuJLZurwoshORVtGqr-XYqTmKZ2nG-qOCllaHQQ9vB3SP6,game kikir ga dengerin player nya lagi haudeh,1,1,4.5.0_21307647_21321795,2025-03-26 13:03:07,,,4.5.0_21307647_21321795
751bcff8-0034-41a5-a24e-5c94ca37fa74,Chizuna _,https://play-lh.googleusercontent.com/a-/ALV-UjXSvbqHvYqsKFaVMMSX10w7U3_6FLvTcSF-EKtyhZ5RI_ou8cugLw,"MAKE CAPITANO PLAYABLE, PLEASE. PLEASE. Edit: WHY.",5,0,5.4.0_30057195_30231699,2025-03-26 12:55:57,,,5.4.0_30057195_30231699
b9ffe6d4-7aaf-4a57-b8d7-0137a09028ae,Ma Freed,https://play-lh.googleusercontent.com/a-/ALV-UjUsgUQB4OPmzIDZji04h4gKmD_5SK7ofh70PNIJbsHPUx94bWCqYQ,"tetep pasti ada kekurangan di game ini, tetapi game ini sangat seru dan membawa kita menjelajah di dunia teyvant. dan pliss bikin plotwis di cerita biar aku kaget :). huh sudah 5 tahun aja",5,5,5.5.0_31400259_31451966,2025-03-26 12:51:33,,,5.5.0_31400259_31451966
41bc3583-379b-463c-92f1-4976d8995857,Ahmad Faiz,https://play-lh.googleusercontent.com/a-/ALV-UjUXBHj5MUnYdEa1Cvm9kVKdTqzlLto5ho_QrdmgBk3Qd74WZkA,"gw udah senang mainin ini game meski dialognya yang sangat membosankan genap 3 hari main tiba² gw harus update dan harus nge download lagi data 30gb ,auto unistall",1,0,,2025-03-26 12:49:34,,,
ea0e5e5b-24d2-4ff3-b538-fc9adc983e3d,indra baron,https://play-lh.googleusercontent.com/a/ACg8ocIzJGhp0V3WSWJmjM2NpOK5PgNfQ9p-LG9mHuJ9Xgbn98EstQ=mo,"bagus cuman saran sih tambahin lagi dong pengambilan hadiah mingguannya seperti jadi 5 atau 8 atau 10 gitu,soalnya saya udah pernah susah susah masuk doamain ehh pas udah selesai tantangannya gak bissa ngambil hadiah tantangannya karena batas pengambilan hadiah mingguannya cuma3😢",4,34,5.4.0_30057195_30231699,2025-03-26 12:48:45,,,5.4.0_30057195_30231699
89efec7e-073f-47ea-9021-235693cf12fe,Angga Edo,https://play-lh.googleusercontent.com/a-/ALV-UjUqiMOT4bQdCvfD74GghAIs-hQZB31INRcTBrL1147EOV7gOatn,"Sehat"" game baik, selalu adain event yang menarik dan juga berhadia primo🫡😋,Dan tolong untuk sinyalnya di setabilkan lagi soalnya tiba tiba drop merah ke 400-500ms😭",4,0,5.4.0_30057195_30231699,2025-03-26 12:47:56,,,5.4.0_30057195_30231699
dd8e87e8-1b60-479e-9f0a-f0178f487741,Siti Sri Lestari,https://play-lh.googleusercontent.com/a-/ALV-UjUa4YVSpy_a1fchZJJzsUwtOGAHiXLCMATSbAhi7ozPLbP0txOo,gamenya bagusss rekomend buat yg nolep,4,0,5.5.0_31400259_31451966,2025-03-26 12:47:08,,,5.5.0_31400259_31451966
12b175b7-1a5a-4cd5-bdec-521d8765d62b,Ghany,https://play-lh.googleusercontent.com/a-/ALV-UjUDHKpjrgqAMvD4Ipf4KnClRdaLaDSTJd1Pl_Gy21QVsLGFSEXO,Lawan boss oceanid itu susah banget tolong nerf apalagi pas lawan kroco burung,4,1,5.4.0_30057195_30231699,2025-03-26 12:45:30,,,5.4.0_30057195_30231699
d1ac4b4d-9b1e-44b4-84cf-78fa21c7a276,Aisyah Fitriana,https://play-lh.googleusercontent.com/a-/ALV-UjX8zeGVi55yiagZLRYSpwvhpJvN887QDTP6xZwCJ9gcTvRX-13t-g,"kmrn 5 sekarang 4 ajalah yaa, battle event nya menjadi bgt hp nya. tapi ya asik gt lah",4,0,,2025-03-26 12:45:28,,,
d6fe0e08-5f27-4f44-a980-5b467773c039,Arsya Khoir,https://play-lh.googleusercontent.com/a/ACg8ocIn4Kt0AdlLwrfxUC088Iorzi6gNWqhjnn9xtPeyyaSnoV95Q=mo,ASIK BANGEYTTTTTT ROARRRRR,5,1,5.4.0_30057195_30231699,2025-03-26 12:39:25,,,5.4.0_30057195_30231699
bd5bd992-ba70-49b3-acf3-f8d8f48b44b9,-CywCelyxienne,https://play-lh.googleusercontent.com/a-/ALV-UjXR54LblDRyh3mYY0aAqEIcYQkUHx7T2z8l3kjFPWb9VpDsw7Zi,seru,5,0,5.5.0_31400259_31451966,2025-03-26 12:31:14,,,5.5.0_31400259_31451966
d53fd25c-aa66-499d-96ae-bb7e4bfa4d03,Mahesa Ibrahim,https://play-lh.googleusercontent.com/a-/ALV-UjVrdLjVkqS3JRcKhMbBiQqGJlmwdYsyQDcsUv7FSXSdat4AIO3Q,kikir,1,0,5.4.0_30057195_30231699,2025-03-26 12:25:12,,,5.4.0_30057195_30231699
06e94ce1-8d06-482e-8549-b1e5f2824b99,Andy Maulana,https://play-lh.googleusercontent.com/a/ACg8ocLzo9I6HiQ54DvusOzgQbT_beJXasnlIJAFh_wjMoWjClHidA=mo,"semua cakep grafik gameplay oke punya , cuma 1 aja kekurangan nya game ini... quest nya kebanyakan dialog",5,0,5.4.0_30057195_30231699,2025-03-26 12:22:43,,,5.4.0_30057195_30231699
70d01918-53c5-4fef-a631-e66df9329a3b,Cok Krocok,https://play-lh.googleusercontent.com/a-/ALV-UjXpssAu-jq2k7lSHThTiBN5E1QSooMlzsd5yz-5B-wUZAgo_Y9d,gem nya kikir tapi saya suka. jangan lupa bagi bagi primo nya ya wo,5,0,5.4.0_30057195_30231699,2025-03-26 12:22:02,,,5.4.0_30057195_30231699
204b2ce5-f501-4098-9ce3-d7c0eac183ac,Rizki,https://play-lh.googleusercontent.com/a/ACg8ocJJfwQBD3kSHvIT1zxeub0qo3QZJ1LzeKhJucJskI5AuIGP1g=mo,Story kebanyakan yapping mana g bisa diskip pula,1,0,4.7.0_23093867_23435602,2025-03-26 12:20:23,,,4.7.0_23093867_23435602
587dc351-bbbf-494d-9c81-bc2b20ab0729,Fatilah Rahman,https://play-lh.googleusercontent.com/a/ACg8ocJd-c3_ADNvKFJgjpRigQ3rkXcoE9g11NDx7qNWGA6fBuodsQ=mo,lumutan nunggu resin full,5,0,5.4.0_30057195_30231699,2025-03-26 12:14:47,,,5.4.0_30057195_30231699
dfc18130-d4e8-42c0-bf59-b616a1b2cf46,Hanifah Gunawan,https://play-lh.googleusercontent.com/a-/ALV-UjXfbBWgrUroOqShRHyxjrHjAYV_6uFaCIlxVAULv6zSe-IOOPU6,"bagus sih, cuma banyak cocotnya di quest",5,0,5.4.0_30057195_30231699,2025-03-26 12:14:20,,,5.4.0_30057195_30231699
86e6b6aa-a946-4b4a-b7cd-98c3f38af448,Shalomita Putri,https://play-lh.googleusercontent.com/a/ACg8ocLMHD6dUk-waW4_X5SedfTsxscFxGcBuvlQof8PpfI-jfj3BA=mo,seruuuu banget kerennnnn!!!!!!! suka!!! my comfort game!!! 🥺❤❤,5,0,5.4.0_30057195_30231699,2025-03-26 12:07:32,,,5.4.0_30057195_30231699
5f3f81fc-5dd3-49d5-a68f-6b0e6cf9ba4d,ANAMGAMING YT,https://play-lh.googleusercontent.com/a/ACg8ocJqB1rO1eVxpJMTW_wYS6y9prdJA2Glr5F28xAqkN0Nruv7jw=mo,IM so happy,5,0,5.5.0_31400259_31451966,2025-03-26 12:07:12,,,5.5.0_31400259_31451966
d269a3b3-7f8d-4232-9bc3-c4932bc0e7a4,Antara 11raasa,https://play-lh.googleusercontent.com/a/ACg8ocLJn8xTQDx8WVNdIjciGydSD8XXDNRSvmH8GWGWE3vehmBrKA=mo,usahakan beri lebih banyak primo untuk free to play,5,2,5.4.0_30057195_30231699,2025-03-26 12:07:05,"Halo, Traveler! Terima kasih atas support anda pada Genshin Impact! Mohon diperiksa apakah anda telah mengunduh game client versi terbaru melalui official channel yang ada. Dan mohon kirimkan informasi relevant mengenai permasalahan anda kepada CS kami melalui email. Kami akan memberikan jawaban/bantuan permasalahan anda sebaik mungkin.",2025-02-26 18:01:10,5.4.0_30057195_30231699
bb2f5b70-9b18-41b0-b481-238747d2fa96,chichika bzz,https://play-lh.googleusercontent.com/a-/ALV-UjWgMHI_LpRLud5Gdm92KQi4ji6IgATDdCq1vFQ8MtB-182xrrU,"game kikir,plis adain tombol skip dan juga alur story nya harus sesuai primo yang kita dapetin, primo dikit alur panjang + gada Tombol skip.",2,0,,2025-03-26 12:04:36,,,
2c03325a-c51c-48d1-a4ea-f96ae5574047,Angga MRT,https://play-lh.googleusercontent.com/a-/ALV-UjXe4cwqARBsywaFovQsvj23QjWKwkCwPItvcGUPhbupT-m0pBtq,Buff Xiao!!!,1,0,5.5.0_31400259_31451966,2025-03-26 12:02:50,"We sincerely apologize for your unsatisfactory experience, Traveler. If you have any feedback or suggestions, please send us an email or contact Customer Service via in-game feedback to help us improve the game.",2025-03-26 16:08:28,5.5.0_31400259_31451966
989ed971-bf27-4e6d-b26e-683a3d85c134,Nantoo Aria,https://play-lh.googleusercontent.com/a-/ALV-UjWvwoz3fGI6j1-TITy-Ogck9XFZvVzYQ3ETtPgKoK2PrQ03DgnK,"setelah update 5.5 pun, naikin substat artefak masih scam!! tidak ada perkembangan! game bodoh.",1,5,5.5.0_31400259_31451966,2025-03-26 12:02:47,,,5.5.0_31400259_31451966
1a730d3b-99e9-4131-88ef-a29c8bbd312d,hafrE STORE,https://play-lh.googleusercontent.com/a/ACg8ocK4uXIl8reQ4ng5DBs8smrjgyhQ77BSIxgnr4DHM1GMEWCtcA=mo,love you genshin,5,0,,2025-03-26 11:59:09,,,
140920ef-8765-4f82-9229-954e646670a1,Mas Cessar,https://play-lh.googleusercontent.com/a-/ALV-UjUL_LLWJQokyr-UR157gIE6tHA1ls2-gvN5paPQ-RoXD9hQ1H5M,"game nya keren, bagus, dan cocok bagi para jomblo😁😁",5,0,5.5.0_31400259_31451966,2025-03-26 11:54:07,,,5.5.0_31400259_31451966
7df824d1-b339-4c84-92b0-47d589847272,pookie,https://play-lh.googleusercontent.com/a-/ALV-UjVF7h_ikyKL5SMD7_Wuq9rwpbmTdpZtBpeoM4JXUT3LyTTiR8zC,adakan fitur skip,4,0,5.4.0_30057195_30231699,2025-03-26 11:53:56,,,5.4.0_30057195_30231699
15822ea7-a3a8-46c3-9bef-e28cd289a8b0,Dafa Adaniswara,https://play-lh.googleusercontent.com/a/ACg8ocIfSy0huXkCEzyU-8nmUU34RZ_N5oW8yMqwKT4uQ3N7YOg5hQ=mo,"story bagus aku kepancing karena story sumeru, powercept nya ngga terlalu kuat karakter ver 1.x masih meta, desain karakter bagus cukup detail tapi tolonglah masak pity 150 baru dapet chara limit, reward quest/event sedikit gak sedikit bgt , dapetin arte yg bagus juga susah apalagi sub stat selalu miss",3,0,5.5.0_31400259_31451966,2025-03-26 11:52:59,,,5.5.0_31400259_31451966
cabdfd7b-8860-4fc6-8f52-cd44dbde78e3,Zuhri Muhammad,https://play-lh.googleusercontent.com/a-/ALV-UjUdPn8bw-vUGXtNeZBohqdYblK5HnoVfY4n9sWpbJD2522PsBo,"Y, bagus jok along ikak download",5,0,,2025-03-26 11:50:27,,,
4d778544-eaed-4043-966f-a5e0b60417fc,rainan,https://play-lh.googleusercontent.com/a-/ALV-UjV3Xv4WP_S59-QCLetsYNsumyZtev0rFguwvYb85FZJK5cuMBM,"woilah game banyak yaping nya, kikir, wes puwaket lengkap lo cik, ku kasih b1 karna varesa ku jadi qiqi🗿",1,0,5.5.0_31400259_31451966,2025-03-26 11:50:05,,,5.5.0_31400259_31451966
56786b26-ec91-4799-a13a-8a898dab0228,Krisna Wedhana,https://play-lh.googleusercontent.com/a/ACg8ocKKdn72wcK5jX3ORBH4R6YVYyH4Q2guwEo4oEzdHrjFkPJtuQ=mo,Game open world dengan pemandangan yang indah dan story nya sangat bagus. Ini yang menemani saja sejak 2022 sampai sekarang. Andai tau game ini sejak 2020 mungkin aku sudah punya lebih banyak karakter dan senjata event limited huhu 😞.. tak apa lah.. aku tetep senang main game ini.,5,0,,2025-03-26 11:49:39,,,
216685a5-5827-421e-9a6f-374bfc5944a9,imroatun,https://play-lh.googleusercontent.com/a-/ALV-UjWo1Z7jPblFKeqegO1nN8Td3mz5OcwY-DnpdxXNggjKoM2vGTqu,"bagus gamenya, cuma sering banget data tiba-tiba merah padahal sinyal udah bagus ping tinggi. bagus kok, suka. gada yang bisa ngalahin vibes nya genshin",5,0,5.4.0_30057195_30231699,2025-03-26 11:44:53,,,5.4.0_30057195_30231699
bb18ae79-b424-4550-8527-2c69c2529416,Xiasining,https://play-lh.googleusercontent.com/a-/ALV-UjVnbyLVBPKRhlbEZ1FJysDUEad1hXR699cUyvbCHdxWdg-Rqe0,lov it,5,0,,2025-03-26 11:38:42,,,
6d56ae7d-ba9e-4b63-9b66-37a1793ddc81,Anang Arya wijaya,https://play-lh.googleusercontent.com/a-/ALV-UjX1O1LQGDeQbM_K0MWCxO5ttvcS6lnVtes4bQ4r9dON8d5w0rLO,Kikir impact,5,2,5.4.0_30057195_30231699,2025-03-26 11:37:25,,,5.4.0_30057195_30231699
3b85120a-28ed-486a-8fcc-95d6d161f915,Arrasyd Nanda Fairuz,https://play-lh.googleusercontent.com/a/ACg8ocKZGU9kCm3CLEhvMWAvTWVfPuB4Eqlu2l7XH8mGJt5H_TkdDQ=mo,"jujur pas side quest trus reconnect tu nyebelin banget karna ngulang mulu hahaha, untuk hoyo tolong tambahan fitur skip saat quest, dan untuk quest archon/story karakter jangan ditambahin gapapa, asal di side quest bisa skip",3,1,5.4.0_30057195_30231699,2025-03-26 11:37:14,,,5.4.0_30057195_30231699
fc6ee85d-2b62-4252-8a80-e381db5d4845,L.,https://play-lh.googleusercontent.com/a-/ALV-UjVfXyrPNdfVvf0RqjvmD0V7UAICwP5fPH3grRrMMc8uJu6UmXko3Q,makasi hoyo udah kasi furina aw,5,0,5.4.0_30057195_30231699,2025-03-26 11:36:18,,,5.4.0_30057195_30231699
f7159416-c067-4681-be6d-04805c91eb59,arjuna ramadhan,https://play-lh.googleusercontent.com/a-/ALV-UjUz7Bsx4fSWte-eFhcjBzGG92ewannTW8vKfyM5vt6xKpJkcbDK,Bansosnya tambahin,5,0,5.4.0_30057195_30231699,2025-03-26 11:35:21,,,5.4.0_30057195_30231699
d04ddd88-78a3-440c-b7b4-10f59b653c77,Ahmad Munjir,https://play-lh.googleusercontent.com/a/ACg8ocKz-JX_GC-vzCVB2UNLskBf9iIZz6L3qaehXPxEOSdYvgdVHQ=mo,"sebenarnya saya senang mau main game ini, tapi download datanya sampai 30 ribuan,jadi saya hapus",4,0,5.5.0_31400259_31451966,2025-03-26 11:34:43,,,5.5.0_31400259_31451966
16f392cd-10a7-456f-86bb-bd4ca99d8e21,8C_16_Ghalibie Altaf JD,https://play-lh.googleusercontent.com/a-/ALV-UjXgfzK4kQyaU9gtpsb1PLKAUEWAq0iH9bxbHAFrtSeLnDTyrCg,Varesa gede banget,5,0,,2025-03-26 11:30:51,,,
67b3acbb-bfc0-43a8-8369-88a66c19e866,Dede Suhendra,https://play-lh.googleusercontent.com/a/ACg8ocKxMTHdKQXFXM_RmJ8A78T18Pj3w_VgQeW3m255B73N-JK3cPM=mo,"Dari segi game udah bagus, tapi kalau bisa di tambahkan obrolan voice mode co-op nya.",5,0,5.4.0_30057195_30231699,2025-03-26 11:30:21,,,5.4.0_30057195_30231699
0fb48c6e-fbf6-4825-960a-d1ee761c3d2d,Anggik Ramita,https://play-lh.googleusercontent.com/a/ACg8ocI0Z2t1XNu7EdPPIXGxROX1P_bSavrg_xrcPECDKEX2vn767Q=mo,stop kikir plis,5,0,5.4.0_30057195_30231699,2025-03-26 11:28:25,,,5.4.0_30057195_30231699
24e8aa1f-e65c-4592-8d1f-186fbe6c624b,Itami San,https://play-lh.googleusercontent.com/a/ACg8ocK58WHg1zlMhmR-1PO91oJTGptnlDiOFLFr66KJo9NYkYnegQ=mo,Mantap😁🙏🙏,5,2,5.5.0_31400259_31451966,2025-03-26 11:27:04,,,5.5.0_31400259_31451966
7bd6ad35-1249-432e-b458-d0a66dceb2b7,Myanko NoNeko,https://play-lh.googleusercontent.com/a-/ALV-UjV_YoJar-6ggsz4bi41Ccin8bMGxb_Ioz_4PIzJ4mBVQfaHCjyU,bintang 6 karena ada nahida😎😎😎😎😎😎😎😎😎😎🗣️🗣️🗣️🔥🔥,5,0,,2025-03-26 11:26:28,,,
1841e6f6-9fed-49cf-8d25-370eb12bcccd,Shazia Alleya,https://play-lh.googleusercontent.com/a/ACg8ocIG8c5Yg51bo5-1w_DTq88ZfRV9DwL__OD9QoxWM8dnT5CxSQ=mo,"FOR ME, INI WORTH IT BANGET UNTUK DI MAININ PLS. dari segi karakter, story, exploration, visual dll THIS GAME IS FIRE (imo) KEEP IT UP MIHOYO🔥🔥",5,0,5.5.0_31400259_31451966,2025-03-26 11:26:05,,,5.5.0_31400259_31451966
2c2a6787-3d31-4cef-b0b5-2487d54b736f,rizki amaliyah,https://play-lh.googleusercontent.com/a-/ALV-UjUiWhNxHQQyEp1J-FcF2ARGVfwlMHBUauA3B1pYuWCGw4nsQ90,"pas main 1/2 bulan setelah game rilis enak banget sampe update 3.0 banyak banget even seru+primogame nya berlipat lipat, setiap update hadiahnya banyak sekarang cuma 300 primo",3,0,5.4.0_30057195_30231699,2025-03-26 11:25:27,,,5.4.0_30057195_30231699
c8947c44-f6be-42c7-b11e-499809610f40,Djihan Nurcahya Hafdar,https://play-lh.googleusercontent.com/a-/ALV-UjWofFAcnnGecgeEJznhS78-Yk0EjstJciWyj_ZxuVc8BQtz8Pd_qg,"gamenya bagus, oke oke aja sihh... cuma kikir. gwe ksi bintang stu krn mines nya Wanderer gak nyata☺☺",4,0,5.4.0_30057195_30231699,2025-03-26 11:21:59,,,5.4.0_30057195_30231699
d9c83568-7a2b-40d8-a31c-316402468c00,Edol Jomblo,https://play-lh.googleusercontent.com/a/ACg8ocJCTC3U4WCOGaoGfnlrQ6LojXO8EA0e1jH9JfgwnUibgcRT1A=mo,bagus,5,0,5.5.0_31400259_31451966,2025-03-26 11:21:26,,,5.5.0_31400259_31451966
924faa6b-5ccb-4e23-87df-178212e3bdbf,Code 02,https://play-lh.googleusercontent.com/a-/ALV-UjXDCrOUZOqC_dgcocUVDygUizioz6-si6kzVwe9TdP-ayhNndkv,Lebaran bagi bagi primogem yah,5,0,5.4.0_30057195_30231699,2025-03-26 11:18:27,,,5.4.0_30057195_30231699
5d4d7740-4825-4aff-ad21-e35af8750ac2,Nasrul Huda,https://play-lh.googleusercontent.com/a/ACg8ocKeKvrNViUxjNSfMC2HisdbwRNn0dteUvIM59XQ3eA4AYrqcw=mo,"ini game gila sih, udah dari grafik nya bagus, bisa eksplorasi kesana kesini, bisa ngobrol bareng Waifu, intinya ini game tuh bagus buatku, ya walaupun kikir dikit waktu itu ga dapet arlecchino, tapi seenggaknya dapet furina, makasih mihoyo udah baik ngasih banyak primogem sama mora+buku exp. moga aja kedepannya bisa di terusin kaya gini, kurangin kikir nya juga sekalian",5,1,5.5.0_31400259_31451966,2025-03-26 11:15:02,,,5.5.0_31400259_31451966
ee7595e3-0b95-4b43-88a9-9f5facd786e1,kiyaa istri katsuki,https://play-lh.googleusercontent.com/a-/ALV-UjU2XTn2fQEyB3luk7pDoI8rbGGOugirO89erzNdqtOkCfNGrvHg,"plsss kasih fitur skip all pas dialog, yapping ny banyak banget anjir mana yg penting cm dikit ,ga semua ornag wibu coyy😭🤟🏻",3,0,5.5.0_31400259_31451966,2025-03-26 11:14:47,,,5.5.0_31400259_31451966
37356b65-0cd4-426a-a2ef-8a03980310e6,Si Koclok,https://play-lh.googleusercontent.com/a/ACg8ocJbvV85XXlF9fgUs8oF1rYiFBydatJBtg-gr1MWSaUSqDMc=mo,inflasi max hp musuh terlalu tinggi ehingga membuat char lama mulai kesulitan,3,0,5.4.0_30057195_30231699,2025-03-26 11:09:56,,,5.4.0_30057195_30231699
86df6576-dabd-4ce3-8b6a-e7c3141c583b,R Anang,https://play-lh.googleusercontent.com/a-/ALV-UjUw-8a80Sf-Ai-p6Z5AlUes6beDwVtwfVp_PJq8FvlM-J1UjItPzw,sangat seru game nya kita bisa berpetualang dan sambil belajar.,5,0,5.4.0_30057195_30231699,2025-03-26 11:05:16,,,5.4.0_30057195_30231699
7db025c7-5e26-4858-80b1-b65b3c04d884,Ilam Rapawela,https://play-lh.googleusercontent.com/a/ACg8ocJBHXMZVsOYOu1y-b6s7h2rRBHgPO68c_cXxoEcX1cdwnFO8Q=mo,bguss dari segi grafik maupun gameplay nya mantap hoyoverse,5,0,5.5.0_31400259_31451966,2025-03-26 11:01:28,,,5.5.0_31400259_31451966
41596355-c09a-4a00-b734-9702b5081ef5,Lydia Putriani f,https://play-lh.googleusercontent.com/a-/ALV-UjU6Ub_7DS2CY6EAcoSBkuFZ9qDlwpP2FTnYpSQQyu_i2aG5aZY8,perfect to warm up ur handphones,3,1,5.4.0_30057195_30231699,2025-03-26 10:59:33,,,5.4.0_30057195_30231699
ecb195cd-3602-4d3a-a102-5ee71d541228,Berlian official,https://play-lh.googleusercontent.com/a-/ALV-UjWybYKQppOmnq4KOk9MKAvD8tqz7DW7IbMvhIpoEvQlbQerOrY,game kikir,1,0,,2025-03-26 10:59:18,,,
88108bfd-4eb5-476d-8782-8601933149a1,Bagas Surya,https://play-lh.googleusercontent.com/a/ACg8ocJgV0aUPiOEnffzjA3OrTrCDzH-tx2bZ1SzOzBdlvFGq98QGA=mo,best game ever. saran saya adalah untuk menyediakan fitur replay quest yang bisa memainkan kembali quest archon yang sudah lalu itu sangat bagus pasti,5,0,,2025-03-26 10:58:02,,,
62e8b000-011b-4656-b480-b7f9a906af9c,Carlos Olivera,https://play-lh.googleusercontent.com/a-/ALV-UjUtwPjrRdhMT0f-xQeQyOMas_jouZBojuPQDbr_yBZjvZo7ImdU,wel wel,5,0,5.4.0_30057195_30231699,2025-03-26 10:57:54,,,5.4.0_30057195_30231699
275b2ebf-2bff-4eeb-8979-2ecd0c15610e,Aиɢɢєя,https://play-lh.googleusercontent.com/a-/ALV-UjUCD5115JVTbzkasLbbc349Lni-96X_PFMjozjAm2rrv_v-VmGC,"plis akun gua yg dlu ilang pdhl udh top up bnyk, Bru jg comeback hell nah",2,0,5.4.0_30057195_30231699,2025-03-26 10:55:33,,,5.4.0_30057195_30231699
42fe3410-8244-4c0e-9440-06db46335b1c,Madrid Nebjurto,https://play-lh.googleusercontent.com/a-/ALV-UjUgCvvIHAoCMqiS5mJuoR8-JMxnZwiZQEbm7_RTOMv9vllon9g,apakah game ini gak ada versi lite nya biar bisa untuk semua hp android ayak game besar biasanya ada versi litenya tolong semoga ada versi litenya amin,1,0,5.4.0_30057195_30231699,2025-03-26 10:55:26,,,5.4.0_30057195_30231699
123a118d-669e-4924-ae4e-33f5832b3673,Gifari El fatih,https://play-lh.googleusercontent.com/a/ACg8ocKmQoA5feRYgcZdtwQOC2OLhFpGYMPoAhPe81oclxplJjYIUA=mo,karna Grafik nya bagus hero hero nya ada kuat ada yang bagus jadi ngasih penilaian yang bagus,4,0,5.4.0_30057195_30231699,2025-03-26 10:50:02,,,5.4.0_30057195_30231699
e5af2a40-382d-488e-8df5-66df4296ef5f,RRR rrr,https://play-lh.googleusercontent.com/a/ACg8ocJWV3KJ5qP0-lCWFyXIyZDpBndXbXWtTbV4ikdhcb-r9cTb4Vk=mo,akhirnya kau tobat dari kekikiranmu hoyo,5,0,5.4.0_30057195_30231699,2025-03-26 10:48:44,,,5.4.0_30057195_30231699
75a8a144-dea9-470f-8635-54c577b1f8d2,Komang Ayu Mega Putri,https://play-lh.googleusercontent.com/a-/ALV-UjW6HEv6TJY9qmXpTOJcwbmuqqglksmPo28vDQtzGEV0DGQhrS4,"Mengunduh data lama banget pakek bangetz, gambar bagus, ada bahasa indonesianya, petualangan seru, naik levelnya itu susah, login kembali agak susah. Saya beralih ke WaWu lebih menarik.",1,0,5.4.0_30057195_30231699,2025-03-26 10:48:39,,,5.4.0_30057195_30231699
3544259a-b534-48fb-bf72-403290ccd71e,Aska Alfachri,https://play-lh.googleusercontent.com/a/ACg8ocIoEkfGBBzgZ1lw2EaPduDfceoxrFwyJrWdddV3aqi-2rT70Q=mo,masih seru sih tapi akhir akhir ini GI tidak memberikan gameplay baru bahkan terkesan membosankan bahkan teman saya sampai berniat untuk pergi ke wuwa ( ya andai hp saya kuat sih saya juga mau pindah sih ),3,0,5.5.0_31400259_31451966,2025-03-26 10:46:36,,,5.5.0_31400259_31451966
c6b8e0f6-7e31-4fda-9fe3-d7508869eccd,Tio,https://play-lh.googleusercontent.com/a-/ALV-UjUnWbL4lIm6Si5p5_dIZSo-6lU_bMjMeB55cmBcn0RBjdWZ5w,gamenya bagus kok susah dapet char B5 Ama primogems nya doang,4,0,5.4.0_30057195_30231699,2025-03-26 10:34:13,,,5.4.0_30057195_30231699
187a3c97-f064-4df0-8e9f-a171577941d9,kalin ardianto,https://play-lh.googleusercontent.com/a-/ALV-UjUEUboxo1j2w18eK9ogJF7ScSH-1YdB6LLFjPmH3UE3jRuh8xux,"rate pity tinggi rata² di 75+ dan blom jaminan dapet, material drop terlalu sedikit, artefak RNG parahhh sulit banget dapet yg bagus, resin ngisinya lama walaupun 200 dengan droprate yg segitu berasa kurang, sekarang buff spiral tergantung char rate up 😂😂",1,3,5.5.0_31400259_31451966,2025-03-26 10:33:14,,,5.5.0_31400259_31451966
b02e11bc-717c-40b1-abbc-f60d68313e52,syauwa 12,https://play-lh.googleusercontent.com/a-/ALV-UjVQl2hOLwqRZZYXKPaLhvXDrQ47eK8uGhGRl2o28CWxVBf-wnKMtw,"Chika lu bisa ini karakternya dibikin kayak azur Lane,browndust2,nikke,dan kaya game erolabs lainnya lah gitu, dan juga player baru atau player yang nggak tahu atau promo itu dikasih tutorial dikasih petunjuk atau biar lebih interaktif aja lah antara komunitas developer sama si pengguna gitu biar kita itu sama-sama enak aja gitu lah biar sama-sama mengerti dan makin sayang sama ini game jujur aja gua heran sesama game hoyoverse aja lho kok pada ribut pada game nya padahal kan satu developer kan",5,0,,2025-03-26 10:32:48,,,
7089b6e9-0631-4879-b8a0-f80bb6c84689,Rossyta Noviyanti,https://play-lh.googleusercontent.com/a-/ALV-UjVvyTvdKllJS4wN2-KMjTBhGQdOU1Z7gr3rysaLyBH2ufZN21EF,"sukaaaaa bgtz sm genshin, trutama tampilan gamex, jalan ceritax, animasix, semuaaaaxx deh",5,0,5.5.0_31400259_31451966,2025-03-26 10:27:03,,,5.5.0_31400259_31451966
1b0527b4-3641-49fa-862b-979870c1d12f,Muhammad Muhammad,https://play-lh.googleusercontent.com/a/ACg8ocLzhDF9pmdphislgeinGyvxe7-V89EwiU93cFHdaBP1pGE1IA=mo,"bagusih game nya tapi tolong fps kurangi dikit yaa sama tambahin juga fitur grafik, biar yg hp nya kentang kayak aku bisa main juga",3,0,,2025-03-26 10:24:42,,,
ff7ba9c9-ebf5-47df-a6ef-141402193de6,pecinta boruto,https://play-lh.googleusercontent.com/a-/ALV-UjUI7Vi_fqMtOeOnvkfLg2AbsZLz_hos0ECFMCFqvM6Z1rP-_VgD,banyakin char laki laki yang main bukan cuma laki laki🥱,3,0,5.4.0_30057195_30231699,2025-03-26 10:24:06,,,5.4.0_30057195_30231699
77e4ebd1-f03f-4df7-a410-659b97d232aa,midah,https://play-lh.googleusercontent.com/a-/ALV-UjW8xv3Nw7VkrjsQRRqT0Ujvyh37VZWNP0pXd-DuE9Wm5b02_zQw,mantapp,5,0,5.4.0_30057195_30231699,2025-03-26 10:23:00,,,5.4.0_30057195_30231699
697658cf-7aa8-4c4b-8620-8f4a19aa1bd8,Jun.ID.,https://play-lh.googleusercontent.com/a-/ALV-UjX-OIU7rV5YJqLK9MlzIigtQzTJDT4OywmHf24EHN4txD_5v5rd,"dari segi game bagus ,sayang itu ngobrolnya lama bet,harus adain fitur skip",5,0,5.5.0_31400259_31451966,2025-03-26 10:22:00,,,5.5.0_31400259_31451966
4258f987-33ce-46a7-a407-adca4d8ef29c,Amanda Aulia Raisa,https://play-lh.googleusercontent.com/a-/ALV-UjVJkQj-WqRoMrMS9LlYg6aAs6PYWs5xLeaQKLFFtCgL3a1Y5eek,Gamenya seruu aku suka sama ceritanya ☆,5,0,5.5.0_31400259_31451966,2025-03-26 10:21:51,,,5.5.0_31400259_31451966
09857177-c319-4fda-a778-e93db4b8b70d,Qwertyet,https://play-lh.googleusercontent.com/a/ACg8ocLiZuzy7JJH_YgobyhxUODS5TTsO51GN8UIkd4gA5LzDvpXxQ=mo,"Game sudah bagus, grafik oke, story oke juga. Tapi, mohon untuk kurangi scene romance. Sedikit kritik juga pada bagian Sub-Indo, yaitu sehabis tanda elipsis (...) tidak usah pakai huruf kapital. Ada juga beberapa kata Bahasa Indonesia yang salah ""Terlanjur"" itu salah ya, yang benar itu ""telanjur"". ""Hutang"" ini juga salah. Yang benar itu adalah ""utang""",5,0,5.4.0_30057195_30231699,2025-03-26 10:20:38,,,5.4.0_30057195_30231699
f85b00ea-84e8-4e35-9531-86fcbb52261a,Darmawan Safrin,https://play-lh.googleusercontent.com/a/ACg8ocLZlTzFLHJtEUUxAKVifMY4IBlz9WqomiHZt-TO92aD0ySuOQ=mo,"tolong untuk fitur yang berhubungan dengan quality life nya di percepat, jangan di cicil",5,0,,2025-03-26 10:18:16,,,
29b0614d-b465-49ee-a84d-36464c3e10db,Rehan syah vahlevi,https://play-lh.googleusercontent.com/a-/ALV-UjU5Lq9k20q6GFJh2o5M-WST6ROJlt_fTU6nUBZb4ZWiE3aiDiqR,👍,5,0,5.4.0_30057195_30231699,2025-03-26 10:17:18,,,5.4.0_30057195_30231699
00729e21-8245-4c58-bc5a-b32b6647ab6f,Erna Susilowati,https://play-lh.googleusercontent.com/a-/ALV-UjUNQXpgaurqwa7UipjVx3KdPJshQq5RoJ7_p07d0C0UR6pWkYB-,sangat baik aku suka sekali dengan grafiknya bagus dan karakter nya menarik perhatian ku terutama karakter laki lakinya sangat tampan aku sangat suka gamenya dan juga game lainnya seperti hongkai star rail itu bagus sayangnya kenapa ga bisa lompat intinya genshin bagus banget,5,0,5.5.0_31400259_31451966,2025-03-26 10:14:40,,,5.5.0_31400259_31451966
0b755fd3-b54d-4181-b87b-1139024bdd00,Fatir As sidiq,https://play-lh.googleusercontent.com/a-/ALV-UjUcRBtz1z9onUCrGP97xUOlc3Q4psxkEaDGcTHsRmmvT-yeYK3y,mantapp sudah support controller di android.Tapi tolong tambahkan fitur voice di co op biar lebih enak kalau co op sama orang lain,5,0,,2025-03-26 10:13:53,,,
dde13681-93da-44b6-9a38-52a110f7065d,Amelia Shafaa Salsabila Siregar,https://play-lh.googleusercontent.com/a-/ALV-UjWbA8SIX_ZmiPIJvSkZ2ykscrALV45USJIe-CoHWrsqx6-yMAID,"game nya bagus banget dari story sampe grafiknya, rekomendasi banget buat di download pas lagi bosen cocok juga buat orang yang suka sama game petualangan dan fantasi",5,0,,2025-03-26 10:13:05,,,
8ec54d7d-1093-41af-810f-134b7223be2d,Akhyar,https://play-lh.googleusercontent.com/a/ACg8ocIkJhUuLaAdtjDH1hWgJgk4ZD2rTUItq75jypgHru0pbdHcMQ=mo,"Player genshin dari awal 2024 sampai sekarang nggak pernah bosen mainnya, gue nggak peduli orang-orang main game moba kompetitif bikin hati emosi.",5,0,5.1.0_27118081_27297621,2025-03-26 10:10:32,,,5.1.0_27118081_27297621
e1950de5-449b-4c5c-850b-646e5aa44d6b,salima fauzia,https://play-lh.googleusercontent.com/a-/ALV-UjWAoJYZrZ5Js7z40t248w4tygAYBltUtsqL2XANh88h4EkRMw,"story bagus, karakter bagus, mekanismenya bagus, puzzle nya bagus, minusnya ga banyak karakter COWO💔",5,2,5.4.0_30057195_30231699,2025-03-26 10:09:20,,,5.4.0_30057195_30231699
fc9e08d3-d4a3-46ec-b09a-5aaaa91e8e38,Miftahul Alfiansyah,https://play-lh.googleusercontent.com/a/ACg8ocKjoJuaK3I4xc7fYoAEdJh_UpoFflIjR3aypve1Rrf7yVCpIA=mo,bagusss,5,0,5.4.0_30057195_30231699,2025-03-26 10:07:32,,,5.4.0_30057195_30231699
48fc27f0-a164-41a3-8a34-17629685f932,Jennifer Vondra,https://play-lh.googleusercontent.com/a-/ALV-UjUu6ru5q5NWn3a6sd5PbkRAAM7GQrG6wJ2sl9Qn4U_n_JteVYjw,ts game ahh🥀💔,1,0,5.5.0_31400259_31451966,2025-03-26 10:07:14,,,5.5.0_31400259_31451966
fdaaf8bb-207c-4f3f-a6b3-88259da45cbc,Hebat Sekali,https://play-lh.googleusercontent.com/a/ACg8ocL70LjOu1ZWVaE1YClTEPECQYDwqq3MGO_pEPhbIeqON0QPAZI=mo,"aku dah kasih bintang 5 ni, kasih aku varessa dan xilonen",5,0,,2025-03-26 10:02:25,,,
b81e3518-a094-4df4-9aaa-f84bfb832723,Khauzan Irhab Nabil,https://play-lh.googleusercontent.com/a/ACg8ocI_IXDD74m93JnZQJIcYSPhKBmWHJGgKnFlepzEpFSsHb1sEQ=mo,game nya bagus sebenarnya cuman yang ga enaknya gacha nya aja si terutama di artefak nya tuh masi gaca lagi tapi ya masih boleh da,3,0,5.4.0_30057195_30231699,2025-03-26 10:01:44,,,5.4.0_30057195_30231699
1e631441-d163-4cb5-9372-f5fc36b45d30,Widi Cinta,https://play-lh.googleusercontent.com/a/ACg8ocKZ8noQWGEqBsreZqLyDUVoFiZZxkG08aHe6U952a10KSTC=mo,Bagus sekali gamenya dan bersahabat sama pemain gratisan (F2P) yang bukan sulthan,5,0,,2025-03-26 10:01:18,,,
8386b57b-dc78-4314-8735-356d199895ed,Bagoes,https://play-lh.googleusercontent.com/a-/ALV-UjUNJVDFRe37QqJ99IXWuZghKBGS8n0cai89RWzjfZatNk87Ea0E,Terimakasih game baik🥰🥰🥰🥰,5,0,5.5.0_31400259_31451966,2025-03-26 09:59:27,,,5.5.0_31400259_31451966
54185ec1-6af7-47bb-99f3-55400307abdc,Heheheha 321,https://play-lh.googleusercontent.com/a-/ALV-UjU6mZDRLl_JM_T8fS-XBTFYiwfMxiOka1gJHapMzGqFlSpDRlp5,"makin kesini ceritanya makin absolute cinema ✋😐🤚 sama gk kikir lagi, tapi kekurangnya si pengembang kurang dengerin pendapat playernya aja sih. kalau menang 50/50 soft pity aku bintang 5",4,0,5.4.0_30057195_30231699,2025-03-26 09:58:39,,,5.4.0_30057195_30231699
69234104-3d1a-4412-8ef6-bd9f8e0a7a9a,Setiawan 1098,https://play-lh.googleusercontent.com/a/ACg8ocJYm5BOlSJVPYatUp-pF09oYpPAxST5-LSozUAtLvY5oi8qDg=mo,happy aja,5,0,5.4.0_30057195_30231699,2025-03-26 09:49:20,,,5.4.0_30057195_30231699
e46778c5-c095-403d-89aa-0a1838d5bf0f,Kartika Rahma,https://play-lh.googleusercontent.com/a-/ALV-UjUyPKYV-8EBNd8uBO1TdvOrNLBXDojwSW_0gP9gpmQsLruHAFPa,"Kebanyakan dialog, kikir, ga sat set, chara cowo yg sgt minim, storage udh mau 37gb aj, mau pindah bahasa hrs nambah 5-6gb. Ga ngotak",1,2,5.4.0_30057195_30231699,2025-03-26 09:48:14,,,5.4.0_30057195_30231699
4b55d6ff-756f-4725-a79e-7090057f5bad,Atlanta Djangkaru,https://play-lh.googleusercontent.com/a-/ALV-UjVTJrM9BgMydXpjnle7ngCEAw3msAmg2W-XizX9F7o4B9D6ualG,"Dapet primo nya dikit dikit banget, karakter archonya kurang desain terutama Zhongli, trus skill archonya kurang nunjukin bahwa karakter itu seorang archon ama venti skilnya butut bngt tapi suka Ama desain nya",2,0,5.4.0_30057195_30231699,2025-03-26 09:38:45,,,5.4.0_30057195_30231699
76498709-02ad-46d8-a457-dfce28de5190,Ade Yuningsih,https://play-lh.googleusercontent.com/a/ACg8ocKvtkwZbyMbsWOdPZUeb2-ZVctcatHwpU-dA9D-FZ0q_zkIoQ=mo,Seru bgt jir tapi gacha nya gua ampas mulu,5,0,,2025-03-26 09:37:49,,,
96fd7046-a4f1-47ac-8b90-98c2e70abc67,Erdibie,https://play-lh.googleusercontent.com/a-/ALV-UjVeaNwxL-R7X8Ts4oZ_gIb6ZxvrEYZYfrDsJECedBEK0CB9yag,plis kasih wangi saat gacha,4,0,5.4.0_30057195_30231699,2025-03-26 09:37:33,,,5.4.0_30057195_30231699
6a54d3cd-46db-4840-93be-2ecd4711db7f,Syarif,https://play-lh.googleusercontent.com/a-/ALV-UjXGjPqeNp8tPNnYiVi7KfNSPCEyEFFY-NpKy8IBAykqv19F2AA,kikir,4,0,5.5.0_31400259_31451966,2025-03-26 09:37:14,,,5.5.0_31400259_31451966
0f579d86-87ee-440d-8ee0-7e96bfdf26ee,lala olivia,https://play-lh.googleusercontent.com/a-/ALV-UjXSiTZvua0aA3nqQo20XZOoCDGo_oxjHmSuWuyQFKU9KaOByEEF2A,"aku tarik kata"" ku",1,0,,2025-03-26 09:35:35,,,
2124cfc5-7c1c-4fbc-9b97-b3b415426729,shinn yuuu,https://play-lh.googleusercontent.com/a/ACg8ocKS9S-B6pZr2p0rWMAXy1dUXh4v9-VcLOgngQfjkUBu92qiFg=mo,"Gamee nyaa baguss si, cuman terlalu banyak karakter perempuan, hoyo buatla karakter laki laki setiap banner baru",5,1,5.5.0_31400259_31451966,2025-03-26 09:35:11,,,5.5.0_31400259_31451966
621d2d95-d7ba-485d-9b73-70e1c48e97a5,Kn jh,https://play-lh.googleusercontent.com/a-/ALV-UjVCUyqQjwTGxLZSIVzRwfFUmuN9FjfyhyEVcSjCHJv96JvgZZnX,best mmorpg anime,5,0,,2025-03-26 09:33:29,,,
e14391c2-d32a-4482-8a9a-540a436f9313,faizal amnesti,https://play-lh.googleusercontent.com/a-/ALV-UjUC7-NcYJ4CpGp-3kutNcdYo6Q8AzqXUIV1Ku3YFn15pFbBHKyR,"please add mic on chat,",5,0,5.4.0_30057195_30231699,2025-03-26 09:32:06,,,5.4.0_30057195_30231699
ece5bce9-2d79-4873-8bc0-eab011e56d34,Alya Azzahra,https://play-lh.googleusercontent.com/a/ACg8ocKlQiauuLEw6VrvXoViWFjmH4XT77drN_E5zCI6jEVCiq_ztg=mo,makin banyak char laki-laki pliss,3,0,5.4.0_30057195_30231699,2025-03-26 09:29:47,,,5.4.0_30057195_30231699
51c3d861-a6e9-4f19-bd50-6760b9902085,Want you For my life,https://play-lh.googleusercontent.com/a-/ALV-UjVNnbD_RRL74domlrPfw1zLjCBO6-7l0VEHzNOUk4SC_3PCCMS_,CHARA COWO NYA MANA NJENG,5,0,,2025-03-26 09:29:34,,,
2e57a774-342b-4b1d-9d83-1800d5a2b478,Aditya Er Ramadhan,https://play-lh.googleusercontent.com/a-/ALV-UjXDtq1OV2nTkOfOm3hZFQV4Svm5A_SZmhbXNcmkgddSZZGT0Uc,Lebih bagus dari si game plagiat wuwa,5,0,5.4.0_30057195_30231699,2025-03-26 09:27:53,,,5.4.0_30057195_30231699
e9d60d7f-659a-45cc-8199-d08d009e161e,Akemi _Ru,https://play-lh.googleusercontent.com/a-/ALV-UjVzATHfwDi0ZFIfalgGcQghB8afnT4Nk-LN1Efe6gYNvHoBu2KM,seru😋,5,0,,2025-03-26 09:24:36,,,
9605754b-2c5d-4710-a39b-36f5b10f7944,Rapin Kepahiang,https://play-lh.googleusercontent.com/a-/ALV-UjXusyj9Xbg0wwHVNG22U_skel-90ldTfVZMdQjPXfJcKu7-SII,"Game yang sangat seru dan menarik, dengan banyak adengan yang tak terduga membuat game ini menjadi sangat seru untuk di mainkan oleh para gamers untung keseruan semata atau untuk menjadi sumber cuan💸💵, tapi saya sarankan untuk kalian yang menggunakan hp dengan penyimpanan sempit,ram kecil,hp mudah panas dan ngelek jangan main game ini karna data dalam yang berat bisa membuat hp kalian duarr💥, ya memang sih kalau ada harga ada kualitas hehe",5,0,,2025-03-26 09:19:51,,,
f091d741-2c26-41d4-a181-fcea8e3ba69b,Alif Nurrahman F,https://play-lh.googleusercontent.com/a-/ALV-UjVtEHDFyWkt5dq4W8nw3CDep9XIw1SnGQyJG9A2l32pNoglaS4LPw,banyakin lagi hadiah primogems nya,5,0,5.4.0_30057195_30231699,2025-03-26 09:19:48,,,5.4.0_30057195_30231699
baa7777b-87ca-4f9c-9562-611676d090d3,Sangaji,https://play-lh.googleusercontent.com/a-/ALV-UjVPMsSwQNUNJDqpVIeL3AMLUburzxLnB-V-8gKouCBnwJSAXilr,"Hore Versi 5.5 ini dengan QoL yang tidak kita minta (kecuali kontroler support di Smartphone), kecewa aja sih. ayolah kalian sekarang punya kompetitor yang jauh lebih baik dibanding kalian, masa kalian tidak peduli dengan itu. lalu apa gunanya survey di akhir versi? hmmmm",3,0,5.4.0_30057195_30231699,2025-03-26 09:17:23,,,5.4.0_30057195_30231699
356144ef-d9fc-45eb-8ea5-0931d4348f52,akhmad daiyan,https://play-lh.googleusercontent.com/a-/ALV-UjX-izbaXhmauLSq26FL16F511DxDRDDD4HkR3BVuDAiJ0bwrzU,jangan kikir banget lah,3,0,5.4.0_30057195_30231699,2025-03-26 09:09:23,,,5.4.0_30057195_30231699
e0b851c1-203e-459e-8a1f-aa2cf0a75318,Noviano Lean,https://play-lh.googleusercontent.com/a-/ALV-UjWHO1WcEHoByS0JbFLGivPNfjEzhNRRIEonY6czK-Pzhi4Bt08k,Game bagus dunia indah ada quest harian grafik kaya versi PC kalo apdate ada pra unduh jadi kalo apdate gak perlu unduh gede,5,0,5.5.0_31400259_31451966,2025-03-26 09:08:12,,,5.5.0_31400259_31451966
378092c8-f6b9-4185-ba52-c5dbfef4ff69,Matcha Neko,https://play-lh.googleusercontent.com/a-/ALV-UjWNoFgyJ5V9VafeaBc7OWbDfNj_BWHx2iNM8RGyeyoZGUIHfFw,"Story ✔️ Exploration ✔️ Gacha Experience (including artifacts stat gacha) ❌ In-game content ✔️ Limited time reward ✔️ Event ✔️ Characters build ❌ Udah 3 tahun main, kadang burnout entah karena build char susah nyampe target karena domain se ampas itu, atau karena repetitive. Tp buat sekarang udah ada sedikit kemajuan terutama di bagian reward + event sama konten dalam game, walau dah ada item baru buat custom stat berasa ga guna buat artefak ampasku.",5,0,5.4.0_30057195_30231699,2025-03-26 09:06:46,,,5.4.0_30057195_30231699
cd374b62-e739-4563-b44e-23258c3cf708,Ilham Ernando,https://play-lh.googleusercontent.com/a/ACg8ocJPNoCscgS_sxXA2gzQtKxXI86tYA6D5I9Ttv6JIYybT8H_eQ=mo,game bagus,5,0,,2025-03-26 09:05:29,,,
d3be1b1b-caee-4362-8398-f46be208e9b0,Ahmad Adjie Dwijaya,https://play-lh.googleusercontent.com/a/ACg8ocK5zYuACN7uPlCXo-TtRJalEVVKvBWbWOq8bMdbQWwGbWBnPCI=mo,kalau menang rate off ku kasih bintang 5,1,0,5.4.0_30057195_30231699,2025-03-26 09:04:55,,,5.4.0_30057195_30231699
f378c4b1-f509-4d6d-b1ef-41c5f833646c,SHIROI HAKO,https://play-lh.googleusercontent.com/a-/ALV-UjVjcU3p0_TFqQBANAbaFF09mV04j34txO2GpESQcUniyDSjrtZG,"I'm disappointed with Genshin, which I've been playing since day 1 until now. It's time for me to move on. Goodbye, thank you for the memories.",5,0,5.4.0_30057195_30231699,2025-03-26 09:03:58,,,5.4.0_30057195_30231699
9ba42dd3-9dca-4e29-b3a5-3283a0d93502,Gede Indra,https://play-lh.googleusercontent.com/a/ACg8ocKBpSqio2XoFDXycvyWeNmhNw5aMa2zm9OfMUcHJJLcvO3XcVc=mo,oke hoyo udah bagus gamenya,5,0,5.4.0_30057195_30231699,2025-03-26 09:02:45,"Kami mohon maaf atas ketidaknyamanan yang Anda alami, Traveler. Kalau Anda memiliki masukan atau saran, silakan hubungi kami melalui email atau feedback in-game.",2025-01-13 17:58:26,5.4.0_30057195_30231699
88637d46-322c-4d19-8cdf-73e1218955b1,General Pikachu3,https://play-lh.googleusercontent.com/a-/ALV-UjVD_6ks1ERHNKW2D3IKkfgptxlkpFZBVMzR48r74m5esVzew6w,game favorite saya,5,0,5.4.0_30057195_30231699,2025-03-26 09:02:10,,,5.4.0_30057195_30231699
b58c8fec-bfdd-4f94-b2d3-8a8f1e8bc60f,Hitamvsputih Niga,https://play-lh.googleusercontent.com/a/ACg8ocLGDvL8PI5DYN_JVczJX3sRNiYRREsVTtWDqDP_MZWcYZzuXw=mo,"tolong bikin hoki, kalau ga jadi bintang ⭐ 1",5,0,,2025-03-26 09:02:07,,,
60daa898-d0b6-4e3a-b289-4aa83fcf0922,Sikiin nur sukin Seken,https://play-lh.googleusercontent.com/a/ACg8ocLPQCzD5HbW-sTCMOGu7KJFGJj8De3LfIPzcPC9Pjqs3bP00g=mo,so cute,3,0,,2025-03-26 09:01:00,,,
81cdfab3-bf0c-4e68-ab20-e10684fbf485,enter Cc,https://play-lh.googleusercontent.com/a-/ALV-UjW3o4bD-RZ2triZbS4KJq9SPG8r40svYHtTgA0XIXAKwhdK-X-i,yang kurang di game ini cuma fitur skip dialogggggggggggggggg,5,0,5.5.0_31400259_31451966,2025-03-26 08:59:23,,,5.5.0_31400259_31451966
1a7e3166-e359-4ab2-a09b-35b360b829e3,Ranz,https://play-lh.googleusercontent.com/a-/ALV-UjUA8PwApRreIkzK45GP_OfRj2OlahNwpMpfsUlIy2zz3apXt08,Gamenya bagus dan ampas,5,0,,2025-03-26 08:58:51,,,
5c5307dc-6d7c-4376-b38e-3833f9929cbf,Riandi Yusuf Yusdin,https://play-lh.googleusercontent.com/a/ACg8ocJIH2zXhugvsTmPkmlR_OCkkUKWMAxj7IljR718nFuGmKvhww=mo,update dikit kok harus di update lagi sih lama tau saya males downloadnya ya boleh juga game seru,3,0,5.5.0_31400259_31451966,2025-03-26 08:57:19,,,5.5.0_31400259_31451966
9a354e70-38cb-4e20-bc17-40cf9e3472dc,Rasyiid Alamsyah,https://play-lh.googleusercontent.com/a-/ALV-UjUOovOj4CMlMDr56vPhtPH9XlzjUCefsq4Fm35lNMts93nmQaPL,seru,4,0,5.4.0_30057195_30231699,2025-03-26 08:56:49,,,5.4.0_30057195_30231699
cff0043d-649c-46c0-b8eb-965f233784e9,Verlynn Lee,https://play-lh.googleusercontent.com/a-/ALV-UjUwfwm2iBOksERW37wuoUnUdm_cqenVRqkUO0IgHh4Y_MYPHMKP,baguss seruu tapi benerin sistem gacha waepon sama farming artifactnya,4,0,5.4.0_30057195_30231699,2025-03-26 08:53:39,,,5.4.0_30057195_30231699
e6ac8160-330d-4d08-b2a9-f69267199c1a,Ibnu Pranata,https://play-lh.googleusercontent.com/a-/ALV-UjXummQgYLZXykD2Fd3P7gHGBQWFG1mP2uLp77SYdDFa1EzWap8,kmaren ga dikasih furina C1.. jd ngambek nih,3,0,5.4.0_30057195_30231699,2025-03-26 08:53:00,,,5.4.0_30057195_30231699
27d912f8-b43d-4905-b4db-bd5c6daf157e,Tri Ragillio,https://play-lh.googleusercontent.com/a-/ALV-UjXgbRgxZIqmzBiBULTYh3kT97QWtoVD7VM6EvskVIFN8L0LLICq,terbaik. di dunia,5,0,5.4.0_30057195_30231699,2025-03-26 08:51:51,,,5.4.0_30057195_30231699
ff50272e-60c7-4b51-8b69-cce3ba76f717,Zahwa khoirul untsa fatihah,https://play-lh.googleusercontent.com/a-/ALV-UjVoiHXJzNA0Ph0SlGc4bP6orTIoECRnR6B5BPrdyP1igIGRB1cu,"seruu, tapi kebanyakan karakter cewe ketimbang cowo😒😒😒 kadang nge lag juga☹️☹️",3,0,5.4.0_30057195_30231699,2025-03-26 08:51:15,,,5.4.0_30057195_30231699
d7f33205-e3b2-4b06-8092-be1343dbe3ea,Si Taranjang,https://play-lh.googleusercontent.com/a-/ALV-UjVxGBcAXJdFhSr4qZ2IdJ1hKbnJ3Xv0hf1DpqTMoZq30FE2HyM,lov lov buat furina🥰🥰😍😍,5,0,5.5.0_31400259_31451966,2025-03-26 08:49:55,,,5.5.0_31400259_31451966
929deda5-3a92-4e0a-bc3e-4cf714de9c17,Nayara Jefika,https://play-lh.googleusercontent.com/a-/ALV-UjU5s7NLrAv51FIw5-z_v0RBrbL3TjxDZY7SSTNgNoZXqT7UB2Ox,Keren abis mah cuma mau saranin kalau gacha character tu yang murah lah gw mau nya dapat hero bintang 5 😁,5,0,5.5.0_31400259_31451966,2025-03-26 08:49:45,,,5.5.0_31400259_31451966
2f767867-5e25-439e-9d62-1f8f40b6f59b,10. Agus Wirawan,https://play-lh.googleusercontent.com/a-/ALV-UjVO6HkM8QC43tEG82xOUh9h0rNxw2jk9dUSuR6hucSUOhwXPYEo,ini nih game yang saya cari cari😊,5,0,5.4.0_30057195_30231699,2025-03-26 08:49:25,,,5.4.0_30057195_30231699
1aad59a1-a0f7-4e00-a7c2-7ef65a6ce103,Dika Anwar,https://play-lh.googleusercontent.com/a-/ALV-UjVuYwa8p2XgER1VTzBmrugKMwSM8CL-aTR_nNmuulpecq9EtXeI,game nya bagus saran unduhan nya di dalam game aja lah biar gak bosen,5,0,5.4.0_30057195_30231699,2025-03-26 08:48:49,,,5.4.0_30057195_30231699
b509064b-c7cc-4c01-8500-7ee6ffee002a,Angelina Christy,https://play-lh.googleusercontent.com/a-/ALV-UjUOxe-K8-cLFihpDm-A0X1zTviD7M5X8MpgxbqzaZm3X44eE2p8,"boleh lah seru min,tapi baru pertama soalnya, ehehehe semangat ya min,moga game Mimin rame amiin walaupun ngga tau kenapa tapi semangat ya",5,0,5.4.0_30057195_30231699,2025-03-26 08:48:22,,,5.4.0_30057195_30231699
b3f555b1-5913-4e25-b790-281ef219b009,roronoa zoro,https://play-lh.googleusercontent.com/a-/ALV-UjUCHKHML4YrcYFnzuBmi5fDFzOzYM9yBbKySXam3PprzvEbduE,habis update malah gak bisa main,3,0,5.5.0_31400259_31451966,2025-03-26 08:47:36,,,5.5.0_31400259_31451966
809f34ea-3058-4f38-99ff-a685028836bc,Zaskia Sulistyani,https://play-lh.googleusercontent.com/a/ACg8ocKwsYTEzD3rVX6vTJda8SO48rjBCIqrI36KjZy69JE8hAS_obU=mo,Thank you so much genshin ♥️♥️♥️♥️♥️♥️♥️,5,0,5.4.0_30057195_30231699,2025-03-26 08:45:24,,,5.4.0_30057195_30231699
95e10198-0f78-4c01-a972-dfbc8f32f83c,RafliAx,https://play-lh.googleusercontent.com/a-/ALV-UjXtBntIPAdx5Hlk3xqY6JXpVrDrEYtScpnlUUKDViMQvDmfeRIz,"Overall bagus,dari grafis, gameplay,desain karakter dan yang lainnya.Tapi tolong untuk reward nya diperbanyak lah,sama saya minta fitur artefak loadout,kan ribet pas mau pindahin artefak dari 1 karakter ke karakter lainnya,dan fitur ini akan sangat berguna bagi pemula yang belum punya banyak artefak yang bagus",4,2,5.4.0_30057195_30231699,2025-03-26 08:41:28,,,5.4.0_30057195_30231699
29efd937-511b-43c3-b77b-b536b7ca9509,Zamiul Khoer,https://play-lh.googleusercontent.com/a-/ALV-UjVuBrWAtfRPYf8qsEgfLT1AybU9mzWLtP5ScTnkS1SbGU4pNnk,bolehlah,4,0,,2025-03-26 08:39:37,,,
1e654581-95b6-441d-878b-b0611aae1bb9,Adinda Adinda,https://play-lh.googleusercontent.com/a-/ALV-UjWfw5h6T8mayWAVCjwZodR7DkuAPRvU6ZYDEJHfVd3nnqTZpBXW,"Hm, makasih hoyo, gachaku cuman 1 kali ampas :3 lainnya 50/50 atau malah langsung dapet di 10x gacha :D semua langsung dapet karakter yg ku mau ><, awas aja kalok gachaku ampas lagi, ku kasih b1 kau -_-",5,189,5.5.0_31400259_31451966,2025-03-26 08:38:38,,,5.5.0_31400259_31451966
99306313-60a9-49d7-b7c3-1004a6f880ec,Avalor Legend,https://play-lh.googleusercontent.com/a-/ALV-UjV5C7KQMpioFWzw_aHkqOL1B3dJoILrraZTx8D48_8ZpZZhipo,Game nya seru banget cuma minus di 2 hal;Gacha dan kalau quest story nya udah selesai itu bakal boseeen banget,4,0,5.4.0_30057195_30231699,2025-03-26 08:38:08,,,5.4.0_30057195_30231699
87002231-7f20-47d7-8c8f-d06660b24478,Kepala Bergerakgerak,https://play-lh.googleusercontent.com/a/ACg8ocLebZrcsXjpHkWjlZKOIIuLL9RR8JZQbneCdhXYEFTOV8A-mw=mo,"Saya ga habis fikri sama sistem pity di genshin, apa maksud dari saya kalah rate on yh? sudah 3 kali berturut turut di 3 banner woy🤬🤬😡😡",3,0,,2025-03-26 08:37:04,,,
61d786d9-113e-47ce-9385-c7b90d9e0d9b,Soleha Ananda,https://play-lh.googleusercontent.com/a-/ALV-UjXMjMl5rJYhh_mSza9m3O5azns756Ys0UP28fNTy3gG-HyfZw,"Mungkin untuk Fan Service bisa diseimbangkan antara laki-laki dan perempuan karena tidak semua player di Genshin adalah Laki-laki mesum, penjilat paha dan dada bohay menjijikan",4,0,5.4.0_30057195_30231699,2025-03-26 08:32:45,,,5.4.0_30057195_30231699
7e97ffb8-8960-40a3-867e-adc7a1f35187,M Hasbi Ashidqi,https://play-lh.googleusercontent.com/a-/ALV-UjXjY-z0wykD76yJYrd7WBWLSSO7JZqtnP8ijxKl0ujFpFdC1kP6,Anda semakin pelit!!!,5,0,5.4.0_30057195_30231699,2025-03-26 08:31:22,,,5.4.0_30057195_30231699
701eb582-d977-4826-9abe-d1403cb49718,Erul Kasep,https://play-lh.googleusercontent.com/a-/ALV-UjX2k0g4zfPHKui77juPOKyGSDRrPBFLdQ9UUEzwagI3K0t-I5c,saya suka,5,0,,2025-03-26 08:28:28,,,
c39ed44e-103f-4cae-a32a-49e7939f5b08,Arjuna Halil,https://play-lh.googleusercontent.com/a/ACg8ocLFQ_Wbn_1uysX-i9TGtbxuELXECTNJc_TlOoKz6N_4RsDwYg=mo,grafit keren,5,0,5.4.0_30057195_30231699,2025-03-26 08:27:00,,,5.4.0_30057195_30231699
56d38224-027f-489d-9ad6-6dcea62a1d6f,naura jesicarissa,https://play-lh.googleusercontent.com/a-/ALV-UjVJJgkypptfdYJ7BxpHD6qESKGPo49kvLv13y-pCVlf69GRd5Vh,game bagus cuman karakter cowok nya banyakin jangan karakter cewek aja yang banyak dirilis,5,1,5.4.0_30057195_30231699,2025-03-26 08:23:45,,,5.4.0_30057195_30231699
bd472741-ad77-4a82-b7f4-84b7134f9d97,Rizal Maulana,https://play-lh.googleusercontent.com/a-/ALV-UjUAFgQbtNU3M-JzVsR-YihltrP4y5UPOplnY5LIC2VQnsHccYT4,gamenya bagus tapi berat saya suka,5,0,5.4.0_30057195_30231699,2025-03-26 08:23:22,,,5.4.0_30057195_30231699
07d058e6-6fb5-49b3-a4ee-c9228792d3c3,Dharma Pradana,https://play-lh.googleusercontent.com/a-/ALV-UjWmt4OSVxRI5869UWbpt5hE4lLpKkrqYdGmwygHmrlh3n6FhTw,"Gamenya sudah bagus, namun tolong perbaiki bug change gmail karena mempersulit pemain yang akun Googlenya hilang",3,0,5.4.0_30057195_30231699,2025-03-26 08:17:46,,,5.4.0_30057195_30231699
b0724209-d438-4f77-a359-7ef4243ff6d1,Tree,https://play-lh.googleusercontent.com/a-/ALV-UjXfJxpV7yZzHx2gaBnccGMOzelNYp2R49GN1f6UeqNz4wpVycYc,"Waktu riset spiral abyss nya terlalu lama, tolong waktu risetnya di perpendek lagi",5,0,,2025-03-26 08:16:52,,,
79f30637-e7d3-4486-9e68-53c234c328fb,Chandra Nazar,https://play-lh.googleusercontent.com/a-/ALV-UjU72XI4ILuNt2tVxFtAKYf-wYJFALh62sXImTDwfQY6QjUJGiI6,perbanyak char cowo hoyoo,5,0,5.4.0_30057195_30231699,2025-03-26 08:10:11,,,5.4.0_30057195_30231699
4dbad9a1-526a-46c8-9172-478975023359,Tirta Kusumawijaya,https://play-lh.googleusercontent.com/a-/ALV-UjW-DK63s7wS7u9dO9xBzkF8R-t1KXw7QO5J2xhkvi75MkdCwWBz,game nya bagus,5,0,,2025-03-26 08:10:04,,,
01bba04d-2cc7-41a1-a7d1-d509a7476bbd,Riyan Senpai,https://play-lh.googleusercontent.com/a-/ALV-UjUTowShovM4KIPOh-CC45d9KcTuX_gy2oxjH-xafOzuXBdWF8A,bagus,5,0,5.4.0_30057195_30231699,2025-03-26 08:05:00,,,5.4.0_30057195_30231699
164a5e82-ea28-4924-902a-495154680bba,Rakha K,https://play-lh.googleusercontent.com/a-/ALV-UjUH-v10ABjM19rhPd1h6nH6FyZRSQmUSW_Y_120YMbDXpI8N_SP,UPP!!!,5,0,,2025-03-26 08:04:53,,,
6b21fb6c-1256-4bbb-a9a4-d2b281e8eaf0,Rafif gaming yt,https://play-lh.googleusercontent.com/a/ACg8ocITYKHqTDEPSYnlF-f9YgRHWXJ0gSfGtT4e9PpcxvseGu2qHw=mo,😁,5,0,5.4.0_30057195_30231699,2025-03-26 08:04:04,,,5.4.0_30057195_30231699
19049d9c-6045-472b-9f6b-dfa3fc401d9b,Andira,https://play-lh.googleusercontent.com/a/ACg8ocIaLW-OUdfzfCAkiSO5lyOqg34-EVillaf7hNvs9Y4WVkWYBg=mo,gamenya asik bisa menghilangkan rasa bosan walaupun sedikit sulit 😅,5,0,5.4.0_30057195_30231699,2025-03-26 08:03:06,,,5.4.0_30057195_30231699
c49f5ddc-97ee-45a5-92b0-add697a6958d,Orphis Cenzo,https://play-lh.googleusercontent.com/a-/ALV-UjXC6hPxlHWqA15AGJ6Uc9M0HCTIDmMPPlDTJsNiUA5iFGOkh78,ternyata gamenya overrated .,3,0,,2025-03-26 08:02:24,,,
b2b30541-3a11-4fd1-8003-0281af5aa0a6,Mizuha Channel,https://play-lh.googleusercontent.com/a-/ALV-UjVgIp3Xz1IIKJa7fDe4euPRvKKGVhhK-ZpaF6Uc_5GbRuL0KH0,"Sementara Bintang 3 dulu dari segi open world keren banget tapi masih banyak kekurangan nya yaitu dialog cerita yg berkepanjangan kasihan player yg waktu nya cuman sedikit buat log-in mana hadiah nya tak sesuai lagi terlalu sedikit sedangkan quest nya panjang banget minimal kasihlah sesuai jerih payah player dan jumlah batasan resin diperbanyak lagi minimal 500 atau 600 lah dan waktu isi ulangnya dikurangi ini sangat dibutuhkan di berbagai macam build mau itu dari karakter, weapon, artefak, dll",3,0,,2025-03-26 07:59:05,,,
26785ec0-06a7-4232-b6db-b3d77b2027a0,Athira Clyra Zaa,https://play-lh.googleusercontent.com/a-/ALV-UjX6qZFg0uVyxtoP-hpp9H2rn32twF6bRD8NWfmN-1pnkYqPqUo,game kikir,5,0,,2025-03-26 07:58:25,,,
fc0d1523-473b-44b2-aca6-bb42e8b8d5d3,Faqih Hafidzta Asya Setiawan,https://play-lh.googleusercontent.com/a/ACg8ocJ7V-fdXzbbBS655YJ9lJgK906zRXNr-cDCV61vqHWd4RMhqg=mo,game keren tapi kikir,4,0,5.5.0_31400259_31451966,2025-03-26 07:52:27,,,5.5.0_31400259_31451966
6616d438-d6ce-48b5-b0cd-9e5a9e9686a0,Muhammad Iqbal,https://play-lh.googleusercontent.com/a-/ALV-UjWSgA5lcPtidSd5G3NvhMLQMY3KXY31JnsOGMKqkdvqa-vYQ0VZ,Game kikir,5,0,5.4.0_30057195_30231699,2025-03-26 07:51:08,,,5.4.0_30057195_30231699
417f1b89-2174-41a5-8d41-faf3ae80b31c,Ezgaming,https://play-lh.googleusercontent.com/a-/ALV-UjUNZ8v2ne9KKcdMX9sFSl9wbwIbgEKxWU6VLx8QaWyCMnVZ_lGP,untuk semntara ok,5,0,5.4.0_30057195_30231699,2025-03-26 07:46:54,,,5.4.0_30057195_30231699
a5f635ee-31fa-4f47-a0cd-c387f85460e5,Martgu Pardede,https://play-lh.googleusercontent.com/a/ACg8ocICDvYIRXrtVbPUXrfrgfhoWUQ-U9IGlPxpbE6U0hy-y2Ok4g=mo,nice,5,0,,2025-03-26 07:45:43,,,
544ee3a8-3b8c-40e4-a933-faf7ef23cbe1,Khansa Qonita,https://play-lh.googleusercontent.com/a-/ALV-UjU5EhnuJnMsN1B9_hDVTKuUu3NEiekL71lvlYDIU7lmuMvRWws,kalah Rate-Off,1,0,5.4.0_30057195_30231699,2025-03-26 07:44:21,,,5.4.0_30057195_30231699
2e985b65-bff3-41a1-88cc-6ecbcf732286,Haikal Syahputra,https://play-lh.googleusercontent.com/a/ACg8ocLeTq4U3qfflAYBfE_hXiPcfzvTA81xsltRz3xQURNhdYHJTg=mo,bagus,5,0,5.4.0_30057195_30231699,2025-03-26 07:42:41,,,5.4.0_30057195_30231699
63445a64-ba17-4ca9-bef5-2ec64d62dd9a,Anisa Idaramadani,https://play-lh.googleusercontent.com/a-/ALV-UjVMTndIuTVGra1Nyrzkdp_qQeEPx2trkFE5VlprTSb7vofFS-8,"udah bagus banget sekarang hoyo tidak pelit primogem untuk f2p tapi tolong hoyo fix artifacts sistemnya, aku sering dapat artefak ampas di domain.",3,0,5.4.0_30057195_30231699,2025-03-26 07:41:30,,,5.4.0_30057195_30231699
110b4390-eaa4-4547-8f76-cf3abac5085e,khalisa putri adventur Putri,https://play-lh.googleusercontent.com/a/ACg8ocKXOnAeYdMcaLSqebLbAPxMoam9fWpC4BxqjeNfHTiPVCJrpQ=mo,bagus banget game nya🔥,5,0,5.4.0_30057195_30231699,2025-03-26 07:37:11,,,5.4.0_30057195_30231699
88e11a6d-3044-419c-8277-9f49ed5743bd,Abel Kaisyah,https://play-lh.googleusercontent.com/a/ACg8ocLTLURr20pdQBYeTsj2puajQRSft4k8yKaX7i_WSxIeTqSJTg=mo,gacha karakter dan farming artefak busuk semua,4,3,5.4.0_30057195_30231699,2025-03-26 07:37:01,,,5.4.0_30057195_30231699
e69e6e7f-dde2-401b-b864-c96d426aec3b,Brigita,https://play-lh.googleusercontent.com/a-/ALV-UjUrADyZvGNeF7f86OVyHbhDuki2AXwCGf7SpPTrExhwC-s_tAE,"buat yang ngasih bintang satu ke game ini, BERSYUKUR BRO. ini tuh game kayak movie, novel, di perpanjang biar berkesan. Ya kali kau nge-dialog, terus baru 1-8 dialog langsung cutscene??? ya kan enggakkk. Buat yang komplen sama karakter Natlan, ini tuh game CINA, di cina standar kecantikannya itu ketat BANGET harus putih blablabla. maklum lah bro. honkai dll aja banyak yang putih. sekali ada karakter item itu bersyukur, kaeya, cyno, sethos. BERSYUKUR BRO.",5,1,5.5.0_31400259_31451966,2025-03-26 07:35:14,,,5.5.0_31400259_31451966
67bcd5b8-fd65-487a-ba5f-4b0b4516e2e5,Guntur Kece,https://play-lh.googleusercontent.com/a/ACg8ocKLg_R2yq1xHj2eH-iTMAK-A1YwwxOSS76fXVHQfXlwnorEWQ=mo,Kebanyakan Update jir udah lama hp Rom 256 hanya karna game ini aja hbis hampir setengah Gb,4,0,,2025-03-26 07:34:49,,,
880857c1-2e10-4c73-afca-a4a8826515b4,Stanly Alexander,https://play-lh.googleusercontent.com/a/ACg8ocJns5VVaQ5sOI8SCL8sUnytUtkvKGgD5wdKSU-fnk_IUjWqVw=mo,i love this game,5,0,5.4.0_30057195_30231699,2025-03-26 07:33:44,,,5.4.0_30057195_30231699
af59a5ad-2c91-41cb-866a-a8b9519bdab6,ikwan setiawan,https://play-lh.googleusercontent.com/a/ACg8ocLQMme9heWdzFaxYEm4YYS6_J1E9XWHIRxNOkUd60Z6Pz9KrQ=mo,game nya seruh dan menantang,5,0,5.5.0_31400259_31451966,2025-03-26 07:32:44,,,5.5.0_31400259_31451966
11521f5c-dfb0-413e-9b36-3eb96b3ff9e5,Alfin A,https://play-lh.googleusercontent.com/a-/ALV-UjXNFvv-XKqiMRBmg4byPw7WwXrhL1GYk4r0e-l2N_NhgK_IcqRN,Menurut ku story quest nya terlalu singkat.. Kalo bisa d tambah lgi.,3,0,3.6.0_13833164_13951843,2025-03-26 07:31:29,,,3.6.0_13833164_13951843
ca344b4b-4352-4b27-a856-bfb54883b1f9,MONKEY D LUFFY,https://play-lh.googleusercontent.com/a-/ALV-UjWrmRqbnOc5VBklaW7FhmB5zhPXJeMdgCGeG8N7hS4ckBXrfSQ,"overall notbad but,ini game pelit amat😒",4,0,5.4.0_30057195_30231699,2025-03-26 07:27:34,,,5.4.0_30057195_30231699
c06f6d61-33b3-4070-8bfc-7d1de9b069e2,Farid Rosandi,https://play-lh.googleusercontent.com/a/ACg8ocL1uuSfRL5P2HUh2JPwpF2DGgip-svbArogBMMqo_v7-9pRNw=mo,"game nya bagus dari segi grafik dan gameplay,pokonya game nya bagus banget dah",5,0,5.5.0_31400259_31451966,2025-03-26 07:25:51,,,5.5.0_31400259_31451966
44f256d2-b367-4c98-a6ea-e94d9c2898e1,Bolang Bolang,https://play-lh.googleusercontent.com/a/ACg8ocIFGHiYHgLczJzTcLyFo0-IhTj7mBsUqT96Jdx6XuYoN5JRKg=mo,download datanya lambat tapi gerafiknya luarbiasa,4,0,5.4.0_30057195_30231699,2025-03-26 07:25:20,,,5.4.0_30057195_30231699
7349b902-a9eb-471b-acc7-d23e39e5eb78,Muhamad Madya dipura,https://play-lh.googleusercontent.com/a/ACg8ocIaAvbKx9LrmeqFxj644pUgltJGfuuRVRQdR7UTaPt0twEsVg=mo,adain skip percakapan/sceen la banyak bet,3,0,,2025-03-26 07:22:07,,,
b55b53ac-765f-4daf-a980-6076ab81e1ba,Kristanto Prasetyo,https://play-lh.googleusercontent.com/a-/ALV-UjUng1sEYoz_HJR8TWVG8Dfhea6dUoEANxjvbmqbGR8-sSeELNvT,"pengalaman bermain saya cukup bagus, sebenarnya tombol skip di quest tidak terlalu butuh, karena banyak makna tersirat di semua questnya, kalo quest di skip kalian nikmatin gamenya gimana coba, untuk para pemain yg berkendala saat game play penuhi syarat minimum untuk bermain, gabisa main nyalahin dev ga lihat devicenya, untuk yg tidak hoki saat gacha yah wajar aja sih namanya game gacha, mau ada resource yah top up lah, dev buat game untuk jualan bukan amal terus, gaada untungnya buat apa coba",5,133,5.5.0_31400259_31451966,2025-03-26 07:21:35,,,5.5.0_31400259_31451966
b319ba55-295e-4da7-9cd4-dea41ca534a6,Ahmad Ilham,https://play-lh.googleusercontent.com/a/ACg8ocL2l8QzpJdu7pBYvsw6PK522CFAgqcrEDrmrN_H00p76G6ZSQ=mo,grafik yang sangat bagus,5,0,5.4.0_30057195_30231699,2025-03-26 07:20:38,,,5.4.0_30057195_30231699
b7e974a7-781c-4c11-ad9a-ef420f2086ef,Psychic -_-,https://play-lh.googleusercontent.com/a-/ALV-UjXmUASpCe-pZWFTBsxwA7X2nV9Dk3eiCaGOcO4CGdoKZClb7YIi,"fix bug di area switch akun, alhasil jadi 2-3x login. lumayan meresahkan",4,0,,2025-03-26 07:10:55,,,
13b73b70-a092-4c37-92d7-a90a210e2dde,Animula Choragi,https://play-lh.googleusercontent.com/a-/ALV-UjVbAB019Uq55I004tTKp3aVJtEZtHbyrZekeNXdhDBXTLZXr-24,THE ORDER!!!,5,0,,2025-03-26 07:09:45,,,
469853f4-41c5-4511-9e0d-8cc892eae15a,sari zai ahmad,https://play-lh.googleusercontent.com/a-/ALV-UjUniMjk5NJhm2HkbSLKYgZMDaoVILrfv-82ZhyKjtxTqQ7zPMaD,"menyenangkan,semoga bisa update kedepannya bisa lebih bagus lagi",5,0,,2025-03-26 07:02:52,,,
c4213b8c-34fe-4823-a258-92ed33298dbc,anisah mahfudhah billah,https://play-lh.googleusercontent.com/a-/ALV-UjUBhKG1Gry7h3db55OABWXqDAgwPQ2fKU3V0W1Q7ANXkN-2O0VN,"Secara keseluruhan bagus, tetapi ada beberapa karakter yang tidak dapat bersuara saat berbicara ketika archon quest berlangsung.",4,0,5.4.0_30057195_30231699,2025-03-26 06:58:54,,,5.4.0_30057195_30231699
cb99bcab-02d6-45e5-9faf-a5a29549944c,Keandre Iham,https://play-lh.googleusercontent.com/a-/ALV-UjXWnApmE7BkVBsyBhwiRpAmQ2KN9ewXDYSynY4eg3ZNyKwxb3g,seru,5,3,5.4.0_30057195_30231699,2025-03-26 06:55:18,,,5.4.0_30057195_30231699
0686b3fe-af3b-4c62-9420-22b3a47a8ea7,sdys sqys,https://play-lh.googleusercontent.com/a-/ALV-UjWj_PAapyYC3s--epRYLbM2xqMPurN1SH7BfjA_UyyO7gnWCoxt,gem dermawan baik dan sangat tidak KIKIR yahj😜🤭🤟🤙🙏🏻,5,0,5.4.0_30057195_30231699,2025-03-26 06:54:06,,,5.4.0_30057195_30231699
bfc28192-b281-4f82-ad9d-bc39310443b6,Lucia Suharyanti,https://play-lh.googleusercontent.com/a-/ALV-UjUboTH5ZhPxUdxsjJra9GUnKS65LCbOE-jJaTny5eLUeYnciP4w,"Gamenya bagus,bagi yang tidak suka game kompetitif",5,0,5.4.0_30057195_30231699,2025-03-26 06:44:30,,,5.4.0_30057195_30231699
91920ad5-22b1-4146-b052-69f4686dd16a,Nadd Nad,https://play-lh.googleusercontent.com/a/ACg8ocKzKZfQh_Rr0siBr1Ka3Z9SCbHqfrIynF8CHPSj06WDPLasGw=mo,"AKU MAU RAIDEN,btw game nya bagus",5,0,,2025-03-26 06:41:27,,,
1f301f55-ad8a-46c3-adfa-573dac545237,Ratu Ugahri,https://play-lh.googleusercontent.com/a/ACg8ocLwMbhlaPZ37Kx6MVfhB-vNWxia9NfHOIv7sI8l0Bpr4JHE-g=mo,game bagus banget serasa main di dunia anime rasanya jadi aku rating bintang lima😋,5,0,5.5.0_31400259_31451966,2025-03-26 06:38:26,,,5.5.0_31400259_31451966
bd69df4f-17f0-4e75-95d2-96feeb3f4cc8,Rizki Ghani,https://play-lh.googleusercontent.com/a/ACg8ocJwmFnf7T0bW_5B27MaWMloGfKNnca2QSHr3SmeZ4lWbNf0_08=mo,👍👍,5,0,5.4.0_30057195_30231699,2025-03-26 06:27:12,,,5.4.0_30057195_30231699
5dbd5429-2c75-45f4-a2f2-1aeb4b2b2520,ARRUHUL JADIID HIBATULLAH (Arru),https://play-lh.googleusercontent.com/a-/ALV-UjU8ZwWZeI88eRPpT_t88AOHgGhPl24uBxA0RXRI5Ak-yFrq7dQ,game dari Hoyoverse bagus-bagus semua 👍👍,5,124,5.4.0_30057195_30231699,2025-03-26 06:26:57,"Terima kasih atas dukungan Anda terhadap Genshin Impact, Traveler! Kalau Anda mengalami kesulitan apa pun yang berhubungan dengan Genshin Impact, silakan hubungi kami melalui email atau feedback in-game untuk mendapatkan bantuan.",2024-08-20 17:27:49,5.4.0_30057195_30231699
c5a1dbc6-74fa-48c5-8282-c53651d0dbc7,Genjieeeh Albino,https://play-lh.googleusercontent.com/a-/ALV-UjXHADb3vziIeA7Gf7M4zay2gwY8iHip7EC6vZmOkcEs3fL1glk5,good,5,1,5.4.0_30057195_30231699,2025-03-26 06:26:15,,,5.4.0_30057195_30231699
ce6e9818-e3f5-430f-b0b5-e883b8689b44,Neveline Denyna,https://play-lh.googleusercontent.com/a-/ALV-UjUmnQEMr_h_Aa4PbkAB51AAuyQa7K1pTRzJbFg0PQ-yIut99Es6JQ,update nya maksaa bangettt,1,0,,2025-03-26 06:25:46,,,
63948000-5fff-44a6-8bc1-cbd311a0687d,Kezia Permata,https://play-lh.googleusercontent.com/a-/ALV-UjVHhxo7hh3hLAP2VbabuoOnFtAqSymeSAyRIeGLiaInR4zR8OWt,"terlalu pelit.. capek grinding, game jadi membosankan karena harus explore sampai mampus",2,6,5.4.0_30057195_30231699,2025-03-26 06:24:52,,,5.4.0_30057195_30231699
ad446fa4-67a1-498c-9c76-f5913c8d3d35,Zifli Mustari,https://play-lh.googleusercontent.com/a-/ALV-UjW3okXXYVu9t8HTBhxWyc_wBsnbjQ-lpwWYnwbRvK6N20Ay37U,ngelek,2,2,5.4.0_30057195_30231699,2025-03-26 06:23:59,,,5.4.0_30057195_30231699
82e8146a-93a5-4624-92ee-46b0d9e9a51e,Mr Money,https://play-lh.googleusercontent.com/a/ACg8ocK7FVBL4wEi8sy0Nw_URt7rVMGvO7NTtS1lvhZ7v7p_iRmt8g=mo,ga ngotak pengunduan datanya anjir 32gb. gw pas lagi di dowload ud mau 3gb malah ke reset,1,0,,2025-03-26 06:23:12,,,
0193ab38-148d-4025-960f-9a9e4bf3a6db,Alka Line,https://play-lh.googleusercontent.com/a-/ALV-UjWoglVYEToUsOteIJ9IiaZMdmNSwkNSH3D_sIk8Q8CDAdN65est,Seru coy walaupun gk pernah hoki dpt karakter b5,4,1,5.4.0_30057195_30231699,2025-03-26 06:20:44,,,5.4.0_30057195_30231699
12f1cfb2-a651-46c8-88cf-46563e756890,Alya Husna,https://play-lh.googleusercontent.com/a-/ALV-UjWfUCrlgMYG7sP7Xpmbp5l09PSY2zYhfCsq3U4QDsdJxBr5MeEI,"visualnya cakep banget,(sayangnya kikir)",4,0,5.4.0_30057195_30231699,2025-03-26 06:18:02,,,5.4.0_30057195_30231699
a9f42bd6-8c8b-4732-8281-680055c1b36e,Rahma Syibi,https://play-lh.googleusercontent.com/a/ACg8ocIoFaQgpNG14EwRJDNC02djHkohN37szhuOCdh0UQM6qxds3Q=mo,bagus sekali lee,5,0,,2025-03-26 06:16:34,,,
b450083c-9dfb-4142-8e16-8bfc20d46ca7,Tah 777,https://play-lh.googleusercontent.com/a-/ALV-UjWLeVBeZw3iFMdCuX71lYO1jM_vRo6skyn5hYL1TnJwC6W8zSZ_,"banyakin char cowok woi, ini bukan game barbie",2,0,,2025-03-26 06:12:09,,,
5e7f84c5-c6a3-45ee-a9a3-fc9290016995,Jojo,https://play-lh.googleusercontent.com/a-/ALV-UjVQBNv8OlhMK-bfxXjoqWh13vBKv3No-_tc_cGswBGDTyTwGXU,ini sih game terbaik sih gameplaynya bagus terusss tapi kalo kalah ret off nangis sih tapi jujur gameplaynya asik bngt karakter nya juga lucu lucu,5,0,5.5.0_31400259_31451966,2025-03-26 06:08:28,,,5.5.0_31400259_31451966
ad523f9a-04c3-49c6-b7e8-c6209794cd70,AHMAD BELAJAR,https://play-lh.googleusercontent.com/a/ACg8ocLtAgNnYVpMc8o_kbmOuGDeuY9JOWIhCrUEZOxCEzUch77T3g=mo,gamenya bagus my tipe,4,0,5.4.0_30057195_30231699,2025-03-26 06:07:20,,,5.4.0_30057195_30231699
19be504b-2332-484d-86bf-e29366fed423,Oga,https://play-lh.googleusercontent.com/a-/ALV-UjUCM7x4Kc2m9TrWvComo51M_dbrn939AcE0jPD7usCyu1fyA3ba,"Tolong dengarkan feedback dari player, cukup itu aja",1,0,5.5.0_31400259_31451966,2025-03-26 06:05:22,,,5.5.0_31400259_31451966
4601fd40-0594-47fe-b3cb-68e6c0d7ab94,Hanan,https://play-lh.googleusercontent.com/a/ACg8ocK5nV_5RdcIzc6X-mXOlAPjAS3auK4t26zK_2sNfbKOqtf6=mo,"game nya bagus grafik nya bagus kalo device nya oke ,cuma di update yang terbaru tolong perbanyak karakter cowok b5 limited soalnya sekarang kebanyakan karakter baru b5 cewek dan karakter cowok nya b4",5,0,5.4.0_30057195_30231699,2025-03-26 06:04:10,,,5.4.0_30057195_30231699
5441a546-a755-4e5d-91fd-eb685e056bfa,Happy End,https://play-lh.googleusercontent.com/a-/ALV-UjU408iWpA_DDo1BStsW60eFYmgkhzlSGWLqUMMhUPGxnAAi8O8,👍,5,0,5.4.0_30057195_30231699,2025-03-26 06:01:34,,,5.4.0_30057195_30231699
caa52545-12ee-4dca-8395-59b40dadf8bc,Kelvin,https://play-lh.googleusercontent.com/a-/ALV-UjWIcXx4TXLiRfb1_hfjGWwntC10tudl-fGfddiml0z-IE4YnQO5,ouwevevevewewewequeq osas masi kurang primonya nih🫩,5,0,5.4.0_30057195_30231699,2025-03-26 06:01:12,,,5.4.0_30057195_30231699
41ebdd49-818d-48ac-a30c-2544f651bdff,Reiz M,https://play-lh.googleusercontent.com/a/ACg8ocIjVtUaJPzSz4cR7LBlN_yLcfG_ey_nzonvAWJ0j-vmYEhwyA=mo,"ini satu satunya game yang paling lama ku mainkan bayangkan kurang lebih 5 tahun masih belum tamat.. untung game nya bagus, cerita bagus, tema nya bagus jadi masih excited dengan update setiap patch nya. update yang paling ditunggu pastinya quest archon atau map baru🔥..",5,5,5.5.0_31400259_31451966,2025-03-26 05:58:58,,,5.5.0_31400259_31451966
4d752647-7553-4d31-b1fa-860cf425f0bf,LYRP 1,https://play-lh.googleusercontent.com/a/ACg8ocISra_bNhe9bZQaGQ5a51yf7Qm8kHuAxfcbeMQnpxDXUznIdQ=mo,game bagus cuy😁👍👍,5,0,5.4.0_30057195_30231699,2025-03-26 05:53:04,,,5.4.0_30057195_30231699
51092a23-51f1-497d-83a6-97eff7e78328,Anak duma Aja,https://play-lh.googleusercontent.com/a/ACg8ocKoY1ELJCEmH0Zmk5w5qGjpwE0j0-UdUGOE0Y21I6GE1UHbNA=mo,seru,5,0,,2025-03-26 05:39:44,,,
1170e1f5-3253-482a-9b01-0acee100c82f,Andhika Ekaputra Rossy,https://play-lh.googleusercontent.com/a/ACg8ocJ6xRFpxJSiCkxQP5ktIri5nK3qNEtbH0kl8JkD0gNaf6slxOA=mo,"Saya suka sekali dengan game ini, menceritakan perjalanan traveler dari penjuru bangsa, fitur fitur yang ada di game nya sudah keren, kalo bisa di versi selanjutnya lebih dioptimalkan lagi agar tidak ada lag",5,0,5.4.0_30057195_30231699,2025-03-26 05:37:36,,,5.4.0_30057195_30231699
f10decbb-7a00-4609-b5e9-0b6bd4b03c09,Astileufa,https://play-lh.googleusercontent.com/a-/ALV-UjXpgEtKJH423bER2UCqX09-RV27ZhjRWQLWZh38l-L8iEDJAto,"game best forever, meski kadang sinyal agak ngelag tapi.. ni game, game pertama yang buat gw se amazed bgt",5,0,5.5.0_31400259_31451966,2025-03-26 05:36:56,,,5.5.0_31400259_31451966
55670506-6345-4480-bdc4-86cbb5c632ad,raxcz !,https://play-lh.googleusercontent.com/a-/ALV-UjXV6DCJEepwm91ZvLBKzbdINL5tNal2CAM770itqGwsF1RD4tOZ,"GAME DERMAWAN SAMA PLAYERNYA,SETIAP UPDATE PASTI BANSOSNYA MELIMPAH, MAKASIH BANYAK HOYO😁",5,0,5.4.0_30057195_30231699,2025-03-26 05:36:45,"Halo, Traveler! Mohon maaf atas ketidaknyamanannya. Demi menemukan penyebab masalah yang terjadi, Traveler diminta untuk mengirimkan masukan tentang informasi yang terkait kepada tim Layanan Pelanggan di dalam game atau melalui email. Kami akan memberikan jawaban yang terperinci untuk Traveler.
",2022-11-16 08:35:36,5.4.0_30057195_30231699
cfe90f73-15f9-42ab-b25c-88dff0b6c03e,mumeti mbok,https://play-lh.googleusercontent.com/a-/ALV-UjWWwO3f1Xz3Pez9gLj3XyLmlarf2rUfJ_RBlW4QbnZHScmpraB0,Terlalu panjang ceritanya bolak balik ke tempat yg sama loading lama eh tiba tiba disconnect,2,3,5.5.0_31400259_31451966,2025-03-26 05:35:03,,,5.5.0_31400259_31451966
ca625210-2d6f-411f-996a-6e7f08cc8684,Rensa Dsasaki,https://play-lh.googleusercontent.com/a-/ALV-UjVEsMg8WrIm6U3VYIRIjhOIsQd9EKmw8kKoe_WrcA6ONayOm_jQ,"Berikan Aku xianyun dan xilonen dengan low pity + menang rate off, kan ku pastikan kau mendapatkan bintang 5",3,0,5.4.0_30057195_30231699,2025-03-26 05:33:53,,,5.4.0_30057195_30231699
6306d5b5-1a87-404f-8c02-d263183df74d,Yefta Anabelle,https://play-lh.googleusercontent.com/a-/ALV-UjW1jwGvRIdNR_jvdRUAN2kDMfOlRKP17rRjz4eMFlcuQRCMd-0,"game ini bagus banget, pemandangan nya sangat cantik, tapi kalau f2p Ar tinggi pasti genshin mulai boring karena gak ada lagi yang perlu di kerjain",5,11,5.5.0_31400259_31451966,2025-03-26 05:30:51,,,5.5.0_31400259_31451966
8e141275-df09-42cf-82b7-728ecb6c462d,Nur afifah Syafriani,https://play-lh.googleusercontent.com/a/ACg8ocLw4jifWH_30y1cnTVZn6Uwx8FhaayPOR4bUojgYT73QRQMIQ=mo,"bagus cuman, perbanyak karakter laki"" jangan perempuan terus",5,0,5.4.0_30057195_30231699,2025-03-26 05:30:13,,,5.4.0_30057195_30231699
1e236e4c-9aec-42e8-b48b-5d22fd424c1a,Kapten Senior,https://play-lh.googleusercontent.com/a-/ALV-UjVbgJ7bpk4D9mQErBvuaFbOclhPpEPxegG8xskkn_vU5WGe3RiK,Cukup Bagus Untuk Pemula,5,0,5.4.0_30057195_30231699,2025-03-26 05:29:47,,,5.4.0_30057195_30231699
7bff8760-06c2-4afd-9b54-25f76f958019,Vanessa Reva,https://play-lh.googleusercontent.com/a-/ALV-UjXe93TNN2y3vleNZDES_qg_ia5kAgk5FltdgfyauD7psvqVIcA,bagus karna aku suka venti😘,5,0,5.4.0_30057195_30231699,2025-03-26 05:28:34,,,5.4.0_30057195_30231699
7f7af891-c675-472f-9a3e-03a3adcbe975,Hanifah Qurrata Ayun,https://play-lh.googleusercontent.com/a/ACg8ocIAzGbhOlY0OVdSsgvjQ45Bhqaj73Amla9xQp3bQFlTJLMONw=mo,"Game nya seru, grafik nya juga bagus tapi minusnya banyak pengisi suaranya yang demo jadi bnyak karakter yang GK ada suaranya.",5,0,5.4.0_30057195_30231699,2025-03-26 05:28:05,,,5.4.0_30057195_30231699
302f0fba-1b00-4362-9e4b-e9485cc840fc,BG Revan,https://play-lh.googleusercontent.com/a/ACg8ocIQT3dOC7BlLaSbUj_guwsAaS2t_P3fjvi7k9s2hQVlSMRXkg=mo,"Dari segi explorasi itu yang paling memuaskan,semoga bisa di improve dari segi lain karena menurut saya dari segi selain explorasi masih kurang",4,0,,2025-03-26 05:24:29,,,
378b7f23-0327-4cb4-875e-295d60ee1568,FAHRADHIBA,https://play-lh.googleusercontent.com/a-/ALV-UjVpxBxuJcMneMFht8PbU2EC0GQzePcVwQx9enKH2mBdBIssYsKBcA,game terbaik👍,5,0,5.4.0_30057195_30231699,2025-03-26 05:22:43,,,5.4.0_30057195_30231699
d8111eff-0b54-44dd-b1af-5fc97f44871e,ahmad rafi,https://play-lh.googleusercontent.com/a/ACg8ocIA3c2AnmbcrqzjsVvzG1d_v1TmVz5CG_lau20teNG1HaxVwA=mo,jgn terlalu pelit lah mihoyo,5,0,5.4.0_30057195_30231699,2025-03-26 05:22:08,,,5.4.0_30057195_30231699
f4d29f3b-7e01-42c3-8a3e-58f841307b13,Alvaro Furqon,https://play-lh.googleusercontent.com/a/ACg8ocJMVHAx27VgPyhTfCo2NPJxKIAo8ymon7RxbCFGT20PJd64Rg=mo,lumayan lah,4,0,,2025-03-26 05:17:03,,,
da98945d-757f-4061-b1ee-9f386d73028a,Edogawa,https://play-lh.googleusercontent.com/a/ACg8ocLREf0nHIM00r8AdO05DHEvOn27GwSk6Wg-JOPbGSYHKgYBew=mo,waw game baik ril 100% gacha nya wangi (kasih aku varesa please),5,0,5.4.0_30057195_30231699,2025-03-26 05:16:20,,,5.4.0_30057195_30231699
d808852e-09a2-4b7e-941b-da6031fa7afd,Hanamoto Kagura,https://play-lh.googleusercontent.com/a-/ALV-UjXBjTkMWwj9RK1wCN12SsRkh8svgDafliEjyfBTX8sWt9fab9GY,"Game nya sangat bagus, grafik bagus dan desain yang menarik tapi terkadang tiba tiba saat main game nya...terkadang keluar sendiri dari gamenya padahal tidak ada yang menekankan untuk keluar dari game, dan juga game nya cepat mengurangi daya baterai",4,2,5.4.0_30057195_30231699,2025-03-26 05:09:41,,,5.4.0_30057195_30231699
346d33c7-9986-4e29-8396-e5f112bd0c43,Ahmad ali Hasan,https://play-lh.googleusercontent.com/a/ACg8ocKlB2ZQM1nIID5s7_2MNmvWCReK4VQyvr1eTHBG7TUA5N18Jw=mo,ini game bukan sembarang game ini kek ceritanya yang bagus ada world quest nya terus misteri belum terpecahkan tentang traveler jadi hoyo please bikin genshin impact yang ke 2 biar bisa tau gimana tentang karakternya riset tapi nantinya ada pilihan yang mungkin boleh lebih 1 terus nantinya ada satu traveler lagi buat kita klo kita milihnya keduanya nanti karakternya pke topi Cowboys yang pasti bukan chasca jadi please bikin lagi satu traveler buat milih karakternya itu lebih 1 gitu hoyo,5,2,5.5.0_31400259_31451966,2025-03-26 05:06:39,,,5.5.0_31400259_31451966
d316d03b-019b-4946-b45c-f54f025a5c41,Xylz'Elt.17,https://play-lh.googleusercontent.com/a/ACg8ocKYLurWnQt8Fpi3nAKboNJdgfWYF_SfQQ-vtI04i6sQqES7-Q=mo,"lorng pda klo ngeluh gda tombol skip, ga support, mengompilasi shadernya lama mah itu emng device lo yg kentang, mikir dkit knapa? dikira genshin game ringan segajat raya apa yg size nya 30+gb gitu? lo klo mau lancar main genshin cloud, msih ngeluh jg ngntrinya seabad? ydh buang aj hp nya slh sndiri hp nya kntank, mslh gda tombol skip? emng iya bnyk dialog nya cuma cerita gini nilai utama dri game ini nyesel jg klo di lwtin aja, gda wktu? ya nunggu wktu luang kan bisa, gosh di paksain orng FOMO""",5,0,,2025-03-26 05:06:08,,,
112d9d97-eb21-4a1f-863b-972f269c93e0,Reitaro “Shitaro” Ashiki,https://play-lh.googleusercontent.com/a-/ALV-UjXSyfzCZW9ZAKmY6iC1QuxcDi-UdZyuGc0J0DsWylxEBc4AqPs,mantap,5,0,5.4.0_30057195_30231699,2025-03-26 05:05:16,,,5.4.0_30057195_30231699
d4fe5189-b94c-4f34-af34-64064b51e028,Irfan Hanifa,https://play-lh.googleusercontent.com/a-/ALV-UjXM5e-e2-HlTARA6l_h5i_cAtKzP_dDmP9i7bmeae7-yw8ZjPYf,terlalu sulit untuk mendapatkan karakter B5 nya,5,0,5.4.0_30057195_30231699,2025-03-26 05:04:05,,,5.4.0_30057195_30231699
467fa48c-5655-43b6-95c0-46623f9528ee,Rozi Coy,https://play-lh.googleusercontent.com/a-/ALV-UjUQ-WYCtu0peBc4R-vr969mPKEppJMciRCOTeH7TPXXO9KlXdk,saya sangat menyukai game ini walaupun bikin pusing dikit tapi saya tetap menyukainya,5,0,5.4.0_30057195_30231699,2025-03-26 05:02:23,,,5.4.0_30057195_30231699
d55e00f0-2ae6-499d-b4d7-fc4dc2c0b77b,Yusup sanjaya,https://play-lh.googleusercontent.com/a/ACg8ocJn_RffOJpFuQeuBzA19CuAibTpelHe0eyDIk-On2NQ4eelXg=mo,Ayo dong.. masa udah 3 tahun rewardnya bgtu terusss,5,0,5.4.0_30057195_30231699,2025-03-26 05:00:40,,,5.4.0_30057195_30231699
e342896b-8acf-478c-b7fb-58360db7f50a,Rafa ranata,https://play-lh.googleusercontent.com/a-/ALV-UjVauA1QY6XURtQ771UZlI3lxEOdqNU7UbO45zvHXus3C6iaFYEZ,Waw,5,0,5.4.0_30057195_30231699,2025-03-26 04:35:02,,,5.4.0_30057195_30231699
e802bfed-0d18-4a92-b008-d98c9993c355,Francine Azzahra,https://play-lh.googleusercontent.com/a-/ALV-UjVazZRcDMLwQTXWSPSNo95MNapnTdklvw-OCPBSyYu0G0B2zkkg,"seru, bagus dan menyenangkan",5,0,5.4.0_30057195_30231699,2025-03-26 04:34:23,,,5.4.0_30057195_30231699
54045a60-2540-435a-9c00-fc5be91ec342,Prasetyo 1320,https://play-lh.googleusercontent.com/a-/ALV-UjVZFe-t5wgMmhSuSgp8bVNUmF4fXfRU6o43jTSX3lu7B9tPcNeF,genhsin impact Game paling bagus,5,1,5.4.0_30057195_30231699,2025-03-26 04:34:06,,,5.4.0_30057195_30231699
86e343bd-02d8-407d-9036-2a0a022b63c8,Lenzz Tokisaki,https://play-lh.googleusercontent.com/a-/ALV-UjWYpTfrJKE2a02ldoiX1KXiK5xnTrTMfdM-hC04TrZT8iQXcI20,tidak asik karena tidak ladang primo,3,0,5.4.0_30057195_30231699,2025-03-26 04:23:21,,,5.4.0_30057195_30231699
ad0c559e-1a67-41cb-a2f9-5212de347b8b,Hello Bro,https://play-lh.googleusercontent.com/a-/ALV-UjVKsOHQ9LnwhCqfSY7Sa2FKbib2Pi-fBc06mi8sl8IfgkzMzgSu,Huhh pilih kasih minimal kasih karakter b5 standar lah,5,6,,2025-03-26 03:49:13,,,
8ed9ac03-7dac-44b3-99fd-971ea38136e8,Lailatul Qodryah,https://play-lh.googleusercontent.com/a-/ALV-UjV0BQsQOzgd5EOJbrj0jV4j5G16Ol3T-qkGhjJ53eUAiACJm-nh,DAWEI PLS BUAT DOTTORE PLAYABLE! PLSS I'LL DO ANYTHING! 😭,5,0,5.4.0_30057195_30231699,2025-03-26 01:21:55,,,5.4.0_30057195_30231699
7ea67cdd-c9b2-449e-be02-6417071f6515,Rahmie Ponsel,https://play-lh.googleusercontent.com/a/ACg8ocJebjbXV8YEBUfraW5semTul_kMXMx6tQhCBuxT-v_sPldYyw=mo,👍,5,0,5.4.0_30057195_30231699,2025-03-26 01:20:34,,,5.4.0_30057195_30231699
656572b3-d0f7-48e9-a74e-b8cdc874a82b,Pradesta Nugraha,https://play-lh.googleusercontent.com/a-/ALV-UjWTum4SJFI2V_Yx6_GfmMbqWcWda71v_aKKMHyAwdvvo4PKiKUU,game nya bagus sumpah dah,5,0,5.4.0_30057195_30231699,2025-03-26 01:01:00,,,5.4.0_30057195_30231699
14e7045b-f6e8-4f60-a931-239b84bbebb0,Hana Malika,https://play-lh.googleusercontent.com/a-/ALV-UjXFGEHUtieogMyTtdw3GvkCEqyqjwwlsJ7ndKaskrfUEet-5olU,"Aku main genshin udh cukup lama, dan aku suka genshin karena story nya bagus n menarik, dunianya indah, karakternya bagus2.tapi yang saya gak suka,ini gamenya terlalu kebanyakan perempuan daripada laki-laki nya dan untuk meningkatkan level 50 an nya agak susah, tetapi game nya masih bagus dan seru dan bisa main bareng sama temen, dan kita bisa buat dunia sendiri (serenitia pot) di situ kita bisa kreasi sendiri dan semakin lama update nya semakin bagus dan event nya ya lumayan lah seru.",5,116,5.4.0_30057195_30231699,2025-03-26 00:09:03,,,5.4.0_30057195_30231699
