ReviewID,Username,UserImage,Content,Score,ThumbsUpCount,ReviewCreatedVersion,at,ReplyContent,RepliedAt,AppVersion
869d8e47-1649-4823-a630-dd9dea341421,Andewsadfrtgy,https://play-lh.googleusercontent.com/a-/ALV-UjWMiiGI46xxsELNofDjcIcwg5yvor3k1GBCTVgEQ3NhMWAOiwRU,Good,5,0,5.3.0_29183395_29332470,2025-02-10 22:52:05,,,5.3.0_29183395_29332470
a885d7e9-e655-4583-9686-488fe34938ad,21_Rafael Berly Johan,https://play-lh.googleusercontent.com/a-/ALV-UjU6XpQ249w2w5o6SY3PgDJKb01HyyBejLi6P2kbyAopO0thkGV8,Moga menang rate off,5,0,5.3.0_29183395_29332470,2025-02-10 22:21:59,,,5.3.0_29183395_29332470
59910aae-3174-4ab6-8b9f-eb7d6ded0ffb,Nova Corps,https://play-lh.googleusercontent.com/a-/ALV-UjXoviHpLXHn5Bi0xRKHANx5uZxOkqDtbsEtD-Z2tfFLeHAlX5wG,Udah ganti aja Jagan jadi game petualangan jadi game cerita aja kebanyakan bacotan gak bisa di skip,1,1,5.3.0_29183395_29332470,2025-02-10 22:05:06,"Kami mohon maaf atas ketidaknyamanan yang Anda alami, Traveler. Kalau Anda memiliki masukan atau saran, silakan hubungi kami melalui email atau feedback in-game.",2025-02-25 17:56:09,5.3.0_29183395_29332470
bfdbc555-30e4-42eb-9047-594d2aac4e0f,Aldi Ardiansyah,https://play-lh.googleusercontent.com/a-/ALV-UjWtZDdgLngZXr8H7Nd-6Oc0hD-dW9xAbvsss83N7ojPsDIAyus,Pay to win banget cuih!,1,2,5.0.0_26041933_26161852,2025-02-10 22:00:39,,,5.0.0_26041933_26161852
5800da6b-abcb-48f6-8a63-6564c452d03b,Kaysar Ramadan,https://play-lh.googleusercontent.com/a-/ALV-UjWo7AeW0aYdYbJa3NhDsbV79X9sXhKoOXo5yBWT2kuWDuUeoPHQ,"Menurutku sih bagus² aja game ini, game petualang yang menantang dan menyenangkan",5,0,5.3.0_29183395_29332470,2025-02-10 20:54:30,,,5.3.0_29183395_29332470
63ca4e9b-0282-4e85-8f66-618a28c42628,David Galaxy,https://play-lh.googleusercontent.com/a/ACg8ocJAXkFL6QnhhcEZI8pPBRTv9ZkLEFjPTiV85dK2QnJI-oKWKw=mo,Terlalu besar,4,0,5.3.0_29183395_29332470,2025-02-10 19:13:14,,,5.3.0_29183395_29332470
8cc8b53a-1be8-4071-8bf9-c9ca47bdfe7f,Vin,https://play-lh.googleusercontent.com/a/ACg8ocIXXnnAz263L2c2ydB2dUGjRJV3Xb9IoZ3iWRQ_zApxi4p7FQ=mo,good,5,0,5.3.0_29183395_29332470,2025-02-10 18:47:56,,,5.3.0_29183395_29332470
c2c126c1-b22c-4cf5-854a-d3148abcd9c4,ADLI RAMADHAN,https://play-lh.googleusercontent.com/a-/ALV-UjWeWq0_CxSibr_w_DKyuKVSNUKJU8Nhr0VmcXr608DPZiPGQq6_,Saya benci game ini karna kalah rate off di banner weapon dan karakter di pacth yang sama,1,2,5.3.0_29183395_29332470,2025-02-10 18:14:05,,,5.3.0_29183395_29332470
f37248a9-4043-4711-b143-e8ecb44204ce,Lulu Pitri,https://play-lh.googleusercontent.com/a/ACg8ocLsvBNwipvJHkRCCF0zg6EyiTXPtWRvaQzvm7l6QRJVxSGJsss=mo,jelek,1,1,5.3.0_29183395_29332470,2025-02-10 17:50:14,"Kami mohon maaf atas ketidaknyamanan yang Anda alami, Traveler. Kalau Anda memiliki masukan atau saran, silakan hubungi kami melalui email atau feedback in-game.",2025-02-25 17:55:44,5.3.0_29183395_29332470
679cadaa-6195-4ed7-a4ec-3ecf2325a388,Parrl Parel,https://play-lh.googleusercontent.com/a/ACg8ocKaCsZyq1XwPngI9l-YkS-m_ZoVwyYXKkRxF5dwX3qaVv03pQ=mo,Game kikir,2,0,,2025-02-10 17:40:43,,,
5cde3567-3ff9-4660-8e29-dcf424b36dae,Fyy,https://play-lh.googleusercontent.com/a-/ALV-UjXgWicWxf4AJJ4l25SF7EkZ5UNqHWc0J19x2oD0lFDect_oVPWR,"game kikir capek gw kalah rate off terus terusan, udah kalah rate off hard pity pula",1,1,,2025-02-10 17:36:10,"Halo, Traveler! Traveler dapat melihat aturan sistem Wish di bagian [Rincian] pada halaman Wish. Jika kamu memiliki pertanyaan tentang perincian dari aturan tersebut, silakan hubungi tim Layanan Customer Support kami melalui feedback in-game atau melalui email.",2025-02-25 17:55:35,
9f8f9c4b-b680-4839-91e1-4803f91f9f8d,Griseljolie Alexander,https://play-lh.googleusercontent.com/a-/ALV-UjWImdCJ2PKUGx1DBGpfjcRzTZE4xFVbbZ7wAWEZTOzpNTWDaTU,I like this game because i love this tall man,5,0,5.3.0_29183395_29332470,2025-02-10 17:23:49,,,5.3.0_29183395_29332470
75dbbdf7-9674-4fc1-bc2a-5e0cf8954844,After,https://play-lh.googleusercontent.com/a/ACg8ocLSVW4FurRxvc5OyfThwqYcrA3FAA9zvFzEd5v6lv-yNLX-xg=mo,Boleh banget dikasih fitur skip kali yaaa,5,0,,2025-02-10 16:58:44,,,
ec63dc2a-1f3d-4816-bd67-cc5c57246330,Dio Ariessandi,https://play-lh.googleusercontent.com/a-/ALV-UjXFas7OAkxxlLvh9MbG2Il_7wPojedOwGbCSlvfoRFWTjN9zFs,Kecewa dengan hasil Wish character dan weapon. Kecewa juga dengan sistem quest karakter berbatas waktu sehingga tidak bisa mendapat hadiah.,2,1,1.1.1_1437351_1398019,2025-02-10 16:07:02,,,1.1.1_1437351_1398019
782c5b4b-497d-47bc-bfa1-62dbb33fbd00,Fa'an Al-jailani,https://play-lh.googleusercontent.com/a/ACg8ocLukY7Wb3QMaOuL_KyyUWfyAId4EB2fb_PBZE-yZT6p90rPIQ=mo,Good,5,0,5.3.0_29183395_29332470,2025-02-10 15:31:04,,,5.3.0_29183395_29332470
da22297b-78b1-4efe-b50f-9fc356a08505,alexander felix,https://play-lh.googleusercontent.com/a-/ALV-UjXdysg4Tv9fTSjAkX3syCznOGuGuMm3Rx0Uo5WnEpOaioG-gsA,Lumayan,5,0,5.3.0_29183395_29332470,2025-02-10 14:28:58,,,5.3.0_29183395_29332470
b269c0ad-ccb6-4cf2-a584-a8cfdaa918e3,Caa`,https://play-lh.googleusercontent.com/a-/ALV-UjVmgkbcElolEK8cMVaszmV8n6nmHzn04QcJ5e42lLRFUJmkSJQ,lama bgt😇,5,0,5.3.0_29183395_29332470,2025-02-10 14:20:33,,,5.3.0_29183395_29332470
eccceffd-c03c-436a-a53e-ff5fbbd6db24,Abul Haritz,https://play-lh.googleusercontent.com/a-/ALV-UjWRzR-0ks1TeZEMzdh2gM7FmNGAQFmePiiFcfW7iPDtp4dIAwJo,"Tidak ada tombol skip story, sangat memakan waktu. Padahal mau main cepat",1,0,5.3.0_29183395_29332470,2025-02-10 14:18:24,"Kami mohon maaf atas ketidaknyamanan yang Anda alami, Traveler. Kalau Anda memiliki masukan atau saran, silakan hubungi kami melalui email atau feedback in-game.",2025-02-25 17:48:20,5.3.0_29183395_29332470
c4cb2deb-069a-4fb7-9b6c-ca2db4618e5c,Terka Narangsi,https://play-lh.googleusercontent.com/a/ACg8ocL-EtIBUDX3S3xVrVP2Zwo2j2Dph_9YYEqlzYJQdJEFNANxLw=mo,"Menurutku game ini sangat bagus untuk dimainkan, plot cerita nya menarik dan aku juga belajar semakin tinggi rank semakin tinggi level dunia. Secara keseluruhan semuanya bagus, semoga ke depannya ada event menarik lainnya dan ku mohon jika ada endingnya nanti biarkan kedua saudara itu bahagia 🥹",5,0,,2025-02-10 13:41:02,,,
7c723e20-544c-416f-a373-d169e9f98413,VIP 08,https://play-lh.googleusercontent.com/a-/ALV-UjXpGjSVk6LkiLpyg-foXv2rCZ-X6uydRJpB5w8O1mGhIf5Alp2TeQ,Kurangi woy dialong sampah,1,0,,2025-02-10 13:12:47,"Kami mohon maaf atas ketidaknyamanan yang Anda alami, Traveler. Kalau Anda memiliki masukan atau saran, silakan hubungi kami melalui email atau feedback in-game.",2025-02-25 17:47:35,
90472101-0467-4f1b-80f2-b9c49dfb148f,Pirgiawan,https://play-lh.googleusercontent.com/a/ACg8ocIPqMJ9VtsQ1Q74YYK4oqhCHjZxzSu2ITzk-ObaJM8hI6fo0g=mo,"server benerin dulu bang, jaringan sekenceng rossi maen ghensin malah ngedrop",1,1,5.3.0_29183395_29332470,2025-02-10 12:35:03,"Kami mohon maaf atas permasalahan ini, Traveler. Silakan hubungi kami melalui email atau feedback in-game untuk mendapatkan bantuan lebih lanjut tentang masalah ini.",2025-02-25 17:47:16,5.3.0_29183395_29332470
ca342893-8db0-48ca-94fc-0f8471c583ff,RRQ Dimas,https://play-lh.googleusercontent.com/a-/ALV-UjXSX4RUMlbRghb5ICa_CKnw8CY7pPQ23iQVqJ8SKBdraTqTers,Game 4no,1,0,,2025-02-10 12:10:38,"Kami mohon maaf atas ketidaknyamanan yang Anda alami, Traveler. Kalau Anda memiliki masukan atau saran, silakan hubungi kami melalui email atau feedback in-game.",2025-02-25 17:47:00,
36d3cdd4-ec51-4b8f-b4e2-d785e0a9f50f,muhammad giyham,https://play-lh.googleusercontent.com/a/ACg8ocLFrMgzhWlAIdDEssu30XGxfqgyGNZPjrl5X5yTNnywsWAflg=mo,game kikir udah pity 90 ga dapet char b5 yang di banner,5,4,5.3.0_29183395_29332470,2025-02-10 10:55:42,,,5.3.0_29183395_29332470
ed4c971c-aaaa-4c98-9ed9-22584e5662f4,Hervian Revo,https://play-lh.googleusercontent.com/a-/ALV-UjXB38wWVcRsI6gRLVHkdsTYYkakU1hvV8Ny-iE_MC_nJAWIllA0Jw,"Game yang sangat indah dan menghibur. aku sudah memainkannya sejak lama, sangat recomended bagi orang awam yang ingin bermain game santai.",5,0,5.3.0_29183395_29332470,2025-02-10 10:24:43,,,5.3.0_29183395_29332470
995b1f9a-61f0-4abc-9840-3431b446ae57,キラノマゼ（Uus）,https://play-lh.googleusercontent.com/a-/ALV-UjWnseVX8FCCHcOplyUJlXDbIuCiovy4n8GqFtWUjKujh1-eKGiy,QOL Bad,1,0,,2025-02-10 10:23:47,"We sincerely apologize for your unsatisfactory experience, Traveler. If you have any feedback or suggestions, please send us an email or contact Customer Service via in-game feedback to help us improve the game.",2025-02-25 17:46:37,
d78d921e-5cf7-42fa-b5b4-31b6c1c2c3bc,User Vivo,https://play-lh.googleusercontent.com/a-/ALV-UjWuDcrOiiHN04JLuhbXtw7QD0GZQvOxUc1tmRlSRK35rmEzZhAS,Sangat lah tidak menarik mb nya terlalu besar,1,0,,2025-02-10 10:07:29,"Halo Traveler,
Terima kasih atas support anda pada Genshin Impact!
Untuk mengurangi jumlah size data game, anda direkomendarikan untuk menghapus data Voice-line dan data Quest lama yang bisa dilakukan melalui setting in-game. Jika anda mengalami permasalahan lain atau ingin menyampaikan feedback, jangan sungkan untuk menghubungi tim customer sup...",2025-02-25 17:45:59,
f4322bfe-89c1-41bc-b213-106be71f6c5c,Gaza,https://play-lh.googleusercontent.com/a-/ALV-UjXnN2Y8TFCGTxFvl-jzzDJo1bAmh8zQjzzS_o9uhbXhoVem6MY,"Sekedar saran buat f2p, segera tinggalkan game ini... Dan buat yang baru mau main biar gak nyesel download size segede gaban",3,0,5.3.0_29183395_29332470,2025-02-10 09:20:25,,,5.3.0_29183395_29332470
dc959d14-e40a-4ca3-a323-2a5d677908e3,Abil Ya,https://play-lh.googleusercontent.com/a-/ALV-UjXuhodymEGD2SDO2LfDj73Lqio_2fmdqyML5lD5DJRpnDBhgbdo,Bagus... Ngasih bintang 4 karena gacha ny ampas,4,0,5.3.0_29183395_29332470,2025-02-10 09:08:43,,,5.3.0_29183395_29332470
0ee30de6-22a0-4d7e-93f2-a328d0f41f2d,Rel Z,https://play-lh.googleusercontent.com/a/ACg8ocJxrT7Asga15qR76InRJa2bVcWlXDP2pfU0Eu-C_uJPI21Onw=mo,Cari material susah sekali malah habis gak muncul lagi badmood,1,0,,2025-02-10 07:59:47,"Kami mohon maaf atas ketidaknyamanan yang Anda alami, Traveler. Kalau Anda memiliki masukan atau saran, silakan hubungi kami melalui email atau feedback in-game.",2025-02-25 17:45:50,
14afa658-c368-4b5e-ba11-8900b678f9cd,The Dark World,https://play-lh.googleusercontent.com/a-/ALV-UjXxPVSg_cnU2TQ8YwuIvCd-D1esEPsYEvK4lZnZO6y6GMNE3NRr,"Please hoyoverse, make it easy to find artifacts with substats and stats that always contain critical rate and critical damage.lest the genshin game be considered the most miserly game ever, because it always bothers its players in every way.",1,0,5.3.0_29183395_29332470,2025-02-10 07:47:49,"We sincerely apologize for your unsatisfactory experience, Traveler. If you have any feedback or suggestions, please send us an email or contact Customer Service via in-game feedback to help us improve the game.",2025-02-25 17:45:31,5.3.0_29183395_29332470
69f1da98-3ada-474c-b97a-15e47389f4de,Arpan Aryadi,https://play-lh.googleusercontent.com/a/ACg8ocI8NOlk-RWdCWh4b3g2sSZmKR_DA8_MkflzIJDin9oDOa4kQA=mo,Butuh fitur skip percakapan,3,0,5.3.0_29183395_29332470,2025-02-10 07:13:57,,,5.3.0_29183395_29332470
722a5ebd-3101-42a3-bbe3-24705247ab81,Nova Nugroho,https://play-lh.googleusercontent.com/a/ACg8ocK48wPXDAAKsRgsyAAhuYfwcQqAgf3Ig_Hnc2NZvloAtx26ng=mo,Bagus batt,5,0,,2025-02-10 06:39:24,,,
b5a348e0-8d54-485f-bcd6-f1526f87363f,Ni Zam,https://play-lh.googleusercontent.com/a/ACg8ocI4YwzXp2mcSitdH3twdLwnhSZmUTOpxGNzzOvzHNatWMroeA=mo,Memang grafik yg ada kalah nya,5,0,5.3.0_29183395_29332470,2025-02-10 06:17:10,,,5.3.0_29183395_29332470
40f02684-7ad0-4424-9533-0affa63546f4,Bagus Anandha Wahyudi,https://play-lh.googleusercontent.com/a-/ALV-UjVCqcHU23DrgMe7OMbaWwjPMFYU3hs7Bncritrf2hf3n7GMZCk,Gak ada voice lines karakter di dub english,3,0,5.3.0_29183395_29332470,2025-02-10 03:03:38,,,5.3.0_29183395_29332470
8b037655-20c6-44dc-bbff-15e7d3783143,Fadzril Ibni Abdillah,https://play-lh.googleusercontent.com/a-/ALV-UjUNvF-sRSIi4M6Oqsm7gbrAZBvJ_nWJYxpr1Z6YbPUgGYQR5yg,"Bagus sih, tapi pelit banget di sistem gacha, dasar kikir!",3,0,5.3.0_29183395_29332470,2025-02-10 01:30:16,,,5.3.0_29183395_29332470
7b90636c-7163-465a-a032-35628e6c4cd4,Ratu Virzha,https://play-lh.googleusercontent.com/a-/ALV-UjXXWH14IWjn1QSABwJ99wVjCuJPIg5wKi8boH39oqbd96oOSujqfw,Buset dah datanya 33gb jirlah,5,0,,2025-02-09 22:55:46,,,
913d07a3-e034-4682-ab0f-b854e12ede47,Gusni Papar,https://play-lh.googleusercontent.com/a/ACg8ocIuLCKF6f7JFF6svQ3tV1YAk-YvtpA2RtoyywrCxMkcrzzCxQ=mo,Cek dulu,5,0,,2025-02-09 22:33:33,,,
19421289-3447-4497-b334-17b652e1177c,Afnan Ramadhan,https://play-lh.googleusercontent.com/a-/ALV-UjUVY12psyvJ2zOrwgUjpo6YeCrDGHN0J-SEZFBEqJfkyOl_N1sd,balekna duitku,5,0,3.0.0_9612129_9624836,2025-02-09 22:15:45,,,3.0.0_9612129_9624836
0c9581f4-f4ad-4f34-af26-b47743acc870,prtmaa,https://play-lh.googleusercontent.com/a-/ALV-UjVPPeXarUVWJu-I_q5YpVy8PD1xw9UmQvm_c509UxWF3NaX6MQo,jelek,1,0,5.3.0_29183395_29332470,2025-02-09 22:09:37,"We sincerely apologize for your unsatisfactory experience, Traveler. If you have any feedback or suggestions, please send us an email or contact Customer Service via in-game feedback to help us improve the game.",2025-02-13 16:54:36,5.3.0_29183395_29332470
50295959-bba0-4698-8204-c7f29d185a5b,Farid Abdi Pratama,https://play-lh.googleusercontent.com/a-/ALV-UjXzBwWqjGY_eLaJFVCIPvzCVSaPwuIblhAABJUtK69TK-A1A_fG,Gamenya sangat bagus,5,0,5.3.0_29183395_29332470,2025-02-09 22:09:31,,,5.3.0_29183395_29332470
91aa6a88-a44e-48a8-9807-89a867d32374,Story Wa,https://play-lh.googleusercontent.com/a-/ALV-UjWI2470cqpXMpeIeUo1icVbQ1r7DtidsQInTnUU4HhL3mXHfZg,"Dev Co op seharusnya Bisa Di Buka untuk Event Terbatas Seperti misi Atau quest Eventnya... Masalahnya Co op Egak Bisa Kecuali Harus Selesai Quest Dunia Dan Mana Pula quest nya masih Banyak.. Dan Egak Tau Yang Mana? Quest yang harus di selesaikan biar bisa buka Co-op, Kasihan playernya. Co op nya Ke kunci Egak bisa selesaikan event Terbatas Seharusnya Khusus Event Terbatas Bisa Kebuka Co opnya Karna Egak Sengaja Ke kunci Quest Dunia. Sekian Terimakasih Dan Semangat Untuk Dev Dan Tim..🙏🙏🙏",4,0,5.3.0_29183395_29332470,2025-02-09 21:51:28,,,5.3.0_29183395_29332470
62141b4f-5b16-4ef8-917e-4472df77d0a6,DAVID KURNIAWAN,https://play-lh.googleusercontent.com/a-/ALV-UjUyJQit0BZAvfdjtZbeWZzfswS7ClJNNzQVIriLLBit8P01Z8Y,👍,5,0,5.3.0_29183395_29332470,2025-02-09 21:12:56,,,5.3.0_29183395_29332470
5cdd645a-dc2c-4979-a485-994a04edf035,Gideon Rizky,https://play-lh.googleusercontent.com/a-/ALV-UjXp9GuWiK104BEIl8vCuqHHetXc33Km1WtLQV7pYq6-QoTUjiY,Semoga bisa cepet kebeli HP baru buat main genshin amin 🙏😇,5,0,,2025-02-09 20:44:05,,,
05e53030-b7d3-4313-b44e-0529f40dcd43,Harris Ervianto,https://play-lh.googleusercontent.com/a/ACg8ocJaLzxrFjUSCmEMfQrqONg1grlCLCXcmozWWAD6O4gtz6jrDA=mo,"Please add skip story, I play Genshin just to enjoy puzzles and beatles :-)",5,0,5.3.0_29183395_29332470,2025-02-09 20:27:38,,,5.3.0_29183395_29332470
4afc3a5e-e760-4a50-89af-bf3dc39def80,Muhamad Raffa Triananda Wasito,https://play-lh.googleusercontent.com/a/ACg8ocLs6n0Tpk9wGwg41TmftULT1IeXdE69yU1EfDIrdlISyVErqw=mo,Bagus lancar bet di rog 9,5,0,,2025-02-09 20:19:05,,,
9ed3b1dd-fe11-4a55-96a8-fe8bee2acec4,Jokee Ezzzy,https://play-lh.googleusercontent.com/a-/ALV-UjXdTK0kOc7POY-CBS3KsPgPV-EiUzB0_fsgx10CSMS4soRqGRA,the game is very good and easy. with lots of quests to do but the downside is that the resin that you have is really not enough and it's not easy because you have to wait quite a long time so to the developers from Ghensin Impck please fix it so that all young players can look for items,5,0,,2025-02-09 20:13:34,,,
50163d8e-7c09-4bfd-b995-0150a0abd822,Gilang Aryo Pangestu,https://play-lh.googleusercontent.com/a-/ALV-UjXcl9J9tBWRcdDI_FVlkcNEcJmTNZmP-1pd054L1nS8FP3KN1s,Kebanyakan yapping,1,1,,2025-02-09 20:09:48,"Kami mohon maaf atas ketidaknyamanan yang Anda alami, Traveler. Kalau Anda memiliki masukan atau saran, silakan hubungi kami melalui email atau feedback in-game.",2025-02-25 17:44:24,
e94bb3f5-b129-498f-a00f-f69c659e9bc1,Just Orang berdosa,https://play-lh.googleusercontent.com/a/ACg8ocLDEatJrLlCdAgSA9V334hMZLUGAtNFCLF_26xjRbEbrPYlNw=mo,"Tolong bisa cut scene dialog, gua mau main game bukan nontonin cutscene yg gak abis2, kalo nonton mending gua nonton film",1,0,5.3.0_29183395_29332470,2025-02-09 19:55:03,"Kami mohon maaf atas ketidaknyamanan yang Anda alami, Traveler. Kalau Anda memiliki masukan atau saran, silakan hubungi kami melalui email atau feedback in-game.",2025-02-25 17:43:41,5.3.0_29183395_29332470
d499ef66-6d36-41d1-9b22-d7148ba3200c,Salis Ruhama,https://play-lh.googleusercontent.com/a-/ALV-UjXAXQ3vjSQC2vhoIpUteWgv4GhT_IKP9x3CDBKACqDf6HuWr_n7,"Cocok banget buat yang suka koleksi,Lore,asset karakter,dan grafik game. Buat Kalian banget sih. Apalagi pengangguran",5,0,,2025-02-09 19:51:36,,,
700085e4-607b-444f-ab3c-1820b2af6f6b,Fizky Febriansyah,https://play-lh.googleusercontent.com/a-/ALV-UjVn_DMS2yO_56WPly8byg2hkahcGJ1YXpla4LyyWeMVEM3Az24,Mayan lah,4,0,5.3.0_29183395_29332470,2025-02-09 19:50:02,,,5.3.0_29183395_29332470
891d5821-3e1b-4ef7-a76c-093fdef91d59,Untoxic Gamingboy,https://play-lh.googleusercontent.com/a-/ALV-UjVVkoVOlev0m5Pb8SEZSFpar3dwAKZDyL9psOGHuDqr1XCmnCVe,"I have so much expectation for the natlan archon quest, but comparing to what we got at Fontaine and Sumeru, this is like a downgrade. The ""Lore bomb"" are fewer, and too much yapping that does not matter to the story",3,0,5.3.0_29183395_29332470,2025-02-09 19:35:32,"Thank you for supporting Genshin Impact, Traveler! If you have any issues with your game experience, please send us an email or contact Customer Service for help via in-game feedback.",2021-11-10 09:09:21,5.3.0_29183395_29332470
e085c203-adea-43c7-9bc7-4047931426df,Al fahrezy Editz,https://play-lh.googleusercontent.com/a/ACg8ocK-nNxEVKx0qfkM6iAgBA2BcE_fOF6BKL97SnV2MravrhK5Kw=mo,Gamenya bagus eksplorasinya seru,5,0,5.3.0_29183395_29332470,2025-02-09 19:30:52,,,5.3.0_29183395_29332470
b5c82917-cfa3-4a6b-8c4e-fd34420daa8a,Arista Tuba,https://play-lh.googleusercontent.com/a-/ALV-UjUtA31pgyA3419zOipewWKycIi5YlUKZB3FoWYzz3h0jRbaNa74,"Jujur bgt ini seru, seru bgt lah.. kaya ni game bagus bgt, wajib kalian mainin si tp agak sering dapat bug gitu si di aku gatau kenapa.. ya walaupun dapat bug gitu tetap bagus dan tetap aku mainin juga, lagian rata rata game lainnya juga agak atau sering dapat bug gitu kan. wajib main!! 🤭",5,0,,2025-02-09 19:23:27,,,
d5c5194b-0c9d-4193-b7c9-ceded261ae76,Robi Arian,https://play-lh.googleusercontent.com/a/ACg8ocLvqft8Q8e0ObTJXmEE-F9kN-mqeGuMIRkP0EGgw1YpKGInsw=mo,"Cukup lah rate off nya, sudah 70 kali gacha cuma dapat B4, apaan ini hoyoverse",1,4,5.3.0_29183395_29332470,2025-02-09 18:22:44,"Halo, Traveler! Traveler dapat melihat aturan sistem Wish di bagian [Rincian] pada halaman Wish. Jika kamu memiliki pertanyaan tentang perincian dari aturan tersebut, silakan hubungi tim Layanan Customer Support kami melalui feedback in-game atau melalui email.",2025-02-25 17:43:25,5.3.0_29183395_29332470
92a50684-29f1-42d6-bf01-3ffadb421792,Raja Silangit,https://play-lh.googleusercontent.com/a/ACg8ocJZRVVZdueJM0JPK4_UNX_R2TVUwEUXPmF2bRvmPCBdRQVhZw=mo,Seru,5,0,,2025-02-09 18:16:30,,,
6225335d-264c-4480-b377-0ff39602d5c6,Vivi Nurvivah,https://play-lh.googleusercontent.com/a/ACg8ocJpv8BbrmJtVX5yUkWRryNscZH4hKRMmXx5d7yTJqPBlsROYA=mo,"Saya kasih bintang satu makin lama makin gak jelas ini game gak ada fitur skip story, ngebosenin dan story nya terlalu kepanjangan banyak banget berbicara tolong hoyo kalo buat story jgn kebanyakan panjang cerita ngantuk jadinya",1,0,,2025-02-09 18:09:16,"Kami mohon maaf atas ketidaknyamanan yang Anda alami, Traveler. Kalau Anda memiliki masukan atau saran, silakan hubungi kami melalui email atau feedback in-game.",2025-02-25 17:43:16,
c43620b6-cd14-46ee-8109-c712dd41de4e,Khoirul Iman,https://play-lh.googleusercontent.com/a/ACg8ocLSf8EaFg5a3SGAdksRo0KGmuAPnOrXBwOS-93MAAb0J3gnQw=mo,Tulung kalo mau login jangan sampai hapus data dan foto atau loginya jangan lama banget,5,0,5.3.0_29183395_29332470,2025-02-09 17:36:27,,,5.3.0_29183395_29332470
3737395a-3227-49d1-bab6-f5707916ae1b,Flynn,https://play-lh.googleusercontent.com/a-/ALV-UjXqP_M1_uYRYTvmegQWZidSRwksny0SO9c7sYh7gReXP77vNDw,"Balikin nangis banget game nya banyak waktu yang ke buang, cari primo gem sampai begadang tiap malam tapi begitu udah kekumpul buat gacha zhongli eh malah kalah rate of, cuma bisa nangis sih ayolah perbaiki lagi sistem gacha nya... 😭😭😭😭",3,10,5.2.0_28336591_28351161,2025-02-09 17:16:55,,,5.2.0_28336591_28351161
cc863182-4ff3-497a-9fb3-784ccd52ea38,Rmjn ahay,https://play-lh.googleusercontent.com/a-/ALV-UjVNooQjKNRpFeb6KBC6X0OR_vE-bv8VRb13ry6m_R_RrvDjp1JX,"3.9 what happen with the star, you guys receive and proceed their complain right. For me Im still enjoying the game in my free time. Feels like I don't have enough time to play and making content, but yeah. Hopefully nice QoL and new content will drop to the game. Or the anime can release this year?!",5,0,2.5.0_5517525_5674503,2025-02-09 17:15:37,,,2.5.0_5517525_5674503
5abe25b2-1113-4f41-90a8-eb3e24d2e8f5,Rangga Gaming,https://play-lh.googleusercontent.com/a-/ALV-UjW8SaRB6-ZSBUroU-64uqOgl755nOHYPVmYhaMm74zDBrjjoi1O,"Tambahkan TOMBOL SKIP dalam dialog,satu dialog habis paling lama dari banyak quest 20-35 menit dan aksinya hanya 3-6 menit ini sangatlah bagus untuk membuat player BOSAN.🤗",1,2,5.3.0_29183395_29332470,2025-02-09 17:04:24,"Terima kasih atas dukungan Traveler terhadap Genshin Impact. Kami menerima secara terbuka semua masukan/umpan balik dari kalian. Jika Traveler memiliki saran atau masukan, jangan ragu untuk menghubungi kami melalui feedback in-game atau email.",2025-02-25 17:42:58,5.3.0_29183395_29332470
a41512e4-3f3f-4728-94bb-d362f870ab07,Jangk,https://play-lh.googleusercontent.com/a-/ALV-UjW7td3m6QBf5tckeITIpFX-yg-RisCswWSdiioLlgsVnZra_fY,bang tolonglah aku penggen signature arlecchino tapi malah dapet yang lain 😭😭😭😭😭😭😭😐 nyimittt,1,0,5.3.0_29183395_29332470,2025-02-09 16:51:17,"Halo, Traveler! Traveler dapat melihat aturan sistem Wish di bagian [Rincian] pada halaman Wish. Jika kamu memiliki pertanyaan tentang perincian dari aturan tersebut, silakan hubungi tim Layanan Customer Support kami melalui feedback in-game atau melalui email.",2025-02-25 17:42:28,5.3.0_29183395_29332470
cd8d7a70-13d4-42bb-bc73-cd0ef63e470c,Lintang Panjer,https://play-lh.googleusercontent.com/a-/ALV-UjXjfhbKA45V8uZzmpqH7uGoWl6lvvX2BcNajWYbU94vjrHH6pk,Sangat bagus,5,0,5.3.0_29183395_29332470,2025-02-09 16:22:09,,,5.3.0_29183395_29332470
bc00c4a9-8a7e-4f52-b7ff-f9041696691e,Ardiansyah bambang Wicaksono,https://play-lh.googleusercontent.com/a-/ALV-UjV1kCK9i-JKRFZtXnZmelkDawMx9eJaoGDl2nftTWc4K2GffrIz,mid,3,0,4.4.0_20481013_20559831,2025-02-09 16:21:52,,,4.4.0_20481013_20559831
7d70ba0b-8e69-4978-b6bb-5b67628a5ff2,Muhammad Yusri,https://play-lh.googleusercontent.com/a/ACg8ocL8k6195DzLdwXJuSkjduvdmk2pJqngXJC3427AAW4xC1GaAw=mo,Wuih tolong buat suara versi Indonesia,5,0,,2025-02-09 16:14:53,,,
58e2130e-59cf-4bcc-8901-e9915f2a928e,ammar rafa,https://play-lh.googleusercontent.com/a/ACg8ocIPtePH7U7s1uwY6e1-vnJhzAyyivw34YuCP-gab2fxyya4aw=mo,Bagus banget gamenya tapi agak masih banyak bugnya,4,0,,2025-02-09 16:06:43,,,
e71ff172-afc3-4cd8-a2f1-1e8669f19206,Vicadfy,https://play-lh.googleusercontent.com/a-/ALV-UjVpJo0syS8H7g0m-SQrHQriNF71G9sOYhEh9ursJm-2l_XhEaec,Banyakin primo,5,0,5.0.0_26041933_26161852,2025-02-09 16:06:05,,,5.0.0_26041933_26161852
f18b1fc3-9b4d-466a-8af7-9d7322769354,Ryomen Sukuna,https://play-lh.googleusercontent.com/a-/ALV-UjVpKg5WaLAVOKMJk60dpehoI2WK-TRsS_JwGFpdJw_Mad69a6Qq,"ini game keren sih, plot nya juga bagus bagus dan karakter nya cakep semua coy :D, terus map nya juga luas dan keren keren semua",5,1,5.3.0_29183395_29332470,2025-02-09 15:29:51,,,5.3.0_29183395_29332470
9a6ac34e-c7a2-4246-b3fa-df119d724f87,Marco Marulitua,https://play-lh.googleusercontent.com/a-/ALV-UjXTZ8PCnknhMNk2LS6LkQzeGJrRXB4ASZUZol2VIXwHKfjy6LJB,Gemya serubanget,5,0,,2025-02-09 14:49:36,,,
8f89a5e7-2173-4986-a496-dc46a3970a10,Oki Suhendry,https://play-lh.googleusercontent.com/a-/ALV-UjW31rOd_vPEI7E622pDBp3mZUh3Y4pPLsgVTY29FzGpWJPpL5Kk,Tolong adakan tombol buat skip story. Player sangat butuh itu.,5,0,3.3.0_11741873_11806263,2025-02-09 14:48:53,,,3.3.0_11741873_11806263
015f5f1c-27d8-44fa-9702-4a8704d9523d,Rizki Maulana,https://play-lh.googleusercontent.com/a-/ALV-UjXAILk2AVndRHz3m76qT_pH2rrrGOROIkHoifOylKm6zy9kzi_S,min tolong adain fitur maen offline dong kan player nya sudah pada download masa harus online maennya.,5,0,5.3.0_29183395_29332470,2025-02-09 14:07:13,,,5.3.0_29183395_29332470
2c3da7e1-0d03-490e-a4da-6bf285d098ea,Dimas Abdal,https://play-lh.googleusercontent.com/a-/ALV-UjWCsspaC4YAW2hiKuUSsH_SGTPiHY9jIOMtVpwSA7TuQQ8gQMY,Tidak ada tombol skip,1,0,,2025-02-09 14:00:17,"Kami mohon maaf atas ketidaknyamanan yang Anda alami, Traveler. Kalau Anda memiliki masukan atau saran, silakan hubungi kami melalui email atau feedback in-game.",2025-02-25 17:41:19,
1f996b0f-24ea-4e0e-85c6-7b5485c60f42,``[]Garfield girl[]``,https://play-lh.googleusercontent.com/a-/ALV-UjXKewDkA3R44HNkGuNSnm0OXq5cwvYaAM3ZFKx4BgCrAu7-N6E,"Please, let me got Arlecchino's weapon",5,1,5.3.0_29183395_29332470,2025-02-09 13:46:29,,,5.3.0_29183395_29332470
0532e187-517d-43c6-91b2-afa4be178002,erikkaa hannyaaz,https://play-lh.googleusercontent.com/a/ACg8ocLGtCA-id8tV_zzU7A2B8rZn6AoP4PquvJ-Zq15Q8jDDoq2xw=mo,seru,5,0,,2025-02-09 13:39:16,,,
cf34d8d3-ea1a-4af8-8eb7-62b2218f2a18,Baby Shark,https://play-lh.googleusercontent.com/a/ACg8ocLejcLbLzlkYpHUAOAh7PqHJ6seFDFG4gJxd0lwg0ompWXZOA=mo,Please add skip button story talk etc. makes me sleepy playing this game. Gameplay 10% talk too much 90%.,2,0,,2025-02-09 13:22:58,,,
856faced-d133-4f86-a31f-40b1d6e83e9a,Danendra Raka,https://play-lh.googleusercontent.com/a-/ALV-UjXSugzRe9NH64Q307FKmuNnt6yL9YaT14OXdE6lMwF7J_xYGxc,"Aku lihat dari gameplay orang lain enak enak, yaa kayak biasa aja, tapi pas Antri lamanya jiabang bayikk ˙˚ʚ(´◡`)ɞ˚˙",3,0,,2025-02-09 11:25:39,,,
2a05074a-5469-4c2c-a1a6-b469019991bb,jailani Jai,https://play-lh.googleusercontent.com/a/ACg8ocKBAFUKnMO8vaDdo6b9f_176MiozjCaV1CrZ6yIOsUzq4KqjQ=mo,Bagus jir,5,0,,2025-02-09 10:58:16,,,
91235a05-a57c-4fe9-854f-f5b952bf2e0d,Arif Muflihudin,https://play-lh.googleusercontent.com/a/ACg8ocJPrer7myRBMZPFT1FLylOx09Y4qsmLuTRvn9TWwY1pSmLlNQ=mo,Sangat bagus,5,0,,2025-02-09 10:55:59,,,
863314f2-99a7-4e63-bf67-c44325f6ca10,eky Rezky,https://play-lh.googleusercontent.com/a/ACg8ocLbSFQUPDRsNMStHM-kQeAOh5TLQF2jNy6U6syyS6ACxsyzIw=mo,"Saya tidak bisa masuk ""terlalu banyak permintaan""",1,0,5.3.0_29183395_29332470,2025-02-09 10:48:43,"Kami mohon maaf atas permasalahan ini, Traveler. Silakan hubungi kami melalui email atau feedback in-game untuk mendapatkan bantuan lebih lanjut tentang masalah ini.",2025-02-25 17:40:31,5.3.0_29183395_29332470
241fd49c-8c5d-4ebb-85ff-514329796da1,Nanak. fitri,https://play-lh.googleusercontent.com/a/ACg8ocKBaNrhle50veogjUCtYSDMcnVuKeMYxYJ4L_wSM5D2X7cgHw=mo,Pokok nya ini game bagus apalagi d mainin d pc,5,0,,2025-02-09 10:48:11,,,
bb49113a-cd6a-423c-af31-16a83561da70,Abdul Sofyan,https://play-lh.googleusercontent.com/a/ACg8ocL7xYc1xyg6_uVPTzhlqeVN9X2CmhUKMjQUwqFyjLycXPY7jg=mo,Tolong ditambah fitur skip di story agar bisa mempercepat proses bermain,4,0,,2025-02-09 10:39:55,,,
c3612c2f-5ad7-4d55-8436-93f7cd066cf8,Muhammad Alif,https://play-lh.googleusercontent.com/a-/ALV-UjWapFT0whtA1o8ufqdf4HU8KSrJmxzn0tpupXKXNkC3--w3igMo,Good,5,0,,2025-02-09 10:39:24,,,
065fd777-c040-4fb5-8244-790708de8d57,nur dafita,https://play-lh.googleusercontent.com/a-/ALV-UjXb3AC2dwdASxSCF8ALh50Ej270aEd7-giTb2O3ILC5i5S1Y6Jj,"Awal nya aku pgn aj gtu main,tapi loading ny lama bgt",2,0,,2025-02-09 10:34:24,,,
09ef2ef4-321c-48dd-a6b5-4998b26ce9e2,Home is wherever -i am with- YOU (•C•),https://play-lh.googleusercontent.com/a-/ALV-UjVjmS8D-ew5Neu2iLF_Lk5mBcSitZ_PihU1Z4eJtTA2MVvOS3A,"Terimakasih Mihoyo atas game yang ramah, akan tetapi saya mengharap kan bansos sedikit lebih agar pemain lebih enjoy thanks buat mihoyo",5,0,,2025-02-09 08:27:49,,,
766d0acd-9944-4cad-9eb8-e675e06718ec,Maria Stella,https://play-lh.googleusercontent.com/a-/ALV-UjWd3FvIpRcMYz8lJ7tQdaRUkTIHqpzqZo37fxZ2KhcsBlZGkAcK,"Sebenarnya bagi saya grafik nya bagus aja tapi ada beberapar quest yang menurut ku itu mimpi buruk karena panjang banget terutama quest aranara itu gila hoyo 😭😭😭,sama kurangin percakapan yang gak perlu karena aku disini pengen main bukan mendengar teks curhat dan berbicara lama +panjang banget 🗿👍.",4,0,,2025-02-09 08:27:33,,,
1af0b7a1-3764-47cb-ac9f-479ddb0d4f8e,FrostK,https://play-lh.googleusercontent.com/a/ACg8ocIAnarVrAvmQ2Yaa8oAjusNhYg2gFd-Y-3iZbb9IyIoB3iuYQ=mo,"This game in weapon banner is suck it make so frustation if you dont get weapon you want, And why weapon banner still in one banner and dont split 2 -_-",2,0,4.1.0_18054760_18121248,2025-02-09 08:11:46,,,4.1.0_18054760_18121248
922d60f2-bf23-4fff-9f01-61a6f026a035,Suheri Pulungan,https://play-lh.googleusercontent.com/a/ACg8ocJGYiVmJS-Wsp-ZwaHY0_qVKgPfsnI6zbc0sb-fWc0Z0NeZSb4=mo,Nice,5,0,5.3.0_29183395_29332470,2025-02-09 08:00:56,,,5.3.0_29183395_29332470
4985d2f3-9111-46c0-8126-80efeb0349e8,Yusrizal Rizal,https://play-lh.googleusercontent.com/a/ACg8ocKUbP0AaVJ3nHCnAvmIpfQvrU3Td7gmSXFKrhnckcYBIflPmw=mo,Gonlok data besar bet,1,0,,2025-02-09 05:53:35,"Halo Traveler,
Terima kasih atas support anda pada Genshin Impact!
Untuk mengurangi jumlah size data game, anda direkomendarikan untuk menghapus data Voice-line dan data Quest lama yang bisa dilakukan melalui setting in-game. Jika anda mengalami permasalahan lain atau ingin menyampaikan feedback, jangan sungkan untuk menghubungi tim customer sup...",2025-02-25 17:40:23,
166080d4-a1c8-4e3b-9ab8-cc0e0918d36e,Tean,https://play-lh.googleusercontent.com/a-/ALV-UjXMt8A1SM-KqpYWQuA8ZqqnS87vEFMudc4URyf1YyJId0JYqc4,"game sudah bagus, hadiah Primogem masih kurang banyak!",5,0,5.3.0_29183395_29332470,2025-02-09 04:36:53,,,5.3.0_29183395_29332470
b24001a7-1a89-44de-8305-bd7bb120c164,Tobio,https://play-lh.googleusercontent.com/a/ACg8ocJfw-iGlIvbRo6aI_LO6ON3c5wN4b_9CuAeHqia_7LWC13GFA=mo,Cape beli item top up game . giliran gacha susah..dasar kikir impact,1,0,5.3.0_29183395_29332470,2025-02-09 03:12:20,,,5.3.0_29183395_29332470
a537101a-ffde-439e-be5a-c177d4a36fe3,Muhamad Rizqi,https://play-lh.googleusercontent.com/a-/ALV-UjVayUAjC0LJ1RV-dHtENpr1ZB9U3SAPtAdnv4moJkSxya8ClA9B,Yapping impact Beri kami tombol skip,4,1,5.3.0_29183395_29332470,2025-02-09 01:22:00,,,5.3.0_29183395_29332470
46c4dd3a-066a-46ad-bfc4-991b6a3aff60,Black Hawk,https://play-lh.googleusercontent.com/a-/ALV-UjVskHGW86tg6FUh49CtSSuDPEYxflC3iotXowfdNqSBInbJ_Jw,"Game explore dan fight,.. Berubah jadi game bacot membacot",1,0,,2025-02-09 01:16:56,"Kami mohon maaf atas ketidaknyamanan yang Anda alami, Traveler. Kalau Anda memiliki masukan atau saran, silakan hubungi kami melalui email atau feedback in-game.",2025-02-25 17:38:26,
226cf8d3-349f-4106-8400-c26e6370951a,Muhammad Rizky,https://play-lh.googleusercontent.com/a-/ALV-UjWYqpWwt00Y-R46J0jZbV7adk_LKUEL-yKPLosVaCqDTyO-UHI8,Mayan lah Minusnya cuma makan gb banyak bgt,4,0,,2025-02-09 01:14:21,,,
865e141c-c955-4853-8aa2-6f7bf8e279e2,Indra .120,https://play-lh.googleusercontent.com/a-/ALV-UjVdIO2zbbo2k0OiXtLleqoShP1oC1TlzymxQGBu3PjaJu1TH-_H,"Gak ada fitur skip story, okelah klo quest archon ada suaranya sama adegan 3d nya lah ini quest biasa udh mah ngantuk bnyak ngomong nya lagi",1,0,3.8.0_15672274_15939604,2025-02-09 01:00:33,"Kami mohon maaf atas ketidaknyamanan yang Anda alami, Traveler. Kalau Anda memiliki masukan atau saran, silakan hubungi kami melalui email atau feedback in-game.",2025-02-25 17:38:20,3.8.0_15672274_15939604
8fe508e6-0051-46eb-8586-a65113a0d6fd,Brivio Timbuleng,https://play-lh.googleusercontent.com/a/ACg8ocJVe29Gdq2snb_-8ivyClT76azgJ9K13MAC7c7i12qfRsI5fg=mo,It's suck,2,0,,2025-02-08 23:50:47,,,
c1a263cc-da33-4d1e-91e3-cc571b90dbfe,Sky,https://play-lh.googleusercontent.com/a-/ALV-UjUrZXZDKcm6m1MATsybZYBfZLLCDF4L5NOPWjVcJv3Wb1NR3JYdrg,"Story bagus, tapi soal bansos pelit banget, Primo udah susah dikumpulin, dikit banget lagi, dapatin character nya juga dipersulit, kalo sial banget bisa tembus pity 80+ masih untung kalo menang rate of, tapi lain cerita kalo itu rate on atau kalah rate of terus pity diatas 80, sangat mengesalkan, Minimal rewardnya juga setimpal sama yang dispend. Udah paling bener tuh FTC Amerika tuntut lu karena mempersulit orang buat dapetin character yang dipengen!",1,38,5.3.0_29183395_29332470,2025-02-08 23:46:37,,,5.3.0_29183395_29332470
7c97b544-e6ec-41b9-945d-4ff2cc0c3b57,Arkan Said,https://play-lh.googleusercontent.com/a/ACg8ocI4psgyMcM3h4Dyw2M-al9OEdigJVP7wlgE04J6xogg_rD1SQ=mo,Gamee open world yang sangat menarik!! Aku menyukai nya,5,0,,2025-02-08 23:40:28,,,
f604fcce-da71-4d02-bb9f-6472b90ad141,Zuavi Fadil,https://play-lh.googleusercontent.com/a/ACg8ocLqY7DyM5_o7NrCMgEi9jkKLkiG8ou4PQvbBVZqPFfwSVICMQ=mo,Aneh kok gak bisa login trus tulisannya terlalu banyak permintaan padahal cuma coba 2x,2,1,5.3.0_29183395_29332470,2025-02-08 23:24:38,,,5.3.0_29183395_29332470
39c3ce3f-48c1-4890-bf4d-7ab099455c4b,Raihan Fakhri,https://play-lh.googleusercontent.com/a/ACg8ocJ9a_zeigZ0YBXaqS_m_zdp3cVIHTfZbya3atUOUCFkcRYgyg=mo,"Game baik, apalagi sangat sering saya dapet di hard pity terus ga pernah soft pity selalu pity merah, gereget bgt saya kapan gitu hokinya bingung saya hhhh, begitu juga gameplay nya yang menegangkan, storynya yang bagus sekali dan characternya yang imut imut dan lucu.",1,12,5.3.0_29183395_29332470,2025-02-08 23:13:54,"Halo, Traveler! Traveler dapat melihat aturan sistem Wish di bagian [Rincian] pada halaman Wish. Jika kamu memiliki pertanyaan tentang perincian dari aturan tersebut, silakan hubungi tim Layanan Customer Support kami melalui feedback in-game atau melalui email.",2025-02-19 14:40:45,5.3.0_29183395_29332470
05159518-7cb2-4bea-a317-076b250b27b5,Hacker818 _:v Yt official,https://play-lh.googleusercontent.com/a-/ALV-UjVG101lfyB1kJ7-Ph8l1eGAf-_VVSUUQA2QtipqX-9bD_mifO3x,"perjuangan ram 4. Tiap ram habis apknya crash sendiri. but still not giving up. Quest kebanyakan dialog lah malesin, primo nya dikit.",4,1,5.3.0_29183395_29332470,2025-02-08 22:36:23,,,5.3.0_29183395_29332470
3740ebd4-bfb2-4eb8-adc1-35b4cea1a94c,Ak Sal,https://play-lh.googleusercontent.com/a/ACg8ocLnOiArm4AWtBNleJHuVUyVKC57RHNtVcnUCCA5pbuEZJYigQ=mo,"ayolah genshin tolong agar genshin impact hp bisa support gamepad, susah maen game Rpg pake controller layar sentuh",5,0,,2025-02-08 22:08:38,,,
5903c656-1819-4c92-a1b2-5d5429a7b1c9,Chaterine Kusuma,https://play-lh.googleusercontent.com/a/ACg8ocITxRiMQFfhp8OypobE7j_mMvQtmA5lfnHeTpE7mowXVkfG5w=mo,i love it!!,5,0,5.3.0_29183395_29332470,2025-02-08 22:02:48,,,5.3.0_29183395_29332470
ac5bdc09-68f1-4e0b-ae34-bc011dca704d,MieGoreng,https://play-lh.googleusercontent.com/a-/ALV-UjX8dZQ8l7TF_HY3y55-9z1G_wwZ_VPA3oUcF6hacxKs98s4-k9v,"Game haram udh arte susah,ditinggal 6bulan kondisi akun ga kait email jd ""akun terancam keamanan"" Pdhl ga ngapa²in loh, ga pernah pinjem²in akunnya jg. Baru comeback lgsg dibikin kecewa",1,0,5.3.0_29183395_29332470,2025-02-08 21:58:10,"Kami mohon maaf atas permasalahan ini, Traveler. Silakan hubungi kami melalui email atau feedback in-game untuk mendapatkan bantuan lebih lanjut tentang masalah ini.",2025-02-25 17:37:25,5.3.0_29183395_29332470
cc507694-a39a-4a83-a62b-50093d2522dd,Anwar Latif,https://play-lh.googleusercontent.com/a/ACg8ocIQwgMdDOZeq7OMK9185yJCH37stOUV1XfioqtAlzhNRJl4kw=mo,Keren,5,0,5.3.0_29183395_29332470,2025-02-08 21:50:27,,,5.3.0_29183395_29332470
9611cfad-1c37-47cb-ad4c-5bb9f366b6a4,Hyat Hyot,https://play-lh.googleusercontent.com/a-/ALV-UjWq4sgmUH8UEqG67AXKbsHYrNQyMjmy7pk_XS2zzRnarzZfnpI,Tolonglah adakan fitur fokus story. Biar nyaman waktu kelarin quest tidak terhalang oleh NPC yang sedang ada di quest yang lain,1,0,,2025-02-08 21:40:30,"Terima kasih atas dukungan Traveler terhadap Genshin Impact. Kami menerima secara terbuka semua masukan/umpan balik dari kalian. Jika Traveler memiliki saran atau masukan, jangan ragu untuk menghubungi kami melalui feedback in-game atau email.",2025-02-25 17:37:02,
b9d0a7e0-52c6-49c6-b74d-276173a7a3e8,wipe out,https://play-lh.googleusercontent.com/a-/ALV-UjWDMnCtXn4xeoZUGH7tetgWmtRYgLyM5fDSF7GA7hCRhCf1qYc,Kagak ada tombol skip banyak yapping,1,0,,2025-02-08 21:34:00,"Kami mohon maaf atas ketidaknyamanan yang Anda alami, Traveler. Kalau Anda memiliki masukan atau saran, silakan hubungi kami melalui email atau feedback in-game.",2025-02-25 17:36:18,
450c7b13-c46d-4fdf-9aa5-7c7a4de16ca4,Abil Rahman,https://play-lh.googleusercontent.com/a-/ALV-UjVr_FivnScIFbcgL_U5uNQp2E9dGpMmtTQxtCHHRpyNQSMtXqk,"Alur ceritanya sekarang sangat tidak menarik dan tidak layak diikuti, ditambah dengan banyaknya percakapan yang terasa tidak penting dan hanya membuang waktu. Selain itu, tidak ada inovasi baru yang mampu menarik minat pemain. Sistem gacha, baik untuk permohonan karakter maupun artefak j memiliki rate yang sangat ampas. Tapi kembali lagi dialur cerita yang semakin tidak menarik diikuti makanya tolong untuk bagian story kedepannya tolong dievaluasi lagi🙏",1,0,,2025-02-08 21:31:30,"Kami mohon maaf atas ketidaknyamanan yang Anda alami, Traveler. Kalau Anda memiliki masukan atau saran, silakan hubungi kami melalui email atau feedback in-game.",2025-02-25 17:35:07,
e3a251be-14d0-4e6c-9661-c9fbcf231ed7,9A 16 irvan bagus satriya,https://play-lh.googleusercontent.com/a-/ALV-UjX_09pCbE7X1q9bDpQPiV5f2YcOws0izJ5lffQbfWGcTEcjPFAU,kurang fitur skip story jadi yang suka game play kaya aku gitu bisa lebih nyaman main.,1,0,,2025-02-08 20:56:58,"Terima kasih atas dukungan Traveler terhadap Genshin Impact. Kami menerima secara terbuka semua masukan/umpan balik dari kalian. Jika Traveler memiliki saran atau masukan, jangan ragu untuk menghubungi kami melalui feedback in-game atau email.",2025-02-25 17:33:03,
fd9a6e78-dfed-4bb1-85d5-447d400a4e12,A EL,https://play-lh.googleusercontent.com/a-/ALV-UjXA8UCrQrDSBXlJEq1OtyzXKpMWOHEhr_1GXykmZ1IlYhE0vl3q,Bagus,5,0,5.3.0_29183395_29332470,2025-02-08 20:14:19,,,5.3.0_29183395_29332470
e3dd68b0-769d-471a-94bf-7e6ff711a1cf,Zarif Zafir,https://play-lh.googleusercontent.com/a/ACg8ocLEssaEOPXpG3Tergv7MnJJnfgddEfM9Typ1kZSuCYsdVUlQg=mo,Woi begbshin impek buat 60 fps plus lahh jgn dilock fpsnya kocak,1,0,5.2.0_28336591_28351161,2025-02-08 20:05:17,,,5.2.0_28336591_28351161
68428b11-516b-4e18-a05e-8330742c0f22,hadi yans,https://play-lh.googleusercontent.com/a/ACg8ocJhTLTFfM9Ho7AmCizYq7euSH5AN4hJPiBUyal-0dufaqRQWg=mo,Genshin impact punya 4 server coba buat skip story biar pas main awal server lain gak lama nunggu story berjalan nya,5,3,5.3.0_29183395_29332470,2025-02-08 19:10:57,,,5.3.0_29183395_29332470
60ed46c0-8947-4bc4-875d-3896c303fccd,Si Jekiii,https://play-lh.googleusercontent.com/a-/ALV-UjXwqek62DX-NVbREhui1t7BsjR3djL-9nRi2aUWWKhZLs-EXJo8,"Sistem gacha di game ini sangatlah buruk baik untuk mendapatkan karakter b5 yg diinginkan dan artefak yg bagus, sangat2 buruk sekali lebih game gacha lainnya dan dialog digame ini tak bisa diskip walaupun dialognya ga berguna sama sekali.",1,0,,2025-02-08 18:54:38,"Halo, Traveler! Traveler dapat melihat aturan sistem Wish di bagian [Rincian] pada halaman Wish. Jika kamu memiliki pertanyaan tentang perincian dari aturan tersebut, silakan hubungi tim Layanan Customer Support kami melalui feedback in-game atau melalui email.",2025-02-25 17:31:53,
01a6e543-6681-4b7e-848a-66fcf490d38b,Najib khoiri Rahman,https://play-lh.googleusercontent.com/a-/ALV-UjWqYhgj7pjsPdTczLmbl3TxJL-t4cNmdA3sExQzGxnEj_Se6K05Pw,Tolong di update selanjutnya untuk android ditambahkan fitur controller nya dong soal nya kadang kadang di android layar nya tidak tersentuh.,5,1,5.3.0_29183395_29332470,2025-02-08 18:53:01,,,5.3.0_29183395_29332470
e90b7bc5-77ba-44e4-be55-470dd670b9fa,Akhmad Nugraha,https://play-lh.googleusercontent.com/a/ACg8ocKmur8y3odUL29GtuPkGGnFx2Kmhup5rsn8nU1ZDLjVRyxyIA=mo,Best game,5,0,5.3.0_29183395_29332470,2025-02-08 18:52:59,,,5.3.0_29183395_29332470
0aec47b1-ab98-44c0-b9ed-dafe6d3f997b,Dafa Elwando,https://play-lh.googleusercontent.com/a-/ALV-UjUeTJGn0V41EnIONyb4ydtcN72h6nnh4UtMzRPMZyPXGlI_mkGt,Senang,5,0,5.3.0_29183395_29332470,2025-02-08 18:33:33,,,5.3.0_29183395_29332470
96896075-a222-4f88-aa86-4653b5ea01ca,Ramadhan Hamzah,https://play-lh.googleusercontent.com/a-/ALV-UjXjxq_cj2YlhOyUJ_XuC_fHN6MnhHnuWkgkn_VN_3qHKbZPjfI,Keren,3,0,5.3.0_29183395_29332470,2025-02-08 18:14:53,,,5.3.0_29183395_29332470
0f2758a5-7a64-4ca7-bbc6-4afd2c3ad531,Angga Gaminght,https://play-lh.googleusercontent.com/a/ACg8ocKyEyS9dq__qknBzi9JtTZEC6_7vRwxVVx0YqFC-Q7Z-0l5nw=mo,TAMBAHKAN FITUR SKIP DIALOG,1,0,,2025-02-08 18:12:54,"Terima kasih atas dukungan Traveler terhadap Genshin Impact. Kami menerima secara terbuka semua masukan/umpan balik dari kalian. Jika Traveler memiliki saran atau masukan, jangan ragu untuk menghubungi kami melalui feedback in-game atau email.",2025-02-24 18:25:22,
0a059bd0-72fb-4c28-bf18-971461d78e38,Faiq Irwandi,https://play-lh.googleusercontent.com/a-/ALV-UjXkjUKePU8JnKHftG3D53HtBRzMEVvHlQedBgUK-yRBB9uXo2-p,"Dialog dibuat terlalu panjang dan berbelit belit tidak langsung pada inti atau masalah utama membuat game sangat membosankan dan membuat kantuk ditambah mc yg hanya diam ,seringkali saya kluar game dipertengahan karena muak dan itu membuat gamenya tidak dapat dinikmati secara maksimal pada isi cerita gamenya, setidaknya buatlah fitur skip. Ayolah mihoyo buat dialognya simple dan ringkas semua orang tidak punya banyak waktu untuk itu",1,0,3.4.0_12498014_12591909,2025-02-08 18:04:43,"Terima kasih atas dukungan Traveler terhadap Genshin Impact. Kami menerima secara terbuka semua masukan/umpan balik dari kalian. Jika Traveler memiliki saran atau masukan, jangan ragu untuk menghubungi kami melalui feedback in-game atau email.",2025-02-24 18:28:21,3.4.0_12498014_12591909
b2f423d2-3a08-4f82-8978-8996d2020c14,Yusuf OFFICIAL,https://play-lh.googleusercontent.com/a/ACg8ocKkHRjpJfro3ueak7eaybJ0bOwTG7IpiMQ9V9-XiylchTNI9lw=mo,🥳,5,0,5.3.0_29183395_29332470,2025-02-08 17:33:53,,,5.3.0_29183395_29332470
3a9ca33d-455a-48e2-8ea5-d82260804277,Zukhruf Wibowo,https://play-lh.googleusercontent.com/a/ACg8ocKawCgFCDSglFu5c1dwPlC3Gw_rsNrEMP60QPvu97nRLvlaXw=mo,TAMBAHKAN FITUR SKIP DIALOG,1,1,5.3.0_29183395_29332470,2025-02-08 16:48:05,,,5.3.0_29183395_29332470
e48a8738-179b-4056-90df-6b40e45a879e,Dinar Eni,https://play-lh.googleusercontent.com/a-/ALV-UjXCzb2c_lzM8l7xJqB5eHVo7wDTVbhB_B2bVrAMBBjicZ6Mj_J4,"Pengen nyanyi Tonton ""#KuSangatSuka"" dah itu aja gabut mff oot Game nya bagus seru saya suka jadi sukses terus yaa Kayaknya itu aja yang bisa saya sampaikan Terimaksih Jangan lupa tonton ""#KuSangatSuka"" see you all",5,0,5.3.0_29183395_29332470,2025-02-08 16:09:37,,,5.3.0_29183395_29332470
b132d2e3-3479-47c2-b903-5000d4eca538,GZ TV,https://play-lh.googleusercontent.com/a-/ALV-UjWcs6BMtzG-bmDIfyrVv4YIsvdhJiVIt1TUGmf1vJpE8tXHso3v,"Tolong buat trobosan baru, bosan juga lama-lama Explorer sendiri bicara sama NPC jawabannya itu saja tidak ada perubahan. Kalau bisa kita bisa berinteraksi dengan pemain lain di luar konteks party hanya ada 4 orang saja. Kalau bisa ada dunia yang semua pemain genshin bisa bertemu semua .bisa explore bareng gitu... Bukan hanya terbatas dengan 4 orang... Sungguh membosankan",3,1,5.3.0_29183395_29332470,2025-02-08 15:56:24,,,5.3.0_29183395_29332470
edee5ba1-f1d2-4e3a-aba1-edb25f5e7708,Rezo leon,https://play-lh.googleusercontent.com/a-/ALV-UjVip2thscfJbpY3nEpcgFRyk1YSFNDowGG7bKJpIBGwqsPuOYry,aku suka nahida,5,0,5.3.0_29183395_29332470,2025-02-08 15:48:40,,,5.3.0_29183395_29332470
6edc5953-50f1-4422-9aa0-c1644c0aa2fb,Naila Meguru,https://play-lh.googleusercontent.com/a/ACg8ocLigWQ9eDVETaeLoiqvoKZGikfX8AX-2lFL72SilWGsXCpJ2Q=mo,I LOVE THIS GAME,5,0,,2025-02-08 15:42:09,,,
a36d1dd1-744e-4b8b-9575-f5503ad94fc5,Firefly Havers23,https://play-lh.googleusercontent.com/a-/ALV-UjVQpUpEgYzxXfAFrqaZvBp7EW1HIVPj03FZRMyzZkRqguvLNpc,"Ih Jelek Sekarang Genshin Masa Voice Eng nya Ilang Ilang ga kaya dulu, Kalau Sag Aftra di Amerika Belum Hilang ya cari Voice Actor Baru, Kalau bisa ganti ke Indonesia Voice soalnya Indonesia ga ada yang kaya gituan kayak strike voice Actor gitu",1,0,5.3.0_29183395_29332470,2025-02-08 15:21:00,Kami ingin memohon maaf sebesar-besarnya atas terganggunya pengalaman bermain Traveler. Silakan hubungi Layanan Pelanggan kami melalui pelaporan masukan dalam game atau email untuk mendapatkan bantuan tentang masalah ini.,2025-02-24 18:26:37,5.3.0_29183395_29332470
e0cb8ca3-62ca-42f1-951e-660a0995a044,minin x,https://play-lh.googleusercontent.com/a/ACg8ocKxLWTAhIKOJTuQWHwM6YjNTuwXGAUwywoPUNFJ4WsUjQvoZA=mo,Masih menunggu update akan saya ulas kembali nanti,3,24,5.3.0_29183395_29332470,2025-02-08 15:07:10,,,5.3.0_29183395_29332470
84e8a67a-4d51-4e52-9ed5-bf99917cf789,akari,https://play-lh.googleusercontent.com/a-/ALV-UjWhepHG6ORRH9y2ut8FKsqIEwblRAMqOiU5f8Y3YjxoYboXOgej,Kasih aku menang rate off lah hoyo,5,0,5.3.0_29183395_29332470,2025-02-08 14:51:58,,,5.3.0_29183395_29332470
e182a9fd-a0c7-4c92-9f02-683f2b39c4a9,Najwaaliah,https://play-lh.googleusercontent.com/a-/ALV-UjW6hIrmIH0Pk6zthdqByS2AkWpZkqNdZgKBp5IE45-yKToXRjMO,"Jodohin gw sama wanderer plsss, soal ny wanderer gantenk 🤭",5,0,5.3.0_29183395_29332470,2025-02-08 14:29:31,,,5.3.0_29183395_29332470
bce08e2b-751a-4b87-b13c-e2acc2c21b4f,Muhammad Arbi muzaqqi,https://play-lh.googleusercontent.com/a/ACg8ocJSsFQxjSeTHI3ecXpJD0lNlFwe2GaXbGWuEyy_7EYhVHeoog=mo,game baik banyak bansos saya menang 50/50 terus,5,0,5.3.0_29183395_29332470,2025-02-08 13:42:19,,,5.3.0_29183395_29332470
f5376c47-e2db-4006-9410-6903d939cf62,Who ??,https://play-lh.googleusercontent.com/a-/ALV-UjWJAJUnuE3ooegLksKJNx8NpR0FcJZoHuv72c6SqJIwblbfURog,"Okeh sih, cumen bisa ga ad fitur skip dialog, kadang kelamaan dialog nya, pas terkeluar malah ngulang lagi :)))",4,0,5.3.0_29183395_29332470,2025-02-08 13:39:12,,,5.3.0_29183395_29332470
7decd780-792a-43d2-98ef-70bd53760a1a,Tomi Suharto,https://play-lh.googleusercontent.com/a/ACg8ocK0YmZWwN6pvZj03dWlM_ii_uR9dim9F3G59TsQU84SY0IZow=mo,Game nya bagus cuman ada sedikit bug,5,0,,2025-02-08 12:58:35,,,
0616a188-2164-475f-995b-d73f81e2028d,Fa'ida,https://play-lh.googleusercontent.com/a-/ALV-UjU8WCBGGfhAUdbJyQE4hmbFT9cWCfPatUzaFzypcXM9lLXhMEze,GAME GACHA GAJELAS,1,0,,2025-02-08 12:57:17,"Terima kasih atas dukungan Anda terhadap Genshin Impact, Traveler! Kalau Anda mengalami kesulitan apa pun yang berhubungan dengan Genshin Impact, silakan hubungi kami melalui email atau feedback in-game untuk mendapatkan bantuan.",2025-02-24 18:23:10,
c6ee1f84-1cfc-44ce-9e8b-73ecbac3bced,Ni Putu Ayutami Artanti,https://play-lh.googleusercontent.com/a-/ALV-UjUtl14r2bnrcJo1mMI7bzf2hyjkt_9ZHLt-BbeVadpLqw9QX9hy,Keren,5,0,5.3.0_29183395_29332470,2025-02-08 12:15:06,,,5.3.0_29183395_29332470
fac80956-cb70-4439-9bd7-2bc057c45675,Nopri Yanto,https://play-lh.googleusercontent.com/a/ACg8ocJYp9EA7v0idQuElyKg90NR7nJrPQZOrJ4pU6VEda9vMswN0g=mo,Kebanyakan Dialog Dan Ga bisa di skip Dialognya. Ngebuang buang waktu,1,0,5.3.0_29183395_29332470,2025-02-08 12:01:49,"Terima kasih atas dukungan Anda terhadap Genshin Impact, Traveler! Kalau Anda mengalami kesulitan apa pun yang berhubungan dengan Genshin Impact, silakan hubungi kami melalui email atau feedback in-game untuk mendapatkan bantuan.",2025-02-24 18:26:52,5.3.0_29183395_29332470
e4ffa14b-9d90-4d1b-910a-3a79ea4e62d1,muhamad alfha Raffael,https://play-lh.googleusercontent.com/a-/ALV-UjVuBZMMc4CrxBp0VDembUxFjeZQ_GB8Cthx-LxjR3tStk8e7PdXig,Seru sih game nya,5,0,5.3.0_29183395_29332470,2025-02-08 10:30:23,,,5.3.0_29183395_29332470
9990552d-59ca-4043-afdc-cb82551a4cc1,Teisar Dzulfiqar,https://play-lh.googleusercontent.com/a-/ALV-UjXI_p0WzCW37ghwOIPC_jI9R0Z11RuAAysRuH_G7OTH030NYuxY,Bintang 5 karena furina exist,5,0,3.4.0_12498014_12591909,2025-02-08 10:26:17,,,3.4.0_12498014_12591909
3b05571f-df4a-46de-b121-a1e0c006fbad,budhi saputra,https://play-lh.googleusercontent.com/a/ACg8ocLJApmg7iSuZoOWKttSY1wDJAkO-KXYiGeUMX9SYO_9KmN8XQ=mo,Gamenya sih bagus tapi berat jugaya namanya game rpg tapi lumayanya,5,0,5.3.0_29183395_29332470,2025-02-08 09:50:16,,,5.3.0_29183395_29332470
bd35e303-87ab-40e7-9b4f-0f5dda41c2bb,Syamil Mutakamil,https://play-lh.googleusercontent.com/a/ACg8ocLuyP2Zqqt5pXeauE97vfKLOkJFSGyaRR2l1YY8Sau2yDmbqg=mo,Lumayan,3,0,5.3.0_29183395_29332470,2025-02-08 09:24:43,,,5.3.0_29183395_29332470
ea92d6d7-40c9-45a7-a2cf-9efe2f0ee2a5,YuNyx,https://play-lh.googleusercontent.com/a-/ALV-UjUUbnbRIVdMAkEroRlptqIXZeSG1Fai6_P_MFjXBmK4-zg5cp7o,Selamat tinggal Genshin,1,0,3.6.0_13833164_13951843,2025-02-08 08:55:49,"Terima kasih atas dukungan Anda terhadap Genshin Impact, Traveler! Kalau Anda mengalami kesulitan apa pun yang berhubungan dengan Genshin Impact, silakan hubungi kami melalui email atau feedback in-game untuk mendapatkan bantuan.",2025-02-24 18:25:03,3.6.0_13833164_13951843
a8bca89a-c6b8-43dc-ab61-97a0d9acd3e6,lemiel Ten,https://play-lh.googleusercontent.com/a/ACg8ocJfXvSPYLiIIVCheNlqxuLbxgvFiw0slwuiiPDMApj4WSEgCw=mo,Mantap,5,0,5.3.0_29183395_29332470,2025-02-08 08:41:56,,,5.3.0_29183395_29332470
1737ae94-9658-448b-89b3-364bec61a107,Kenzi Zaki,https://play-lh.googleusercontent.com/a-/ALV-UjVhNYIh1VCjNMdjK_McV9bl9aF6o3c9F2Da-L-n3Yn1or3yqLfe,Intinya saya suka,5,0,5.3.0_29183395_29332470,2025-02-08 08:39:21,,,5.3.0_29183395_29332470
c3d9baba-24c4-438f-8792-90f9c26de8ef,Ryzen Devanka,https://play-lh.googleusercontent.com/a/ACg8ocJNPcHx4QZdfAigicHrrVCRuLwJCUoo92PAk4fxtQ3kp7DmsA=mo,game nyaa sangat bagus untuk dimainkan,5,0,,2025-02-08 07:50:11,,,
404c054d-8ad7-4b5c-ac82-381a6dcb3d30,Alfipramesela Devitri,https://play-lh.googleusercontent.com/a-/ALV-UjUZEKrOGSqDvnp_n1Zc_IhUkKKsVKbyNJZuckdl5XjNtV3fLL8m,Mana fitur Skip dari jaman Baheula kagak ada. Yappingnya membosankan. Kecewa Beratt,1,2,5.3.0_29183395_29332470,2025-02-08 06:37:30,"Terima kasih atas dukungan Anda terhadap Genshin Impact, Traveler! Kalau Anda mengalami kesulitan apa pun yang berhubungan dengan Genshin Impact, silakan hubungi kami melalui email atau feedback in-game untuk mendapatkan bantuan.",2025-02-24 18:22:39,5.3.0_29183395_29332470
171e25f4-4553-434f-8b23-7a3d92f800f0,GLITCH NGAWI,https://play-lh.googleusercontent.com/a/ACg8ocLVNPET-4deZkzgCqTZwhL_vkds55FS8SG2LnfN8QgctGRDZg=mo,Petualangannya 👍👍👍👍👍,5,0,5.3.0_29183395_29332470,2025-02-08 06:33:12,,,5.3.0_29183395_29332470
34ac06d9-7f5c-40b8-9a88-d6e85cbaa5f7,Aristoteles,https://play-lh.googleusercontent.com/a/ACg8ocKz3YQivEVKgoIIkrYt0rQXwpKK_8JCooMpm4NQWHdIWKA8=mo,Game kikir,3,0,5.3.0_29183395_29332470,2025-02-08 05:33:40,,,5.3.0_29183395_29332470
85987d8a-c06a-471d-9dce-e4bccb109f0a,Gedang Goreng,https://play-lh.googleusercontent.com/a/ACg8ocKW2mejONaBzshcGp8aTtWxhk8ZTspgOwwaz83EAbyFOZuczg=mo,Kebanyakan yapping,1,0,5.3.0_29183395_29332470,2025-02-08 01:05:49,"Terima kasih atas dukungan Anda terhadap Genshin Impact, Traveler! Kalau Anda mengalami kesulitan apa pun yang berhubungan dengan Genshin Impact, silakan hubungi kami melalui email atau feedback in-game untuk mendapatkan bantuan.",2025-02-24 18:22:55,5.3.0_29183395_29332470
144ce60d-35d5-405e-a905-d81945d2fb48,Arip Hidayat,https://play-lh.googleusercontent.com/a-/ALV-UjUZOKaPMnUIyOjwPmqrI7BzE3UXZxGWURy-eqINlqWoqAmzL567,Game gk jelas setiap gacha wp gk dapet mulu,1,2,5.3.0_29183395_29332470,2025-02-08 00:35:55,"Halo, Traveler! Traveler dapat melihat aturan sistem Wish di bagian [Rincian] pada halaman Wish. Jika kamu memiliki pertanyaan tentang perincian dari aturan tersebut, silakan hubungi tim Layanan Customer Support kami melalui feedback in-game atau melalui email.",2025-02-24 18:24:48,5.3.0_29183395_29332470
599a598c-2769-4fa8-824b-3516b1fa583e,Aldi Ramadani,https://play-lh.googleusercontent.com/a/ACg8ocJ8Ndu-HpPj7mjAXH46rc0ytwtvQKf2te140CAUL9xJcjv9jDI=mo,Gacorr,5,0,5.3.0_29183395_29332470,2025-02-08 00:25:58,,,5.3.0_29183395_29332470
0adcf5ca-bde8-4da1-8cb4-070f3203f323,Dx Void,https://play-lh.googleusercontent.com/a-/ALV-UjXpRdHqX3SbwHf728D8Wharh9oOEeFgu14nHGXNDzkXPCOqw-Lu,"Please, tambahin reward dari story quest, story quest sangat habisin waktu lama dan reward cuma 60 primo + beberapa exp book.",3,0,,2025-02-07 23:19:25,,,
dc926500-1d84-495d-875d-7f5351d61756,co ko,https://play-lh.googleusercontent.com/a-/ALV-UjV4I43IJPt2Di8hh3hU8ThirDRCWw-SBePkUPq1STUnNqosu4jYlQ,"Sebelumnya main make S20 Ultra, panas Brok!!! Sekarang udah aman, make S25 Ultra, adem Hp nya 😁 untuk game nya sendiri KEREN, jalan cerita, dan RPG nya kentel sekali, kayak game2 ROG Online tahun 90-2000an",5,1,1.2.0_1565149_1627898,2025-02-07 23:05:15,,,1.2.0_1565149_1627898
cbf41ef5-3387-460d-bc47-bd49675ac853,Muhammad Fajri,https://play-lh.googleusercontent.com/a-/ALV-UjUNStJDvSg95cRwCcV__ddbUe1jymF5YyvnVxm7IVwz35w7lyfY,Terima kasih karena telah menciptakan karakter yang bernama furina,5,0,5.3.0_29183395_29332470,2025-02-07 21:32:56,,,5.3.0_29183395_29332470
e1999e02-bb05-41a0-9d40-adc5ff231940,Ver Nite133,https://play-lh.googleusercontent.com/a-/ALV-UjVIXWbjWQtQGzb0UxfVnHNQkBtiksQD-OrZmqjUYPTUkGWDmag,"sistem banner/gacha character masih susah drop character,minimal 60 pity dapet char nya lh ngent",1,1,5.3.0_29183395_29332470,2025-02-07 21:21:13,"Halo, Traveler! Traveler dapat melihat aturan sistem Wish di bagian [Rincian] pada halaman Wish. Jika kamu memiliki pertanyaan tentang perincian dari aturan tersebut, silakan hubungi tim Layanan Customer Support kami melalui feedback in-game atau melalui email.",2025-02-24 18:27:43,5.3.0_29183395_29332470
40e35b92-c08a-4175-86cc-8f64b979f120,Ahmad Daniyal,https://play-lh.googleusercontent.com/a-/ALV-UjV_XwMBk5elqFAlOBQw8wLZG-TX4bEG0HcL0qSQpxyfYTkNorRr,Game nya sangat bagus kecuali gacha nya karena sangat sulit dapat karakter dan senjata B5,5,1,5.3.0_29183395_29332470,2025-02-07 21:14:35,,,5.3.0_29183395_29332470
a72c3922-a774-4c87-a4b3-55a4c8115b2e,Dhika Wira Saputra,https://play-lh.googleusercontent.com/a-/ALV-UjX2xr6kbGpbe33b-c2HmtSNrMxjWmYB_0u0oggY6M4azPv9wH23,game jelek,1,0,,2025-02-07 21:10:23,"Terima kasih atas dukungan Anda terhadap Genshin Impact, Traveler! Kalau Anda mengalami kesulitan apa pun yang berhubungan dengan Genshin Impact, silakan hubungi kami melalui email atau feedback in-game untuk mendapatkan bantuan.",2025-02-24 18:17:16,
4a0b85aa-f633-47c6-a90a-24ab7864bf9e,Griselda,https://play-lh.googleusercontent.com/a-/ALV-UjUJEbMlL9F_GDNXih69MYxsSS6v1O9Z6bSqweiF68Oi27noRAnF,malas kali makin kesini primogems yang dikasih tambah dikit banget. uninstall aja lah,1,4,5.3.0_29183395_29332470,2025-02-07 20:45:23,"Terima kasih atas dukungan Anda terhadap Genshin Impact, Traveler! Kalau Anda mengalami kesulitan apa pun yang berhubungan dengan Genshin Impact, silakan hubungi kami melalui email atau feedback in-game untuk mendapatkan bantuan.",2025-02-24 18:27:28,5.3.0_29183395_29332470
56db8728-7e4c-47a2-869f-a3f2059939bf,komarudin rudin,https://play-lh.googleusercontent.com/a-/ALV-UjVyVRUhFNb3uTQeFn_ZP-p0RvEB9NUoh1Jd-nkhq5xHHmkt2ofPmQ,Bagus tapi kasi furina lah😁,5,0,5.3.0_29183395_29332470,2025-02-07 20:18:16,,,5.3.0_29183395_29332470
76f8e7ca-e4ca-44aa-9dff-9bf20fd4ed06,Kakanda Marwan,https://play-lh.googleusercontent.com/a/ACg8ocKsrKb3h86uxpKeuVp-BLRhK-2Ph1StYJEY3RHPAPUovNbLVg=mo,NAJIS GAME BANYAK BACOT,1,0,,2025-02-07 20:11:11,"Terima kasih atas dukungan Anda terhadap Genshin Impact, Traveler! Kalau Anda mengalami kesulitan apa pun yang berhubungan dengan Genshin Impact, silakan hubungi kami melalui email atau feedback in-game untuk mendapatkan bantuan.",2025-02-24 18:17:00,
90421fbc-926b-45ea-a77b-0890e748e364,Ngaliyu Mahdum,https://play-lh.googleusercontent.com/a-/ALV-UjXlV3t8lpcIO7eYFv3RRavxUXGWq2vnBalaSpDkIjF8RNfPplLa,Good,5,0,5.3.0_29183395_29332470,2025-02-07 19:58:24,,,5.3.0_29183395_29332470
5e4caf79-44ac-4ac2-b47c-eb691cf40d4d,Fajar paturohman,https://play-lh.googleusercontent.com/a/ACg8ocIXyE_LWg___cXfEBXCUzZteuS71xdC1HPn1y565qxezO2d6g=mo,Game unik,5,0,,2025-02-07 19:35:56,,,
9e709ac1-fcf5-4103-a101-741cc9ed17d4,Rudi Tabuti,https://play-lh.googleusercontent.com/a-/ALV-UjXVGKPV0yiZUvq6PyX1HXOdMwxIVpbpZmIjpebagesPlZ8JHDw,Game kikir gcha hard pity trozzz 80,1,1,,2025-02-07 19:27:14,"Halo, Traveler! Traveler dapat melihat aturan sistem Wish di bagian [Rincian] pada halaman Wish. Jika kamu memiliki pertanyaan tentang perincian dari aturan tersebut, silakan hubungi tim Layanan Customer Support kami melalui feedback in-game atau melalui email.",2025-02-24 18:24:34,
84d1a158-28c7-4f35-8cba-ae3a30f6d38c,Andy Putra Perdana,https://play-lh.googleusercontent.com/a-/ALV-UjVUXvb4fIjwaAx4t00Py1JTBOhtizmLipXN5wSheL3ecpO46_ML,Mantap,5,0,5.3.0_29183395_29332470,2025-02-07 19:19:25,,,5.3.0_29183395_29332470
40ab7651-1944-40ef-a88c-638915b1506e,Gilang Athala,https://play-lh.googleusercontent.com/a/ACg8ocJGpYjPs12TiOEFZdUTZ6mKqZ-nyOtl4nL0u2-M4fBZ-dVrJg=mo,Game nya ini sayang nya loading nya lama kalo ga lama pasti aku kasih bntg 5 tolong yg di perbaiki jd gak nyaman main nya,4,0,,2025-02-07 18:55:15,,,
b1265afe-7408-4c5e-baa6-a0a4933ac413,Naila Kemala azahra,https://play-lh.googleusercontent.com/a/ACg8ocJqtBkpo5GaKprNFu4cgOw31RwOE36DmRfEw1oQpXmLamTSuw=mo,I like it SOO MUCH ada banyak sekali karakter yang.....ya...itu..dan aku juga senang mendapatkan karakter kachina❤❤🧡🧡💛💛,5,0,5.3.0_29183395_29332470,2025-02-07 18:43:02,,,5.3.0_29183395_29332470
b3f11c68-17a0-47f2-a609-593eab4067c6,Durango 2025,https://play-lh.googleusercontent.com/a/ACg8ocJUA24tm9SBGZ7zIl9N_yOy5a98OAPDSrAmT1s87u_LSiaX6Q=mo,Yapping impact,1,0,,2025-02-07 18:33:40,"We sincerely apologize for your unsatisfactory experience, Traveler. If you have any feedback or suggestions, please send us an email or contact Customer Service via in-game feedback to help us improve the game.",2025-02-24 18:22:24,
87400e82-2fee-4995-be64-0cf695758382,Amirul adli,https://play-lh.googleusercontent.com/a/ACg8ocIWakYkCfGzIdZJOE5s-_1Jz8779Pd5P4_KFHmuF5N-cwN8=mo,Sangat bagus,5,0,5.3.0_29183395_29332470,2025-02-07 17:57:50,,,5.3.0_29183395_29332470
0d63c9c2-2766-4b81-88ba-3eea30a7c87a,rokan ramadhan,https://play-lh.googleusercontent.com/a-/ALV-UjVuWpjX7Haln9LeMwij6sn8-jVKlWj7-04gaY7HjFRWNJ_MBNA,Bagus,5,0,,2025-02-07 16:19:06,,,
1c3fe688-d6e6-48a5-aa24-707e72a59f7c,Wendy Irawan,https://play-lh.googleusercontent.com/a-/ALV-UjU6YkaW1Drtz7yQ57j1r6yrnyNiGM_bx1YxOE-H0lsNpp0z4143,Tolong tambah kan fitur gamepad di android,5,57,5.3.0_29183395_29332470,2025-02-07 15:14:40,,,5.3.0_29183395_29332470
514f48c9-0a8f-4406-a14b-25ce8083d355,Byy Byy,https://play-lh.googleusercontent.com/a-/ALV-UjUkwIx9LnON2DQ50bYqjNifjSXMU9NDdFC7uK1dfGrt-WjTL3tx,Bagusss banget,5,0,5.3.0_29183395_29332470,2025-02-07 14:46:01,,,5.3.0_29183395_29332470
ce9d56f8-127a-48de-9f02-2c0041495dc8,DamZ_ GG,https://play-lh.googleusercontent.com/a-/ALV-UjUpyIwfaiaY9792w90ZReRpioa3dgH7Zk-eUi4dgwFGpaxN7FrT,Genshin game bosok 🥲,3,0,5.3.0_29183395_29332470,2025-02-07 14:26:40,,,5.3.0_29183395_29332470
09eadceb-d556-4fa4-8225-dc92508d4194,Basori Sori,https://play-lh.googleusercontent.com/a/ACg8ocLLVrpC8Drb2VT9bEqsnrG8vCG-8HOF2x6oJeyh-BA12Y3G_w=mo,Permudah gacha nya donggg,1,1,,2025-02-07 13:25:59,"Halo, Traveler! Traveler dapat melihat aturan sistem Wish di bagian [Rincian] pada halaman Wish. Jika kamu memiliki pertanyaan tentang perincian dari aturan tersebut, silakan hubungi tim Layanan Customer Support kami melalui feedback in-game atau melalui email.",2025-02-24 18:16:18,
78bd5ab8-4f0d-40f6-8e5a-1cd5f7d6020e,Adinurdin Adinurdin,https://play-lh.googleusercontent.com/a/ACg8ocLtxrRxxeVlLk-DvaRBUeLoWVQwqHUmkUfcAd1P6xe-9hjqhA=mo,Sangat bagus,5,0,,2025-02-07 12:57:50,,,
3cd7ec83-1a3e-45fa-acb4-71faa3817030,Mohamad YUNIARt,https://play-lh.googleusercontent.com/a-/ALV-UjWKhmzhzT9qo10Mi-IK5FYR8yJIPnvk9RaMcw710hk0OUj1qcBO9w,Keren,5,0,5.3.0_29183395_29332470,2025-02-07 12:05:59,,,5.3.0_29183395_29332470
f875be1d-6fb3-4486-b950-1cccaefee186,Sandwichyum,https://play-lh.googleusercontent.com/a-/ALV-UjX0IuhnTdIf7RP2YVqWkspABSSBB-fV4CZxdDUYEcfMOe0HEQk,tambahin tombol skip dialog plz,5,0,,2025-02-07 11:31:08,,,
6f5b035e-a046-457a-a352-daeecc045034,Messi Efotball,https://play-lh.googleusercontent.com/a-/ALV-UjWjBJe4KrMynC5UerI3jgwlmUXLuGsqK3lw3qHIbdYBmqIitfo,Kalo gw soft pity gw kasih bintang 5,1,1,5.3.0_29183395_29332470,2025-02-07 11:02:27,"Halo, Traveler! Traveler dapat melihat aturan sistem Wish di bagian [Rincian] pada halaman Wish. Jika kamu memiliki pertanyaan tentang perincian dari aturan tersebut, silakan hubungi tim Layanan Customer Support kami melalui feedback in-game atau melalui email.",2025-02-24 18:15:55,5.3.0_29183395_29332470
cdbf804e-936b-4c9b-b453-ea6f1db0aaf7,Fijar Arvabima,https://play-lh.googleusercontent.com/a-/ALV-UjWwxCl5Eak7Kcocwqv3X-EuBaWM2uUU3KOjWQWUWwHeTce1epJs,Bagus trimakasih,5,0,5.3.0_29183395_29332470,2025-02-07 10:57:12,,,5.3.0_29183395_29332470
243476fe-8dc0-4c2a-9c3c-4a9817493205,FerriZ,https://play-lh.googleusercontent.com/a-/ALV-UjX4bEOY0WrelbLlvwPo3QHG96DPRX962-8RFJQluy-kiWHel_Xs,Makasih Mihoyo Udah Ngasih Arle Dan Sign Nya 🥰,5,0,,2025-02-07 10:23:09,,,
488b2edf-7e8e-49ec-9e47-44fcd60c0bd1,Sky Yae,https://play-lh.googleusercontent.com/a/ACg8ocKlEraClPWjAHywRsUm_UHKohgTUUD7El3Qo8aLp9Qknhgr3A=mo,Woi developer pas gacha jangan pelit napa dapetin b5 ya susah cok pantesan saja game ini kikir hadiah ya cuman dikit doang,3,0,,2025-02-07 10:00:40,,,
4f89b60c-1431-4ea2-9a9d-3b66f38c3446,Kinoy Sopiany,https://play-lh.googleusercontent.com/a/ACg8ocLVPyPPIVqKRId7xCnY5DrWtg9oH5M4tm77HlXmPnQGwTx66g=mo,"Game yg sangat bagus, art nya cantik,game nya seru",5,0,5.3.0_29183395_29332470,2025-02-07 08:21:31,,,5.3.0_29183395_29332470
62ab0871-85ac-4fc0-970a-c87014db936f,BILL Bill,https://play-lh.googleusercontent.com/a-/ALV-UjWsfUGYzdsl48Y9nQfrD2-GqSSfGDpLU6oEhqKFN3qLntjNfz8,Game nya sangat menarik cuma tolong tambahkan bebrapa karakter npc di perkotaan agar terlihat lebih hidup,5,0,,2025-02-07 08:15:50,,,
35774fae-4b96-4df8-97df-e281428dc088,reiynn,https://play-lh.googleusercontent.com/a-/ALV-UjX-Zszdtj09GPEoLrohQf9mI_7vqRvVQKwKSIYxJnZr4hqRqroX,Akan lebih bagus lagi kalo developer nya notice aku </3,5,0,2.6.0_6179196_6305792,2025-02-07 07:59:07,,,2.6.0_6179196_6305792
6eeac6ca-beb6-4ed1-b653-04f228d455f4,Edo Putra,https://play-lh.googleusercontent.com/a/ACg8ocJWu8rHz1svnfxPbGSiBUo_0QqHJmBJie7PcqFKu8gEIoxshA=mo,Bagus,5,0,,2025-02-07 07:19:45,,,
95d29fed-5494-4e76-8061-5449501c8289,Aditya Putra Winata,https://play-lh.googleusercontent.com/a-/ALV-UjUwwx9Z0WDA7yrcb1u5G62E1fTfoQPImd9nfa7h2dWzkuC4YyI,GG keren bet ni game,5,0,5.3.0_29183395_29332470,2025-02-07 07:18:51,,,5.3.0_29183395_29332470
cc2ec891-82a2-42b3-977d-59c6e47005f6,Raiman iskandar,https://play-lh.googleusercontent.com/a-/ALV-UjVM_IySEwNBpsnWKCZFIkeHvIJrAvcJD_5gqWgT23Mhtq3YWz9t,"Tambahkan fitur skip dialog dan story, tambahkan fitur reposisi tombol skill dll, tambahkan fitur tombol terpisah untuk memanjat dinding bangunan karena sangat bermasalah ketika bertarung di dekat pohon atau dinding dan tebing, dan tambahkan fitur quickswap agar membuka gameplay yang kompleks.",1,62,5.3.0_29183395_29332470,2025-02-07 07:01:32,"Terima kasih atas dukungan Traveler terhadap Genshin Impact. Kami menerima secara terbuka semua masukan/umpan balik dari kalian. Jika Traveler memiliki saran atau masukan, jangan ragu untuk menghubungi kami melalui feedback in-game atau email.",2025-02-24 18:15:10,5.3.0_29183395_29332470
5c47cf51-065d-4894-8ad2-7b4dc9c45ea8,Rambo Rambo,https://play-lh.googleusercontent.com/a/ACg8ocJkmtxXvFjVN4lAxBD7wiT1nKi3QOZdCfg1KSsNAA_cLYAdOg=mo,Game sangat menarik + grafik bagus dan cerita nya menarik,5,0,,2025-02-07 06:35:49,,,
9b306ea8-6616-46ea-8731-b7dc7879ad0a,Ariansyah Firly,https://play-lh.googleusercontent.com/a-/ALV-UjX8DJmI_2HRUVWySaN2gOwzUtHkUnxQD_DkncXicJLh7thvseE,"Kenapa ya genshin saya jembatannya hitam saat login, saat di in game malah hitam semua ga kelihatan apa apa, ga tau ini bug atau apa plisss kasih tau cara benerin nya dong Zian lho )lewat akun tiktok",3,0,5.3.0_29183395_29332470,2025-02-07 06:17:36,,,5.3.0_29183395_29332470
56daa894-4b96-4573-a4cd-30e0a1083ac5,Zikri Atmaja,https://play-lh.googleusercontent.com/a/ACg8ocKOfdPNgppasgE9IM_5uS6dIbFxWKDdH-rUce4d1u6g83kv6AE=mo,Game bagus aihihihi,5,0,5.3.0_29183395_29332470,2025-02-07 05:13:15,,,5.3.0_29183395_29332470
0b8efca5-25fc-4c43-984d-03bb88f5c712,Agung Y,https://play-lh.googleusercontent.com/a-/ALV-UjW644WcCbMgBLNd7Y-JcbIwslzrT8cOXMnnANePmy_uPs1JN3I,udh kebanyakan yepping ga bisa diskip lagi ppk,2,0,5.3.0_29183395_29332470,2025-02-07 02:29:28,,,5.3.0_29183395_29332470
a8ec30f6-c6cc-42b4-92c0-024eed7bfba1,Loli,https://play-lh.googleusercontent.com/a/ACg8ocK-zNvV1_nPs-bMJVSPjAAOPffClzNXb0wBNrJqQkgVwwGwrg=mo,"Sudah lama gak main game ini , kangen sih kangen. Tapi kecewe karna outfit Raiden Shogun sampai sekarang ternyata belum ada.",3,0,,2025-02-07 01:22:51,,,
4264361d-4475-4786-a4e1-f72266db466c,Abdul Rahman,https://play-lh.googleusercontent.com/a-/ALV-UjXkKN4q8d7gvePrWHoJMDGxdwgxx3yC4bnw3dShcsrSaTzHkXfK,Cukup lumayan grafik buat a55 langsung lancar gamenya,5,1,5.3.0_29183395_29332470,2025-02-07 00:01:40,,,5.3.0_29183395_29332470
6ff8632c-fbf1-4ee1-a342-40321c75eb49,Zero Zach21,https://play-lh.googleusercontent.com/a-/ALV-UjWd2z1dMDJgdZMFV-q90FSUCJuS8Em6ms71lcvwXKqgD9Yv2wg,nice game I love it,5,0,5.3.0_29183395_29332470,2025-02-06 23:22:54,,,5.3.0_29183395_29332470
8f611a4b-ad23-4ab7-8560-77244e3739c5,Simple,https://play-lh.googleusercontent.com/a/ACg8ocJoPqXR8NxHoNGb0WmTeurv3oDzBO89_cboXpkzcLT5FfFs-A=mo,please fix stuttering on snapdragon 845 or 8xx series and add controller setting on android,5,0,5.3.0_29183395_29332470,2025-02-06 23:09:26,,,5.3.0_29183395_29332470
1f52dcf8-f4c6-4645-9f96-57623d279b5f,Lewi Moses,https://play-lh.googleusercontent.com/a/ACg8ocKIvljRY-WrQvayDYTfJNPeWzGP9px11PbvJqIIcCMk1shqNd0=mo,Akun w ilang. Trus lu berharap w mulai dri 0???,1,0,5.3.0_29183395_29332470,2025-02-06 22:59:15,Mohon maaf sebesar-besarnya atas terganggunya pengalaman bermain Traveler. Silakan hubungi Layanan Pelanggan kami melalui email untuk mendapatkan bantuan terperinci mengenai masalah ini.,2025-02-24 18:19:19,5.3.0_29183395_29332470
ddcf2ba5-379f-475f-a4ff-e894605527ae,naynay NN,https://play-lh.googleusercontent.com/a-/ALV-UjUI_3VGkMrFuTNyfLI5YFyMGuUPzDxcyKQ2nhiK9jHAqPdCCbTK,"The loading screen is so damn long, It is very difficult to play on a smartphone, if you accidentally exit the application, you have to wait again for the damn long loading screen, it's very hard to get 5 star characters limited to f2p players, exploration rewards are little, event period is too long,please shorten the chat during a quest, or provide a SKIP feature so that players don't get bored while doing a quest, and one more thing... WHY ARE THERE SO LITTLE MALE CHARACTERS????",1,1,5.3.0_29183395_29332470,2025-02-06 22:56:00,,,5.3.0_29183395_29332470
9b330ebc-9673-4409-b9e7-960b9846d7d7,Siti Fatimah Tuzzahro,https://play-lh.googleusercontent.com/a-/ALV-UjXpSqBGVHCpsguFJyeCkrYTq1yp2-3patVpfdPs7zvxmvzIRfu6,Bagus,5,0,5.3.0_29183395_29332470,2025-02-06 22:47:18,,,5.3.0_29183395_29332470
d42ad3a7-e34b-4a63-b2a7-856c57484061,Haffi Mubarok,https://play-lh.googleusercontent.com/a-/ALV-UjUw56tCSNZ9UIjWvw8VDeAN5UdkMbV8cvabHZmD8Z3N82ZC6sAqLw,game nya seru min☺️,5,0,5.3.0_29183395_29332470,2025-02-06 22:13:35,,,5.3.0_29183395_29332470
f361dfdd-ce30-4424-b248-035a7778926c,Gogit Jodiprabowo,https://play-lh.googleusercontent.com/a-/ALV-UjXrd9GD9xWtfYG4WIzwL2LWVgihuqfB3HvmJXuFwwC-L7NSWM63,I'm uninstall this game because they don't fix the english voice over for a long time. They don't care anymore about the player.,1,0,5.3.0_29183395_29332470,2025-02-06 21:47:37,"Hello Traveler, thank you for supporting Genshin Impact! To help us further locate the cause of the audio issue, please submit feedback of relevant information to our Customer Service team via email. We will do our best to provide you with a detailed answer.",2025-02-24 18:05:52,5.3.0_29183395_29332470
0f39ce73-8650-4bb8-96df-9aed9c9bf136,Munawir,https://play-lh.googleusercontent.com/a-/ALV-UjXA_KOT5QX-V-UZP4oqMUtkpTfVW_tIvgOU4zNZJPxcF2opYACBKg,Seru!!,5,0,5.3.0_29183395_29332470,2025-02-06 21:29:04,,,5.3.0_29183395_29332470
479e8355-c6c4-4f6f-ba01-15cf564f0c27,Nazriel Darrell Zulfikar,https://play-lh.googleusercontent.com/a/ACg8ocI4BfrTRlBaDkBtIdrnKQWodsw9z4Nq_LQWNyYdWIP6sBeNZQ=mo,Can hoyoverse give me noelle c6 please,5,0,5.3.0_29183395_29332470,2025-02-06 20:30:10,,,5.3.0_29183395_29332470
f760a125-8388-47a2-b69f-f0692309971a,Kiandra Arkarega Robani,https://play-lh.googleusercontent.com/a-/ALV-UjUKT6WJ1mneEq6x3Z0_Zzos0GUHKkjIBK4-7Mb2LX_OA5FNYPL9,"Game nya udah kikir, apalagi baru download loding nya lama sama harus download aset penting yang bikin lama 👎",1,0,5.3.0_29183395_29332470,2025-02-06 20:18:25,"Halo, Traveler! Terima kasih telah mendukung Genshin Impact. Fungsi fitur pra-unduh adalah untuk memberikan player akses pada konten terbaru lebih cepat sewaktu versi terbaru dirilis. Jika Traveler mengalami masalah sewaktu pengunduhan, silahkan menghubungi CS kami melalui email. Kami akan memberikan bantuan/jawaban yang sesuai untuk Traveler.",2025-02-24 18:05:12,5.3.0_29183395_29332470
a9b3c3c5-6f05-4215-8f96-97ab90129057,Ahmad Rizqi,https://play-lh.googleusercontent.com/a-/ALV-UjVbs-QPplhWBDMo4kdG4OfnZ_RX4kGprLLbXRubIJ02k-_9bZw,Terimakasih genshin impact telah menemani saya sejak tahun 2023 samapi 2025 tapi saya harus pensiun. Sekali lagi terimakasih 🙏🙏🙏,5,0,4.8.0_24603909_24822834,2025-02-06 20:13:55,,,4.8.0_24603909_24822834
a66e74c4-707f-4c2f-b345-1349d2ea0158,Rida S,https://play-lh.googleusercontent.com/a-/ALV-UjUJDYXGN5Zd4tNdgfFj4keXqy-A7Lg6uQq9PlaENKe-ZvXKx2rs,Seru dan grafik nya hd itu aja makasih 😅😅😅,5,0,5.3.0_29183395_29332470,2025-02-06 20:13:00,,,5.3.0_29183395_29332470
d5a568b9-d1ff-474a-bca8-d8c42ebf8df3,Scara Scar,https://play-lh.googleusercontent.com/a/ACg8ocJkoE4befRO1CWqr6gg7OXA39ldeUiIEbXWnLGDY0w3krty4g=mo,"dialog lama gaada tombol skip, 30 menit lebih trs aja ngomong... haduh boring sumpah, mana cuma dapet 60 primo satu spin aja engga, pelit.",2,0,,2025-02-06 19:55:27,,,
3d02aded-cdda-4d8a-972a-7e59fd33b2ee,Reen_,https://play-lh.googleusercontent.com/a-/ALV-UjV6PrwiXSA93qisg_nyEhUTa5Z9Oarx398OyvtQcqp7mWtohOzj,"Game nya bagus dan juga seru banget,tapi kalo bisa tolong tambahin vitur nikah min pengen nikahin hu Tao soal nya 🥰",5,0,,2025-02-06 19:54:53,,,
7e847bb1-a4ec-4179-9734-384a0e3c5586,reihan,https://play-lh.googleusercontent.com/a/ACg8ocJbSelH85VwX_jqxuYrcNVBRaL0fNhxtpMJTvHEU8uvCXaa2A=mo,"Gamenya seru, ga ngebosenin",5,0,5.3.0_29183395_29332470,2025-02-06 19:37:15,,,5.3.0_29183395_29332470
5d34dce7-6ee3-47e7-97ee-d74f1d4ce920,Rizky Maulana alfarizi,https://play-lh.googleusercontent.com/a-/ALV-UjUgoAa5ebmkrPeVglZggd72-m-7ldPnV9gJsS4s3-Up7J1B6dM,"Kenapa Ya Kdng Klo Mau Login Ad Bacaan ""Terlalu Banyak Permintaan, Coba Beberapa Saat Lagi""",5,0,5.3.0_29183395_29332470,2025-02-06 19:12:11,,,5.3.0_29183395_29332470
c4f8b8bc-370d-4896-9a52-ebd5053e402b,ZERO 3061,https://play-lh.googleusercontent.com/a-/ALV-UjWsn50U3DNpl0sH0JWmtki9S4VydfHvt1PtVTnStWwQ1k-bKXq9,"This is a good game, but for now I have to delete it because my phone can't handle it. I will play this game again when I have a computer later",4,0,,2025-02-06 19:05:11,,,
c57ba5cb-a257-4765-a28b-1ccdf71786d3,ahmad furkon,https://play-lh.googleusercontent.com/a-/ALV-UjXfF9qbijMwAe3kPtYNZjIRzrYriYZ9KIDPXqXSr2IqCFtb9pRO,Alamak Bagusnya😹,5,0,5.3.0_29183395_29332470,2025-02-06 18:59:49,,,5.3.0_29183395_29332470
225817fe-26f8-4498-aec2-6f0f0faca37a,Fauzan Aflah,https://play-lh.googleusercontent.com/a/ACg8ocI-F-D-fvsAqHqLUjNYG6nJ7JfXo7xpwW01MKyEXX4n-Ry0Zw=mo,Game yang sangat menarik Bagi saya yang suka anime Grafik nya juga Bagus😋👍🏻,5,1,5.3.0_29183395_29332470,2025-02-06 18:56:09,,,5.3.0_29183395_29332470
0a7de23f-1bc8-4832-868c-6e7c7b537412,Rabbyson Raynold,https://play-lh.googleusercontent.com/a-/ALV-UjW0PE4KmFI-R2llWhlS6fz4TTLzm8q_wKHTHyvfLQh7Xn8JMZpd,"Kok update mulu ya dikit2 update, entah apa yg di update",1,1,2.1.0_3981765_4073622,2025-02-06 18:52:56,"Halo, Traveler! Terima kasih atas support anda pada Genshin Impact! Mohon diperiksa apakah anda telah mengunduh game client versi terbaru melalui official channel yang ada. Dan mohon kirimkan informasi relevant mengenai permasalahan anda kepada CS kami melalui email. Kami akan memberikan jawaban/bantuan permasalahan anda sebaik mungkin.",2025-02-24 18:04:46,2.1.0_3981765_4073622
ee66c213-2d3b-4833-9d9d-9b93932e3d7d,Fio Izumi,https://play-lh.googleusercontent.com/a-/ALV-UjUqA3g26ZK7dyNwCE1wgDUSoNKLe6iNNKIWE3rIxbEjFopgsheB,"aku suka bangett ini game, apalagi kalo grafik nya tinggi",5,0,5.3.0_29183395_29332470,2025-02-06 18:35:51,,,5.3.0_29183395_29332470
6484c6a9-9796-4420-be63-9957bd724712,Harlina Arman,https://play-lh.googleusercontent.com/a-/ALV-UjVy2aOwLY4fiukHPdypdlmeP7H4Bm4BscsI-6_Jc_1Bi3_BCKDM,"Game ini Bagus Mantap dah pokok nya, Ya gimana yak, Soal nya karakter nya gegeh semua + game nya asik aja tuh, makasih untuk developer karena memberi pritogem di awal game, yang cukup untuk menge spin karakter baru!!!!!",5,0,5.3.0_29183395_29332470,2025-02-06 18:30:06,,,5.3.0_29183395_29332470
a0f7bb81-0111-496a-9cb2-8a3bcda1086c,Nurrahman Fauzi,https://play-lh.googleusercontent.com/a-/ALV-UjXiLLptT0F1n_GW1W5xSOP8WnGtdw5LocgtcdYvraFE9aFPyq3qfQ,Game kikir artefak,1,0,5.3.0_29183395_29332470,2025-02-06 18:21:49,"Kami mohon maaf atas ketidaknyamanan yang Anda alami, Traveler. Kalau Anda memiliki masukan atau saran, silakan hubungi kami melalui email atau feedback in-game.",2025-02-24 18:03:57,5.3.0_29183395_29332470
020b09b3-a368-4175-a7f3-7cdf4c8fa7ca,Zulhan Jr,https://play-lh.googleusercontent.com/a-/ALV-UjUkF_2tGx58pBl46wGfvWj3V9-CewRGravCrWkuoi4EFBuSCoCm,"Mihoyo tambahin fitur skip dialog dong bosen banget cuma liatin orang ngomong, kalau quest archon gak masalah lah karna dari segi cerita juga seru, tapi yang untuk world quest itu jujur bosenin banget tolong lah banyak game bisa skip dialog kayak wuwa,dll",3,3,5.3.0_29183395_29332470,2025-02-06 18:18:47,,,5.3.0_29183395_29332470
d37897a9-ff43-4e92-a0d1-a1d432f57a30,Altan Iman,https://play-lh.googleusercontent.com/a-/ALV-UjVe_kCBqHlC6t_sa0_nib72dmKWAEtBKVENbuaF-ZKCSOYIv9uJ,"Untuk hoyoverse, saya berharap untuk menurunkan data aplikasi genshin impact agar hp dan ram hp saya tidak cepat penuh dan panas🙏",2,1,5.3.0_29183395_29332470,2025-02-06 18:05:56,,,5.3.0_29183395_29332470
15e82ca7-ce72-4244-899e-9f1d5dcafc62,Kamilia Yusra,https://play-lh.googleusercontent.com/a-/ALV-UjXq9DSDIGFVxQgnCNPNHHnl3F2OJnM12yvHtQMKFWWZjK_Cwao,well uhm.. aku udah main game ini 3 tahun tapi rewardnya boleh di perbesar ga?,4,0,5.3.0_29183395_29332470,2025-02-06 17:48:37,,,5.3.0_29183395_29332470
3d50862a-77ae-40f6-bd0d-227333f9d22d,Kim Yejin,https://play-lh.googleusercontent.com/a-/ALV-UjVobEocglMLHme0oG5T9kdpz4YxvUf8CbvVQQmbRq4cB6HuC6-4,Maaf Landing Lama waktu jam tau maafkan hapus ini Ya,2,0,5.2.0_28336591_28351161,2025-02-06 17:48:32,,,5.2.0_28336591_28351161
36bd0149-889b-42b2-ac54-0a9c914deb32,Muhammad Zakie Satria Perdana (Zakie),https://play-lh.googleusercontent.com/a-/ALV-UjX25mIPlSikc-KU_T0LKjS1dXbREe8wT5u-722VxNWheXudlncB,Siapa yang download game ini cuman buat tes performa hp baru kalian? Hayooo ngakuuu... 🗿,4,0,,2025-02-06 16:15:55,,,
d17f2621-f68e-4909-a2bd-a3451fb2009c,RiskY_ HIJRAH,https://play-lh.googleusercontent.com/a-/ALV-UjUKSpCpc8DHTjl5S3_PcvtJEtdY6-U2QxUV9Kj-yOO3EsgS4U5l,Game buruk banget kesel bener dah download lama update data 1 giga Menuhin memori game jelek bener,1,0,5.3.0_29183395_29332470,2025-02-06 16:03:24,"Halo, Traveler! Terima kasih atas support anda pada Genshin Impact! Mohon diperiksa apakah anda telah mengunduh game client versi terbaru melalui official channel yang ada. Dan mohon kirimkan informasi relevant mengenai permasalahan anda kepada CS kami melalui email. Kami akan memberikan jawaban/bantuan permasalahan anda sebaik mungkin.",2025-02-24 18:03:31,5.3.0_29183395_29332470
769469dd-5ac3-4b18-a7ef-1c8a36d38e02,Rijaal,https://play-lh.googleusercontent.com/a/ACg8ocLBbpXKKYr0Ab3S0rfJl9ilXrWgjnin7yRFxuBYH81DUNvLeA=mo,"gada tombol skipnya, questnya banyak omong bener bener annoying",1,2,5.3.0_29183395_29332470,2025-02-06 15:55:14,,,5.3.0_29183395_29332470
c4399143-161f-4932-a21f-c38f7c322d1e,Nurdiansyah Fahmi,https://play-lh.googleusercontent.com/a-/ALV-UjUAVqG0dWYPpCCRB_zXSeIiGwPT3KyDRUzjgBz_Tifu3Wq3Rw2L,game baik,5,0,5.3.0_29183395_29332470,2025-02-06 15:40:53,,,5.3.0_29183395_29332470
30a69bab-0e8e-4d70-8a01-4e87cc25cc4e,Wenny Aisyarshahza,https://play-lh.googleusercontent.com/a/ACg8ocL043OfDhn_lgsk5FaKjUmrf0g2eEaaqTN45Eqc2nVNgJ3Nxw=mo,Game nya bagus bagat 10x lebih bagus dari pada roblox game paling bodoh,5,0,,2025-02-06 15:37:18,,,
cd8234f8-c400-4cbc-a0e7-6caf2c5635f3,Widdya Sanddya,https://play-lh.googleusercontent.com/a-/ALV-UjUmCEMfbHvMGisShvtbFT4cO4ivvgO8pWab3D9nc7GCLFHgCdCO,Sepanjang ini kasih bintang satu. Beneran bener bener game pelit banget,1,0,,2025-02-06 14:21:01,"Kami mohon maaf atas ketidaknyamanan yang Anda alami, Traveler. Kalau Anda memiliki masukan atau saran, silakan hubungi kami melalui email atau feedback in-game.",2025-02-24 18:01:47,
3fe21b8f-2c2a-427d-8cb4-095e95ed09e5,Zakaria Ahmad,https://play-lh.googleusercontent.com/a-/ALV-UjUKI8CTr76f39rfKl4dIO6x4Nix2lNlGhl4kY57bB5ENCzp_23r,"Kepada Miyoho yg terhormat tolong sesekali kasih saya hoki di banner gacha, gak yg muluk muluk di banner karakter limited aja udh gakpp, pengen sesekali ngerain kek org org juga yg bisa menang double B5 pas gacha dan dua duanya itu char b5 yg di inginkan biar bisa skalian nambah consnya, tau aj kan kalo player F2P tuh gimna kalo nabung primo butuh waktu lama cok!!!!! Gak bisa menang double gkpp lh asal bisa menang di low pity jd bisa ditabung lg! SEMOGA KRITIK DAN SARAN SAYA BISA DI DENGAR!",1,2,5.3.0_29183395_29332470,2025-02-06 14:07:52,"Halo, Traveler! Traveler dapat melihat aturan sistem Wish di bagian [Rincian] pada halaman Wish. Jika kamu memiliki pertanyaan tentang perincian dari aturan tersebut, silakan hubungi tim Layanan Customer Support kami melalui feedback in-game atau melalui email.",2025-02-24 18:01:26,5.3.0_29183395_29332470
7146d9ad-62e7-46e4-b08e-e9353b588ae9,Kon Kon,https://play-lh.googleusercontent.com/a/ACg8ocL5yLlu_uDApDSpEHPMFi1aC-nnn1Ndm53jmsr6_ihU5p5aPw=mo,Kenapa sih akun gua sering banget keluar terus... Giliran mau masuk login lagi susah banget masuknya pdhl akun sma pwnya bner semua. Game aneh bngt sering keluar akunnya disuruh main ulang melulu,1,1,,2025-02-06 14:04:52,Mohon maaf sebesar-besarnya atas terganggunya pengalaman bermain Traveler. Silakan hubungi Layanan Pelanggan kami melalui email untuk mendapatkan bantuan terperinci mengenai masalah ini.,2025-02-24 18:01:08,
ef9528d3-d2a9-4506-8e64-86d50f30c80d,Farhan gokzz 9901,https://play-lh.googleusercontent.com/a-/ALV-UjVd-VwVeTg3RLCDiWXezaZ6Zjr4XpVI97t2gmnu5wnmY8RpDGrG,"game ga guna, gacha nya ampas mulu",1,0,5.3.0_29183395_29332470,2025-02-06 13:58:41,"Halo, Traveler! Traveler dapat melihat aturan sistem Wish di bagian [Rincian] pada halaman Wish. Jika kamu memiliki pertanyaan tentang perincian dari aturan tersebut, silakan hubungi tim Layanan Customer Support kami melalui feedback in-game atau melalui email.",2025-02-24 18:00:36,5.3.0_29183395_29332470
4e187212-6762-47c5-b0c2-2a5a324fbab2,Asrul Zamzanu,https://play-lh.googleusercontent.com/a/ACg8ocKbczKHmvWtQKosQ9_90rH_IZYv9WPGpb59Z1xegzZYaYz7Iw=mo,Bgst nggak pernah hoki,1,0,5.3.0_29183395_29332470,2025-02-06 13:30:43,"Terima kasih atas dukungan Anda terhadap Genshin Impact, Traveler! Kalau Anda mengalami kesulitan apa pun yang berhubungan dengan Genshin Impact, silakan hubungi kami melalui email atau feedback in-game untuk mendapatkan bantuan.",2025-02-24 18:00:20,5.3.0_29183395_29332470
562ae8fc-3b4a-48a4-a89c-1e594f6b679a,Erik Adi,https://play-lh.googleusercontent.com/a-/ALV-UjU0PW-7Y8jUG80D8unybgZOUh4NDqe9jvkSng7ekeg1mj5PHbqR,Tolong lebih optimal kan lagi grafik tinggi supaya peforma yang di keluarkan berlebihan karena itu dapat menyebabkan device panas terutama tingkat medium dan pengaturan fps nya,2,0,5.3.0_29183395_29332470,2025-02-06 13:21:16,,,5.3.0_29183395_29332470
6da89269-2ed1-44c6-b647-10f1a7a5db4a,Baa Cham,https://play-lh.googleusercontent.com/a/ACg8ocIPD7153k8dEU5iOacQOMJhwsM_2rbN0cN7mxVE9aXWu1jltw=mo,👍,5,0,5.3.0_29183395_29332470,2025-02-06 12:40:31,,,5.3.0_29183395_29332470
ea496df1-59f3-40c0-bc23-15fee5c23be9,Kang Kung,https://play-lh.googleusercontent.com/a-/ALV-UjUhMK0FY0xzR03FHrM5Kv-iyYsGyZV0tB8BpIfi90Lwnlz4aFQ,Bagus,5,0,5.3.0_29183395_29332470,2025-02-06 11:17:06,,,5.3.0_29183395_29332470
1e567d4f-033e-4a16-b290-f91d02681653,Catura Habari,https://play-lh.googleusercontent.com/a-/ALV-UjXA72tYYE5jrMET8vdLDJHnguLGshm7BYFH62L5Etmh_Wt4A64,Game tolol percuma survey gk ad tombol skip menghabiskan waktu dev dongo,1,0,,2025-02-06 11:07:26,"Terima kasih atas dukungan Anda terhadap Genshin Impact, Traveler! Kalau Anda mengalami kesulitan apa pun yang berhubungan dengan Genshin Impact, silakan hubungi kami melalui email atau feedback in-game untuk mendapatkan bantuan.",2025-02-24 18:10:20,
a8207e37-143e-4f00-b3da-beaca2413466,Narto Uzu,https://play-lh.googleusercontent.com/a/ACg8ocLOACMuRYGY7jinktM-AgSeiSrHS0wMTXtSXcKaGUH4uLwhtg=mo,"Terimakasih karena sudah membuat game genshin impact, karena selain seru game ini juga sudah sangat playable",5,1,5.3.0_29183395_29332470,2025-02-06 11:03:01,,,5.3.0_29183395_29332470
74ce348b-6bea-4766-a365-4aa7260f751b,LUKY SAPUTRA,https://play-lh.googleusercontent.com/a-/ALV-UjULrXP16U8XycpYhgPTjVN4VPB4Qf4VMU4o_HN0CopqTo51yr9L,Sangat Bagus mantap,5,0,5.3.0_29183395_29332470,2025-02-06 09:38:06,,,5.3.0_29183395_29332470
36e04efb-8907-452a-ab6f-b9433062b83a,Adit Motovlog,https://play-lh.googleusercontent.com/a-/ALV-UjU3LcV3T8OBnSS7N9zA3YewcLBpnDbpueBdf3N64ShDAjoTdHM,"Download data lama sekali,sampai 3 hari",3,0,,2025-02-06 09:35:20,,,
088a86e0-937c-4e2d-baaf-cf52fadba377,Zakaria Yosep,https://play-lh.googleusercontent.com/a/ACg8ocKT0-8Z9gipOrVKOxby4KEWnHh1FwJdmFSXTEfyhCnR3aDSbg=mo,Game nya mantap 👍,5,0,5.3.0_29183395_29332470,2025-02-06 09:20:28,,,5.3.0_29183395_29332470
edfd65c3-9187-4135-acbd-1ca63d5e7aea,Hanif Redmi,https://play-lh.googleusercontent.com/a-/ALV-UjUXpd3zBsUo4LzyijUAWBKLTH9OWiCBQ1pk9OyB7EZG78cJtk4,Mantap,4,0,5.3.0_29183395_29332470,2025-02-06 09:14:16,,,5.3.0_29183395_29332470
72157e45-6657-406c-adbf-9ea4871268fe,lamlam,https://play-lh.googleusercontent.com/a-/ALV-UjUQbP9aFR54E4O2sQlilGnK2JWixRrW5Bz4qCmFWUEmpYHNA9lMtA,game bagus pity kaya oelr,1,0,5.3.0_29183395_29332470,2025-02-06 08:58:39,"Halo, Traveler! Traveler dapat melihat aturan sistem Wish di bagian [Rincian] pada halaman Wish. Jika kamu memiliki pertanyaan tentang perincian dari aturan tersebut, silakan hubungi tim Layanan Customer Support kami melalui feedback in-game atau melalui email.",2025-02-24 17:58:52,5.3.0_29183395_29332470
aea5622c-4465-4675-bc88-b79b2eba3d33,19 Indra,https://play-lh.googleusercontent.com/a-/ALV-UjWQMpKbJvEv25Ilf_fWdkg3u62LBS1M4390cJPEBPy-pePCNlk,Mantap,5,0,3.0.0_9612129_9624836,2025-02-06 08:22:17,,,3.0.0_9612129_9624836
884159a9-fd21-42ab-933a-119e3b07de0e,Bana Yusrian Hawari,https://play-lh.googleusercontent.com/a-/ALV-UjW0DacnRc7NvTtTrJf_AOzJ3vJR5PBc8BwzZIB2O08sTSxFb2lV,Inazuma Inazuma !!!!!! Aku datangggggg,4,0,5.3.0_29183395_29332470,2025-02-06 08:09:46,,,5.3.0_29183395_29332470
ed97a6c3-175f-4fc2-872f-cc751ad486d6,Achmad Fikri,https://play-lh.googleusercontent.com/a-/ALV-UjWOU-Y6ivgjRphrAMPlvF3iWOxBkJLDAuU10DGU0xML9kO8foj_,Bagus banget untuk animasi (cutscene) Map nya luas banget jadi explore terus Ya intinya ini udah bagus lah cuman tolong dipermudah untuk mendapatkan game currency,4,0,3.6.0_13833164_13951843,2025-02-06 08:04:26,,,3.6.0_13833164_13951843
e3170b1b-e347-4c92-aa49-5e38c56a5479,Rizqi Putra,https://play-lh.googleusercontent.com/a-/ALV-UjVlXRP2gne8CRpDl7iXplQPrXPQlOtWbhSg78TAkXlXYo-4XFSH,"game kikir udh kalah rate off masih di kasih hard pity pula, udah bansos dikit di cicil mending game sebelah",1,0,5.3.0_29183395_29332470,2025-02-06 06:51:19,"Terima kasih atas dukungan Anda terhadap Genshin Impact, Traveler! Kalau Anda mengalami kesulitan apa pun yang berhubungan dengan Genshin Impact, silakan hubungi kami melalui email atau feedback in-game untuk mendapatkan bantuan.",2025-02-24 17:57:38,5.3.0_29183395_29332470
4f272795-d838-4802-9453-19acb1e36ce3,MAS DIKI 55,https://play-lh.googleusercontent.com/a-/ALV-UjVBuXQqmlN7Fb2MCKdHL1MNYxB-WhmDxKOKb7vb4SVS05ul2rA,Servernya parah,1,0,5.3.0_29183395_29332470,2025-02-06 06:29:21,"Kami mohon maaf atas permasalahan ini, Traveler. Silakan hubungi kami melalui email atau feedback in-game untuk mendapatkan bantuan lebih lanjut tentang masalah ini.",2025-02-24 17:59:37,5.3.0_29183395_29332470
08c426cb-d9af-427a-93e6-7178d468990f,ryun desuu,https://play-lh.googleusercontent.com/a-/ALV-UjXPap35HTFHsO_sVRaNdOhBcRisDeigRi1AMW5spSgE8sXTUvke,i love Wanderer,5,0,,2025-02-06 06:25:00,,,
d35f2604-7a45-419a-82a0-c46aa93bfa89,ADRIAN ARMAN,https://play-lh.googleusercontent.com/a/ACg8ocIJA6OfvsUz9Q6bplekqx4KS9GmFMQkQEZMqmoEGQA5kVFicc0=mo,"Kok gamenya makin kesini makin kayak film drakor,, bosen kalau cumo omong2 doang tanpa ada menu skip",1,0,5.3.0_29183395_29332470,2025-02-06 04:44:17,"Terima kasih atas dukungan Anda terhadap Genshin Impact, Traveler! Kalau Anda mengalami kesulitan apa pun yang berhubungan dengan Genshin Impact, silakan hubungi kami melalui email atau feedback in-game untuk mendapatkan bantuan.",2025-02-24 18:10:19,5.3.0_29183395_29332470
0c36aefa-e334-4f57-80fd-d76c15bc180b,Kamal,https://play-lh.googleusercontent.com/a-/ALV-UjVc5P4_rr5WxNtLwVOQgiHPodEhZ8LzZVB6ETFS-VJqVYnOkcs,"Game Of Talk, so many dialogue.",2,0,,2025-02-06 03:29:43,,,
e1c35360-a96a-4767-a017-385dd200cfb9,Aman Saja,https://play-lh.googleusercontent.com/a/ACg8ocKMcx5vRi1q1aOyCRR4esHJZjv8BwEQ7hKmrCFhxkOq1Hu0KQ=mo,"tolong tambahkan tempat berkumpul seperti cheerpark di pubg mobile playernya bisa nongkrong on mic, dan juga mohon tambahkan tempat beradu dengan player lain.",4,0,5.3.0_29183395_29332470,2025-02-06 01:09:27,,,5.3.0_29183395_29332470
5ee80e42-7c1f-427c-ba2d-392d39eff183,Evan Pratama,https://play-lh.googleusercontent.com/a-/ALV-UjWvbTypttjNu75cdTwUfpkvdFH0ZwgI2Yd4vpKKWQVPUUdA2T0,"Game nya bagus dari segi quest nya tidak membosankan, map pun luas jadi tidak merasa bosan. Jadi gak sabar quest arch Snezhnaya.",5,0,,2025-02-05 23:53:43,,,
4c7ccc87-1d45-4a7e-9f69-a762b81cc2a8,Rahman Supendi,https://play-lh.googleusercontent.com/a-/ALV-UjW4wcDlaqzXD1rUBmYj6vSTwdihtb-vQfWGg9Z_B7JGqe-1o-I,Harus download 30962 mb itu abis berapa gb ya,1,0,5.3.0_29183395_29332470,2025-02-05 23:00:14,"Halo Traveler,
Terima kasih atas support anda pada Genshin Impact!
Untuk mengurangi jumlah size data game, anda direkomendarikan untuk menghapus data Voice-line dan data Quest lama yang bisa dilakukan melalui setting in-game. Jika anda mengalami permasalahan lain atau ingin menyampaikan feedback, jangan sungkan untuk menghubungi tim customer sup...",2025-02-24 18:18:32,5.3.0_29183395_29332470
75b84473-e815-46db-957b-344bfc836c48,Daffa Candra Ramadhan,https://play-lh.googleusercontent.com/a-/ALV-UjUsnt4pytaiNbdSyqTdsEhhZA-oXYE7YaCxrqurb9JvMY_t7t7P,Ngirim kode verifikasi sering telat,1,0,,2025-02-05 22:18:33,Mohon maaf sebesar-besarnya atas terganggunya pengalaman bermain Traveler. Silakan hubungi Layanan Pelanggan kami melalui email untuk mendapatkan bantuan terperinci mengenai masalah ini.,2025-02-24 17:58:20,
0e5dc994-de8e-44ca-a394-660e89c2055a,HimikoD01,https://play-lh.googleusercontent.com/a-/ALV-UjXC-Me9qaiQ8e9V4Sb4FqzTv7exI2eysel4lDS442_VPuvfrEhi,Gamenya sangat seru dan menghibur,5,0,5.3.0_29183395_29332470,2025-02-05 21:52:39,,,5.3.0_29183395_29332470
6acae358-9217-4bdc-8d78-adac177deb75,Fannxy XD,https://play-lh.googleusercontent.com/a-/ALV-UjVwEsL9tt62wjiDQasriDQGniEQhfoKZGytRU74V8mF9eaDkI9l,"Bisa banget ngehancurin ekspektasi gw, kikir²",1,0,5.3.0_29183395_29332470,2025-02-05 21:41:56,"Terima kasih atas dukungan Anda terhadap Genshin Impact, Traveler! Kalau Anda mengalami kesulitan apa pun yang berhubungan dengan Genshin Impact, silakan hubungi kami melalui email atau feedback in-game untuk mendapatkan bantuan.",2025-02-24 17:58:27,5.3.0_29183395_29332470
fb859081-d65b-4bf8-8092-3ce92191bff7,Muhammad Abusiri,https://play-lh.googleusercontent.com/a/ACg8ocK9j9PJwawcujyGnGSSrL65UulnfK8DxGdbjxq_X5OyhUSMjQ=mo,😴,5,0,,2025-02-05 21:27:31,,,
c8343918-0bbf-4556-9088-f59c7584d6ab,Mayonaise Goreng,https://play-lh.googleusercontent.com/a-/ALV-UjWm1dKVpbtUza40cwIl3tUmN0B7mEKaaA0h61QwzGz19r1RCjpG,"Yahh menurutku game ini bagus bgt iya bgt dari segi cerita karakter udah oke kok menurutku. Tapiiiiii pls hoyo jangan alergi karakter cowok dari sekian banyaknya karakter, karakter cowo yang paling dikit, setiap region baru pasti karakter cowok yg muncul cuma 1 atau ga 2 pls lah perbanyakin karakter cowok biar duit player cewe juga kekuras hehe :) udah sih gitu aja.",4,1,5.3.0_29183395_29332470,2025-02-05 20:43:41,,,5.3.0_29183395_29332470
5de1d4e0-9506-499e-9fe7-fb4d541a6103,Ratu Winata,https://play-lh.googleusercontent.com/a/ACg8ocLWA8kFWqD20ukU3cUXRc4j_kXog-JkaKcw_4sSsX3Cu_UUSg=mo,Ini kenapa saat mau login genshin keluar terus ya dari apk nya? Padahal saya baru download. Tolong di perbaiki 🙏,2,0,5.3.0_29183395_29332470,2025-02-05 20:13:32,,,5.3.0_29183395_29332470
383e77ce-a2cf-4928-9330-8ce50399bbcb,Muhamad heru Ruliyana,https://play-lh.googleusercontent.com/a-/ALV-UjUcR4_FtvXwnTW6_CIcbJj7UvbF_VLYtDP7-z_V3Q-DsyT-aHgY,Nice,5,0,5.3.0_29183395_29332470,2025-02-05 20:01:27,,,5.3.0_29183395_29332470
05dd8627-359b-426c-9f19-b9d3e62a36ae,ivan Firdian,https://play-lh.googleusercontent.com/a-/ALV-UjX2i9qIA-nqUV0nuX690P9VBlxfgpUVjQb1FPu34tNWcthzjD48,Game perasaan hihihi....,5,0,,2025-02-05 19:53:38,,,
ea704d9f-3cf7-43de-8dff-37a8a0f2d705,Dines Mehza,https://play-lh.googleusercontent.com/a-/ALV-UjXAx9I-V4isPiFOX4sU9GY9qenMpRA_dMlc81fUzW97SwkWgR5J,"A few months ago I played it, then after entering the Fontaine quest I was sad why Archon Hydro was killed by the developer... She's really beautiful, you know .... 💔😔so, I hope the developers bring her back or replace her with Furina the next archon is equal beautiful ... 😊 Menyedihkan untuk saya develop 🥹😔",1,5,5.3.0_29183395_29332470,2025-02-05 19:34:38,"Thank you for your constant support of Genshin Impact. We welcome any valuable input from you. If you have any comments or suggestions you would like to share, please feel free to contact our Customer Service team via the in-game feedback channel or email to help us improve the game.",2025-02-24 18:06:22,5.3.0_29183395_29332470
06b9dc3f-e59d-4e04-8a59-5da4c295a627,Mrizky Zulkarimi,https://play-lh.googleusercontent.com/a-/ALV-UjVGFgz6pKH35mkFhzBuuAhiqqru53wcWbkrqiLkap9-T8_V87M,Nice,4,0,5.3.0_29183395_29332470,2025-02-05 19:31:52,,,5.3.0_29183395_29332470
882f7775-f5b7-446c-b486-0464894df5ae,Salsabila meirani usodo,https://play-lh.googleusercontent.com/a/ACg8ocITVSmXViARgr8kf1Q3DYpc9pKv3tGwqXuHBpY5L_X5NLMePSMH=mo,Bagus cuman sering ngelag padahal sebelum update gk ada ngelag,5,0,3.7.0_14806628_14807925,2025-02-05 19:02:37,,,3.7.0_14806628_14807925
50a31092-042e-44cc-9363-853739ec0df1,Atlas Com,https://play-lh.googleusercontent.com/a-/ALV-UjVEMCVfz5n60l2_GAbm6P3nCHK7fViHA_X7vYXL7cbv4rV_FD4,keluar paksa sendiri mulu dri game pdhl HP g ada lag sama sekali sinyal juga bagus,1,0,5.3.0_29183395_29332470,2025-02-05 18:49:20,"Halo Traveler! Mohon kunjungi website official Genshin Impact untuk mendapatkan informasi sistem perangkat yang diperlukan untuk mendapatkan pengalaman bermain yang stabil dan lancar. Selain itu, untuk menemukan sumber permasalahan ini, mohon hubungi tim CS kami melalui feedback dalam game atau email.",2025-02-24 18:07:26,5.3.0_29183395_29332470
694798d7-da45-40b1-b8c9-d6b9ea0fb961,Kamila Azahra,https://play-lh.googleusercontent.com/a-/ALV-UjWw6TQKVqBuPDi35u-iMms9Qx5bbsB37tt-dtnO1_IDCMntdSI,"Singkat,padat, GENSHIN KIKIR.",1,0,5.3.0_29183395_29332470,2025-02-05 18:33:30,,,5.3.0_29183395_29332470
c9500c30-b261-4e0f-916e-bcc38681b2cd,Arsyad,https://play-lh.googleusercontent.com/a/ACg8ocJDeoaq0VqUm0PwpHiEVBWbxuJvsgYTMpjMlQJMvTDgpHRiMA=mo,Tolong tambahin fitur main sambil download data jangang dan download data nya lama,1,0,,2025-02-05 18:11:24,"Terima kasih atas dukungan Traveler terhadap Genshin Impact. Kami menerima secara terbuka semua masukan/umpan balik dari kalian. Jika Traveler memiliki saran atau masukan, jangan ragu untuk menghubungi kami melalui feedback in-game atau email.",2025-02-24 18:17:54,
ff97db55-9f07-4cd6-9b67-95bb2d0ce77d,vno,https://play-lh.googleusercontent.com/a-/ALV-UjVny5O9eWmsUVCLpBEbGNa_iS-ZpE5VeLWHMNW09g6WccD1LxXQ,kikir,1,0,,2025-02-05 17:53:46,"Terima kasih atas dukungan Anda terhadap Genshin Impact, Traveler! Kalau Anda mengalami kesulitan apa pun yang berhubungan dengan Genshin Impact, silakan hubungi kami melalui email atau feedback in-game untuk mendapatkan bantuan.",2025-02-24 17:54:40,
262fa16b-85f4-4188-be1a-fce25512365e,Skandar Keynez,https://play-lh.googleusercontent.com/a/ACg8ocLcEApVHYwcgmHxVtzbrm37bxs_BlMUlhYmCv5vMhHi-Hhy=mo,Game paling keren,5,0,,2025-02-05 17:45:06,,,
e4963974-f89a-4d77-96b6-821b3a7d6157,Rafi dimas official,https://play-lh.googleusercontent.com/a-/ALV-UjWwH5Qrrlffon72EjYXOBoYSqHZAuCdKjz8L3pTisnH0dQcTtdt,Seru,5,0,5.3.0_29183395_29332470,2025-02-05 17:42:41,,,5.3.0_29183395_29332470
5a537fb5-993f-43c4-ad67-045e96f0758a,Julian Valentino,https://play-lh.googleusercontent.com/a-/ALV-UjV7JfN0XGc8doE8M4jtpMtCnfI1T-VQtnOihDZLRrpCJwlOC3k,"Sangat bagussssss, so good",5,0,5.3.0_29183395_29332470,2025-02-05 17:41:39,,,5.3.0_29183395_29332470
d9460f9a-f25c-4a09-b937-c610a9f345b5,Nandar Zuhendar,https://play-lh.googleusercontent.com/a/ACg8ocJTd9Pq1XhgjUpsYtR8mkO-_IVCf6xwaMNvsiKBBAp_3cI-BRA=mo,mantap dan seru,5,0,5.3.0_29183395_29332470,2025-02-05 17:16:42,,,5.3.0_29183395_29332470
13cc1a64-6fcc-4d59-9354-9e9dce66a727,Agung Sunariadi1987,https://play-lh.googleusercontent.com/a/ACg8ocIZrF9daNoeE9stG0sljZFQ9XS9UG_1krrMLCVbD_iZwlEshg=mo,Download nya lama banget,3,0,5.3.0_29183395_29332470,2025-02-05 17:12:34,,,5.3.0_29183395_29332470
7845b87e-9f95-4cf6-9873-3337426f8bf5,Fatih wahyu Widodo,https://play-lh.googleusercontent.com/a-/ALV-UjURNaJrM6MpksvIyGCidmzoOIGHupwsKSa1cfHYaDdGoEVM9VUU,Mantap,4,0,5.3.0_29183395_29332470,2025-02-05 15:30:38,,,5.3.0_29183395_29332470
77dd93c0-08ec-4407-a04b-6d89448487ae,Jey Zu,https://play-lh.googleusercontent.com/a-/ALV-UjUHTBtEb3P5js-mcOKSFHzheUP0zThIy22qN0qrqbd_yrtR6ESP,"Arte sampah mulu pas di up Trus pas gacha selalu ampas, game pay to win sat",1,0,5.3.0_29183395_29332470,2025-02-05 15:30:35,"Terima kasih atas dukungan Anda terhadap Genshin Impact, Traveler! Kalau Anda mengalami kesulitan apa pun yang berhubungan dengan Genshin Impact, silakan hubungi kami melalui email atau feedback in-game untuk mendapatkan bantuan.",2025-02-24 18:10:32,5.3.0_29183395_29332470
859e79b4-6cb2-4f7e-872a-8dd51647871d,Fajar XII TKJ 1,https://play-lh.googleusercontent.com/a/ACg8ocKXA-dGVBZAC8ptBx0g7fDpAVPt5Nv78310I8M3xUCGq3Yx9w=mo,Mantap,5,0,5.3.0_29183395_29332470,2025-02-05 15:01:24,,,5.3.0_29183395_29332470
5019b264-191b-4fd3-b37a-7cb94f70059f,Abdul Yusup,https://play-lh.googleusercontent.com/a/ACg8ocL3Uwl1_74H2nAVq7iRHosjSpVfGxdTUp3jKfLF4HyNVPXBRQ=mo,TOLONG pembuat game ini kurangi updatenya terlalu lama dan menyebalkan sekali tolong para wibu ingin main game ini tapi sangat berat berjam jam saya tungguin tapi ga kelar kelar mohon di baca oleh hoyoverse tolong update nyah dan semoga game ini bisa apdetan yang keren,5,0,,2025-02-05 14:48:37,,,
1330621c-b4d9-44bd-875a-c852aa258fdd,Azka Nugroho,https://play-lh.googleusercontent.com/a/ACg8ocI7w3wOuAAb_yamSzTlfGi0hu4wbEKxbteVbDKKSFEniSsXYA=mo,Bagus + sangat sangat worth it untuk meledakan hp,5,1,5.3.0_29183395_29332470,2025-02-05 14:38:15,,,5.3.0_29183395_29332470
0c106307-0a3d-47e5-8be3-f9a758182c1c,Rizki Eka Kurniawan,https://play-lh.googleusercontent.com/a-/ALV-UjVPd9tIKS-x292Pugr4dpNzkf4cJUqanTPpa5JaYVZEpGmaNkje,gak ada skip dialog,1,0,5.3.0_29183395_29332470,2025-02-05 14:31:22,"Terima kasih atas dukungan Traveler terhadap Genshin Impact. Kami menerima secara terbuka semua masukan/umpan balik dari kalian. Jika Traveler memiliki saran atau masukan, jangan ragu untuk menghubungi kami melalui feedback in-game atau email.",2025-02-24 18:05:05,5.3.0_29183395_29332470
245ddbfa-bd61-4719-9ccb-3f2841e2eead,Exynos Rzx,https://play-lh.googleusercontent.com/a/ACg8ocJxL3NkMA3mPTYrgZhErOMeVyHhBgnV4KYHAknQpVjFj44X4A=mo,Game Buriqq 144p,5,1,5.3.0_29183395_29332470,2025-02-05 13:49:13,,,5.3.0_29183395_29332470
f6f4a150-e4fe-488f-adb4-6c3a60e72a67,Bob Sefsiansa,https://play-lh.googleusercontent.com/a/ACg8ocJm3Liqv1CnkJdXdVB5A_IvjbPdsGq62OwVvYK5KVIttjYH9A=mo,"maaf untuk bintang 4, keluhan saya masalah quest yang bgitu panjang dan hadiah yang terlalu sedikit, kalau quest nya panjang, minimal hadiah nya besar!!! Dan tolong adakan fitur skip saat berbincang waktu story, sampai ngantuk saya nunggu mereka berbicara ga jelas!!!! Tolong di adakan fitur skip dialog cerita nya!!!",3,488,5.3.0_29183395_29332470,2025-02-05 13:44:45,,,5.3.0_29183395_29332470
c48184fe-e5b0-48dd-91c8-ba7c19ca546f,Akbar Nur,https://play-lh.googleusercontent.com/a/ACg8ocIyKapvdFWdbOMDDr7t98nq1bdMNQmOf3ENmad6cnIBjoZR1A=mo,keren dan bagus banget,5,0,5.3.0_29183395_29332470,2025-02-05 13:32:22,,,5.3.0_29183395_29332470
964cb820-9484-4eb3-a3c3-775ab96b064f,Fitar Saptiaji,https://play-lh.googleusercontent.com/a-/ALV-UjWBugg-fVp7d1T45sXthevV2EyjLjS3s2BTLQRJpjkv6H7iCpWX,Gamenya jelek storynya makin ampas gamplay makin absurp big L for this game,1,0,5.3.0_29183395_29332470,2025-02-05 13:14:02,"Terima kasih atas dukungan Anda terhadap Genshin Impact, Traveler! Kalau Anda mengalami kesulitan apa pun yang berhubungan dengan Genshin Impact, silakan hubungi kami melalui email atau feedback in-game untuk mendapatkan bantuan.",2025-02-24 18:05:27,5.3.0_29183395_29332470
9a235ada-57b1-47ee-b249-ad1fd7b7df21,Zulfa Faiz,https://play-lh.googleusercontent.com/a/ACg8ocIVxj7QJQwqcqrvA0Xz7mAL1yzYzCvHd1Id0GAEcatRQ8SzcA=mo,Susah nak main,1,0,5.3.0_29183395_29332470,2025-02-05 12:33:17,"We sincerely apologize for this issue, Traveler. Please send us an email or contact Customer Service via in-game feedback for specific help with this issue.",2025-02-24 18:02:20,5.3.0_29183395_29332470
e2460508-49f8-4fff-83a2-d2dd38cf4f88,Keiza Rasya,https://play-lh.googleusercontent.com/a/ACg8ocIYI56WV-jvz2fc8_cqVUvWDlcbmuf1PJPo0czg_6A7Y6OMww=mo,"stop ngasih dehya, kasihh arlechino guaa",1,0,,2025-02-05 12:05:58,"Halo, Traveler! Traveler dapat melihat aturan sistem Wish di bagian [Rincian] pada halaman Wish. Jika kamu memiliki pertanyaan tentang perincian dari aturan tersebut, silakan hubungi tim Layanan Customer Support kami melalui feedback in-game atau melalui email.",2025-02-24 18:05:39,
d580e851-0b20-4707-902a-232cb06b09fa,Muhammad Irfan Pesekk,https://play-lh.googleusercontent.com/a-/ALV-UjW8tXk6enlSwE18WuENYSxqJTB0LBjkA1I4EwgcTylR9eE9VaM-,Wow,5,0,2.5.0_5517525_5674503,2025-02-05 11:33:24,,,2.5.0_5517525_5674503
9cc613e9-c667-45af-a1a5-b165b12b227d,Moon Prime.,https://play-lh.googleusercontent.com/a-/ALV-UjW15iZpjC6HAbV7__ErfhS1TmP-oPc3JIVb8kpl5BTRbQbTkTiK,"Game nya bagus, nyaman, voice actor keren, namun ada yang kurang dari game ini yaitu fitur penyesuaian resolusi max di hp, sudah rata kanan tapi masih burem",4,0,3.6.0_13833164_13951843,2025-02-05 09:45:51,,,3.6.0_13833164_13951843
d13215ce-478d-4c49-bed9-174070477627,Arin Violen77,https://play-lh.googleusercontent.com/a/ACg8ocI13Vl39Y3ZD1e7IAPKY3d6ISbEPUM8smZcOhZtTP1IsD9Qag=mo,"hoyo, tolong perhatikan player cewe. Sesusah itu ya menambahkan karakter cowo yang playable. Sejujurnya aku suka banget sama story nya tapi makin lama kok malah kayak game buat player cowo yang suka harem. Kalo sekali lagi kau hanya mengeluarkan karakter cewe, aku tebak game ini akan makin flop dan ampas banget",1,1,,2025-02-05 07:18:49,"Terima kasih atas dukungan Traveler terhadap Genshin Impact. Kami menerima secara terbuka semua masukan/umpan balik dari kalian. Jika Traveler memiliki saran atau masukan, jangan ragu untuk menghubungi kami melalui feedback in-game atau email.",2025-02-24 18:10:54,
6d976d00-b590-4730-9297-790e0b021d16,Haruhisha,https://play-lh.googleusercontent.com/a-/ALV-UjUA2c_4flWrBV3vdHEkXaOpjFEVkoSTEvca1GwEFU9AsEobaD-y,"dari semua game hoyo yang ane mainin kenapa kalah rate-off semua terus, mihoyo ada masalah apa sama ane",1,166,5.3.0_29183395_29332470,2025-02-05 06:09:16,"Halo, Traveler! Traveler dapat melihat aturan sistem Wish di bagian [Rincian] pada halaman Wish. Jika kamu memiliki pertanyaan tentang perincian dari aturan tersebut, silakan hubungi tim Layanan Customer Support kami melalui feedback in-game atau melalui email.",2025-02-24 18:08:18,5.3.0_29183395_29332470
ceeb9a3a-03f1-4fb1-ae5e-844eb1b4e218,Ubay Chendry,https://play-lh.googleusercontent.com/a/ACg8ocLIaLOulHqzGI64UCCeNHClspoghYd4fOyhAwd4O-TtF0Dqrgw=mo,"I really like this game because of the many characters, the music, most importantly the story is so perfect, happy, sad, confused, whatever it is I really appreciate you guys for making this very good game i'll wait for the latest archon quest",5,0,5.3.0_29183395_29332470,2025-02-05 04:48:03,,,5.3.0_29183395_29332470
5ee62836-e1ab-4ae2-86b5-3d2495f77ee9,Killua,https://play-lh.googleusercontent.com/a/ACg8ocLLTfRBUcQZEoQi1tAHRj0IeOkB0gAHsb7UOspbO6U1HQx1RQ=mo,Bagus banget apalagi kalau gacha moment of truth,5,0,5.3.0_29183395_29332470,2025-02-05 00:12:48,,,5.3.0_29183395_29332470
dfb520d1-92cd-4221-a42d-400bfacfbbe9,AlFarel Octyawan,https://play-lh.googleusercontent.com/a/ACg8ocIAMwqlhJVJt-UIAW2oN4psdmSvZ77tgp_4Oj58FVRcvsOixQ=mo,"gacor arle ku pulang,walaupun hard pity kek teling",5,0,,2025-02-04 23:30:54,,,
bf386d2f-5402-4946-9e3c-2e9f5d81bd3f,Kafka Genius,https://play-lh.googleusercontent.com/a-/ALV-UjUYUI9LetqbnTAyYPWRj1YZZRoYvKaAvoHyjbtsMjMaYMBri6zW,Ngotak dikit lah wei gue spin dari zaman zhongli liris sampe sekarang nggak pernah dapet yang di baner rate of terus anjir udah kecewa dari sekian banyak baner nggak pernah dapet malah dapet karakter standar udah gue uninstall aja,1,0,5.3.0_29183395_29332470,2025-02-04 23:06:42,"Halo, Traveler! Traveler dapat melihat aturan sistem Wish di bagian [Rincian] pada halaman Wish. Jika kamu memiliki pertanyaan tentang perincian dari aturan tersebut, silakan hubungi tim Layanan Customer Support kami melalui feedback in-game atau melalui email.",2025-02-24 18:04:46,5.3.0_29183395_29332470
68b2e800-aa4b-4547-b7ef-7e44c7403a77,Lyn Universe,https://play-lh.googleusercontent.com/a-/ALV-UjVmnLboUI-7oPRnSOvgtHU9Q_LnjoQBueCNaArqhv6vp4uFbc0,"Menurut aku grafik, map sama desain grafis karakter nya udh bagus, cuma untuk game open world kayak genshin ada banyak yang perlu diperbaiki terutama di sisi cerita dan penyampaiannya. Gue bukan kaum skip story tapi bukan juga penggila lore, gue cuma ngikutin story apa adanya dan menurut gue beberapa story di genshin kebanyakan yapping, dialog yang nggak berguna, muter-muter, kosong, dan buang-buang waktu. Admin, tolong kembalikan story genshin impact yang dulu yang ""on to the point"" 🙏🙏🙏",3,2,,2025-02-04 22:24:06,,,
c6ce584e-0be2-4ccd-ae16-6e99de99729a,Bandi Cr 7,https://play-lh.googleusercontent.com/a/ACg8ocK2byVwocsxO_S_nEl9LSdPIsrmDkSUFcPfMVljybDj7jThYQ=mo,"Tambahkan fitur gamepad buat user android, itu aja terimakasih",5,0,5.3.0_29183395_29332470,2025-02-04 22:21:42,,,5.3.0_29183395_29332470
8ed10078-7d36-4209-a8f1-32e116eacdbd,Maya Mustika,https://play-lh.googleusercontent.com/a-/ALV-UjVnGJk6S4Mv_8yUlmzKjDYJQlvCjnACyn-Q8pDsWCBM23g4kWVC,Game nya seru sekali,5,0,5.3.0_29183395_29332470,2025-02-04 21:12:07,,,5.3.0_29183395_29332470
36009273-8848-4ea6-ac85-3c0b8f7da1ed,Cuotes Babang,https://play-lh.googleusercontent.com/a/ACg8ocIbWjRXsBeeykWgF7VorvMUqtlfG2LvDNtcf9TG9qPho1kneQ=mo,HP saya mau meledak min,4,0,5.3.0_29183395_29332470,2025-02-04 20:26:07,,,5.3.0_29183395_29332470
ad80697d-5db0-4eae-a586-c3f2e7e0ff03,R'aihan A.R,https://play-lh.googleusercontent.com/a/ACg8ocKquX8Yd5-aCTeQHvyDItlXNJEWZPdhtD1VwtGbOfF9SjV43g=mo,"Story telling kelas kakap, optimalin lah tombol skip nya biar hanya petunjuk saja yg tdk bisa di skip",3,0,5.3.0_29183395_29332470,2025-02-04 20:01:52,,,5.3.0_29183395_29332470
60363a8c-df93-4f30-af36-9107ac89e5e7,Muh Ajir,https://play-lh.googleusercontent.com/a/ACg8ocIYFTBMGFAJvcGjj455O_gMxHwLBUXbBnaWWwL2Hk9-dsgePQ=mo,Banyak nonton scene daripada main game,1,0,,2025-02-04 19:55:24,"Terima kasih atas dukungan Anda terhadap Genshin Impact, Traveler! Kalau Anda mengalami kesulitan apa pun yang berhubungan dengan Genshin Impact, silakan hubungi kami melalui email atau feedback in-game untuk mendapatkan bantuan.",2025-02-24 18:06:38,
63800ddd-efca-41dd-b74e-8f1ff98747a5,mok's official,https://play-lh.googleusercontent.com/a-/ALV-UjUZXtkL7aUWQQmYDDlsjdaEnkFQS51HROuplCiQngayW2rQsTE8,It's just........ Great,5,0,5.3.0_29183395_29332470,2025-02-04 19:35:22,,,5.3.0_29183395_29332470
52483c0c-8912-4f7c-9ffe-aa9a63ef600f,Asep wahyudi,https://play-lh.googleusercontent.com/a/ACg8ocL-kQhZPdIUzmvfyxIBU1y1QywT7g1IzIxtIsRDV89tdNyqWA=mo,Sistem pergachaan didomain artefak tolong dipermudah karena sangat susah sekali mencari stat/substat artefak yang bagus membuat pemain bosan dan banyak yang putus asa. Belum lagi susahnya mencari resin.,3,35,5.3.0_29183395_29332470,2025-02-04 19:28:54,,,5.3.0_29183395_29332470
607bbef0-7d9f-49c7-b78e-6b94a1261a12,Ridwan Wiranatha,https://play-lh.googleusercontent.com/a-/ALV-UjVIbpaf2pJc_vlt5FIDYU5l3dlzRPWinfAojbSFxb9pOQ7bKLg,Bagus,5,0,5.3.0_29183395_29332470,2025-02-04 19:23:29,,,5.3.0_29183395_29332470
93fa2314-67ef-4310-b3f6-86fb933f783f,raxxyyy,https://play-lh.googleusercontent.com/a-/ALV-UjWomRtJjMcXMJ4u-nxE9cMVbwqJhnW5JiTwaojh3Nl6-srbqO86,"Plis lah muihoyo kalo qwest biasa gausah banyak yapping lah mending archon qwest lah ini qwest biasa yapping trus, pegel lah lama lama, gs nyambung juga ke main story nya",2,0,2.1.0_3981765_4073622,2025-02-04 18:47:33,,,2.1.0_3981765_4073622
678d7cc8-72ba-4625-8445-ec2227dde4c5,Faith Angels,https://play-lh.googleusercontent.com/a-/ALV-UjUxD0JauupPHdEYUubUk5oOnwHKi2U5PsqbnTXoIgp9zTjU3Fg,"tolong lebih dipercepat antrian artefak scambox, karena versi game sudah di penghujung end game sehingga akan mengurangi stres ataupun bosan",5,0,,2025-02-04 18:23:58,,,
e2e73ebf-5ec2-4806-985b-97a72901ac26,Dynera Paramita,https://play-lh.googleusercontent.com/a-/ALV-UjWDKzH-gnibAC5Xk8OQWVyZkxtGO6bTKpdv9c7ju2oZ68TBx1gp,"why in the game I'm a little bad for the audio? even though I've tried various ways to fix it but it didn't work, I hope muihoyo can improve my problems",1,0,,2025-02-04 18:16:10,"We sincerely apologize for this issue, Traveler. Please send us an email or contact Customer Service via in-game feedback for specific help with this issue.",2025-02-24 18:14:53,
32a6a09c-9cf7-4971-977f-a3c055b96ffc,Aditiya Pratama,https://play-lh.googleusercontent.com/a/ACg8ocKK48aR-HdgdrK1ibZMWE4tz1laSUrEHODGObAHOGolWaVt-A=mo,Kerenn,5,0,5.3.0_29183395_29332470,2025-02-04 17:47:10,,,5.3.0_29183395_29332470
19f694d1-ebc0-4446-ad5c-ab5ada51fa76,Maulani450,https://play-lh.googleusercontent.com/a/ACg8ocJHmHx5jpyorXOQNzu6SYc7Q_lM0cbbE6ot4-_IuIl4p2rBTs0=mo,Tolong reputasi buat dapatin compas di permudah,2,0,5.2.0_28336591_28351161,2025-02-04 17:09:01,,,5.2.0_28336591_28351161
a33a3969-d897-4f05-9d05-3e264eb7a344,Felicia Desmalika,https://play-lh.googleusercontent.com/a-/ALV-UjVNh5xDP7GHjG3T-UK87-tVRIWJ5O2PE761D1Kcs2ErzXsajZUa,"Sistem gacha nya ampas,dan bagi memori hp nya dikit jangan coba coba main game ini",1,0,5.3.0_29183395_29332470,2025-02-04 16:06:28,"Halo, Traveler! Traveler dapat melihat aturan sistem Wish di bagian [Rincian] pada halaman Wish. Jika kamu memiliki pertanyaan tentang perincian dari aturan tersebut, silakan hubungi tim Layanan Customer Support kami melalui feedback in-game atau melalui email.",2025-02-24 18:14:34,5.3.0_29183395_29332470
61d1f260-322d-4c41-a029-ff801f79576d,Kyriss,https://play-lh.googleusercontent.com/a-/ALV-UjW5GGnMSPKgjEiCthIHnEIfno4deprenhd6HRdcizdv7_KJh_wz,"Game kerenn,",5,0,5.3.0_29183395_29332470,2025-02-04 15:35:22,,,5.3.0_29183395_29332470
934d5396-72a5-466a-8097-bc7180aad34f,11. Fazli Aulia kiswari,https://play-lh.googleusercontent.com/a-/ALV-UjWfXSK40iW6FaO36P1uOwNeQdioP5ZO3LLRtYGI7NCwqjh1jlG4,Tolong tambahkan fitur last war agar saya saat di toilet bisa bermain last war di genshin❤,5,0,3.6.0_13833164_13951843,2025-02-04 15:19:11,,,3.6.0_13833164_13951843
0f8268dd-f7a2-4b60-9f3f-68c546fa9db8,Mass Zo,https://play-lh.googleusercontent.com/a-/ALV-UjVoEbX4RmjJXp8g81BCv7ITtc-QOr3ko05slnOciKND-HU1raM,hoyok kasih akun ini hoki nanti aku gip alok,5,0,,2025-02-04 15:03:58,,,
2d27bd17-afc2-4891-9ba7-5e4ce1acb4f0,Kahfi Tea,https://play-lh.googleusercontent.com/a/ACg8ocJALpIWZyn7pnax2UltNE7tyoMxsh3o7HOhOWhLVARac4_hlw=mo,Mantep,4,0,5.3.0_29183395_29332470,2025-02-04 14:57:13,,,5.3.0_29183395_29332470
273c88ef-fee7-4702-a371-90d0b421892f,Ari yanwar,https://play-lh.googleusercontent.com/a/ACg8ocIz5kf1vJDSIBIa84x1QMwB3lPgGrhHRzXBNmS_YWnUca_b1A=mo,"World building bagus musik nya bikin tenang,mines kebanyakan dialog plus gak ada fitur skip,30menit dengerin ocehan yang bener bener kurang berguna,untuk fight dan eksplor cmn butuh waktu paling bnyak 10 mnt Intinya mah tambahin fitur skip",3,9,5.3.0_29183395_29332470,2025-02-04 14:45:32,,,5.3.0_29183395_29332470
afc74020-7fe2-4a94-a630-dff11a4ab142,Rahmadharimurti Putra halbi,https://play-lh.googleusercontent.com/a/ACg8ocKOlgRVXc0ygHY1_qzhD6qY-tIeBjhws6b9BvPQWdqudGFaQQ=mo,skip dialog plz,4,0,5.3.0_29183395_29332470,2025-02-04 14:18:40,,,5.3.0_29183395_29332470
281aee64-b528-4bff-8767-6595983bdd6d,Nara Fakhrizal,https://play-lh.googleusercontent.com/a-/ALV-UjXM7w5pk_Gk1CMfoMAioo7pAdfUj5zj9mdF6W97FTblep3-pGNAGQ,"Music bagus, Lore dan ceritanya bagus, dunianya bagus.... Apalagi skrg ada event lantern rite paling ditunggu-tunggu, udah gak kikir juga. Mantap hoyo😹🤚",5,0,5.3.0_29183395_29332470,2025-02-04 14:17:12,,,5.3.0_29183395_29332470
e00df3dd-9317-4344-8b08-727a3e87090c,Arka 02,https://play-lh.googleusercontent.com/a-/ALV-UjVXmQnsUQrClANclQCndtiIWka6Pfmj1jwjqAQRMMShNQ7LzIBC,Bagus,5,0,5.3.0_29183395_29332470,2025-02-04 13:37:41,,,5.3.0_29183395_29332470
89db85d6-31a6-4fca-87a2-dbf41bc49fb0,Prayogo Wiyono,https://play-lh.googleusercontent.com/a/ACg8ocLwU-RVIAs8J5dWqzBTopVi2nI71oN1UPQm_yXZC8I2qxS8ZQ=mo,The best game,5,0,5.3.0_29183395_29332470,2025-02-04 12:20:50,,,5.3.0_29183395_29332470
3bd6d4ff-ffcb-4710-a408-23bdf301af72,Fitra Abimanyuashar123,https://play-lh.googleusercontent.com/a-/ALV-UjVxd8ZdPjfi-2awTuele-yg_FWYz1O-h_kUo-33uWSEbBPX4Dx_,Bagus banget walaupun ya download datanya lama bangett di hp saya mungkin di hp kalian tidak tapi ini game emang bagus banyak sih yang mainin dan emang bagus udah ah males ngetik bye,5,0,5.3.0_29183395_29332470,2025-02-04 11:34:44,,,5.3.0_29183395_29332470
8cf7d1a0-736a-46d4-969b-29d683042f14,Puput Irawati,https://play-lh.googleusercontent.com/a/ACg8ocJE-4qi9nP2LD6jxnFAxPbbb9CGU_XsBtyVAnRcntlSjZUSnQ=mo,Game ramah buat pengangguran Story npc ngalahin story utamanya makin lama makin bosen,3,0,,2025-02-04 09:37:59,,,
4a2ea0aa-546e-469a-b79d-758f8eb07102,Odie Dwi Pramana,https://play-lh.googleusercontent.com/a-/ALV-UjUsohXnEr-MCUFu1p6wZ1mNzOj2Al2mb2ylF6JC3AKN_9k4NY4,"Setelah 4 Tahun main genshin saya putuskan untuk pensi krna : 1. Explorasi sulit & ngebosanin, Harus gacha karakter spesifik utk mempermudah explorasi. 2. Hadiah puzzle tdk sesuai, berjam2 selesaikan puzzle hadiahnya cuman 5 primo, itu pun smbil liat tutorial youtube. 3. Kebanyakan yapping yg gk penting, Utk selesaikan 1 quest aja perlu makan waktu sampai 2 jam. 4. INI YG PALING BUAT SAYA KESAL !! ,Mc tidk berkembang, Sudah 6 region Mc bukannya makin kuat malah makin lemah, padahal ini game RPG.",1,3,,2025-02-04 09:34:47,"Terima kasih atas dukungan Anda terhadap Genshin Impact, Traveler! Kalau Anda mengalami kesulitan apa pun yang berhubungan dengan Genshin Impact, silakan hubungi kami melalui email atau feedback in-game untuk mendapatkan bantuan.",2025-02-21 17:03:39,
511146b1-d944-4abe-a11f-da1b708ccd51,Just calva,https://play-lh.googleusercontent.com/a-/ALV-UjVF24_3OJkb6X4Ze14xcHlaZORZSG0diVRtSXIWx1rr2NVW1-71,"Hoyo udah mulai gila, ngasih event susah banget tapi reward ngga seberapa",1,1,5.1.0_27118081_27297621,2025-02-04 09:30:03,"Terima kasih atas dukungan Anda terhadap Genshin Impact, Traveler! Kalau Anda mengalami kesulitan apa pun yang berhubungan dengan Genshin Impact, silakan hubungi kami melalui email atau feedback in-game untuk mendapatkan bantuan.",2025-02-24 18:03:37,5.1.0_27118081_27297621
e955a26a-e45a-4102-8948-04b1ab361bc1,Rafie Fian Arfelli,https://play-lh.googleusercontent.com/a/ACg8ocIMk4WYMwINEj1LZyhfwCvtvHlYwoEuv4ymEOzBA4gCr7IUIg=mo,Bad game,1,0,,2025-02-04 08:55:51,"We sincerely apologize for your unsatisfactory experience, Traveler. If you have any feedback or suggestions, please send us an email or contact Customer Service via in-game feedback to help us improve the game.",2025-02-24 17:54:18,
b8d18eb9-1dbe-420d-ba4f-cdf735d6e0c4,Ekkel Girsang,https://play-lh.googleusercontent.com/a-/ALV-UjWB3RXXu_j99kOT3sHQto9UQ96C3EuW4G0oKTG0CdQalCsFCj8q,jelek kayaknya,1,0,5.3.0_29183395_29332470,2025-02-04 08:38:07,"Terima kasih atas dukungan Anda terhadap Genshin Impact, Traveler! Kalau Anda mengalami kesulitan apa pun yang berhubungan dengan Genshin Impact, silakan hubungi kami melalui email atau feedback in-game untuk mendapatkan bantuan.",2025-02-24 17:54:25,5.3.0_29183395_29332470
dd101f0d-c226-47ee-94ba-ce0de1b27b5a,Roti Canai Cemoro 89,https://play-lh.googleusercontent.com/a-/ALV-UjX8qH-JTf953E3WXRmnugvih1uKTUwyyulZSFtxrGoLW0__aIwj,bagus sih cuman reward nya kecil agak sayang di itu nya aja sih semoga developer game mendengarkan saya,5,0,5.3.0_29183395_29332470,2025-02-04 04:29:54,,,5.3.0_29183395_29332470
20938b88-0703-4bb7-a38a-8d5dd27582a9,X,https://play-lh.googleusercontent.com/a-/ALV-UjXmDV0QMdYgkgGz0IQE93xAES3J1lxNmKpyUV2gQ8RQRF7mdBVW,seharusnya devloper bisa ambil apa yang harus ditambahkan kedalam progres pengembangan. seperti fitur nyeleneh tapi buat speedrun bisa dipake seperti skip dialog. terus didalam domain bisa craft material tanpa harus pergi ke kota. dan bila perlu tambahkan juga sistem yang mana. ketika resin sudah penuh tetep ke tampung buat cadangan sewaktu kita engga bisa login untuk jangka waktu yang lama karena kesibukan dunia. ini bukan hanya menambah minat player baru tapi bagi player lama sangat membantu.,4,25,5.3.0_29183395_29332470,2025-02-04 03:07:35,,,5.3.0_29183395_29332470
e913441c-0bcb-4606-b7b5-210e37a9126d,Ko Leon,https://play-lh.googleusercontent.com/a-/ALV-UjWzXlJI6qNqEY8J487EE9Dfr2CjyRvbcLlt2Br3ASrQCBIfVVWk,terbaik lah,5,0,,2025-02-04 02:53:28,,,
c4919a03-29a2-4956-ad62-5b69a9cbdefd,Silver Fang,https://play-lh.googleusercontent.com/a/ACg8ocKqirLQI0ImyR9dixo0bRMjcGNieB9YGbSO9d1gyUFvH3uuHg=mo,"Gacha System is a Scam , 160 pull and i only got One Lanyan, they Spamming me with Chevreuse 10x and Rosaria 5X",1,2,,2025-02-04 02:33:19,,,
b3049c71-6612-4403-bfba-7126d65753ef,Ririn Istiqomah,https://play-lh.googleusercontent.com/a-/ALV-UjUES0OHfMq4-SPpWxGSNFgbPhtYXtm921EbRdtf9Zl6eiCDQeSU,"please add more male characters, i'm tired of female characters whose costumes are getting sexier",1,1,,2025-02-04 01:54:58,"Thank you for your constant support of Genshin Impact. We welcome any valuable input from you. If you have any comments or suggestions you would like to share, please feel free to contact our Customer Service team via the in-game feedback channel or email to help us improve the game.",2025-02-24 18:04:20,
3b5098b1-aa13-47c8-9b3b-10e32934952f,B E O,https://play-lh.googleusercontent.com/a-/ALV-UjXFzugU-b9GVt0eDxzPrB9cwnnSeBZndzHLTxIbxFZJ-l3dTG0,"Game popular yg memaksa player upgrade device, device kentang gabakal bisa main. Mau enak dan nyaman main?, beli device yg punya chipset mumpuni.",5,0,,2025-02-04 01:32:00,,,
b5cafeb5-d1f4-4fab-b3af-04327c78bb46,Arsya,https://play-lh.googleusercontent.com/a/ACg8ocKPTyoCJ_kJvM1lj_tc1gagNkWtIU43C955ighsxMn9boYD2g=mo,Terlalu banyak hard pity dan stroy menurutku semakin buat bosan,1,1,,2025-02-04 01:04:20,"Kami mohon maaf atas ketidaknyamanan yang Anda alami, Traveler. Kalau Anda memiliki masukan atau saran, silakan hubungi kami melalui email atau feedback in-game.",2025-02-21 16:55:28,
a48799e8-b54c-43d1-aa74-6207ff2dbe52,Maulana Raffi,https://play-lh.googleusercontent.com/a-/ALV-UjVlazIautcNEFpe8wSTKegIuijxysZhzAW90iRgxnBwKpUSJ9g,Tolong supaya di perbaiki gacha system nya,4,0,5.3.0_29183395_29332470,2025-02-04 00:56:09,,,5.3.0_29183395_29332470
32965d0c-d37d-44bd-91c7-1a3080518867,Windy Assyifaazzahra,https://play-lh.googleusercontent.com/a-/ALV-UjWvOJAAs39YfDyk3Ey8OH55Ez85uYc_xujhDzTb_K9vYQbN0mz8,"balik main kata nya udh jadi game baik, ttp aja KIKIR lu mihoyo",1,1,5.3.0_29183395_29332470,2025-02-04 00:21:18,"Terima kasih atas dukungan Anda terhadap Genshin Impact, Traveler! Kalau Anda mengalami kesulitan apa pun yang berhubungan dengan Genshin Impact, silakan hubungi kami melalui email atau feedback in-game untuk mendapatkan bantuan.",2025-02-24 18:04:31,5.3.0_29183395_29332470
0262238a-8246-4120-9e01-cf37668a9f1d,Agit Mahesa p,https://play-lh.googleusercontent.com/a-/ALV-UjVE6nwTYGDjuOT2Gk7Q3RLqvBFtWWqIQtNfUXZZflcH2CZkOSc,"Momen paling najis adalah ketika lu dapet bansos tapi dicicil trus udah gitu pas gacha dapet gold di hard pity dan pas udah dapet gold ternyata dapetnya malah b5 standar,cape cape gw nguli eksplor map sampe 100% tapi pas gacha dapetnya b5 standar,hadiah quest dikit tapi dialog seabad,kek apaan ekspektasi indah gw ke game ini ilang,dah terserah lu aja dev cape gw maennya.",2,1,,2025-02-04 00:20:12,,,
1f66bc3a-5553-44fc-9a95-c79c03db190b,Akbar Maulana,https://play-lh.googleusercontent.com/a-/ALV-UjUx7pKSZYoa7XFC6Usks3GL0It1VeJvmywhSIBa7Hj5WnAhV0M,Nice,5,0,5.3.0_29183395_29332470,2025-02-03 23:51:50,,,5.3.0_29183395_29332470
615f3ff9-e9ad-44cf-85bc-8c18e801a9c3,cetotan cetotan,https://play-lh.googleusercontent.com/a/ACg8ocIJsTB-2QeXkEdayOPaFQH4dTGTIXXRWHkwrFKHyPIQdSuq_w=mo,game yang sangat bagus untuk dimaikan.. bintang 100 untuk Genshin Impact,5,0,5.3.0_29183395_29332470,2025-02-03 23:35:33,,,5.3.0_29183395_29332470
16bb013b-bb05-43b7-a611-0c95c7ac9e7d,Weliansyah Al fariz,https://play-lh.googleusercontent.com/a/ACg8ocIymb7Ves5uGrwo5oxLgI4uTo2CQoOJ7fXPHThtbOrGMN0Ymg=mo,Game nya bagusss,5,0,5.3.0_29183395_29332470,2025-02-03 23:11:38,,,5.3.0_29183395_29332470
248a6260-1dbb-40f5-a857-afa3da87b258,Gen Elit,https://play-lh.googleusercontent.com/a/ACg8ocIs7lNN97-KFRAkc6wBt0_DUrxKdWf93hI29ML1ZOVRWL2wWw=mo,Good kalo dapet b5,5,0,5.3.0_29183395_29332470,2025-02-03 22:53:37,,,5.3.0_29183395_29332470
99c81956-10e1-40af-a336-53112cceec33,Ex Shiroe (Fikar),https://play-lh.googleusercontent.com/a-/ALV-UjVUeHIETbAVEAKHBCWG-ZYLOdPRVxNi-jeQ7XV8iiiDiJqOQM28,Sampah,1,0,,2025-02-03 21:58:11,"Terima kasih atas dukungan Anda terhadap Genshin Impact, Traveler! Kalau Anda mengalami kesulitan apa pun yang berhubungan dengan Genshin Impact, silakan hubungi kami melalui email atau feedback in-game untuk mendapatkan bantuan.",2025-02-24 17:53:39,
caa66d91-688a-40d8-ad50-d72869ca62ed,Fitri,https://play-lh.googleusercontent.com/a-/ALV-UjWMMrEfCIf1ovh-vxd-QR7Yl-igQVz9Uvp5akT2hhmQoX1OqEi2gg,"Unduh data game awalnya 34gb setelah sekian lama nunggu dan hampir selesai, gak sengaja ke tutup Aplikasi dan yak unduhannya mulai lagi dari awal. Setelah itu malah nambah data gamenya jadi 40gb. Udah abis kuota banyak malah gitu😁",1,22,5.3.0_29183395_29332470,2025-02-03 21:57:24,"Kami mohon maaf atas permasalahan ini, Traveler. Silakan hubungi kami melalui email atau feedback in-game untuk mendapatkan bantuan lebih lanjut tentang masalah ini.",2025-02-24 17:53:22,5.3.0_29183395_29332470
9bef1d00-0b05-4b49-b049-04fb940dcaa7,Black Mara,https://play-lh.googleusercontent.com/a-/ALV-UjU2iQj6vuQhykn9NaWY837ekszOP4aCv6-js99vufFf9BbrAw4,Hoyo kasih gua menang rate off pliss capek gua kalah mulu🙃,4,0,,2025-02-03 21:33:41,,,
737f4e43-5008-447e-8ee9-22b6c7d6cca4,Andi Prakso,https://play-lh.googleusercontent.com/a/ACg8ocJDrGT9pS5rAgBDbs11NC4UEiqDK-UhKOR19G0H7C-2PIMP0Q=mo,Mantap tapi ada yang kurang nahida nya lebih hot biar verkun suka,5,0,5.3.0_29183395_29332470,2025-02-03 21:32:54,,,5.3.0_29183395_29332470
95c17545-4d18-41b8-ba20-a1a49524cc4a,Riko Craft,https://play-lh.googleusercontent.com/a/ACg8ocLlusuILi1K71-e1_s3LjTrk6nKP794YpzU_tew-wDRR1KuTQ=mo,Aku mau primo,5,0,,2025-02-03 21:24:31,,,
9ad5a95f-e441-4bca-9082-ab3ab1b22dea,Safrudin n,https://play-lh.googleusercontent.com/a-/ALV-UjWXDly1iSDNvI5GNgoyRzaEqfDNF6vf3csRVTi--fAaNsTlrvYrsw,"Download datanya bisa dikurangi gk, data saya jadi cepat habis, dari segi lainnya udah bagus👍",4,0,,2025-02-03 20:56:09,,,
32c0bc99-b6ca-456c-9ed2-a3ce22d72a80,Rafi_Official,https://play-lh.googleusercontent.com/a-/ALV-UjVUjJqNDl6dC1NM4pInQ-s5N8c4bvYZdfGdPCzv9EBcNJ-9mBBl,Bagus,5,0,5.3.0_29183395_29332470,2025-02-03 20:56:06,,,5.3.0_29183395_29332470
fea37763-6611-4491-a2e6-14ffc34f0cf6,Mushoku,https://play-lh.googleusercontent.com/a/ACg8ocKBez3k5cN9XZZYqUIum8-WfUdQTL-eeN_SNy-ZpxKaWJKSdA=mo,Game terbaik meski game ini berat tapi itu semua terbayarkan oleh petualangan yang sangat menarik,5,0,5.3.0_29183395_29332470,2025-02-03 20:46:42,,,5.3.0_29183395_29332470
01facc2b-bddb-4ee1-992b-cff95224c7d1,Ihsan Ahmad riza,https://play-lh.googleusercontent.com/a-/ALV-UjVV3ISlv_yGUbpjQ1KMgpwEh52o0wBRtGPi_3WxmlGwYr0c3HM,Kalau pity nya di kurangin dari 90 ke 80 aku dengan senang hati memberi bintang 5 di rating ku,4,0,5.3.0_29183395_29332470,2025-02-03 20:38:46,,,5.3.0_29183395_29332470
c3d8eae8-b44e-4f2d-b707-629e731fa961,Me And,https://play-lh.googleusercontent.com/a-/ALV-UjUOBUAJZoO3UcpAnpV0GaqriXkxglThce7-pjlKp3l9SPK9mXBU,"Game elit build char sulit lv up talent (weakly boss) gacha. kesempatan pun seminggu 1x farm Arte gacha, emang game gacha tpi ya gak keterlaluan napa gk kyak adeknya triple z sama honkai lebih mudah untuk build char",1,2,5.3.0_29183395_29332470,2025-02-03 20:29:13,,,5.3.0_29183395_29332470
28b147a2-5bb9-4feb-a6d1-4f36a372d06d,Mardin karner,https://play-lh.googleusercontent.com/a-/ALV-UjWEHbzzDalrGN8RD6FWcqkoVE6WtGYkIEBs0SBqQWiqXZk3LmAu,Kapan update supaya bisa main pake game pad di Android... Gak usah setting langsung main gitu...,5,0,5.3.0_29183395_29332470,2025-02-03 20:12:07,,,5.3.0_29183395_29332470
092be474-d9e8-4414-ad8d-ea831c22cac7,Rezal Rezal,https://play-lh.googleusercontent.com/a-/ALV-UjXibYMXxuZF3angT2oWIg8Oz4z0FnNKwBbTV22HmoCn5FjJw7hs,Bagus,5,0,5.3.0_29183395_29332470,2025-02-03 19:55:44,,,5.3.0_29183395_29332470
3617f75a-2e81-4a9c-87e4-9818bd018c33,Julian Indra riviansyah,https://play-lh.googleusercontent.com/a-/ALV-UjVzjQtr011hhpLrMph42kqT7WW0YoKvW3IXj24FhJdoqt-UpQiz,Kikirnya dikurangin yah😹,5,0,5.3.0_29183395_29332470,2025-02-03 19:20:59,,,5.3.0_29183395_29332470
195ac3b0-46bb-4b67-8798-ff2ebe0e7049,Nakano_Itsuki,https://play-lh.googleusercontent.com/a-/ALV-UjUM9D8aBTnzOLIsPz4EZh3kMpo9gg6WADv3FpGioKiU0-t-qik,"ini kenapa ya padahal sinyal bagus, masa login tulisannya koneksi terputus dalam waktu terbatas ,pdhl udah coba berkali"".mohon bantuannya🙏",3,0,,2025-02-03 19:11:46,,,
8814b410-8683-46d3-b842-3b27e475a4d1,Kiyotaka Ayanokoji,https://play-lh.googleusercontent.com/a-/ALV-UjVcT1FM04Pqob6aWeQzNyH1gsY-fWVKFeZJdIvKKsSswb1ZcqE,Sugoi desu,5,0,5.3.0_29183395_29332470,2025-02-03 19:11:25,,,5.3.0_29183395_29332470
44b13a23-2880-41c8-afff-91d085a4ee82,Tesa Lonika,https://play-lh.googleusercontent.com/a-/ALV-UjUZGhk_y8wvpiA6bRSv-ZaJBDhDF9XRqubwyoKOWkMNweArwfuU,"This game is good but, WHY THE CHAR IS ALWAYS WOMEN!?...please hoyo, atleast give us character male...",3,0,5.3.0_29183395_29332470,2025-02-03 19:06:21,,,5.3.0_29183395_29332470
f355fc22-4575-4112-bf6e-4a61734f6ba8,Banyu Pangeranbanyu,https://play-lh.googleusercontent.com/a/ACg8ocIzOe4G3Xb-dJWTfw9lUoF8MGAimZgCLx3m9Dk2gh7pjS9hOA=mo,Bagus,5,0,5.3.0_29183395_29332470,2025-02-03 18:58:40,,,5.3.0_29183395_29332470
38a3ecc6-44b6-49f5-8e77-dfd2fb24afb9,Lexa Pati,https://play-lh.googleusercontent.com/a-/ALV-UjXI7-f-ykw_ZbNSKCD2IW50esEwUrboxs-FHXWeKbGPTMHIwW3G,Seru aja,5,0,,2025-02-03 18:55:15,,,
68a1a8db-fc7c-4307-bedf-0c5c36e9f2f8,Akbar Sabara Sudibya,https://play-lh.googleusercontent.com/a-/ALV-UjUrZX4XrwWoDFgML3AGPPnCerB3h3O-Zyc7cKE5wdhs56yhLoU,Sudahlah males gw,1,10,5.3.0_29183395_29332470,2025-02-03 17:51:47,"Kami mohon maaf atas ketidaknyamanan yang Anda alami, Traveler. Kalau Anda memiliki masukan atau saran, silakan hubungi kami melalui email atau feedback in-game.",2025-02-21 16:51:12,5.3.0_29183395_29332470
ece47d77-fcc5-4918-b501-22aecbeece2f,Khansaa Deya,https://play-lh.googleusercontent.com/a-/ALV-UjUwiIBtitG2DRQsen81Xu4uP3BsOpd85xWlodK5UxyQ4g56i-zx,"overall bagus bngt, tapi char cowo cakep nya mana hoyo?😾",4,0,5.3.0_29183395_29332470,2025-02-03 17:35:56,,,5.3.0_29183395_29332470
099b0b59-5e69-42a5-b812-e36c2c1516ee,Azka,https://play-lh.googleusercontent.com/a/ACg8ocKCX4plUHIZFEMvV5NljTlKfuMb_n_YExZ-nUpesgZJjuuc0w=mo,Download data nya lama banget saya sudah tunggu lima jaman engak selesai selesai. Dimohonkan untuk download datanya di percepat!!,1,0,,2025-02-03 17:24:04,"Halo, Traveler! Terima kasih telah mendukung Genshin Impact. Fungsi fitur pra-unduh adalah untuk memberikan player akses pada konten terbaru lebih cepat sewaktu versi terbaru dirilis. Jika Traveler mengalami masalah sewaktu pengunduhan, silahkan menghubungi CS kami melalui email. Kami akan memberikan bantuan/jawaban yang sesuai untuk Traveler.",2025-02-21 16:51:32,
2994807b-621e-4b6b-a686-ecf0b5a8c939,Aidil Adha,https://play-lh.googleusercontent.com/a-/ALV-UjX7svdXIoA-k1gzbH-84AUYs-k7niscsusrO1K6OBfWaleBIUU,bgus bet,5,0,5.3.0_29183395_29332470,2025-02-03 17:12:16,,,5.3.0_29183395_29332470
4843070d-e8b6-4a40-90a2-964b2d672670,Absen.1:Abdullah rafif Fani,https://play-lh.googleusercontent.com/a-/ALV-UjU6vx4DQ7QytFrAHFruwQ33o_D6fdaDGZkXog3KocysDOuiLoU,Keren,5,0,5.3.0_29183395_29332470,2025-02-03 17:00:09,,,5.3.0_29183395_29332470
719eb1f1-e9c7-4cd7-89e6-f0d6ee6d7fa1,Rama Adhitya,https://play-lh.googleusercontent.com/a-/ALV-UjXTvjNCw9AfEnybmii5xFFKNBMoE6s-IHmIlFLgwnDBhDpixgbU,Aku sayang Genshin,5,0,5.3.0_29183395_29332470,2025-02-03 16:41:19,,,5.3.0_29183395_29332470
4e2d5f92-658f-41ea-bfe7-148a737f2843,Azzizahazzahra,https://play-lh.googleusercontent.com/a/ACg8ocKfSxatrOE87yM72VDmXxyMj8aKaqc6m5DF-fpF5lO-Hvy79w=mo,"yah, lumayan",5,0,5.3.0_29183395_29332470,2025-02-03 15:42:04,,,5.3.0_29183395_29332470
641b8acf-5668-44d1-85f3-a903bd8fc9ea,Fatih fanska Alhadi,https://play-lh.googleusercontent.com/a/ACg8ocKnMlxXe7GvEBsu8wK9Gi_-p2g-foch2SmbaQxZ4sVt0WjCfA=mo,Aini game skibidi banget tidak sigmaa -1000 aura,5,0,5.3.0_29183395_29332470,2025-02-03 14:52:45,,,5.3.0_29183395_29332470
605399da-694e-4270-9930-3e9176c7c48b,Dafa Irfan Maulana,https://play-lh.googleusercontent.com/a-/ALV-UjUyBxcidpCXEfsmNdm_CYWZTZaOk4YDccB8QDx8oGdWPlAV_Q,"Genshin impact game yang menurut saya seru quest nya gak abis""",5,0,5.3.0_29183395_29332470,2025-02-03 14:28:53,,,5.3.0_29183395_29332470
12c129d7-3cab-4994-ab7d-0f43db5806c6,Soraya Milah,https://play-lh.googleusercontent.com/a-/ALV-UjXvQbmoassMaZ15Zgks-4kihMp_afkCGO_v9l2meWTtvjzbMio,Seru!. Lain kali kasih karakter bintang 5 ya hoyovers:v,5,0,5.3.0_29183395_29332470,2025-02-03 14:23:35,,,5.3.0_29183395_29332470
8814c50d-4245-4227-936c-60e87c9daf86,niko Aja,https://play-lh.googleusercontent.com/a-/ALV-UjXX4_X-ljUxb6kyK1ZEQU5YGrGO6eJIlAtFs8-zshmjea-Lypbj,Ini sih harusnya tambah kan fitur skip kalau world quest atau quest quest yang lain biar yang sudah tahu story nya ga kelamaan,4,0,,2025-02-03 13:41:09,,,
4d161e4c-7878-4a8a-be37-02d66cd3da33,Gilang ghaisan,https://play-lh.googleusercontent.com/a-/ALV-UjVQzCJvwHGMKhkTdkMPVQnhE3c5s6HbLbHzGh307ZJ7BIlsz3S-,Pay to win,2,0,5.3.0_29183395_29332470,2025-02-03 12:40:47,,,5.3.0_29183395_29332470
b143dc57-8a5d-4fc4-9925-f302d8513bd5,Risky Risky,https://play-lh.googleusercontent.com/a/ACg8ocIyRJXRbtZIChDz3JuQli-uPyfm_G5SCpPiici1p_RCVJgaTw=mo,🤭,5,0,5.2.0_28336591_28351161,2025-02-03 12:18:51,,,5.2.0_28336591_28351161
5b5c34c8-17e3-441f-aeda-b8a2d18a9b01,Mas Ikbal pratama,https://play-lh.googleusercontent.com/a-/ALV-UjVbbu6QS7Gh6UqKNPdEMToE5-2lDw6qflThnFtEUMDmXoTy0DgT,Semoga untuk kedepannya genshin menyediakan story yang sangat panjang dan menarik.,5,1,5.3.0_29183395_29332470,2025-02-03 12:12:33,,,5.3.0_29183395_29332470
74c0847f-856a-4d54-887a-dc60df284d1b,sangsannin gaming,https://play-lh.googleusercontent.com/a-/ALV-UjWQHMoHYVNWvXtZfPyA_ojcvjq6_gpCRhzcu_in6s2gqZPkvZmc,Tolong developer size game anda tolong kecilin 30gb aja,1,0,5.3.0_29183395_29332470,2025-02-03 11:53:40,"Halo Traveler,
Terima kasih atas support anda pada Genshin Impact!
Untuk mengurangi jumlah size data game, anda direkomendarikan untuk menghapus data Voice-line dan data Quest lama yang bisa dilakukan melalui setting in-game. Jika anda mengalami permasalahan lain atau ingin menyampaikan feedback, jangan sungkan untuk menghubungi tim customer sup...",2025-02-21 16:54:48,5.3.0_29183395_29332470
350d8d7d-a18c-47a8-897e-c4f0f92cb2b8,Fawwaz A,https://play-lh.googleusercontent.com/a-/ALV-UjVCgMFHkR3bccn727qrfcedmtaLQIdlh1__xxD0Ow0QBxn9Os5R,"Kenapa sekarang sering banget ada karakter yang ga ada suaranya waktu ngerjain quest, bahkan event SE penting lentern rite aja masih gak ada suaranya. Kecewa sih nunggu satu tahun sekali tapi ga ada suaranya.",1,9,5.3.0_29183395_29332470,2025-02-03 07:26:26,,,5.3.0_29183395_29332470
35bdd58a-02c5-4066-b85e-5aeb9b8b5a10,Putu Kevin,https://play-lh.googleusercontent.com/a-/ALV-UjVi_9VQ_6Y6-4mhUJoZmRtuukFK-1FlC1fhZaI-ACwiH9IgzpdI,Saya sangat senang dengan sistem pity nya,4,0,5.3.0_29183395_29332470,2025-02-03 07:04:11,,,5.3.0_29183395_29332470
e5e55845-f3d4-4652-9383-4ef83ca12ad2,Jumat Sepi,https://play-lh.googleusercontent.com/a-/ALV-UjWDZmona6Nlhyh3bszSDB_QCSIrv0XwA87XLuEEi12HNi3wVpo,Ganyu echo sangat susah,1,0,5.3.0_29183395_29332470,2025-02-03 04:02:41,"Kami mohon maaf atas permasalahan ini, Traveler. Silakan hubungi kami melalui email atau feedback in-game untuk mendapatkan bantuan lebih lanjut tentang masalah ini.",2025-02-21 16:49:24,5.3.0_29183395_29332470
59258f40-fb26-4eaa-9aa5-c8fecb9f0b24,Konsunime,https://play-lh.googleusercontent.com/a-/ALV-UjVSFo3Hj7LowjCydtvl7a5eHKdniYRIc3tlk-_dOoFNhlyV0WF1Vw,"Gw inget banget pertama kali main di banner klee,sebulan setelah perilisan game.tp gw ga inget ini ulasan udah gw edit berapa kali. Pertama kali ngerasain kalah rate off sampe 3 kali beruntun pity diatas 80 semua,drama nangis-nangis yang katanya pindah tangan mau jadi game baik,hallah apaan malah makin menjadi-jadi kikirnya,event makin kaga jelas reward kaga seberapa durasi nya ga kira-kira",1,1,5.3.0_29183395_29332470,2025-02-03 01:16:52,"Halo, Traveler! Traveler dapat melihat aturan sistem Wish di bagian [Rincian] pada halaman Wish. Jika kamu memiliki pertanyaan tentang perincian dari aturan tersebut, silakan hubungi tim Layanan Customer Support kami melalui feedback in-game atau melalui email.",2025-02-21 17:04:46,5.3.0_29183395_29332470
56eca911-47dd-49f3-a621-0d7730baf3b4,Dilang Galih,https://play-lh.googleusercontent.com/a/ACg8ocJ_4Clqz3vbIBj_nSr6635GArwfc7y44C5xZKPUJ1cUUSwzsg=mo,Game bagus tpi terlalu berat di main kan saran saya buat versi lite nya bukan cloud dan juga percakapan alur cerita saat misi terlalu lama dan tidak bisa di skip sehingga rasa ingin bermain sampai hilang karena terlalu panjang percakapan alur cerita saat misi mohon di perbaiki atau di beri fitur skip,3,1,5.3.0_29183395_29332470,2025-02-03 00:04:31,"Terima kasih atas dukungan Traveler untuk Genshin Impact. Kami menyambut setiap masukan yang berharga dari kalian. Jika Traveler memiliki saran atau masukan, jangan ragu untuk menghubungi kami melalui pelaporan masukan dalam game atau email.
",2022-11-30 19:09:56,5.3.0_29183395_29332470
9a2c2e4d-29ec-4714-91bd-34838c1aa056,Mhd Sakti Al Azhar Kusuma,https://play-lh.googleusercontent.com/a-/ALV-UjWE5IodlCDm8X5bLRwz_35IdyikacO_hBdDTNqRqVSi90j-zis,developer dongo bisa gk sih quest yang sama npcnya obrolannya diskip? yang bener aja cuman ngobrol sama npc sampe 5 menit lebih lu kira gw main cuman buat dengar dia ngoceh doang HAH!! MINIMAL DI KASIH FITUR SKIP DIALOG LAH ANJ WAKTU NGOBROL SAMA NPC!!,1,1,,2025-02-02 23:16:43,"Terima kasih atas dukungan Anda terhadap Genshin Impact, Traveler! Kalau Anda mengalami kesulitan apa pun yang berhubungan dengan Genshin Impact, silakan hubungi kami melalui email atau feedback in-game untuk mendapatkan bantuan.",2025-02-21 17:03:10,
db20add3-2e44-48c2-bb9c-59d2a8d12887,Aqmal224 Maulana,https://play-lh.googleusercontent.com/a/ACg8ocLiVWGiwXMa9ch3U49eHR5zR2EU5KYAX8BtJs6H6yZL_3C_JA=mo,Sudah Cukup Bagus Tingkatkan lagi 😁,5,0,5.3.0_29183395_29332470,2025-02-02 23:02:17,,,5.3.0_29183395_29332470
4ff89d48-aa21-4282-9ab4-3d9f3ac9f6fb,Faqih Akbar,https://play-lh.googleusercontent.com/a/ACg8ocJFjje1w6IK6J4plUJsKPfUtA_9D95m5puFqGjMukk0C5-4cw=mo,Sistem gachanya kikir dan tidak ada tombol skip dialog,3,0,5.3.0_29183395_29332470,2025-02-02 22:41:09,,,5.3.0_29183395_29332470
014bd1f9-ce9c-45d0-a42d-e9fe7ddc1a06,Fredy Liu,https://play-lh.googleusercontent.com/a/ACg8ocLuNFnhQn1TadODIsGMeD1mIx0VihZkbBy8t9nel8FCPqaubA=mo,"Kenapa tidak dibuat skipping soalnya terlalu terbuang battery hp buat dngearin semua ceritanya ujung2 tidak kelar2 masa mission event or karakter dan segala bentuk cerita apapun di Genshin menurutku terlalu buang2 waktu ,terbuang waktu berjam-jam ,dikiranya tidak kerja gitu tiap hari cuma daily harian buat apa dikasih event bnyk tapi buang battery hp dan waktu buat main games ini",2,1,5.3.0_29183395_29332470,2025-02-02 21:33:29,,,5.3.0_29183395_29332470
993d9357-2081-46e8-9a9b-92e030e7653c,citronya,https://play-lh.googleusercontent.com/a-/ALV-UjVSJSSdYV0utsJ1CExbT0x1CTz9IxFDxPxa-kM9cz0UKAVdWWw,woy mna cara cwok hitam berotot itu woy ak mw,1,3,,2025-02-02 21:23:03,"Terima kasih atas dukungan Anda terhadap Genshin Impact, Traveler! Kalau Anda mengalami kesulitan apa pun yang berhubungan dengan Genshin Impact, silakan hubungi kami melalui email atau feedback in-game untuk mendapatkan bantuan.",2025-02-21 16:57:58,
03183ce0-0755-41fb-bb45-72014f871382,Yukie Kyandoru,https://play-lh.googleusercontent.com/a-/ALV-UjXfzlO6MaUdj8GM_DuPAXjC8bSk03z1bNRU_bOJUkwjfGfFMJ5j,Kasih aku yang bagus hoyo 🙏,5,0,5.3.0_29183395_29332470,2025-02-02 20:11:30,,,5.3.0_29183395_29332470
023b5b7a-e1e3-4bc3-afe3-ead6bc933fac,Kevin Richardo,https://play-lh.googleusercontent.com/a-/ALV-UjWsengCMMI34ow02LwTat61gdS8HxACOjkR8uwdO7NgJrlCMCU,GAME PELIT MASAK AKU DAPAT KARAKTER AJ GK DAPET 2 GG PELIT 😡,1,2,5.3.0_29183395_29332470,2025-02-02 19:15:11,"Terima kasih atas dukungan Anda terhadap Genshin Impact, Traveler! Kalau Anda mengalami kesulitan apa pun yang berhubungan dengan Genshin Impact, silakan hubungi kami melalui email atau feedback in-game untuk mendapatkan bantuan.",2025-02-21 17:02:28,5.3.0_29183395_29332470
9e13ad48-8c65-42d3-b44a-eae9224abb40,ongky febriansyah,https://play-lh.googleusercontent.com/a-/ALV-UjXHi6Ch4YtMgMcDFJy4cNSvMSuEoT0kEczHAeDw3bGFEWLt4_IR,Menarik,5,0,5.3.0_29183395_29332470,2025-02-02 19:12:45,,,5.3.0_29183395_29332470
bb340c07-361a-4b54-b1cd-cd607ef31fa2,epin saleh,https://play-lh.googleusercontent.com/a-/ALV-UjUTQXuaRsdBxrIqeKEsbbOpV4LQdvh9YKumE22DDfYd083Nhbc,Baguss,5,0,5.3.0_29183395_29332470,2025-02-02 18:57:49,,,5.3.0_29183395_29332470
798d179f-71f2-4c1c-9bce-9ab4bfcf3f64,Azharviernes arkana,https://play-lh.googleusercontent.com/a-/ALV-UjV5FXJrzkUodqQ-E6lGXa4D99FgASyvfzMcXKCV5RZJl1ZncQ0,plis jgn Kikir,5,0,,2025-02-02 18:49:38,,,
5d4b4d4c-ca16-4c72-b670-32cf8ec9ebc2,Fachri Aditya P. I,https://play-lh.googleusercontent.com/a-/ALV-UjVpChsuto9ezNk_DGVz0PHUunS3CM-F_4dLrKveDYonu4TlGxI6,"Suka bgt apalagi banyak waifu😋😋, tapi minesnya kikir",5,0,5.3.0_29183395_29332470,2025-02-02 18:43:00,,,5.3.0_29183395_29332470
64afa019-2824-477c-ae93-5e81e0764850,M. Firdausa Ayudya Putra,https://play-lh.googleusercontent.com/a-/ALV-UjW19Nn-Vpv-UQEcajhQXSbVZR0oPEjGGYC6T9BStXivyvYoWw-q,Need optimization for exynos 1480.,4,0,5.3.0_29183395_29332470,2025-02-02 18:34:30,,,5.3.0_29183395_29332470
7c952836-3f73-414f-b18e-292d88ac9d47,Bintang putra Pratama,https://play-lh.googleusercontent.com/a-/ALV-UjXFUM-1qtkFJl1zafIxIU3IA5WC66vYpN6hZckq2Fe-If4CVOA,Kebanyakan yapping,3,0,5.3.0_29183395_29332470,2025-02-02 18:33:52,,,5.3.0_29183395_29332470
bce1ef9a-9f69-42c5-b150-dc956ecd64b7,Ali Karomallah,https://play-lh.googleusercontent.com/a-/ALV-UjWnNhvkPjVYYH8a3pBvss1_oqjYfQ1bfZGIM8l1Kf6Yxq-UdPHr,Sejauh ini genshin Impact sangat memuaskan. Saran saya agar menambahkan fitur mic saat bermain Co-op karena fitur tersebut sangat membantu,5,0,5.3.0_29183395_29332470,2025-02-02 17:58:21,,,5.3.0_29183395_29332470
8e87aca6-b127-4ef3-af57-cf5382bc5fb7,Zip Knot,https://play-lh.googleusercontent.com/a-/ALV-UjUD1pnZdTD7ketLvFAOKE1hqQg2FoQC369xv0Z1TQG0qIaH-nH-,5 tahun hadiah masih sama aja awokawok syukur gwe udah uninstall game kikir,1,14,3.5.0_13082099_13156424,2025-02-02 17:08:30,,,3.5.0_13082099_13156424
0a18fc7a-7e9e-428a-b94c-a7ab4365e97f,putra elfreda,https://play-lh.googleusercontent.com/a/ACg8ocIr7_KntDPklR6rwh-_Ryfbpch2eC-FGcO5LpYQnCOIwYnsNQ=mo,Di bahasa inggris suara karakternya hilang saya kira ini bug tapi banyak yang ngalamin juga.Tolong di fix,1,0,5.3.0_29183395_29332470,2025-02-02 16:44:50,Kami ingin memohon maaf sebesar-besarnya atas terganggunya pengalaman bermain Traveler. Silakan hubungi Layanan Pelanggan kami melalui pelaporan masukan dalam game atau email untuk mendapatkan bantuan tentang masalah ini.,2025-02-21 17:02:24,5.3.0_29183395_29332470
461a9b24-a917-4824-8887-a8a30c11033a,Ryland Diendy Syah,https://play-lh.googleusercontent.com/a-/ALV-UjVi9fIiICdWfK-v2M7ld6DCxs0UeAeBvBMgjMe8shihzCCtk78,Absolute cinema✋😶🤚,5,0,5.3.0_29183395_29332470,2025-02-02 16:37:00,,,5.3.0_29183395_29332470
943faa63-5f95-4e9d-823c-3aa4146c2caf,Ria Cintadella,https://play-lh.googleusercontent.com/a/ACg8ocJpQcolLXVmE83koqU7sUkq6heYnKjkxcgyMNsg8GVbZ82jrA=mo,Game terburuk,1,0,,2025-02-02 16:27:27,"Terima kasih atas dukungan Anda terhadap Genshin Impact, Traveler! Kalau Anda mengalami kesulitan apa pun yang berhubungan dengan Genshin Impact, silakan hubungi kami melalui email atau feedback in-game untuk mendapatkan bantuan.",2025-02-21 16:56:45,
69b8cebe-51d0-49ab-9c82-4b49206d38e0,Reno suka Semua,https://play-lh.googleusercontent.com/a/ACg8ocLhWYVYIznqlVBSF2zFOPAx8df6nIWJ5vtWZGXLh1ggzSak8Q=mo,Muantep,5,0,5.3.0_29183395_29332470,2025-02-02 16:15:58,,,5.3.0_29183395_29332470
5137fb2a-3f05-48ed-be33-db2fd8d756c0,Luthfi Lutpi,https://play-lh.googleusercontent.com/a/ACg8ocKKve1lqVVMR4Mpzai2uVww6VsvGtKxTKnWC_KuXx04itKLBw=mo,Game bagus kern bahagia menolong orangtua cerdas dan ngelek,5,0,,2025-02-02 15:58:56,,,
ce11a4bf-3508-4327-9197-da16fee367f1,Allure,https://play-lh.googleusercontent.com/a-/ALV-UjUH0WZPX7DBwChVo5L3PFGh_vRZ3WNVcW5pSCSCNe4cwXPTGwvp,kenapa gamenya kikir min,1,2,,2025-02-02 15:58:39,"Terima kasih atas dukungan Anda terhadap Genshin Impact, Traveler! Kalau Anda mengalami kesulitan apa pun yang berhubungan dengan Genshin Impact, silakan hubungi kami melalui email atau feedback in-game untuk mendapatkan bantuan.",2025-02-21 16:56:32,
ee111324-ee59-4eff-a5af-688cd7f2959f,Sat Man,https://play-lh.googleusercontent.com/a-/ALV-UjX0y6bAT3ICoECix0bffhF3rGrddNEr7Ya7IJqfhFKnrOKHaWxa,bagus banget game nya saya sangat senang dan player baik baik tidak toxic semoga gacha arlechino saya dapat dan langsung c6 🥰😊,5,0,5.3.0_29183395_29332470,2025-02-02 15:27:55,,,5.3.0_29183395_29332470
5e3b9329-c09e-48e5-91a1-9dd7a218de6a,Afun Fun,https://play-lh.googleusercontent.com/a/ACg8ocL_BBNQXgPh6nBaXvCqqot3dNijy3m6F8PhQ6feKw3bb_kP4g=mo,sangat baik,5,0,5.3.0_29183395_29332470,2025-02-02 15:05:51,,,5.3.0_29183395_29332470
79f71279-6d96-4adc-9d0d-e845aa241f43,吴飞伦Veronkristian,https://play-lh.googleusercontent.com/a-/ALV-UjVHnHTLd1qwP399usXaRixMd2BZQVomn9vLAycIxTypcMQ0FKk,"Data / memori terlalu besar, dan lama download data game nya",3,0,,2025-02-02 14:29:28,,,
f8ddafc1-0030-4460-a407-f8fe0da7cf51,Arufa Inoue,https://play-lh.googleusercontent.com/a-/ALV-UjUKx4zEelpgD-vQDGTB7GuasFHIrK9O-VwbgSAFPgx-beLoNoY,Jelek,1,0,,2025-02-02 14:09:03,"Terima kasih atas dukungan Anda terhadap Genshin Impact, Traveler! Kalau Anda mengalami kesulitan apa pun yang berhubungan dengan Genshin Impact, silakan hubungi kami melalui email atau feedback in-game untuk mendapatkan bantuan.",2025-02-21 16:58:18,
87ef6830-86a7-4b8a-8e5c-cc92fe7f08f2,Fathi Alifi,https://play-lh.googleusercontent.com/a-/ALV-UjXVFoQkE6wDN2HfSxf-TgN6ulOUVGtZ0VqV0D8egnr7krIu7cdv,"Gamenya seru banget buat dimainin, cocok dimainin pas lagi santai",5,0,5.3.0_29183395_29332470,2025-02-02 14:02:27,,,5.3.0_29183395_29332470
385ef36d-f97a-4a4b-b99f-f113213c7d78,Moonyaja,https://play-lh.googleusercontent.com/a-/ALV-UjUVAHC_bFBa_dJdesEGUDlJZiLikFJJYXfakLbQn_9ytWbRtC4,Ini mah game visual novel,2,0,5.3.0_29183395_29332470,2025-02-02 13:49:48,,,5.3.0_29183395_29332470
339fb16f-7a7e-45f6-9a62-36404bd78996,Azka Syarief,https://play-lh.googleusercontent.com/a/ACg8ocKiAc3f46H2WMVlVVeqD2zzedXqFFfQFTwa9adRql_KyMYIjw=mo,Game favorit pokoknya!,5,0,5.3.0_29183395_29332470,2025-02-02 13:45:01,,,5.3.0_29183395_29332470
cb100768-8357-4747-8f31-60f43068019c,Aldy Marasabessy,https://play-lh.googleusercontent.com/a-/ALV-UjUgJ721TAeTQ6LdVE7XNso8l-kWSqQHmB01v3KfoItKyuSvddBr,Pls jangan kikir🙏🏻🥲,5,0,5.3.0_29183395_29332470,2025-02-02 13:39:11,,,5.3.0_29183395_29332470
9140b346-9666-4403-a4d6-2d0dc1943efa,Hilmi Sani,https://play-lh.googleusercontent.com/a/ACg8ocIhdqlgZDDNYdmk72-jqoDXKFB-kWIVnEyle6KuGD3ufxpl=mo,"Lumayan lah, karna dpt karakternya lumayan sulit aku kasih bintang 4 dulu",4,1,5.3.0_29183395_29332470,2025-02-02 13:12:15,,,5.3.0_29183395_29332470
f493b435-9b1f-423a-ab52-8af6f319f768,Rakha Aqillah,https://play-lh.googleusercontent.com/a/ACg8ocIP-_NyAp-tHSiylCv0L1zpF1FcWD4WlIFfKwIpEh3kavhS_Q=mo,Ku kira hanya perlu 200+ Mb untuk mainnya tapi malah 5+ gb malahan :(,1,0,,2025-02-02 12:56:32,,,
dd77f480-6979-4a34-a85d-d507592f191a,nipo Nih,https://play-lh.googleusercontent.com/a/ACg8ocKSrl07wujAf2Y5GSQT7MLNXWPF5r-LZFuYWzC_H-KsIn47qg=mo,mantap,5,0,5.3.0_29183395_29332470,2025-02-02 12:17:37,,,5.3.0_29183395_29332470
44c4b4ae-188c-4505-ace9-a0c050bbaf7a,Labib Habal,https://play-lh.googleusercontent.com/a-/ALV-UjXVzeBxp83dDsmrEGIHGkbwn5lrjC1I-boPE1RMdDHsIsxt0Fkv,Kikir gacha susah semua,3,0,5.3.0_29183395_29332470,2025-02-02 11:45:10,,,5.3.0_29183395_29332470
d27f0d64-397a-4003-9c9e-30f748f235ba,yesterday day,https://play-lh.googleusercontent.com/a-/ALV-UjU1E5MwrmQu-60EPdG92zMIg3Vgt4n5yAXM2-4fJrlQSoqn5cjg,Story yang bagus,5,0,5.3.0_29183395_29332470,2025-02-02 11:36:25,,,5.3.0_29183395_29332470
e0b30abd-8b13-4bde-b481-8617fd02e295,Tsaqif Revada Putra 5A,https://play-lh.googleusercontent.com/a/ACg8ocJbaoswIinRYOaKl13eTWQ7ESWT9_8guvonIV3_rsrW8ZhoDA=mo,Mantap,5,0,5.3.0_29183395_29332470,2025-02-02 10:13:31,,,5.3.0_29183395_29332470
61e68800-eae6-4dbd-a92a-e4acb97b26ca,Tom,https://play-lh.googleusercontent.com/a-/ALV-UjWFXDB8O7Ady6_Qctc7W95nFkBOU40TwfZ6_a6s1ilFYEAzdxOE,"dev nya terlalu KIKIR, ga kaya dev sebelah, gaada perubahan tiap tahun nya, ada paling perubahan kecil, konten end game terlalu sedikit ga kaya sebelah, ini udah jalan 5 tahun loh masih aja lambat.",1,1,5.3.0_29183395_29332470,2025-02-02 09:28:36,"Terima kasih atas dukungan Anda terhadap Genshin Impact, Traveler! Kalau Anda mengalami kesulitan apa pun yang berhubungan dengan Genshin Impact, silakan hubungi kami melalui email atau feedback in-game untuk mendapatkan bantuan.",2025-02-21 16:53:49,5.3.0_29183395_29332470
02e4e61c-0534-4f60-a90d-12bedbda7f6f,Zaenal Abidin,https://play-lh.googleusercontent.com/a/ACg8ocJr8ThsfeZdX8xGPaCtMEeakTYD-jjM6cKHhP4mwHwIyORfUw=mo,"Sangat menarik ,",5,0,5.3.0_29183395_29332470,2025-02-02 09:18:00,,,5.3.0_29183395_29332470
137e9349-d95e-42a7-8f04-ac880598660e,Imanuel Monty Cardova,https://play-lh.googleusercontent.com/a-/ALV-UjUJsyOq-zEu2inviEQK3FSL-9Lzik42puUIrliM96DN0oxnQp09,"Game buruk dengan developer yg tidak mendengarkan suara pada playernya, beda dengan game sebelah yg dimana developer nya selalu mendengar keluhan para player",1,1,,2025-02-02 08:38:25,"Terima kasih atas dukungan Anda terhadap Genshin Impact, Traveler! Kalau Anda mengalami kesulitan apa pun yang berhubungan dengan Genshin Impact, silakan hubungi kami melalui email atau feedback in-game untuk mendapatkan bantuan.",2025-02-21 16:53:32,
051f1120-522c-4583-95bd-084ba68440a8,Chencu Gaming,https://play-lh.googleusercontent.com/a-/ALV-UjXUIZiALSFTvQ04n6Chg_doC4fTLINRHf4rP6zmFvTwK-aiSxw,Tolong bug log-in nya di benerin dong susah ini kalau mau main masa kadang bisa log-in kadang kagak mohon di benerin mihoyo kalau udah bener nanti saya kasih bintang 5 🙏🙏,2,0,,2025-02-02 08:34:23,,,
8b418aaa-f183-440c-9e4b-7eb011434ee3,Rauuf OIC,https://play-lh.googleusercontent.com/a-/ALV-UjWDaSSR2HpZhRjipvsbEmMa7lBXTCPAiaD1WJcIW0uEwDYJy7G4,Kamu Bagus ya hmm,5,0,,2025-02-02 08:28:41,,,
839b20d4-5d8f-456b-8708-c63bec1cd42a,Kevin Daffa,https://play-lh.googleusercontent.com/a/ACg8ocLJePXue8kFTiY4lTPeLzX2Hka30eVAeFye00_zvh8uq-SgDg=mo,terlalu banyak dialognyaaaa😡😡😡🤬🤬🤬🤬🤬🤬,1,0,,2025-02-02 07:37:44,"Terima kasih atas dukungan Anda terhadap Genshin Impact, Traveler! Kalau Anda mengalami kesulitan apa pun yang berhubungan dengan Genshin Impact, silakan hubungi kami melalui email atau feedback in-game untuk mendapatkan bantuan.",2025-02-21 16:52:59,
d64a2c2b-5177-4569-92c4-a28556607dc1,Rakka Rolland,https://play-lh.googleusercontent.com/a-/ALV-UjU94gArhzqPiWx9iCS1yVkT-JYpz4gRlxaKroPOXJ4qfNN9pvKM,kikir anying kalah rate off mulu,1,1,5.3.0_29183395_29332470,2025-02-02 07:08:30,"Halo, Traveler! Traveler dapat melihat aturan sistem Wish di bagian [Rincian] pada halaman Wish. Jika kamu memiliki pertanyaan tentang perincian dari aturan tersebut, silakan hubungi tim Layanan Customer Support kami melalui feedback in-game atau melalui email.",2025-02-21 16:52:19,5.3.0_29183395_29332470
ebe769d2-6488-45a7-a49d-e505511ccebc,Black Dark,https://play-lh.googleusercontent.com/a-/ALV-UjUBZDym93i9e9QfcOouepMD_PEbynek2Quvkj746FRWqNHaIvBj,Gwe main gak pernah dikasih pity rendah game ampas!,1,0,5.3.0_29183395_29332470,2025-02-02 06:53:58,"Halo, Traveler! Traveler dapat melihat aturan sistem Wish di bagian [Rincian] pada halaman Wish. Jika kamu memiliki pertanyaan tentang perincian dari aturan tersebut, silakan hubungi tim Layanan Customer Support kami melalui feedback in-game atau melalui email.",2025-02-21 16:52:29,5.3.0_29183395_29332470
d7915bda-d557-42b0-8578-85def53228d7,ERFER ZONE,https://play-lh.googleusercontent.com/a/ACg8ocKok1hpbIsJyPbgLUWbR-_9-d1m7vU9UhwmY0zNUs6z7A6k=mo,Bagus dan sangat bervariasi.,5,0,5.3.0_29183395_29332470,2025-02-02 05:52:30,,,5.3.0_29183395_29332470
d83f0f99-b9ef-48e8-804e-231bd614b059,Karina Yuuki,https://play-lh.googleusercontent.com/a-/ALV-UjXtb9-H0AAjUI28hH9DU74CXv1__JGbYoM3ebSUbYXIYN8geLQ,"Mulai bosan main game ini apalagi sistem gacha nya yang ampas banget sudah banyak topup demi gacha signature Arlechino malah kalah dapat senjata langit mana hard pity lagi hedeh, Bakal pensi sih kalau gak dapat² sudah 4 tahun± main game ini saran aku bagi pemain baru mending cari ga me lain aja, terlalu banyak drama ini game",1,10,5.3.0_29183395_29332470,2025-02-02 05:20:01,"Halo, Traveler! Traveler dapat melihat aturan sistem Permohonan di bagian [Rincian] pada halaman Permohonan. Jika kamu memiliki pertanyaan tentang perincian dari aturan tersebut, silakan hubungi tim Layanan Pelanggan kami melalui pelaporan masukan dalam game atau melalui email.",2022-11-15 20:01:28,5.3.0_29183395_29332470
3c188fad-88b9-466c-969f-2f5d45c4c37e,Bima Aji,https://play-lh.googleusercontent.com/a-/ALV-UjWKNOk9LuEDdpXvkyxmj3FICwLh0PPwRpOJS5__iwiWXR_Pk4w,"Mungkin agak jenuh hampir semua game hoyo di akunku selalu kalah rate off ah tapi yaudahlah, mungkin emang waktunya berhenti buang buang waktudan uang, dan untuk kalian yang bekerja atau menghasilkan lewat game ini semangat, saya akan mengurangi bermain game ini yah terlalu mempermainkan sistem gacha see you",3,0,5.3.0_29183395_29332470,2025-02-02 05:13:11,,,5.3.0_29183395_29332470
41645a16-b06e-4e94-8810-b859ee629849,Deddy jr,https://play-lh.googleusercontent.com/a-/ALV-UjURUOoXW-1bSilLQI9mEzyJXSdWW7N0NNjLwgc2F96rZihgu9AS,"Quest 9 pilar kenapa gak bisa dilanjutkan lagi ya hoyo? Padahal tinggal 2 bola lagi, udah terkumpul eh, gak bisa dibuka pilarnya",5,0,5.3.0_29183395_29332470,2025-02-02 01:31:51,,,5.3.0_29183395_29332470
b7ccd20e-a941-4cf1-8b1c-6ebeb7e92ba1,Tord Van,https://play-lh.googleusercontent.com/a-/ALV-UjWyFbY2S8k7JMB34OJEgq7YZ2LpB0YwcYGIVYEKVH7RCUkB0c8,Nice,5,0,5.3.0_29183395_29332470,2025-02-01 23:29:48,,,5.3.0_29183395_29332470
e0219716-962b-4282-8b13-b31899c4c0da,Sorum Styl,https://play-lh.googleusercontent.com/a/ACg8ocJdwvTypwdzHBbvC3KXrYNsBMOs63r3lCzDVIc-I6Y2zZwl6A=mo,Kurang stabil di perangkat,3,0,,2025-02-01 23:09:33,,,
2dd62fb3-d969-4f9c-84b6-2b70090fabd3,Fitrah Januar,https://play-lh.googleusercontent.com/a/ACg8ocJ1gefygj9aB_BMIsP6DkzwwWttpGrLu6Eqjpp6LCV4xNgVtA=mo,Mantap,5,0,5.3.0_29183395_29332470,2025-02-01 23:08:56,,,5.3.0_29183395_29332470
c8200285-8bae-4315-a93f-2e2d0a8b7f29,selviaa,https://play-lh.googleusercontent.com/a-/ALV-UjVxWlahR5YbRpwEYf8hp2kPOwuUfE32bK_GUo6Gi0evuGyhyeRj,bang hoyo... adain fitur hapus chat yang dikirim gitu dong...,5,0,5.3.0_29183395_29332470,2025-02-01 22:48:01,,,5.3.0_29183395_29332470
1c6fcb41-bb94-4b98-94a6-2ddd5f221915,Name_,https://play-lh.googleusercontent.com/a-/ALV-UjVXexxpnoHslKJ0KO3BTpX_qEcWxR4xeHxFtsy5Spw3V6fGYdFt,"dari segi gameplay dan story bagus bgt,, cma.. sistem gacha nya ampas bgt, saya hampir ngga pernah menang rate off, dan cma pernah menang 2x saja. itupun high pity. tolong lah Hoyo, sistem gacha nya kok kyk gini sih, bukan cma gacha karakter atau senjata, tapi gacha artefak juga sama, sama-sama sampah dan ampas bgt. desain karakter juga akhir-akhir ini mengecewakan, reward event juga cma sedikit bagi saya yg F2p ini. sekali-kali aja dengerin player mu ini😓🙏",3,5,5.3.0_29183395_29332470,2025-02-01 22:46:03,,,5.3.0_29183395_29332470
9533f34d-6ac9-4c25-9b6d-2457bf984a76,alvin ria sanchia,https://play-lh.googleusercontent.com/a-/ALV-UjUqMXUoge8QT0VTZ6YXnvfrPfhXyeOK7F51W9squxf0ID-NvXLJ,"Keren abizz, GAME GACHA TERBAIK",5,0,5.3.0_29183395_29332470,2025-02-01 22:43:45,,,5.3.0_29183395_29332470
ece8567a-baf0-4d7b-b9f5-66034b6f803a,Faith Ibrahim,https://play-lh.googleusercontent.com/a-/ALV-UjXvp8hdALgmJGWyq9PVic7qCa4fYs3X1BeuxYpgmIp2fa2ggWU,Bisa menghibur di jam kosong,5,0,5.3.0_29183395_29332470,2025-02-01 22:42:34,,,5.3.0_29183395_29332470
23f3fc2e-8a79-4504-8828-1dfb5eed4142,Suci Wulandari,https://play-lh.googleusercontent.com/a-/ALV-UjXgeubXebAeEfZ8wUJIqksS-rBeuxjsRGUXwxoVlASj2pdOCx-m,"ayo dong dev, sekali kali dengerin player, bukannya mau ngehina player cowo, tapi emang kebanyakan karakter sekarang dibuat fanservice. karakter cowo dikit, eksplorasi kurang, tapi giliran karakter cewe² nambah terus, karena game sebelah naik daun ya jangan ngaruhin game yang ini juga lah. kerasa banget bedanya sama era mondo dan liyue dulu, kebanting jauh cuma demi fanservice seabrek yang ga guna, be fr hoyo, the bills cant be this high.",1,1,,2025-02-01 22:26:55,"Terima kasih atas dukungan Traveler terhadap Genshin Impact. Kami menerima secara terbuka semua masukan/umpan balik dari kalian. Jika Traveler memiliki saran atau masukan, jangan ragu untuk menghubungi kami melalui feedback in-game atau email.",2025-02-21 16:51:15,
aacd1726-ab9e-455f-bb13-a57a9e671216,DAV,https://play-lh.googleusercontent.com/a-/ALV-UjVunvmh3N3mc6K4_glUSn0ekWFVCmfd95KU-l1-0DJ400j8ADqgLg,"game pelit dan saya gapernah hoki di game ini, entah knp, tmen saya win rate off 5x sedangkan saya hard pity dan kalah 50/50 padahal saya sering expkore dan sering main game ini hampir setiap hari, tolong hoyo kalau begini susah udh endgame, ga ada sumber primo lgii menurut sy tambahin lg sumber primonyaa, capek kalah rate off, sm di banner senjata tolong di pisah bannernya, kayak di hsr..",1,1,5.3.0_29183395_29332470,2025-02-01 21:39:55,"Halo, Traveler! Traveler dapat melihat aturan sistem Wish di bagian [Rincian] pada halaman Wish. Jika kamu memiliki pertanyaan tentang perincian dari aturan tersebut, silakan hubungi tim Layanan Customer Support kami melalui feedback in-game atau melalui email.",2025-02-21 16:46:53,5.3.0_29183395_29332470
51986d3a-af25-46d5-8d4e-ba77a034aa94,Irwan Pala,https://play-lh.googleusercontent.com/a/ACg8ocJzY7mDJXJNQGEFAE5tLzMNaiII2DhliWZHVBxj_onAnCEfoQ=mo,Semoga aku bisa dapet karakter bagus b5,5,0,,2025-02-01 21:25:53,,,
9904ba92-7b2e-43ae-ba5f-835e113df2d4,Juanda Juanda,https://play-lh.googleusercontent.com/a/ACg8ocKlyy9DnLmR_MGPmWqbzQ5LO8adc9vEih7efoGZG6rWEMMTvw=mo,Lag,1,0,,2025-02-01 21:07:41,,,
7ec76245-585e-4b94-b49c-b37b746aba3a,Vell Lawalata,https://play-lh.googleusercontent.com/a-/ALV-UjVcRy9CGTeKYclcj3oOTuemQZfDQItKIMIQNEWqklpXmB6UdkOg9g,Gamenya bagus aku udah main 2 tahun nggak ada masalah sama sekali.,5,0,5.3.0_29183395_29332470,2025-02-01 20:59:37,,,5.3.0_29183395_29332470
efa98217-ac1f-4a17-bf06-fb0e3d13d388,Ihsan Ahmad Hidayat,https://play-lh.googleusercontent.com/a-/ALV-UjX6Gq4Poh6hEDhb3TvDuJIVCdgE3XX8VnZpYRo49F2Wu-13yhM,Game inspiratif,5,0,,2025-02-01 20:55:16,,,
36027709-3f0c-49b4-a668-43164ddee930,Putri Maulidiyah,https://play-lh.googleusercontent.com/a-/ALV-UjVuqGkDdRVmi2P8QHKFKMtVBb9y9_1j5AvT3uSEYUAGa3YC_CKf,"gim kikir, karakter laki laki berkurang, makin keliatan memuja incel, desain character juga makin aneh",1,6,5.3.0_29183395_29332470,2025-02-01 20:05:07,,,5.3.0_29183395_29332470
5aaabec9-219e-4843-ac33-aea54c81d9fc,Yunita Melati,https://play-lh.googleusercontent.com/a-/ALV-UjUJI3nB0SImpdXT0wjSPrf3v37s08z7w4jgV3F7cFMuLMcwqWsz,AKU HOKI AHAHAHAHAHA,5,0,5.3.0_29183395_29332470,2025-02-01 19:45:08,,,5.3.0_29183395_29332470
9b928e13-ce4f-4dcd-ab71-161eb48fbdeb,Zahra Nurul Sabila,https://play-lh.googleusercontent.com/a-/ALV-UjUspnzjBRJCKAPkC3YmNt9VFcevC-eMrn140CkRWub-DuWS0FK6,saran jangan kikir aja sie,5,0,,2025-02-01 19:24:26,,,
a9c426a6-320b-461f-976e-148b4a28c5cb,Amicael turnip,https://play-lh.googleusercontent.com/a/ACg8ocIAYGOmUSRjA5esngIQiEEEcDTcDfSbJ5u6rHxL6H49_0kpVQ=mo,Game gw ngebug gak bisa login,2,0,,2025-02-01 19:21:08,,,
f7bcba0a-b31b-4ae9-ba82-0757b42f5436,Kurang Turu,https://play-lh.googleusercontent.com/a-/ALV-UjXvAkurr1acG8aW6ZK3hXpYon1AYbWvKLppH52g3Ws-SxVqeiV4,Maafkan saya,5,0,5.3.0_29183395_29332470,2025-02-01 19:16:20,"Kami mohon maaf atas permasalahan ini, Traveler. Silakan hubungi kami melalui email atau feedback in-game untuk mendapatkan bantuan lebih lanjut tentang masalah ini.",2024-07-30 16:04:32,5.3.0_29183395_29332470
e212cd51-77f5-4fec-8a42-efca7a5fbbd2,FHATIR SABRILAH,https://play-lh.googleusercontent.com/a-/ALV-UjVKv8yjgnjdw69urYggUKP-tSuVI2dGWClaayFgj5w-fjnmfNZh,"Game kikir,udah pity 150 masih belum dapet padahal rate on",1,0,,2025-02-01 18:54:32,"Halo, Traveler! Traveler dapat melihat aturan sistem Wish di bagian [Rincian] pada halaman Wish. Jika kamu memiliki pertanyaan tentang perincian dari aturan tersebut, silakan hubungi tim Layanan Customer Support kami melalui feedback in-game atau melalui email.",2025-02-21 16:41:56,
2a63b49c-1b2d-431c-80c4-7a5706e62d46,Herdi Alfian,https://play-lh.googleusercontent.com/a-/ALV-UjVdact0VvcvIol-MFzV09mg5wU1TZ-qyUyN7N1Zb4_Oql2gzjo,Excellent,5,0,5.3.0_29183395_29332470,2025-02-01 18:53:04,,,5.3.0_29183395_29332470
164aeb79-f6e7-4925-ad43-b43d1910304a,Daffa rajendra syahputra,https://play-lh.googleusercontent.com/a-/ALV-UjVvlyR9QQrflMXWYP4wu4ooiGPAkXzenjyRi-FAEwbzbFuuY-8,Game nya sangat bagus apalagi alur ceritanya tapi tolong dong memorinya diperkecil lagi biar pengguna HP bisa bermain dengan baik dan lancar,5,0,5.3.0_29183395_29332470,2025-02-01 18:32:30,,,5.3.0_29183395_29332470
61ddf324-07ca-4c37-b106-35f3f0de2d2c,Silla Sabiya,https://play-lh.googleusercontent.com/a-/ALV-UjUuNRb8_Y8WTRPqd36mjlKToYpjTbwOzzOQkDFD9mM3O-0zx3Ha,"WANDERER GANTENG BANGET SUMPAH, SEMOGA SUATU SAAT JADI PACAR GUA",5,0,5.3.0_29183395_29332470,2025-02-01 18:15:28,,,5.3.0_29183395_29332470
f9f8789a-9e63-4da3-b1f3-467f56892555,Edi Saputro,https://play-lh.googleusercontent.com/a-/ALV-UjWuRK6xRzqB6QdnbYolaErcKklCHSVvlpjz2u8IeRNlKkMjJiLE,ceritanya ga bisa di skip. ngebosenin,1,4,5.3.0_29183395_29332470,2025-02-01 18:13:51,"Terima kasih atas dukungan Anda terhadap Genshin Impact, Traveler! Kalau Anda mengalami kesulitan apa pun yang berhubungan dengan Genshin Impact, silakan hubungi kami melalui email atau feedback in-game untuk mendapatkan bantuan.",2025-02-21 16:45:40,5.3.0_29183395_29332470
8f21fcb2-1e03-4732-b0e7-e47d80b38831,Helmi ftw,https://play-lh.googleusercontent.com/a-/ALV-UjVt-mMYpB56XfsVbBpUJnu3nbE8sS-zftc9jfXeHoDiKYqnvRPP,"Bagus, tapi bisa lebih baik. Ayolah Hoyoverse, saya yakin anda mampu untuk memberikan QoL yang jauh jauh lebih baik dari apa yang kita dapatkan sekarang. Saya akan kesampingkan story, karna dari segi story sebenernya not bad, tapi cara anda mempresentasikan storynya yang sangat boring. Memberikan kemudahan eksplorasi, tapi lewat karakter limited? Itu bukan QoL. Do better Hoyoverse. Anda bisa, tapi anda tidak pernah mau mengimplementasikan QoL yang memang benar benar QoL",3,5,3.5.0_13082099_13156424,2025-02-01 18:10:36,"Terima kasih atas dukungan dan perhatian kalian kepada Genshin Impact. Kami akan terus memberikan konten game berkualitas kepada Traveler. Bila Traveler menemui masalah selama bertualang di Teyvat, Traveler bisa memberikan masukan di dalam game untuk menghubungi kami kapan saja.",2022-12-15 20:55:30,3.5.0_13082099_13156424
a03c13b9-5563-48b3-b764-76a135771322,Saiba Midori,https://play-lh.googleusercontent.com/a-/ALV-UjVXQhut7ywCV3ijc1ztmO4uP45G1H8_IP9tM-Go9jaLH6Xx8Sg,"Ringanin lagi pliss, gamenya terlalu berat bagi hp saya, kalo yg dihp satunya malah tidak kompatibel",3,0,5.3.0_29183395_29332470,2025-02-01 17:37:50,,,5.3.0_29183395_29332470
a2a45d7b-48c5-4f64-8d40-89ebaa559481,Ahzan,https://play-lh.googleusercontent.com/a/ACg8ocID6WUCD-iNzg8NzORC5D88XkKok6UXEgXZ2zoXOAao9wUDlw=mo,"Baru comeback,ehh malah akunnya reset ar 1 gimana ini hadehh",1,0,4.0.0_16983586_17100363,2025-02-01 17:20:57,Mohon maaf sebesar-besarnya atas terganggunya pengalaman bermain Traveler. Silakan hubungi Layanan Pelanggan kami melalui email untuk mendapatkan bantuan terperinci mengenai masalah ini.,2025-02-21 16:45:22,4.0.0_16983586_17100363
2b02bbd2-ad9a-4b05-bae6-97c1db8a8816,Ela Komala,https://play-lh.googleusercontent.com/a/ACg8ocKoVSGZALKwaDeUnR-bGRJuavS7ELxmz7AC_cb5EcWfocQV5w=mo,Saya suka,5,0,,2025-02-01 17:18:31,,,
efa3b809-12cd-440d-a78c-66edc2f58c7a,Azzamsyah Fazzila,https://play-lh.googleusercontent.com/a-/ALV-UjVWo890bM2cXprX14RR5BU3m9qVRWN2F0iHliIJR8atXpR-WXGp,"dah dpt dua' nya dehh~~, next furimax 😚😚",5,0,5.3.0_29183395_29332470,2025-02-01 16:43:27,,,5.3.0_29183395_29332470
534fb9a3-083a-44ee-a4ec-dcc1a5c44461,Ventus,https://play-lh.googleusercontent.com/a-/ALV-UjX1_I16elbzPp6ZQdkMoNmMrKj9lnaSxAAfUTC8pD5PbJbw4co,"HardPitty mulu system gachanya tidak sehat, Hapus system Rate On & off atau enga minimal Kurangi Pitty tinggi+tambahkan lagi reward primogem nya di tiap story dan diperbanyak lagi jumlah primogem nya di tiap Chest. Dikira enak cari PRIMOGEM",1,12,5.3.0_29183395_29332470,2025-02-01 16:12:10,"Halo, Traveler! Traveler dapat melihat aturan sistem Wish di bagian [Rincian] pada halaman Wish. Jika kamu memiliki pertanyaan tentang perincian dari aturan tersebut, silakan hubungi tim Layanan Customer Support kami melalui feedback in-game atau melalui email.",2024-08-15 17:36:23,5.3.0_29183395_29332470
2a5f616b-d6b4-4745-a977-91834c42f7b7,YOUTUBE BOYS,https://play-lh.googleusercontent.com/a-/ALV-UjW1j_Rf_jZltuDUHtZD12QGJD9vsFo-h3jbm84GQVjP6LRLyPQ,"Gak bagus, hd rendah, nonn",1,0,5.3.0_29183395_29332470,2025-02-01 16:00:12,"Terima kasih atas dukungan Anda terhadap Genshin Impact, Traveler! Kalau Anda mengalami kesulitan apa pun yang berhubungan dengan Genshin Impact, silakan hubungi kami melalui email atau feedback in-game untuk mendapatkan bantuan.",2025-02-21 16:37:19,5.3.0_29183395_29332470
09e0ee91-e01e-4cbd-bca3-e5776811a9e7,Dedi Firmansyah,https://play-lh.googleusercontent.com/a-/ALV-UjXXc1Odu4QDiXLV1CLMv-aSnVZaBY7CraOBUU0PTjECVs-8VZ8,Masak ulang misinya jauh kali. Padahal keluar sebentar aj,1,0,5.3.0_29183395_29332470,2025-02-01 15:53:31,"Kami mohon maaf atas permasalahan ini, Traveler. Silakan hubungi kami melalui email atau feedback in-game untuk mendapatkan bantuan lebih lanjut tentang masalah ini.",2025-02-21 16:41:22,5.3.0_29183395_29332470
1d58be4d-6834-4329-8875-fc20814747f9,appw,https://play-lh.googleusercontent.com/a-/ALV-UjUzVaoRghk9Tit524nrR6lPHRHBALXcYCoccY4Ymrv_upS5i7U,"game kikir, banyak fanservice, karakter lelaki dikurangin, story makin jelek, udah ga relevant ketawan banget nih target playernya siapa",3,0,,2025-02-01 15:47:47,,,
b4f4ac60-ca4c-4df6-b009-e9e7e7f5f128,Nicklaus Wilber,https://play-lh.googleusercontent.com/a/ACg8ocK3m4HAU8DvFvZlbbVP8-aBFWxOa2ZI8yBXtgJTCQU75NTWww=mo,Gamenya sih bagus tidak ada bug atau selainnya tapi bagi para pemula plis risortnya sedikit seperti artefak item untuk upgrade level karakter susah butuh bantuan temen tapi kalau mau dibantu teman harus rank advanture 16 mohon dibaca ioyoverse/ pembuat genshin,5,13,5.3.0_29183395_29332470,2025-02-01 15:47:20,,,5.3.0_29183395_29332470
a980b34e-bbb5-40dc-8bc0-b5e7b8ec3ef0,yudha gunawan,https://play-lh.googleusercontent.com/a/ACg8ocKFe24IqtwCEeUuHTPlAox5TWy5pLADIAb2f0s7_Z87RxQV8A=mo,Plis dub inggrisnya diganti aja .atau tambal pakai dubing jepang . Sekalian aja bahasa deflaut jpn . Males main story tapi karakter bisu nutupin mata dan nyuruh nebak ini siapa ? . Gw jawab aja zhongli ternyata hutao,3,0,,2025-02-01 15:15:28,,,
8da3207e-1299-4266-b657-32721c40276a,Achda Pranata,https://play-lh.googleusercontent.com/a-/ALV-UjXinLqA1SDZixulwuDAiR9yvbWEYq5WmbrThP5RC6u4wHV20G6w,Great,5,0,5.3.0_29183395_29332470,2025-02-01 14:53:46,,,5.3.0_29183395_29332470
802efb54-cb6b-4b7e-ba82-8348e3c91f1c,Gibran Alfarizi,https://play-lh.googleusercontent.com/a/ACg8ocKp0yhJN5Xauucq6Ku4MezCXpu9msZ5F5mPh6wfQ9yTAXTYGA=mo,Game with good graphics and I love this!!!,5,0,,2025-02-01 14:43:25,,,
07bc9db8-18ca-4746-82c5-c834b726360d,Muh Ridwan,https://play-lh.googleusercontent.com/a/ACg8ocI_LY2C3UW650Qxhjcu3bWOjlfcQzcKRpOpo-16CHUKnDU=mo,GOONER GAME,2,0,2.1.0_3981765_4073622,2025-02-01 14:34:55,,,2.1.0_3981765_4073622
08d32dec-8dd7-4521-a5a8-dd14e1b23747,Zurumi Hikaru,https://play-lh.googleusercontent.com/a-/ALV-UjULEpplubs3c0wpSX63CroJEtee5zMF5GVDI_jn-CX8eC9NEHXZ,Game bagus dan belum ada yg setara dengan ini,5,0,5.3.0_29183395_29332470,2025-02-01 13:52:05,,,5.3.0_29183395_29332470
132703aa-ad0e-4199-93a2-c5d06a44e988,ridhwan nur,https://play-lh.googleusercontent.com/a-/ALV-UjX4XjPaTirtU1ciCiJHiNG6UjUzUUi2F9M5MYWycnIpzpJRdqcc,"Kurangi dialognya, masa game eksplorasi kebanyakan dialog sihh bikin males tau Kalo gak gitu kasih aja tombol skip",3,0,5.3.0_29183395_29332470,2025-02-01 13:49:54,,,5.3.0_29183395_29332470
1a7f8034-4bba-403e-b7b3-82c778760295,Inu Janai,https://play-lh.googleusercontent.com/a/ACg8ocI3u_iuKMYK8v4XPNny6cu8TpkFTFqvtJ8FWaXaz06zOTXogA=mo,"Udh main kurang lebih 4 tahun, event didaur ulang, explore dipersulit, tools se adanya, hadiah pun dicicil wkwk, dah lah ijin pensi ya",1,2,,2025-02-01 13:43:57,"Terima kasih atas dukungan Anda terhadap Genshin Impact, Traveler! Kalau Anda mengalami kesulitan apa pun yang berhubungan dengan Genshin Impact, silakan hubungi kami melalui email atau feedback in-game untuk mendapatkan bantuan.",2025-02-21 16:43:23,
e1ac72a9-b846-45a6-99da-1ec99dd1d3db,Kahfi Alfaris,https://play-lh.googleusercontent.com/a-/ALV-UjWRqyD4BysdkwOFPwe3qDJ9RpctvETswppRfqJiNg6SDnbtTx-y,Bagus,5,0,,2025-02-01 13:29:51,,,
82f16878-b4a4-4a75-8082-4e691534cca9,AM GAME,https://play-lh.googleusercontent.com/a-/ALV-UjX6FrJ6B8QQrDobRcbMdym2l-4XyODbjR_QN5u6j0aRPPqMzGs,bug login benerin dulu,1,0,,2025-02-01 12:48:20,Mohon maaf sebesar-besarnya atas terganggunya pengalaman bermain Traveler. Silakan hubungi Layanan Pelanggan kami melalui email untuk mendapatkan bantuan terperinci mengenai masalah ini.,2025-02-21 16:37:03,
9c14949f-bf78-4642-b8ba-dd542b006ede,Filipha Silalahi,https://play-lh.googleusercontent.com/a-/ALV-UjVQxXKujsrJTBnNkwJvXV_GQ6SfqhrZvIcWDIWMk1iNQPKF5lA,Ahh.. semenjak versi 5.0 game ny tambah bagus dan gahca ny gk kikir lagi. Mksh hoyo😋🙏,5,0,5.3.0_29183395_29332470,2025-02-01 12:40:40,,,5.3.0_29183395_29332470
e6c81db3-3e74-4565-bd59-38c85e5a2093,Vino Makye,https://play-lh.googleusercontent.com/a/ACg8ocLLNCoGzrUirJcZLMQxs8661vx2iOKkaYt-gIfoCw8kUSzQOQ=mo,Tolonglah penyimpanan nya di turunin dikit ngapa jadi 20GB kek kasihan buat hp yg kentang ga bisa main,3,0,,2025-02-01 12:22:39,,,
8635e750-0998-4ba7-8e6b-f7867af5dfd1,YAZID NOORSYA'BANI,https://play-lh.googleusercontent.com/a-/ALV-UjVS-bnA_T1OPdgYH6z9MN7P1WlNYy40M3L1XX8gjjIvQ-hIMCPY,Mantav cuk gk pelit.,5,0,,2025-02-01 12:11:26,,,
3d46babc-f702-4f7b-9b51-d28e1518dd7e,Fan,https://play-lh.googleusercontent.com/a-/ALV-UjWMDce-WtAdgwwFN65jorkPjQ9B9adNVDgwyGGqph8XoO99a-BX,Quest panjang hadiahnya ga sepadan.,1,1,,2025-02-01 12:05:54,"Terima kasih atas dukungan Anda terhadap Genshin Impact, Traveler! Kalau Anda mengalami kesulitan apa pun yang berhubungan dengan Genshin Impact, silakan hubungi kami melalui email atau feedback in-game untuk mendapatkan bantuan.",2025-02-21 16:34:51,
24f524a3-2269-4b9c-9ded-85e4417822f3,Kurniawan Suwarjono,https://play-lh.googleusercontent.com/a-/ALV-UjU_ZtM7o2VbEx6HpSHB8BrFGnZjAozKxUQTtOYfuEIxiSyA6SkfuA,Gim aneh kikir buatan sipit bikinnya sambil merem,1,1,5.3.0_29183395_29332470,2025-02-01 11:56:18,,,5.3.0_29183395_29332470
e03a8b92-e360-4f6f-a0dd-792812c2974e,Syalendra Kasim,https://play-lh.googleusercontent.com/a-/ALV-UjUJInQLQv47SD5MiZLTsZXv4UuzCGAZ9qN4QV_VWtCFgpX7k9I,KALO NGGAK DAPET CLORINDE AMA ARLE GW BINTANG 1 IN. INI PERINGATAN PERTAMA.,5,0,5.3.0_29183395_29332470,2025-02-01 11:47:34,,,5.3.0_29183395_29332470
0ab8e612-cb14-4d80-a5ac-7f3632ecfacd,Tinawati,https://play-lh.googleusercontent.com/a-/ALV-UjUtBi4VhOZnWKpWAxmUw5r-G8eksm5x5ZpecNM0Quehk9sX_pvQTQ,Grafik bagus,5,0,,2025-02-01 11:28:33,,,
ce2430e9-b280-4a63-b228-be078b28c066,Chinese Teacher,https://play-lh.googleusercontent.com/a/ACg8ocIYJZbzmYIB73d5ZzVH1fXNMWzUyhtpYJ8yx1TvPjd6mdA_xg=mo,Game anime terbaik,5,0,,2025-02-01 10:33:04,,,
26e1b09b-0407-48ec-a1f2-fef54af04f2b,Ruwadi Budiman,https://play-lh.googleusercontent.com/a/ACg8ocIH5tp6zsbXgPy0BATIL0dZfAfKrRf1CVI1OnSJmueasQMIpg=mo,Lancarkan semua situs,5,0,,2025-02-01 10:23:37,,,
859db8bd-3946-49d8-a005-8f6986a0d714,Yarr,https://play-lh.googleusercontent.com/a-/ALV-UjW4CpNZWlEanMA5TCKIb51jIPTVcVwRBrNyIKHZSIJLfAZARTum,top 1 game fav gw,5,0,5.3.0_29183395_29332470,2025-02-01 10:19:04,,,5.3.0_29183395_29332470
0ffc66c2-8fd8-4f8e-b285-daef619b600d,Andri List,https://play-lh.googleusercontent.com/a-/ALV-UjXoe5b4qYx6FgLTXU39gxZtNDh5SoARo5A5pC4JL-Gjh0rdznE8,"Sistem gacha paling konyol di game gacha, bener signature scam lucu lucu",1,6,5.3.0_29183395_29332470,2025-02-01 09:15:55,,,5.3.0_29183395_29332470
58a6b1ef-83c0-4c53-bdcc-2066393d8de6,Muhammad Munawir,https://play-lh.googleusercontent.com/a-/ALV-UjUDSRPlA_2Mw4K83GOY2RDsMIRuqa72O6vhj2eEex-vaoqHvK0,Game nya terlalu kikir tapi game nya seru sih tolonglah sistem gacha b5 lebih mudah didapatkan,5,0,,2025-02-01 08:15:17,,,
c3d51153-202e-45bb-90c4-87456e77143f,Rinn,https://play-lh.googleusercontent.com/a-/ALV-UjUXhnT73D6TjIeQtNX2TXi6L2hg5hKDsOkv4KC5dhkUThosX-gG,"Good game, btw tunggu aku ganti HP baru ya xiao..biar enak kalau sing sing sing😭😃.",5,0,,2025-02-01 06:32:39,,,
a480e147-3b1f-4eae-9dc8-3ddde4871419,Kamu Siapa,https://play-lh.googleusercontent.com/a/ACg8ocKic9wMJm87cxtJ0G_MOiL5hrVJQXoeEM-vvCcs9Ej9YAko-A=mo,Game bacot capek klik² layar buat dialog mending main wuturing wave ada tombol skip,1,2,3.4.0_12498014_12591909,2025-02-01 06:21:55,"Terima kasih atas dukungan Anda terhadap Genshin Impact, Traveler! Kalau Anda mengalami kesulitan apa pun yang berhubungan dengan Genshin Impact, silakan hubungi kami melalui email atau feedback in-game untuk mendapatkan bantuan.",2025-02-21 16:30:58,3.4.0_12498014_12591909
d45f1b19-7578-40eb-aaef-1872e5006417,Solihin Purnama,https://play-lh.googleusercontent.com/a/ACg8ocKxVgDPd58-CAXiW880cwo8AbBhEz5Uep6fArH3OKjYEfaj8Q=mo,Coba adain fitur skip...jangan dikit2 ngobrol dikit2 ngobrol...,2,1,4.5.0_21307647_21321795,2025-02-01 05:45:29,,,4.5.0_21307647_21321795
00f8e617-7960-4c5d-b243-34f6f8fdaca2,Zaidan Ahza,https://play-lh.googleusercontent.com/a-/ALV-UjWKHIL8QqD8I8c72DBan1W79hsrG6Gymvqms221r48-0HOxD24,mantap mantap,5,0,5.3.0_29183395_29332470,2025-02-01 05:39:28,,,5.3.0_29183395_29332470
d0fb4f8b-0f91-4816-ac67-f35c9caac877,Toni Jack,https://play-lh.googleusercontent.com/a-/ALV-UjWlCvSeG9H_dD6OtNHt1RJKTYC6EsJutdp7RnwuBbYfAGGxAOY,"Game kikir kasih bansos aja sedikit sedikit gameplay kaku, story nggak jelas, nggak ada fitur skip story nggak kayak yg lain sistem gacha jelek grafik biasa aja",1,0,5.3.0_29183395_29332470,2025-02-01 04:25:22,"Terima kasih atas dukungan Anda terhadap Genshin Impact, Traveler! Kalau Anda mengalami kesulitan apa pun yang berhubungan dengan Genshin Impact, silakan hubungi kami melalui email atau feedback in-game untuk mendapatkan bantuan.",2025-02-21 16:35:11,5.3.0_29183395_29332470
7f7f3951-37d6-4ff2-a9f0-116bec1e9d0f,Heni Ermawati,https://play-lh.googleusercontent.com/a-/ALV-UjX1wBy5Fg7ELrS33gTlfA8ETU2hGNeARa1dqk3gxqEku5VZvB1q,Bagus game nya tapi hp saya patah²🗿,5,0,,2025-02-01 03:44:40,,,
b52e63ac-dbb6-44d7-a2d4-127c98be0465,Ditya Winantara,https://play-lh.googleusercontent.com/a/ACg8ocKYOJlciKpmLA8wUz3XD9uCYu-MFR9oKp3b33SLwJO3d9c8wQ=mo,Grafisnya bagus,5,0,5.3.0_29183395_29332470,2025-02-01 03:15:12,,,5.3.0_29183395_29332470
ed273a34-ed18-4b6d-9f4c-189faafbdfe3,julian hafiedz,https://play-lh.googleusercontent.com/a/ACg8ocKL9FGNHeEpf03Fal2Y8_W87E9DrJTKS6XVgV9xUCbWelG8Qw=mo,Jadi ketagihan,5,1,5.3.0_29183395_29332470,2025-02-01 00:51:33,,,5.3.0_29183395_29332470
ee4c7ff9-cfa1-425c-a700-7afb3a1f1e76,Ila Syafiq,https://play-lh.googleusercontent.com/a/ACg8ocLKJd98LHCUL7lKq-5y-VsS4oa3dgWYxlDjOX_fMZbymtagew=mo,banyakin Primo nya,5,0,5.3.0_29183395_29332470,2025-02-01 00:47:37,,,5.3.0_29183395_29332470
e615383e-299e-4ab3-b706-2ba03c22ec80,jonathan mantiri,https://play-lh.googleusercontent.com/a-/ALV-UjWhBqS2xC6HXGvuTIy2hhGHe5k3KyUxkn2Gr7kgZw3rUr6HS2N1,Game nya kebanyakan ngobrol,2,0,3.7.0_14806628_14807925,2025-01-31 23:56:52,,,3.7.0_14806628_14807925
15ab9c0a-9b19-4445-b076-e426ab93c6d5,Mobile TikTok,https://play-lh.googleusercontent.com/a-/ALV-UjWo_X7SIgF-K5FzFjNcQE1d21nk1KdI_FEz9NZSQyx6HGUtgCOg,帮助我们，Mihoyo，发布适当的任务和太少的 Primogem 更新，这样我们就可以跳过无意义的对话,1,1,5.3.0_29183395_29332470,2025-01-31 23:56:06,,,5.3.0_29183395_29332470
4aaa3e4e-0ce4-4bf8-93f0-c3d5183973f1,Asep Supriatnaaa,https://play-lh.googleusercontent.com/a-/ALV-UjUsi3nr9UUlW_TZp2qXZ3mlryke4g1UVwL3wE0giRU0wOGWSgsv,"semoga kedepannya ada skip pas dialog dong min,ini dialog nya pendek terus main lagi enak kan lah ini panjang dialog nya ngga bisa diskip pula jadi kurang menikmati,jadi saya harap ada skip dialog update nanti 🙏",4,0,,2025-01-31 23:45:31,,,
d14cbb86-92ba-40f1-ba45-fca797fef87d,Muhammad Azka Fadilah,https://play-lh.googleusercontent.com/a/ACg8ocK0b4hatFfLNt6RnxaSoGTJ80VgbvlGr5MIn0nNnlaxLDYWlQ=mo,"bagus sihh,tapi ya kalau hp nya kurang mumpuni ya pasti patah² sih,soalnya hp sya juga gitu,patah² tpi masih bisa main kok,semoga aja sih ga usah download² data yng bkin penyimpanan jadi berkurang.nice Hoyoverse.",5,0,,2025-01-31 22:58:20,,,
256d1f22-f341-4d0f-82f6-503df9ffd8dc,Doni Muhammad,https://play-lh.googleusercontent.com/a/ACg8ocIh2TI1lbMoECguLWi18OxiKJpfcIx1PgH3Xk2WO2Fubypwpw=mo,B ja,5,0,5.3.0_29183395_29332470,2025-01-31 22:55:05,,,5.3.0_29183395_29332470
9ff14827-3d5c-48f0-b8cc-8c5bafaa83fb,Izami Oriki,https://play-lh.googleusercontent.com/a-/ALV-UjUI-9hUHA96smaxqnxelT8xns8Nz-NbwFv0EWmLPYFpkm_MPulQ,"Event ny makin aneh aja, rasio karakter nya jomplang banget dari berbagai gender",1,2,,2025-01-31 22:43:58,"Terima kasih atas dukungan Anda terhadap Genshin Impact, Traveler! Kalau Anda mengalami kesulitan apa pun yang berhubungan dengan Genshin Impact, silakan hubungi kami melalui email atau feedback in-game untuk mendapatkan bantuan.",2025-02-21 16:39:34,
7489f720-ae46-4aa6-a685-a1ce18796959,Rooma More,https://play-lh.googleusercontent.com/a/ACg8ocJLyZxSRkeZA2YLrVDGlCItjEIId091pG-U_1Glk5HJEp51ow=mo,game pelit tolong perbaiki.,1,0,,2025-01-31 22:04:39,"Terima kasih atas dukungan Anda terhadap Genshin Impact, Traveler! Kalau Anda mengalami kesulitan apa pun yang berhubungan dengan Genshin Impact, silakan hubungi kami melalui email atau feedback in-game untuk mendapatkan bantuan.",2025-02-21 16:31:57,
9a5b71b6-8605-4f5d-a54d-34c829ba081f,Adlin Adlin farobi putra,https://play-lh.googleusercontent.com/a/ACg8ocLZsvkQpZLOpPiuneSgPgTNYgWJILQ0KYYxPQFipv1afsQFcA=mo,seru tapi agak bosen karna map gede tapi sepi,3,0,,2025-01-31 21:00:21,,,
23de55f5-6996-4746-b5df-45cbedfab08b,_あかり未来,https://play-lh.googleusercontent.com/a/ACg8ocKco_51KCs3zhLbGTbVooFkfyzH276aXlB8hvtLzPIRKvmybQ=mo,"All the quests are very impressive, and there are many that can be taken as lessons, all of them are interesting, but the gacha system has been improved again",4,0,5.3.0_29183395_29332470,2025-01-31 20:32:52,,,5.3.0_29183395_29332470
0df71138-c03f-479f-b082-57445b3c13e6,radityaarisgraha adit,https://play-lh.googleusercontent.com/a/ACg8ocJLGa8tNEHCCmSzIn-ApN9g3aO8BLsYO9eThPPcVIHknSlRMg=mo,Dua jempolan luar biasa,5,0,5.3.0_29183395_29332470,2025-01-31 20:26:25,,,5.3.0_29183395_29332470
6242e512-b73b-4db5-84d6-72d26a87703b,Baba Yaga,https://play-lh.googleusercontent.com/a-/ALV-UjW_q7LtU_o-4GcscaJ9mb6jfFiUTV5rlYGuvNGiWAMcsojR9dyt,Tolong lebih di optimalkan perfoma spesifikasi HP ke bawah,3,0,,2025-01-31 19:33:47,,,
eafc7f4a-6fe4-4b48-b0fd-efa633310c2d,Hari Satya 029,https://play-lh.googleusercontent.com/a-/ALV-UjXEkao-S85x4CHXED1QIdvKD9APCimj6TJLsFISxp5zej23JfO2,"Can't Skipp yapping, can't show full wish history",1,0,5.3.0_29183395_29332470,2025-01-31 19:24:35,"We sincerely apologize for your unsatisfactory experience, Traveler. If you have any feedback or suggestions, please send us an email or contact Customer Service via in-game feedback to help us improve the game.",2025-02-21 16:32:23,5.3.0_29183395_29332470
80e9a978-a881-4f2a-816c-c6ddce17aee3,Pak Minang ampera,https://play-lh.googleusercontent.com/a/ACg8ocL6hRikY1Py7uP8Mf5ej6NCCt4Ixt_TdS02gQehJxFU5f4QBA=mo,WOI NGE BUG CEPET DIPERBAIKIN MALES BANGET BGT BGT,1,0,5.3.0_29183395_29332470,2025-01-31 19:23:24,"Kami mohon maaf atas permasalahan ini, Traveler. Silakan hubungi kami melalui email atau feedback in-game untuk mendapatkan bantuan lebih lanjut tentang masalah ini.",2025-02-21 15:41:55,5.3.0_29183395_29332470
a3289e9e-61b3-43cf-857c-3ba6a0f52e3f,Hitomi Fraulein,https://play-lh.googleusercontent.com/a-/ALV-UjUVmlf66JcMBBQx0oKR5b6ZBmvAcIszZ6XVCnkRLLDPVgZ9Ru8,Gk ada fitur skip story,1,0,5.3.0_29183395_29332470,2025-01-31 18:54:59,"Terima kasih atas dukungan Anda terhadap Genshin Impact, Traveler! Kalau Anda mengalami kesulitan apa pun yang berhubungan dengan Genshin Impact, silakan hubungi kami melalui email atau feedback in-game untuk mendapatkan bantuan.",2025-02-21 16:28:12,5.3.0_29183395_29332470
01deeacc-7d89-4100-8f78-1e6742a8492d,Nuh Andika Haryanto,https://play-lh.googleusercontent.com/a-/ALV-UjU5k7W9u191uIpfQ5kTkGGzk3Ydc5WV4EBN3DFoHmiAz62XrFpJ,Bagusan game ini dari pada ml,5,1,5.3.0_29183395_29332470,2025-01-31 18:54:39,,,5.3.0_29183395_29332470
7c7eeadc-75a3-4a74-a60f-5f459ebbb2b2,Dean G'Whizz,https://play-lh.googleusercontent.com/a-/ALV-UjWcCueaRWQviX6Nv9sSl756J12FRTEAtQuB_xX29loUNHNpU2rY,👍🏻,5,0,5.3.0_29183395_29332470,2025-01-31 18:14:53,,,5.3.0_29183395_29332470
33525e13-9c74-4b3b-b980-a24ee04119aa,Archeron Raiden Bosenmori Mei,https://play-lh.googleusercontent.com/a-/ALV-UjVDJFnwv-4AtrltgGIccOdTUU9gvkQBkf5dhuv0M9KCwqiqe6Dl,Bagus,5,0,,2025-01-31 17:37:53,,,
73a666c1-b468-4cc1-bab1-5a9384edc031,Favian reyhan,https://play-lh.googleusercontent.com/a/ACg8ocKhwwzROCwssqBTqikgbLjDOg13So64K9Wc4gUDzw5rvir3-w=mo,👍,5,0,5.3.0_29183395_29332470,2025-01-31 16:13:28,,,5.3.0_29183395_29332470
f280b6c5-5aee-4495-a14d-74502a5a2b4d,John Fill,https://play-lh.googleusercontent.com/a/ACg8ocKM8_TbchpXT0zEVFhitQWq2zrj3LFj64d9k9J5brUMtIC_RA=mo,aku sangat suka Genshin aku suka mommy mavuika🥰😋,5,0,,2025-01-31 15:30:31,,,
3cd673c9-5938-48ab-81ac-376ab0fde15d,Irfan Saputra,https://play-lh.googleusercontent.com/a/ACg8ocL61Lnank1JTAbvgVWdidGjp7FusqpSnnazFtXkqtVXRfIgfFo=mo,"Saya sangat kecewa dengan game ini. Banyak bug dan sekarang login pun sudah tidak bisa untuk develooper tolong bugnya diperbaiki!!, agar saya dapat kembali memainkan game ini. Atas semua kekecewaan saya dan semua bug game yang saya alami, saya kasih rating bintang 3",3,2,5.3.0_29183395_29332470,2025-01-31 15:00:11,,,5.3.0_29183395_29332470
128e435e-a304-4556-9982-d50dd6daec44,Dhimas Zaky,https://play-lh.googleusercontent.com/a-/ALV-UjVDJ9aG7Eyn6Vp9sr0OnXtFzw_ffPTYUowoFnszWRWmWeniI58m,"ini game udah out of context, awalnya mmorpg sekarang malah kaya main game story telling, quest kebanyakan dialog dari pada fight, tolong di ubah genshin itu game mmorpg bukan gane story telling.",1,1,5.3.0_29183395_29332470,2025-01-31 14:52:19,,,5.3.0_29183395_29332470
aed0a035-baa1-4350-925b-64261e92f473,Hafiz atau Atik ulfa,https://play-lh.googleusercontent.com/a-/ALV-UjVO4eDCQDSvLRWVlfzIZD7bTq1E3K95T-gh5cSiYfo265Y13_77,Bagus animasi juga bagus cuma di mata aku doang kah yang kurang enak di liat gitu,4,1,5.3.0_29183395_29332470,2025-01-31 14:37:38,,,5.3.0_29183395_29332470
17b6e5a0-c4d9-4769-82d1-8dce3f54217e,Fellz 星光,https://play-lh.googleusercontent.com/a-/ALV-UjWn5nWfVu7oV9UzsCRA7qz8Yep3NA5I3kfBBGQ_3arr_MWaGwsY,"Gamenya udh bgus, cuman kurang di penghasilan primo dan fandomnya, fandom genshin pda rusak",4,0,,2025-01-31 14:29:07,,,
7476f694-76bb-4e3a-8c4f-49af733fd61f,Dion ツ,https://play-lh.googleusercontent.com/a-/ALV-UjVev7R-UH2yqJybdLi7LOV-yGUzGmC1X0LKTlggMJ-6mMEYwPg3tw,"Eksplorasinya sekarang ga sesulit dulu, maksudnya lebih ke arah penalarannya (puzzle). Jujur, saya melatih penalaran lewat eksplorasi (karena buat unlock chest ada puzzle dsb), tapi menurut saya puzzle sekarang terlalu mudah, mungkin tim developer lebih perbaiki di eksplorasinya :)",4,30,5.3.0_29183395_29332470,2025-01-31 14:28:24,,,5.3.0_29183395_29332470
00886c54-1f69-428a-86ec-42f42ebcb2e4,Stenlly Gaming,https://play-lh.googleusercontent.com/a-/ALV-UjVmg871TbtwtiAhqY_zApoyx4fH5H9qEgzd79I4uWdRdHc8yBY,good gamee,5,0,1.0.0_1112729_1135452,2025-01-31 13:48:09,,,1.0.0_1112729_1135452
9af582d8-d923-4d80-b612-51bf1eb83e49,Aveline anita,https://play-lh.googleusercontent.com/a/ACg8ocJhHTtETuw4pSnkou3Wmu2tg7aYjSpU3IuCuRwGbrBOYjN_9A=mo,MAKASIHHHHH TYSM,4,0,5.3.0_29183395_29332470,2025-01-31 13:07:25,,,5.3.0_29183395_29332470
49087d52-8214-43a7-aa40-ee27223ff275,Iqbal Gacoor,https://play-lh.googleusercontent.com/a-/ALV-UjWwMOwLeO35ntxxn-ZGFLmBUJCrzL1OiFuB800l0YBxxwRJNW2I,Baguss banget,5,0,5.3.0_29183395_29332470,2025-01-31 12:46:04,,,5.3.0_29183395_29332470
02343160-ca5c-4157-969f-bd7c2dc0829f,Virshen Ferdinanwijaya24,https://play-lh.googleusercontent.com/a-/ALV-UjVM8cuBKKHwJ9VyUThsyET-9VXN4kYR02y9wM3XQSi3fGjbWWc_,Seru buat di main kan dan alur cerita yang menarik,5,0,5.3.0_29183395_29332470,2025-01-31 12:38:57,,,5.3.0_29183395_29332470
053bd5b8-cfe4-4357-b118-b3df99f65b6a,Ahmad Fahrezy,https://play-lh.googleusercontent.com/a-/ALV-UjXu-PktYn7BjyB_SMO_BS4aCe0QhDzwSvOWpuWZSmuc2JPpAJJF,Too much yapping,1,0,5.3.0_29183395_29332470,2025-01-31 12:25:29,"We sincerely apologize for your unsatisfactory experience, Traveler. If you have any feedback or suggestions, please send us an email or contact Customer Service via in-game feedback to help us improve the game.",2025-02-21 16:30:26,5.3.0_29183395_29332470
e020f20c-eb2e-47d7-904c-11a3a8fba42f,Little Fake:D,https://play-lh.googleusercontent.com/a/ACg8ocKVl1CBy-eAr5wHNly8vZmBVhU6Q_YQwR3urE4rIzh3nANPJQ=mo,Grapik bagus,5,0,,2025-01-31 11:37:47,,,
41f7dd10-a4d9-48de-bbaf-d1ae74993816,Arendre Rederan,https://play-lh.googleusercontent.com/a/ACg8ocKwrraGsPNaq2s7XQcc4d2ELc7LWkpa6FgfMzVL2ZgltVx0uA=mo,"Game ini jelek banget. Download datanya lama banget, tapi ada verifikasi integritas yang lama juga, terus mengkompilasi shader juga lama banget. Dasar game jelek",1,0,,2025-01-31 10:39:57,"Halo Traveler! Mohon kunjungi website official Genshin Impact untuk mendapatkan informasi sistem perangkat yang diperlukan untuk mendapatkan pengalaman bermain yang stabil dan lancar. Selain itu, untuk menemukan sumber permasalahan ini, mohon hubungi tim CS kami melalui feedback dalam game atau email.",2025-02-21 16:39:02,
3428a4f0-e152-4163-8966-fab9d392edb1,putri Azkia,https://play-lh.googleusercontent.com/a-/ALV-UjUSK447L0NlbJIstBALKEfaZ2KTuPKk_uWfnB_4tGZBpo1bSWwD,Plan b jelek,1,0,1.0.0_1112729_1135452,2025-01-31 10:04:52,,,1.0.0_1112729_1135452
3dd72b58-0ee2-40aa-9450-6f4838224dce,Jas Heng,https://play-lh.googleusercontent.com/a/ACg8ocLgpirI8Iw-_w_fhYIhqzPDerBA1ahedOiEHMkMgAoeRz-XWw=mo,Menyenangkan💕😍,5,0,5.3.0_29183395_29332470,2025-01-31 09:43:57,,,5.3.0_29183395_29332470
73f19093-5be2-416c-b0b8-01a669a88274,ALVIN PRADIPTA,https://play-lh.googleusercontent.com/a-/ALV-UjXsZWL_GIIrDby6uPvXxPFebN7FqrCJPtS5PqAYpTGYkSnfB_Wt,game kotoll anjggg gua capr capee ngulii dapet monaaa bnagsat,1,0,,2025-01-31 09:21:33,"Halo, Traveler! Traveler dapat melihat aturan sistem Wish di bagian [Rincian] pada halaman Wish. Jika kamu memiliki pertanyaan tentang perincian dari aturan tersebut, silakan hubungi tim Layanan Customer Support kami melalui feedback in-game atau melalui email.",2025-02-21 16:38:21,
97e893b5-6b84-42cc-bf7d-0d1f157af98f,Ricad greget,https://play-lh.googleusercontent.com/a-/ALV-UjVJ6Zi3MVax8o7zfxT_LwuYn95aZDBWUmGM_kcMzgNyqHgyQOHb,Sangat ampas buat : 1. Gacha p2w 2. Primo p2w 3. Artefak dan Susah nyari bahannya 4. Character nya 5. Weapon nya 6. Bahan-bahan dll nya / matrial upgrade dll sangat susah dan sangat sedikit 7. Kadang bug ga jelas 8. Lvl npc dan attk nya ga jls Msh banyak keluh kesahnya Dah pensi dri genshin......👎👎👎👎,1,1,1.5.0_2574575_2578841,2025-01-31 08:49:55,"Kami mohon maaf atas permasalahan ini, Traveler. Silakan hubungi kami melalui email atau feedback in-game untuk mendapatkan bantuan lebih lanjut tentang masalah ini.",2025-02-21 16:29:10,1.5.0_2574575_2578841
7c57b44f-cdba-48f1-9869-aa36ffa5a1dd,Lea,https://play-lh.googleusercontent.com/a-/ALV-UjUQbU_lY3goBvA2yuUP5d4ZJDnnE0j0TQNEjGDPlOOmhLzW_Mxh,"Saya tumbuh besar bersama genshin haha, dari 2021 Mei sampe sekarang.",3,53,5.3.0_29183395_29332470,2025-01-31 06:54:12,,,5.3.0_29183395_29332470
ddc2a263-c3d2-43e2-9479-e4b1bc7571a9,Nando,https://play-lh.googleusercontent.com/a-/ALV-UjWp9_PCuJkocYPFgXx4n3bMIlFIw-gTGCCZqx3TUVz-Dmup6zBclg,resin tambahin,1,0,4.0.0_16983586_17100363,2025-01-31 05:57:47,"Terima kasih atas dukungan Traveler terhadap Genshin Impact. Kami menerima secara terbuka semua masukan/umpan balik dari kalian. Jika Traveler memiliki saran atau masukan, jangan ragu untuk menghubungi kami melalui feedback in-game atau email.",2025-02-21 16:27:19,4.0.0_16983586_17100363
a282732e-6f69-4e1c-abcc-9e2707b9a426,Amelia Putri,https://play-lh.googleusercontent.com/a-/ALV-UjV_iGOnKQyhziWtysOp1zia4YCf5BUep0w10qGlGwB6G2EWKqrj,"Aku habis beberapa bulan ga on terus main, pintu ku yang 70/80+ sekarang 60/70+ aj jdi lumayan lah..., resin udah 200😍 tapi nunggu nya Masi lama, aku kismin Arte mau nguli tapi resign habis sama resign bulan, btw mending pazel kek liyue, sekarang quest sama pazel susah susah (bisa sih, cuman tu mau main genshin buat Santai habis lelahnya aktivitas kehidupan, tapi malah otak ga istirahat gegara pazel atau teka-teki nya makin nyuruh otak kerja 🤣)",4,0,5.3.0_29183395_29332470,2025-01-31 01:38:52,,,5.3.0_29183395_29332470
1470aef7-cbdc-443b-a23f-85dd2b12102c,zidann,https://play-lh.googleusercontent.com/a-/ALV-UjXWN9r6EzEOIHJDgLPTYNdsTNQIesasFrBkGc-TuEUr0BPJwsQ,saya hanya ingin gacha saya di permudah🥲 karna saya sering kalah rate off dan membuat saya malas untuk bermain,5,1,5.3.0_29183395_29332470,2025-01-31 01:29:19,,,5.3.0_29183395_29332470
ad6a8450-1812-4b36-9329-81732f59d1c3,R Mail,https://play-lh.googleusercontent.com/a/ACg8ocK7jpRl2ynfNJJFEpx26OaglsOp1OJ0XIR0K5RWL-hitxXxTw=mo,Perfect!,1,0,5.3.0_29183395_29332470,2025-01-31 01:16:43,"Thank you for supporting Genshin Impact, Traveler! If you have any issues with your game experience, please send us an email or contact Customer Service for help via in-game feedback.",2025-02-21 16:26:23,5.3.0_29183395_29332470
d475398d-b065-4a2b-8ccc-e81247c2e4ca,Wira Maulana,https://play-lh.googleusercontent.com/a/ACg8ocIbZyRswHs7kZDMUA68mwF1HQPMUkrhWppnasNgdLOn6_MQwA=mo,Semoga bisa bawa pulang mommy arlecino😭😭😭,5,0,,2025-01-30 23:54:46,,,
7d4a3948-5f0d-438f-b74e-1d381eaf2912,Rahmad Mulyadi,https://play-lh.googleusercontent.com/a-/ALV-UjWnLA_x6AQ6qb55EAcLolHESR4_rssK3kRfyRREmOS8LMxMJftJ,Tolong updatenya di percepat babi kasihan kami yang suka speed run mau login nggak bisa ngapa ngapain,1,0,,2025-01-30 23:47:51,"Kami mohon maaf atas permasalahan ini, Traveler. Silakan hubungi kami melalui email atau feedback in-game untuk mendapatkan bantuan lebih lanjut tentang masalah ini.",2025-02-21 16:17:37,
86fe161f-57f3-4faa-b0db-2e1eb7916c16,Rifki Sarijo,https://play-lh.googleusercontent.com/a-/ALV-UjWX7kYS0wqfJ-54LxSHdTuHrgBdAasJXsg3RZNTEkB5pfqAZKMz,"Mungkin game ini pilih kasih yang di kasih fps 120 dan support controller cuma IOS Apple (kuntul)...., Android kagak padahal udah pakai 8 elit ............ah...... Anjay IOS",4,0,5.3.0_29183395_29332470,2025-01-30 23:47:30,,,5.3.0_29183395_29332470
2e53a251-9782-4db0-b48e-297fa592f213,Garit Kontol,https://play-lh.googleusercontent.com/a/ACg8ocJbJJRbsTKdSI4JsWRumehpfyV0X9_WVlf3Fv15Lh_Dirl3QA=mo,Gw udah topup banyak tapi akun gw hilang.. pas update perpindahan mihoyo ke hoyovers.. gw kesel akun gw ngga bisa balik.. gw cuman bilang dengan ini saya membenci game tersebut dan akan membuat teman teman saya dan orang lain berhenti memainkan game tersebut dan akan berlanjut sampai kalian para CS menganggap ini serius,1,0,,2025-01-30 23:45:53,"Kami mohon maaf atas permasalahan ini, Traveler. Silakan hubungi kami melalui email atau feedback in-game untuk mendapatkan bantuan lebih lanjut tentang masalah ini.",2025-02-21 16:18:02,
03204463-e088-4fcd-be62-99953e547f1c,Kenth s,https://play-lh.googleusercontent.com/a-/ALV-UjUp3McJqbO6hZODSUXiPe4W46IZZLSDtfFzWZds_VAfgOgb45hNOg,Good,5,0,5.3.0_29183395_29332470,2025-01-30 22:22:22,,,5.3.0_29183395_29332470
ede27031-d697-4fb6-8e12-3b5b97bcbbc7,Fransiskus Jonathan Koraag,https://play-lh.googleusercontent.com/a-/ALV-UjVfOe-Fa7ZM5q0iL2OPOgyOPI72bLpAoO48XMHkR55-963UiI95Dw,"Good Game, I like it",5,0,5.3.0_29183395_29332470,2025-01-30 22:21:06,,,5.3.0_29183395_29332470
ff7dc70d-e5c9-4663-aa1b-e244f6aae42a,Ll Oo,https://play-lh.googleusercontent.com/a-/ALV-UjVyLVAaFRxNSleZse07Yml3pZERWZPaSOa5IudPN5h8sdx4aVSs,Tolong tambah kan fitur pengingat waktu sholat kadang aku lupa kalau main game sampai lupa waktu sekian dari saya terima kasih,5,0,5.3.0_29183395_29332470,2025-01-30 22:15:59,,,5.3.0_29183395_29332470
2126be7b-9efc-4f16-861b-068cb2ac5de9,Sulthan Muhammad Rafi,https://play-lh.googleusercontent.com/a-/ALV-UjUBh3eQeRmP3Wv89bUI2pYysK9tHIQhORAqORqOovtFZnR6sYd8,Saya menyukai game ini karena cerita yang disajikan sangat menarik. Tetapi selama bermain game ini saya merasa kalau kualitas game ini menurun diakibatkan banyaknya dialog yang tidak ada poin penting dalam cerita dan juga alur cerita nya yang repetitif. Saya harap untuk kedepannya bisa dikurangi dialog yang tidak penting dan alur cerita yang selalu sama. Semoga game ini bisa mendengarkan feedback dari pemain pemain layaknya game Zenless Zone Zero yang bisa mengerti keadaan para pemainnya. Trims.,1,38,5.3.0_29183395_29332470,2025-01-30 22:14:12,"Terima kasih atas dukungan Anda terhadap Genshin Impact, Traveler! Kalau Anda mengalami kesulitan apa pun yang berhubungan dengan Genshin Impact, silakan hubungi kami melalui email atau feedback in-game untuk mendapatkan bantuan.",2025-02-21 16:19:17,5.3.0_29183395_29332470
783b1d10-67f1-4a5d-acfd-84ecc228aae1,Adinda Fatima Zulfa,https://play-lh.googleusercontent.com/a-/ALV-UjV7AEzvZcbKl7vmF0PRE8EQCeuPeBFwnqC5wlF6w1qp8sGoq7g,"mending tambahin fitur skip dialog buat side quest, banyak yapping anjay",1,1,5.3.0_29183395_29332470,2025-01-30 22:11:18,"Terima kasih atas dukungan Traveler terhadap Genshin Impact. Kami menerima secara terbuka semua masukan/umpan balik dari kalian. Jika Traveler memiliki saran atau masukan, jangan ragu untuk menghubungi kami melalui feedback in-game atau email.",2025-02-21 16:19:38,5.3.0_29183395_29332470
477e5fd9-7091-4403-8483-e9670e09d1dc,Reyiyain,https://play-lh.googleusercontent.com/a/ACg8ocL8gu5bH04t6i0VE6rufK35GvK3MNRkvajdl40rYoJ2uSxDDw=mo,Tambahin fitur pvp,1,0,,2025-01-30 21:47:07,"Terima kasih atas dukungan Traveler terhadap Genshin Impact. Kami menerima secara terbuka semua masukan/umpan balik dari kalian. Jika Traveler memiliki saran atau masukan, jangan ragu untuk menghubungi kami melalui feedback in-game atau email.",2025-02-21 16:20:53,
6ef8b6a5-3dfd-477a-acc3-8871f91469b0,reva safira,https://play-lh.googleusercontent.com/a/ACg8ocJ5cPwH0AscF1PqiNIgBPS0EPey8QkObvFZlByZ0v-T5DAjJw=mo,Apes mulu di game ini Allahhh pls kasih gw arle sign,1,0,,2025-01-30 21:45:59,"Halo, Traveler! Traveler dapat melihat aturan sistem Wish di bagian [Rincian] pada halaman Wish. Jika kamu memiliki pertanyaan tentang perincian dari aturan tersebut, silakan hubungi tim Layanan Customer Support kami melalui feedback in-game atau melalui email.",2025-02-21 16:21:27,
9a4867b7-55ba-47f9-8319-7b0a5e2cb7c5,Iban Ez,https://play-lh.googleusercontent.com/a-/ALV-UjX0ZtL74Lu7RbohNZA9Unp-O77P3xlUQsv8--WK8iT6_rN59iMn,"Game kikir sampe ke ubun ubun Rate 1 ni game, mending sodaranya ngasih bansos udh kek hujan langsung jedarrr tinggal claim gaush nunggu atau main apala lama lamain waktu udh gtu dkit pula",1,1,5.3.0_29183395_29332470,2025-01-30 21:29:27,"Kami mohon maaf atas ketidaknyamanan yang Anda alami, Traveler. Kalau Anda memiliki masukan atau saran, silakan hubungi kami melalui email atau feedback in-game.",2025-02-21 16:22:22,5.3.0_29183395_29332470
1946e5db-6a3d-4914-b493-69aa4d9473d2,MedianS 27,https://play-lh.googleusercontent.com/a-/ALV-UjXJjnAveN8ppLsPkc95212QRpfQg3T5vaQ8K4s3ajD_JM-X4Io,Kebanyakan update,5,0,,2025-01-30 21:26:18,,,
bde1528b-be34-44fb-8c91-9198514820ea,Kotaro Azumi,https://play-lh.googleusercontent.com/a-/ALV-UjV42bN4uLlksL2eehNaVK0G2eoKG4Ycf61fzF_kV34qXtI4SvE,Aku jadi sayang mihoyoo makasih yah mihoyo udah kasih aku gacha yang bagus tapi kalau jelek lagi aku jadiin bintang 1,5,0,,2025-01-30 21:00:49,,,
f8df4dc9-d290-4e55-84f0-c3679b4d4e9c,Koyuki Shena,https://play-lh.googleusercontent.com/a-/ALV-UjW7C_nbM2BLDz2FzdTd-q1DoCHTRlJ-GuThm-TTFfHHNQBh6kqk,Buriq,1,0,,2025-01-30 20:55:25,"Kami mohon maaf atas ketidaknyamanan yang Anda alami, Traveler. Kalau Anda memiliki masukan atau saran, silakan hubungi kami melalui email atau feedback in-game.",2025-02-21 16:22:40,
c7765990-e878-4859-af4f-c4796da9eb95,Oppo Indo,https://play-lh.googleusercontent.com/a/ACg8ocLJi47t0LMhvysHnxNrP3bXtvRSwfKqh2jXa6IsJlBxYZmtkw=mo,Nice walau main maksa dikit karna ram 4🗿,5,0,5.3.0_29183395_29332470,2025-01-30 20:13:38,,,5.3.0_29183395_29332470
16a3719b-0316-4ff2-8e0d-6875d9f08d10,DARU RS,https://play-lh.googleusercontent.com/a-/ALV-UjXjG2kzkI_eJ-5kxRnh2MBV-aj8g3RjfUYqFsrJPf8Y9mmZpwSu,"game bagus, grafiknya apa lagi beh memanjakan mata, semangat terus hoyoverse dan jangan lupa kalau ada event lantern rite jangan sekali lagi korban kan hu tao😠",5,0,5.3.0_29183395_29332470,2025-01-30 19:44:18,,,5.3.0_29183395_29332470
9a7b9cc7-b71f-46a1-a162-43c9658952e0,Elang sapto Wihada,https://play-lh.googleusercontent.com/a-/ALV-UjUfH0Eqzcil7tXrXoywlBv_YsP4zDVhLBv590dKmd8-kY3s855x,Ko bae kapan kapan,1,0,,2025-01-30 19:39:13,"Kami mohon maaf atas ketidaknyamanan yang Anda alami, Traveler. Kalau Anda memiliki masukan atau saran, silakan hubungi kami melalui email atau feedback in-game.",2025-02-21 16:22:53,
05c88d00-94d6-4e4e-993c-b39d59ac9c50,Dani Sia72,https://play-lh.googleusercontent.com/a/ACg8ocL_ABSGU4uJm_G9q72f5upi85cq21LQF436JMaoFjKGhWgxag=mo,nggak seru,5,0,5.3.0_29183395_29332470,2025-01-30 19:29:36,,,5.3.0_29183395_29332470
c25243c2-9fd8-46ca-b348-1c134b51523c,Al Farizi,https://play-lh.googleusercontent.com/a-/ALV-UjWIS0gMwRU0b9P3nsawXyBUfMBDF9kT671pl0WOKGawEHd5GiA,Sangat bagus untuk dimainkan,5,0,5.3.0_29183395_29332470,2025-01-30 19:23:28,,,5.3.0_29183395_29332470
43296e7a-0cca-4be4-bd1d-40e081bd7d1b,ŽHÝ ĐÆŇ,https://play-lh.googleusercontent.com/a/ACg8ocLkS4doqWGiows4T2H-yB-lVCCLRW7AdADGB2fFkgbhYNr7nQ=mo,Sangat keren gameplaynya,5,0,5.3.0_29183395_29332470,2025-01-30 19:13:07,,,5.3.0_29183395_29332470
25414251-7098-4d29-af33-6c575d35f0ee,Hehehe Chan,https://play-lh.googleusercontent.com/a-/ALV-UjXgKj3dDlgU2DRm99H4iNq2tNy301wezg7ScoMn6DCHaRnOOaCY,Suka suka,5,0,,2025-01-30 18:57:54,,,
aa0243b9-061e-4f6b-895c-bcbf6eb6aaa5,mery Wanderer,https://play-lh.googleusercontent.com/a-/ALV-UjW8xFccp7Mj4xqXa89eS09ZdDwmqcuyOdde7R5cZYdu2usArXA,"seru bgt. ak pertama mainin di tahun 2022, rekom dr temenku. aku yg biasanya pilih' game langsung jatuh cinta. cuma terpaksa hapus pas udh update sumeru, karena ak main nya di hp papa dan udh ga kuat lagi. baru kesampean main lagi desember tahun kemarin, rekomen bgt!",5,0,5.3.0_29183395_29332470,2025-01-30 18:26:21,,,5.3.0_29183395_29332470
14c858b9-07ed-409a-9473-bd0b5a6c71a1,Agum Maulana Ilham,https://play-lh.googleusercontent.com/a/ACg8ocLxewi2ftM9WkaI7BETiviZkDPL_bQeRMPSJXXmpbP0YMVtx9o=mo,game terbaik,5,0,5.3.0_29183395_29332470,2025-01-30 17:35:03,,,5.3.0_29183395_29332470
445efeb9-de5f-4ff1-8c00-fd57b5d16c47,MNA1713,https://play-lh.googleusercontent.com/a-/ALV-UjVg_I9Aa1eTidSbLi0nbp2QNQR0X1h-mUcNKcvKZhxyJc1NyihR,"Pls lah mihoyo, adain tombol skip, dialog mulu lama dikira orang free timenya 100% buat genshin, pen pake auto clicker takut kena ban😭",1,1,3.8.0_15672274_15939604,2025-01-30 17:29:52,"Terima kasih atas dukungan Traveler terhadap Genshin Impact. Kami menerima secara terbuka semua masukan/umpan balik dari kalian. Jika Traveler memiliki saran atau masukan, jangan ragu untuk menghubungi kami melalui feedback in-game atau email.",2025-02-21 16:23:53,3.8.0_15672274_15939604
9de72ec0-17a1-4a92-8df1-4ba448247f31,Ridho Fathurahman,https://play-lh.googleusercontent.com/a-/ALV-UjU-SXdi_Kzj8gquk6UUmD_swzoQ3MWMLFi4Sj6xdQHlAv5Q3p0,"Game nya bagus, cuma kocak, udah kayak nonton drakor gk selesai2 crita",1,0,,2025-01-30 16:55:22,"Kami mohon maaf atas ketidaknyamanan yang Anda alami, Traveler. Kalau Anda memiliki masukan atau saran, silakan hubungi kami melalui email atau feedback in-game.",2025-02-21 16:24:32,
f7fe9853-c3bb-4e89-bf3e-7535909f2f0b,DanBo Gaming,https://play-lh.googleusercontent.com/a-/ALV-UjW0SSxnEcm6ib-x_dsLKKsd41xQPhQp9v4gV53DqupuT_qx1KQ,Semoga update terus,5,0,5.3.0_29183395_29332470,2025-01-30 16:25:00,,,5.3.0_29183395_29332470
c3f6a7b1-2455-4833-88e8-e2b7fc707d6f,FarrS16 S16,https://play-lh.googleusercontent.com/a-/ALV-UjVpYVQ_xFoUMV7NGLMNqHYXlA6y8Bi2W_XycorAwqhdPAJvKWw,"Game nya bagus mantap, grafik nya yg sangat memukau tapi ada salah satu keluhan dri game ini yaitu tidak bisa skip obrolan pembicaraan, dan obrolan tersebut memakan waktu. mungkin update selanjutnya ada fitur skip obrolan dan itu saja keluhan ny, dan lain"" nya saya sangat puas dengan game nyaa😊",5,1,5.3.0_29183395_29332470,2025-01-30 15:52:19,,,5.3.0_29183395_29332470
811395bf-b4bb-400f-aba7-d3088d8d5fcb,Bang MO,https://play-lh.googleusercontent.com/a-/ALV-UjWbK6Isj05AhXHd7WUIYj62fKKCua1w70AsHcWaZ1dTsQwLxP8O,Ukurannya Di Hp Gw Gede 🥹pdhl gamenya bagus gpplah kapan² download lagi,3,0,,2025-01-30 14:17:06,,,
066a4e8a-1584-4687-ba28-e6482b1fa7b9,Faiz Afzal,https://play-lh.googleusercontent.com/a/ACg8ocKr1TDe1ZMqGKSN2QLzqvE1n3YecV9jv6TpfV_MLi9NoEKCSw=mo,Saya suka game ini tapi mohon untuk system gachanya sampe pity 50an saja karena terlalu susah untuk grinding primogems untuk sekali pull😅.,5,1,,2025-01-30 13:43:10,,,
1569c254-6d91-4016-bfea-1f06c61b8cbd,Untari Rahayu,https://play-lh.googleusercontent.com/a/ACg8ocI20cofzCx2AaIty5LDlIaWKiiQ0F2zRUg0piJpRsUaSIn5SA=mo,"Knl saya selalu hard pity, kok temen temen saya hoki langsung, jangan pilkas dong dan tolong rerun kan benner klee plsss",3,0,5.3.0_29183395_29332470,2025-01-30 13:33:32,,,5.3.0_29183395_29332470
610e6e70-b7a6-4a19-b260-9d5d0a0c6d26,Mochammad Faqih Diya'ul Haq,https://play-lh.googleusercontent.com/a-/ALV-UjVlttb_xhhlWPNxlMrFaIXhzw_bx65oyhNOXTmg4FdvzM2GoEmG,"Untuk grafik, gameplay, dan storynya udah bagus tapi tolong untuk hadiah primogemnya agak dibanyakin karna saya sebagai player f2p juga ingin menggunakan karakter b5 lainnya. Itu aja sih dari saya kalo hadiahnya makin melimpah jadi makin betah mainnya.",5,35,5.3.0_29183395_29332470,2025-01-30 13:30:38,,,5.3.0_29183395_29332470
46952dc5-2582-4b11-b8ea-634cb539f4b3,fajar reza,https://play-lh.googleusercontent.com/a-/ALV-UjWh0bhPFi3kXa_JHLgq8KIyUCcLezVL10FfyAXxnfX7xSPkE-Vw,"Tolong kasih skip dialog untuk world quest atau quest yang tidak memiliki voice/suara,apalagi quest aranara yang panjang dan rumit, udah main selama 2.5 tahun tapi gak ada perubahan untuk itu.",4,0,4.7.0_23093867_23435602,2025-01-30 12:36:25,,,4.7.0_23093867_23435602
440b9b18-4e43-4ea3-be3c-003a9ead5739,Bateman Sudjatmiko,https://play-lh.googleusercontent.com/a-/ALV-UjXPVNpZhAHER0usQVNN4FZIyj0JHGWZ_KR1g5EV_hnT-ZJJrQKd,Game bagus,5,0,5.3.0_29183395_29332470,2025-01-30 11:54:29,,,5.3.0_29183395_29332470
19babfa2-648e-458a-9ca5-28335494bb06,Dim Mas,https://play-lh.googleusercontent.com/a-/ALV-UjXuU2MBBA8AcBAVNw7bXbVbC58PJTnKyT9DvPFFN7EGB41eyGGD,Ini beneran gak bisa di buka,5,0,4.0.0_16983586_17100363,2025-01-30 11:37:36,,,4.0.0_16983586_17100363
eabb3cd1-8e06-4e4b-b421-6674a738f1de,Kesa Suhendra,https://play-lh.googleusercontent.com/a/ACg8ocJ3f_AJMRVEKCpb5cFsMXyY1e7ExLVqJzkqJVeKdcq7tECung=mo,seru,5,0,5.3.0_29183395_29332470,2025-01-30 11:28:19,,,5.3.0_29183395_29332470
591c7b75-6a76-4650-aa41-7f2439be21c8,Denis Rafael,https://play-lh.googleusercontent.com/a-/ALV-UjX_vx9Cv2I1p_wvPMUfPKTWckkAtv7UuimHEH85R4l9gZd7ATT7,"Tolong baner weapon dipisah,kadang kondisi rate on belum tentu dapat weapon yang di whislist",4,0,,2025-01-30 11:27:38,,,
fbbe884d-777c-4c9c-a958-7f8d8f45a02a,Reza REZAS,https://play-lh.googleusercontent.com/a-/ALV-UjWvNtxO4plHxup8Hs3sj33RKvPZZqlVuNHzTxiZXmHq7zqW-E3m,Loh out Mulu dari hp Padahal login pake email tetep aj dibilang sesi Telah habis silahkan login ulang,3,0,5.3.0_29183395_29332470,2025-01-30 11:22:31,,,5.3.0_29183395_29332470
8a1e62d2-18d1-4301-9bba-243d79893476,WilDan SayuTi,https://play-lh.googleusercontent.com/a-/ALV-UjXpo956ej-ppV-LmLusR416tlXkDpUnZbU0Fnv2O2MP3o_jmWsj,"Kapan di android bisa pakai controller,sudah kutunggu sampai 2thn masih belum bisa juga",2,0,5.3.0_29183395_29332470,2025-01-30 11:13:23,,,5.3.0_29183395_29332470
66d232a4-ca2c-4e9b-92de-164fc4b1b8bf,Roni Adijaya,https://play-lh.googleusercontent.com/a-/ALV-UjW49A6bgPJY0W6G48hMYWA0B6usVyiaut5LgBAofCacBvieqUJN,"Terlalu banyak dialog,kebanyakan bacot",1,2,5.3.0_29183395_29332470,2025-01-30 11:05:10,"Kami mohon maaf atas ketidaknyamanan yang Anda alami, Traveler. Kalau Anda memiliki masukan atau saran, silakan hubungi kami melalui email atau feedback in-game.",2025-02-21 16:24:40,5.3.0_29183395_29332470
2b4a4dfc-2cc3-4c4c-98c6-b1ad8c6bc713,muad,https://play-lh.googleusercontent.com/a-/ALV-UjXNPhj8HoNxoZsf4mrGF4_zZsDbwqaaj0_thYBTGeKFn_lJXI2d,Tolong banget tambahin keyboard dan mouse untuk gameplay yang versi mobile Kalau di tambahin saya kasi bintang lima,3,0,5.3.0_29183395_29332470,2025-01-30 11:01:28,,,5.3.0_29183395_29332470
5b874f80-b1f2-476a-83d9-a25e01356480,Muhammad Mahvud,https://play-lh.googleusercontent.com/a-/ALV-UjVggYuJoosFzW3AZSfPMlCubc63AmYSmTC32hPZb4zT_Kpe2tIF,Seru sekali,5,0,5.3.0_29183395_29332470,2025-01-30 10:36:51,,,5.3.0_29183395_29332470
6e50d8ea-8e5a-4d2e-92cc-8924de3c3426,7E_28muhammad panji aldea ramadhan,https://play-lh.googleusercontent.com/a/ACg8ocL9rfj0sNeYE9WlgCNRxdlb1mBkIODoxTw2l83Y_cx02U2mhA=mo,Gamenya ngebug ndk bisa login make akun email ini Tanggung jawab Hoyo,1,1,5.3.0_29183395_29332470,2025-01-30 09:23:26,"Kami mohon maaf atas permasalahan ini, Traveler. Silakan hubungi kami melalui email atau feedback in-game untuk mendapatkan bantuan lebih lanjut tentang masalah ini.",2025-02-21 16:25:18,5.3.0_29183395_29332470
d2b21ec1-2f27-4396-bc42-07b04fe94514,Reza,https://play-lh.googleusercontent.com/a/ACg8ocI9mov4J5LldrJ3YeOlgr09hPbxnkUYzG78MIo9aAWCTYAEqQ=mo,Aku suka sekali gamenya layar bagus genshin impact mirip cerita anime ya terima kasih,5,0,5.3.0_29183395_29332470,2025-01-30 09:09:28,,,5.3.0_29183395_29332470
65749ebf-6952-4aa3-861e-542feb0b9a1d,Bung Tomy Official,https://play-lh.googleusercontent.com/a-/ALV-UjWoJ_7DVJH_6d2w4R2IyGyNzN1EDH5WzQn6S-QHk_N57NMg-nrA,Andai aja gw download game ini dari dulu pasti dah pensi maen ml gw pas itu overall nagih bgt gamenya,5,0,5.3.0_29183395_29332470,2025-01-30 09:09:16,,,5.3.0_29183395_29332470
6ebf0285-0bae-4a6c-b927-8fb5351a0d6a,Rahmat Ajai,https://play-lh.googleusercontent.com/a-/ALV-UjWw0JBFzxQQByVX3aTEj0HChsSIaMY4RJOlmVhGGgQolZKDOxU,wow sungguh keren saya sangat suka alur nya bagus gameplay nya bagus juga beh mantap deh pokoknya,5,0,,2025-01-30 09:06:32,,,
84461317-c786-430e-a6f8-027c07edd1e0,Selamat Pndtang baru,https://play-lh.googleusercontent.com/a/ACg8ocKsXLKOQh8FK0gXYXLnWoMGi6Zwb87yefrQjMH3YGEQ7fxNPw=mo,Game gg,5,0,4.0.0_16983586_17100363,2025-01-30 08:43:56,,,4.0.0_16983586_17100363
822fb765-66ab-4895-8887-39bc3f83ed53,Resa Kurniawan,https://play-lh.googleusercontent.com/a/ACg8ocKKdX5buVjQVq3hvxv6InAzQQvXhXIKneo9h2G6I-L2OXVcjA=mo,Susah buat login,1,0,5.3.0_29183395_29332470,2025-01-30 08:06:37,"Kami mohon maaf atas permasalahan ini, Traveler. Silakan hubungi kami melalui email atau feedback in-game untuk mendapatkan bantuan lebih lanjut tentang masalah ini.",2025-02-21 16:25:38,5.3.0_29183395_29332470
0c6e8b94-c066-4e6b-86ab-6636b4f03c42,Hans Albert,https://play-lh.googleusercontent.com/a/ACg8ocLBY7kOU06yZhyATelOrvuUJm81OA0Lpus4ttQ3rW28J0FCPw=mo,"I don't need your story, i just want to play it for fun and battle. Not hear the story of every boring conversation. Please make a feature that player can skip the dialogue, it's a hell of boredome",1,4,5.3.0_29183395_29332470,2025-01-30 02:38:32,"Thank you for your constant support of Genshin Impact. We welcome any valuable input from you. If you have any comments or suggestions you would like to share, please feel free to contact our Customer Service team via the in-game feedback channel or email to help us improve the game.",2025-02-21 15:35:52,5.3.0_29183395_29332470
f95ea7a3-576f-48d1-b2ab-64cc67cb14e6,Abdi Muljawan,https://play-lh.googleusercontent.com/a/ACg8ocIGOMlsfpiQfDdyB3MKu2y2WYgV0njmp6QyRnN0ldojBH6jtA=mo,"Game udah sempurna, tapi kurang satu yaitu Controller Support, please lah tambahin Controller Support, masa OS sebelah udah dikasih disini belum ada",5,0,5.3.0_29183395_29332470,2025-01-30 02:32:34,,,5.3.0_29183395_29332470
4025c9b6-521a-4155-909e-6ffede23c20b,akun Mahal,https://play-lh.googleusercontent.com/a/ACg8ocLHlk_4DCiTTHDeNXLWwjyUmvhWzIoZNR6Hih4OOWgAH8JmDw=mo,Bagus sih bagus ya tapi dalam gacha nya terlalu sulit menurut ku,5,0,,2025-01-30 01:02:06,,,
934797ad-b9d9-4ba6-b46b-78a83aadb6a1,Dki Dom,https://play-lh.googleusercontent.com/a/ACg8ocLjKyIIiZduhRKzl0rlRWrjb0wk1WJyejBQUuYr-qIhb6DsXw=mo,Rate gacha ampassss,1,1,,2025-01-30 00:28:17,"Halo, Traveler! Traveler dapat melihat aturan sistem Wish di bagian [Rincian] pada halaman Wish. Jika kamu memiliki pertanyaan tentang perincian dari aturan tersebut, silakan hubungi tim Layanan Customer Support kami melalui feedback in-game atau melalui email.",2025-02-21 15:35:07,
288bfc8a-906e-4596-8371-fd0da00c73c4,Re eee,https://play-lh.googleusercontent.com/a/ACg8ocLRi7moLdS3QotHsYYnH-RSrP9pCpQZYo6rK-vA3Kiuz4BbYQ=mo,berat uyy game nya🗿,5,0,5.3.0_29183395_29332470,2025-01-30 00:21:28,,,5.3.0_29183395_29332470
28611865-4412-41ed-883e-c117a42f1ccd,M naufal rabbani M naufal rabbani,https://play-lh.googleusercontent.com/a-/ALV-UjUNohEJg0UH0jWvS-YMSUQR9IpZNMJd0jeunL8FPUinkwhnhU7S,"Saya pengguna PC dan saya mau make lossless scaling untuk menaikan fps,apakah saya akan terkena ban atau tidak?",3,0,5.3.0_29183395_29332470,2025-01-29 23:00:23,,,5.3.0_29183395_29332470
df0d8b71-1832-4e93-b5c6-0a5e1c0930e5,Ahmad Wildanu,https://play-lh.googleusercontent.com/a/ACg8ocK7A_zwtVWF_a2cSyheGjzoxuzEVQJpaf3GdO4ZsbmCk6vbSw=mo,"serasa masuk di anime isekai, recomended banget",5,0,5.3.0_29183395_29332470,2025-01-29 22:34:28,,,5.3.0_29183395_29332470
0d0189fa-6204-4a18-9ee9-ecf046a7a565,Naufal Akila,https://play-lh.googleusercontent.com/a/ACg8ocL17LBvEgYTxFb_73JO4bSZ0C-xtoMWxuyXERbijR7kPSrOjg=mo,Game nya bagus tapi lama lama bosen,5,0,5.2.0_28336591_28351161,2025-01-29 22:03:13,,,5.2.0_28336591_28351161
460e96ff-9609-4eeb-98b9-78057cadf4b7,althaf ramadhan,https://play-lh.googleusercontent.com/a/ACg8ocJDS2oZiUB75Jtx4EqVjXQsP2C3jwopMDlS4hqIQo5U4LyqQw=mo,Super good But long to load,5,0,5.3.0_29183395_29332470,2025-01-29 22:00:41,,,5.3.0_29183395_29332470
1fa5affb-e3c9-4b1d-b0b7-2229c412d346,Loris Kris alwalker (rodrigo),https://play-lh.googleusercontent.com/a-/ALV-UjUPaXkqgy1NQEaV3R-fNTZEB2GrTFDNC6eThFral3n9p5rfkbwT,kenapa dub englishnya hilang semua kok cuma dikit tolong ya pasang kembali biar gak bosen.,1,1,4.8.0_24603909_24822834,2025-01-29 21:38:03,Kami ingin memohon maaf sebesar-besarnya atas terganggunya pengalaman bermain Traveler. Silakan hubungi Layanan Pelanggan kami melalui pelaporan masukan dalam game atau email untuk mendapatkan bantuan tentang masalah ini.,2025-02-21 15:34:23,4.8.0_24603909_24822834
accff894-73ac-423a-b2ef-c0209a4308fd,Ahmad Mecca Arafa,https://play-lh.googleusercontent.com/a/ACg8ocIm9fZadC4Rw6S9cHXf1QqG1fZMCbnI6xhvdnD_LvziMSBKAw=mo,Malas menanggapi,1,0,,2025-01-29 19:46:03,"Kami mohon maaf atas ketidaknyamanan yang Anda alami, Traveler. Kalau Anda memiliki masukan atau saran, silakan hubungi kami melalui email atau feedback in-game.",2025-02-21 15:34:47,
64529485-fcbe-4df4-a4a4-e7d08e449466,Labiibah Sarah,https://play-lh.googleusercontent.com/a/ACg8ocLWpEiQTaCCGyNJ2QVhZD7-iyYNnkLNkBLARxSrs3uHoHm61g=mo,"Bagus, tapi suka rate off tolong mihoyo",5,0,5.3.0_29183395_29332470,2025-01-29 18:36:02,,,5.3.0_29183395_29332470
65b13a35-b14d-4107-b8dd-96450cf50bb8,Lik Pengin anu,https://play-lh.googleusercontent.com/a-/ALV-UjWF0T9HHW_8tjDliOIndOIgFQFw0_T6JJpMDv324GEe8x-9P2gw,Saya belum coba tapi saya pernah download bagus sihh tapi sayang harus download datanya banyak banget sumpah memo aku yang tadinya 91 jadi 98 padahal download datanya belum selesai Padahal pengen banget mainin tapi ya apa boleh buat;( Tolong dong download datanya dikurangi saya pengen banget main;(,3,0,,2025-01-29 17:58:12,,,
b6fd8c1f-2d2e-4010-b77a-c93985eafacb,intera pade,https://play-lh.googleusercontent.com/a-/ALV-UjVpZwMQn1Ur5RN89-iXMLkbBrx2eIWaQDH8jXhpniCENhIG438e,Sebenarnya game ny bisa bagus tapi terlalu banyak dialog kgk bisa di skip pula dialognya minimal kalo mau punya dialog yang panjang ada fitur skip dialog,4,0,5.3.0_29183395_29332470,2025-01-29 17:48:46,,,5.3.0_29183395_29332470
d1a530d4-386d-44fb-b39a-26839376abb9,Mueza Eza,https://play-lh.googleusercontent.com/a/ACg8ocKAh2AG9Muvm_EgvIR7uL-yNXxvCVlGI4znpix0p-Ft3QVykQ=mo,"Habis update kok ga bisa jalan game nya crash dalam memilah data lama, developer bantu saya atasi masalah gagal booting, slow respon bayangin gimana rasanya bila menghapus data dan harus mendownload game dan instalasi sebesar 35GB",3,0,4.1.0_18054760_18121248,2025-01-29 17:25:14,,,4.1.0_18054760_18121248
b39945e7-1583-4cc1-b01a-88ff5ab4fcda,Muhammad Jefri,https://play-lh.googleusercontent.com/a-/ALV-UjUAcaxinezOzZkLpzfD-VxSrJCw9TCYaDHSYJs_YFwTim4L6qVK,"bakal jdi game ter favorit gw, sehat sehat hoyo",5,0,,2025-01-29 17:20:50,,,
09513951-54ae-4d25-8e92-4043a1ab1e01,#Hutao21 23Dhany,https://play-lh.googleusercontent.com/a-/ALV-UjXJ4gxX18PBJC8NzEGFxKWAFx9DB3LpoR5i7IQwYQlvXFvjGYM,Petualangan yang menarik dan asik!!,5,0,5.3.0_29183395_29332470,2025-01-29 17:20:06,,,5.3.0_29183395_29332470
b160e623-0780-48fe-8f7a-30e035abf9b5,Aji Shafai maulana,https://play-lh.googleusercontent.com/a-/ALV-UjUqfwSlV1BCgjUG7pz8TIezMiFzqySzUg3zsDen2DfKXl4kNYo,I like tis,5,0,5.3.0_29183395_29332470,2025-01-29 17:19:39,,,5.3.0_29183395_29332470
a62d8734-d8d5-42c9-8c19-1864754f56b8,DZAKY2,https://play-lh.googleusercontent.com/a/ACg8ocKquqdEEhGzOZWRZPzICnhm52bQgZFhT0sCi5TxYP1SkTCSsA=mo,Game elek,1,0,,2025-01-29 17:04:39,"Kami mohon maaf atas ketidaknyamanan yang Anda alami, Traveler. Kalau Anda memiliki masukan atau saran, silakan hubungi kami melalui email atau feedback in-game.",2025-02-21 15:34:08,
4e5812b8-cfe8-41e8-af7c-17ad484db0dc,Ahmad zaka,https://play-lh.googleusercontent.com/a-/ALV-UjVzrgeBbsuEIlqfQwxfrXwKH_HeQafmKm5Mvsp5vqtGUtNGssew,"ketika lgi ngbrol panjang dan kita kena leg, knp harus ngulang dari awal sih??????",1,0,5.3.0_29183395_29332470,2025-01-29 16:56:39,Kami ingin memohon maaf sebesar-besarnya atas terganggunya pengalaman bermain Traveler. Silakan hubungi Layanan Pelanggan kami melalui pelaporan masukan dalam game atau email untuk mendapatkan bantuan tentang masalah ini.,2025-02-21 15:36:58,5.3.0_29183395_29332470
5cf4d9df-215d-4796-9ab8-5ddbaab45cbf,Farel Fahad,https://play-lh.googleusercontent.com/a-/ALV-UjV7O0mwKzz3AVzrj9Hk1pzVhjkOg_er7VYTAiKhWGBlh53IMK2k,baguss bangeetttt anjayy,5,0,5.3.0_29183395_29332470,2025-01-29 16:45:22,,,5.3.0_29183395_29332470
44c6f166-30aa-4d1f-89d4-d2f1a9c5229d,prasetya valentin,https://play-lh.googleusercontent.com/a/ACg8ocIo8IUX8AxGC5-4HydOVxU1Pg2AKZ9HfQ3ZeuUOulO6qgmFFw=mo,ada yang bisa membantu untuk pulihkan akun saya..setelah beberapa kali update dan setahun g main..kq hilang yaa..,3,0,5.3.0_29183395_29332470,2025-01-29 16:25:13,,,5.3.0_29183395_29332470
e99cbc6b-668f-49d8-8bb8-4f8d864bce55,Deni Teguh,https://play-lh.googleusercontent.com/a/ACg8ocLokFupG4gC6Wn04V1c0oUVrO4-DO3lU1hCfx6qWvOtF81HtA=mo,Keren bang,5,0,5.3.0_29183395_29332470,2025-01-29 15:44:36,,,5.3.0_29183395_29332470
2ed30fa4-a363-4aae-af11-443c2bb729cf,Dessy W,https://play-lh.googleusercontent.com/a-/ALV-UjU2k1BMJO8134JL4mnsWCYeB8OJZ7QlfUJGjTSsFHvXkgGi21g6,"Saya sdh main game ini sejak 2021. Gamenya menarik, storynya bagus apalagi story archon. Mereka niat banget, main game tp serasa seperti nonton film. Karena memang sebagus itu. Tingkatkan lg ya genshin 🥰",5,0,,2025-01-29 15:32:04,,,
8af3f9bb-52a7-4c95-b2ea-e1dd56649049,AMUBA,https://play-lh.googleusercontent.com/a-/ALV-UjVnvm2EzqEqLizp-hOt86O4vUgKIynX346du7Ug2AgThEjRRFmT,"Dimana tombol skip cerita, aku adalah Player yang suka gebuk-gebuk saja",5,0,5.3.0_29183395_29332470,2025-01-29 15:29:55,,,5.3.0_29183395_29332470
724912fa-8bde-439a-9cdf-743143f77301,Ferdi Saputra775,https://play-lh.googleusercontent.com/a-/ALV-UjWw7blttL6TFk7m0Qm49jAMYZ_2aNjHHpEMqFGSvVlPrT2txHQ,Tolong lah kalo buat quest jgn kebanyakan cerita 😌,3,0,,2025-01-29 15:26:15,,,
75401476-1633-4702-9b1a-891cd900e82e,Reyhan Bagas Manunggal,https://play-lh.googleusercontent.com/a-/ALV-UjVZmIeZp45BMzceWbzkX3GrrgT4HbvSjDLrPZPDDV05JvUgn-ZGeA,"In my personal experience when I first started playing I was very confused about where to start, but after 1 month of adapting I started to understand how this game works, especially when farming primogems, it was very fun. thank you HoyoVerse",5,0,,2025-01-29 15:26:09,,,
f042085a-c9af-430e-a58d-280dfe7b76ba,FARREL G,https://play-lh.googleusercontent.com/a-/ALV-UjV3ZhnuFiLAden-qyfB9nac8n4aW0FBQBsUNBOkGVzOqMyIHWg,Bagus,5,0,5.3.0_29183395_29332470,2025-01-29 15:09:19,,,5.3.0_29183395_29332470
5255f2fb-c1d3-474f-a0c8-175eee15259d,Agil ibra Dwitama,https://play-lh.googleusercontent.com/a-/ALV-UjUrdofKoEGtI-zcyeCCXpCHNSWhkNt9dP0xUiY4fhrk1N4EQUA,"Akun gua kena bug mulu, tolong diperbaiki",1,0,,2025-01-29 14:42:44,Mohon maaf sebesar-besarnya atas terganggunya pengalaman bermain Traveler. Silakan hubungi Layanan Pelanggan kami melalui email untuk mendapatkan bantuan terperinci mengenai masalah ini.,2025-02-21 15:33:39,
ba9bc5f3-dc81-4bbc-ae9b-df2a829371a7,Dira Putri,https://play-lh.googleusercontent.com/a-/ALV-UjWyTYw1TWkIi0goEgxiN5YYf1AbQ_GVO41H2sdThCKs1VmR60tF,"gamenya bagus banget! apalagi ada beberapa map yang bagus banget buat dijelajahi, ketemu temen-temen npc, bisa mabar juga & ngedapetin chest yang isinya random! intinya game ini wajib banget dikasih bintang 🌟🌟🌟🌟🌟",5,0,,2025-01-29 13:18:41,,,
b92bfae5-4412-4877-86e7-f5a020461d92,Khibaul Hadi,https://play-lh.googleusercontent.com/a/ACg8ocIdNStBYxrvOO13owUe33XH1pQkw94PGZS4D6SJIyFrJ7IfGg=mo,Tiba tiba keluar sendiri sebelumnya nggak,4,0,,2025-01-29 12:43:54,,,
98040911-30cd-4df6-9ab7-35dc0cff6ebc,Vann,https://play-lh.googleusercontent.com/a-/ALV-UjVyc97-lFlct0koUQIvRSjAIDTM96Z1zJYxDF2DWqGG5kn0Xa7I,"awalnya mau marah di event yang hutao mau meninggal, eh ternyata ga jadi, makasih hoyo😋❤‍🔥",5,0,5.3.0_29183395_29332470,2025-01-29 12:42:14,,,5.3.0_29183395_29332470
ba673b45-0cf6-4b23-8777-6e9133f4d07d,Mia_ Calista,https://play-lh.googleusercontent.com/a/ACg8ocKhg3TuUGrju8ERuKB9PF7wFNwCAs8nB52n4xL3uBC3XhxOlg=mo,"saya tak bisa memainkan game, katanya ada bug dan saya tak tau bug apa",4,0,,2025-01-29 12:21:43,,,
79d6ceee-ac78-4bc7-8b98-b63ccc60efc4,gibran Fadhil,https://play-lh.googleusercontent.com/a-/ALV-UjXFsX6zEVaBktq6ONEPDNaVmrh03ncKVUyQHs5RA1N8cglpYSG8,Seru bagus juga grafik nya,5,0,5.3.0_29183395_29332470,2025-01-29 12:12:53,,,5.3.0_29183395_29332470
76547908-fd8d-4681-b85d-310eecbba895,Chipnon Dein,https://play-lh.googleusercontent.com/a-/ALV-UjUF8jvVv8geRZDONvT7YPYpfYWUtnIfMdgvWvW9br7sqD2r9wlH,Aku sangat senang bermain ini.. Terima kasih atas cerita yang disajikan. Sangat Menyenangkan untuk menyelesaikan itu 👊🏻🤝,5,0,5.3.0_29183395_29332470,2025-01-29 12:01:52,,,5.3.0_29183395_29332470
1798ed80-5d32-4814-a1df-7c36ff94129a,KwasongBread,https://play-lh.googleusercontent.com/a-/ALV-UjVh0_qoBRPZRZPLHFf4_slKxsW9_ZQGx_wyJuyw-z78Nm9xjo8,kikir impect,1,0,5.3.0_29183395_29332470,2025-01-29 11:27:35,,,5.3.0_29183395_29332470
69411c9b-eaed-4def-ae81-cac2ca58dd6e,Bang Budi,https://play-lh.googleusercontent.com/a/ACg8ocLsanWbWFAqdtbpPTucroxfWc0w9pjGHci3EazBiibdNDYUkA=mo,Saya selalu mendapatkan artefak yang jelek terus menerus saya jadi tidak mood main,1,0,5.3.0_29183395_29332470,2025-01-29 10:34:23,"Kami mohon maaf atas permasalahan ini, Traveler. Silakan hubungi kami melalui email atau feedback in-game untuk mendapatkan bantuan lebih lanjut tentang masalah ini.",2025-02-21 15:29:21,5.3.0_29183395_29332470
30aceefd-934d-4416-a214-59677b5f4ba2,Zahra Melati,https://play-lh.googleusercontent.com/a/ACg8ocL5mky1QsYzvbjVRKVn2-CnRw2srsKwJiOgnphe8mDtFAUqVQ=mo,"Really boring archon quest. Waste my long weekend for this. ""Straightforward"" story my ahh, it's just another power of friendship story with 0 stakes and 0 spices. The Natlan characters have nothing's going on for them except patriotism. Heavy glazing for traveler too, which takes too much screentime & gives nothing else story-wise except cringe. What a clownish take for what's supposed to be the nation of war. At least the dinosaurs are cute, as clunky to use as they are.",1,2,5.3.0_29183395_29332470,2025-01-29 10:29:03,"We sincerely apologize for your unsatisfactory experience, Traveler. If you have any feedback or suggestions, please send us an email or contact Customer Service via in-game feedback to help us improve the game.",2025-02-21 15:31:07,5.3.0_29183395_29332470
03ce216b-012b-4191-be51-0e5b142eb640,Shiranui Frill,https://play-lh.googleusercontent.com/a-/ALV-UjUpToRdFnqELXOwd_3m1EZdCsWvKqjZVfZXT-jOR1UKNul9FgI,"Tolong dong, lebih adil untuk kedua MC nya, jangan cuma mencondongkan ke aether doang, udah bagus tapi masih ga pernah mau nerima keluh kesah para player",3,1,5.3.0_29183395_29332470,2025-01-29 10:27:49,,,5.3.0_29183395_29332470
ea33bcfb-1c36-43e3-b438-009d95f9cb2b,Zaid Akif,https://play-lh.googleusercontent.com/a/ACg8ocJEs8wbb5kVb6mstk-eaiCwz5T73AoAmlZwuLXFNr8AomVszw=mo,I love furina,5,0,,2025-01-29 10:27:49,,,
543e704a-4f60-4d8e-9b5e-c1bdc19aaf85,sunoo,https://play-lh.googleusercontent.com/a-/ALV-UjXdqkDcG2rC88eDsqgvaaTJYv3zii4TUP71cPNnowPe3nklmN9D2w,"ini game tu bagus sebenernya tapi bisa ga si dikasih fitur skip dialog, aku jual akunku yg dulu trs ngulang jadi males main karna banyak dialog yg udh tau bakal gimana tp ttp harus baca, klo skip pun pencet pencet lama, pls lah kasih fitur skip sekali pencet, gw jdi males login anjir",4,0,3.6.0_13833164_13951843,2025-01-29 10:03:21,,,3.6.0_13833164_13951843
bcbbcfa5-11aa-4196-85d9-1ee70054fe28,Latif Zv,https://play-lh.googleusercontent.com/a/ACg8ocKbvOr-PAPPnKn4VmEpISZA8XC3sf8gOkxqjQB4kMRXUDfumw=mo,"Kikir, dpt cahr susah amat",1,2,,2025-01-29 09:53:44,"Halo, Traveler! Traveler dapat melihat aturan sistem Wish di bagian [Rincian] pada halaman Wish. Jika kamu memiliki pertanyaan tentang perincian dari aturan tersebut, silakan hubungi tim Layanan Customer Support kami melalui feedback in-game atau melalui email.",2025-02-21 15:31:19,
8773050f-24df-497c-9d9a-30c91cce2e31,Fatihah Rizki,https://play-lh.googleusercontent.com/a/ACg8ocJL7tW0mO1p6orI3sPW_NjDeMZ4Hr_zlihwlmdFS-1-Poielw=mo,tolong kurangi data nya,1,0,,2025-01-29 09:36:35,"Halo Traveler,
Terima kasih atas support anda pada Genshin Impact!
Untuk mengurangi jumlah size data game, anda direkomendarikan untuk menghapus data Voice-line dan data Quest lama yang bisa dilakukan melalui setting in-game. Jika anda mengalami permasalahan lain atau ingin menyampaikan feedback, jangan sungkan untuk menghubungi tim customer sup...",2025-02-21 15:31:39,
a0b3ee87-b6ed-4e1f-8184-ec8aaccb9c13,Shanty Widhya,https://play-lh.googleusercontent.com/a-/ALV-UjXAC7HZxzPVIzkIRNTzZ6jNBJy28VQV32t-q1x8C7fx4XN8tgQ,Teruntuk developer Berilah skip all dialog karena tidak semua pemain adalah wibu karena kami hanya mau mengeksplore dan bukan membaca dialog satu persatu karena hampir semua karakter mempunyai dialog yang panjang Maaf aku pakai hp emak ku,4,0,,2025-01-29 09:30:12,,,
ed68dcac-ce3b-44eb-baa3-fa46c7f9b350,dima sikk,https://play-lh.googleusercontent.com/a-/ALV-UjUAgwcye88m_tu2hB7xmLe_rCG7PzzVOhQksjcM2yTS9GSBmxA,atlest kasih fitur skip side quesst kek annoying bgt lg enak2 explore tb tb ketrigger quest mana yaping nya lama bgt,1,1,,2025-01-29 09:05:16,"Terima kasih atas dukungan Traveler terhadap Genshin Impact. Kami menerima secara terbuka semua masukan/umpan balik dari kalian. Jika Traveler memiliki saran atau masukan, jangan ragu untuk menghubungi kami melalui feedback in-game atau email.",2025-02-21 15:33:58,
5ef9c7ec-7866-4918-90c7-ba3857095f4d,ニザム,https://play-lh.googleusercontent.com/a-/ALV-UjX5hrcUAP7MZEiD14CjU-6wE3DRxS7WSne0ejiDLIIEPwU-Gisp,Aduhai baiknya,5,0,5.3.0_29183395_29332470,2025-01-29 08:43:05,,,5.3.0_29183395_29332470
f9d5367c-6bf7-476a-82d6-abdd2e3ec465,Awal Jati,https://play-lh.googleusercontent.com/a/ACg8ocJSmOfurrKnpdHn-XC6x0hfFlsckLtjpXI8nFqDahu_qfwd_5k=mo,"Game yapping kebanyakan story telling, bukannya open word diperbanyak tarung malah yapping. Game kikir pelit",1,13,5.3.0_29183395_29332470,2025-01-29 07:16:36,"Kami mohon maaf atas ketidaknyamanan yang Anda alami, Traveler. Kalau Anda memiliki masukan atau saran, silakan hubungi kami melalui email atau feedback in-game.",2025-02-21 15:34:45,5.3.0_29183395_29332470
8a1c7902-912e-40d9-b48b-820a66395658,Busant Elmura,https://play-lh.googleusercontent.com/a-/ALV-UjUffw4upd8ikL3Mvsbm95rlhEbZOU6OHZCFQW3ZgwDd_Iadg18,Seru bgt,5,0,5.3.0_29183395_29332470,2025-01-29 06:54:31,,,5.3.0_29183395_29332470
cc1c3dd7-b0a6-445c-bbb8-e10ba9104567,Tante Kenni,https://play-lh.googleusercontent.com/a/ACg8ocJsgMaXq5vDNWrj4HtPIsb6geckLx8EKGg5PQSSxcSDVtu-VQ=mo,Unduh datanya lama,1,0,,2025-01-29 05:53:46,"Kami mohon maaf atas permasalahan ini, Traveler. Silakan hubungi kami melalui email atau feedback in-game untuk mendapatkan bantuan lebih lanjut tentang masalah ini.",2025-02-21 15:35:37,
b5c30b2d-c474-4776-915c-4e3da2da90b0,Giovanni Tristan,https://play-lh.googleusercontent.com/a/ACg8ocLjzYsJtB-PdmZHyJTN7yGPxP9Uxz-OWz-DNHARAuOgCTGTGw=mo,Bansos nya kurang,2,0,5.1.0_27118081_27297621,2025-01-29 05:50:12,,,5.1.0_27118081_27297621
9aa5f574-7adf-462a-a922-a8c1bd50a625,Anos Voldigoad,https://play-lh.googleusercontent.com/a-/ALV-UjWJdWpxkDhvsqG77ycgEUbVl9c1r96_vK8DUUuL9fi_KiZbbEs,Bagus game nya tolong buat raiden ei jadi semakin kuat karena dia kan varian raiden mei yakali ei paling lemah,5,0,,2025-01-29 05:19:59,,,
0c9318c3-7918-44d9-8671-f52624f05c2b,Nabila Zahra R.M,https://play-lh.googleusercontent.com/a-/ALV-UjURoHG9DaUB_qqsfOXuGf_KMNzCojDUsxu7QurzLDSIZLB1_lSIsg,natlan burik,5,0,5.3.0_29183395_29332470,2025-01-29 03:19:00,,,5.3.0_29183395_29332470
b5fec5d7-9c4a-4a4a-bb03-e69e029b003b,Fadil 123,https://play-lh.googleusercontent.com/a-/ALV-UjX0Ad92sr_AQesC7-PRUZJ5l8gx8ynCzHg0p4oE6WhH5JaYn3nR,i hope i getting more reward and decrese chance getting character in hard pity,3,1,5.3.0_29183395_29332470,2025-01-29 02:59:02,,,5.3.0_29183395_29332470
22101309-72a6-4d61-9391-2f4aea7b27ff,james chipel,https://play-lh.googleusercontent.com/a-/ALV-UjXr6XojbAg6xYqISwVILwPVeZN4kG109wiZU0DDnHKLLs5B-Gqr,Gemeya bagus,4,0,5.3.0_29183395_29332470,2025-01-29 02:51:41,,,5.3.0_29183395_29332470
2746a21b-9a9c-414b-b1b5-e7a64d82d127,nafis nahida,https://play-lh.googleusercontent.com/a-/ALV-UjXKdXeqrl4l70wgQIx9wo9zS_BlU2U7o7OZ0dRWT_swcsachYk,🔥🔥🔥🔥🔥🔥🍑,5,0,5.3.0_29183395_29332470,2025-01-29 02:01:44,,,5.3.0_29183395_29332470
65f9c446-17db-424f-804e-7af0a5510b1b,Saiful Anwar,https://play-lh.googleusercontent.com/a-/ALV-UjXLNtChiliJz_WbmTaDMO11n2U7sRo7dCn6Wj42Dx8uG6bsDbCz,Andaikan bisa tuker karakter utama,5,0,5.3.0_29183395_29332470,2025-01-29 02:00:01,,,5.3.0_29183395_29332470
8b5d9e17-26e3-4a62-b4b6-583e5b3c03eb,Favoo 4Youu,https://play-lh.googleusercontent.com/a-/ALV-UjXHAlZl6H2DyHqAqayuYb23VtRq9MgCuaDTQ6dgtI6vzPASPyg,perfect/10,5,0,,2025-01-29 00:42:46,,,
04c57944-9267-4249-a4ed-a9f6ed4cfd8a,A. Aira,https://play-lh.googleusercontent.com/a-/ALV-UjUbCsNxyd_ai1u57UM4G0Q8_YVRON9ohKn5QbFDWdWxSDPXPEI3,saya pernah main bagus tapi lama download datanya sangat menguras memori dan waktu,5,0,,2025-01-29 00:07:30,,,
6d6321af-7f8a-41a8-acb6-321074dc2ee2,Muadz Rafiuddin,https://play-lh.googleusercontent.com/a/ACg8ocI9B_sfHOrnW3iHZV2GZ022ioC5-DIwllbvt5xQg_qXwAr2sA=mo,Game baik banget cuii gw Menang rate off sehat2 game dermawan (klo kalah rate off gw kasih bintang 1 lagi),5,1,5.3.0_29183395_29332470,2025-01-28 23:32:13,,,5.3.0_29183395_29332470
2e23e47e-d56d-4476-9114-c53bf8c24c4c,bim ys 15,https://play-lh.googleusercontent.com/a-/ALV-UjUlRkyTHzvDXOnyklwl0NrdfwEkXLGZw9QV3fi7NqNEU6t3hEOT,Nice game,5,0,5.3.0_29183395_29332470,2025-01-28 23:25:30,,,5.3.0_29183395_29332470
713526e5-9e83-42cf-974d-3e825ffff743,Irfan Zaki,https://play-lh.googleusercontent.com/a-/ALV-UjWlXLsU1W5nxYhc3TnnL7erED09pnWoGF6Z3Iy6w7-gAvHSDULe,Bagus,5,0,5.3.0_29183395_29332470,2025-01-28 22:40:56,,,5.3.0_29183395_29332470
02443604-2fc2-40ea-ab32-af4020c20b04,Yusuf Ikhsannudin,https://play-lh.googleusercontent.com/a/ACg8ocL1rR1b9nVdG7SjTGSu665q-MJFrWpSebTFhPTJPHXoCmj8etM=mo,Thanks hoyoverse😺,5,0,5.3.0_29183395_29332470,2025-01-28 22:33:18,,,5.3.0_29183395_29332470
f3ad3ed5-5153-462f-ac03-f46371a98471,Shafana Azkadina,https://play-lh.googleusercontent.com/a/ACg8ocKzNKHnvkfHqsf-kMnNYyaIT2_2M898F7rE4HT6uw8PgfsbfA=mo,Baru donlod loding nya lama bangett sampe 5 jam kali kecewa banget si,1,2,5.3.0_29183395_29332470,2025-01-28 21:54:41,"Halo, Traveler! Terima kasih telah mendukung Genshin Impact. Fungsi fitur pra-unduh adalah untuk memberikan player akses pada konten terbaru lebih cepat sewaktu versi terbaru dirilis. Jika Traveler mengalami masalah sewaktu pengunduhan, silahkan menghubungi CS kami melalui email. Kami akan memberikan bantuan/jawaban yang sesuai untuk Traveler.",2025-02-21 15:40:38,5.3.0_29183395_29332470
7ae46033-c8c6-42a8-9071-04a76402b327,Si paling,https://play-lh.googleusercontent.com/a/ACg8ocIjHS_vrgOup2je1DXJHHNzjnLvFcjfE9YxFH0EZng4ok3EEw=mo,Yeah,5,0,5.3.0_29183395_29332470,2025-01-28 21:28:39,,,5.3.0_29183395_29332470
e2a6ff9d-d0c4-4754-81ed-9ca2f0f520d4,Cahya Cahya,https://play-lh.googleusercontent.com/a-/ALV-UjXwf5FyEIuMzl4cpy2QCwEqOxafhygZ76Z98-Hic23RDZKlipo,"Menurut saya dari segi grafik sudah mantap dan aesthetic, tapi pls penyimpanannya begitu besar:) , itu saja",5,8,5.3.0_29183395_29332470,2025-01-28 21:15:24,,,5.3.0_29183395_29332470
456fcd96-88a9-479f-bfcd-0a3cdc541170,Kevin Krisnha,https://play-lh.googleusercontent.com/a-/ALV-UjWNwRuwq2TsEc_8VLZF2hAXtndD1VFf_W4Q_sXs1uvttRNWrtw,"Sangat bagus,saya sangat suka",5,0,5.3.0_29183395_29332470,2025-01-28 20:58:10,,,5.3.0_29183395_29332470
9dfa5e6a-6b6b-4847-af86-2ffe4c561bd3,Restu Aji,https://play-lh.googleusercontent.com/a-/ALV-UjW0DtOMlH4LsyS7Wiy-vLmPeUFf_j2KOIinMuyx9FxrR26Rzgfj,Terlalu lama donlout data nya,1,0,,2025-01-28 20:55:32,"Halo, Traveler! Terima kasih telah mendukung Genshin Impact. Fungsi fitur pra-unduh adalah untuk memberikan player akses pada konten terbaru lebih cepat sewaktu versi terbaru dirilis. Jika Traveler mengalami masalah sewaktu pengunduhan, silahkan menghubungi CS kami melalui email. Kami akan memberikan bantuan/jawaban yang sesuai untuk Traveler.",2025-02-21 15:42:23,
2882c5a9-d16e-4491-a85e-d163e1aa328b,Yoni Tabah Udin,https://play-lh.googleusercontent.com/a-/ALV-UjVxltOxAnRY_lUElGRFPB5tb3mk9wWGubY6p-RooHqPd9C7k0nO,Enak dimainin kalo lagi santai,5,0,,2025-01-28 20:49:22,,,
04409acb-5001-4af2-a156-abfd91d5fb0e,K I R A H A T A K E,https://play-lh.googleusercontent.com/a-/ALV-UjXrx_SuE6yx0n_8Xt8y_R6g62V_P3sH2ry0ReckCJTnsJD2Ryrr,GK DAPAT ARLECHINO PENSI MAIN,5,0,5.3.0_29183395_29332470,2025-01-28 20:31:59,,,5.3.0_29183395_29332470
f8819839-57c0-4bef-a5c7-d91046687a0a,Yohan,https://play-lh.googleusercontent.com/a-/ALV-UjV6O-ThjaPlMZpfh0cT8zEJ-bWMfxDy-wl3UUiFbEBBFCZWZ6Fl,"Asli asli, intinya mah ping nya di mobile lebih sering drop dibanding pc",5,3,5.3.0_29183395_29332470,2025-01-28 20:15:55,,,5.3.0_29183395_29332470
df69a865-c6bb-414a-81a0-330c61d2bd76,Febrian Azka,https://play-lh.googleusercontent.com/a-/ALV-UjUVr8gfNFPDJ5bbiwn1g1lbJQSKswLlGydvtYktu1LS5Z8E4yU,good,5,0,5.3.0_29183395_29332470,2025-01-28 20:15:19,,,5.3.0_29183395_29332470
2c459a2c-9ca9-4277-8dcb-97851f3fba95,Abdullah Azzam Haidar Fauzan,https://play-lh.googleusercontent.com/a/ACg8ocK52YuNF7rROCXW2nnoukG9bvVuONN4jeg1EOoRm6RGi42_9w=mo,Idk but boring story,1,1,,2025-01-28 19:57:50,"We sincerely apologize for your unsatisfactory experience, Traveler. If you have any feedback or suggestions, please send us an email or contact Customer Service via in-game feedback to help us improve the game.",2025-02-21 15:42:24,
9f3f18e3-f2b8-4188-a440-3f71809763ba,Keyzha Aininda,https://play-lh.googleusercontent.com/a/ACg8ocKFCKjVFFPYRZt15wBbqHs9wh81PJbz1wxBBMze4fm35VJqYA=mo,Sebelumnya aku udah download pas mengunduh data jam 6 pagi sampek jam 5 sore baru 12 persen semoga download yang ini cepat bisa masuk,1,0,,2025-01-28 19:47:30,"Halo, Traveler! Terima kasih telah mendukung Genshin Impact. Fungsi fitur pra-unduh adalah untuk memberikan player akses pada konten terbaru lebih cepat sewaktu versi terbaru dirilis. Jika Traveler mengalami masalah sewaktu pengunduhan, silahkan menghubungi CS kami melalui email. Kami akan memberikan bantuan/jawaban yang sesuai untuk Traveler.",2025-02-21 15:47:21,
737d4621-f1e4-4b78-afec-89cc3bcdc193,Diego Junior,https://play-lh.googleusercontent.com/a/ACg8ocIsczyaOn53fUNmfNRLNZDBxDX4TtXQmVA6cjoNXozin5ze5g=mo,I love game story,5,0,,2025-01-28 19:39:49,,,
6b6d85eb-c450-401a-93a6-d2a7612af7f1,Alkautsar Arya,https://play-lh.googleusercontent.com/a/ACg8ocIF2G3HUL_ArblzhrXtdPQWackuLAzklyMy_xH6kcQ5bJle_g=mo,Game kikir pelit banget ke player nya,1,1,,2025-01-28 19:30:06,"Kami mohon maaf atas ketidaknyamanan yang Anda alami, Traveler. Kalau Anda memiliki masukan atau saran, silakan hubungi kami melalui email atau feedback in-game.",2025-02-21 15:48:23,
cb890041-a8fa-46ac-bdd8-7df2ae17a241,Faisal Nagmoker,https://play-lh.googleusercontent.com/a/ACg8ocL8wD3H4bCwhAG7U3HR6jW13C3U4r_B1x-da7uRpTzlGnBMMQ=mo,Sangat bagus,5,0,5.3.0_29183395_29332470,2025-01-28 19:06:37,,,5.3.0_29183395_29332470
f82bbf85-64d5-4d1d-baaf-0b7e7f60b240,The Brutz,https://play-lh.googleusercontent.com/a/ACg8ocJWm5wpm5yDYrXcSwWcjpLOF7yvN946XBwLk6zYWurat5iPQg=mo,Game nya suda bagus walau pelit Primo.. tapi gua suka tapi gua mau komplen Ama baju ather yang kelihatan g perut itu di tutup bisa g biar g keliatan kaya cewe.,4,0,,2025-01-28 18:36:06,,,
5ff631ea-584c-4608-8bd7-3a2fc4a5c9a7,Irul Irrul,https://play-lh.googleusercontent.com/a/ACg8ocIwg4Jr1tZDjpqzSGj-eZYpbD5XoIOXXVgP3CjWDQ7sGEW4=mo,"Setelah bermain genshin saya lebih ramah,sopan tidak mudah marah dan kehidupan saya jauh lebih tenang.",5,0,,2025-01-28 18:17:28,,,
fdfbd503-1c13-4bd8-9dac-7a3295687d16,Daniel Yulius,https://play-lh.googleusercontent.com/a/ACg8ocJYdIOmTJLFSM7g5Rjxi-aWYRWae_xcNFQjhzDjxCANmJGIGg=mo,"Game sampah, quest nabrak2 jadi tidak bisa nikmati gamenya",1,0,,2025-01-28 18:17:18,"Kami mohon maaf atas ketidaknyamanan yang Anda alami, Traveler. Kalau Anda memiliki masukan atau saran, silakan hubungi kami melalui email atau feedback in-game.",2025-02-21 15:51:11,
09fe203c-b2bc-4b04-a1e5-6851f14bb9b8,HD Hidayatullah,https://play-lh.googleusercontent.com/a-/ALV-UjUTMMwCNC9VLS19sGS9j03Z_vk714WpAozYIkTJv4eal2PhmrqS,"I was defending this game when ur 1st anniv but nah for now, this game is in its downfall",1,3,5.3.0_29183395_29332470,2025-01-28 17:55:02,"We sincerely apologize for your unsatisfactory experience, Traveler. If you have any feedback or suggestions, please send us an email or contact Customer Service via in-game feedback to help us improve the game.",2025-02-21 15:57:37,5.3.0_29183395_29332470
d37d6667-7a80-4f88-ba1e-59ec73ff6e1d,Hafiza Magda keisyha,https://play-lh.googleusercontent.com/a-/ALV-UjUTSXjvw31GOTxUwbYrTpXTxW3EGSetkz4pwkUI6lrHEMW2ldHj,"Karakter laki2 dikit banget, bosan liat cewek trus",1,2,,2025-01-28 17:25:06,"Kami mohon maaf atas ketidaknyamanan yang Anda alami, Traveler. Kalau Anda memiliki masukan atau saran, silakan hubungi kami melalui email atau feedback in-game.",2025-02-21 15:59:58,
b87b2a99-da28-459d-989c-e1da5168b7cd,FaH reL,https://play-lh.googleusercontent.com/a-/ALV-UjUiITFIJ8w_ymykaV21dFosCmbbfIC1G9StuIuyQGGsdQUj62by,"Well Made, Enjoyable Story and Easy Gameplay",5,0,5.3.0_29183395_29332470,2025-01-28 17:18:00,,,5.3.0_29183395_29332470
ce6fc08b-0405-4dd2-bd75-1100996bcdf3,F2pGaming 999,https://play-lh.googleusercontent.com/a-/ALV-UjWsvLGw1Tid0anDDRu3hn4bv0d214dNBEphwPs7lqELv1IgAeY,"1-5 ku kasi 2 bintang, alasannya kenapa?1.terlalu banyak dialog/banyak omong 2.sistem gacha ampas 3.ping terlalu tinggi 4.gak bisa edit kontrol layar",2,0,5.3.0_29183395_29332470,2025-01-28 16:59:27,,,5.3.0_29183395_29332470
69f4c2c2-815d-4297-ae4a-f4ecd0cad1e2,Kaywra th,https://play-lh.googleusercontent.com/a/ACg8ocJ1U632CKQi-S8ZReX_TCmbePIben37Vo5UqVZy4_cTt9yw4g=mo,aku suka,5,0,5.3.0_29183395_29332470,2025-01-28 16:42:31,,,5.3.0_29183395_29332470
a8de9370-b9f7-4acf-a9c7-eac092f78f6b,ShiroNeko AMV,https://play-lh.googleusercontent.com/a-/ALV-UjXY3R5rhNH-W_GnJhBhfuoO5FpbhPTzLQ8p4B3AQ-CVgnDCLm_w,Kecewa hutao gajadi m*ti,1,0,,2025-01-28 16:40:27,"Kami mohon maaf atas ketidaknyamanan yang Anda alami, Traveler. Kalau Anda memiliki masukan atau saran, silakan hubungi kami melalui email atau feedback in-game.",2025-02-21 16:01:33,
4e1ba0ee-c388-4e8d-ae94-7dedde6ba1d8,Airaa,https://play-lh.googleusercontent.com/a-/ALV-UjVGvYhcXClkNEWiP4S3nNF_wl5F5YlRTGzvltZ8dTrxaayVe89O,Untuk cerita nya sudah bagus cuma terkadang kebanyakan basa basi jadi bikin bosen,3,0,,2025-01-28 16:04:21,,,
8fc70589-4b6f-4172-b8f0-8a7cad787757,MOH RAMADHANI,https://play-lh.googleusercontent.com/a-/ALV-UjUvlcH7umrgNe_qzBcbqypwjTyhrcI3_gZuJYA868b9vkBVSM4,Masih pemula sih tapi bagus bangettt 🥰🥰,5,0,5.3.0_29183395_29332470,2025-01-28 15:46:55,,,5.3.0_29183395_29332470
90c682ad-1bb7-48d0-935f-cef3c64f50ac,Rasya Putra Andromeda,https://play-lh.googleusercontent.com/a-/ALV-UjVHMD-kV_MRQV6DtElrrD0fHl-3tXjES2nC_EWX2YQF_rq0lBU,best Lantern rute ever,5,0,5.3.0_29183395_29332470,2025-01-28 15:33:26,,,5.3.0_29183395_29332470
6ca9e8a9-9aab-4e99-82c0-a50ec839a02f,Anneira,https://play-lh.googleusercontent.com/a-/ALV-UjWXrjfzYa97FuWO4ozBfz6TuNyyhTfJeYYJxZxk1JamfYJUP2Tj,Bad Content.,1,0,,2025-01-28 14:42:41,"We sincerely apologize for your unsatisfactory experience, Traveler. If you have any feedback or suggestions, please send us an email or contact Customer Service via in-game feedback to help us improve the game.",2025-02-21 16:05:09,
dac49716-373d-4164-ab41-3fc71e49479f,vyeee,https://play-lh.googleusercontent.com/a-/ALV-UjUYOddzxqSBAyaZMXUTG4po2gs5LP8io2gT_Xu_ynBbjkFUegCazQ,kalo udah kikir minimal kasih male chara,1,1,5.3.0_29183395_29332470,2025-01-28 14:33:36,"Kami mohon maaf atas ketidaknyamanan yang Anda alami, Traveler. Kalau Anda memiliki masukan atau saran, silakan hubungi kami melalui email atau feedback in-game.",2025-02-21 16:05:32,5.3.0_29183395_29332470
04a61423-0b13-4d65-a6bf-4bc41ea0e99b,Nn Karina,https://play-lh.googleusercontent.com/a/ACg8ocIFEaVKihSSBWb0cqr3VL2t4X14A_liPNJR_ehR6Pc-a58_vA=mo,Bagus,5,0,,2025-01-28 14:32:26,,,
74795835-915e-4ce5-9cb3-3437e3d09d88,Fadillah Agustin,https://play-lh.googleusercontent.com/a/ACg8ocJ5cMrBxjia5cmMcs44PdX1GieqQ9unigrxJVrxHmqfSkfGzw=mo,"sejauh ini semuanya sudah bagus, but we need more man",4,0,5.3.0_29183395_29332470,2025-01-28 14:18:42,,,5.3.0_29183395_29332470
665f55e5-1f66-4afd-b1f3-20324560e072,Annisa Nurmaulida,https://play-lh.googleusercontent.com/a/ACg8ocLtiY_g9BoptNtWJdHHPUdexDFBGC4ZhFtQWKJC7MmFoeZGHw=mo,Susah login ulang (suka tiba2 logout sendiri dari akun) dan ngebug jadi ga bisa ngebuka aplikasi,2,0,,2025-01-28 14:13:48,,,
c6ff0aec-315f-4cf8-bccc-dd4b39f76020,Yelilis Santi,https://play-lh.googleusercontent.com/a/ACg8ocIBM4zCz50ZJK25fUeI2Mn7aQvrO43aPXoHN1y22cQBci3n7Q=mo,Bagus sih tapi rada lagging._.,4,0,,2025-01-28 14:13:28,,,
e8731cf0-6720-457c-8c81-c4804a4f81c0,Toni Lena,https://play-lh.googleusercontent.com/a-/ALV-UjUa9BSEeFq5X_ew9DGcVWxa_NiRyvliMftG90soENiyXu_hqIFPVg,pas natlan ini alur nya ngebosenin,1,0,,2025-01-28 14:09:12,"Kami mohon maaf atas ketidaknyamanan yang Anda alami, Traveler. Kalau Anda memiliki masukan atau saran, silakan hubungi kami melalui email atau feedback in-game.",2025-02-21 16:05:42,
490a3ef0-4358-4cab-8d2d-458b7baffebc,You-Se (Youth),https://play-lh.googleusercontent.com/a-/ALV-UjWDdWWwAVzVPunzfOvJzA9GKnZNk0LiOcCCU5x5Hguxo6Bo4cGv,"Oy hoyo, please add feature to switch mc like Wuwa, i want to switch to aether😔",4,0,4.8.0_24603909_24822834,2025-01-28 14:06:02,,,4.8.0_24603909_24822834
04bbf9cd-4d4c-4ba8-a543-5f762c98b44b,Martin Pragus Lumbangaol,https://play-lh.googleusercontent.com/a/ACg8ocInhJk2EOhMhsoJUjVzs41j4ZWsli-JL8V_NWYvHS5WIVE9fA=mo,aga mantep la,4,0,5.3.0_29183395_29332470,2025-01-28 13:27:57,,,5.3.0_29183395_29332470
d675fcf3-464d-4ede-9f46-a3ac4e437f06,alhaizen,https://play-lh.googleusercontent.com/a-/ALV-UjWg87KCX0lZwJ5wZgxTkyvzb2eG4gSRUyYqMFJ3864rFAKB3t7X,kurang cowo yg keluar waifu mulu terus mc lumine disuruh apa jadi lesbi??,1,2,2.6.0_6179196_6305792,2025-01-28 13:21:17,"Kami mohon maaf atas ketidaknyamanan yang Anda alami, Traveler. Kalau Anda memiliki masukan atau saran, silakan hubungi kami melalui email atau feedback in-game.",2025-02-21 16:06:20,2.6.0_6179196_6305792
094449cd-b29d-4170-af5a-34e88f57f9f7,Dwi F5,https://play-lh.googleusercontent.com/a/ACg8ocJIwGh3uLwPM_Hnn_0GViKv-x8uCFaQqosiT84FtGmQ_1RZoA=mo,"Stat artefak terlalu parah,tiap ada def pasti hp masuk, aneh gitu2 mlu, coba di fix lgi rate stat artefak biar ga bkin Player rugi material, tingkatin rate crit biar Player puas, thx",1,2,,2025-01-28 13:11:17,"Kami mohon maaf atas permasalahan ini, Traveler. Silakan hubungi kami melalui email atau feedback in-game untuk mendapatkan bantuan lebih lanjut tentang masalah ini.",2025-02-21 16:08:18,
1ad477bf-c748-45ae-9b5d-f887dd130d6d,Davin Rajendra,https://play-lh.googleusercontent.com/a/ACg8ocK_AyagxGSOWG2qHqeplQU1sUAHYnZ0KRhpfnE3uDQIolKwkw=mo,Bagus grafiknya cuma agak berat jurus ultimate nya juga keren,5,0,,2025-01-28 12:56:42,,,
302939aa-7645-4d53-8e78-813939615f0f,Raysha Palupi,https://play-lh.googleusercontent.com/a/ACg8ocLRE6KmhJOMiHHDrLsomD26fdFAZoZcgwfXAdWlRJOAcv8oDg=mo,game kikir,1,0,5.3.0_29183395_29332470,2025-01-28 12:42:09,,,5.3.0_29183395_29332470
b3d9fb8e-38af-49a7-835e-c64d1c3cff7a,Fake NPC,https://play-lh.googleusercontent.com/a-/ALV-UjUUcEO6TwtaOk1DDU3MmEBmHiIkt3362S9VqPfY_n0vf9p9cOxE,"Quest story ber jam-jam tanpa bisa skip dialog cuma buat puluhan primo? Lawak kikir, sebelah aja bisa skip dikasih reward ratusan, pantes kalah hype, ketimbang banyakin yapping mending nambah Qol yg lebih berguna, malah nambah fanservice, segitu greedy nya kah buat gaet balik player, jangan blunder lah, yg ada malah makin ditinggal player",1,1,4.8.0_24603909_24822834,2025-01-28 11:54:17,,,4.8.0_24603909_24822834
c155af79-a0e6-4d04-9db9-c3bbfc48416e,Arkanza Habsyi,https://play-lh.googleusercontent.com/a-/ALV-UjVbQEpo_bf7Bof-bCFVOXg20LudzOTLweqp6cQkS9ikpSvL98Ng,Kasih bansos yang banyak Kayak honkai star railll,2,0,5.3.0_29183395_29332470,2025-01-28 11:45:43,,,5.3.0_29183395_29332470
c6a938f3-e6e3-4262-a7db-7ca81b973877,cayen,https://play-lh.googleusercontent.com/a-/ALV-UjXkHJG79FIprPewGLOSdzkQwKefaJ66VPkZABV7IgllkVi0iOsp,dev pemalas buat apa kasih bintang 5:V,1,0,,2025-01-28 11:38:56,"Kami mohon maaf atas ketidaknyamanan yang Anda alami, Traveler. Kalau Anda memiliki masukan atau saran, silakan hubungi kami melalui email atau feedback in-game.",2025-02-21 16:09:00,
f87d0e44-f805-4443-b886-113a7e8169f4,Amriansyah Samosir,https://play-lh.googleusercontent.com/a-/ALV-UjUFEg7dYMyLNYlEmnlGu8o6sajwUZcGTeKyM0U_BUS-dGgs3ETp,woy!!!!!!!!!,5,0,5.3.0_29183395_29332470,2025-01-28 10:34:23,,,5.3.0_29183395_29332470
5c495c1b-277d-416f-8a65-881674acf544,matahari ku,https://play-lh.googleusercontent.com/a/ACg8ocIpWXcZgnFZX6cFXT2lwcRQSHuWrf8dZs2_z4S1gZhFS_uvTA=mo,"jelek banget, tergeting incel too much, karakter waifu dengan backstory yang sembarangan, tidak ada building sama sekali cuma ingin memuaskan incel, archon quest natlan yang sangat biasa aja padahal region sebelumnya berhasil booming, karakter laki laki yang hanya 1 bintang 5 dalam 2024, i already spent too much in this game and this is how hoyoverse treat me",1,7,5.3.0_29183395_29332470,2025-01-28 10:15:01,"We sincerely apologize for your unsatisfactory experience, Traveler. If you have any feedback or suggestions, please send us an email or contact Customer Service via in-game feedback to help us improve the game.",2025-02-21 16:09:24,5.3.0_29183395_29332470
3bde5676-af3d-4766-ae1d-76d2a8ada2c5,Yesaaa,https://play-lh.googleusercontent.com/a-/ALV-UjVcDaIwZKwZKsH0kXEnAFkjYeUhLwe-zxP-lj0Sn_TgBH1zbJE,"cintaku pulang, makasih game baik",5,0,5.3.0_29183395_29332470,2025-01-28 10:07:06,,,5.3.0_29183395_29332470
b51bc793-6e60-4181-aece-5e9da8b4bfb1,Fadilzaki 2025,https://play-lh.googleusercontent.com/a/ACg8ocL7q-xeL6ilVXzZOuIxX2SaBIeklhLB_SWxGadTEkkDuWa4=mo,Moga moga teyvat di perbesar map nya,5,0,5.3.0_29183395_29332470,2025-01-28 09:45:14,,,5.3.0_29183395_29332470
d958ca00-d755-4821-afd4-95eb6996e230,Heru Prasetyo,https://play-lh.googleusercontent.com/a-/ALV-UjU-Oj_7fkCYZjHVvYvSqPueWABDc0wKk7GCNBzUU8bA_aWPmIA,1. Kurangnya Inovasi: Konten yang disajikan terasa seperti pengulangan peristiwa sebelumnya tanpa ada unsur baru yang benar-benar segar. 2. Minimnya Tantangan: Event pertarungan yang disajikan tidak memberikan tantangan yang berarti bagi pemain yang sudah lama bermain. 3. Pendekatan Fanservice: Saya merasa fanservice yang berlebihan dapat mengurangi kualitas narasi dan karakter dalam game.,1,2,,2025-01-28 09:29:26,"Terima kasih atas dukungan Traveler terhadap Genshin Impact. Kami menerima secara terbuka semua masukan/umpan balik dari kalian. Jika Traveler memiliki saran atau masukan, jangan ragu untuk menghubungi kami melalui feedback in-game atau email.",2025-02-21 16:11:20,
21423c7e-279e-45f6-8224-3c57f9426276,Syf Dahlina,https://play-lh.googleusercontent.com/a/ACg8ocK8b5dnOyEalzmg5dLhTnrJTNWwLjsZFYhOXjqXQsGlvdovHw=mo,gud feri gud,5,0,,2025-01-28 08:57:23,,,
80886009-4169-4bae-a9b5-01f954d96031,slYnz slYnz,https://play-lh.googleusercontent.com/a/ACg8ocLGBwr5BBaThCqtAP3mBnCryvi1sQfGoaC-sivHaVHbW4XTHQ=mo,"tdk keren, sudah membuat anomali imut kecewa",1,0,,2025-01-28 08:43:07,"Kami mohon maaf atas ketidaknyamanan yang Anda alami, Traveler. Kalau Anda memiliki masukan atau saran, silakan hubungi kami melalui email atau feedback in-game.",2025-02-21 16:11:34,
2b9d7600-b39b-46f7-8401-5ded02fb6bc8,Xena Linggau,https://play-lh.googleusercontent.com/a-/ALV-UjXegSeSFaQIuDg-I35d1pofm953LBTiuI4--WGsTxjmVt2c4II,Keren bgt,5,0,5.3.0_29183395_29332470,2025-01-28 08:42:24,,,5.3.0_29183395_29332470
24bda1d6-3cff-4866-8dee-bdd79ec2bc89,Baetrix Tik tok,https://play-lh.googleusercontent.com/a/ACg8ocLzanKetUErTbyHpMsLObcmw-BE1N8zubtxxr7JNnkhTp6Ixw=mo,Bagus game nya,5,0,,2025-01-28 08:37:40,,,
70a96468-9910-46ee-80e8-1740ea9269bf,NINA LEE,https://play-lh.googleusercontent.com/a-/ALV-UjXeo70SyPktRoNNStU5rQVc5p29qRSnhMQv8Ev3dqck5nq-seA,WHERE ARE THE MALE CHARACTERS AT????,1,2,5.3.0_29183395_29332470,2025-01-28 08:31:00,"We sincerely apologize for your unsatisfactory experience, Traveler. If you have any feedback or suggestions, please send us an email or contact Customer Service via in-game feedback to help us improve the game.",2025-02-21 16:11:45,5.3.0_29183395_29332470
aedc5803-f66a-414c-b0ce-e7ad5bd15a81,Taro Bell,https://play-lh.googleusercontent.com/a-/ALV-UjXugtxNootHbk1Yq3rRNPsnYjT__4eOKwnB8Jnx-NQb52XBHOE,Seru,5,0,,2025-01-28 08:17:38,,,
5f0e0b8b-c518-423b-a65d-d5c2cf2887de,Nashirruddin Muhammad,https://play-lh.googleusercontent.com/a-/ALV-UjWyhnijBwEy3oS2MswfO5JA0aN_ZJOcCgOyF0lvB-1NtTuAnR_q,Mantap,5,0,5.3.0_29183395_29332470,2025-01-28 07:59:18,,,5.3.0_29183395_29332470
4b20f1d7-4c2c-4732-a389-22cb4ca6ff41,Nurinayah Hana Pranoto,https://play-lh.googleusercontent.com/a-/ALV-UjXVMr-sMqHR78dFXwYClJ-Ve25XnH5eP67x1E6TOzCKPJ7j0o0,"developer game tidak mendengarkan masukan pemain mc lumine di anak tirikan 😂 onsen bareng tapi cowonya cuma aether, minimal masukin ayato, heizou, dkk sulit mendapat primogem juga, pelit",1,1,4.6.0_22174900_22378599,2025-01-28 07:52:26,"Terima kasih atas dukungan Traveler terhadap Genshin Impact. Kami menerima secara terbuka semua masukan/umpan balik dari kalian. Jika Traveler memiliki saran atau masukan, jangan ragu untuk menghubungi kami melalui feedback in-game atau email.",2025-02-21 15:30:34,4.6.0_22174900_22378599
26696965-3fbc-4d5d-918b-e60738002496,C O L D,https://play-lh.googleusercontent.com/a-/ALV-UjUpjou-Ows-JKyrfGRaBaulvAxR00vUtIunYsVfBl8MG03ACwjz,"nyediain cs tapi gak bisa dipake, udah ngasih semua data selengkap² nya (uid,username,long device,before gmail,tgl pembuatan,first device,invoice,bukti gameplay dll) di tolak mulu hadeh",1,4,5.3.0_29183395_29332470,2025-01-28 07:12:53,Mohon maaf sebesar-besarnya atas terganggunya pengalaman bermain Traveler. Silakan hubungi Layanan Pelanggan kami melalui email untuk mendapatkan bantuan terperinci mengenai masalah ini.,2025-02-21 15:28:22,5.3.0_29183395_29332470
c73a6cfb-c26d-41c7-8b02-42302fd128a4,AprizalRijal Rijalijal,https://play-lh.googleusercontent.com/a/ACg8ocK0_5N1HrwncBwMZvxoXmIZXH3WvxH1VorsGxvNBQ8AEeADrw=mo,Game nya bagus,5,0,,2025-01-28 07:01:15,,,
58de033a-c53c-47ba-b8d6-684ebd5da455,Akhwatul Mujahadah,https://play-lh.googleusercontent.com/a-/ALV-UjWKiW9illjtJifUWh0q6W655RfplyQEvVx4RRjAQI7xmLQlleE3,Game kikir,1,0,,2025-01-28 06:51:25,"We sincerely apologize for your unsatisfactory experience, Traveler. If you have any feedback or suggestions, please send us an email or contact Customer Service via in-game feedback to help us improve the game.",2025-02-21 15:22:25,
817916a8-e5b8-4bbe-9bbb-5c9775cc6651,Sar oji,https://play-lh.googleusercontent.com/a-/ALV-UjV2wpt4mwxiuxKE7qz_IS7Yjd1TrgTb9FzZOyinYgfZAecgiO8,Kekurangannya canya nya kurang hoki,4,0,5.3.0_29183395_29332470,2025-01-28 06:17:28,,,5.3.0_29183395_29332470
0bf37601-7169-475e-bc50-eae8964b9c0b,sonny norissyah,https://play-lh.googleusercontent.com/a-/ALV-UjXWgL9M_XCpu95W-T4jP6HaoclmdBauaO6sGF9SPFUk15GCIgFy,keren,5,0,5.3.0_29183395_29332470,2025-01-28 06:13:16,,,5.3.0_29183395_29332470
b7478399-48b9-4c04-869e-b2a5880398c6,Aisyah Nurinsani,https://play-lh.googleusercontent.com/a-/ALV-UjXtXnJW77q3yELz0duZOoWmY1rnjKx_ohLBWw3I4zx1fK0QagkY,Enough with the fan service and add more male characters.,1,1,5.3.0_29183395_29332470,2025-01-28 06:03:57,"Thank you for your constant support of Genshin Impact. We welcome any valuable input from you. If you have any comments or suggestions you would like to share, please feel free to contact our Customer Service team via the in-game feedback channel or email to help us improve the game.",2025-02-21 15:27:44,5.3.0_29183395_29332470
5d17092a-2347-41c1-8f02-2878e984cd78,Nada,https://play-lh.googleusercontent.com/a-/ALV-UjUU9HXMRgPMk3DXrjVmfICHMRb-Hljvzgb1fSvTkroesi5Wx2_b,"Bertele-tele, kalo MC canon cuma Aether dari awal g usah segala milih mau MC Aether atau Lumine. Cerita lambat, Minimal ceritain tentang Lore kek atau apalah, ini cerita bukannya maju malah fokus fan service loml.",2,1,5.3.0_29183395_29332470,2025-01-28 04:04:46,,,5.3.0_29183395_29332470
9510ded7-ac93-4328-a035-fecac7c48ea8,JLN SQUAD MLBB /kcc,https://play-lh.googleusercontent.com/a-/ALV-UjUuDDNoNSdz_pzvwHZ4ERoYDr1siy1OznnNH2s16a_1wgsQm_Z9,kwontollll gacha jembod,1,0,5.3.0_29183395_29332470,2025-01-28 03:11:57,"Halo, Traveler! Traveler dapat melihat aturan sistem Wish di bagian [Rincian] pada halaman Wish. Jika kamu memiliki pertanyaan tentang perincian dari aturan tersebut, silakan hubungi tim Layanan Customer Support kami melalui feedback in-game atau melalui email.",2025-02-21 15:25:04,5.3.0_29183395_29332470
313d0f17-5577-4de4-9516-3741831825d2,selvi rina marlina,https://play-lh.googleusercontent.com/a/ACg8ocK4vxBiT533TEgASYqFeOwDtktiVhVcn6y7rKph6AqFXzLc6A=mo,THIS GAME RULE,5,0,5.3.0_29183395_29332470,2025-01-28 02:43:26,,,5.3.0_29183395_29332470
f9ff0529-53df-4c59-ba50-452df6bfbbbd,Revina M.s,https://play-lh.googleusercontent.com/a-/ALV-UjWEenjgv1kyzSEGTszbcem0YiFnhMSxSfUBbahGDlPKVAZdFvwZTA,"I NEED MORE CONTENT FOR MY MC LUMINE, WHY YOU ALWAYS PUTTING AETHER!!!!",1,0,5.1.0_27118081_27297621,2025-01-28 01:59:20,"We sincerely apologize for your unsatisfactory experience, Traveler. If you have any feedback or suggestions, please send us an email or contact Customer Service via in-game feedback to help us improve the game.",2025-02-21 15:21:53,5.1.0_27118081_27297621
f39728e2-0953-4006-9669-1ea91b0b7d2a,Siti Mariyam,https://play-lh.googleusercontent.com/a/ACg8ocLqlxZylGKswS0lc1nmzTnaJJn46pvjPY4mTtb1HHnM7vbfWA=mo,"seru sekali gamenya, grafik nya juga bagus!",5,0,5.3.0_29183395_29332470,2025-01-28 01:27:49,,,5.3.0_29183395_29332470
ec54dc54-e531-49eb-a5d6-9cb13540d705,Gozi 16,https://play-lh.googleusercontent.com/a-/ALV-UjU6e266cxilLs19DEUtmMOwPU9ACpgPzPe1nz1lZcH4eGAl81Qv,"Menarik game nya, meski dulu pernah main waktu awal rilis terus sekrng bermain mencoba ulang lagi, khas game nya tetap bagus dari dulu sampai sekarang",5,0,5.3.0_29183395_29332470,2025-01-28 01:19:37,,,5.3.0_29183395_29332470
29c144b9-7476-4975-b144-889ca76beed9,Restu Pujianto,https://play-lh.googleusercontent.com/a-/ALV-UjXsX30UvlG9DH0X9bleWnqXGNLoi9XeTv7p4guJzSRxjntI6KIT,Like,5,0,5.3.0_29183395_29332470,2025-01-28 01:16:38,,,5.3.0_29183395_29332470
773c68fd-7744-40bd-876c-4f5d3d3a8fc7,Litod Kakosei,https://play-lh.googleusercontent.com/a-/ALV-UjUaMbc9LZXPAGQeVzX4SZfruNJyS7UhtoTIcfbmG8ez5ToF8VVS2A,"Kikir sekali. Karakter cowok pun juga kikir. Wahai Kikir Impact tolong berikan bansos yang banyak, atau setidaknya buatlah playable character cowok yang banyak. Sudah main sejak awal rilis dan kecewa berat karena ini game lama-lama malah jadi gooner bait beneran. Wahai Dawei mohon dengarkan keluh kesah player, sesekali saja :(",1,3,,2025-01-28 01:08:56,"Terima kasih atas dukungan Traveler terhadap Genshin Impact. Kami menerima secara terbuka semua masukan/umpan balik dari kalian. Jika Traveler memiliki saran atau masukan, jangan ragu untuk menghubungi kami melalui feedback in-game atau email.",2025-02-21 15:28:28,
fcb51e1d-f646-43ea-a272-05b94fcbad64,Moch Hendrik,https://play-lh.googleusercontent.com/a-/ALV-UjWlV_lQ50WEKvRsy6ZGO3hUFGGNkz8fl5qqcgDl100aiNfJrPg,"Game percakapan terlalu panjang gajelas , sampah!!",1,11,5.3.0_29183395_29332470,2025-01-28 00:31:19,"Kami mohon maaf atas ketidaknyamanan yang Anda alami, Traveler. Kalau Anda memiliki masukan atau saran, silakan hubungi kami melalui email atau feedback in-game.",2025-02-21 15:23:18,5.3.0_29183395_29332470
f50ce851-8d7a-459d-9337-5de6c018e0b6,タコモグ,https://play-lh.googleusercontent.com/a-/ALV-UjWwJlCtW_HX291EjZ6GtO4aRpqabNkhq6dbCbQCkfIMK0vrqMr7kg,After 3 years nothing change with anniversary gift 😔 any other gacha games > genshin.... even after 3 years,1,1,,2025-01-28 00:12:38,"We sincerely apologize for your unsatisfactory experience, Traveler. If you have any feedback or suggestions, please send us an email or contact Customer Service via in-game feedback to help us improve the game.",2025-02-21 15:25:47,
5fa7ad45-aa82-409e-b87c-3c09778e5eca,Fayckan,https://play-lh.googleusercontent.com/a-/ALV-UjUnEkpmF-SDePjCVKuNXMh-my22EpKu48jYVvac2jOsMTVUu3M,"NOT AETHER ONLY, GIVE LUMINE SOME ARTS BRUH",1,2,,2025-01-27 23:54:51,"Thank you for your constant support of Genshin Impact. We welcome any valuable input from you. If you have any comments or suggestions you would like to share, please feel free to contact our Customer Service team via the in-game feedback channel or email to help us improve the game.",2025-02-21 15:22:35,
ffb811fa-3a5e-4abd-b907-77eb76710b5c,Meilon Ajahh,https://play-lh.googleusercontent.com/a/ACg8ocJ3kpJJM_L7mpXYMKL8YSguYRW4xhQK9CRwv1ywzKX5kkcCWA=mo,"Kurangi dialog yang panjang dan ga jelas, ga usah di panjang- panjangin intinya aja yang ditunjukin. Udah banyak yapping, story udah mulai ga jelas, mana char cowo dikit lagi. Semoga di sneznahya san region selanjutnya char cowo banyak yang playable, kurangin yapping ga jelas nya.",1,2,,2025-01-27 23:42:44,"Terima kasih atas dukungan Traveler terhadap Genshin Impact. Kami menerima secara terbuka semua masukan/umpan balik dari kalian. Jika Traveler memiliki saran atau masukan, jangan ragu untuk menghubungi kami melalui feedback in-game atau email.",2025-02-21 15:22:55,
6412045c-4ad5-4955-92c2-c573cacda302,Ibu Tintin,https://play-lh.googleusercontent.com/a/ACg8ocLLbQ14I2oQpNyNzYfWzFMeNseiy0DCVPj4E5fN2oZZnKxmRg=mo,give lumine a justice,1,2,,2025-01-27 22:48:39,"We sincerely apologize for your unsatisfactory experience, Traveler. If you have any feedback or suggestions, please send us an email or contact Customer Service via in-game feedback to help us improve the game.",2025-02-21 15:23:28,
c6735205-20bf-40ad-85e0-f57b7d43343c,16. Muhammad Ihsan Muzakki,https://play-lh.googleusercontent.com/a/ACg8ocJwZh10Nx4iFofeOeGWklmtPVerAI2ik6BDQVJ3pq_lK8eW2X8=mo,GAME PELIT,3,0,5.3.0_29183395_29332470,2025-01-27 22:42:11,,,5.3.0_29183395_29332470
1b5b8a40-9ac8-4b10-8eae-b6876da75c0f,R,https://play-lh.googleusercontent.com/a-/ALV-UjWwn7P15YTBR3IWYzP3-W_HGAa9jlicf8YesemXTo4FIA__ehI1,"Saya sedih bagaimana Hoyoverse menganak tirikan Lumine, MC wanita. Saya jujur bingung apa gunanya pilihan MC lelaki dan perempuan jika yang disoroti selalu laki-laki. Bahkan di event baru ini highlightnya dikasih ke-Aether padahal MC saya Lumine. Walau saya sudah protes begini pun pasti tidak akan didengar, karna sesungguhnya dari awal dev game ini sudah toxic. Protesan player China kalian dengar tetapi kami tidak, betapa lucunya.",1,3,5.3.0_29183395_29332470,2025-01-27 22:39:11,"Kami mohon maaf atas ketidaknyamanan yang Anda alami, Traveler. Kalau Anda memiliki masukan atau saran, silakan hubungi kami melalui email atau feedback in-game.",2025-02-21 15:24:24,5.3.0_29183395_29332470
dc5dfa7a-588e-4a04-a2c3-21c1fcf92d9a,Reza Cahya,https://play-lh.googleusercontent.com/a-/ALV-UjVEuNZVfsa8fH5iKtnTXwG-OZHIEm4dd2lO9YDzCNzfsHGSr8SQ,ditinggal bentar udh disuruh download data ulang :(,1,0,5.3.0_29183395_29332470,2025-01-27 22:36:22,"Halo, Traveler! Terima kasih atas support anda pada Genshin Impact! Mohon diperiksa apakah anda telah mengunduh game client versi terbaru melalui official channel yang ada. Dan mohon kirimkan informasi relevant mengenai permasalahan anda kepada CS kami melalui email. Kami akan memberikan jawaban/bantuan permasalahan anda sebaik mungkin.",2025-02-21 15:30:21,5.3.0_29183395_29332470
5f5b0d05-319e-44ad-9f95-ff3715306fac,Ghost 2511,https://play-lh.googleusercontent.com/a-/ALV-UjVGdsnqvl-jiLeNWlJBvsq7RtJMy3enZT-34OjhRRfZJlPkkbpI,Tolong adaan tombol skip untung side quest,5,0,3.6.0_13833164_13951843,2025-01-27 22:34:21,,,3.6.0_13833164_13951843
57cc40dd-405b-433b-ba48-53b70e49bae8,Moonchild,https://play-lh.googleusercontent.com/a-/ALV-UjWNTNnPuIh29cp3QpN4oHEipk3n9i0ytN5B85w6VD4UrSu3-A,"Sebenarnya buat apa ada pilihan mc lumine kalau art event in game malah aether semuanya, bahkan sampai maksain itu si udel mandi sama chara cewek di livestream kocak kocak, oh transgender ya kayak okiku di one piece yang ada di pemandian cewek, makan tu bawelan player, emang dasar company gaje",1,4,,2025-01-27 22:07:28,"Kami mohon maaf atas permasalahan ini, Traveler. Silakan hubungi kami melalui email atau feedback in-game untuk mendapatkan bantuan lebih lanjut tentang masalah ini.",2025-02-20 17:59:20,
efda7a84-5596-48bd-8d00-812dfb3e57e7,Eugene Ariella,https://play-lh.googleusercontent.com/a-/ALV-UjVD1AgdEnGVg4OMnhG-aGUSPjxi_3Er4SCEO5ENwIOHEcrWt5Zq,"Dawei, banyakin cowok nya jangan banyakin cewek melulu",1,4,,2025-01-27 21:57:49,"Terima kasih atas dukungan Traveler terhadap Genshin Impact. Kami menerima secara terbuka semua masukan/umpan balik dari kalian. Jika Traveler memiliki saran atau masukan, jangan ragu untuk menghubungi kami melalui feedback in-game atau email.",2025-02-21 15:26:24,
e85b42b5-bc8b-4cd2-bab8-5c1266ab5936,Risda Asyroh,https://play-lh.googleusercontent.com/a/ACg8ocJ2vnI7_suI1DOcjI6O6UpiK9gAsHVdzQ9GUmO7CaVJ0zj9MA=mo,loveee,5,0,5.2.0_28336591_28351161,2025-01-27 21:46:07,,,5.2.0_28336591_28351161
608d199f-fa8a-4788-816e-5412c44a38aa,S.O.S S aus t O mat S,https://play-lh.googleusercontent.com/a-/ALV-UjVvOwOXuxVWFnRbSAGbNxl7wYGpQZLACBdHGmbnQIafjyNYSR0,tambahkan tombol skip pada dialog!!! hargai waktu kami !!,1,0,,2025-01-27 21:37:37,"Terima kasih atas dukungan Traveler terhadap Genshin Impact. Kami menerima secara terbuka semua masukan/umpan balik dari kalian. Jika Traveler memiliki saran atau masukan, jangan ragu untuk menghubungi kami melalui feedback in-game atau email.",2025-02-21 15:28:45,
f8f002eb-d721-4880-acc0-d7dc16f118f2,Aether sora,https://play-lh.googleusercontent.com/a-/ALV-UjWB-JHLWopLEdV1wrYHI993cJIvfUQNUTZ0ycfpjRwlRxNKSDc,"sejujurnya dari eksplorasi nya lumayan fresh story nya juga lumayan oke. tapi, saya jenuh dengan character cewek yang selalu diutamakan. character cowok nya mana? jadi sampingan? tolong perbanyak character cowok karena sejujurnya saya muak character cewek terus yang diutamakan. dan satu lagi tolong berhenti merusak citra aether. dia berkelana di tevyat karena adiknya bukan buat harem'an. kembalikan image aether yang sopan dan lembut, dan tolong belajar untuk treat kedua mc kalian dengan baik.",2,0,,2025-01-27 21:10:13,,,
9b00e671-6611-4314-b92d-fe519de08a62,Hanny Yamagiri (Nnymagiri),https://play-lh.googleusercontent.com/a-/ALV-UjVRA6GtZkCB0ODph24TSIqA8HidnSaGKAJeoy8-HO0RF3Vi2A-7,Thank you,1,1,5.3.0_29183395_29332470,2025-01-27 21:02:12,"Thank you for supporting Genshin Impact, Traveler! If you have any issues with your game experience, please send us an email or contact Customer Service for help via in-game feedback.",2025-02-20 17:59:50,5.3.0_29183395_29332470
c4bc5a82-4aab-41f8-ac2c-44cc3869b1bb,bubu tyong,https://play-lh.googleusercontent.com/a-/ALV-UjVYevJCwXwUau08SA0_AhOMjRfSBc-O8N2ygnpzmeKyduCRu14,"genshin flop, natlan flop. makan noh waifu",1,3,,2025-01-27 20:55:22,"Kami mohon maaf atas ketidaknyamanan yang Anda alami, Traveler. Kalau Anda memiliki masukan atau saran, silakan hubungi kami melalui email atau feedback in-game.",2025-02-20 18:01:19,
15676b5d-7868-407a-bfc0-5b8185b5cb28,Deppp,https://play-lh.googleusercontent.com/a-/ALV-UjVoROh4z9C1ILezfeRzgbC3QzroW_Wg-l17tac0r_umAqseAUxj,Bikin full waifu aja banh 🙏 Mc nya Aether aja🙏,1,1,4.3.0_19705728_19706476,2025-01-27 20:54:33,"Kami mohon maaf atas ketidaknyamanan yang Anda alami, Traveler. Kalau Anda memiliki masukan atau saran, silakan hubungi kami melalui email atau feedback in-game.",2025-02-20 18:00:19,4.3.0_19705728_19706476
ba6251c5-69cb-490b-bdd9-f0932b6f0403,mambu pete7162,https://play-lh.googleusercontent.com/a/ACg8ocLCYEJJeHUvhr0M5-dQypYgesDDoicdT0097OzpTSbWB9p2fg=mo,Sudah keren,5,0,,2025-01-27 20:48:31,,,
fbb44df6-91a3-4e3e-8cab-9a8a32a2ba94,Luna Kim,https://play-lh.googleusercontent.com/a/ACg8ocIh1qsyqoLRmOa2HGp6etICOWB40ETqIJ5LQodCviskrOEBfg=mo,Kasih makan terus nohh para incel. Dikira player cewek ga bisa bikin lu cuan? Makan nohh rating turun.,1,3,,2025-01-27 20:39:31,,,
ac08cc83-61da-44e6-9110-c8439a3d534b,fish'dellta,https://play-lh.googleusercontent.com/a-/ALV-UjVeHNjsWeuImpekNwINi9R3HLgSmrq0c-E-pYz82XMLUpZLId0,"Good, overall aku suka gamenya grafik yang memukau, alur cerita yang bener bener unik, puzzle dari yang gampang sampai susah, untuk yang masih bilang fitur skip dialog ini game story yaa, jadi nikmatin aja kalau emang malas, bisa di tap tap aja walau aku tau itu emang bikin tangan tremor haha, untuk sistem gacha aku no komen sih karna ya udah bagus bagus aja, yang jadi masalah itu mencari artefak, susahnya minta ampun dapet yang bagus kayak hoki banget gituu, segitu saja masukan dari sya thank u",5,0,,2025-01-27 20:35:53,,,
7ae80033-6827-403a-8c6c-9108bb08bc07,Aurellia Faizah S.,https://play-lh.googleusercontent.com/a-/ALV-UjWR9nLmx0vD5qpV9kYPHDKBOlMVwXwnPO6AWD_jxK3cX-uU0TYC,Dengerin playermu ya lain kali,1,1,,2025-01-27 20:30:32,"Kami mohon maaf atas ketidaknyamanan yang Anda alami, Traveler. Kalau Anda memiliki masukan atau saran, silakan hubungi kami melalui email atau feedback in-game.",2025-02-20 18:01:54,
b590c345-cf77-4013-9335-1ea6d58a6f2e,Katy23-Serval,https://play-lh.googleusercontent.com/a-/ALV-UjXMsR2tGQuDC_mYcxkDFGKxms0n715lGlwgW9wORftRBmPmQb_O,"Give Lumine the recognition she deserved. At the very least put her in the event banner, she us my one and only Mc so why is it Aether there??.",1,1,,2025-01-27 20:30:07,"We sincerely apologize for this issue, Traveler. Please send us an email or contact Customer Service via in-game feedback for specific help with this issue.",2025-02-20 18:02:25,
629e00f0-132c-423c-89a8-9e87a3393b6f,DarkTMSlayer,https://play-lh.googleusercontent.com/a-/ALV-UjVU3Z0j6l35wSu3ZKcPuOSlYGqion-dyBfC20UC2ECx9IIsPkpk,Nice game bagus ceritanya bagus alurnya keren lengkap lah pokoknya,5,0,5.3.0_29183395_29332470,2025-01-27 20:24:21,,,5.3.0_29183395_29332470
3bf0c16f-3430-42ea-8211-9542ba9ef524,Shafira aulia Nisa,https://play-lh.googleusercontent.com/a-/ALV-UjXNM6M-Dt40LlYo9cwolZMPn3afGHgomCPT5O9ik_nMngP1s3A,"10 alasan aku rating bintang 1 : 1.tidak ramah f2p, 2.primo dari event dikit, 3.eventnya gitu gitu doang dan durasi pergantian event lama, 4.makin lama updatenya makin besar, 5.buang buang waktu gaada tombol skip di misi yang ga terlalu penting, capek dengerin karakter yapping, 6.quest nya lama lama repetitif dan bosenin, 7.sekarang kebanyakan karakter bintang 5 dan semakin susah dapetin karakter nya, 8.kurangnya karakter cowok, 9.chance dapet artefak bagus dikit amat, 10.GACHA AMPAS",1,13,5.1.0_27118081_27297621,2025-01-27 20:16:41,,,5.1.0_27118081_27297621
868ce1de-a10d-499e-b7ed-a13bb8630450,Faiqa Hardy,https://play-lh.googleusercontent.com/a-/ALV-UjU-toIFvI4o-NeZJIb69d7R__os83Ae7l246oWZeTW9XuxG2N_k,"Genshin skrg kenapa force close mulu ya? Padahal buat main game lain lancar"" aja",2,13,5.3.0_29183395_29332470,2025-01-27 20:13:50,,,5.3.0_29183395_29332470
57cc23d5-2bc6-4842-9203-277a732673d1,Gading Zaidan,https://play-lh.googleusercontent.com/a-/ALV-UjXsQ1R3Tny5Sb4rIcb4TItA69YKGbFLDMlN7IWvWiq-xIVVS5ro,game yapping,3,0,5.3.0_29183395_29332470,2025-01-27 20:08:27,,,5.3.0_29183395_29332470
5dd5e305-145b-471f-8571-8ea345b35408,rima 06,https://play-lh.googleusercontent.com/a-/ALV-UjU0HGU6Xj6Yjyk211agtQN7r388DyRvcFh7ZWYyRyv396LyNO4,"Gender character terasa jomplang. Player game mu gak cuman cowok doang 🤌 Gameplay nya juga rasis. Dialog nya juga bertele2 terlalu banyak yapping, tbh buang2 waktu",1,1,,2025-01-27 19:52:43,,,
a736598c-9a6c-463e-b353-b36add91bff7,Atha Lathif Syah,https://play-lh.googleusercontent.com/a-/ALV-UjXVuT6zrTNvW4majOcgNzdibYbXIoQdaURTIwNQB_s_P5CRUeo,Bagus,5,0,5.3.0_29183395_29332470,2025-01-27 19:49:49,,,5.3.0_29183395_29332470
8ad151dd-637a-48f2-9665-1c96d494180f,ra radiohead,https://play-lh.googleusercontent.com/a-/ALV-UjVEaDt9waz1W2SSvgNd42-0rupCPCJYlnmwVeatyQCHuF80VKk9,🤤,4,0,,2025-01-27 19:39:54,,,
c7676c1c-20c3-435a-a987-1210d310d2cd,Fadillah Ramadhani,https://play-lh.googleusercontent.com/a-/ALV-UjWLC14y4mm_WdNA0FQIyY7H6NDdjUaxrPdNno_-tD6IYZXQKf0,singkat saja. give tall men character to female player. i know china in the past had many concubines but you with open eyes made two different MC. give justice to female player,1,2,5.3.0_29183395_29332470,2025-01-27 19:25:31,,,5.3.0_29183395_29332470
d512cfd3-7f0f-4160-bd8a-f6d710f97052,Dwi Okta,https://play-lh.googleusercontent.com/a-/ALV-UjVPFO08gG970jJv9iVcuNTP8bqPe0jygJo2VGCWTDCGcFdCaM0H,"pls bg, chara cowonya bg, aku mau chara cowok jangan cewek melulu. fanservice buat cowonya juga parah bgt, bikin ga nyaman. kalo mau menarik lebih banyak peminat dari kalangan cowo jangan bikin risih pihak cewe dan bikin mereka hilang respek ke kelian",1,2,5.3.0_29183395_29332470,2025-01-27 19:25:15,"Terima kasih atas dukungan Traveler terhadap Genshin Impact. Kami menerima secara terbuka semua masukan/umpan balik dari kalian. Jika Traveler memiliki saran atau masukan, jangan ragu untuk menghubungi kami melalui feedback in-game atau email.",2025-02-20 18:04:16,5.3.0_29183395_29332470
5e815d87-99d6-483f-9151-3c7dd7861770,Kim Dokja,https://play-lh.googleusercontent.com/a-/ALV-UjXwEa9PZGwMhv5yUPek0_-v4saa6hDksTAxfj_MWbUOXDhkd6U,Gooner game,1,1,5.3.0_29183395_29332470,2025-01-27 18:58:54,"Kami mohon maaf atas ketidaknyamanan yang Anda alami, Traveler. Kalau Anda memiliki masukan atau saran, silakan hubungi kami melalui email atau feedback in-game.",2025-02-20 18:05:09,5.3.0_29183395_29332470
ac0786b9-59d0-4777-8ed1-9079ba81b87e,Anggita Prabandari,https://play-lh.googleusercontent.com/a/ACg8ocK8gGsFhmBRClJbyj5A7NM_v9Z6FuMzStdmSyvHoiT6eXKgk0E=mo,Game gk jelas,1,0,5.3.0_29183395_29332470,2025-01-27 18:46:27,"Kami mohon maaf atas ketidaknyamanan yang Anda alami, Traveler. Kalau Anda memiliki masukan atau saran, silakan hubungi kami melalui email atau feedback in-game.",2025-02-20 18:05:27,5.3.0_29183395_29332470
6626e974-9dcc-49fb-a344-f0fe4d439558,Suaib Adam,https://play-lh.googleusercontent.com/a-/ALV-UjVbFZ5CT9AnB9f18KMJCOEgee4Az2lo84-Jm2sWH-_CwGndeWk,Tolong lah kasih fitur skip pas ngobrol npc lo bacot baget kelmaaan gk penting,2,0,5.3.0_29183395_29332470,2025-01-27 18:43:56,,,5.3.0_29183395_29332470
5c6a704b-d38a-434e-b9a2-0e51ca0ded6c,vivo y100,https://play-lh.googleusercontent.com/a/ACg8ocKUh5X6I6XY5bDMGhsvm2zHOjDHzE00riuk_zxXnd7uli6vMw=mo,game ini seru banget,5,0,5.3.0_29183395_29332470,2025-01-27 18:42:17,,,5.3.0_29183395_29332470
d5ae7cde-afe8-4bc7-aa34-fb7643263006,Ikha Tainaka,https://play-lh.googleusercontent.com/a-/ALV-UjUnOMmRYLeeRlSGKoGTd63x_48q07uPnd3GpAeE6JaWBhohu3VX,Tidak menarik lagi,2,0,,2025-01-27 18:38:41,,,
eb579837-fb55-4261-a8f7-309a514a6c4b,Adriel Agung,https://play-lh.googleusercontent.com/a/ACg8ocLVU3bkSDZlKC0_pnB9X-eax5bUj4Et9A1QaumwPExozUN6HQ=mo,Bagus,5,0,,2025-01-27 18:34:29,,,
6c65efcf-c257-4833-82e0-5426e0fc7185,Katherine Febrianty Sumartono,https://play-lh.googleusercontent.com/a-/ALV-UjVeISvWJJw3ReVlg-sxEzgazkc1Ew-rj9kXjtgZ3VyILayDSeJG,"Bagus banget, grafiknya bagus dan menarik dan juga story nya oke, semoga makin berkembang dan makin lancar sukses untuk mihoyo",5,0,2.1.0_3981765_4073622,2025-01-27 18:19:11,,,2.1.0_3981765_4073622
dda315bf-a0b6-406b-81b5-89cad30d4664,Phandhu Wicaksono,https://play-lh.googleusercontent.com/a-/ALV-UjXwa5BdceVdSW4bpRxYn6hsM_4b8TRCvouBbqB2aEgsY2twxmZgTg,"Sistem gacha yang cacat, game sampah",1,0,,2025-01-27 18:15:20,"Halo, Traveler! Traveler dapat melihat aturan sistem Wish di bagian [Rincian] pada halaman Wish. Jika kamu memiliki pertanyaan tentang perincian dari aturan tersebut, silakan hubungi tim Layanan Customer Support kami melalui feedback in-game atau melalui email.",2025-02-20 17:22:39,
10c63a4a-ff83-4437-8617-e3dedb128329,Munawaroh Munawaroh,https://play-lh.googleusercontent.com/a-/ALV-UjVNnGLYGAFhSsF3tFd3hT6gPYCH8a4_IpYVqc0_tu3_0R2J6GpW,"Tolong kasih saran,hape ini sempet keriset,dan ada akun ini juga,terus dipulihin lagi,akun nya di GI gabakal hilang kan?,kalo hilang aku bakal pensi",5,1,5.3.0_29183395_29332470,2025-01-27 17:40:27,,,5.3.0_29183395_29332470
92ae699f-cefc-4b13-a363-d55629273255,Mionysia,https://play-lh.googleusercontent.com/a-/ALV-UjVq_PJlx7tNhBN1c9kaz7tT4h5a61t0Bq39Sdsycp6_sI_jxuce,5 Tahun cuman gini doang? Game 4no. Gabakalan gw rubah sebelum improve kayak Fontaine lagi.,1,0,5.2.0_28336591_28351161,2025-01-27 17:20:19,"Terima kasih atas dukungan Anda terhadap Genshin Impact, Traveler! Kalau Anda mengalami kesulitan apa pun yang berhubungan dengan Genshin Impact, silakan hubungi kami melalui email atau feedback in-game untuk mendapatkan bantuan.",2025-02-20 17:22:26,5.2.0_28336591_28351161
84011c4a-78f4-43bb-95e3-98828078a7b2,Azzahra ananta,https://play-lh.googleusercontent.com/a-/ALV-UjUr61EGkkYlLOUl8JboNV6EGaSE-6fXst_4loxodZ-r5gV72snM0g,Kok sekarang mengecewakan kali,1,2,5.3.0_29183395_29332470,2025-01-27 17:03:51,"Terima kasih atas dukungan Anda terhadap Genshin Impact, Traveler! Kalau Anda mengalami kesulitan apa pun yang berhubungan dengan Genshin Impact, silakan hubungi kami melalui email atau feedback in-game untuk mendapatkan bantuan.",2025-02-20 17:00:57,5.3.0_29183395_29332470
ee0705a8-60ff-48cd-813a-22f2b8668165,Najla Riztika,https://play-lh.googleusercontent.com/a-/ALV-UjUfSZtaIsu-qJFhIL-UKor9xHnVTe1FPMz_SQUxYHs4IT24rQwz,Gooner game,1,3,5.3.0_29183395_29332470,2025-01-27 16:54:08,,,5.3.0_29183395_29332470
c94b450e-d6bc-477b-87fc-b9dbbd2a5cc0,Andrew,https://play-lh.googleusercontent.com/a-/ALV-UjXU3miLla3IxjOzFATXvtHiTytPMdpVWpmkMGNo8cQSnJibpQZ7aQ,"Game kikir, minim char male B5. Buat aja terus tuh char cewe, ga layak di mainkan",1,3,5.1.0_27118081_27297621,2025-01-27 16:29:49,"Terima kasih atas dukungan Anda terhadap Genshin Impact, Traveler! Kalau Anda mengalami kesulitan apa pun yang berhubungan dengan Genshin Impact, silakan hubungi kami melalui email atau feedback in-game untuk mendapatkan bantuan.",2025-02-20 17:22:20,5.1.0_27118081_27297621
d6b15c83-942d-4112-a9ca-6eb81299b8f1,Muhammad Fahri,https://play-lh.googleusercontent.com/a-/ALV-UjVQth4Se39jWLEdVNgTQI5W_7xfOf3rzd-bHegw_fsutCZh8e4,Mana Fitur Skip Dialog Yang Kau Janjikan Itu Wok?,1,1,,2025-01-27 16:25:19,"Terima kasih atas dukungan Traveler terhadap Genshin Impact. Kami menerima secara terbuka semua masukan/umpan balik dari kalian. Jika Traveler memiliki saran atau masukan, jangan ragu untuk menghubungi kami melalui feedback in-game atau email.",2025-02-20 17:22:01,
e6000902-f968-441e-9023-8bed84d4ecd8,Putri (Puput),https://play-lh.googleusercontent.com/a-/ALV-UjXR4YrVunsxWBDRR7Fcz1wjw8mx103hPasoXFEeuspx8u7uu-6b,"No hope for this game, Release more male character i don't play this game to look at boobas, Atleast give lumine some attention and art dumbass",1,4,5.3.0_29183395_29332470,2025-01-27 16:07:53,"Thank you for your constant support of Genshin Impact. We welcome any valuable input from you. If you have any comments or suggestions you would like to share, please feel free to contact our Customer Service team via the in-game feedback channel or email to help us improve the game.",2025-02-19 14:38:39,5.3.0_29183395_29332470
7540219e-248c-49d7-9096-35dfd153d2a5,pathirr,https://play-lh.googleusercontent.com/a/ACg8ocJLCyJezZMLgiF6AceQ8-WzaB67UKbioOWiBimaJ10wmnasqM0=mo,downgrade banget astaga,1,2,5.3.0_29183395_29332470,2025-01-27 16:05:54,"Terima kasih atas dukungan Anda terhadap Genshin Impact, Traveler! Kalau Anda mengalami kesulitan apa pun yang berhubungan dengan Genshin Impact, silakan hubungi kami melalui email atau feedback in-game untuk mendapatkan bantuan.",2025-02-20 17:21:41,5.3.0_29183395_29332470
8296a11e-24f3-4b09-822d-55056e357732,Alya Kareina Zakia,https://play-lh.googleusercontent.com/a-/ALV-UjVeSrclDmbMbGheSuGMJoU5cSfCh8G1G5fhb-tXwj6p9oxi5Ig,"ga pernah denger masukan player ah, males",1,2,,2025-01-27 16:01:18,"Terima kasih atas dukungan Anda terhadap Genshin Impact, Traveler! Kalau Anda mengalami kesulitan apa pun yang berhubungan dengan Genshin Impact, silakan hubungi kami melalui email atau feedback in-game untuk mendapatkan bantuan.",2025-02-20 16:04:58,
37b71620-e163-454d-ae6b-318eab10b5a2,Kuro Shiro,https://play-lh.googleusercontent.com/a-/ALV-UjUlL4G0FEtBGh_sf8Qm5M3je602d23piv2yAbNfG9KtvVba0HM1,"Game ini udah nemenin aku 4 tahun, gak pernah skip welkin dan BP. Tapi kok patch baru semakin gajelas gini, mau ngebait incel doang? Player cewe jg spendingnya banyak malah satu male b5 pun gak dikasih lagi yang baru. Cuih..",1,9,5.3.0_29183395_29332470,2025-01-27 15:47:05,,,5.3.0_29183395_29332470
b517066b-d845-4f8b-afe4-2ff5b5e3bf08,Miko Lift,https://play-lh.googleusercontent.com/a-/ALV-UjX6JyHtHWb3rBHOplNLI0ZIXm0c5UAlwWAZwTcZsVhj4cFemNM,buang2 waktu 4 tahun main. mana ga dikit top upnya lg. dasar game kikir. stlh update natlan jd mengecewakan. makin ke sini jd game 4no anjir jijik bgt,1,3,,2025-01-27 15:31:39,"Terima kasih atas dukungan Anda terhadap Genshin Impact, Traveler! Kalau Anda mengalami kesulitan apa pun yang berhubungan dengan Genshin Impact, silakan hubungi kami melalui email atau feedback in-game untuk mendapatkan bantuan.",2025-02-20 16:24:28,
2c6e4851-388e-4b6a-b558-5399dc54754c,Miccaiah,https://play-lh.googleusercontent.com/a-/ALV-UjWnYnKvnlI9h3_bz_JlfW_mj-Wg9U9SvoqvB4MdvvCiJUAlQv0d,"Bro, fix your game. Keep feeding those incels and you'll lose many players.",1,1,,2025-01-27 15:16:27,,,
948e3d6f-d0ba-48f2-89ed-ea60d65c4ce5,Isny Arifah,https://play-lh.googleusercontent.com/a-/ALV-UjWPlAXA7yPIlZIlUEtUuB4-lBGH0z17pkmgcCMqrND5gDrKKEHf,game nya udah perfect tapi mines nya gada skip all dialog jadi males buat misi dan kurangin lgi loading pas bru download masa saya nunggu dari jam setengah 1 sampe jam setengah 5 jadi update selanjutnya saya saranin buat cepetin loading nya dikit dan tambahin skip all dialog kaya game one punch man : world,4,0,5.3.0_29183395_29332470,2025-01-27 15:13:45,,,5.3.0_29183395_29332470
bbd93fb1-7bd2-4d99-aeec-3774df6078c3,Sasha Nadia.,https://play-lh.googleusercontent.com/a-/ALV-UjUPYpz5gRPV-X8zyID9hrCd5n5riR6MSPiw-wQGG6wMqbbFueR7,kikir tapi waifuabel,5,0,5.3.0_29183395_29332470,2025-01-27 15:12:41,,,5.3.0_29183395_29332470
79aab56b-84af-4c56-8697-b450403480cb,Hajime明宏,https://play-lh.googleusercontent.com/a/ACg8ocJszCu93JoFLDzxcbLBy9dX3OCXBOY9D79wsvyyyNJju0z2lg=mo,"Stop kasih fanservice ga perlu. Please kasih kita banyak karakter cowok, muak liat cewek mulu.",1,10,5.3.0_29183395_29332470,2025-01-27 15:08:38,"Terima kasih atas dukungan Anda terhadap Genshin Impact, Traveler! Kalau Anda mengalami kesulitan apa pun yang berhubungan dengan Genshin Impact, silakan hubungi kami melalui email atau feedback in-game untuk mendapatkan bantuan.",2025-02-20 16:23:30,5.3.0_29183395_29332470
456714f4-6a00-4792-a27d-38eb925a7cf0,Tiger Claw,https://play-lh.googleusercontent.com/a-/ALV-UjWCLSpkHinL9PSq-oPpgbdGoTZtQyqsmAVVRB5t6gAImEc9qo8,Parah sih. Akun klo spend uang rate gachanya makin kecil. Bayangin 6 kali gacha semuanya diatas 70 udah gitu hampir kalah rate off dihigh pity semua. Dulu ga ngspend malah sering dapet dibawah 40-50 menang terus lagi seumpama kalah pun di low pity. Trik marketing kah? Karena dia punya duit pasti bakal top up sampe dapet? Tlol. Udah didukung dengan top malah ngelunjak. Gimana orang ga bosen dan pindah game coba. Orang ngeselin developnya Ini salah satu alasan player kabur ke game sebelah.,1,3,5.3.0_29183395_29332470,2025-01-27 14:59:20,"Halo, Traveler! Traveler dapat melihat aturan sistem Wish di bagian [Rincian] pada halaman Wish. Jika kamu memiliki pertanyaan tentang perincian dari aturan tersebut, silakan hubungi tim Layanan Customer Support kami melalui feedback in-game atau melalui email.",2025-02-18 17:52:19,5.3.0_29183395_29332470
573e31f1-811c-4691-b163-4cae186f9d66,Qimora Athasya Putri,https://play-lh.googleusercontent.com/a/ACg8ocJTUSdbcJlv6q9AkjSukVPTMmPNmscrT5OoZgVT6l-k-nGSbw=mo,"I ada sukak bgt sama game nya, dapet req dari cece i dn i bisa ketemu abah😄😄",5,0,,2025-01-27 14:59:06,,,
e6052789-8bba-494e-b22b-f0cedf0406ab,nas,https://play-lh.googleusercontent.com/a-/ALV-UjXPMovGXtJ-6ScjqIxA_rYq3lTf5R4oM7Zi9NLfFwedi_sPYLir,Nu uh,1,0,5.3.0_29183395_29332470,2025-01-27 14:49:35,"We sincerely apologize for your unsatisfactory experience, Traveler. If you have any feedback or suggestions, please send us an email or contact Customer Service via in-game feedback to help us improve the game.",2025-02-20 15:56:19,5.3.0_29183395_29332470
ee008bd9-7f28-437f-a072-500475579820,Shainsss ai,https://play-lh.googleusercontent.com/a-/ALV-UjX0HjuZAuhFO-Tx62qyw6KyG1msE0lVCY8bQ_vrCEwkfq09Yjxf,"Dialog sangat lama dan membosankan ga ada fitur skip,.. sangat mengecewakan",1,91,5.3.0_29183395_29332470,2025-01-27 14:49:19,,,5.3.0_29183395_29332470
f89dcbef-262a-4bee-9b62-dd72b1670b08,cendolcawet,https://play-lh.googleusercontent.com/a/ACg8ocKGkmJVGIme970WZ2Z3STQnJNU9MsD_mWlA-XWHWc44CXpong=mo,game yang keren,5,0,5.3.0_29183395_29332470,2025-01-27 14:44:45,,,5.3.0_29183395_29332470
31750a64-50ca-4a06-9b37-42340744f56c,Kayla Okta,https://play-lh.googleusercontent.com/a-/ALV-UjXtDCeE4FVkD5jWhiChPvDYIqJSWSsjlIMV9NW16ogahguPrLBl,"No comments, this game created its own downfall",1,1,,2025-01-27 14:41:06,"We sincerely apologize for your unsatisfactory experience, Traveler. If you have any feedback or suggestions, please send us an email or contact Customer Service via in-game feedback to help us improve the game.",2025-02-20 15:55:52,
2e48e9a3-e2ac-453f-bb2e-59844ffcbb84,SkibidiSei,https://play-lh.googleusercontent.com/a-/ALV-UjVpR4o7GJUo1kuGR6JNW91ag-X0y-oxH714T3v_3DH8AR8N3RgM,"Saya player dari 2021 kecewa melihat perkembangan game genshin ini, semakin banyak fan service untuk laki laki sehingga tidak adil bagi player perempuan yang tidak mendapatkan satupun fan service dari karakter laki laki. Kecewa dari segi design karakter natlan yang memiliki kulit yang sangat cerah. Tidak ada karakter b5 laki laki lagi di natlan. Mengecewakan",1,56,5.3.0_29183395_29332470,2025-01-27 14:29:17,,,5.3.0_29183395_29332470
1b4532ec-31d3-41e8-8329-6b40f08d574b,Mutiara Syabani,https://play-lh.googleusercontent.com/a-/ALV-UjVIFigVbJEbAKrWhq9iodcSQM1P4U-V0qne0z2mFaPmSXfmlGR5,sexualize perempuan terus,1,1,,2025-01-27 14:25:41,,,
d5b8bd74-b3bf-4052-b990-5b1956ac03d9,Marvin Timothy,https://play-lh.googleusercontent.com/a-/ALV-UjU8vAzjGLAPhKntwCNjcfD0uyvkGnaNTpnC_Y1w7owx-IAc1Yk,"Menurut gw keren banget grafiknya,animasinya, sama explor yang luar biasa",5,0,5.3.0_29183395_29332470,2025-01-27 14:17:58,,,5.3.0_29183395_29332470
3e519136-26e9-4a39-8d28-77a35c0d046e,Misdiandini Fadilla,https://play-lh.googleusercontent.com/a-/ALV-UjXJkpA8UrM5bLJGMP0u6xc6U8lDkrB1k_x2m1xRh1LR-FK-QLF35Q,Udah jadi gem 4no yg dibikin buat incels. Story dan character Natlan amsyong semua. Char potensial husbando dibikin mokad.,1,2,5.3.0_29183395_29332470,2025-01-27 14:17:41,,,5.3.0_29183395_29332470
4cdb0d00-aae8-419c-98de-76d6eb461399,Tuk,https://play-lh.googleusercontent.com/a/ACg8ocL6cMBOdhg-ldKtmZTHldPa7fVTCgJUreM77D4Z8wREx5Cwcg=mo,Mantap,5,0,,2025-01-27 14:17:30,,,
c84d757a-f950-4950-a568-562a24bde308,arana,https://play-lh.googleusercontent.com/a/ACg8ocIfoANKOniWwgSKyOUVPNA__dKTtw5RR_KuQnJMahNB2Cv2fQ=mo,"please make the female and male characters equal, genshin is getting boring!",1,1,5.3.0_29183395_29332470,2025-01-27 14:07:14,"Thank you for your constant support of Genshin Impact. We welcome any valuable input from you. If you have any comments or suggestions you would like to share, please feel free to contact our Customer Service team via the in-game feedback channel or email to help us improve the game.",2025-02-20 16:04:01,5.3.0_29183395_29332470
99d89469-64f8-4a09-a213-e66587888841,Armando Beslar,https://play-lh.googleusercontent.com/a/ACg8ocIPGwwB9rDi9fmoGKWQSvDmsHeyFnbeMUnmxWLQlP_64WuIyA=mo,Akhirnya setelah sekian lama bisa mainin version original nya huhuhuh pengen nangis,5,1,5.3.0_29183395_29332470,2025-01-27 13:48:02,,,5.3.0_29183395_29332470
062161a2-1daf-42bd-a50e-603178b4923f,farsa dis,https://play-lh.googleusercontent.com/a-/ALV-UjW834IAv4VRbUSGaWoIMKzNJdA_AtR1mfSsHuTqcAo0dw_5e8c,"kikir impact, gaakan gue update kalau masih kikir & ga adil ke dua mc",1,1,,2025-01-27 13:35:10,"Terima kasih atas dukungan Anda terhadap Genshin Impact, Traveler! Kalau Anda mengalami kesulitan apa pun yang berhubungan dengan Genshin Impact, silakan hubungi kami melalui email atau feedback in-game untuk mendapatkan bantuan.",2025-02-20 16:21:39,
10d352c4-f890-418e-b46e-1efbe23fedbf,Chaerin,https://play-lh.googleusercontent.com/a-/ALV-UjXPnvgaasV3clMmiZW9t_eKxu6A7_RjXAayy3v_OSIEU-ZcVsSW,This game more like gooner game now. Pls bring back my old genshin.,1,1,1.0.0_1112729_1135452,2025-01-27 13:28:25,,,1.0.0_1112729_1135452
134b04f9-4caa-4acf-8474-25aa8240ff8e,soulkuat[ソウルクアート],https://play-lh.googleusercontent.com/a-/ALV-UjUOG9qFxBq0JI1N1lx6yU54bHXLeb-N7mVKZr3EXwqdJXwUyBjM,Terimakasih hoyerse anda baik sekali memberikan 20 kali pull gratis di event tahun ini🥰🥰,5,0,5.3.0_29183395_29332470,2025-01-27 13:00:43,"Kami mohon maaf atas permasalahan ini, Traveler. Silakan hubungi kami melalui email atau feedback in-game untuk mendapatkan bantuan lebih lanjut tentang masalah ini.",2024-08-05 18:09:14,5.3.0_29183395_29332470
105454e8-c3ea-49fa-bd3d-cf7a7d69a25d,Navia Deluna,https://play-lh.googleusercontent.com/a/ACg8ocLhiQ_0qpl22vw1CgKKo1zdixqiPSLXLlLehO6x_d9Wlt3vMA=mo,Where's boy character hoyo? And why it's always aether but no lumine???,1,1,,2025-01-27 12:52:49,"We sincerely apologize for your unsatisfactory experience, Traveler. If you have any feedback or suggestions, please send us an email or contact Customer Service via in-game feedback to help us improve the game.",2025-02-20 16:22:58,
8aedec1c-0c3f-4e00-aebb-8497b1ba7abf,Mahfud Ansori,https://play-lh.googleusercontent.com/a-/ALV-UjU-O46l20s4JNZdnC4uDmHVHYnyABXnblRNsMbqJUImY278r2zS,Wey mihoyo ga ada niatan ngasi fitur skip dialog yaah cape bet jir 😤😤,1,2,5.3.0_29183395_29332470,2025-01-27 12:48:47,"Terima kasih atas dukungan Traveler terhadap Genshin Impact. Kami menerima secara terbuka semua masukan/umpan balik dari kalian. Jika Traveler memiliki saran atau masukan, jangan ragu untuk menghubungi kami melalui feedback in-game atau email.",2025-02-20 16:23:12,5.3.0_29183395_29332470
dc430af8-4385-4889-bcd9-b46b7460f530,Liana Vaster,https://play-lh.googleusercontent.com/a/ACg8ocLZoLayQT2aWqI6S9f2ZyoB4TbsKoK6epJ7Xzh0U8-5Mw4AeQ=mo,"Kecewa. Sebenarnya game ini mau dikemanain sih? kok makin lama ga jelas story event-nya, rasio character cewe:cowo jomplang. world buildingnya ga seimbang dan character writingnya sampah. Kalau emang dari awal mc nya Aether gausa buat Lumine jadi pilihan mc dong. Kasian yang mc nya Lumine dapat fanservice dikit, sisanya ke Aether harem. Sepongin aja tuh incel, dasar game kikir.",1,2,,2025-01-27 12:47:05,"Terima kasih atas dukungan Anda terhadap Genshin Impact, Traveler! Kalau Anda mengalami kesulitan apa pun yang berhubungan dengan Genshin Impact, silakan hubungi kami melalui email atau feedback in-game untuk mendapatkan bantuan.",2025-02-20 16:13:23,
3fcedfdd-77ef-410e-8c1b-4597254b06cb,Zraei,https://play-lh.googleusercontent.com/a-/ALV-UjUdXJIt_U1ArZMf3QwV6jXpaYb_Ms00p7vwC9huKkg-0XecgdYs,Need 120fps fr,2,0,,2025-01-27 12:37:43,,,
52986f55-7039-4174-98d6-b5e6db7c27b7,Zetsumei Mei,https://play-lh.googleusercontent.com/a-/ALV-UjVxfTjwI2PddJkmryXmmYlpYEcNQZ_O2gnMc7JUGbvj1IZLd6sR,Too much fan service :) don't like it at the moment.,1,1,5.3.0_29183395_29332470,2025-01-27 12:25:29,,,5.3.0_29183395_29332470
4a22f9f7-ece4-476d-a764-38e20dd740ff,Alisya Hanun,https://play-lh.googleusercontent.com/a-/ALV-UjXC5AzlyyyHk--HYwgFZ2D6nqufFJbIfcEBtwW0Ib7nOu0bZUNmSA,Game jelek,1,5,5.3.0_29183395_29332470,2025-01-27 12:20:58,"Terima kasih atas dukungan Anda terhadap Genshin Impact, Traveler! Kalau Anda mengalami kesulitan apa pun yang berhubungan dengan Genshin Impact, silakan hubungi kami melalui email atau feedback in-game untuk mendapatkan bantuan.",2025-02-20 15:45:24,5.3.0_29183395_29332470
8223821e-1781-4516-9f63-a13eeb376fe8,Qanita Nayla,https://play-lh.googleusercontent.com/a-/ALV-UjVg4xut7zDTEVZpp7mp2TGeXJqX6HQjQxPYbzs7oHmcFPzOF6c,Terimakasih game kikir,1,0,,2025-01-27 12:18:57,"Terima kasih atas dukungan Anda terhadap Genshin Impact, Traveler! Kalau Anda mengalami kesulitan apa pun yang berhubungan dengan Genshin Impact, silakan hubungi kami melalui email atau feedback in-game untuk mendapatkan bantuan.",2025-02-20 15:47:29,
01f64e3c-3705-4fbd-b90e-fe2a1c518308,tio,https://play-lh.googleusercontent.com/a/ACg8ocJfh-nNpUvBJ-CIgZH4b_o1gbQ-OY9NhIah9zUvRlNXbp4zpg=mo,gg banget,5,0,5.3.0_29183395_29332470,2025-01-27 11:56:58,,,5.3.0_29183395_29332470
0f9c9821-69da-48e5-823a-2870e81bc548,Yola Anindita,https://play-lh.googleusercontent.com/a/ACg8ocJ5nOkFOo2vpawEI7IvFpnSpnIIHLYE7V3GNHs34Wyt0yDpsvbF=mo,"Makin downfall juga ni game? Rasio karakter cowo sama cewe beda jauh, story natlan basic banget, litterally setelah natlan cuma mau kasih makan para pemain incel. No hope buat game ini",1,1,,2025-01-27 11:36:29,"Terima kasih atas dukungan Anda terhadap Genshin Impact, Traveler! Kalau Anda mengalami kesulitan apa pun yang berhubungan dengan Genshin Impact, silakan hubungi kami melalui email atau feedback in-game untuk mendapatkan bantuan.",2025-02-20 15:50:40,
789d2674-c6a2-4b1f-a4d4-b3686bc627aa,Mlcm,https://play-lh.googleusercontent.com/a-/ALV-UjU8L_qJ0Bjvbzjo4zM56JME238_KaAaG6CjhaMQk8y6cZukPdE,"Gamenya udah bagus, tapi ada kekurangannya, yaitu ngga ada perbedaan jalannya cerita dari MC cowok ama MC cewek yang bikin beberapa bagian ceritanya kerasa aneh dan ngga masuk akal. Dan gw nyesel milih MC cewek 🤧",5,1,5.3.0_29183395_29332470,2025-01-27 11:30:09,,,5.3.0_29183395_29332470
54820310-5b94-4d04-934a-b7b03615ecd9,sovyana tanitha,https://play-lh.googleusercontent.com/a-/ALV-UjVc8GgkcfgD6NJvlqWPKbOt7kIHON-kRxJQyy_NCZAOJ-B-dUI,game kikir,1,0,,2025-01-27 11:28:48,"Terima kasih atas dukungan Anda terhadap Genshin Impact, Traveler! Kalau Anda mengalami kesulitan apa pun yang berhubungan dengan Genshin Impact, silakan hubungi kami melalui email atau feedback in-game untuk mendapatkan bantuan.",2025-02-20 15:45:05,
f114932e-c6ca-47cd-9772-664b7a8cb6a4,Adi putra Adik1086,https://play-lh.googleusercontent.com/a-/ALV-UjUhrhlxypUZAUHh9UoZgvi7H9E5_WE1aBkQNUDAb66m657Ayeea,sangat menyenangkan dan banyak misi yang harus di kerjakan dan itu sangat menarik,5,0,5.3.0_29183395_29332470,2025-01-27 11:15:57,,,5.3.0_29183395_29332470
582e5598-fc3b-4436-8690-59da0cb3c2b4,Farrel Arrasyid Adiyana,https://play-lh.googleusercontent.com/a/ACg8ocKyeogWvuphYBUnU329wC3t7uvh2NB1URpQkYqdf8yUJ3LqXsY=mo,"Game explore yang paling ngebosenin, ekspresi pas charnya berdialog kurang banget. Ngerjain quest sejam lebih tapi reward ga dpt untung sama sekali. Kayak percuma aja ngerjain berjam-jam dan explore ke sana sini tapi dpt reward dikiiit bngt... Apalagi klo cari chest, geo/hydro/dll cullus, narohnya ga kira kira. Masa ada di langit langit? Gda char atau mekanisme yang bisa ngambil gitu, itu patch sebelum ada char natlan. Kudu pake char natlan kah? Game P2W bngt sih untuk bisa ngelengkapin itu smua",1,1,3.1.0_10443587_10457664,2025-01-27 11:10:24,"Kami mohon maaf atas permasalahan ini, Traveler. Silakan hubungi kami melalui email atau feedback in-game untuk mendapatkan bantuan lebih lanjut tentang masalah ini.",2025-02-20 16:25:30,3.1.0_10443587_10457664
5adabcd4-d752-41e3-8826-4ace5ceded1b,surati,https://play-lh.googleusercontent.com/a/ACg8ocLsu1dP8dn9kYR5hAFFBcJVVIGkfgXgqLb-bVSe2u57L5d6NA=mo,"Eeeeeee, atau game ini dari dasi gantung tapi sayang nya nunggunya lama nunggu loading",4,0,,2025-01-27 10:12:19,,,
b1c08d3d-c0bf-457a-9bef-6dc939e82ff5,Nabiila Azarine,https://play-lh.googleusercontent.com/a-/ALV-UjUildtKzbJA0Ih5dR7CpgogPg5d96sQJJcMjnr5P_PoijJES7uI,This game have so much potential but it's also have the WORST qol I've ever experienced 😿,1,0,2.1.0_3981765_4073622,2025-01-27 10:09:01,"We sincerely apologize for your unsatisfactory experience, Traveler. If you have any feedback or suggestions, please send us an email or contact Customer Service via in-game feedback to help us improve the game.",2025-02-20 16:08:57,2.1.0_3981765_4073622
12842297-9e6d-48a3-b6a0-0be3abc42012,Bagas Agung Prasetyo,https://play-lh.googleusercontent.com/a-/ALV-UjX0uk9dF7Gn9Gr1aVtuy46-qeTnINspHkiQmjiUXVhSRpm4aN8,Sangat baguss,5,0,5.3.0_29183395_29332470,2025-01-27 10:08:03,,,5.3.0_29183395_29332470
19047eea-1fd2-43ad-9b4b-b6a03ef5cc19,Zidan Anas,https://play-lh.googleusercontent.com/a-/ALV-UjXMUDUxHA0CTmGEdxkdt5iSL54DWbOeIX29EE-a91xVPPwiMaW0,gacor lek,5,0,5.3.0_29183395_29332470,2025-01-27 10:05:10,,,5.3.0_29183395_29332470
02745857-0cb9-46d6-8d2b-974b80661542,Claudia Macan,https://play-lh.googleusercontent.com/a-/ALV-UjUnSM_uSYZEglZwss1YbI2zHQQrDPMgxssMzsMDUi4WJ36ULrM0qw,"Story quest"" ny bagus, tpi fanservice ny ga.",2,1,5.3.0_29183395_29332470,2025-01-27 10:03:42,,,5.3.0_29183395_29332470
54d57055-e639-4faf-9aa5-0320ce5be658,Zhazhara Zetira,https://play-lh.googleusercontent.com/a-/ALV-UjVQcQJANUyt2yn0DyD99m1k9xUTewhPfJcZ7awXTj4dkYdJfe4,jelek,1,0,,2025-01-27 10:00:08,"Terima kasih atas dukungan Anda terhadap Genshin Impact, Traveler! Kalau Anda mengalami kesulitan apa pun yang berhubungan dengan Genshin Impact, silakan hubungi kami melalui email atau feedback in-game untuk mendapatkan bantuan.",2025-02-20 15:44:25,
4affda87-695d-4ce4-9f71-15a28019cc23,Puspita Zulviandari,https://play-lh.googleusercontent.com/a-/ALV-UjVyDkiN-KHUjwuxrcOowTxEItsXE_IUqzDD1j0uwNJsQDTueoOb,"habis map Natlan malah makin kacau story AQ gak jelas banget, eksekusinya kurang udahlah pelit reward sekarang rilis karakter cowok pun pelit saya harap ada perbaikan ya",1,4,5.3.0_29183395_29332470,2025-01-27 09:56:11,"Terima kasih atas dukungan Traveler terhadap Genshin Impact. Kami menerima secara terbuka semua masukan/umpan balik dari kalian. Jika Traveler memiliki saran atau masukan, jangan ragu untuk menghubungi kami melalui feedback in-game atau email.",2025-02-20 16:25:54,5.3.0_29183395_29332470
d8f62081-e870-4a24-b35b-492aa90d84c5,Rizka aulia,https://play-lh.googleusercontent.com/a-/ALV-UjXaAQH1m796CbTH4TRHrLsqgx4moRXLCZSBp52kjP2jsO0OI7xA,GAME INCEL FINAL BOSS!!!!,1,2,5.3.0_29183395_29332470,2025-01-27 09:21:11,"We sincerely apologize for your unsatisfactory experience, Traveler. If you have any feedback or suggestions, please send us an email or contact Customer Service via in-game feedback to help us improve the game.",2025-02-20 15:49:33,5.3.0_29183395_29332470
b99761ad-6122-49d0-9cca-e98cafc77822,Keanu Athar,https://play-lh.googleusercontent.com/a-/ALV-UjWFdgIplF3vtEcP4lmh-3NLNqj6x0IUXNXbebKbzEauGj45ILI,"game tidak jelas. berat, kikir, top up mahal, merugikan player, janji manis",1,2,3.7.0_14806628_14807925,2025-01-27 09:20:47,"Terima kasih atas dukungan Anda terhadap Genshin Impact, Traveler! Kalau Anda mengalami kesulitan apa pun yang berhubungan dengan Genshin Impact, silakan hubungi kami melalui email atau feedback in-game untuk mendapatkan bantuan.",2025-02-20 16:12:23,3.7.0_14806628_14807925
0ff33555-9be6-40ab-bfac-f1e391254e7a,Miillooo,https://play-lh.googleusercontent.com/a-/ALV-UjX9Y1o0O-sGp0pyI2V7D2zF8GUig6OPOMpbpybO-LXNszg32q5r,makin kesini makin tolol,1,1,5.3.0_29183395_29332470,2025-01-27 09:17:01,"Terima kasih atas dukungan Anda terhadap Genshin Impact, Traveler! Kalau Anda mengalami kesulitan apa pun yang berhubungan dengan Genshin Impact, silakan hubungi kami melalui email atau feedback in-game untuk mendapatkan bantuan.",2025-02-20 15:50:19,5.3.0_29183395_29332470
14ca1ddb-185e-4b93-a7a2-5dc555b4ec75,Dwy nur wijayanto,https://play-lh.googleusercontent.com/a-/ALV-UjUIARjkcripIjxTge_zV10ioMqBY4BDgpgEPrboKy7-WZLMcy8,Gamenya bagus,5,0,5.3.0_29183395_29332470,2025-01-27 09:05:51,,,5.3.0_29183395_29332470
4c5e85ef-fb1e-450a-96e7-2411b64d3e12,Aulia Rizki,https://play-lh.googleusercontent.com/a-/ALV-UjVkSTaCCwSFfgXBU5jcrkCLfkS7oZnmAtBxosH5zg7Q0IyLWISVhg,"Jelek banget, gak adil ke semua MC, terlalu banyak fan service dan merujuk ke harem aether. Cerita makin bland, makin lama makin jelek.",1,3,,2025-01-27 08:40:34,"Terima kasih atas dukungan Anda terhadap Genshin Impact, Traveler! Kalau Anda mengalami kesulitan apa pun yang berhubungan dengan Genshin Impact, silakan hubungi kami melalui email atau feedback in-game untuk mendapatkan bantuan.",2025-02-20 15:51:13,
51807d52-13ac-4244-a77c-43640748f5cc,D Ahmad,https://play-lh.googleusercontent.com/a/ACg8ocK8lD7FK7NHyz5nvZhtcr9TV8IAp48duijs3yQ4fOITvANB8A=mo,"Gameny bgus sih, alurnya, charnya sama map nya cuman kalau masalah yappingnya itu menurutku ku gak ada masalah malah itu rasa dalam genshin impect ini",4,0,5.3.0_29183395_29332470,2025-01-27 08:26:15,,,5.3.0_29183395_29332470
a8e0da3f-fa62-4513-8340-24a1cdefd89f,Herlona Putri,https://play-lh.googleusercontent.com/a-/ALV-UjUWPVq-RUh2ZZHw5RKkVNvG9-KZ4RNJylHNky37NV8MaYbdE_dL,"Makin lama storynya mid, chara cwe mulu yg rilis, udh gitu kek setiap cwe di genshin suka sama mc mulu lagi. Sekalian aja bikin game otome dah klo kyk gini",1,3,5.3.0_29183395_29332470,2025-01-27 08:19:02,"Terima kasih atas dukungan Anda terhadap Genshin Impact, Traveler! Kalau Anda mengalami kesulitan apa pun yang berhubungan dengan Genshin Impact, silakan hubungi kami melalui email atau feedback in-game untuk mendapatkan bantuan.",2025-02-20 16:08:22,5.3.0_29183395_29332470
6aa8ce72-476f-4dcd-ac1c-6ecbd1c73303,Susilo Bambang.y,https://play-lh.googleusercontent.com/a/ACg8ocIUjhnAjgp9bd9o3l8mE944mabsvDGvPDdx6TrXuyrZkS09Sw=mo,game nya seru dan jalan ceritanya seru,5,0,5.3.0_29183395_29332470,2025-01-27 08:18:48,,,5.3.0_29183395_29332470
592b81fd-3a9c-465e-9ef2-0a320dc1860f,Karina Mirza Pujiantoro,https://play-lh.googleusercontent.com/a-/ALV-UjX5-rGerc2waXcv0WpntFJDXJE5oc3_lLii0z1rzPBRUsy1H8wh,Game incel jelek,1,1,5.3.0_29183395_29332470,2025-01-27 08:04:02,"Terima kasih atas dukungan Anda terhadap Genshin Impact, Traveler! Kalau Anda mengalami kesulitan apa pun yang berhubungan dengan Genshin Impact, silakan hubungi kami melalui email atau feedback in-game untuk mendapatkan bantuan.",2025-02-20 15:50:51,5.3.0_29183395_29332470
ead6b385-fe57-4238-969a-ebd324d81008,Goa,https://play-lh.googleusercontent.com/a/ACg8ocJpkBNtLEHJcgseGG829YB8vToSNRWWYaPqWKoI8y_D1NfiOA=mo,"Tolong buat fitur ganti mc, sekali aja gpp / di buat kayak quest. Jika sudah ar 30 nanti bisa ganti mc cowok/cewek sekali",4,0,,2025-01-27 07:41:11,,,
1ad1b8e4-5a7b-421d-a709-636497697b4a,Yasmin Mumtaz,https://play-lh.googleusercontent.com/a-/ALV-UjVbOELhVjMc7VV32OKtGvO0AjI0pzDOeSKrRyuwovVBQZrrE5M,"game sampah, gajelas",1,0,,2025-01-27 07:30:59,"Terima kasih atas dukungan Anda terhadap Genshin Impact, Traveler! Kalau Anda mengalami kesulitan apa pun yang berhubungan dengan Genshin Impact, silakan hubungi kami melalui email atau feedback in-game untuk mendapatkan bantuan.",2025-02-20 15:47:09,
ce661604-853f-40df-a0f1-b84cb831eb3c,Iqbal,https://play-lh.googleusercontent.com/a/ACg8ocJIb-lPd6EUOkGL8oxhsMNZRw9ot6RliuaWrDPksWu_3vIVoh8=mo,Setelah 4 tahun gak ada banyak perkembangan cerita. Sangat membosankan.,1,1,3.7.0_14806628_14807925,2025-01-27 07:22:49,"Terima kasih atas dukungan Traveler terhadap Genshin Impact. Kami menerima secara terbuka semua masukan/umpan balik dari kalian. Jika Traveler memiliki saran atau masukan, jangan ragu untuk menghubungi kami melalui feedback in-game atau email.",2025-02-20 16:07:58,3.7.0_14806628_14807925
4a3d4fe0-840c-4c38-9c0d-317a93f774be,pertamaputra kevin,https://play-lh.googleusercontent.com/a/ACg8ocJUekEk5dsNe6odgO81uKqdVxvzgk-rF8D2vHcWcMAlmeW7eQ=mo,kok aku loading nya lama,3,0,,2025-01-27 06:48:11,,,
1f511a73-6a7f-45f2-9e60-4a870b8e611b,Giggs Kovac,https://play-lh.googleusercontent.com/a-/ALV-UjVYiz5tjFCXlfbWyP5rQWZuY_-0bYmIPOYAYQCUDHdaRBc-RMjT,Semoga kedepannya makin banyak bansos,5,0,,2025-01-27 06:13:18,,,
6fcf85f2-bf0f-47ce-8b5d-ba105f12b50f,Naya,https://play-lh.googleusercontent.com/a-/ALV-UjW4y5rygOj5_Fl7-sBRj6SMZc2FIhZfZiWi2M088gC15-2qNIS-AA,"Anti kritik, kalo mau didengerin lu harus jadi cina",1,2,,2025-01-27 05:55:23,,,
f80ac3aa-96d7-4dec-9665-86e25a477508,Lou,https://play-lh.googleusercontent.com/a-/ALV-UjUk_8RF2r-9bq4xllzeMLmWTwIC-VQVrpIqk-OWzvPax5bQvad7,"I have stopped playing since patch 4.9. this game has become quite boring since the fountaine patch. too many new characters added that are only female and updates of things that are honestly not really necessary accompanied by sizes that are always large. There is no character development from the MC himself, and the character that players expect to be playable is likely not playable at all.",1,2,,2025-01-27 05:14:38,,,
7d935933-7fda-4d98-b536-23f3bb5d24e1,Kurnia Hendawan,https://play-lh.googleusercontent.com/a-/ALV-UjX0fvmChW8ZFdSpi869hygnGCbosrXuOGZTU09Q8ejfx5ko0YqE,"Terima kasih atas penderitaan pengalaman gacha saya di game ini, semoga game ini semakin membaik di masa yang akan datang. MAU SAMPAI KAPAN AKUN GW GACHA DI BANNER SENJATA RATE OFF TERUS, GAME SCAM KEK UDH DI SETTING. KEK SLOT AJA 😡 IMPROVE GAME AJA SULIT, TOMBOL SKIP AJA ENGGA ADA, UDH 4 TAHUN NGAPAIN AJA",1,12,5.3.0_29183395_29332470,2025-01-27 04:06:20,"Halo, Traveler! Traveler dapat melihat aturan sistem Wish di bagian [Rincian] pada halaman Wish. Jika kamu memiliki pertanyaan tentang perincian dari aturan tersebut, silakan hubungi tim Layanan Customer Support kami melalui feedback in-game atau melalui email.",2025-02-20 16:05:45,5.3.0_29183395_29332470
50fa3539-33a6-41ee-acf5-b38076a7f44f,Rhima Muthiya Q,https://play-lh.googleusercontent.com/a-/ALV-UjWdaMnZFduPD3QSeX_o-pSMDD_kOg8OQpTf0Fnz_q22lEA280I,"Nih ya, terlalu banyak yang di komplain. Mon maap bgt, tapi mohon untuk melakukan keadilan antara dua MC. Dibikinin dua art buat masing masing MC, jangan satu doang, kalian kan bikin MC nya berdua masa yang di kasih muka si Aether doang, kalo kaya gitu ngapain bikin MC nya dua kalo yang di jadiin art event cuman satu. Ini gw sebagai player Aether pun merasa ga adil sih buat yang milih Lumine",1,2,5.3.0_29183395_29332470,2025-01-27 03:01:36,"Terima kasih atas dukungan Anda terhadap Genshin Impact, Traveler! Kalau Anda mengalami kesulitan apa pun yang berhubungan dengan Genshin Impact, silakan hubungi kami melalui email atau feedback in-game untuk mendapatkan bantuan.",2025-02-20 16:03:04,5.3.0_29183395_29332470
4b7d0b0b-8858-43ad-9813-4de753577acc,Zoeblues Zoe,https://play-lh.googleusercontent.com/a/ACg8ocJXZEg138IL8gMBWD_uqxauR-MhZyB6B8evg8ucsRosh9rwDQ=mo,Story natalan jelek parah panjang ga jelas ga ada2 tombol skip lu kira kita pengguran yg bisa ngabisin waktu buat story panjang ga jelas gitu,1,1,,2025-01-27 03:01:09,"Terima kasih atas dukungan Anda terhadap Genshin Impact, Traveler! Kalau Anda mengalami kesulitan apa pun yang berhubungan dengan Genshin Impact, silakan hubungi kami melalui email atau feedback in-game untuk mendapatkan bantuan.",2025-02-20 16:12:35,
4a620c7e-b171-4d86-8260-18f9729f57ce,Talita rahmi,https://play-lh.googleusercontent.com/a-/ALV-UjWO1X1jFGH0043HnrjVVhInZp-z53W9EscWy6K28Wp2HKqJUUxuxA,"Terus aja dev nya ga dengerin player☺️ pilih lumine kok art ingame nya abyss prince. Chara cowo 5 star nya juga dikit banget, sampe 1 doang di tahun kemaren. Malah nambah konten fanservice ga guna lagi",1,8,5.3.0_29183395_29332470,2025-01-27 02:12:17,"Terima kasih atas dukungan Anda terhadap Genshin Impact, Traveler! Kalau Anda mengalami kesulitan apa pun yang berhubungan dengan Genshin Impact, silakan hubungi kami melalui email atau feedback in-game untuk mendapatkan bantuan.",2025-02-20 16:12:20,5.3.0_29183395_29332470
742deb94-bf01-4505-95e8-cc399bd7ddca,super lucky bennett,https://play-lh.googleusercontent.com/a-/ALV-UjWFuNwu5GSHivhe3ceAip_rpScwe65VhIautQ-HXcCelaOhYkQD,udah kikir bukannya malah bagus nih game malah tambah jelek,1,9,5.3.0_29183395_29332470,2025-01-27 02:11:55,"Terima kasih atas dukungan Anda terhadap Genshin Impact, Traveler! Kalau Anda mengalami kesulitan apa pun yang berhubungan dengan Genshin Impact, silakan hubungi kami melalui email atau feedback in-game untuk mendapatkan bantuan.",2025-02-20 16:02:43,5.3.0_29183395_29332470
e2e7688b-6850-4bd9-b032-3907237e896a,Arya Yudhistira Ramadhan,https://play-lh.googleusercontent.com/a-/ALV-UjXuVcb8K3tAgxEEDnE41DROup8cF1kKpqKhY_x5cxo1rxZsFYg,Fitue feedback sebenernya buat apa kalau dev gak pernah dengerin keluhan playernya?,1,1,,2025-01-27 02:08:13,"Terima kasih atas dukungan Anda terhadap Genshin Impact, Traveler! Kalau Anda mengalami kesulitan apa pun yang berhubungan dengan Genshin Impact, silakan hubungi kami melalui email atau feedback in-game untuk mendapatkan bantuan.",2025-02-20 16:02:29,
1f8c6b28-5b5f-455d-8a10-1a292573b634,M Fariz Rizky,https://play-lh.googleusercontent.com/a-/ALV-UjVd3A4tM1ksZXJ1qTxSdRi0dYEuQ7-Z7XBA8zHkRRGRgL3WDng,"Tolong diadakan tombol skip untuk story, karena ga semua orang mau baca cerita.",5,1,5.3.0_29183395_29332470,2025-01-27 01:42:24,,,5.3.0_29183395_29332470
b0196a39-a34d-4289-9548-9feb75bf8142,Kevin Anggara Bhagaskara,https://play-lh.googleusercontent.com/a-/ALV-UjVSlzRO1PmyfdVOpBVOapcjV6R0EiYDuzB-C2cL5uymCP8Z6QB3,"In patch 5.3 in archon quest even the lantern rite, the character in english voice has no sound",1,1,2.8.0_7997424_8078355,2025-01-27 01:33:57,"We sincerely apologize for your unsatisfactory experience, Traveler. Please contact our Customer Service team via the in-game feedback channel or email for specific help with this issue.",2025-02-20 15:42:24,2.8.0_7997424_8078355
51893222-6138-4791-8457-b6663d1b6197,Annida Aiska Humairoh,https://play-lh.googleusercontent.com/a-/ALV-UjUQvBFPAGEgZxhbFLlZnfyxOV4EkarmjDa63qgKug7WXEVZ3Jw6,"Boring story, bertele-tele, kehilangan vibes fantasy because it feels modern, pembagian antara mc aether dan lumine tidak adil pada beberapa art, sangat pelit tidak seperti game gacha lain, konten-konten end game tidak menghasilkan primogem sehingga sangat membosankan. Overall, this game is getting lower and flop 👎👎👎 hope you read this dear developer",1,1,,2025-01-27 01:16:02,"Terima kasih atas dukungan Traveler terhadap Genshin Impact. Kami menerima secara terbuka semua masukan/umpan balik dari kalian. Jika Traveler memiliki saran atau masukan, jangan ragu untuk menghubungi kami melalui feedback in-game atau email.",2025-02-20 15:41:21,
21a6cae7-a755-49cb-ba36-85d47eece9cd,Kaila Safira Ailsha,https://play-lh.googleusercontent.com/a-/ALV-UjUddIWySwm7mHRTys8SG7_gVOlXhg7AqqjEShTFgoaLrsqfpLdK,Good game,1,1,2.4.0_5199000_5224067,2025-01-27 01:02:38,"Thank you for supporting Genshin Impact, Traveler! If you have any issues with your game experience, please send us an email or contact Customer Service for help via in-game feedback.",2025-02-20 15:40:51,2.4.0_5199000_5224067
3edffac6-5c78-47a6-8604-da8d42c23dc2,Surya Ikram,https://play-lh.googleusercontent.com/a-/ALV-UjVDmNqPZZEBV3wxTRXhfCXRceI6CAT1bxGlW_F2J2znSK5bD6g2iQ,"Sumpah game nya bagus banget bikin ketagihan main,karena alur cerita game nya bagus banget. Ini harus coba sih!",5,1,2.3.0_4786731_4861639,2025-01-27 00:59:36,,,2.3.0_4786731_4861639
0da5898e-6ee9-4572-8d80-ba98088d530b,hatsune miku,https://play-lh.googleusercontent.com/a/ACg8ocLQOhFnhjO1RFkCIbJKy693yrqqdLZq0CET2v5DDkgtgCnfSQ=mo,Gw kasih bintang 4 aja deh karna masih ada kekurangan di dalam game nya. Overall dari segi grafik udh bagus banget dan jga pemandangan yg gabisa di dapat dari game lain ini membuat gw tercengang Tpi kekurangan dari game ini tuh dari permasalahan data yg sangat boros terus terang gw bilang gw beli kuota/data 20GB main cman 2 hari udh abis jadi ya sebisa mungkin tolong buat agar tidak terlalu boros dalam pengambilan data/kuota Buat Dev nya cman itu keluhan gw jadi ya tolong kasih peringan nya ya,4,0,,2025-01-27 00:58:36,,,
559c249a-b161-4fde-afa8-4dcaf0d6e55a,Hunyu the Hamster,https://play-lh.googleusercontent.com/a/ACg8ocLAYI6YvfEG3QwAXBgwH4v-0Nq3hAwnyQCMlcl36yfS8gwQkg=mo,"Update qol nya selalu minim dan cenderung ngasih fitur yang gak penting-penting amat. Konten endgame kering, eksplorasi region terbaru (Natlan) berasa dihalangi paywall (kalau gak punya chara Natlan, bakal kerasa sulitnya. Kachina yang chara gratisan pun fitur eksplor nya termasuk meh), ratio chara waifu dan husbu seperti langit dan inti bumi (ini game mending ganti nama aja jadi 'gathering wives', apalagi setelah ada adegan Aether mandi bareng cewek-cewek di video Livestream 5.4 itu).",1,8,5.3.0_29183395_29332470,2025-01-27 00:57:57,,,5.3.0_29183395_29332470
9a32211c-d508-46fb-8880-48bf036e4029,ranwhy eoni,https://play-lh.googleusercontent.com/a-/ALV-UjW-mlQkjUaz6S9k9UjBNN9XMswyz4mnw0z_hXIuKirRcslr8JA,Sejauh ini update terbaru sangat mengecewakan. Ceritanya semakin membosankan dan rasio karakter laki-laki dan perempuan yang tidak seimbang,1,42,5.3.0_29183395_29332470,2025-01-27 00:54:19,,,5.3.0_29183395_29332470
ff377fcf-5b62-4104-80b7-dbe1e7dfc559,Waly Muhadi,https://play-lh.googleusercontent.com/a/ACg8ocICbx6NvZwx3uCa1X1CHcqVRJDGmoMOSq4lu8YM7ljFy_Ra-w=mo,Seru banget!,5,0,,2025-01-27 00:38:03,,,
b99b8a44-84e0-43dd-b507-2a33e70daacd,jjy,https://play-lh.googleusercontent.com/a-/ALV-UjW5vnytoBrBKvAzd9JsP81XKCh_ug8sJQNUWtYT3zLS4My56IQ,kecewa leee gak ada yang menarik akhir-akhir ini :/,1,8,5.3.0_29183395_29332470,2025-01-27 00:30:05,"We sincerely apologize for your unsatisfactory experience, Traveler. If you have any feedback or suggestions, please send us an email or contact Customer Service via in-game feedback to help us improve the game.",2025-02-20 15:28:33,5.3.0_29183395_29332470
558aa6fb-b473-4821-ba3e-58b8b69e6d28,Azri Raihan Arrasyid,https://play-lh.googleusercontent.com/a-/ALV-UjXIOjUdI6iq_mfHNQHCDOolUr7ns-AT4VbLB-FKO39wP9kK6Mg,"Too many fans service. No male characters anymore, 2025 downfall era?",1,2,5.3.0_29183395_29332470,2025-01-27 00:27:14,,,5.3.0_29183395_29332470
44b024fa-d84f-440e-a74c-fa055132bae3,Farrah Aliyyah,https://play-lh.googleusercontent.com/a/ACg8ocJPBpuQfirVBDbvK59jt6uHTM7Z5HLmAL5ebM77UU9Riqmmr-mM=mo,"Sorry Hoyoverse I've been playing your games since 2019 tapi kali ini beneran kecewa, fan service di game kalian jadi berlebihan dan yang bikin aneh tuh alur ceritanya jadi makin gatau mau dibawa kearah mana, masalah di game kalian tuh udah banyak, malah kalian sendiri yang memperburuk nya. Players banyak yang kecewa, please learn your lesson!",1,2,2.1.0_3981765_4073622,2025-01-26 23:44:01,"Terima kasih atas dukungan Traveler terhadap Genshin Impact. Kami menerima secara terbuka semua masukan/umpan balik dari kalian. Jika Traveler memiliki saran atau masukan, jangan ragu untuk menghubungi kami melalui feedback in-game atau email.",2025-02-20 15:28:21,2.1.0_3981765_4073622
bf433783-5390-4021-89c4-294979cc69a1,Charriot __,https://play-lh.googleusercontent.com/a/ACg8ocL2hFEazsRaRHA06QBA0CXN5MhKjYqwPxLxotb5QUl6Gi52NQ=mo,Developer ampas. Ga dengar player di luar mainland. Bikin jenuh jg. Persebaran chara ga merata. Milking audiens mulu mana mantatin banyak budaya. Ga berbenah dan tuli.,1,1,,2025-01-26 23:12:48,,,
ccdddf23-5337-4e3c-87de-15b81f1b2ed0,Arshasha Muthia,https://play-lh.googleusercontent.com/a-/ALV-UjU1-9adrUmVgNImES6H8B_3MNQVw8K5qA8v19K8z3T63AtUR6I,"Quest ny bertele-tele, smpe mual maen ny",1,1,5.3.0_29183395_29332470,2025-01-26 23:05:35,"Kami mohon maaf atas ketidaknyamanan yang Anda alami, Traveler. Kalau Anda memiliki masukan atau saran, silakan hubungi kami melalui email atau feedback in-game.",2025-02-19 17:31:35,5.3.0_29183395_29332470
79e79ccd-c02a-4258-b320-a4bcce3e588b,Bukan Ajax,https://play-lh.googleusercontent.com/a/ACg8ocL16lNB-bTIex5JHxbBE_fg4wRykTyk0g1IYloH3maH5fGcsQ=mo,"makin kesini makin aneh, dan masih pelit reward.",1,1,,2025-01-26 23:00:49,"Kami mohon maaf atas ketidaknyamanan yang Anda alami, Traveler. Kalau Anda memiliki masukan atau saran, silakan hubungi kami melalui email atau feedback in-game.",2025-02-19 17:31:09,
32ae51ee-db4a-4131-8d9d-ba4608851c4f,Ay,https://play-lh.googleusercontent.com/a-/ALV-UjUPTX3rNILi68w0vTtOCxwQJ4GoX0_1nwzU3Po8OLc6hLepgPdrOg,"Aku sayang hoyo, aku sayang genshin",5,0,5.3.0_29183395_29332470,2025-01-26 22:57:13,,,5.3.0_29183395_29332470
6edf4e4b-9ef1-4fde-a674-febe955792ea,Veldora Tempes,https://play-lh.googleusercontent.com/a-/ALV-UjVDtXichcFjcMpyOvqLqKpoob_gXkAte4WQFM7khHWooa_Xwws,Tolong lah min kami mau Primo minimal setelah update di kasih lah 1600 Primo sekali spin 😭🙏,5,0,,2025-01-26 22:56:27,,,
a7f671d7-eb23-48af-a6f1-820c0ffe2911,Arato V,https://play-lh.googleusercontent.com/a-/ALV-UjWtjgPdGXtJyYKb0rKqbZcvZrxjoxSGzoUsCWBWHSB-vr5W-5WH,semoga nantinya android bisa ditambahkan kontrol keyboard dan joystick,2,2,5.3.0_29183395_29332470,2025-01-26 22:39:58,,,5.3.0_29183395_29332470
d217f56e-7b65-455a-b22c-b0dcb82146d1,Rama adi setyawan Rama adi setyawan,https://play-lh.googleusercontent.com/a/ACg8ocJ3mOrT-5G0j77ar2Us_p66bABmataW0Up5ojyZaXpQU8MkRw=mo,"Gamenya bagus=story juga ok, grafik bagus cuma butuh speak HP yang bagus juga, untuk gacha ok, dan untuk pencarian promo games dan yang di kasih dari developer sangat kurang, untuk mode dan event dll bagus",5,1,5.3.0_29183395_29332470,2025-01-26 22:14:24,,,5.3.0_29183395_29332470
62f128fd-3fef-4479-aede-8771372233ee,gecha,https://play-lh.googleusercontent.com/a-/ALV-UjUQTM-Fye9-T9Qh03ZOWp4TsKCadYojI05SA0eERoiJHm5cedSH,Fan servicenya pls,1,0,4.5.0_21307647_21321795,2025-01-26 22:12:16,"Terima kasih atas dukungan Traveler terhadap Genshin Impact. Kami menerima secara terbuka semua masukan/umpan balik dari kalian. Jika Traveler memiliki saran atau masukan, jangan ragu untuk menghubungi kami melalui feedback in-game atau email.",2025-02-19 17:28:29,4.5.0_21307647_21321795
814a751e-e79e-42c3-9976-94d2531427cf,Faziz San,https://play-lh.googleusercontent.com/a-/ALV-UjVbUhXa3gQyc2sph9uSBTKuAFul-NltJx5S_UANHd_VG1YybqBp,Update makin kesini makin ampas dan jelek,1,0,5.3.0_29183395_29332470,2025-01-26 22:11:26,"Kami mohon maaf atas ketidaknyamanan yang Anda alami, Traveler. Kalau Anda memiliki masukan atau saran, silakan hubungi kami melalui email atau feedback in-game.",2025-02-19 17:27:51,5.3.0_29183395_29332470
00d29a86-7382-46ea-91c6-7fd5128ed0d1,Kalea Aura,https://play-lh.googleusercontent.com/a-/ALV-UjXVKxwOIK6-YJo824ttD3hVksGfqgaMgKe_QLlMtUyNb3Qkb8VlEg,"Fan service gpp, cuma kalo sampe kek gitu apalagi berendam ama 3 cewek 1 cowok. Angkat tangan sudah",1,1,2.1.0_3981765_4073622,2025-01-26 21:26:10,"Kami mohon maaf atas ketidaknyamanan yang Anda alami, Traveler. Kalau Anda memiliki masukan atau saran, silakan hubungi kami melalui email atau feedback in-game.",2025-02-19 17:27:09,2.1.0_3981765_4073622
dfb5f31e-f587-437b-9fa7-6c3636ca08ed,Wahyu Amelia Dwi Rahayu,https://play-lh.googleusercontent.com/a-/ALV-UjVCDOyXOvplFSgL0ypCYqNBJkv5zk-eNlmE9Owz-8azK5MazSpN,I don't mean to badmouth this game. I'm just a bit disappointed with the recent events and storylines that don't have English dubbing. It feels like I'm talking to a dead character. It's really annoying. Please fix it so that the characters can have voices.,3,0,5.3.0_29183395_29332470,2025-01-26 21:04:22,,,5.3.0_29183395_29332470
87dbc469-93fc-485a-911a-6c9a6f4e9b79,Chan Chan,https://play-lh.googleusercontent.com/a-/ALV-UjVv3rGYpB4MWFn3CoYnztc8xc2wNCc92qir5Pv1EA9HAbjBOmRwvA,Gooners game,1,0,4.3.0_19705728_19706476,2025-01-26 20:59:27,"Kami mohon maaf atas ketidaknyamanan yang Anda alami, Traveler. Kalau Anda memiliki masukan atau saran, silakan hubungi kami melalui email atau feedback in-game.",2025-02-19 17:26:18,4.3.0_19705728_19706476
ecad1b02-cf64-4e06-9572-85a50481fed4,Georgia Monica,https://play-lh.googleusercontent.com/a-/ALV-UjVPhUyMvPG3wRR6rwIqkunrM6AXP4p-Iiffh9G6d8kjT1Bxe4EX,"Update, game ini tidak mempedulikan keluhan player. Story jelek, karakter jelek, hanya memberikan karakter perempuan berdada besar, fanservice berlebihan kepada player pria. Fanservice ini menjatuhkan kualitas gamenya. Grafis bagus jika tidak didukung kualitas cerita, semua rusak. Selamat jalan Genshin, saya sudah tidak bermain game ini lagi.",1,204,1.5.0_2574575_2578841,2025-01-26 20:56:14,"Kami mohon maaf atas ketidaknyamanan yang Anda alami, Traveler. Kalau Anda memiliki masukan atau saran, silakan hubungi kami melalui email atau feedback in-game.",2025-02-19 17:26:23,1.5.0_2574575_2578841
f1bb3c89-8be4-4f53-8240-b9cdaab008f6,binaka raeshani,https://play-lh.googleusercontent.com/a-/ALV-UjWoijhHCpzcnj1ZEfOVPfbt4V5sTwu6ep2Bygw2LXOhkr2CcQ,"singkat, padat, jelek bgt skrg :)",1,0,,2025-01-26 20:50:33,"Kami mohon maaf atas ketidaknyamanan yang Anda alami, Traveler. Kalau Anda memiliki masukan atau saran, silakan hubungi kami melalui email atau feedback in-game.",2025-02-19 17:25:47,
836ed650-ff0d-4f1c-9724-a5532ada3825,Hayuning Gusti,https://play-lh.googleusercontent.com/a/ACg8ocKt6bvMv5wF5ANAmKKww8Ea84VL8tHpGoBdCIpvyYPDlQs2Xw=mo,Sedesperate itu kah naikin sales sampe scene gak penting dimasukin? Kecewa berat,1,0,,2025-01-26 20:48:36,"Kami mohon maaf atas ketidaknyamanan yang Anda alami, Traveler. Kalau Anda memiliki masukan atau saran, silakan hubungi kami melalui email atau feedback in-game.",2025-02-19 17:25:34,
bc1e2abc-c14c-4609-b61d-df3e13c543b3,Fandy Caadra,https://play-lh.googleusercontent.com/a-/ALV-UjX-g22vvnZxPcULNJZQdwSvqWVQYr-7wplIwyUg_ElnOZvULRU,goood,5,0,5.3.0_29183395_29332470,2025-01-26 20:43:56,,,5.3.0_29183395_29332470
17f51306-fec0-435b-a70b-c949f834282e,Star Boi,https://play-lh.googleusercontent.com/a-/ALV-UjXVpCzaLUhL7DnWRWSVAaWNyNvNDFha4dVosYis-jk9pR5sEfQ,"booo! game kikir!! alur cerita makin gajelas!! tolong jangan buat genshin jadi semakin parah dengan adanya gooner bait!! kembalikan alur genshin seperti semula!! buat lebih banyak karakter laki-laki!!! kami, terutama sebagai player wanita sangat kecewa dengan perkembangan game ini! 😡👎👎👎",1,1,,2025-01-26 20:33:57,"Kami mohon maaf atas ketidaknyamanan yang Anda alami, Traveler. Kalau Anda memiliki masukan atau saran, silakan hubungi kami melalui email atau feedback in-game.",2025-02-19 17:25:20,
9a24d44c-3df2-477a-a69a-2f2183ced47a,Alfia Humaira,https://play-lh.googleusercontent.com/a-/ALV-UjWrdAik8BYP0yieVD8c_cddkhlFtYZEvTXf5rqnEuTOFyAtO_c,"Game nya bagus, trus scenery nya, lore/Cerita nya juga bagus, character nya lumayan, sistem gacha dan dialog nya kurang, kdng cerita nya lama bagus, overall bagus ya",3,0,5.3.0_29183395_29332470,2025-01-26 20:28:50,,,5.3.0_29183395_29332470
8ae917b8-4522-4669-ab7f-2a69ffa80170,aji kusuma,https://play-lh.googleusercontent.com/a/ACg8ocIRPtzJ_ggbmmWZfywitBMgbU7oKfbKM0iBm_HGxgv6GHGJBA=mo,"Exciting game, but too expensive",4,0,5.3.0_29183395_29332470,2025-01-26 20:13:33,,,5.3.0_29183395_29332470
402eaf67-c2d0-4e0a-93a1-d39d023d7ec3,Naiinanaaa,https://play-lh.googleusercontent.com/a-/ALV-UjXManRkR7A1-a1LnMrpGYVoFUrogd2-SDfWshS8IHSj0_aq3e7x,Worst. Jelek banget.,1,1,5.3.0_29183395_29332470,2025-01-26 20:12:31,"Terima kasih atas dukungan Anda terhadap Genshin Impact, Traveler! Kalau Anda mengalami kesulitan apa pun yang berhubungan dengan Genshin Impact, silakan hubungi kami melalui email atau feedback in-game untuk mendapatkan bantuan.",2025-02-19 17:00:41,5.3.0_29183395_29332470
5c6eace4-5bd0-4006-9d22-75b26da3db0a,miftha nur anggraeni,https://play-lh.googleusercontent.com/a-/ALV-UjU8Eth4g7l2cmxlOnWUEIaSOP0mz5S7RCtIbopdu5hq1U1nXj20Ag,"Gamenya sangat bagus. Grafik memanjakan mata, karakternya juga pada cakep-cakep. Saya boleh request tidak, perbanyak karakter tall men dan naga. Terimakasih. 🙏",3,0,4.1.0_18054760_18121248,2025-01-26 20:10:29,,,4.1.0_18054760_18121248
f5db9bee-25b9-474f-bcd8-ba2109a05aeb,imkaaa,https://play-lh.googleusercontent.com/a-/ALV-UjU-gmmUlyebYC5pjlnaddbZpA2GpD3Sur6vslLHETLagKOJvLUP,"Game makin jelek, quest utama makin jelek. Genshin 2025 era downfall.",1,0,2.1.0_3981765_4073622,2025-01-26 20:08:07,"Terima kasih atas dukungan Anda terhadap Genshin Impact, Traveler! Kalau Anda mengalami kesulitan apa pun yang berhubungan dengan Genshin Impact, silakan hubungi kami melalui email atau feedback in-game untuk mendapatkan bantuan.",2025-02-19 17:00:30,2.1.0_3981765_4073622
da496912-4bc9-4f71-9d42-2a886d3c8f51,Rohmad Tyo,https://play-lh.googleusercontent.com/a-/ALV-UjVXPKv4FCNSoNBKHHCSForRHEpHCWnZA-pbP3me1sBBvIMDkOVJ,Game kikir,5,1,5.3.0_29183395_29332470,2025-01-26 20:06:07,,,5.3.0_29183395_29332470
0748f823-7f43-4a9c-ad2d-7c605ed61867,clyeosa,https://play-lh.googleusercontent.com/a-/ALV-UjX8njjJFyYS55d2H90IcKH-PF8ctDB1zKNPjWaDO2IH_ZMP6yI,"Jelek bor yang bener ajeh cewek sama cowok mandi bareng, kalo emang mixed gender ya minimal tambahin lakinya atu biji lagi",1,2,5.3.0_29183395_29332470,2025-01-26 20:04:17,"Terima kasih atas dukungan Anda terhadap Genshin Impact, Traveler! Kalau Anda mengalami kesulitan apa pun yang berhubungan dengan Genshin Impact, silakan hubungi kami melalui email atau feedback in-game untuk mendapatkan bantuan.",2025-02-19 17:00:21,5.3.0_29183395_29332470
ea77f98a-4479-4701-a781-3371f9bb95eb,Intan Nuraini,https://play-lh.googleusercontent.com/a-/ALV-UjXvtOuJDdgqQZ1ZgVwpTsM6RzEZxRHUxC5BQpwW8kXL02ioVFFC,kikir dalam semua aspek. (termasuk pelit char cwk) ubur ubur ikan lele kecewa berat leee,1,2,5.3.0_29183395_29332470,2025-01-26 19:46:41,"Terima kasih atas dukungan Anda terhadap Genshin Impact, Traveler! Kalau Anda mengalami kesulitan apa pun yang berhubungan dengan Genshin Impact, silakan hubungi kami melalui email atau feedback in-game untuk mendapatkan bantuan.",2025-02-19 16:58:44,5.3.0_29183395_29332470
bff26ca3-81fd-48ca-9892-4df0f0cb3343,Cinta Shafaa,https://play-lh.googleusercontent.com/a-/ALV-UjVhErWbx2qtnLk0rXulMYEYu8xRhKJkpnfr4g-sN18QPFiUkJV_,"Developer please update QoL! Farm material sungguh slowwwww, Chara utk ""jadi"" butuh berbulan-bulan lamanya. Sementara itu dulu, udah ak tulis semua kapan lalu, gatau bakal dibaca atau ngga.. moga aja:)",1,2,5.3.0_29183395_29332470,2025-01-26 19:40:56,"Kami mohon maaf atas permasalahan ini, Traveler. Silakan hubungi kami melalui email atau feedback in-game untuk mendapatkan bantuan lebih lanjut tentang masalah ini.",2025-02-19 16:56:10,5.3.0_29183395_29332470
9641f16b-291d-42fa-8a67-5ace46c27efa,Dave,https://play-lh.googleusercontent.com/a/ACg8ocL2IpeaKyphRe3MjJR_u8DtaASfXZq42ny6kSfsSbRi-lCmAQ=mo,your pity sistem is disappointing,2,0,,2025-01-26 19:34:58,,,
466393a4-708f-4ef9-84c1-39646e5c311d,Indri Maulida Rahmi,https://play-lh.googleusercontent.com/a-/ALV-UjXNVPjEv6zgg2eWI4zXTM0ezGB2pbr4SAmj4gYCBoYd7pA0n9B6,"Game kikir, ga terima kritik.",1,2,5.3.0_29183395_29332470,2025-01-26 19:31:29,"Terima kasih atas dukungan Anda terhadap Genshin Impact, Traveler! Kalau Anda mengalami kesulitan apa pun yang berhubungan dengan Genshin Impact, silakan hubungi kami melalui email atau feedback in-game untuk mendapatkan bantuan.",2025-02-19 16:55:08,5.3.0_29183395_29332470
18d49865-bfd9-4950-b426-8ccc5ccc8c1e,Naka Ao,https://play-lh.googleusercontent.com/a-/ALV-UjXPv3J3-TrCwaqxr1eVim7_1Z4ZvNrA-CMzVkjvcSSyvGlT_mCX,Jelek game fan service l👎🏻,1,0,2.2.0_4340077_4464168,2025-01-26 19:27:07,"Terima kasih atas dukungan Anda terhadap Genshin Impact, Traveler! Kalau Anda mengalami kesulitan apa pun yang berhubungan dengan Genshin Impact, silakan hubungi kami melalui email atau feedback in-game untuk mendapatkan bantuan.",2025-02-19 16:28:41,2.2.0_4340077_4464168
4924ba4b-e011-4572-9043-1ee66855872c,Faizal Adya,https://play-lh.googleusercontent.com/a/ACg8ocJHlpJ6TbY-7bqsOHsdoQMik248bMFheo34EZdpQMCOTMgMOg=mo,Beberapa karakter tidak ada suarany,1,2,5.3.0_29183395_29332470,2025-01-26 19:26:24,Kami ingin memohon maaf sebesar-besarnya atas terganggunya pengalaman bermain Traveler. Silakan hubungi Layanan Pelanggan kami melalui pelaporan masukan dalam game atau email untuk mendapatkan bantuan tentang masalah ini.,2025-02-19 16:33:24,5.3.0_29183395_29332470
ef49e8fa-c98d-41ff-b380-db9c6813e1e8,Ren,https://play-lh.googleusercontent.com/a-/ALV-UjU3N9FmdWro_huW5XDR6LKmt30JiOfhHo7NtKuCpQK3LsW0Kyav,Tolong dengarkan keluh kesah player anda! Semakin lama semakin bosan bermain game ini. Saya tidak masalah dengan fanservice yang ringan tidak masalah tapi semakin lama dev kesannya malah membuat fanservisenya semakin tidak senonoh. Kenapa hanya selalu player pria yang mendapatkan fanservice itu? Player wanita tidak? Padahal kita juga spend uang untuk mendapatkan karakter kesukaan kita! Padahal juga ada player pria yang akan gacha demi karakter pria jika memiliki efek yang bagus dan berguna.,1,1,,2025-01-26 19:18:41,"Terima kasih atas dukungan Traveler terhadap Genshin Impact. Kami menerima secara terbuka semua masukan/umpan balik dari kalian. Jika Traveler memiliki saran atau masukan, jangan ragu untuk menghubungi kami melalui feedback in-game atau email.",2025-02-19 16:32:51,
543f4dfe-0729-4532-b535-bd67a000d222,Adrian Rian,https://play-lh.googleusercontent.com/a/ACg8ocLuDxUCDzNQJbR8q8AFEawf-0bavWhnVQbCvZh4_2ao5kLX-Q0=mo,Game nya sangat bagus grafiknya keren Tapi bisa lah kurangin download dalamnya 30gb cuy,5,0,,2025-01-26 19:06:36,,,
4b498f80-f07f-49a6-8142-ca1e5bb2664f,Oryza Sativa,https://play-lh.googleusercontent.com/a-/ALV-UjUsJOZPu2N_TelCQ8XhxixREehlYc2UjOdfRZZdfVksNKRBvz9QBQ,"Gooners bait, cerita dan character isinya jadi lebih terasa fanservice. Ratio male dan female juga ga seimbang",1,1,2.1.0_3981765_4073622,2025-01-26 19:04:00,"Terima kasih atas dukungan Traveler terhadap Genshin Impact. Kami menerima secara terbuka semua masukan/umpan balik dari kalian. Jika Traveler memiliki saran atau masukan, jangan ragu untuk menghubungi kami melalui feedback in-game atau email.",2025-02-19 16:02:34,2.1.0_3981765_4073622
f41e905a-61eb-4842-8501-9fc26c4badb0,الفقير الفقير,https://play-lh.googleusercontent.com/a-/ALV-UjVE4K_u2GV7tq4Z5RpKVAELk3rpd2RPoDztxfB-xs6mi0YXbHk,⭐⭐⭐⭐⭐,5,0,5.2.0_28336591_28351161,2025-01-26 18:56:56,,,5.2.0_28336591_28351161
958df91f-e34f-499e-81ab-b9a13b593181,Honeynur MaiQiara,https://play-lh.googleusercontent.com/a-/ALV-UjWLOKjndQAscJZEegB2Z4NT6HdN4HDKCIoS6MarDmqlBAVGFOR3,"primo banyakin napa, kikir amat, bagusan hsr",1,0,,2025-01-26 18:56:08,"Terima kasih atas dukungan Anda terhadap Genshin Impact, Traveler! Kalau Anda mengalami kesulitan apa pun yang berhubungan dengan Genshin Impact, silakan hubungi kami melalui email atau feedback in-game untuk mendapatkan bantuan.",2025-02-19 16:32:29,
3e76f354-b9e6-4f73-a974-c516cfc3d297,Mentari Zyobelkano,https://play-lh.googleusercontent.com/a-/ALV-UjVWW9SgTG3bo9mamiI_HOBmZXinPwj_sceBHUm_fKia7LSyKICg,Just 1 male chara in Natlan???? Dasar game kikir,1,1,2.4.0_5199000_5224067,2025-01-26 18:55:53,"Terima kasih atas dukungan Anda terhadap Genshin Impact, Traveler! Kalau Anda mengalami kesulitan apa pun yang berhubungan dengan Genshin Impact, silakan hubungi kami melalui email atau feedback in-game untuk mendapatkan bantuan.",2025-02-19 16:29:36,2.4.0_5199000_5224067
60c146fa-2c09-4778-a080-eff0a49a95a3,Adrian Dwii,https://play-lh.googleusercontent.com/a-/ALV-UjVqTIhTvkS5PogswnVE6T5GdsQ00gbkPNP9OZfhwnq-8axbpj1_,sayangg paimon,5,0,5.3.0_29183395_29332470,2025-01-26 18:48:35,,,5.3.0_29183395_29332470
7cfa6a63-fa73-4015-ad63-1baeff7e77bf,Hate Etah,https://play-lh.googleusercontent.com/a/ACg8ocIXq87BD8dKfEcnvP-mnJ4_wCIy8Xy1xTkM-GhzgpIrVozp2A=mo,Tambahin fitur skip,3,1,5.3.0_29183395_29332470,2025-01-26 18:45:35,,,5.3.0_29183395_29332470
e8462353-d4aa-4b3f-94ec-d8903cc351e4,Erick Ryant,https://play-lh.googleusercontent.com/a-/ALV-UjXirYdaeulAvYzNvty1DsikJM6dJlKiI87YlhK8sDkCjucxXij6,"Beberapa karakter tidak mengeluarkan suara saat ada event yang tengah berlangsung, bisa tolong diperbaiki??",5,0,5.3.0_29183395_29332470,2025-01-26 18:39:30,,,5.3.0_29183395_29332470
f3eb9dba-a9ab-4110-ad3c-54a635d8cd5a,ayato,https://play-lh.googleusercontent.com/a/ACg8ocJjVzT_aVnQPZUwA0zy4YcOQxUW2OuA9JBV58-m0v6qn78K_Q=mo,"Bad game, only female characters appear, like a harem game, unfair to both MC!!!",1,0,,2025-01-26 18:29:08,"Thank you for your constant support of Genshin Impact. We welcome any valuable input from you. If you have any comments or suggestions you would like to share, please feel free to contact our Customer Service team via the in-game feedback channel or email to help us improve the game.",2025-02-19 16:27:00,
c58acb4c-0420-4505-95ef-3b279f265d2a,liqaqaqa_,https://play-lh.googleusercontent.com/a-/ALV-UjV02cya-hZTpBcb5H3c7DAv_4U99FYo_MsQnFTy8J-pNX5xxJsz,"Gooner game, making a man and a woman in the same bathing space is such a disgusting thing",1,3,5.3.0_29183395_29332470,2025-01-26 18:27:06,"We sincerely apologize for your unsatisfactory experience, Traveler. If you have any feedback or suggestions, please send us an email or contact Customer Service via in-game feedback to help us improve the game.",2025-02-19 16:32:21,5.3.0_29183395_29332470
5fcb25db-4820-47ab-9f95-cbacaf36a6d9,Maysel Alpin,https://play-lh.googleusercontent.com/a-/ALV-UjWyn8YYRZBqJSIQWDJ8jf5WDr4fuCrMZa82-qSkL7wiH85Speg4,The best,5,0,5.3.0_29183395_29332470,2025-01-26 18:25:29,,,5.3.0_29183395_29332470
f058b72c-4a5a-4e28-bd6c-3f98a61207d9,Catherine gabrielle Sharon,https://play-lh.googleusercontent.com/a-/ALV-UjXCvYQ8KBZE7564QR_8QcvLRrZNMI5bl62Scsioae8x-noeS9bCSg,Capitano hidup pls,1,0,,2025-01-26 18:16:49,"Terima kasih atas dukungan Traveler terhadap Genshin Impact. Kami menerima secara terbuka semua masukan/umpan balik dari kalian. Jika Traveler memiliki saran atau masukan, jangan ragu untuk menghubungi kami melalui feedback in-game atau email.",2025-02-19 16:16:28,
b3ccc084-f784-4128-a78b-417ca2d45278,acha,https://play-lh.googleusercontent.com/a-/ALV-UjVArKAUgK8rZ-O4WeSwomzMqzbSRearAYh6S8ZpOPPZpgVVt3yA,game pelit,1,0,5.3.0_29183395_29332470,2025-01-26 18:15:48,"Terima kasih atas dukungan Anda terhadap Genshin Impact, Traveler! Kalau Anda mengalami kesulitan apa pun yang berhubungan dengan Genshin Impact, silakan hubungi kami melalui email atau feedback in-game untuk mendapatkan bantuan.",2025-02-19 16:16:16,5.3.0_29183395_29332470
a0014a4f-2c3e-4fe0-bc84-4588ef137d5f,zaskia nabila,https://play-lh.googleusercontent.com/a-/ALV-UjVVpL7SasolGM24SwstectDArN5Drf5EAZJYiSTVIxq3keY5j0,kikir bgt jadi game,1,0,5.3.0_29183395_29332470,2025-01-26 18:04:50,"Terima kasih atas dukungan Anda terhadap Genshin Impact, Traveler! Kalau Anda mengalami kesulitan apa pun yang berhubungan dengan Genshin Impact, silakan hubungi kami melalui email atau feedback in-game untuk mendapatkan bantuan.",2025-02-19 16:29:55,5.3.0_29183395_29332470
c457634f-1066-467d-b5b6-270547da5894,Lsy 27,https://play-lh.googleusercontent.com/a-/ALV-UjUVXvb2iqucTM_MVDyE_u-l-5AJElVONU9SMPV6WTFzGm_YBNR0,"Game kikir, makin hari makin ga jelas. Lebih banyak character cewe dari pada character cowo.",1,0,5.3.0_29183395_29332470,2025-01-26 17:58:15,"Terima kasih atas dukungan Anda terhadap Genshin Impact, Traveler! Kalau Anda mengalami kesulitan apa pun yang berhubungan dengan Genshin Impact, silakan hubungi kami melalui email atau feedback in-game untuk mendapatkan bantuan.",2025-02-19 16:11:39,5.3.0_29183395_29332470
c03dbe1c-9694-440b-922a-ed2e4c8da3bd,Scilla Flower,https://play-lh.googleusercontent.com/a-/ALV-UjXxfQ1LNTMSt8nK-_6kPjdSXbAi4CmxZpDFBPfgmf2C0DbpnCT0,Makin lama bukannya berbenah malah makin jelek,1,0,5.2.0_28336591_28351161,2025-01-26 17:55:48,"Terima kasih atas dukungan Anda terhadap Genshin Impact, Traveler! Kalau Anda mengalami kesulitan apa pun yang berhubungan dengan Genshin Impact, silakan hubungi kami melalui email atau feedback in-game untuk mendapatkan bantuan.",2025-02-19 16:31:45,5.2.0_28336591_28351161
1c4edc61-c078-4333-93c1-69afac5bee4f,FROST 02 GAMING,https://play-lh.googleusercontent.com/a-/ALV-UjVvZ3nIKU_jmKL-cJWr4P7pwx4j0bNr8_mRm3rfVsLffvPgdVP5,please more action & less dialog on story...,1,0,4.3.0_19705728_19706476,2025-01-26 17:55:14,,,4.3.0_19705728_19706476
886f0aee-a808-4c66-b0d8-944ecc6bf479,xinyan xxnyn,https://play-lh.googleusercontent.com/a-/ALV-UjV2Y56bPpdj0wTEbFSKj3O49aYAW-cwBPnz-ChhxqEZXN1QJZw,game kikir,1,0,2.1.0_3981765_4073622,2025-01-26 17:21:20,"Terima kasih atas dukungan Anda terhadap Genshin Impact, Traveler! Kalau Anda mengalami kesulitan apa pun yang berhubungan dengan Genshin Impact, silakan hubungi kami melalui email atau feedback in-game untuk mendapatkan bantuan.",2025-02-19 16:21:45,2.1.0_3981765_4073622
0fcb86cf-796d-444f-90e3-5b7b2d9ba2c2,nym kartika,https://play-lh.googleusercontent.com/a/ACg8ocKX3GS4WuvTGGDPg3NKWsB5-tCDWRz8jxkqu_TFl0Ta9knbNg=mo,"Udah kikir primogems, kikir char husbu pulak",1,0,5.3.0_29183395_29332470,2025-01-26 17:17:46,"Terima kasih atas dukungan Anda terhadap Genshin Impact, Traveler! Kalau Anda mengalami kesulitan apa pun yang berhubungan dengan Genshin Impact, silakan hubungi kami melalui email atau feedback in-game untuk mendapatkan bantuan.",2025-02-19 16:22:16,5.3.0_29183395_29332470
f3bb60bb-b5d2-450c-b25d-f2349ef4458a,susu pisang,https://play-lh.googleusercontent.com/a-/ALV-UjX4bgvgM0E_LaKbxBxcos33g5p7d0_8v7eTB3KEYNGtFJW0y6Ec,"Game pelit, pelit primo, pelit karakter cowo, semuanya peliiiit",1,0,,2025-01-26 17:02:19,"Terima kasih atas dukungan Anda terhadap Genshin Impact, Traveler! Kalau Anda mengalami kesulitan apa pun yang berhubungan dengan Genshin Impact, silakan hubungi kami melalui email atau feedback in-game untuk mendapatkan bantuan.",2025-02-19 16:31:28,
6b2bd7e6-8d95-45d4-bfa6-4b6e7757bbe4,Mas'ud Wahyu,https://play-lh.googleusercontent.com/a-/ALV-UjXymG7d6jcpps_bdqpmE0OC6nd1_lC_Qj-jhGmmJGKSpUyheBw,Game nya kikirrrrr,1,0,5.2.0_28336591_28351161,2025-01-26 17:01:12,"Terima kasih atas dukungan Anda terhadap Genshin Impact, Traveler! Kalau Anda mengalami kesulitan apa pun yang berhubungan dengan Genshin Impact, silakan hubungi kami melalui email atau feedback in-game untuk mendapatkan bantuan.",2025-02-19 16:15:57,5.2.0_28336591_28351161
a8a844f5-33ec-44f5-b8f8-1f214919c721,Tira'zz,https://play-lh.googleusercontent.com/a-/ALV-UjXV_4qddxGugw0yl9VQgedFIj8Z27IneXgsbCxgCifhc3ooCmyE,"Genshin makin jelek, makin sampah terutama semenjak natlan rilis, alergi ngasih ke karakter kulit tan skin, budaya natlan yg ga sesuai Lore dan berlaku tidak adil terhadap mc lumine, kayak come on, di hsr aja ganti gantian mc nya, masa disini cuma aether trs yg ditunjukin di setiap trailer? Buat apa bikin lumine klo di anak tirikan kayak gini? & Stop bikin karakter cewek terus, gw yakin game 4no kayak lu ga bertahan lama",1,13,,2025-01-26 16:56:57,,,
0cca9cee-f39d-47ed-860e-c3f1c0e18ab1,Puti Alayya Shakeena,https://play-lh.googleusercontent.com/a-/ALV-UjWkJg_nMuMKB73gd_XHxbNS9lv3Ej1H7C5LQ0ajjv1M_1sUR3Ai,"New updates has been dissapointing lately, the developer said that they care about their fans but in truth they only care about certain group of fans and not all of them especially female players",1,2,,2025-01-26 16:52:59,"We sincerely apologize for your unsatisfactory experience, Traveler. If you have any feedback or suggestions, please send us an email or contact Customer Service via in-game feedback to help us improve the game.",2025-02-19 16:28:24,
47c21c8a-20ec-4949-8942-1465a46f153c,SURYA,https://play-lh.googleusercontent.com/a-/ALV-UjV-d-DkGZhQSuBFWezKHogVij6HhuMHqo8qdXAeeqTG5q_gslI,Lovet it.,5,0,5.3.0_29183395_29332470,2025-01-26 16:26:54,,,5.3.0_29183395_29332470
e9ab9488-6a91-4c23-acba-38e2d8490c24,Sapphire _sav,https://play-lh.googleusercontent.com/a-/ALV-UjXHB2JGPMCMYbFET0XqAogJHoMzgnJ2qnkM0DfEJ9vvtBEwDig,Give us female player justice like furina!,1,0,,2025-01-26 16:15:44,"Thank you for your constant support of Genshin Impact. We welcome any valuable input from you. If you have any comments or suggestions you would like to share, please feel free to contact our Customer Service team via the in-game feedback channel or email to help us improve the game.",2025-02-19 16:13:30,
ab14d8e7-1d35-4ca7-9c87-cd43c0468c58,Shalsha Olivio,https://play-lh.googleusercontent.com/a-/ALV-UjVLGz54JkGJiCSKTZyxnYBV1XRXQLGl4n_YgjDTFEP4hwE_IjIn,Game jual story bagus masa tiba2 downgrade jd jual fanservice murahan,1,1,5.3.0_29183395_29332470,2025-01-26 16:07:45,,,5.3.0_29183395_29332470
a6e92517-b7e9-4b2e-897b-19293cbb4e99,Salmah Athiyyah,https://play-lh.googleusercontent.com/a-/ALV-UjVKwL7kcO2qulKS7PEZtPBygWgpzF4SJW0IX8pfZHcMc5qEQzk,"Arigatoo buat hoyo karna udah buat game se GG ini,temen gw berhasil terpengaruh buat download juga wkwk🗿",5,0,5.3.0_29183395_29332470,2025-01-26 15:59:09,,,5.3.0_29183395_29332470
ce48ccc5-7706-4543-aa08-7d2126df03d7,RED Nanaa,https://play-lh.googleusercontent.com/a/ACg8ocIaYR6IqMiIR8sVekK1V8vImg3e4cWQsX7yeXH4bCBo-xA0Mw=mo,makin jelek alurnya kebanyakan bait gooner,1,0,5.3.0_29183395_29332470,2025-01-26 15:56:04,"Terima kasih atas dukungan Anda terhadap Genshin Impact, Traveler! Kalau Anda mengalami kesulitan apa pun yang berhubungan dengan Genshin Impact, silakan hubungi kami melalui email atau feedback in-game untuk mendapatkan bantuan.",2025-02-19 16:15:29,5.3.0_29183395_29332470
f765b90a-0c61-40b4-96c3-22b1f494b191,alettha,https://play-lh.googleusercontent.com/a/ACg8ocJW5QdKlRm5yLVRBfWY3vUPauphCFqFNst9I6jZTIMFKqEN2A=mo,"after this path, the quality go down",1,0,,2025-01-26 15:43:36,"Thank you for your constant support of Genshin Impact. We welcome any valuable input from you. If you have any comments or suggestions you would like to share, please feel free to contact our Customer Service team via the in-game feedback channel or email to help us improve the game.",2025-02-19 16:13:42,
aa8fb1b7-4e58-4b08-87bf-52ee372bfc2a,devina,https://play-lh.googleusercontent.com/a/ACg8ocISkyIZXLKC33r2xJWvznCJAkzKSByC2Ott2RjDBBh5E8j7T1s=mo,"feedback dari player ga pernah didengar sama sekali, makin ke sini konten making bosenin, characternya gitu gitu aja, story jg ketebak. game problematic",1,4,5.3.0_29183395_29332470,2025-01-26 15:39:48,"Terima kasih atas dukungan Traveler terhadap Genshin Impact. Kami menerima secara terbuka semua masukan/umpan balik dari kalian. Jika Traveler memiliki saran atau masukan, jangan ragu untuk menghubungi kami melalui feedback in-game atau email.",2025-02-19 15:39:56,5.3.0_29183395_29332470
8162c021-2f9b-4fdc-9307-86d2855be7ca,Nida Azahra,https://play-lh.googleusercontent.com/a-/ALV-UjWfIQOEvNOgEg9fHGmO1tYXj9t87tDqVRQNPsAgZHKcBRMi8yqy,Sekarang udah lumayan baik tapi kenapa jadi gooner game? Pls lah hoyo stop jadiin genshin game yang jelek,1,0,5.3.0_29183395_29332470,2025-01-26 15:37:42,"Terima kasih atas dukungan Traveler terhadap Genshin Impact. Kami menerima secara terbuka semua masukan/umpan balik dari kalian. Jika Traveler memiliki saran atau masukan, jangan ragu untuk menghubungi kami melalui feedback in-game atau email.",2025-02-19 16:27:29,5.3.0_29183395_29332470
b81f18bf-1c53-4095-ab65-15b0799ef787,Vanzz1 Vanzidarksistem,https://play-lh.googleusercontent.com/a/ACg8ocLcmNkFL_i5_InTz8hA2hB7_lCAtJQfqmhuvXV52vo32d1rsg=mo,mnattaaappp!!!,5,0,5.3.0_29183395_29332470,2025-01-26 15:25:46,,,5.3.0_29183395_29332470
bcff0d97-81e5-46de-bdaa-a5971f7a1d63,Sheren Windiarty,https://play-lh.googleusercontent.com/a-/ALV-UjV6kVqU03XYhWb6q-cXgh5tcTEtzn7lMY0ij9AWub8LvL4RgKYL,what a disappointment genshin,1,0,,2025-01-26 15:02:22,"We sincerely apologize for your unsatisfactory experience, Traveler. If you have any feedback or suggestions, please send us an email or contact Customer Service via in-game feedback to help us improve the game.",2025-02-19 16:14:40,
e9d46688-17ed-4140-aacc-01d3ff85881b,Cok Jan,https://play-lh.googleusercontent.com/a/ACg8ocLqEMxr-EIVI2D0M8ogMStNXHoVt5F3-SoAWkmx8DtFgwuo8A=mo,"I hate the newest teaser that shows aether in the bath with the girls, what I mean was can't you guys just use Lumine instead of aether?",1,1,,2025-01-26 15:00:51,"We sincerely apologize for your unsatisfactory experience, Traveler. If you have any feedback or suggestions, please send us an email or contact Customer Service via in-game feedback to help us improve the game.",2025-02-19 14:44:28,
cf1a34c3-2856-4606-a1cf-c55f5f6d0e63,Cindy K,https://play-lh.googleusercontent.com/a-/ALV-UjVSW8akK26RGzzWff_GJ1vFe8bO0xxD_WQdgapMVu5fzR3OtMYSrA,"Ckckck update forno, gmn sih hoyotod",1,0,,2025-01-26 14:52:28,"Terima kasih atas dukungan Anda terhadap Genshin Impact, Traveler! Kalau Anda mengalami kesulitan apa pun yang berhubungan dengan Genshin Impact, silakan hubungi kami melalui email atau feedback in-game untuk mendapatkan bantuan.",2025-02-19 16:10:53,
34e5e449-9c43-4279-a8f7-16ed7717e83e,Areta Aulia,https://play-lh.googleusercontent.com/a-/ALV-UjUl7Fi1YKfC7iMLFXYT-fZChmcMhgB2q9A1JwY4rnRp7sli5xI,Game kikir,1,0,3.6.0_13833164_13951843,2025-01-26 14:48:34,"Terima kasih atas dukungan Anda terhadap Genshin Impact, Traveler! Kalau Anda mengalami kesulitan apa pun yang berhubungan dengan Genshin Impact, silakan hubungi kami melalui email atau feedback in-game untuk mendapatkan bantuan.",2025-02-19 16:10:39,3.6.0_13833164_13951843
246f8920-e793-432d-80d7-ab552e4bc5fd,Yasmine Alyya,https://play-lh.googleusercontent.com/a-/ALV-UjW360_1UjxEM6Id_dT-Sm75fl0Z0poAAlkYHNmtZqetcr2O5x8,Tidak seru karna sudah tidak ada lagi konten yang memanjakan para pemain wanita 👎👎👎👎,1,19,5.3.0_29183395_29332470,2025-01-26 14:44:34,"Terima kasih atas dukungan Anda terhadap Genshin Impact, Traveler! Kalau Anda mengalami kesulitan apa pun yang berhubungan dengan Genshin Impact, silakan hubungi kami melalui email atau feedback in-game untuk mendapatkan bantuan.",2025-02-19 16:14:19,5.3.0_29183395_29332470
58bd58e9-8ed8-42af-87e6-2566cf42ce6f,naura alifia,https://play-lh.googleusercontent.com/a-/ALV-UjXs20423LFeNpDLGHfIqdQ2mi9IIOvViAywXm-TNKvdYWca89_IzA,tambahin chr cowok jgn incel trus yak,1,1,5.3.0_29183395_29332470,2025-01-26 14:42:25,"Terima kasih atas dukungan Traveler terhadap Genshin Impact. Kami menerima secara terbuka semua masukan/umpan balik dari kalian. Jika Traveler memiliki saran atau masukan, jangan ragu untuk menghubungi kami melalui feedback in-game atau email.",2025-02-19 15:39:19,5.3.0_29183395_29332470
05bbd758-e7ad-4c75-82da-cfaca1f35e0d,Dyandra Thirdzaruby,https://play-lh.googleusercontent.com/a-/ALV-UjX1TcI5zHI294x4EqSKhx49LGgmD6eio9c6IwVSeEIhubn-lT_S,bosen,4,2,5.3.0_29183395_29332470,2025-01-26 14:37:42,,,5.3.0_29183395_29332470
bb4e45fb-471d-4b44-9fa8-257fed2b8bf3,Roziqin,https://play-lh.googleusercontent.com/a-/ALV-UjUp8fO3v5hBkJ5tGMYg77yD5vmNdR-u_nGqpNXKp_gb3JcunxtM,"menurut saya sudah cukup bagus sih gamenya, dari segi grafik, gameplay, map, story, maupun desain karakter nya sudah bagus, tapi tolong lah minnn perbaiki voice beberapa karakter ada yang hilang saat quest,entah cuma punya saya doang apa player lain juga merasa begitu.... selebihnya udah bagus sih terimakasih 🙂",3,48,5.3.0_29183395_29332470,2025-01-26 14:35:59,,,5.3.0_29183395_29332470
7f51dd4a-5ec3-4b0a-a83d-c410c531dce0,Nurhafifah Deliana Putri,https://play-lh.googleusercontent.com/a-/ALV-UjU6MRJp_84g3rl8d3glF2ujGBupaoEV9hsw1OyDD8OxKdtmEOdO,bro tidak mendengarkan saran & permintaan player 👎,1,0,5.3.0_29183395_29332470,2025-01-26 14:35:07,"Terima kasih atas dukungan Traveler terhadap Genshin Impact. Kami menerima secara terbuka semua masukan/umpan balik dari kalian. Jika Traveler memiliki saran atau masukan, jangan ragu untuk menghubungi kami melalui feedback in-game atau email.",2025-02-19 16:10:27,5.3.0_29183395_29332470
a4b166f3-e42a-4273-9180-3d43d70c44f5,Jhonat Novry,https://play-lh.googleusercontent.com/a-/ALV-UjVpCUdswQhrJjys2NxNfvvws4REW0SaGPwvdSi7BcP3ZEt5vXAd3Q,5 star character???,1,0,5.3.0_29183395_29332470,2025-01-26 14:28:58,"Thank you for your constant support of Genshin Impact. We welcome any valuable input from you. If you have any comments or suggestions you would like to share, please feel free to contact our Customer Service team via the in-game feedback channel or email to help us improve the game.",2025-02-19 16:01:59,5.3.0_29183395_29332470
c829a47c-273f-4b37-9a24-77a3741489e2,nurul annisa,https://play-lh.googleusercontent.com/a-/ALV-UjWZ-iDRsfA_AzW3j9fdE3GAswBFZpZjA5XER6KmoxNIWe6c1EM,"kikir, tidak f2p friendly.",1,0,5.3.0_29183395_29332470,2025-01-26 14:21:50,"Terima kasih atas dukungan Anda terhadap Genshin Impact, Traveler! Kalau Anda mengalami kesulitan apa pun yang berhubungan dengan Genshin Impact, silakan hubungi kami melalui email atau feedback in-game untuk mendapatkan bantuan.",2025-02-19 16:01:36,5.3.0_29183395_29332470
fd1a83ec-3d1d-4b34-9d03-749ecf14d8a3,Rarania LM,https://play-lh.googleusercontent.com/a-/ALV-UjW3KawTElZhTQshSD7w6-Jh1FTnu2hYZLgnGAee7lmZEjd_PtZP,kecewa dgn konten update nya,1,1,5.2.0_28336591_28351161,2025-01-26 14:16:42,"Kami mohon maaf atas ketidaknyamanan yang Anda alami, Traveler. Kalau Anda memiliki masukan atau saran, silakan hubungi kami melalui email atau feedback in-game.",2025-02-19 14:57:23,5.2.0_28336591_28351161
1384cd6c-dba0-431d-a09f-56d7fc2562c4,Ilham Mf,https://play-lh.googleusercontent.com/a/ACg8ocJlklmR6XhMvyk5mKcUxHq7tWJ0JgOcfpHMRCClD61R9xc4qw=mo,Nice,5,0,5.3.0_29183395_29332470,2025-01-26 14:13:35,,,5.3.0_29183395_29332470
fe6c08b6-c395-474d-8d05-e6c77547a3a3,Vnjlkleee. kmillyuoo,https://play-lh.googleusercontent.com/a-/ALV-UjU71tYYAaRO0rPRzm33V-uOoYSiI-O22P2zrCRFNz5BUvWWJQ8,"semenjak natlan rilis, genshin mengalami penurunan dari segi design dan eksplorasi. archon quest di natlan memang sangat keren, vibes dari nation of war sangat terasa dan saya yakin banyak player yang setuju tentang archon quest natlan. tapi semakin lama, banyak design karakter khusunya untuk perempuan yang terlalu terbuka dan gampang untuk diseksualisasikan, serta kurangnya perilisan karakter lelaki. dan saya harap developer game mau mendengarkan masukan dari player lain juga.",2,2,,2025-01-26 14:09:34,,,
a15c43d2-2d1c-4be1-9526-a2252a791b26,u makima,https://play-lh.googleusercontent.com/a/ACg8ocJlWWsGZ6pWfnqoL5w2KTwKzgh2T-ZedLzm7FUOedZMhYMpqQ=mo,Dont play this game,1,0,5.3.0_29183395_29332470,2025-01-26 14:04:10,"We sincerely apologize for your unsatisfactory experience, Traveler. If you have any feedback or suggestions, please send us an email or contact Customer Service via in-game feedback to help us improve the game.",2025-02-19 14:50:21,5.3.0_29183395_29332470
60a4f1ce-fe45-47a6-9791-bdeceffdaa35,Anvaya Azalia,https://play-lh.googleusercontent.com/a/ACg8ocKDxNuINKL2etNVdBmAdzmyqqmCK82ka8jaXvcBxWAhhMSAWg=mo,"The ratio of male characters is very small, over time this becomes a quiet game and the server closes.",2,0,5.3.0_29183395_29332470,2025-01-26 13:46:44,,,5.3.0_29183395_29332470
cf24caff-6841-4561-9bea-3398af630c3b,Teh Asli,https://play-lh.googleusercontent.com/a/ACg8ocKYNWpatIBGrw7fuoNx4b42mvfaHj1w29vKJp7RMg63LytwTw=mo,Terlalu kikir 🤡🤡😡😡🤬,1,0,5.3.0_29183395_29332470,2025-01-26 13:31:44,"Kami mohon maaf atas ketidaknyamanan yang Anda alami, Traveler. Kalau Anda memiliki masukan atau saran, silakan hubungi kami melalui email atau feedback in-game.",2025-02-19 14:50:37,5.3.0_29183395_29332470
1f092f3b-ca1d-4440-9bc1-3602c1656af4,Nurlita Aulia Putri,https://play-lh.googleusercontent.com/a-/ALV-UjX70DmC1KSazee2xbPE8kpq9cmE6XnUzZGZujGcHSIUT0w5g_uDLQ,segala keluh kesah sudah diwakilkan oleh player lain,1,0,5.3.0_29183395_29332470,2025-01-26 13:26:17,"Kami mohon maaf atas ketidaknyamanan yang Anda alami, Traveler. Kalau Anda memiliki masukan atau saran, silakan hubungi kami melalui email atau feedback in-game.",2025-02-19 14:56:25,5.3.0_29183395_29332470
35bffc9c-cd09-4103-a40d-063194693f4f,Xian Adeptus,https://play-lh.googleusercontent.com/a/ACg8ocJiMCHzyaceF1XF4ybkjQgKNzN2XI7Mo-Sjxj2mUFqNQvTbpw=mo,Game incels,1,0,,2025-01-26 13:25:32,"Kami mohon maaf atas ketidaknyamanan yang Anda alami, Traveler. Kalau Anda memiliki masukan atau saran, silakan hubungi kami melalui email atau feedback in-game.",2025-02-19 14:48:22,
c91422f3-86e2-443f-b1ae-bb1ef00ff15d,M Alfarizi,https://play-lh.googleusercontent.com/a-/ALV-UjWzunGtCNQYhLhbGn0C7yKXrY3wDdKn9Eh_wWb1uDkgqLtLlOib,Jelek donlod data ya gk gotak,1,0,,2025-01-26 13:16:36,"Kami mohon maaf atas ketidaknyamanan yang Anda alami, Traveler. Kalau Anda memiliki masukan atau saran, silakan hubungi kami melalui email atau feedback in-game.",2025-02-19 14:48:56,
d44b0bcd-10f3-4065-9713-abd351ea7be8,Ger Kallemins,https://play-lh.googleusercontent.com/a-/ALV-UjX9os8IyuxhD9_ukrAbSZBnrU2vm33L3ZniI7jNQd3vu-laN-ZC,server asia benerin lah. lagi tarung ngeleng terus,1,0,5.3.0_29183395_29332470,2025-01-26 13:14:12,Kami ingin memohon maaf sebesar-besarnya atas terganggunya pengalaman bermain Traveler. Silakan hubungi Layanan Pelanggan kami melalui pelaporan masukan dalam game atau email untuk mendapatkan bantuan tentang masalah ini.,2025-02-19 14:52:31,5.3.0_29183395_29332470
38c1dde0-8f7c-4035-9ec6-dbcf5cb6d5ba,Christian ferary,https://play-lh.googleusercontent.com/a-/ALV-UjVlqKNUbGmEJmVZP7Y8E5pwsKodHdHokIp7YuJLMaVyhWyxRog,Bagus,5,0,5.3.0_29183395_29332470,2025-01-26 13:11:32,,,5.3.0_29183395_29332470
d13bd920-ab97-4660-8668-9f40656da874,Abel Fitri,https://play-lh.googleusercontent.com/a/ACg8ocIRZcCeXKaCObm1JydAcQzRapYyqYauBEIhFTOkt6L_pvLghQ=mo,"Singkat saja, bagus, grafik hd, seru,",5,0,5.3.0_29183395_29332470,2025-01-26 13:03:55,,,5.3.0_29183395_29332470
db3bc23a-f965-41df-89dc-8d575c67f1fa,cikpwan08 adindacikpwan,https://play-lh.googleusercontent.com/a/ACg8ocKFK6zhZlZ3UAKMm6taG_Np2UnCEjTQgxMGIBDRpbDY5nOopg=mo,Tetap ok walau gachaku busuk,1,0,3.4.0_12498014_12591909,2025-01-26 12:59:33,"Halo, Traveler! Traveler dapat melihat aturan sistem Wish di bagian [Rincian] pada halaman Wish. Jika kamu memiliki pertanyaan tentang perincian dari aturan tersebut, silakan hubungi tim Layanan Customer Support kami melalui feedback in-game atau melalui email.",2025-02-19 14:52:13,3.4.0_12498014_12591909
a27beb73-6caa-4bd8-a68b-31aa061ba416,M. Hafizh,https://play-lh.googleusercontent.com/a-/ALV-UjVwHYcp_oY5xjUO-lZWpqBWHEactOzR7x4LlZDQS0Xw8HkxtEnc,Tambahkan fitur skip story!,3,4,5.3.0_29183395_29332470,2025-01-26 12:29:20,,,5.3.0_29183395_29332470
49379038-1241-4baa-955d-1d53685af09f,Aby M,https://play-lh.googleusercontent.com/a/ACg8ocKBmGZUUrM0VT7J2v1j1EmHY2JObqMKAoNbHXC00Oe_XD9QLQ=mo,Tolong adakan fitur skip dialog quest untuk setiap game hoyoverse,5,0,,2025-01-26 12:22:06,,,
8fcdf27d-e647-4cdb-88ec-d90bf499d228,Navisha,https://play-lh.googleusercontent.com/a-/ALV-UjWwXjlBd6ker90_TLllHdJuQbTgVyW7_mU9q84qUkDkgSvewA,Gak ada alasan pokoknya bagus🗿✨,5,0,,2025-01-26 12:10:51,,,
8b043117-8324-45c3-b224-4a2d1dad78f4,Miko,https://play-lh.googleusercontent.com/a-/ALV-UjUyIfnJjeZlwuBCRsqD4tEshHpZy683Bo5lYyi5WDcq1eKMKWGv,HELL NAHH,1,0,5.3.0_29183395_29332470,2025-01-26 12:10:22,"We sincerely apologize for your unsatisfactory experience, Traveler. If you have any feedback or suggestions, please send us an email or contact Customer Service via in-game feedback to help us improve the game.",2025-02-19 14:53:19,5.3.0_29183395_29332470
49e049d6-2829-41c6-834b-b7f48c7c44c2,Sahroji 2024,https://play-lh.googleusercontent.com/a/ACg8ocL7QIEE9vu_jmb_n8rJPkxA3qQMVLiS_VgGBMouHYgH3s58VA=mo,"game ga jelas, gacha udh habis 750k malah dapet yg udh punya",1,0,,2025-01-26 11:34:28,"Halo, Traveler! Traveler dapat melihat aturan sistem Wish di bagian [Rincian] pada halaman Wish. Jika kamu memiliki pertanyaan tentang perincian dari aturan tersebut, silakan hubungi tim Layanan Customer Support kami melalui feedback in-game atau melalui email.",2025-02-19 14:53:40,
4edd1a52-75a9-4b5a-8c26-c3b235583daf,Dewa Yuu,https://play-lh.googleusercontent.com/a/ACg8ocIZMc8tEwkuBoIETS9jztDImVwJ-NEGF5QK0Ldz8U4UHeZv6g=mo,Bagus,5,0,5.3.0_29183395_29332470,2025-01-26 11:21:09,,,5.3.0_29183395_29332470
425f607b-db52-43fd-b90c-5a129240f2e4,Natasya Cyntya,https://play-lh.googleusercontent.com/a/ACg8ocLWp8X5CWcl569tnay1Vu8ZWy19z2ub-E9VtgwTalSx0kqKRw=mo,"makin lama story makin down, jelek.",1,3,5.3.0_29183395_29332470,2025-01-26 11:19:41,"Kami mohon maaf atas ketidaknyamanan yang Anda alami, Traveler. Kalau Anda memiliki masukan atau saran, silakan hubungi kami melalui email atau feedback in-game.",2025-02-19 14:48:27,5.3.0_29183395_29332470
4cef53f2-b985-4b59-804c-55b984812f0a,Naufal Rendra Nugraha,https://play-lh.googleusercontent.com/a-/ALV-UjXBexajkKFypswOUvVaXMtYy238mMyNp1hnNd1LalrXoGDmOm9q,saya sangat suka karena dengan eksplorasi dan banyak teori yang berkembang dari banyak pemain yang memainkan game ini,5,0,5.3.0_29183395_29332470,2025-01-26 11:18:30,,,5.3.0_29183395_29332470
54af40ff-8f56-451c-b8e2-a96347471c61,I Made Ananta S,https://play-lh.googleusercontent.com/a/ACg8ocJN4EbT2f4pg5kgmdNxyHU9BUvlAZRSSEqEBacLTfM3HANY1w=mo,BERIKANNN SAYA ARTEFAK BINTANG 5 YANG BAGUS JGN DEFF MULU YG DIBERIKAN KALO SUDAH BAGUS BARU SAYA BERIKAN BINTANG 5 !!!!,1,0,5.3.0_29183395_29332470,2025-01-26 10:57:01,"Kami mohon maaf atas ketidaknyamanan yang Anda alami, Traveler. Kalau Anda memiliki masukan atau saran, silakan hubungi kami melalui email atau feedback in-game.",2025-02-19 14:47:54,5.3.0_29183395_29332470
c76e3c0d-a0d3-4584-8d03-66f92f175951,Talitha Paramitha,https://play-lh.googleusercontent.com/a-/ALV-UjU-bNGROZYuGNS5nsVy0XR5iqiKyBUtyg7WwSo-ApxTEZbjB8HGmQ,"Character writing makin kesini makin flop, rasio katakter cewe:cowo jomplang",1,3,2.1.0_3981765_4073622,2025-01-26 10:56:36,"Kami mohon maaf atas ketidaknyamanan yang Anda alami, Traveler. Kalau Anda memiliki masukan atau saran, silakan hubungi kami melalui email atau feedback in-game.",2025-02-19 14:54:51,2.1.0_3981765_4073622
edaa7749-de2a-46cb-bb8a-7db66f6adafb,Jrdnn,https://play-lh.googleusercontent.com/a/ACg8ocJ-U94iiPJNgmT_muBU7C2p2aUK9xVBpGpdn-hzqV62iId9QUY=mo,"Saya kasih bintang 5 karena hp saya udah ganti, jadi udah ga patah-patah lagi mainnya😁😁👍",5,0,5.3.0_29183395_29332470,2025-01-26 10:28:32,"Terima kasih atas dukungan Traveler untuk Genshin Impact. Kami menyambut setiap masukan yang berharga dari kalian. Jika Traveler memiliki saran atau masukan, jangan ragu untuk menghubungi kami melalui pelaporan masukan dalam game atau email.
",2022-11-20 21:44:19,5.3.0_29183395_29332470
622d64e9-3a46-453a-95bf-f65b26f2ecb4,Ditta,https://play-lh.googleusercontent.com/a-/ALV-UjVGnfEfzuounQXUpK5U-LPXNGXSPT-ETeAUITXpVOYiMj4JSnGJoQ,puasin tuh incel wkwkwk,1,3,5.3.0_29183395_29332470,2025-01-26 09:39:40,"Kami mohon maaf atas ketidaknyamanan yang Anda alami, Traveler. Kalau Anda memiliki masukan atau saran, silakan hubungi kami melalui email atau feedback in-game.",2025-02-19 14:55:33,5.3.0_29183395_29332470
cd54e1d1-43d8-4e52-8db0-0f6e4ca76858,yuu,https://play-lh.googleusercontent.com/a-/ALV-UjXajoZzlt5s9kP5hpN5ttSEwQEK3OahevheikkGF38I_0nKbwfL,semangat kasih makan incel nya Yo ^^,1,2,3.5.0_13082099_13156424,2025-01-26 09:31:09,"Kami mohon maaf atas ketidaknyamanan yang Anda alami, Traveler. Kalau Anda memiliki masukan atau saran, silakan hubungi kami melalui email atau feedback in-game.",2025-02-19 14:47:40,3.5.0_13082099_13156424
f6fe548a-3bb1-401c-bfab-65c1d986be93,Hugo Situmorang,https://play-lh.googleusercontent.com/a-/ALV-UjVoVV4Z3vw0MvAS3TKOkYSsYsqLUOOGV052UKi7hH__b-XsBXco,game kikir banget ini males gw mainin nya,1,1,5.1.0_27118081_27297621,2025-01-26 09:23:03,"Kami mohon maaf atas ketidaknyamanan yang Anda alami, Traveler. Kalau Anda memiliki masukan atau saran, silakan hubungi kami melalui email atau feedback in-game.",2025-02-19 14:47:23,5.1.0_27118081_27297621
66cb48f6-6e99-44f9-aed9-80416a1b5066,Wahyuu Pamungkas,https://play-lh.googleusercontent.com/a-/ALV-UjV0EWST7D-8H6iO287cxfmhJDWTHCcKJN1AVf02aBPrVnuwKjk,Agak dioptimalkan untuk hp kentang🗿,5,1,,2025-01-26 08:10:43,,,
3e5f7697-b753-453c-8016-cdda431999b2,Doko Doko,https://play-lh.googleusercontent.com/a/ACg8ocJ7qqq-gtE52_NWvLKDAUcK1xWYpysklZib26KQBFxxN3YMPw=mo,Game nya bikin bosen di download data nya mohon diper cepat,1,0,,2025-01-26 07:52:15,"Kami mohon maaf atas ketidaknyamanan yang Anda alami, Traveler. Kalau Anda memiliki masukan atau saran, silakan hubungi kami melalui email atau feedback in-game.",2025-02-19 14:46:36,
884a70fe-c6d0-4fc3-a355-507efdee8ed9,Rahmat Hidayat,https://play-lh.googleusercontent.com/a-/ALV-UjVCOKJr8an-gGDyNZpYOXYIhLFrXyRiMCnZiqxEB7RqsBJjL4TD,Boring,1,0,5.3.0_29183395_29332470,2025-01-26 07:49:05,"We sincerely apologize for your unsatisfactory experience, Traveler. If you have any feedback or suggestions, please send us an email or contact Customer Service via in-game feedback to help us improve the game.",2025-02-19 14:40:22,5.3.0_29183395_29332470
3bf58b3f-9fbb-4ae2-8a78-e06019d8d58c,Unaa,https://play-lh.googleusercontent.com/a-/ALV-UjVNd9C58G72aGX3hk7uTve7yEF0-JbQFMSUmqZWm9CHOWgTwqyH,"genshin jadi beda bgt skrng malah lebih ngejual char female wkwk jadi kacau, ga balance sama char male. Dari desain char female pun makin sus, maksa bgt dah",1,3,,2025-01-26 07:31:39,"Kami mohon maaf atas ketidaknyamanan yang Anda alami, Traveler. Kalau Anda memiliki masukan atau saran, silakan hubungi kami melalui email atau feedback in-game.",2025-02-19 14:39:37,
8cd82ce8-680e-4fd6-9cc6-6824c98beac1,Latte Cookie8x,https://play-lh.googleusercontent.com/a/ACg8ocL9Taj1jQx-WQVR7LQvJ9754fVdvvweq-acVHxFoWkEdZK6Bw=mo,game nya bagus banget character story sama grafik nya bagus bangett ❤,5,0,,2025-01-26 06:42:52,,,
ec41d4c8-8eba-4762-b84e-4ff62ac7da0f,Ilmi Insani,https://play-lh.googleusercontent.com/a-/ALV-UjUK148rayLxv5LRH4BXVyZKcBXF8EQPQHVABCR8teTbaF8GHr_O,Aw.,5,0,5.3.0_29183395_29332470,2025-01-26 06:33:58,,,5.3.0_29183395_29332470
53da7b41-396d-46b1-80b0-cdcce825d773,Lionel raffa Azka putra,https://play-lh.googleusercontent.com/a/ACg8ocLbhhOSwlJcsWMpqyF69JrE_66WTMSSQFuC5FvJmaqCixuPaQ=mo,Maaf mihoyo.. Yg skrng bnr2 hard pity. Sy kecawa bngt.. Ga dpt mavuika,2,0,5.3.0_29183395_29332470,2025-01-26 06:32:52,,,5.3.0_29183395_29332470
aeece709-0514-4d09-b2be-85fbfc47899e,Raihan Ahnaf,https://play-lh.googleusercontent.com/a-/ALV-UjVTyXmtHuAJtvhUeIimEoPkaZ6tFlgBj83ewQYGwK9J4JYLqwRL,TERIMA KASIH HOYOVERSE KARENA SUDAH MEMBUATKAN KOSTUM HU TAO YANG CANTIK BANGETTTT 🥰🥰🥰,5,0,5.3.0_29183395_29332470,2025-01-26 06:29:08,,,5.3.0_29183395_29332470
d8239f4f-332f-490d-997a-6c04620213a0,Naila Syaikah zalfa,https://play-lh.googleusercontent.com/a-/ALV-UjXlQDyvqxweRfvsYBKiReg3sThwmH71o5Kl1uIKJYCtzIeZNWxsPw,game sange anjg gajelas hoyo,1,3,,2025-01-26 06:26:57,"Kami mohon maaf atas ketidaknyamanan yang Anda alami, Traveler. Kalau Anda memiliki masukan atau saran, silakan hubungi kami melalui email atau feedback in-game.",2025-02-19 14:36:19,
5fb5e77f-b5d7-464f-9d82-a25f319461cd,kar,https://play-lh.googleusercontent.com/a-/ALV-UjXfSnrCrFDCN3rjMVkDFAGD2Xz3g0RjLoNQCSbQA8Zs39rELTay,"progres updatenya ga jelas, semalam hampir selesai update 8 gb, pagi login disuruh update 6 gb",2,0,5.3.0_29183395_29332470,2025-01-26 06:11:30,,,5.3.0_29183395_29332470
6efd5fb4-f853-417c-877e-27c29f734f10,Sabell Dirga,https://play-lh.googleusercontent.com/a/ACg8ocKsWHi3qKYAxW5XoUBgPATdhiOG0oQrbBm4XZ7ZYemefKAbLQ=mo,Bagus,5,0,5.3.0_29183395_29332470,2025-01-26 05:14:51,,,5.3.0_29183395_29332470
19d8b8a9-a506-4ce8-9742-7abd0c4a561c,RivaldyAzr06,https://play-lh.googleusercontent.com/a-/ALV-UjULeTohbJELLieh_Oh5bqFhWymH_rO4GUb8mc0ChFns0KctTnivjg,Bagi yang ngeluh kalo hp overhead lu bisa beli hp kenapa ga bisa beli Cooler hp wkwk kocak kocak jangan nyalahin game nya lah hp lu aja mungkin yang kentang wkwkwkwk,5,0,,2025-01-26 03:40:59,,,
f35cbf86-b385-40df-a86c-f54d2f4573e2,rezas tuan perhitungan,https://play-lh.googleusercontent.com/a-/ALV-UjXHidm9G6M-OhO5pgMsdmNphw_ZWTB18dr9lG3zROG3MOLJN13ibA,Game of the year to android,5,0,5.3.0_29183395_29332470,2025-01-26 03:36:54,,,5.3.0_29183395_29332470
6ca51fde-31ff-4f05-bd3c-f5ebc027233f,Hamid,https://play-lh.googleusercontent.com/a/ACg8ocJZ3GRkfSVVvlmMBfxzDJir1q-ivX-gRcO5Vy5Zyo9G6h7lPg=mo,Good job 👍,5,0,5.3.0_29183395_29332470,2025-01-26 02:43:37,,,5.3.0_29183395_29332470
2e36cb54-3651-4b7f-844f-eaf91740c7e4,Muhammad Refdi Arrahmam,https://play-lh.googleusercontent.com/a-/ALV-UjU3YgUGx4BI0YkGC3ak096vnXh3-0erxKs0-DbeWi8PJ_2qOSA,Mantap besti dah gak di ragukan tapi mohon jangan kikir ke mobile legend pliss? (:,5,0,5.3.0_29183395_29332470,2025-01-26 02:36:27,,,5.3.0_29183395_29332470
af810938-1812-4366-84b1-1d5321cfdb26,Gayuh Ramadhan,https://play-lh.googleusercontent.com/a/ACg8ocKKr4IgAVH3RaXqFikNUU-Ize4LCKcMJttoXENnZPdReoWjLg=mo,"Primo yang sedikit, event nya sangat bikin kesel para ar rendah sulit di mainin",2,2,5.3.0_29183395_29332470,2025-01-26 01:38:33,,,5.3.0_29183395_29332470
0cb83520-0eb5-4832-ae4a-2ff0c0b5bd36,Nexarow,https://play-lh.googleusercontent.com/a-/ALV-UjWPwOiDua1Owuu9mwltFTgrFLAGkRY9hfhJtgfND1PzizZjmcI,"Lama kelamaan ini game membosankan sekali, dri event biasa aja, reward gitu gitu aja, dan quest story terlalu bertele tele dan tidak ada fitur skip sampai sekarang.. Dan ya.. player lama yg sudh 2 thn lebih main seperti aku bakal unistall kalau memang tidak ada perkembangan sama sekali, dan satu lagi... Tolong dengerin suara para player.. Udh itu aja... Gw pamit dri game ini.. Byee genshin",1,0,,2025-01-26 01:11:07,"Terima kasih atas dukungan Traveler terhadap Genshin Impact. Kami menerima secara terbuka semua masukan/umpan balik dari kalian. Jika Traveler memiliki saran atau masukan, jangan ragu untuk menghubungi kami melalui feedback in-game atau email.",2025-02-19 14:42:53,
cc5a17ff-9871-4928-84b4-9d8ef9058daa,Rika Handayani,https://play-lh.googleusercontent.com/a/ACg8ocKo2sqY4WQaht_n3e-DnCuxAKxqh_0YSK6IY3b3rZ5-cJRfww=mo,Bagus gamenya,5,0,5.3.0_29183395_29332470,2025-01-26 01:08:29,,,5.3.0_29183395_29332470
dea9f17e-86f2-41ef-91e6-9c6f8f024759,Ujang Nuryanto02,https://play-lh.googleusercontent.com/a/ACg8ocLhx21iW-PhYML6t_B6GdV2x4XjjY8FWyjuXGsRt1J7IYsaZg=mo,Seru,5,0,5.3.0_29183395_29332470,2025-01-26 00:24:04,,,5.3.0_29183395_29332470
60bba9e6-ded6-4cf5-b7bc-17974b450267,Yuli Kurniati,https://play-lh.googleusercontent.com/a/ACg8ocL0kfMefKOwsaZBIuOKIzGcTZbIKozhj8kTanxy-aNsEovJjw=mo,good,5,0,5.3.0_29183395_29332470,2025-01-26 00:14:43,,,5.3.0_29183395_29332470
54d6ec78-a567-4241-921b-e20ffed16906,Rehan,https://play-lh.googleusercontent.com/a/ACg8ocIMvASUQCjCjrTxYKJ8w2JcbWGu_Sd8VPghdVVFFhmpDfuhJw=mo,Semoga aku dapet ayah a rlecchino Ptiy 10 amin hoyo baik berikanlah aku arlecchino 🥹 🙏,5,0,5.3.0_29183395_29332470,2025-01-25 23:51:22,,,5.3.0_29183395_29332470
7a4cc283-7a5e-4aef-812b-f0f9c5419c8c,Harun New,https://play-lh.googleusercontent.com/a/ACg8ocJzsYEl6m0EZGi8LgmXJGI2etqI3UV6dfPOveoU6iHJZfmUsg=mo,Game kikir sistem gacha scam,1,1,5.3.0_29183395_29332470,2025-01-25 23:38:30,,,5.3.0_29183395_29332470
d1ae4832-5d1e-492b-9bcb-2e8529708b2c,Kei Nara (KNR),https://play-lh.googleusercontent.com/a-/ALV-UjWXe5JFhCk3wG6RAvFw1OvYjDDQABS6FdTPxy5GE3zhUq_3k4iCVw,Ok,5,0,5.3.0_29183395_29332470,2025-01-25 22:57:43,,,5.3.0_29183395_29332470
dc8089f7-956e-4902-8856-ff7fef7a85a0,Zahraputri Agustine,https://play-lh.googleusercontent.com/a/ACg8ocLFppebkDvgqMRmcGifcUFrq3wQrf_OUva2iQXM3xWw_AnHPg=mo,mau arlecchino,5,0,5.3.0_29183395_29332470,2025-01-25 22:52:08,,,5.3.0_29183395_29332470
fda830ad-8997-4b46-a032-fa85aa488623,Muhammad Yuda krisnanto,https://play-lh.googleusercontent.com/a/ACg8ocIe0ZgcL_GNJnH56rb7xSMrQjW_sk8K4xPYyK_C4wWyrfNnHw=mo,"Disaya kok sering ngefrez ya padahal udah rata kiri, apa emang harus ganti hp",2,0,,2025-01-25 22:34:43,,,
e4c68b88-1510-4217-8f2a-c7e9ab5f88f2,Dza Gwiyeo,https://play-lh.googleusercontent.com/a-/ALV-UjUF0xcu1fwwzNQG4dz_T5jr0m7VbjTZoOuw0BI88K8ZdyJbmFkn,Kenapa android tidak support Joy stick? Udh capek² nunggu download sampe 30gb eh pas cek controller cuman bisa layar sentuh.. Device ku Xiaomi pad 6,3,0,5.3.0_29183395_29332470,2025-01-25 22:29:48,,,5.3.0_29183395_29332470
aa85004f-a403-48a0-bc96-41bb6f401537,suci wr,https://play-lh.googleusercontent.com/a-/ALV-UjXOCwQLZPMVZwxFRttlgvhOzQV97Bd-ge-V8CjzhbefijGtV3Hy,"gem kikir, hard pity mulu gua",1,2,5.3.0_29183395_29332470,2025-01-25 21:42:10,"Halo, Traveler! Traveler dapat melihat aturan sistem Wish di bagian [Rincian] pada halaman Wish. Jika kamu memiliki pertanyaan tentang perincian dari aturan tersebut, silakan hubungi tim Layanan Customer Support kami melalui feedback in-game atau melalui email.",2025-02-19 14:37:10,5.3.0_29183395_29332470
17adcd58-5b98-4240-8ae3-69a7f2166249,Lowkey bud,https://play-lh.googleusercontent.com/a-/ALV-UjUwWSsX-AArdtV_l-KikKnu9MqVpO2hAadGLXq--gidyzsApPNY,kikir impact,5,0,5.3.0_29183395_29332470,2025-01-25 21:21:09,,,5.3.0_29183395_29332470
645369b3-066d-4456-afac-8a32b86a2ed3,Kaze,https://play-lh.googleusercontent.com/a/ACg8ocI20kBBTowtxH2OEYJagzAFt4Pt0-JQp6xscvpXIwizJjs9tw=mo,Sangat bagus👍👍,5,0,,2025-01-25 21:16:47,,,
7488f375-c5c6-4c7e-af0a-76ccaeaffd25,Rafi,https://play-lh.googleusercontent.com/a-/ALV-UjUGLO4mPinNMpDizMYJv1bIOF7YLAbiClZCm6WqrtSSXB-Ppw-W,Hoyo Why give me lose rate 50/50 7times in this month in 4 different ACC ITS make me frustrated,1,0,5.3.0_29183395_29332470,2025-01-25 21:14:40,"Hello, Traveler! You can view the Wish System rules in the Details section of the Wish screen. If you have any questions about the details of the relevant rules, please feel free to contact our Customer Service team via the in-game feedback channel or email.",2025-02-19 14:41:22,5.3.0_29183395_29332470
5170f43b-b494-4a10-bf1e-5e70711525f1,Ejotz Woy,https://play-lh.googleusercontent.com/a-/ALV-UjVp9yCxnzMBMnMmynX9srrW2ISDDyO5GSHRxyLU7TXAEoO-n3rn,Permainan yang sangat menarik untuk disimak,5,0,5.3.0_29183395_29332470,2025-01-25 20:48:02,,,5.3.0_29183395_29332470
91c18607-e9b1-4b52-bca8-019ee027ee7b,Dark Impulse,https://play-lh.googleusercontent.com/a-/ALV-UjWFJ26tKz_9ausT0bkW6CN0Z_NXCWGXdJDRCTPQnfgCyn_YL-94,Yoman kan dulu le,5,0,5.3.0_29183395_29332470,2025-01-25 20:15:52,,,5.3.0_29183395_29332470
a21bac5a-3b9c-4407-aeb6-356334126284,Hyakuya Yuichirou,https://play-lh.googleusercontent.com/a-/ALV-UjWeaaEnv-4uv1NRRgo3Vmx2tvmjFtwzPfei_f3lvuxO7G9ueZn2,Game favorit❤,5,0,5.3.0_29183395_29332470,2025-01-25 20:08:40,,,5.3.0_29183395_29332470
1915e31b-98eb-47a8-bc45-923e412186f2,ma medz,https://play-lh.googleusercontent.com/a-/ALV-UjU65PTe-rhELEpCD5GilumyX4GlvtZzONYlFsy6aZvnWKyM2iU,Lek jelek,1,0,,2025-01-25 20:06:40,"Kami mohon maaf atas ketidaknyamanan yang Anda alami, Traveler. Kalau Anda memiliki masukan atau saran, silakan hubungi kami melalui email atau feedback in-game.",2025-02-19 14:39:04,
04fd3522-6679-4144-af25-5bea417ff724,anggih aribawa,https://play-lh.googleusercontent.com/a-/ALV-UjXjWQo4BrqaZAOnCEUOktSY6lyf4QRb9Aym0W6KbvI2CXvcAKJ5,Beido😍 wangy wangy 😍😍😍,5,1,2.0.0_3513686_3617618,2025-01-25 19:30:30,,,2.0.0_3513686_3617618
0f87513c-bb10-42b4-8a9c-432e5c5efc9c,Indah Dwi,https://play-lh.googleusercontent.com/a-/ALV-UjWMD8BdDQrYzP_B9QQJgNY_-2VCu35-uMWvUuAGJHt6GhST_-Q,The Best Game Ever,5,0,5.3.0_29183395_29332470,2025-01-25 19:21:09,,,5.3.0_29183395_29332470
d64f4f10-3ed7-4e1b-9038-3e38eccc980d,Black Noir,https://play-lh.googleusercontent.com/a-/ALV-UjVnCAA0mgPK7IR9BstOXGlr2oOHz60AJAAKn7S3rwEW611o1nNJ,game gacha bikin gila,1,4,5.2.0_28336591_28351161,2025-01-25 18:42:01,"Halo, Traveler! Traveler dapat melihat aturan sistem Wish di bagian [Rincian] pada halaman Wish. Jika kamu memiliki pertanyaan tentang perincian dari aturan tersebut, silakan hubungi tim Layanan Customer Support kami melalui feedback in-game atau melalui email.",2025-02-19 14:45:52,5.2.0_28336591_28351161
044049b3-2c93-451e-a2c2-a07202c86f51,Zain Neuro,https://play-lh.googleusercontent.com/a/ACg8ocJ1GE74LdZDm_DpAK6uUutghIxxczjuJUupcrmnkQ3Dcr5Pfw=mo,Banyak yang bagus,5,0,,2025-01-25 18:37:34,,,
8d6ee67a-d5f7-4f63-97ee-a09968d1a8f8,Josmalijar Pakpahan,https://play-lh.googleusercontent.com/a-/ALV-UjXHeWKXGjCXkYKPdHaehfiVE7QjPKHf-pvEySPYi5zmnGo9soo7,Menurut gua ini game tolong dipenlacar lagi dan tolong buat ram 8 ke atas itu masih bisa main dengan lancar tanpa ada lag dan patah patah,4,0,,2025-01-25 18:34:03,,,
cc75e824-c406-4815-a0d0-de6c66ca5587,Lutfi Ramdhan,https://play-lh.googleusercontent.com/a/ACg8ocJ1B24pv1VWWQ0E3-_OrkM2zlmOi9GycXEBTtg6U5gVM3c-oQ=mo,kikir,1,2,,2025-01-25 18:25:37,"Kami mohon maaf atas ketidaknyamanan yang Anda alami, Traveler. Kalau Anda memiliki masukan atau saran, silakan hubungi kami melalui email atau feedback in-game.",2025-02-19 14:36:00,
95cf61ff-6d47-46b3-92c8-2b8829b92d96,IkhsanXSanulb,https://play-lh.googleusercontent.com/a-/ALV-UjVManR_qQJpUKewFGx7g-JYGFxKJMNbe9XZ4s4QDpA7T7jBSyI,"Saya punya saran untuk bagian kamera atau ambil gambar, itu watermarknya kalau bisa dihilangin soalnya kayak gurang gimana gitu hasil gambarnya kalau ada watermarknya.",4,0,,2025-01-25 18:15:18,,,
7e6e269d-4369-4053-8945-656ecae4a420,Khusnul Amaliah,https://play-lh.googleusercontent.com/a/ACg8ocKNG1tzkZWGQ6GvkPWmBBTwlu4LaQS3bzftEa-BhIwjUaQJUw=mo,Kecewa sih,1,2,5.3.0_29183395_29332470,2025-01-25 18:08:28,"Kami mohon maaf atas ketidaknyamanan yang Anda alami, Traveler. Kalau Anda memiliki masukan atau saran, silakan hubungi kami melalui email atau feedback in-game.",2025-02-19 14:34:56,5.3.0_29183395_29332470
3b76f923-2be1-414b-b332-aa1eb01c7c2a,Dzaky Wicaksana,https://play-lh.googleusercontent.com/a-/ALV-UjUR04SqHRixl6Zn5XOvKuis-Tz_MFNurTh4FOsEUkdVOvcTdNA,Good,5,0,,2025-01-25 18:01:52,,,
044450dc-ce95-4e9b-9cf5-56cb9e106c0f,Ahmad Azhar,https://play-lh.googleusercontent.com/a-/ALV-UjVCrZeGDnkoBjDBoIYmWA91ebxHB8d7NyWEQMsYINdlSkrWQ2U,bagus,4,0,,2025-01-25 17:54:14,,,
60c2724c-5a6c-499f-9e1f-b23d2d456636,Muhammad nur gustian,https://play-lh.googleusercontent.com/a-/ALV-UjUjaIDpECTexFcKvInGbJ3JjHHNnqKwYV_Ej_A9P4LcSGl2En-9Gw,"Makin drop, komunitasnya gk ketahan gatel bgt nyindir game lain kaya gamenya dewa aja. Info terbaru: Cooookkk nie game mau naek rating 18+ kah?",1,5,,2025-01-25 17:39:35,"Kami mohon maaf atas ketidaknyamanan yang Anda alami, Traveler. Kalau Anda memiliki masukan atau saran, silakan hubungi kami melalui email atau feedback in-game.",2025-02-20 17:06:31,
696b2e54-d9cc-4709-ac61-06966dc94fa3,N.D.E,https://play-lh.googleusercontent.com/a-/ALV-UjWyZjz7-S5QjgWHMiPY2rkwI2eNfe7NBYhSUrnwY4S7PMJ736K1,"Developer tolong dong kasih fitur buat ngulang story,itu story lantern rite yang pertama yang sama Hu Tao belum sempet ke ricord please kasih secepatnya please please please 😭",5,0,5.3.0_29183395_29332470,2025-01-25 17:38:03,,,5.3.0_29183395_29332470
f27372e5-4a70-4cf8-932e-353c17185ad3,Seiryu Arumi,https://play-lh.googleusercontent.com/a-/ALV-UjXwCvccPozF0i3-8rpw2CiUtH4Dedts963_ZEMkYAZPXbY1_64,"B5, Tapi mana wawan gratis ku",5,0,5.3.0_29183395_29332470,2025-01-25 16:36:53,,,5.3.0_29183395_29332470
3efdc8a0-d953-48b1-b8df-18e224bc9eeb,Abdillah Siraj Anak,https://play-lh.googleusercontent.com/a/ACg8ocIDnHowLHsq7VZwN29YR_XK_s4Jnm1gSI4f5Mx6mYCUBAeBvg=mo,Top,5,0,5.3.0_29183395_29332470,2025-01-25 16:35:58,,,5.3.0_29183395_29332470
4e5ec6a7-f067-40e7-8625-f41a6aa5ca58,miyo,https://play-lh.googleusercontent.com/a-/ALV-UjWRWb0RmAjVapaMAoZat_YtCT1wgfPGm0zAp2L3pBYs1wtloKc8,"Developernya ga mau dikasih masukan, fanservice buat 1 gender aja. MC nya tuh ada 2 cuman yang selalu ada di art pasti Aether doang, tau gitu gausah nyuruh milih Aether atau Lumine. Untuk reward masih pelit, konten Endgame jelek, rasis, Banner Mavuika sama Citlali kok dibarengin padahal sama sama karakter baru, minimal mikir. Genshin makin kesini makin jelek aja ❤❤❤ Genshin downfall im coming❤❤😘😘 Sehat terus developer❤❤❤❤ Semoga bisa ngasih konten bagus next patch ya, mampus stonks turun❤❤❤❤❤❤",1,8,2.4.0_5199000_5224067,2025-01-25 16:33:42,"Kami mohon maaf atas ketidaknyamanan yang Anda alami, Traveler. Kalau Anda memiliki masukan atau saran, silakan hubungi kami melalui email atau feedback in-game.",2025-02-19 14:34:33,2.4.0_5199000_5224067
9c17d7d1-0ce2-4581-bcec-0eef667ca75c,Felix Ferdinan,https://play-lh.googleusercontent.com/a/ACg8ocKa-c4zZnZdA-mqQjau00EaGOc7fRdhMwL1WNv_Aj5GFIlqew=mo,Kerennnn,5,0,,2025-01-25 16:32:52,,,
2670abbd-4de0-4d2b-a364-51359f7e4f3e,Cantika aura Putri,https://play-lh.googleusercontent.com/a-/ALV-UjXJQNcxWy3yeDHLGMB2_ecRCig6Uk_SZsceZzj6WvI5OuD2Sr4,"jujur gw kecewa ni game makan banyak memori kimaz udh gw tunggu"" eh ga bisa bagus si bagus tapi memorinya kurangin sikit woi 🤬",1,0,,2025-01-25 16:24:02,"Kami mohon maaf atas ketidaknyamanan yang Anda alami, Traveler. Kalau Anda memiliki masukan atau saran, silakan hubungi kami melalui email atau feedback in-game.",2025-02-19 14:47:05,
aaa84309-049c-40af-a15b-7d7e159d1faa,Yngwian Nasyanda Wellandicka,https://play-lh.googleusercontent.com/a-/ALV-UjWc_f8MLycMHSf7oROWqaqnle8IYWl-jR0weDvZefGsOwRF48cezg,"I used to say this game was the best RPG. But now theres too many fanservices for men. There are too much female character, more than male. Im dropping this game. Thankyou.",5,0,2.1.0_3981765_4073622,2025-01-25 15:10:37,,,2.1.0_3981765_4073622
5169aa5b-ba16-4a86-81c2-975405453870,Muhammad Rafli,https://play-lh.googleusercontent.com/a/ACg8ocLC7e20y2ANxSlj1KHCtP2jxu-9iGWdOxcJWpPnoNhF_ilQjQ=mo,Mengecewakan,2,1,5.3.0_29183395_29332470,2025-01-25 15:08:45,,,5.3.0_29183395_29332470
9bc97081-b687-4466-a706-7cbcca22ee76,Fathan Sus,https://play-lh.googleusercontent.com/a-/ALV-UjUQu7BH4H0tAVqH1-MIB17LLwl1AsW95UIJ2mMHvRiOji6zwWCt,Game naya sngat bagus dan fun,5,0,,2025-01-25 15:07:50,,,
9eb05670-a583-403d-81d3-e58000d82248,Almas fayyad,https://play-lh.googleusercontent.com/a-/ALV-UjVZVvtPQo3W1OvWqUy36gIFw_BgJSZkgiE1d1OX7tQwLUCP68I,Saya menyarankan kepada kalian semua agar mendownload game ini dikarenakan dia memiliki semua yang kalian inginkan contohnya gacha gratisan akan tetapi tolong donk developer yang baik hati berikan kami event yang Primonya lebih banyak🥲🥲🥲,5,0,5.3.0_29183395_29332470,2025-01-25 15:02:45,,,5.3.0_29183395_29332470
86b8dd3d-e3ad-49a3-90b9-aec5dc1684fe,oan Koharudin,https://play-lh.googleusercontent.com/a/ACg8ocJOecsE6QxPvAoBQkCZeJ0jKOdmwdRYeZdgmeLuryxq5PMw6Q=mo,Apakah Snapdragon 460 sudah tidak bisa lagi memainkan genshin ? Karena patah patah saat cutscene dan hanya layar putih,2,1,5.3.0_29183395_29332470,2025-01-25 14:11:29,,,5.3.0_29183395_29332470
73f53220-0e6d-4b30-997e-63c876f21d88,deyza aqmarina,https://play-lh.googleusercontent.com/a-/ALV-UjV24zoQtSgWiMYJ-eGBYF73kAiSmHdzBxFRbE4DD0PtabO_oQYl,"kurang waifunya hoyo, aku mau smua chara jadi cwe semuah dungs, request quest mandi bersama mereka seminggu sekali disauna ok mks",1,1,5.1.0_27118081_27297621,2025-01-25 13:37:36,"Terima kasih atas dukungan Anda terhadap Genshin Impact, Traveler! Kalau Anda mengalami kesulitan apa pun yang berhubungan dengan Genshin Impact, silakan hubungi kami melalui email atau Layanan Pelanggan untuk mendapatkan bantuan.",2022-01-13 09:36:14,5.1.0_27118081_27297621
31009734-81cd-4f72-8565-57f60f164c6d,Lontong Tahu,https://play-lh.googleusercontent.com/a/ACg8ocI-TNXLY4NC-mjJ97YX2uVsuy8swVOXm4HuUYKhLcUz3fgvVA=mo,kebanyakan bacot ini game tapi ga ada suaranya,1,0,,2025-01-25 13:30:05,Kami ingin memohon maaf sebesar-besarnya atas terganggunya pengalaman bermain Traveler. Silakan hubungi Layanan Pelanggan kami melalui pelaporan masukan dalam game atau email untuk mendapatkan bantuan tentang masalah ini.,2025-02-19 14:33:53,
ea215e4a-ab16-4b18-bcc9-ea51302223fb,Al Gibran,https://play-lh.googleusercontent.com/a/ACg8ocIGUtXvh853st89IFV1BoeoHM-88DErk3Eaqe8TKqR6ql3yBA=mo,BAGUS BANGETT,5,0,5.3.0_29183395_29332470,2025-01-25 13:11:47,,,5.3.0_29183395_29332470
9800b6df-d298-4909-b0f1-980a41f779ee,Dival Rivaldi,https://play-lh.googleusercontent.com/a-/ALV-UjVwvYmgCcEcdZSKRF9iNTOJjTYeyaHGiVe3qmqmSuR7Mf6Y6b-R,"Ada beberapa suara dialog dari karakter yang hilang... Seperti hu tao, yae miko, dan yang lainnya....",4,0,5.3.0_29183395_29332470,2025-01-25 12:45:23,,,5.3.0_29183395_29332470
f48626b4-f28b-46cd-8e7c-78c48a5b292c,Raffy Okp,https://play-lh.googleusercontent.com/a/ACg8ocIkinqvvQFf_9WhO2YMEHeGMRt3BbYpXwEp2ZHhpxX3KchqUw=mo,gemenya baguss seruu tapi yang buat newbew pasti susah buat cari cari misikan? samaa aku juga gituu. jadii untuk pembuat geme tolong ngertiin parah2 new bew yaa terima kasih,4,0,5.3.0_29183395_29332470,2025-01-25 12:32:34,,,5.3.0_29183395_29332470
199cce33-6dfc-4c85-9b37-33c8ae244404,liona myolim,https://play-lh.googleusercontent.com/a-/ALV-UjWn9GXWQVzjgaSsUIOUY3P3Ph6cA6NhKNmDN8G-BL9Fzx2GpORb,"Game jelek, pity sampah, story main quest overall 3.5 inazuma jelek bgt, ngapain lu bikin char 5 char yang bahkan gak ada di cerita utama? Cmn tease doang, gak ada harganya dan jadi bintang 5? Guna? Sedangkan char yg ada pentingnya malah ada yg jd bintang 4, bukan sekali tapi berkali² jual paha sama dada aja, design oke tp makin lama jadi jelek, bukannya improve malah turun gooner abis dah. Berhenti main aman bikin story, gak berani bgt kah bikin char digacha beneran MD? Klo gt gk ush sok angst.",1,3,,2025-01-25 12:21:23,"Halo, Traveler! Traveler dapat melihat aturan sistem Wish di bagian [Rincian] pada halaman Wish. Jika kamu memiliki pertanyaan tentang perincian dari aturan tersebut, silakan hubungi tim Layanan Customer Support kami melalui feedback in-game atau melalui email.",2025-02-19 14:32:59,
0bd84ffa-a52f-47c1-8dab-1c4d626e479b,Amirullah Ahmad,https://play-lh.googleusercontent.com/a-/ALV-UjWsHYT66AO3a2T2GTGS3n_VYFqWHbWFbHSztBqLYtnTyv8xztKV,"min tolong min, ini kok pas story bnyak karakter yg ga keluar suaranya? knp ya",5,0,5.3.0_29183395_29332470,2025-01-25 11:35:57,,,5.3.0_29183395_29332470
daf227f0-9916-4889-8bcf-0c2b4240e3bf,Gotardo Bento,https://play-lh.googleusercontent.com/a-/ALV-UjW4fZkjDZuCyjRWuKoEkXX5Dx3R09mJWtOqUbKgSTm9ikEpN1Y,bgus,5,0,5.3.0_29183395_29332470,2025-01-25 11:27:45,,,5.3.0_29183395_29332470
d82a3bf1-d0c0-4cf6-86c9-ec3d96f0796c,Vinn Reza,https://play-lh.googleusercontent.com/a/ACg8ocJyUGVcbBTy4T8d6DgDN6nZB4ht6s0Nv5VpfEuL7_YB9P_Mdg=mo,klo dulu lu pas ada banner citlali istri gw lu ga ngasi gw dehya h14@m pasti udh gw kasi bintang lima,4,0,,2025-01-25 11:06:01,,,
a44acfb1-951e-4276-80bd-fc555191184b,Nur Khafid,https://play-lh.googleusercontent.com/a-/ALV-UjWvq0hfRSJGFwV_FCfYt0Bp_Wg6UC75F__qMDqAs8KejD3V1BzS,Please.... Create a feature to skip dialog. The dialogue is very long and boring.,3,0,5.3.0_29183395_29332470,2025-01-25 10:47:38,,,5.3.0_29183395_29332470
e7caf64b-e2c9-43e0-a0fe-28c00ffb863d,Hezil 08,https://play-lh.googleusercontent.com/a-/ALV-UjWFzsGKDouZQwKDl1fiQ69VrNrPCp5MSR8ynEnFf9dvA2LPbKqK,Baru masuk lagi malah balik dari awal banget,2,0,5.3.0_29183395_29332470,2025-01-25 10:43:45,,,5.3.0_29183395_29332470
bc07b00a-eb77-4fbb-99bc-2181ab7600d4,alipbij1,https://play-lh.googleusercontent.com/a-/ALV-UjUzLZ5MSSCRcDY1Hu1X_bCTJh3iZqBRwrrQGlhhhDbPHlzi2I1b,repetitif,1,1,5.3.0_29183395_29332470,2025-01-25 10:22:46,,,5.3.0_29183395_29332470
f99cabac-3be9-4cdd-b23f-273e7db8870a,Rianto Rianto_ paul,https://play-lh.googleusercontent.com/a/ACg8ocJx9wvECgdNxAHeHUhB_NGQgH9FmGcpD-DipYh3wKGgb1rJfw=mo,Mantap,5,0,5.3.0_29183395_29332470,2025-01-25 10:12:18,,,5.3.0_29183395_29332470
f70df258-d620-4fed-924b-3d185b7b2f15,Ztyriii,https://play-lh.googleusercontent.com/a-/ALV-UjUdG0-4r-d17dCKx_Mm9XADvjoBnfOkZpK16OXX_aDeAxAozeiEgg,"Fanservice nya ke cowok mulu, kapan kasih fanservice ke cewe? Sekali nya bikin karakter cowo malah di bikin b4, alur nya makin kesini makin ngaco, kebanyakan fanservice daripada lanjut lore ceritanya.",1,15,5.3.0_29183395_29332470,2025-01-25 10:00:20,"Terima kasih atas dukungan Traveler terhadap Genshin Impact. Kami menerima secara terbuka semua masukan/umpan balik dari kalian. Jika Traveler memiliki saran atau masukan, jangan ragu untuk menghubungi kami melalui feedback in-game atau email.",2025-02-19 16:01:24,5.3.0_29183395_29332470
498843a4-fe57-4f59-a020-bf5b90391295,Ibrahim Ël Arslan,https://play-lh.googleusercontent.com/a-/ALV-UjUNO7F_RZJP54XGGwJRvjgI5e9nmsB-TSQBwz81ZNLm7mQETqlW,Untuk pemeriksaan data lama banget. Yg mau main ini harus punya ram gede.,3,0,,2025-01-25 09:04:54,,,
bd6175a4-f0c0-43bf-95e2-327f2f502b19,Danius risky Ramadhani,https://play-lh.googleusercontent.com/a-/ALV-UjXG9IKPJ1g8pG_okMgunm9eaD0jgbH2Z8rAuSkvCPjqUzFcO0-U,"woi hoyo yang bener aja aether mandi sama 3 cewek Inazuma,ei,Yae,sama char baru lupa gw. intinya hapus balik itu foto apaan itu jijik gw liat aether nya,kalo lumine bolh lah kalo aether mana bisa gitu iri gw 🗿",2,2,5.3.0_29183395_29332470,2025-01-25 08:59:55,"Terima kasih atas dukungan Traveler untuk Genshin Impact. Kami menyambut setiap masukan yang berharga dari kalian. Jika Traveler memiliki saran atau masukan, jangan ragu untuk menghubungi kami melalui pelaporan masukan dalam game atau email.",2022-12-11 20:28:22,5.3.0_29183395_29332470
b1591921-b9d8-4f0e-8f0a-011f5dd1d05a,Akito Shineru,https://play-lh.googleusercontent.com/a-/ALV-UjV0yiV5Y9ZJ8L9Ur9je2mBlbyNAMwqP3MannO38QfzEIMF3_2I,I love the game so much ! ^_^ overall is so fun playing with mualani as a mualani main,5,0,,2025-01-25 08:36:17,,,
62968571-6fa0-44f6-ad6a-e8d3ceff2e2f,Revan Dika,https://play-lh.googleusercontent.com/a-/ALV-UjX_xluJzlIZnUughn3lJoSItkcqkHUOMRSjUKShiALT9UYxO4y23w,Agak kikir,4,0,5.3.0_29183395_29332470,2025-01-25 08:29:29,,,5.3.0_29183395_29332470
5b917e62-d2c5-434a-a95e-743404e6b650,atfhal fauzi fadhilah,https://play-lh.googleusercontent.com/a/ACg8ocJHg07reuhCnFABP5Ze8qwpDJ1h-RsW5U5dyYcb59oA7b48jQ=mo,Bagus ya Genshin ada sumbangan primogem nya sekarang,5,0,5.3.0_29183395_29332470,2025-01-25 08:03:28,,,5.3.0_29183395_29332470
34050656-b392-4905-b921-0a1cc0ec522b,Matsuoka Rin,https://play-lh.googleusercontent.com/a/ACg8ocJG1j7AolhHFEv1EIx6wKZCux6SzwdJu70g_dAGx8YzVKZ7gQ=mo,Used to be fun. Now turns into a disgusting gewner bait. What happened lol,1,4,,2025-01-25 08:02:42,"We sincerely apologize for your unsatisfactory experience, Traveler. If you have any feedback or suggestions, please send us an email or contact Customer Service via in-game feedback to help us improve the game.",2025-02-19 15:54:50,
5c6910f5-2326-497e-8568-f40179337b7c,wisnu satrio,https://play-lh.googleusercontent.com/a-/ALV-UjUUypzpMcDQm1y3WlvpWngH8rv15us-NIX93xUBPGPrRFGjXkqb,bagus,5,0,5.3.0_29183395_29332470,2025-01-25 05:48:54,,,5.3.0_29183395_29332470
0409d1e4-e328-4086-9e36-cefd12336bbf,Fiet Hadi Lebang Timbang Allo,https://play-lh.googleusercontent.com/a-/ALV-UjX5D8R2SWTTy3NLjI8VZcaVVRtHeJlhX_7J1-ICbH8fXIM9Tmk,Sangat bagus..,5,0,5.3.0_29183395_29332470,2025-01-25 05:11:49,,,5.3.0_29183395_29332470
d70e081c-c5d4-4531-bfb2-0c016dc252dc,Farislerri_,https://play-lh.googleusercontent.com/a-/ALV-UjWR-XokrJ6qoGqltHD7NtwGRgq7r91qQ92Z9SZN2X_MgYVmM81R,"Udah sistem gacha nya pelit, farming artefak malah dapet arte sampah, udah ukuran game nya gede kek harapan ortu ke anak bungsu 31 GB wak. Minimal kalo udah sistem gacha nya pelit terus framing arte nya juga sampah... Ukuran game nya di kecilin lagi lah asw",1,0,4.2.1_18831865_18963989,2025-01-25 05:08:07,"Kami mohon maaf atas permasalahan ini, Traveler. Silakan hubungi kami melalui email atau feedback in-game untuk mendapatkan bantuan lebih lanjut tentang masalah ini.",2025-02-19 15:48:22,4.2.1_18831865_18963989
230390ff-87fc-48d1-bbc4-ea2bc3cf5f4b,Indra Juliansyah,https://play-lh.googleusercontent.com/a/ACg8ocLNXIsVpGW30_8FFbv41_PwIwRk8EoW1MvobNB8tdOUUm_pdg=mo,"seneng banget ngasih artefak def kayanya, dari 30 kali nyari arte, cuma 1 yg bagus. jadi sekalian aja char nya gua kasih def semua . makin kesini makin susah mau ngapa ngapain, makin ga jelas.",2,0,,2025-01-25 04:11:31,,,
9d1e81af-76c8-46ca-99fe-6f1aa3777ddf,Faruq ari,https://play-lh.googleusercontent.com/a-/ALV-UjVVnZeUcrhG2xb6t_tkoY0ImDYT534BcOMKWtqPY5ZlGguyYwu9,Terlalu banyak kolom bicara. Adakan opsi skip di tiap story,2,0,2.1.0_3981765_4073622,2025-01-25 02:46:31,,,2.1.0_3981765_4073622
9f2df316-56f7-4336-8d49-5fc6a772318b,Fradyta Risma,https://play-lh.googleusercontent.com/a/ACg8ocKEVV1WDL5rPrHk7acNuH7E9FCugODlhmvxjxaTMHE66wlKag=mo,Game nya seru banget aku kasih rating tertinggi,5,0,5.3.0_29183395_29332470,2025-01-25 00:32:14,,,5.3.0_29183395_29332470
45be99fc-5d3e-47b7-aaee-0e98c4a01f82,Shabrina Zahira,https://play-lh.googleusercontent.com/a-/ALV-UjWRRz2ZeVH7zr6OqEe2bbGM-ibPduqLb1viDXJsDBjJSXIf8Zmr,"Semakin ke sini rasio chara cowok sama cewek makin tidak masuk akal. Kontennya juga semakin lama semakin membosankan, cerita utama (archon quest) tidak seseru dulu. Saya tambahkan, semakin jelas kalo target utamanya adalah cowok incel. Fan service dibanyakin, kualitas diturunin. Dibandingkan era Fontaine dan Sumeru, genshin yang sekarang jelek.",1,6,5.3.0_29183395_29332470,2025-01-25 00:12:46,"Terima kasih atas dukungan Traveler terhadap Genshin Impact. Kami menerima secara terbuka semua masukan/umpan balik dari kalian. Jika Traveler memiliki saran atau masukan, jangan ragu untuk menghubungi kami melalui feedback in-game atau email.",2025-02-12 19:09:17,5.3.0_29183395_29332470
78570882-3205-4be2-9d97-e90cf7684778,Pengguna Google,https://play-lh.googleusercontent.com/EGemoI2NTXmTsBVtJqk8jxF9rh8ApRWfsIMQSt2uE4OcpQqbFu7f7NbTK05lx80nuSijCz7sc3a277R67g,Seru,5,0,5.3.0_29183395_29332470,2025-01-24 23:26:22,,,5.3.0_29183395_29332470
5450cebd-07d3-4f29-87c7-66bdcf31a92c,hansha,https://play-lh.googleusercontent.com/a-/ALV-UjVcT5idRi7IsS_DWvUv_949HDiUSqBx0m-vxc8vJMCTo0r5GS68,"GAME APAAN DARI AWAL MAIN GA PERNAH MENANG RATE OFF, MANA HARD PITY SEMUA. GA ADIL BANGET JADI DEVELOPER",1,0,,2025-01-24 23:20:07,"Halo, Traveler! Traveler dapat melihat aturan sistem Wish di bagian [Rincian] pada halaman Wish. Jika kamu memiliki pertanyaan tentang perincian dari aturan tersebut, silakan hubungi tim Layanan Customer Support kami melalui feedback in-game atau melalui email.",2025-02-19 15:46:47,
69015e8d-810e-4418-841e-217a15e750d1,CRS_ SANTUY,https://play-lh.googleusercontent.com/a-/ALV-UjU7rMZOOtUr0qzy8U080uq9kkxCktaHxFo4YyZEp3cA9wupPw2L,Please reduce genshin impact to 24gb again.. I'm running out of storage,5,0,,2025-01-24 23:10:45,,,
702fbac8-0287-4c1f-b120-c4878854974d,Cecep Asikin,https://play-lh.googleusercontent.com/a/ACg8ocIRrSTRy_o_a2hLfFsBqGsIqQT12bAt_dNpjedQ4s5AG7zZ6w=mo,Bagus:),5,0,5.3.0_29183395_29332470,2025-01-24 22:45:54,,,5.3.0_29183395_29332470
4fe2636d-16a3-491a-9c4a-eb9ed9644f90,Daffa Kurniawan,https://play-lh.googleusercontent.com/a-/ALV-UjVp7Kep3QW1IqvJ1kTviCaU7VsuRGTmPSCguRdwbjfmMRTQP2M,Asli ini game semenjak natlan rilis gacha limited banner selalu di pity 70 an ke atas asli mulai malas main ini game dan story sekarang kebanyakan yapping nggak jelas melulu tombol skip nggak ada intinya selama main ini game yang saya rasakan kebanyakan ngantuk,1,7,5.3.0_29183395_29332470,2025-01-24 21:11:09,"Terima kasih atas dukungan Traveler terhadap Genshin Impact. Kami menerima secara terbuka semua masukan/umpan balik dari kalian. Jika Traveler memiliki saran atau masukan, jangan ragu untuk menghubungi kami melalui feedback in-game atau email.",2025-02-18 18:04:37,5.3.0_29183395_29332470
44a849de-3f31-42e9-9248-4d1d02b654f8,Eleanor Virschtein,https://play-lh.googleusercontent.com/a-/ALV-UjX3BYd80K8L_NmffXabxQ0fQq5qUTd8PXXNV3YQkK972uUNvvJu,"Dari yg respect ke genshin dev krn bisa bikin story dan lore menarik jd drop :) bcs you guys turn in to full fanservice game dan gooners bait. Minimal klo mo bikin goonersbait perbaiki dah tu model in game kalian yg sama sekali ga appealing, sekalian aja gasi fanservice nya. Game ini cuma ramah buat incels 👍🏻",1,33,2.1.0_3981765_4073622,2025-01-24 21:03:59,"Terima kasih atas dukungan Traveler terhadap Genshin Impact. Kami menerima secara terbuka semua masukan/umpan balik dari kalian. Jika Traveler memiliki saran atau masukan, jangan ragu untuk menghubungi kami melalui feedback in-game atau email.",2025-02-18 18:04:25,2.1.0_3981765_4073622
75ed39de-253e-477b-bf7c-32b6097b93a3,Wahyu Oktavian,https://play-lh.googleusercontent.com/a/ACg8ocJh6zN1Z37ZxvTbbMDPE8xn2Q8HfTWfL0iSEMSFZssGnLgZVQ=mo,Sedang mengompilasi shader loadingnya kelamaan hampir 20 menitan nunggunya...login harian aja ga sampe 10 menit (- _ -),3,91,5.3.0_29183395_29332470,2025-01-24 20:27:04,,,5.3.0_29183395_29332470
412a9e76-5b5f-445c-830a-e2f07fa35f87,Rehan Chesanda,https://play-lh.googleusercontent.com/a-/ALV-UjXygLHc98A3-WvfNb5qi5DjYm-7-2ZeERZ-SheyGNYYBLzLaSKX,Ku suka game ini karena eventnya haha😂,5,0,5.3.0_29183395_29332470,2025-01-24 20:23:05,,,5.3.0_29183395_29332470
77de35a5-1e05-435c-a2cd-0297197727a6,PPDD PLAT N,https://play-lh.googleusercontent.com/a/ACg8ocL6VcsQgu-xSba196okJXRwMpefWOpALfnJ4N0mRqxFxFqBcA=mo,Aku penget banget nyoba game nya tapi malah loading nya lama banget apalagi bikin hp cepet panas,3,0,,2025-01-24 20:15:43,,,
2ba114e1-63eb-44b8-90a6-4147d72a3194,kevin Ngangi,https://play-lh.googleusercontent.com/a/ACg8ocKQycgxL-80eSHYiN1kFGM--Jn_NxrfLzfiNXn0Xj0ceeSM5A=mo,Hd banget,5,0,,2025-01-24 19:28:54,,,
fd902148-9a8a-4575-a65a-e35942f24d6e,GASTA,https://play-lh.googleusercontent.com/a/ACg8ocL8qkn_RARmeM67DM6e-c3fgXnJ_6AiMaEmZ59CglrsjfxmOg=mo,Game susah ini salah step auto ulang aja daripada susah,5,0,5.3.0_29183395_29332470,2025-01-24 18:24:12,,,5.3.0_29183395_29332470
3eb44f1f-c27a-449b-bf6b-bbe03e09da27,naa pikachuʚɞ,https://play-lh.googleusercontent.com/a-/ALV-UjX4oxOrq7-4C74yS953_0mY599pZBFKBNQrdltEB_FL5SoDIaIB,Lama bngt buset downdload datany knp ga bisa dwndload smbil main aj keburu bosen nunggu downdload,1,11,5.3.0_29183395_29332470,2025-01-24 17:39:22,"Halo, Traveler! Terima kasih telah mendukung Genshin Impact. Fungsi fitur pra-unduh adalah untuk memberikan player akses pada konten terbaru lebih cepat sewaktu versi terbaru dirilis. Jika Traveler mengalami masalah sewaktu pengunduhan, silahkan menghubungi CS kami melalui email. Kami akan memberikan bantuan/jawaban yang sesuai untuk Traveler.",2025-02-18 18:03:06,5.3.0_29183395_29332470
10820681-77cf-44b3-97a1-fa077df56dae,Imam Ramadhansyah,https://play-lh.googleusercontent.com/a-/ALV-UjWZfg1zgmnfT39NZcsqXP4Ep8R5NxmIgcBahZg82n_9Ma1r5e8Z,"Dari dulu udh wishlist ni game, baru kesampain main, kece abis sih dri segi visual, karakter, worldnya indah banget, sizenya gede parah 30gb+ tapi optimalisasinya gacor, skrg hp sjutaan aja kek hp yg gw pke Infinix Hot 50 lancar 40-45 Fps, tapi menurut gw kalau bisa tambahkan fitur hapus bbrapa resource yang skiranya ga dibutuhin biar lega penyimpanan",5,4,5.3.0_29183395_29332470,2025-01-24 17:20:44,,,5.3.0_29183395_29332470
f4b0e385-a706-4206-9058-072959243dcc,Muhammad Ruliman,https://play-lh.googleusercontent.com/a-/ALV-UjWSmXnfezD2LEWSrIq4wG3j83izB4lh0TLk9pAE1hWaYhRDAsR9,Game kikir *** percuma top up sama beli BP tapi dapet nya di pity hard terus dan senjata tidak pernah di kasih yg ada di banner malah senjata yg lain Pesan untuk mang hoyo: Gw udah muak Ama sistem pity di sini sekian terima kasih,1,0,,2025-01-24 17:19:48,"Halo, Traveler! Traveler dapat melihat aturan sistem Wish di bagian [Rincian] pada halaman Wish. Jika kamu memiliki pertanyaan tentang perincian dari aturan tersebut, silakan hubungi tim Layanan Customer Support kami melalui feedback in-game atau melalui email.",2025-02-18 18:02:37,
941065ca-5305-485f-9b57-6309231308bb,medina zahra,https://play-lh.googleusercontent.com/a-/ALV-UjVhVeuzY3a3mcO4QtLimEWoQtEP3YhaPkZFykN5CdqcN1C2DwwtPQ,"Game nya kikir, ya bayangin aja game sebelah adek nya sendiri lebih gacor daripada disini. Busuk bener disini, gaada fitur skip cerita di event. Terus kasih hadiah harus berhari-hari, gabisa langsung ga kyk di hsr. Di hsr langsung aja tuh, kirim 1600. Lah ini di genshin harus berhari-hari. Keliatan banget nyusahin.",1,5,5.3.0_29183395_29332470,2025-01-24 17:19:39,,,5.3.0_29183395_29332470
b3cfd7df-f515-4133-950e-14a7cf80f77e,Tegar Saputro,https://play-lh.googleusercontent.com/a-/ALV-UjVvLNLZkOKIjHyYzZstSRjOF3QMOLnUZ-LGZX0CD77dS37XUTnM,Pengen fitur skip dialog,4,0,5.3.0_29183395_29332470,2025-01-24 16:42:18,,,5.3.0_29183395_29332470
394eb73e-d56a-4bde-b4e9-dd65f625aeab,mang Kratos,https://play-lh.googleusercontent.com/a-/ALV-UjVvXaw1yphI1VKfRvBcqwkTr9wEyvxvF-KQRt7Qxmm5n9jF7nc9,Game rusakkkkkkkkkkkkkkk,1,2,5.3.0_29183395_29332470,2025-01-24 16:40:09,"Terima kasih atas dukungan Anda terhadap Genshin Impact, Traveler! Kalau Anda mengalami kesulitan apa pun yang berhubungan dengan Genshin Impact, silakan hubungi kami melalui email atau feedback in-game untuk mendapatkan bantuan.",2025-02-18 18:02:19,5.3.0_29183395_29332470
794fc3a1-9dc5-4139-b4f5-5b90312e4ede,Shavia aqueena,https://play-lh.googleusercontent.com/a/ACg8ocLmzrmqodgAm_PMJ5SohV9AdQTw9c4QnKo2Pa8VqTBBx8nHuA=mo,Game nya bagus banget sama monster nya lucu-lucu,5,0,,2025-01-24 15:08:18,,,
81368fe9-ec29-4799-901b-40c32f0a2731,epepjos josepep,https://play-lh.googleusercontent.com/a-/ALV-UjXrCAOywpzEsVIDtKXbYS5mYCshUhCKqfi-zxIHU8ADZmxZTXs,Top 1 HOYOVERSE,5,0,5.3.0_29183395_29332470,2025-01-24 14:44:12,,,5.3.0_29183395_29332470
576a9ebc-7b1a-43b6-937c-2c2a40f1974a,ilyas- gamer,https://play-lh.googleusercontent.com/a/ACg8ocKuw5Q1E7P0OcfAEbetc3kEy7hiwz_6YngVIqwbSLtFnQ6KSA=mo,pliss wangi-wangi gacha nya ✋😹✋,4,0,5.3.0_29183395_29332470,2025-01-24 14:34:04,,,5.3.0_29183395_29332470
1a1dbecb-a16e-44ea-ac2b-db7b05713356,Gaiagaib,https://play-lh.googleusercontent.com/a-/ALV-UjVFMANE-asg0LbL38NTwqf-Yd3pAGVWAqPdDYS7k8IpU-AzHWs,2 akun satu google terus tiba tiba ilang akunnya,1,0,5.3.0_29183395_29332470,2025-01-24 14:17:37,Mohon maaf sebesar-besarnya atas terganggunya pengalaman bermain Traveler. Silakan hubungi Layanan Pelanggan kami melalui email untuk mendapatkan bantuan terperinci mengenai masalah ini.,2025-02-18 18:02:00,5.3.0_29183395_29332470
ed0cb986-f5b5-4e72-ab27-b3174bd36874,Ham Putra,https://play-lh.googleusercontent.com/a/ACg8ocKTm8caKjom8KnaILnulIA6GdDIDxzAOnMOAHCwtvbAh_LF=mo,"Saran aja berikan Tambahan pengaturan tombol agar bisa menyesuaikan dengan Jari pemain , sama halnya seperti MOBA dan BATTLEROYAL.",5,0,,2025-01-24 14:05:57,,,
f90b58a1-582d-4b53-a44a-7e1b790d3f06,Del Dannar,https://play-lh.googleusercontent.com/a-/ALV-UjXnYLZZJzS4cp0VCa39cPCYk6xjF6GjrrzFvYleTdribafv7Oiu,"Even just event, too much yapping",1,0,4.3.0_19705728_19706476,2025-01-24 13:25:11,"Thank you for your constant support of Genshin Impact. We welcome any valuable input from you. If you have any comments or suggestions you would like to share, please feel free to contact our Customer Service team via the in-game feedback channel or email to help us improve the game.",2025-02-18 17:56:31,4.3.0_19705728_19706476
950cd5c7-6465-4622-9793-57092d178db3,Marhen,https://play-lh.googleusercontent.com/a/ACg8ocJcSQ9btX-kUgcdiumUx1mz6w-qxZ1qeOVhqLk4KqmLS5QFMw=mo,🆘 SOS 🆘,5,0,,2025-01-24 12:56:12,,,
5abbfbf0-ed99-417e-b9da-87a6eb5f7cd8,Rafi Shiro,https://play-lh.googleusercontent.com/a-/ALV-UjVgn79CqzGoIj0U3zL-8v0mewkO63rAcgyI8GvZUh1Vy1OMhtdQ,Gacha saya ampas,5,0,5.3.0_29183395_29332470,2025-01-24 12:35:25,,,5.3.0_29183395_29332470
12f413b5-7baf-42e8-9771-da1bc89482c9,mini kitchen,https://play-lh.googleusercontent.com/a-/ALV-UjXGoEJ0PIqTi0dmWbnXf8g31jPAjlXEKHbHgktPclOu0TMu8p4,Geme nya bagus tapi lodingnya lama,5,0,,2025-01-24 12:19:26,,,
098f292f-6a11-4a45-92ab-b798ae3e0c36,Ahmad Majisuka,https://play-lh.googleusercontent.com/a-/ALV-UjW45aY4ngAzZiQU825MNq5YAdZdvD2-55YACN9tMKRlJY98V2uL,Baru balik main coba spin 20x dapat nya ampas 😞jadi ga semangat main lagi,2,6,5.3.0_29183395_29332470,2025-01-24 12:14:02,,,5.3.0_29183395_29332470
dcddeef8-5c01-42a4-9900-553787e20957,Miauue,https://play-lh.googleusercontent.com/a-/ALV-UjWjy3-5x1z-FDpfXXubOCrRngn9TeLeFehxe1cmXUYxeVu3nEU,Best game everrr🥰🥰,5,0,5.3.0_29183395_29332470,2025-01-24 11:59:41,,,5.3.0_29183395_29332470
8ff32964-6bff-4e59-bb1e-f68e3956665c,Arga Naufal,https://play-lh.googleusercontent.com/a/ACg8ocLJsYzvDfzHoWGq3PoCzV6rFoJ_h8p7XF6GhAglUyTMYbdm=mo,Bagus,5,0,5.3.0_29183395_29332470,2025-01-24 11:05:38,,,5.3.0_29183395_29332470
e9daf32d-1742-4cb4-88b1-04b5456dad1c,Yoga Sanyoto,https://play-lh.googleusercontent.com/a-/ALV-UjVB0d_wSpJJz3RTmSa-MO5pAfb-I-3kBR0KArH-JC_4f0BS1nsG,jossss gando,5,0,4.5.0_21307647_21321795,2025-01-24 11:04:48,,,4.5.0_21307647_21321795
dfa34423-f317-47fc-ba98-6e57287458fc,Fahra Niaja,https://play-lh.googleusercontent.com/a-/ALV-UjUup_ojQYHbVtt_bRUWl0xCrURWlJxTpkwYrXtRZhPb2uusjxs,minimal ngasih teka teki ngotak dikit lah,1,1,5.3.0_29183395_29332470,2025-01-24 10:50:27,"Kami mohon maaf atas permasalahan ini, Traveler. Silakan hubungi kami melalui email atau feedback in-game untuk mendapatkan bantuan lebih lanjut tentang masalah ini.",2025-02-18 17:55:45,5.3.0_29183395_29332470
20aa8cc6-e25b-4b33-b6a7-55e97d0eb875,assa tyas,https://play-lh.googleusercontent.com/a-/ALV-UjU1zar-Jp_XOkiQud93H9RzOulDzclfjSPpU7HurrT-zutelCUJ,"bismillah dapat ganyu, ayolah bisa yakali kalah rate off mulu, primo gua nipis banget daripada jeruk nipis, makin kikir ini kocak. 🧏🏻‍♀️",4,0,5.1.0_27118081_27297621,2025-01-24 10:23:49,,,5.1.0_27118081_27297621
e11a1a04-21f0-430c-82e2-dd819421c078,Fitria Shalsabila,https://play-lh.googleusercontent.com/a/ACg8ocLkeYaZTWdMifThYMzjF2d4Layfh3c0CJSdxh78WrS7TGiRYg=mo,"Saya sangat suka dengan game nya tetapi mengapa beberapa character saya suaranya hilang, saya jadi kurang menikmati permainannya dan saya bingung juga dengan cara mengatasinya. Tolong berikan saya jawaban segera😭😭😭",4,1,,2025-01-24 09:30:25,,,
9c4ee4cf-0818-4faf-ba83-89df0c52a486,Nadhif Aufaa Ryzar,https://play-lh.googleusercontent.com/a-/ALV-UjVodiRUU78EfKxezFo4G0WYwk5mVUq5eGxq-PiR_l4gpVhTOM0,Karna game ini saja jadi nolep,5,0,5.3.0_29183395_29332470,2025-01-24 09:20:23,,,5.3.0_29183395_29332470
38701bc5-dda5-4a6a-935c-1abf37a003d1,Pris Kila,https://play-lh.googleusercontent.com/a/ACg8ocLrqGoY7nN5pMethDoMOiRC8mEiMZG_RzZM-K4KYQITXskhlQ=mo,Asik beuh‼️,5,0,,2025-01-24 09:18:16,,,
d036948a-6b2a-4073-bcf6-8cfcbe55d0e5,MOCH RICHO YUSUF EVENDY JAWA,https://play-lh.googleusercontent.com/a-/ALV-UjUADOh6kCwM6b9UGCcNSj_Ih6vLtqGNkTFu5Z7y3parrqpkXWK-,Game goblok minimal 1 mb jadi game,1,0,,2025-01-24 07:26:19,"Kami mohon maaf atas ketidaknyamanan yang Anda alami, Traveler. Kalau Anda memiliki masukan atau saran, silakan hubungi kami melalui email atau feedback in-game.",2025-02-18 17:54:42,
f80bdaad-0d11-4535-a1b1-7199cc29c298,Rheivan Athala Ravid,https://play-lh.googleusercontent.com/a-/ALV-UjUTwWfRm0KN9bCOEa9tZ1y5sNzB5WN8kfh227wU5lSaLSyso239,Dasar game kikir :),3,0,5.3.0_29183395_29332470,2025-01-24 07:24:36,,,5.3.0_29183395_29332470
06b1546b-8719-4357-911e-5bb72fb03800,A Banirahman,https://play-lh.googleusercontent.com/a-/ALV-UjUDzs3_RqnHXo6Td81wcC4IZwszqWwYXP6s9HqtqGVquYdw57oO,udah ngumpulin lama lama ampe 50 ITERTWINED. gacha 5 kali. ga dapet chart B5. apa apaan. tidak ramah untuk user free to play.,1,0,,2025-01-24 06:59:20,"Halo, Traveler! Traveler dapat melihat aturan sistem Wish di bagian [Rincian] pada halaman Wish. Jika kamu memiliki pertanyaan tentang perincian dari aturan tersebut, silakan hubungi tim Layanan Customer Support kami melalui feedback in-game atau melalui email.",2025-02-18 17:53:40,
1911bdee-77c3-4f46-a8bb-51de8a9b3fb1,eka maulana,https://play-lh.googleusercontent.com/a-/ALV-UjXmazLsx7ZGp8dkGiwQIP8vYp81BS0Sb6wbfKxShsNHLqtyH9U,Bagus,5,0,5.3.0_29183395_29332470,2025-01-24 06:58:48,,,5.3.0_29183395_29332470
0d81a86d-a4f9-4200-abed-95904f9745b1,Rizki,https://play-lh.googleusercontent.com/a/ACg8ocLWNpZi6g6MWo6owGiETPZgyY3H88V7ZWrg1C4XNj-1lDQVJg=mo,Game bergrafik dewa dan alur ceritanya creative,5,0,5.3.0_29183395_29332470,2025-01-24 06:45:45,,,5.3.0_29183395_29332470
780543a7-6c34-4b23-90a1-972625ea664a,DARK KNIGHT,https://play-lh.googleusercontent.com/a-/ALV-UjWpst_0AndP-tY6iLNT0-PcQEl7otSW38y9OJJf34961GnBX3U,"Saran. Sebaiknya cara mendapatkan primogem nya sedikit di mudahkan, cara mendapatkan karakter dan senjata di permudah dan karakternya di tambah lagi supaya lebih seru. Mungkin di genshin impact perlu fitur duduk dimana saja, bisa membuat api unggun supaya lebih seru, dan di waktu duduk atau berjalan menggunakan traveler Saya berharap paimon bisa muncul supaya terasa seperti nyata adanya. Saya berharap genshin impact bisa menambah fitur yang menyenangkan saat eksplorasi.",5,21,5.3.0_29183395_29332470,2025-01-24 06:11:34,,,5.3.0_29183395_29332470
68a63ee3-a07e-4734-8e97-03b1e8b1b037,Sans The Skeleton,https://play-lh.googleusercontent.com/a-/ALV-UjWTdtqrWrFeZ-kACalMcxkO79omlbDzX7gpnB1FMmmCqjDAclM,Sangat bagus,5,0,5.3.0_29183395_29332470,2025-01-24 06:08:11,,,5.3.0_29183395_29332470
3217270e-0c45-42c8-9252-a23046cc7b9d,Kletoy Gaming,https://play-lh.googleusercontent.com/a-/ALV-UjXmZLtxMeXSww3XEM_Xh1NMDAHf5POjwGH0HCsseTuFfnuVR__G,Maaf genshin aku harus meninggalkan kan mu,3,0,,2025-01-24 05:37:30,,,
45a60fe4-28b9-4a92-ae0e-dcae2236a267,Abbeyd,https://play-lh.googleusercontent.com/a-/ALV-UjUGnAVWz4dIED4pEXCNw16ubHEIDFMK9zcxcCjcfhOiWW3MEfJx,Great,5,0,5.3.0_29183395_29332470,2025-01-24 05:36:51,,,5.3.0_29183395_29332470
4e4547c2-df84-4809-8c65-c66e804fbc2c,FUNPAS2,https://play-lh.googleusercontent.com/a/ACg8ocJLZw5QzIwzKMu46hIZ4zBiJw9uStrI_BmFEHTMBsuHyuY54w=mo,why doesn't ley get ganyu🤬🤬🤬🤬🤬🤬,1,0,,2025-01-24 05:32:07,"Hello, Traveler! You can view the Wish System rules in the Details section of the Wish screen. If you have any questions about the details of the relevant rules, please feel free to contact our Customer Service team via the in-game feedback channel or email.",2025-02-18 17:53:22,
c9254f28-5b0e-4194-b367-e50f79b82d18,Adur Raman,https://play-lh.googleusercontent.com/a/ACg8ocIljKARpGdFIESRkvVGI8KcDmXeMZOEFPYOfXB5tBKAJ4IGfQ=mo,Pity tinggi mulu dah heran cape aku cokk,3,0,5.3.0_29183395_29332470,2025-01-24 04:29:40,,,5.3.0_29183395_29332470
52e3f387-fae3-4dbc-a606-12e8b75b94da,Rian Adi Saputra,https://play-lh.googleusercontent.com/a-/ALV-UjUmHAAbjMffjYa8q4RTrnfPPN3w3XcmYBXdTlOsuzY2NqqpflE2,"Keren, King nya Game berat 😎tetap berbenah menjadi lebih baik king genshin, semoga aman jaya terus segala aspek, good job💪Mantap keren abiss samaa kayak adiknya hsr, sama""bagus, terus menang rate off di banner ayank raiden ei/shogun👍😍",5,0,5.3.0_29183395_29332470,2025-01-24 00:17:36,,,5.3.0_29183395_29332470
5e28e60c-91a6-4f3e-a4d0-059ffcdd7a49,Abdan Syakur,https://play-lh.googleusercontent.com/a-/ALV-UjXEorSRZHmF1--Y454hqxD77wuWYXpFELZyHTPFSI8xgpLoIKI,Aku suka game nya tapi primogems nya dikit beda sama game honkai star rail banya banget,4,0,,2025-01-23 23:02:37,,,
469353d3-cda8-4b8b-afb6-c7ae66eb6cfa,Gian Daniel,https://play-lh.googleusercontent.com/a-/ALV-UjWkGOijrbwBJqjr3Q5W4d8c91mQZfqnAzXvotoYhNLE-eG0i8dvgg,"QUEST ARCHON DENDRO TERLALU LAMA, MEMAKAN WAKTU 1 JAM PADAHAL CUMA MASALAH DEJAVU BIASA, ASAL KALIAN TAU GAADA YG MERHATIIN STORYNYA, PAHAM GAA??",1,0,5.3.0_29183395_29332470,2025-01-23 22:52:38,"Terima kasih atas dukungan Traveler terhadap Genshin Impact. Kami menerima secara terbuka semua masukan/umpan balik dari kalian. Jika Traveler memiliki saran atau masukan, jangan ragu untuk menghubungi kami melalui feedback in-game atau email.",2025-02-18 17:52:58,5.3.0_29183395_29332470
2b7e0f77-0ef5-4ad1-ab63-947277ef037f,Zik Ru,https://play-lh.googleusercontent.com/a-/ALV-UjVzpKyIb72AX39x6vs5W3KkYEQI4E3ShDucTo3BCOQvaq6VKwe7,Game pelit,1,0,5.3.0_29183395_29332470,2025-01-23 22:46:18,,,5.3.0_29183395_29332470
ebd81e55-900f-4ae7-82ac-746614b65940,Wahyu Aditya,https://play-lh.googleusercontent.com/a/ACg8ocLIEpVF4B89r95n_zTK2j5J5aDgpkld-Yck0iyiJgGZT11Lyw=mo,Game bagus!!!,4,0,5.3.0_29183395_29332470,2025-01-23 22:37:20,,,5.3.0_29183395_29332470
5ce2b434-b4d8-4678-acce-0f0a923d80b7,HAMBURHAMBURAN PROJECT,https://play-lh.googleusercontent.com/a-/ALV-UjW6dDahNl_zDuA0oohzd1S6YKUrSxxiytiBd1uthAAKaOknjQKC,"Tambhkan menu skip story, untuk para veteran yg tertinggal",1,0,5.3.0_29183395_29332470,2025-01-23 21:53:07,"Terima kasih atas dukungan Traveler terhadap Genshin Impact. Kami menerima secara terbuka semua masukan/umpan balik dari kalian. Jika Traveler memiliki saran atau masukan, jangan ragu untuk menghubungi kami melalui feedback in-game atau email.",2025-02-18 17:51:51,5.3.0_29183395_29332470
9eb40ed2-4104-4b2c-a76a-e4f9648c6a76,Raffi Permana,https://play-lh.googleusercontent.com/a-/ALV-UjUcjtYL94CSTcX8JW4E32WWHjZ8lYVWPfSHPUVRD3WQxeVeATxY,Bintang 5 kalo bisa support gamepad,4,0,5.3.0_29183395_29332470,2025-01-23 21:14:12,,,5.3.0_29183395_29332470
1d748c34-08ad-4fea-9699-0ff332c64289,Chyy Nfz,https://play-lh.googleusercontent.com/a-/ALV-UjUDIaCKSCaNAAvtzjwU16tO1g7i3w1Db8jHbAuI0U14nXhlgU5C,"Kenapa aku ga bisa login? Ada tulisan ""too many requests"" padahal baru satu kali aja, & aku pun loginnya di PC jadi ga lag. Tolong di perbaiki",3,0,,2025-01-23 21:00:28,,,
d5ad0131-03a3-4e58-851f-9309e08ea9d8,Dimas Herdiawan,https://play-lh.googleusercontent.com/a/ACg8ocIheg1sOwKYH9nLmUJY9B-DipW8ok5Sd30jIK2T8FZcDJCnZA=mo,",aku kasih bintang 3 karena ada bug suara dabel,semenjak ubdet Fontaine,mungkin juga karna hp kurang Suport,soalnya Snapdragon 778G,tapi mohon di perbaiki karna ,Setip atck musuh suarnya tertinggal dan kadang suara ngefrsss,padahal rata kiri di 25 fos",3,0,,2025-01-23 20:53:04,,,
b073d3bb-5692-44d4-ab3a-060be5b8174c,Soraa Rechiardo,https://play-lh.googleusercontent.com/a-/ALV-UjWTJpakaqOMHcZRRoVyJgJFDyp8l3J3BNIOZp9zLiY56JJzRKw,"Okelah tapi kasih Daddy Daddy/male character five star dong njirr.. masa Waifu mulu mana mommy udah bosen pakaian nya terbuka, sekali kali hadirkan Male character five star.",3,0,,2025-01-23 20:49:05,,,
27acb8fa-f220-400b-85e4-cbaa98075df1,Ardi48 Akun,https://play-lh.googleusercontent.com/a/ACg8ocIDCgy4BAA5i6iXwPiXev17s3pHEwBlej9zPuO8fIGH4UI9TQ=mo,"Game bagus tapi... Tapi boonk hayukk yahahaa, bikin stori jangan di ulur ulur langsung aja to the point",3,0,,2025-01-23 20:31:57,,,
c7a20e30-1039-4264-9131-c7e6c9d3ea47,Nita Lim,https://play-lh.googleusercontent.com/a/ACg8ocIZToSAqJ4EvyyEn3Lwv1lQdkYF7pl2GrHVBrz_iqTjiIXbaA=mo,"Game petualangan pertama yang aku mainin dan seru bangettt, bisa mabar bareng temen-temen online",5,0,5.3.0_29183395_29332470,2025-01-23 20:21:34,,,5.3.0_29183395_29332470
45bcc96c-1304-4aeb-8f75-4dbe71adbb58,Arumi Albirru,https://play-lh.googleusercontent.com/a/ACg8ocL2Jvn4HvVl4YOQPBzxX9nthShEG8-JMc5ie_ScOYOvDfWfHg=mo,"Kenapa akhir"" ini sering gaa bisa login yaa dri sore smpe jam 11an malam🥺ayo dong min perbaikin sistemnya, masa iyaa mainnya tengah mlm, kitaa kerja loh minn😭😭😭",5,0,5.3.0_29183395_29332470,2025-01-23 20:01:27,,,5.3.0_29183395_29332470
0fb4bb24-27ef-401a-a8b1-a4a7890af319,Boom Door,https://play-lh.googleusercontent.com/a-/ALV-UjV3jl0yQMjW5Oy0oebcX92GVKzY5Wcez82mxPNGuE9H-tAY_YM,Game nya seru apa lagi story nya,5,0,5.3.0_29183395_29332470,2025-01-23 19:08:06,,,5.3.0_29183395_29332470
b75ac809-c927-4de6-938e-07c0485941e3,Rendi Renaldi,https://play-lh.googleusercontent.com/a-/ALV-UjVsMnWWUH4g_GlC1XVjGnG226egBD-U-xk2XCiaNqPKFMfxU_g,terbaik,5,0,3.1.0_10443587_10457664,2025-01-23 18:35:51,,,3.1.0_10443587_10457664
74fbd6c5-e32a-4d7b-95c8-6739cd285e60,Agung Wicaksono,https://play-lh.googleusercontent.com/a-/ALV-UjU1Bs9zxr25_Uia7t6U-GV_ISQFhF6pGzjyoxOwZgFP0nSyMHLv,Ok,5,0,5.3.0_29183395_29332470,2025-01-23 18:32:32,,,5.3.0_29183395_29332470
029307e0-92ef-40e8-8fc9-7aeac6c08dc3,Takeruu Yuiichi,https://play-lh.googleusercontent.com/a/ACg8ocL6RwJrqNxI9Ffb3x6Jb2t_VlH0d2IXuL3y4HKI8UoYRmPeaA=mo,Game baik yagesyak,5,0,,2025-01-23 18:13:32,,,
ea987127-7229-4f9a-a90c-09f5b857a7c5,Ridell Nusa Bhakti,https://play-lh.googleusercontent.com/a/ACg8ocKUA5Z8GjqVuHUVmz4N_Gm_1vlqfWuc_MJxoOLMDcGE5cqKXQ=mo,"makin hari game ini makin membosankan. waktu yang dibutuhkan untuk story amat sangat lama, tidak ada fitur skip. banyak waktu yang terbuang sia sia untuk mendengarkan ocehan ga jelas, dan juga pergerakan mulut dengan voice tidak singkron. saya juga punya pekerjaan lain untuk dilakukan, tapi game ini menyita banyak waktu saya. maaf, tidak ada pilihan lain, mulai sekarang saya berhenti memainkan game ini lagi. uda kikir nyita banya waktu pula, mending main WuWa. ga sampe 1jam udah kelar story WuWa",1,24,5.1.0_27118081_27297621,2025-01-23 17:44:49,"Terima kasih atas dukungan Traveler terhadap Genshin Impact. Kami menerima secara terbuka semua masukan/umpan balik dari kalian. Jika Traveler memiliki saran atau masukan, jangan ragu untuk menghubungi kami melalui feedback in-game atau email.",2025-02-18 17:51:34,5.1.0_27118081_27297621
d8242554-a2c7-455c-afc1-6f73d58a62db,Hidayat,https://play-lh.googleusercontent.com/a-/ALV-UjVj_9r60d4m8t58Euvc3b3EDfM24Gelvoub4dxZ1bTbjRHbm7ot,Nice,5,0,5.3.0_29183395_29332470,2025-01-23 17:44:47,,,5.3.0_29183395_29332470
e7cfc6a0-8971-4d9b-943d-ea95792fe027,Muhammad Hikari zaibran,https://play-lh.googleusercontent.com/a/ACg8ocJMz3o4_455AtO1Dphtry9zsEIkqlfaQFdeU_IPa7WURuOX-Q=mo,Bagus dan menarik namun sayang nya ram dan download nya terlalu banyak dan tidak semua orang bisa mendownload nya 😁😁,4,0,5.3.0_29183395_29332470,2025-01-23 17:37:26,,,5.3.0_29183395_29332470
4ca27cfe-a7fe-4eb3-88a4-ca50758bb5a2,Arya Maulana Wiarnata,https://play-lh.googleusercontent.com/a-/ALV-UjX49GCIb3JV_GN7GMoiFvmVV2zfFvakjIedk-bjOk4a8_ZfLUPUeQ,Bagus lumayan cuma war nya lebih enak wuwa,5,0,5.3.0_29183395_29332470,2025-01-23 17:35:09,,,5.3.0_29183395_29332470
44126c73-d206-4ab5-90e3-d08fa36a8176,Hafissultan3,https://play-lh.googleusercontent.com/a/ACg8ocI_YN18W-B5Tz_vIz01WXe09EvDq6I3gJ3gzVz-1uuYnT13fg=mo,bagus,5,0,,2025-01-23 17:12:36,,,
120e19e1-3288-46c5-93b8-14e74e1e6234,Oma raffa Agra zidan,https://play-lh.googleusercontent.com/a/ACg8ocI10l6FaSSmNLHCtLVaa4HbP4-LpMzCctvTkkiwcShG_EilDw=mo,Game sih menurut gw bagus grafik juga bagus pokoknya perfek deh,5,0,,2025-01-23 17:02:21,,,
eb84300f-96e5-4adc-bbe0-b886c8f81715,Dwi Hermawan,https://play-lh.googleusercontent.com/a/ACg8ocI62LslDx8_BCTSpjksISW6MvaVMVKdV_s1yjGO-pMhQFJUWw=mo,loding lama,1,0,5.3.0_29183395_29332470,2025-01-23 16:34:54,,,5.3.0_29183395_29332470
b45be239-5b3e-4ddd-b431-0eb6d42dc973,Van,https://play-lh.googleusercontent.com/a-/ALV-UjVJsXEkIrjx6A4QTBCTWLuY5dlUri3LhlMZbaahfpYjfLQwEver,"Gamenya bagus sih, developvernya doang kikir",1,0,,2025-01-23 16:25:45,,,
68438c7a-b915-4c03-be1c-76a844e7463d,Maura Isyra,https://play-lh.googleusercontent.com/a/ACg8ocL9gnqJJYasWJa1xS5CPoyS-zw675wBn8Hg5Ihs-8tCKSd59w=mo,Gem nya bagus banget,5,0,,2025-01-23 15:14:47,,,
6ce47457-fc0b-407a-ae39-0399fb7dbf52,Elio Aftan,https://play-lh.googleusercontent.com/a-/ALV-UjUTe40F1RH2SeJu8ckSOBSRDvpoLkvdjT2b5CJIG0TrvYZOwA,Saya beri bintang 5 karena saya suka teka teki di gamenya dan eksplorasinya,5,0,,2025-01-23 15:14:40,,,
bc90a9d2-75d3-45b3-ac67-510c066dccda,Triansyah Iyan,https://play-lh.googleusercontent.com/a/ACg8ocK__rGaSBOIvlABzstxyl_o_nUphyxrN8jpZbvvAlInuiY3iQ=mo,Tolong optimize dan size nya di kecil kan,3,0,5.1.0_27118081_27297621,2025-01-23 14:32:27,,,5.1.0_27118081_27297621
32e59702-3375-49f0-87f8-22d315d46f30,Jantika Oi,https://play-lh.googleusercontent.com/a-/ALV-UjUIXoMN13WhRP5kEtDC_f1v8mWo1LQptN6CxYVGVvEQK13vlTA,Ku kasih 1 bintang karena fitur gamepad di hp ku tiba tiba hilang. Padahal saya udah nyaman bermain pake gamepad. Sekarang malah di hapus,1,0,5.3.0_29183395_29332470,2025-01-23 12:37:14,"Kami mohon maaf atas ketidaknyamanan yang Anda alami, Traveler. Kalau Anda memiliki masukan atau saran, silakan hubungi kami melalui email atau feedback in-game.",2025-02-18 17:38:23,5.3.0_29183395_29332470
f36620cd-d9c5-46bc-95a8-ede15d8f7544,Han Ryutaro,https://play-lh.googleusercontent.com/a/ACg8ocKThWotCULolhlOLSNTghIms8Pb6pA0j-qi-e9jWIUqzefz_g=mo,"Selalu kalah rate off, nggk pernah menang 1x pun akun ini, ini game malesin katanya rate off 50:50 faktanya win 1:99 loss. Thanks U, bye bye Genshin Impact 👍 scam",1,0,,2025-01-23 12:21:48,"Halo, Traveler! Traveler dapat melihat aturan sistem Wish di bagian [Rincian] pada halaman Wish. Jika kamu memiliki pertanyaan tentang perincian dari aturan tersebut, silakan hubungi tim Layanan Customer Support kami melalui feedback in-game atau melalui email.",2025-02-18 17:49:40,
990de716-d998-42c0-8d96-b751d67af4bd,noer Yasin,https://play-lh.googleusercontent.com/a-/ALV-UjW3ZG_3R9_BNym6h39HaZQGGFzr_xPUclNcJmXFj71QNAWt-1I,Nice game and new experience,5,0,,2025-01-23 11:44:44,,,
03c5e242-9659-4aee-8955-c86e472ad6bc,Jullz X,https://play-lh.googleusercontent.com/a-/ALV-UjUu4VGC2r8RzSy33O9xk_Lc85UA7cLQcuJDE82zx5z6W5B1vnjz,Good,5,0,5.3.0_29183395_29332470,2025-01-23 11:35:25,,,5.3.0_29183395_29332470
f341b2ac-6934-4597-9e7d-ff65d81c3652,Ghowo Tulen,https://play-lh.googleusercontent.com/a/ACg8ocJwLba4-9NgQsGusXMZEPxv61EblbjNDeRbGd54BiaxuSsQVw=mo,"Overall udah bagus,",2,0,4.4.0_20481013_20559831,2025-01-23 09:51:20,,,4.4.0_20481013_20559831
adced6cd-fcf8-45f2-9a4f-144df8c71335,Ad Party,https://play-lh.googleusercontent.com/a/ACg8ocI6C4gRA2QcJXGjWM4ydpwPRAJeDymjvazHvv9H1L-7l7EazQ=mo,Nice,3,0,,2025-01-23 09:39:17,,,
13f82127-a585-4cc9-8687-ae94163a420a,Darren Vito,https://play-lh.googleusercontent.com/a/ACg8ocI-ggQMlQuLFtev56xkpVL4BsrL5Gxw7QYlNYTAm-jExy3i2g=mo,"Dri pengalaman maen sih semuanya bagus 👍dan keren, grafik, story, mekanik game nga yg the best 💯, cuma mau complain aja karna harga fate kemahalan, semoga harga tiap fate jadi 50 primo 🗿👍🏻",5,2,5.3.0_29183395_29332470,2025-01-23 08:26:56,,,5.3.0_29183395_29332470
fdfcd2e7-e1f2-4f36-86b9-51edfa127098,Rifqi Pamungkas,https://play-lh.googleusercontent.com/a-/ALV-UjUbTpNO4t1N3LeifU8THA5PQCbkag5BNmyNCtZEda7lN__6atM,Mantap,5,0,5.3.0_29183395_29332470,2025-01-23 05:35:06,,,5.3.0_29183395_29332470
26dc054e-54bb-4b44-9579-9627fa1945f1,Rizal Mutaqin,https://play-lh.googleusercontent.com/a-/ALV-UjURVuguIXCyhuM2S1n0yfC2kImHMtHCKpdl1Xfyp_vIr3LAb64,Ngebosenin bikin ngantuk kalo bisa dialog nya jgn terlalu lama,1,1,5.3.0_29183395_29332470,2025-01-23 04:39:21,"Kami mohon maaf atas ketidaknyamanan yang Anda alami, Traveler. Kalau Anda memiliki masukan atau saran, silakan hubungi kami melalui email atau feedback in-game.",2025-02-18 17:47:24,5.3.0_29183395_29332470
6d942eb5-f11d-4d94-a141-6dc0d92e6880,_ gnister,https://play-lh.googleusercontent.com/a-/ALV-UjXALoJzHp9AHYGTVU5i8BSCLEQkUb5OLdjCfti9RARSsNlOVWhD,Mohon Kalian tutup server saja atau hapus saja game ini.... asik nya sudah tidak ada,1,0,5.3.0_29183395_29332470,2025-01-23 03:19:47,"Kami mohon maaf atas ketidaknyamanan yang Anda alami, Traveler. Kalau Anda memiliki masukan atau saran, silakan hubungi kami melalui email atau feedback in-game.",2025-02-18 17:47:01,5.3.0_29183395_29332470
b949d13c-4836-4b1f-b9ac-c6a85fed1863,Rauf Subekti,https://play-lh.googleusercontent.com/a-/ALV-UjX2RFD2Gs8kN5gjDMLbNsnL3MoFtpytRRChQKQM3k-2ifNnRtdt,Wow,5,0,5.3.0_29183395_29332470,2025-01-23 01:34:44,,,5.3.0_29183395_29332470
e7bf3fb5-41fb-4426-b936-a67aa035dd3f,Ezza Habibie,https://play-lh.googleusercontent.com/a-/ALV-UjWRsqVy8wla9HMrBvaDh87RPL9VhH8RiocoCGJdQHeBdgRgnvpf,Bagus banget,5,0,5.3.0_29183395_29332470,2025-01-23 00:36:44,,,5.3.0_29183395_29332470
6252179d-6692-42b4-8cd0-29b4f19d1c15,alfianprasetya nugr,https://play-lh.googleusercontent.com/a/ACg8ocLD9jQN8FZ2eVkHcEmuWLOHhXKr-3K0TEuX0JkKm6jg8pcVgQ=mo,Keren,5,0,5.3.0_29183395_29332470,2025-01-23 00:10:58,,,5.3.0_29183395_29332470
faa55d6f-fae9-40a8-a87f-0ee8bb638036,Emu Game,https://play-lh.googleusercontent.com/a-/ALV-UjVb3454ahrNWSTTWovjYILDGoXPWCe8iC1VSHEVuZFZn174N1qE,gue saranin sih buat yang mau main game petualangan penuh aksi jangan download game ini.. soalnya grafik nya doang yang bagus tapi story nya kebanyakan ngomong.. contoh lu ngobrol di game sekitar 10 menit tapi lu fight gak sampe 1 menit.. ada juga ngomongnya sampe 20 menitan dan gak bisa di skip tapi fightnya cuma 2 menit kelar. gue jamin kalian pasti bosan main game ini.. karena udah berasah bukan lagi main game petualangan aksi tapi malah nonton anime,1,86,5.3.0_29183395_29332470,2025-01-22 23:58:00,"Kami mohon maaf atas ketidaknyamanan yang Anda alami, Traveler. Kalau Anda memiliki masukan atau saran, silakan hubungi kami melalui email atau feedback in-game.",2025-02-18 17:46:28,5.3.0_29183395_29332470
d7eba3ac-e2e6-4df7-8153-03eff321e944,Dika Putra Darmawan,https://play-lh.googleusercontent.com/a/ACg8ocJVr-UGrozZriN9SKEenjrdP9icsDJQ5ovWMd7vIQ8y5kGSyJJy=mo,Good game,5,0,5.3.0_29183395_29332470,2025-01-22 22:58:24,,,5.3.0_29183395_29332470
c0d610fb-6427-49f0-b728-48f11a09925e,Dede dada,https://play-lh.googleusercontent.com/a/ACg8ocJ7OTph5FgzxsFSfWLwKcvKBCurPqYupIdPNjqeCv8rDyH16w=mo,Lumayan Mantap game nya semoga menjadi yg terbaik kedepannya,5,0,5.3.0_29183395_29332470,2025-01-22 21:42:15,,,5.3.0_29183395_29332470
2931b328-dd31-48cd-948b-4f5d270ee49a,Alim Ggnibos,https://play-lh.googleusercontent.com/a/ACg8ocLsPUHdCMWl0Byn1yNtrimLfkbLahrLhdBSFWh3L6z3S0AopQ=mo,Game nya sangat asikk,5,0,5.3.0_29183395_29332470,2025-01-22 21:41:23,,,5.3.0_29183395_29332470
ecf4cd7c-fd57-4cac-b061-c056a1496ee6,Christina Novania,https://play-lh.googleusercontent.com/a/ACg8ocLaZXkr5w6T0hIyTXGXqZ3HdvjrDx1b_B1vA3RYNC31zMArMQ=mo,Bintang 4 dulu kalo menang rate off kukasih bintang 5,5,0,,2025-01-22 19:55:48,,,
7b12dd49-8b45-4c5e-969a-10ab7f6dde96,Andika Illyansyah,https://play-lh.googleusercontent.com/a-/ALV-UjV6OhaSsUbcRIVFUlAff9Vqxup0DcGWw4krmhqgdnp129l_Px5x,Menarik,5,0,5.3.0_29183395_29332470,2025-01-22 19:35:57,,,5.3.0_29183395_29332470
90c26750-5a12-410c-a9ef-2834f22f6464,Xavier,https://play-lh.googleusercontent.com/a-/ALV-UjX1yOswmo00leEX1s-akBWdDegk9A5Qtt_g-3nUnpQwdpuBdfYX,"QoL paling lelet udah gitu rata² kurang berguna juga, ngomong sama tembok yah gini nih tanya sendiri jawab sendiri",1,5,5.3.0_29183395_29332470,2025-01-22 19:21:57,,,5.3.0_29183395_29332470
9bf0e73e-369f-4c1b-b661-d2a164b7f6c4,gagak gagak,https://play-lh.googleusercontent.com/a-/ALV-UjXKUTDaoByipXhJRvLfosLRWvhmn-nydk7bH6a7oCO0XvvKkRot,Hoyo i love you,5,0,1.0.0,2025-01-22 19:18:28,,,1.0.0
86c892d7-0b05-4c4f-99e2-915df9f96690,Ikky (Ekall),https://play-lh.googleusercontent.com/a-/ALV-UjV9SK5l3ROmw1dRD1CCcZXWCrIHeIgdkFqoZvCV1UUbh_ndYj3D,"Vibes nya, suasana nya, desain karakter nya dll emg udh perfect bangett cocok dehh buat kalian yang mau nikmatin story atau lore nya, kekurangan nya cmn 1, grinding atau farm nya aja yg emg bikin kebanyakan org agak males tp its okey, asalakan di niatkan pasti tercapai, emg bner² ini game mengajarkan tentang kerja keras",5,0,5.3.0_29183395_29332470,2025-01-22 18:54:29,,,5.3.0_29183395_29332470
7ccb3abf-946b-47da-a016-8d12a310e4ce,Faruq Aziz,https://play-lh.googleusercontent.com/a-/ALV-UjWxQvKPlMIruone_8OI-8n1jD7TjryH8ARq6YuN85CPukTVZkK4,Bikin opsi penyimpanan di sdcard,5,0,4.8.0_24603909_24822834,2025-01-22 18:24:25,,,4.8.0_24603909_24822834
b6d74835-24cd-4bc4-8016-4fc0dcc7f55b,Yosuga no sora Nekopoi,https://play-lh.googleusercontent.com/a/ACg8ocLFl9NzQCpGIq990Jaw4ErTldyvgWeefMS755PQdrzabVSYGw=mo,Kalian harus coba karena ini Liat alasan dibawah ini 1.grafik bagus 2.questnya gampang 3.bisa dapet primogem/diamond untuk spin karakter 4.alur cerita/storynya menarik 5.ramah bagi pemula 6.dan komunitas nya solid Coba juga game dari hoyoverse lain seperti: 1.Honkai impact 2.zenles Zen zero 3.dll.,5,2,5.3.0_29183395_29332470,2025-01-22 18:17:56,,,5.3.0_29183395_29332470
91d18630-acde-47b8-a4d9-ea7c7ff5099c,Muzhaffar Faathir,https://play-lh.googleusercontent.com/a-/ALV-UjUJUTYYYPJc5hNvXUJ2ZW665kNgpVBl-m03TOWHCxJMkq5FI5Iz,"Game nya bagus cuman Mengapa di pengaturan saya memencet tombol tidak keluar ya malah kosong,saya mengubah tombol karena saya switch ke char lain delay nya ya Allah gw mau spiral gara gara delay jadi kacau rotasi nya",1,1,5.3.0_29183395_29332470,2025-01-22 18:15:09,"Kami mohon maaf atas permasalahan ini, Traveler. Silakan hubungi kami melalui email atau feedback in-game untuk mendapatkan bantuan lebih lanjut tentang masalah ini.",2025-02-18 17:44:21,5.3.0_29183395_29332470
6e81cb07-7bc4-4aed-aa9a-cf6427a713cd,StyleNouzen_Gen,https://play-lh.googleusercontent.com/a-/ALV-UjXDNcdGofxY1Sn8-SQ2Fe3llzT1li91YpDKYQtE34guFyl8hz8,Tinggal Tambahkan story biar bisa pacaran dan bebas pilihannya dengan sesama char😋,5,0,,2025-01-22 17:55:06,,,
589eade9-600b-432c-a12e-cc440d7ae411,Muhammad ihsan Labib,https://play-lh.googleusercontent.com/a-/ALV-UjWDODyFjuZ4UqyC3KtqX46BR7cHbpb4UgOKmvS3F9y7_CPSb_MX,Game konnnm,5,1,3.8.0_15672274_15939604,2025-01-22 17:27:31,,,3.8.0_15672274_15939604
86d67ee9-b45a-4226-a6c3-224928e89fc1,•Lia_Offic15•,https://play-lh.googleusercontent.com/a-/ALV-UjW7bZWy7YBHEfvxi9_rP_vIjM_rTVQia9Wn65rlvWGfkvySo5KN,"gem jeleg, arlecchino gua masa cryo, PULANGIN ARLECCHINO GUAA, BALIKIN 100 IF GUA PLZ 🥺🥺💔💔",1,1,5.3.0_29183395_29332470,2025-01-22 17:18:07,"Kami mohon maaf atas ketidaknyamanan yang Anda alami, Traveler. Kalau Anda memiliki masukan atau saran, silakan hubungi kami melalui email atau feedback in-game.",2025-02-18 17:42:22,5.3.0_29183395_29332470
aee78f30-610a-4db8-a9ea-ce89e8419a2b,Azzura,https://play-lh.googleusercontent.com/a/ACg8ocIvrQI7deL9rZFMAvz7CU8bPKS8Z7q-VT7e9ocPaRuwnAMI3Q=mo,Ngebug parah archon quest natlan selalu menghubungkan ulang padahal jaringan bagus ngulang terus pas kachina mau dibangkitkan lagi,1,0,,2025-01-22 17:13:53,"Kami mohon maaf atas permasalahan ini, Traveler. Silakan hubungi kami melalui email atau feedback in-game untuk mendapatkan bantuan lebih lanjut tentang masalah ini.",2025-02-18 17:42:03,
7e4e18b2-5f89-4734-b690-c6f6e17f8463,Dew,https://play-lh.googleusercontent.com/a-/ALV-UjWLVPAsqRA_pE31GmzNnViseA2r55ofmD9Oh89_t23Ae7YP5bbl,"game banyak ngomong, quest mulu mau eksplor aja mesti ngomong dulu sama npc. adakan fitur skip sampe khaenri'ah ya tod",1,1,5.3.0_29183395_29332470,2025-01-22 17:09:05,"Terima kasih atas dukungan Traveler terhadap Genshin Impact. Kami menerima secara terbuka semua masukan/umpan balik dari kalian. Jika Traveler memiliki saran atau masukan, jangan ragu untuk menghubungi kami melalui feedback in-game atau email.",2025-02-18 17:41:36,5.3.0_29183395_29332470
6c60ac10-f3b3-4845-b17e-7abc7436bc12,Zhila Putri,https://play-lh.googleusercontent.com/a/ACg8ocIiRNOm0IJf_34MeJp0GbDCO7GAalrG8ynE55Az0ItEog54pQ=mo,"A good game to play and I happen to like adventure themed games, so it's even more exciting with good characters, but it's very difficult to get a lot of primogames without F2P.",5,1,5.3.0_29183395_29332470,2025-01-22 17:01:35,,,5.3.0_29183395_29332470
b5772074-1ec9-4621-8966-4a9d438eb21d,Bryan Pramudya24,https://play-lh.googleusercontent.com/a-/ALV-UjXtK2wPdb1xIWHPX2E3-84QzcPrMgjnjmETgQFfntPrqYJjgx5u,Bug jaringan tolol,1,0,5.3.0_29183395_29332470,2025-01-22 16:56:07,"Kami mohon maaf atas permasalahan ini, Traveler. Silakan hubungi kami melalui email atau feedback in-game untuk mendapatkan bantuan lebih lanjut tentang masalah ini.",2025-02-18 17:40:57,5.3.0_29183395_29332470
18f47f88-64d0-42e9-9f7e-46f5ed588ccb,Al khahtani Sidik,https://play-lh.googleusercontent.com/a-/ALV-UjWL2sHFNisEOaRW4bMSFbgO8I9yIv_9ZYTRcoWPgbwMj2AH9iwQ,Genshin pliss gua ngebug di game lu ngak bisa login ke world sendiri,4,0,5.3.0_29183395_29332470,2025-01-22 16:54:36,,,5.3.0_29183395_29332470
11ef8a56-870f-4cbc-bc0f-e7ee43a23512,M Djohandra,https://play-lh.googleusercontent.com/a-/ALV-UjXj_WeiIls13HeM1yeXg5Rk3_Wghc0ky-1IyxTjnNGb1ZW8fx0w,BAD CONNECTION. FIX YOUR SERVER HUH,1,0,5.3.0_29183395_29332470,2025-01-22 16:53:29,"We sincerely apologize for this issue, Traveler. Please send us an email or contact Customer Service via in-game feedback for specific help with this issue.",2025-02-18 17:40:44,5.3.0_29183395_29332470
be230999-c714-4825-8dc0-d36c79bbdff6,Zulfikar NM,https://play-lh.googleusercontent.com/a/ACg8ocLcnXBVF6bBiejr-cj2vb90wl5YTwHSuOHeBmvFcRGasVJuUA=mo,Taolong kalo koneksi terpurus kenapa gk bisa login lagi tolong petunjuk nya,4,0,,2025-01-22 16:52:21,,,
44df0cb4-bc29-40ca-bec8-178da18719a1,Fajar Sidik,https://play-lh.googleusercontent.com/a-/ALV-UjWuzG4jWMC3s6T88mp4wzBPZMSMshHOPRnrH4c_7W75beH2BSA,Gm bagus 👍,5,0,5.3.0_29183395_29332470,2025-01-22 16:47:36,,,5.3.0_29183395_29332470
0a288686-6fc1-49f8-8507-a46b75d81518,Calvert Alton Liu,https://play-lh.googleusercontent.com/a/ACg8ocKfcGigbn5H-1Vjr0ut_0wVJnfjogtiWbom0MPE65REWezyaA=mo,Erm so I was playing as kachina and I got stuck in dragon spine still a good game If I could give it 900000/90000 stars I would pick 9000000000000 starts,5,0,,2025-01-22 16:02:12,,,
6b775826-139d-4923-ab3b-7a94c7c99e97,Hutao-Chan,https://play-lh.googleusercontent.com/a-/ALV-UjUoPxN-QIDQnWC4D9xdWfnJw8gV_VmuCwKcsTKYgYikI47fsdE,mohon jangan kikir lagi developer 😁,5,1,,2025-01-22 15:41:41,,,
ae084ccc-aba8-45c7-b26e-a9f79737c2a8,Fais Muhammad Mazid,https://play-lh.googleusercontent.com/a-/ALV-UjUZJC7aIQySL7gYarxgokq5C5aNp-ijoUMxmw33MRN6XAlKZSif,Aku naikin lagi bintang nya,5,0,5.3.0_29183395_29332470,2025-01-22 15:23:31,,,5.3.0_29183395_29332470
891ba0d6-3091-4149-9248-02e1f5eef4a5,Yyyy Yyyy,https://play-lh.googleusercontent.com/a-/ALV-UjXRCdfKdqKJ0hFN3g-vJnKA2x3j9mCEwj4iMI0h3C5dMRK-2rQ,Game ini emang worith parah sih di mainin,5,0,5.3.0_29183395_29332470,2025-01-22 15:00:26,,,5.3.0_29183395_29332470
787bca80-f66a-4747-a2dd-6f2e4ae98ff8,Abdul Latif,https://play-lh.googleusercontent.com/a-/ALV-UjW423CcbsJLAcE-PVA42EmU0Bkoy69MRt9j4Q4rxAGoNt482Uo6,Dapatin char B5 nya pelit bgt😹 harus bgt sampe pity 80 an baru dpt aplh😹,1,1,5.3.0_29183395_29332470,2025-01-22 14:46:00,"Halo, Traveler! Traveler dapat melihat aturan sistem Wish di bagian [Rincian] pada halaman Wish. Jika kamu memiliki pertanyaan tentang perincian dari aturan tersebut, silakan hubungi tim Layanan Customer Support kami melalui feedback in-game atau melalui email.",2025-02-18 17:37:11,5.3.0_29183395_29332470
d129273a-704a-4b0b-acbb-911631d40131,Rollan Galman,https://play-lh.googleusercontent.com/a-/ALV-UjUhxxr0k8vlViFssaup6objlujPkB_CEW60HALw0ZQpvnWW0Uem,Good,5,0,5.3.0_29183395_29332470,2025-01-22 14:28:30,,,5.3.0_29183395_29332470
4d8250f0-635b-4a53-bc36-d3449fb203c9,Andhykah Pratama acau,https://play-lh.googleusercontent.com/a/ACg8ocJv0I7sJoaicLLebDeSOjjiGvCE0ZK0rLaERVSHIszlhumDcg=mo,dari gameplay nya seru tapiiii ni ya masa updatenya 10 gb gila lah hp dengan memory 256gb aja mikir² untuk update,3,0,,2025-01-22 14:22:55,,,
33b53ceb-9045-4851-9f96-4a8f2d22e92e,Serkolinas Amannusantara,https://play-lh.googleusercontent.com/a-/ALV-UjUJYFR3eVD8xIpJ84T18m5sMtAer2bT_BJ6OVDO88thxZ-LntU,Sebenarnya gw kasian sama genshin tapi ya gimana. Yaudah gw kasih bintang 5 kan kasian,5,0,4.8.0_24603909_24822834,2025-01-22 14:13:52,,,4.8.0_24603909_24822834
09b08285-2350-4450-ab56-4631e6b16fa9,Reyhan Dika,https://play-lh.googleusercontent.com/a-/ALV-UjWdZfTe1YkAUJmenNO9aqQCKWASAY8Vq_UtmHPSGQAldFwRT9A,Game kikir,5,1,5.3.0_29183395_29332470,2025-01-22 13:49:23,,,5.3.0_29183395_29332470
7481197a-1ad2-4c9d-8dd7-ca4943073b73,I Made Aris Sadewa Putra. 14,https://play-lh.googleusercontent.com/a/ACg8ocI3WLO7cHYALKI04WZsW0l5fqmN7cZTHPb2SSJUuLzBsg8t5Q=mo,Asiq,5,0,5.3.0_29183395_29332470,2025-01-22 13:18:25,,,5.3.0_29183395_29332470
d835608a-867a-40a3-9e5a-a01e22178e14,Cintya Fitri Nurhaliza,https://play-lh.googleusercontent.com/a/ACg8ocLWRrKT_I7aGoyOYTnxOsoqhJnPq47E6UZ6E_RF9G71_Bt6cT8=mo,"Gamenya seru, ramah f2p. Tapi tolong perbanyak char cowo nya juga dong untuk player cewe 😅",5,0,,2025-01-22 13:04:21,,,
f74b1b31-dda9-40bd-8a43-a94d9b7647b1,R.G,https://play-lh.googleusercontent.com/a-/ALV-UjX5dsoW6OEG_4KpJmRA4vL4JMfF_hIdz98zhFGYyWFTix1gaw,"Keren sih, tpi jangan kikir",4,1,,2025-01-22 13:00:01,,,
66bcfea1-58ed-4c34-b26f-036c0fad4ab7,Borneo Tanjung777,https://play-lh.googleusercontent.com/a-/ALV-UjU7Ojt8E3EpRO3jIFOcvH6lv_JZ8Vs8HJK_tU_MCI9nsPZ0bSBC,"Dari segi grafik nggak usah di pertanyakan lagi ne game terbaik open world l, tapi sayang terlalu banyak cut shin yg tdk begitu penting. Alangkah lebih baik cut shin nya sedikit di kurangin biar kami Pera user tdk terlalu jenuh untuk mainan ini game. Selebih nya sdh bagus. Thanks buat developer",4,2,5.3.0_29183395_29332470,2025-01-22 12:49:51,,,5.3.0_29183395_29332470
e68a8a39-e3de-4acc-8c93-b0534d17bd89,Xue Raviel,https://play-lh.googleusercontent.com/a-/ALV-UjU1okd6BVJR4BF4jqlQnJJbRA-uVW0Y8U9hqftNtl87L8bqRuA,Mantap,5,0,5.3.0_29183395_29332470,2025-01-22 11:46:43,,,5.3.0_29183395_29332470
4b7ffd35-7d2f-4e12-b204-2cd71ae2fbd2,zee ML,https://play-lh.googleusercontent.com/a-/ALV-UjURAC5kwAw0ApxHq6eSyHtIgdAuWMMwSB5PnOqZ_D1hWYfCICvB,Okelah,5,0,5.3.0_29183395_29332470,2025-01-22 11:34:58,,,5.3.0_29183395_29332470
abc749aa-bdcc-4ea6-a81a-c9173c2e458e,NR,https://play-lh.googleusercontent.com/a-/ALV-UjUhcS4FIt8-eARFvWWHpksgiaO91JMTwbqazku1c1yejx6rj-4,Kecewa,5,0,5.3.0_29183395_29332470,2025-01-22 11:33:34,,,5.3.0_29183395_29332470
989d10fb-5755-4080-9aa0-04e64687cb16,Noer Bintang Trianto,https://play-lh.googleusercontent.com/a-/ALV-UjV9MrUkpdifKshBLWYO5UuXJQPKbdcIzl56U9x2lgW8-vWvnW97,game kikir,2,1,,2025-01-22 11:33:24,,,
fc820793-9385-4839-8382-b6e18fd3e5fc,Sena Miya,https://play-lh.googleusercontent.com/a-/ALV-UjVBR9kkcvHH0BCWeYpKYmlZgXjr7TX10wdzX5MrGOw087PYTng,Ok.,5,0,,2025-01-22 11:04:42,,,
0c4bb353-18e5-44d2-a272-1685c505ff97,Columbinzcs,https://play-lh.googleusercontent.com/a/ACg8ocLFu77MUV5H6Og5_Ame0yfCG9eij8NkljKEigVaSmb6wLmiew=mo,"Byee hoyo, I won't comeback after you make him die.",4,0,,2025-01-22 11:04:03,,,
d9f35bd3-9f91-4ea8-914e-a582f3bb1c8b,Hobi Kita,https://play-lh.googleusercontent.com/a/ACg8ocJlWsmiGTHc3x4HlyC1GzZJNOoIt9Kj1HTB4tym71NTVWPCr3Q=mo,"Kasih fitur keyboard dan gampade bluetooth dong, biar bisa mobilador tanpa takut diban.",5,0,,2025-01-22 10:34:15,,,
c621789d-11b7-46f1-afa1-c1929e2efd3c,Rahmat Sawal,https://play-lh.googleusercontent.com/a-/ALV-UjXqEijpiyUHGNwlAz3NYFLXaKMrHxZn3EhsqJWX6E8jEFI4sJka,Good,5,0,5.3.0_29183395_29332470,2025-01-22 10:11:03,,,5.3.0_29183395_29332470
44c32c28-d0a0-43b1-820c-a0a1f551b8a4,Mike Edwar,https://play-lh.googleusercontent.com/a-/ALV-UjVgJT92qRjNRYCIzAp-9y1k4OYzTwD9AVjXY5zueYedwdAMdBM8,Seru,4,0,5.3.0_29183395_29332470,2025-01-22 08:20:44,,,5.3.0_29183395_29332470
ea098480-c6de-4db0-b324-7d4f9e32faae,Fata Al Faruq,https://play-lh.googleusercontent.com/a-/ALV-UjUW_BnuLStSYnIvnRGsTT5GBASD1KuI2jvMv7TxHQL0A75pXJQ,Klo gw dapet selain crimson moon gw turunin ke bintang 1😡,3,0,,2025-01-22 08:00:13,,,
8843283e-396a-43ef-915d-4be9069b9554,Fauzan First,https://play-lh.googleusercontent.com/a-/ALV-UjUgIT3z6bMVYF-p83lGnpj9GBWkyd0mgK2Gp76jTy3vxIR5qkrR,Aku kalah 5050 gem jhat,1,1,,2025-01-22 07:15:01,"Halo, Traveler! Traveler dapat melihat aturan sistem Wish di bagian [Rincian] pada halaman Wish. Jika kamu memiliki pertanyaan tentang perincian dari aturan tersebut, silakan hubungi tim Layanan Customer Support kami melalui feedback in-game atau melalui email.",2025-02-18 17:40:54,
45d07b66-f8c8-48e9-b092-a4daaa2f7296,nur,https://play-lh.googleusercontent.com/a-/ALV-UjUG0XzfSlVJ0nqcsFayjmR3eK84QNUnGVrZkyEPZlHBYbGUV0s,Karakter muvika ada bug skill nya di pencet langsung habis,4,1,,2025-01-22 07:01:39,,,
d25c08d7-7f4b-4680-9e64-175022215b77,Galih Nur Pambudi,https://play-lh.googleusercontent.com/a-/ALV-UjWQROJExaQ6TEWgyHhoDg33qpJ7u0Sn7l4CXFvH98nlN7cqqxeO,"Skrng saya bermain menggunakan Poco f6, jadi sudah tidak ada isu device lagi, tapi saya skrng mulai merasakan kejenuhan bermain genshin, terutama di storynya (Endgame dan gameplay battle ga terlalu masalah), saya mulai merasakan konsep cerita yg dipakai berulang-ulang dalam setiap archon quest, ending dari archon quest Natlan terasa seperti gabungan antara archon quest sumeru dan kebalikan dari archon quest inazuma, tolong jangan terlalu sering reuse konsep begini ya",4,0,5.3.0_29183395_29332470,2025-01-22 06:55:31,,,5.3.0_29183395_29332470
92f13c38-1bff-40aa-94d6-8ad87f7c8ddf,aldi harviansych,https://play-lh.googleusercontent.com/a/ACg8ocLann_dXF1pViWhxBIBTkIIMtlaHqpq-nEP6R5wEg1Al8J7Nw=mo,"Hey kamu hoyovers, kalau kasih banner yang ngotak dikitlah, masa kemarin ada abah ama nopal abis itu ada mavuika ama nenek citlali terus sekarang ada arle ama clorinde, yang bener aja, player f2p juga mau tapi gk ada primo uang juga kagak ada, jadi males",3,0,5.3.0_29183395_29332470,2025-01-22 06:51:43,,,5.3.0_29183395_29332470
c0c4862e-0ddc-4140-99dc-2e252eed8bf9,Jonas Marshawal,https://play-lh.googleusercontent.com/a-/ALV-UjU9grWXUCxizkPGsByn3q8ly0JtgvNXiFeetfSTGXAVJI-5bdxa,Mantap,5,0,5.3.0_29183395_29332470,2025-01-22 06:28:32,,,5.3.0_29183395_29332470
cbc24386-4521-4594-a4a8-9617a7560524,Wira Yudha Pratama,https://play-lh.googleusercontent.com/a-/ALV-UjUbQ0XLtpDYLlWjnPXL_vHDNjs1Teqrbu7i30Kx2m-Uu4NqEmuj,"When can Genshin Impact use a gamepad on Android devices? Please add this feature immediately, even though you can use a gamepad on iOS and PC.",5,0,5.3.0_29183395_29332470,2025-01-22 05:55:26,,,5.3.0_29183395_29332470
901ea2d6-c60d-421f-b128-2fd0fccd2ca8,Angelia Putri,https://play-lh.googleusercontent.com/a-/ALV-UjU-Hs5a58hKfwfBrNg2mExeOsBmvvffGp_7RpmdSpc6ztH_xk6oXw,"Ubur-ubur ikan lele bagus sekali leeee, ganyu wangi wangi 🥰",5,1,2.5.0_5517525_5674503,2025-01-22 05:45:53,,,2.5.0_5517525_5674503
5f77f65f-ac9e-4e96-91f3-99ce8158ae44,Yuyun Bws,https://play-lh.googleusercontent.com/a-/ALV-UjVr0u52FdKhZkknGcPgLKnVv3KodCwslmpI1nTOE3RwGO6Jf_c,"ngasi pity yg ngotak lah ajg, hard pity mulu game setan udah cari primo sulit. gak heran game busuk ini makin sepi",1,1,,2025-01-22 03:49:03,"Halo, Traveler! Traveler dapat melihat aturan sistem Wish di bagian [Rincian] pada halaman Wish. Jika kamu memiliki pertanyaan tentang perincian dari aturan tersebut, silakan hubungi tim Layanan Customer Support kami melalui feedback in-game atau melalui email.",2025-02-18 17:53:37,
132b1376-434b-4b4b-b199-a9b75c3aae55,Jihadillah Al Buba,https://play-lh.googleusercontent.com/a-/ALV-UjUBxldR92VKz4Wdfv9sKncI5YhhptDS43u5slqYOcCEOP3_bG7P,"Intinya ini game kikir, sistem gacha scam, dan seolah² player dibuat jadi budak game ini",1,0,5.3.0_29183395_29332470,2025-01-22 03:32:11,,,5.3.0_29183395_29332470
5442d363-80a8-47b8-9002-3160be0c09e7,dito bagus,https://play-lh.googleusercontent.com/a/ACg8ocJD3o4lpyclaiFzNG4Z6w4U5hlkzBmBqX3wtRqWY94OGzhzXg=mo,Game nya terlalu slow Quality of life buat explore minim,1,1,,2025-01-22 01:25:47,"Terima kasih atas dukungan Traveler terhadap Genshin Impact. Kami menerima secara terbuka semua masukan/umpan balik dari kalian. Jika Traveler memiliki saran atau masukan, jangan ragu untuk menghubungi kami melalui feedback in-game atau email.a",2025-02-18 17:52:31,
d8b3fd71-7b2b-46a2-baf9-98e3766059d7,nawan IDN,https://play-lh.googleusercontent.com/a/ACg8ocJwmJJvKEpoqgfx_tFlaW5xtkDqgxlMBFgs19Be7tE4QlbYrQ=mo,tolkon,1,0,,2025-01-22 01:22:28,"Terima kasih atas dukungan Anda terhadap Genshin Impact, Traveler! Kalau Anda mengalami kesulitan apa pun yang berhubungan dengan Genshin Impact, silakan hubungi kami melalui email atau feedback in-game untuk mendapatkan bantuan.",2025-02-18 17:37:11,
bfb7a907-a024-4b4b-9187-e5272e014cd0,Dandi Nugraha,https://play-lh.googleusercontent.com/a-/ALV-UjUKyO0fjtn3vuQQIn52gG_rgHRsxuao4aqtRdyLSE1zYo5Ur4wk,"Kenapa story nya balikan lagi dari awal mulu gabisa di save apa udah jauh2 balikan lg ke awal, gaada fitur skip story lagi mana story nya ngantuk bosenin, gacha nya kudu aja mentog pity mulu kikir emng, koneksi ga stabil terputus mulu dari server balikan lagi terus aja begitu tod lah, event gitu2 doang, hadiahnya lawak pula wkwk",1,4,5.3.0_29183395_29332470,2025-01-22 00:18:48,,,5.3.0_29183395_29332470
35e2dce3-9a01-4a0d-828a-724415605e76,Hilal,https://play-lh.googleusercontent.com/a-/ALV-UjX6bXBEdL4zvdCRWKquRC5oETdnW1rFSz0TDy1AXChCSwf-J8g,"Support Controller di android kapan k4mpret. Sumpah ini game bangs4at banget, Yapping panjang banget, ceritanya membosankan dan GA ADA FITUR SKIP STORY!!!",1,3,5.3.0_29183395_29332470,2025-01-22 00:04:02,,,5.3.0_29183395_29332470
11e00004-b74b-4183-b3d1-17ad86b698f2,Yudi Jerry,https://play-lh.googleusercontent.com/a/ACg8ocLpzVtdbEJ-JfLE3_CwYDO_GkCnCnatf9GKV_HZN1b8Vj2bpA=mo,Gacha nya ampas giliran emas dapet diluck,1,0,5.3.0_29183395_29332470,2025-01-21 23:43:47,"Halo, Traveler! Traveler dapat melihat aturan sistem Wish di bagian [Rincian] pada halaman Wish. Jika kamu memiliki pertanyaan tentang perincian dari aturan tersebut, silakan hubungi tim Layanan Customer Support kami melalui feedback in-game atau melalui email.",2025-02-18 17:30:47,5.3.0_29183395_29332470
a69ada4e-44c4-454c-baa4-b9d061812c1f,Muthadi Amal,https://play-lh.googleusercontent.com/a/ACg8ocLXd5lMQEFSBT93db1CMo46lFZ8y1htwrCb47kXNNNlBVrKxQ=mo,Seru,5,0,,2025-01-21 22:44:32,,,
76dab2a0-2154-4d85-9d54-45be35b191da,Tito Putra,https://play-lh.googleusercontent.com/a-/ALV-UjWrU3XgzF62ufIvOrLBA10DVV5VYZwxWr8h3oADS7fI65acUzuy,Terimakasih kikir impact,5,0,5.3.0_29183395_29332470,2025-01-21 22:29:53,,,5.3.0_29183395_29332470
b0c97251-fe8c-49c0-a574-9cbb6294ecb3,Raihan Majid,https://play-lh.googleusercontent.com/a-/ALV-UjWx1WyGE8BD3q6ogWcKvW6AXXXECSeawHJzxkiADmIIHK-icYQ,"Aku pengen download tapi GK bisa karena tidak kompatibel,kenapa ya' hoyo kok tega kali kyk gitu,harus di bataskan juga😥😓😭",3,0,5.1.0_27118081_27297621,2025-01-21 22:07:47,,,5.1.0_27118081_27297621
04afa0ec-e063-44a4-8221-4cf48ce4b602,グントロセフ,https://play-lh.googleusercontent.com/a-/ALV-UjUWajqs2hajzhBKuvHvLbEtKljXlZCHKhtkU8mtrG85gER5Qbsx,Game Pelit,1,3,4.6.0_22174900_22378599,2025-01-21 21:45:23,"Terima kasih atas dukungan Anda terhadap Genshin Impact, Traveler! Kalau Anda mengalami kesulitan apa pun yang berhubungan dengan Genshin Impact, silakan hubungi kami melalui email atau feedback in-game untuk mendapatkan bantuan.",2025-02-18 17:36:51,4.6.0_22174900_22378599
26a66b29-9c71-4bec-929c-c281047fe6fc,Rafi Nofriyanto,https://play-lh.googleusercontent.com/a-/ALV-UjVVsT2YqenH6CcNhsbpA2zNuGCmsjSRlE7ByfMZ1y2VXrPWioo,ntaps,5,0,5.3.0_29183395_29332470,2025-01-21 21:41:03,,,5.3.0_29183395_29332470
2e532945-58b2-458c-8781-8945664305b8,Rea Reo Gaming,https://play-lh.googleusercontent.com/a-/ALV-UjXMOVCLjLyeunSAFoo7H5ra4VkI7KpQepp6ZSeXABMmERz1gTXG,Not worth it for free player,1,0,5.3.0_29183395_29332470,2025-01-21 21:36:25,"Thank you for supporting Genshin Impact, Traveler! If you have any issues with your game experience, please send us an email or contact Customer Service for help via in-game feedback.",2025-02-18 17:30:31,5.3.0_29183395_29332470
c20a4356-a11b-425c-8f59-43f7df58ecdf,Nekopendi,https://play-lh.googleusercontent.com/a-/ALV-UjW-n-bx3he9G4MV2V5hy3ijmehAaBXmAuIkhRrb_9rVOeXL-z8wuA,"Terimakasih Genshin, pengalaman bermain ku sangat luar biasa.",5,0,5.3.0_29183395_29332470,2025-01-21 21:23:22,,,5.3.0_29183395_29332470
1906036c-7896-40a2-90dc-c329b5c6c180,NullifyVann,https://play-lh.googleusercontent.com/a-/ALV-UjVVnhV8t5YGNchBFbOkbr-JJ4ZEdRKcqEymZ89ks8rAFEvjcas1,"Gameplay yg bagus, easter eggs ny lumayan",5,0,5.3.0_29183395_29332470,2025-01-21 21:03:36,,,5.3.0_29183395_29332470
9452a0c2-8266-49d2-b1cb-17b26a129c9d,Danang Febrianto,https://play-lh.googleusercontent.com/a-/ALV-UjWWr2RBIzERaMNKDuIn6cOkXJxvhjNicH8Uq8JOj21k6XfO6w,"Game bagus grafik hd jalan cerita seru karakter juga bagus bagus apalagi story karakter nya, tapi tolong dong masalah jaringan nya ini setiap login tulisan jaringan error mulu, padahal scroll tiktok, YouTube lancar lancar aja, tolong perbaiki lagi bug pas login nya, tolong dong ini kenapa si setiap login mengomplilasi shaders terus, setiap. Login loh, kan gajelas banget, bug apa gimana",3,4,5.3.0_29183395_29332470,2025-01-21 19:55:01,,,5.3.0_29183395_29332470
2372279b-91ee-4611-9fbf-ef903b31eb3a,Layrain 19,https://play-lh.googleusercontent.com/a-/ALV-UjWQ_8Ouopf8Aij03WAPYuEJB_7LiKjkYfcMbJHIjbZlPyj9l6dg,"Ceritanya menarik, gameplay nya juga seru, cuman tolong dong developer Bikin story nya bisa di skip terutama pas quest"" Gitu, dan gacha nya juga dipermudah",4,0,5.3.0_29183395_29332470,2025-01-21 19:41:39,,,5.3.0_29183395_29332470
a47fc31a-2f10-409a-a4c4-4bf333415228,Patrick Nathanael,https://play-lh.googleusercontent.com/a-/ALV-UjUuyqu39aSZlzpFLBCfKHqHcnCp9xKzx-zRckIyj5OksTItsBk,game baik🥰🥰🥰🥰🥰 (tapi boong),5,0,5.3.0_29183395_29332470,2025-01-21 19:36:34,,,5.3.0_29183395_29332470
696eadaa-84d3-433c-a777-f97253161198,bbm ae,https://play-lh.googleusercontent.com/a-/ALV-UjVQOLCh9uyWXA99cyAF3IQfK_Z7WTymgdK3P6UF4DO1GZ2OHAZP,"alur cerita gak bisa di skip kadang yang ingini main pun mles quest karna terlalu panjang, berasa baca komik. kita bukan untuk baca komik tapi untuk bermain game.",1,0,,2025-01-21 19:05:39,"Terima kasih atas dukungan Traveler terhadap Genshin Impact. Kami menerima secara terbuka semua masukan/umpan balik dari kalian. Jika Traveler memiliki saran atau masukan, jangan ragu untuk menghubungi kami melalui feedback in-game atau email.a",2025-02-18 17:51:14,
f0dcc4ab-89e9-416b-8fa5-a643ccec92c9,Ridho Alif,https://play-lh.googleusercontent.com/a-/ALV-UjXzz5-W-wMcpARQjCOUcz9jWpXjYg81NcItfdvliZPzLBVGySH2Tw,"Ntaps hoyo, kali ini kau tidak mengecewakan, sesauai janji kalo dapet Crimson moon bintang 5 untukmu",5,0,5.3.0_29183395_29332470,2025-01-21 18:49:46,,,5.3.0_29183395_29332470
85a88599-508b-4827-88b9-140215951b75,Ryan sutiawan,https://play-lh.googleusercontent.com/a-/ALV-UjXoBUYAs_Dt_oHFh9kzft2EobdRCso5kJexXxzDa12umgZ7WWux,Ini seperti Game judi karakter. Bahkan dengan uang nyata.,1,4,5.3.0_29183395_29332470,2025-01-21 18:48:44,,,5.3.0_29183395_29332470
bf849d7c-206e-493d-a394-9063c1c0a455,Nabil Naufal,https://play-lh.googleusercontent.com/a/ACg8ocL7VzA9v2W3PZaFErLKa7EO6hAoRNxTAbSnfe21p2mIPbXuTGs=mo,"Saya main genshin awal tahun 2021 an, dan saya nyaman Banget Gamenya baik, saya menang rate off udah 7kali wkwk terimakasih hoyoverse, gak kerasa bentar lagi mau ke region snezhnaya, semoga untuk next region, bansos mulai diperbanyak, dan untuk ukuran size gamenya kalo bisa jangan terlalu membengkak, nanti para tabibito/traveler pada gak bisa main, storynya juga lumayan bagus karena saya player kasual, sekian dari saya #enjoythegame👍",5,6,5.3.0_29183395_29332470,2025-01-21 18:35:15,,,5.3.0_29183395_29332470
9884b4d5-493e-425d-bd30-39e59214678f,My.B.EixRiev.,https://play-lh.googleusercontent.com/a-/ALV-UjX1bAP_wNBnmruH_0csPfmasDfdOUXyM94VPfcHCPhtJaFuXiFV,KALAH RATE OFF MULU KNTL! BENCI BGT SAMA AKUN GW YAK?! DARI JAMANNYA GW MAEN KAGA PERNAH MENANG RATE OFF KNTL. KEHOKIAN GW GAK SEGITU AMPASNYA!! 50/50?! BULLSH*T AF. 90/10 YANG BENER.,5,0,5.3.0_29183395_29332470,2025-01-21 18:11:58,,,5.3.0_29183395_29332470
6b5be547-aa93-4bc5-ad7c-645c1253ba14,Puspa Srivaganza,https://play-lh.googleusercontent.com/a/ACg8ocIMn6odnMuiHZDjfrvulR0-yMupXic-mRwzNQ88o0PyNcn2QQ=mo,pliss kalo kalah rate off jangan diluc mulu,5,0,5.3.0_29183395_29332470,2025-01-21 18:11:29,,,5.3.0_29183395_29332470
61a6235f-e088-4ddb-8e7a-ad278c36e8ff,yahya pramudya,https://play-lh.googleusercontent.com/a-/ALV-UjVs1HgRgA_kRwa2Yv-VRPROpiltC_z16gnHkky4_hXlipBNAkT-,Buruk,1,0,5.3.0_29183395_29332470,2025-01-21 18:04:09,"Terima kasih atas dukungan Anda terhadap Genshin Impact, Traveler! Kalau Anda mengalami kesulitan apa pun yang berhubungan dengan Genshin Impact, silakan hubungi kami melalui email atau feedback in-game untuk mendapatkan bantuan.",2025-02-18 17:31:40,5.3.0_29183395_29332470
9029cca4-2590-4451-be1c-149d46116943,Agus Fadilah,https://play-lh.googleusercontent.com/a/ACg8ocKiGNPxh8vFUaLoxbNhoES_SA2aSpPkojihjzD-XO25WNfNjw=mo,semoga lebih banyak hadiah gratis,5,0,5.3.0_29183395_29332470,2025-01-21 18:00:06,,,5.3.0_29183395_29332470
f9def7bf-4de6-470f-8159-68b4c4b4068c,Rizky Fadiyant,https://play-lh.googleusercontent.com/a-/ALV-UjVXpTof-G97wlROoZU2ppRRCN-_ps24LM61LEf7NwYuYLURlFRs,"Semuanya sudah bagus dari story, design character serta animasi skill nya cukup bagus. Untuk puzzlenya lumayan bikin candu sih good deh buat hoyo👌🏻",5,3,5.3.0_29183395_29332470,2025-01-21 17:47:27,,,5.3.0_29183395_29332470
75ad0f18-2e8e-48b1-b38f-3cec6983403f,Rahmad Suntoro,https://play-lh.googleusercontent.com/a-/ALV-UjV-yxwL2405u1KPXRo8p9p2Ek690J0Cz9SoZwulXqqUwHu1GpQVxw,"Kikir bet kntl, ngequest berjam-jam dengerin yapping gk guna cuma dpt 60 primo? Minimal kasih fitur skip dialog lah ini kgk, cuma liat npc bisu ngomong di quest kgk bisa di skip tolol, gw ngomong kek gini karna dah muak dari dlu kgk ada perubahan",1,8,5.3.0_29183395_29332470,2025-01-21 17:35:04,"Terima kasih atas dukungan Traveler terhadap Genshin Impact. Kami menerima secara terbuka semua masukan/umpan balik dari kalian. Jika Traveler memiliki saran atau masukan, jangan ragu untuk menghubungi kami melalui feedback in-game atau email.",2025-02-18 17:38:17,5.3.0_29183395_29332470
7985a60b-6538-441e-865b-47a35a6573ae,Irjulisaputra,https://play-lh.googleusercontent.com/a-/ALV-UjWfKdSJE68EE8nDWjeQThzUwUwlNWer--bF9ktcfSJ29DuIrBU,Iklannya yang di PlayStore sangat mengganggu,1,0,,2025-01-21 17:32:54,"Kami mohon maaf atas permasalahan ini, Traveler. Silakan hubungi kami melalui email atau feedback in-game untuk mendapatkan bantuan lebih lanjut tentang masalah ini.",2025-02-18 17:40:21,
dd972194-4731-40ad-820c-d3d28f1e2fbd,arga levio,https://play-lh.googleusercontent.com/a-/ALV-UjWCWMn-yDhKVfc5lBC4EjFYaVSaACTLjQ1BPUIelUwnrBy5Jcc,"pelit wu, gr' elu cweku nangis xiao ga pulang",1,0,,2025-01-21 17:32:16,"Halo, Traveler! Traveler dapat melihat aturan sistem Wish di bagian [Rincian] pada halaman Wish. Jika kamu memiliki pertanyaan tentang perincian dari aturan tersebut, silakan hubungi tim Layanan Customer Support kami melalui feedback in-game atau melalui email.",2025-02-18 17:45:49,
f39a92d4-ee83-4119-b196-567282dfcecc,Rendy Surya Saputra,https://play-lh.googleusercontent.com/a-/ALV-UjUDDHKb0qzO-VVJZFQSd7CaamjM8WeBu_2JcKhLF2qO6kuNQas,"Untuk event, terlalu banyak dialog tidak penting. Tidak dapat di skip, membuat males bermain. Bahkan saya hanya memencat space di keyboard saya. Tolong, kurangi dialog tidak penting di event yang tidak berhubungan dengan karkater playable. Kenapa tiba tiba double banner character baru?",1,106,5.3.0_29183395_29332470,2025-01-21 17:25:57,"Terima kasih atas dukungan Traveler terhadap Genshin Impact. Kami menerima secara terbuka semua masukan/umpan balik dari kalian. Jika Traveler memiliki saran atau masukan, jangan ragu untuk menghubungi kami melalui feedback in-game atau email.a",2025-02-18 17:51:02,5.3.0_29183395_29332470
fd50cae9-611a-48a5-a2c4-ae82b25c669e,Wdyjee _,https://play-lh.googleusercontent.com/a/ACg8ocIEhmka0Mn6rEN5yPI4oF-ddBKAgUz4sLXqvTXo26IWVmWLGg=mo,game ini bagus banget tapi disini akun mudah banget buat di hack atau ilang,3,0,,2025-01-21 17:02:40,,,
90dbae2a-41b8-4ae9-be8e-6b3229ac54f1,Fuanling khayyirah Hamzah,https://play-lh.googleusercontent.com/a/ACg8ocLhlAj9F4Py1fdctVNIQzlR5XXU7G4tZ5DGeb04_5kcyBY9mA=mo,Ini game kenapa dah pas buka apk lain lancar pas buka ini game ngeleg sering terputus dari jaringan,5,15,5.3.0_29183395_29332470,2025-01-21 17:00:45,,,5.3.0_29183395_29332470
d1b70f29-6abc-48e2-9aad-9e8b640e1571,Ichiro Neichiro,https://play-lh.googleusercontent.com/a/ACg8ocLajGJNPlC4yj1gKmEcBmagjr2zE75L6CKEeATYFD0fuNYjRA=mo,seru banget sama geme ini tapi waktu aku mau gacha karakter itu pelit banget udah capek-capek ngumpulin/topup Primo eh malah dapet yang ga sesuai!,4,0,,2025-01-21 16:43:39,,,
c4682181-6323-4cfa-916f-fe68551415bb,Yoan Daime,https://play-lh.googleusercontent.com/a/ACg8ocIQk2x9IZAImv0-rkCLbP3Pb8oDTLP0spFj83x6YKaeUw8oPg=mo,Baru Coba Sihh.....blom tau Bagus dan tdak nyaa,3,0,1.0.0,2025-01-21 16:29:08,,,1.0.0
0682814b-8950-4a79-aeac-2787a76d61e4,labuda Bocil,https://play-lh.googleusercontent.com/a/ACg8ocJU941RfWl6p4PZDr4RzYzg9xWZN3UVhdhrxpnAb1z1k99J9w=mo,kont,1,0,4.6.0_22174900_22378599,2025-01-21 14:50:02,"Terima kasih atas dukungan Anda terhadap Genshin Impact, Traveler! Kalau Anda mengalami kesulitan apa pun yang berhubungan dengan Genshin Impact, silakan hubungi kami melalui email atau feedback in-game untuk mendapatkan bantuan.",2025-02-18 17:38:59,4.6.0_22174900_22378599
435a73d9-59fc-401d-a99b-8eb03cebae94,Muhammad Fijusda,https://play-lh.googleusercontent.com/a-/ALV-UjVrqZZSmqtaiti1XXLE5K42V6tXjfavQOtq5-Y2f8LNRiNdT1Nu,Inti dari game ini top up sebanyak2nya.g ada karakter bawaan smpe gampang menang...mw upgrade senjata dan artefak percuma.misi d buat susah.intinya player d kuras habis uangnya....liat aj streamer mainnya g ada karakter bawaan.semuanya top up.intinya player harus d kuras habis uangnya.Fix auto uninstall.ada sistem gatcha fix semi judi..(Tipe game pay to win)(Game penguras uang kalo mau menang),1,3,4.2.1_18831865_18963989,2025-01-21 14:36:52,,,4.2.1_18831865_18963989
14a558e8-15a1-48a4-9c07-ffc75d3e8a74,ARFA ANUGERAH,https://play-lh.googleusercontent.com/a/ACg8ocKETWmMYA9FWIR4eW24S8DI7Tm6gccJD83X5l7VXYpH1RFx-Q=mo,Sistem gachanya tolong di perbaiki scam,1,0,5.3.0_29183395_29332470,2025-01-21 14:25:04,,,5.3.0_29183395_29332470
55337364-e64a-4f8f-b7ce-e689628e14d6,zullnay zuu,https://play-lh.googleusercontent.com/a/ACg8ocKkzqTWkGi8fLluGbj2u4KauM4Z2NB87VQ-t6RffYs7R9AJ=mo,Bagus,5,0,5.3.0_29183395_29332470,2025-01-21 14:08:52,,,5.3.0_29183395_29332470
6ce806aa-d610-48b2-823c-6850813c6fbf,09_Enggar Damatwulan,https://play-lh.googleusercontent.com/a/ACg8ocJjJuekg2RZwoHtOCi1Ku4JXvbETNQXV51Osu19sTJpqjSeUg=mo,"Yang bener aja ni, sistem gachanya berat bangett...",3,0,5.3.0_29183395_29332470,2025-01-21 13:41:22,,,5.3.0_29183395_29332470
0ce1968a-f88c-4b0d-8d2c-51d9ef3b5672,Sora,https://play-lh.googleusercontent.com/a/ACg8ocL-8e1aTsPWrGggcZTZAH69bf-vU2XoxAUR7X5z22--rdjq4A=mo,Kapan akun gw kehapus lama amat tunggu 30 hari segala cepetlah prosesnya 1 hari atau 1 minggu akun langsung di hapus,1,0,,2025-01-21 12:37:14,Mohon maaf sebesar-besarnya atas terganggunya pengalaman bermain Traveler. Silakan hubungi Layanan Pelanggan kami melalui email untuk mendapatkan bantuan terperinci mengenai masalah ini.,2025-02-18 17:49:13,
9bf62261-7446-42c1-99e7-f0e7a4e5a30b,Hp barunya mama Hehe,https://play-lh.googleusercontent.com/a/ACg8ocKNjsedkf1SyfQVf2WEZXljK90SdOuXYzxk_iUkY-C4P0pJQw=mo,"Grafiknya ringankan dong,tapi masih bisa kelihatan HD",5,0,5.3.0_29183395_29332470,2025-01-21 12:16:36,,,5.3.0_29183395_29332470
1ab7232f-c95c-48cc-8844-abc8d10ac40f,Manusia Tamfan,https://play-lh.googleusercontent.com/a-/ALV-UjWBrIMJ0qvc9ribssZ3Wk3ZL9VDs8TOZOdOGNIS85WCPvY0Ilk,Simpel aja sistem gachanya kaya peli,1,0,5.3.0_29183395_29332470,2025-01-21 12:13:15,"Halo, Traveler! Traveler dapat melihat aturan sistem Wish di bagian [Rincian] pada halaman Wish. Jika kamu memiliki pertanyaan tentang perincian dari aturan tersebut, silakan hubungi tim Layanan Customer Support kami melalui feedback in-game atau melalui email.",2025-02-18 17:43:14,5.3.0_29183395_29332470
29584f31-9e33-421f-9475-0652252f08c9,Hiro,https://play-lh.googleusercontent.com/a-/ALV-UjUsvUHCr0l7jHeyHTBfNGOJvZn82V2iS2mEqRhESelGYVaMsyrm,Banjingan malah di dpt Jean PT 70 kikir bat gk ada tu tanda² mavuika,1,0,,2025-01-21 11:56:27,,,
ee909f38-d10b-4bb1-99f2-f1efb0caa3e5,Made Suarnadi,https://play-lh.googleusercontent.com/a/ACg8ocJdj0FyRWwOFvWkUqsnVqR9bEKPVjYe1IMxWSDLwppo7Qvrrw=mo,"Saya benar-benar kecewa dengan GI. Setelah semua usaha yang saya lakukan untuk bisa dapetin citlali mulai dari explore, selesain semua story quest main berjam-jam untuk ngumpulin primo hanya untuk dikecewakan setelah 78 pull malah dapet jean. Saya benar-benar kecewa pada anda mr. Dawai",1,1,5.3.0_29183395_29332470,2025-01-21 11:21:55,"Halo, Traveler! Traveler dapat melihat aturan sistem Wish di bagian [Rincian] pada halaman Wish. Jika kamu memiliki pertanyaan tentang perincian dari aturan tersebut, silakan hubungi tim Layanan Customer Support kami melalui feedback in-game atau melalui email.",2025-02-18 17:48:46,5.3.0_29183395_29332470
bfaa5c50-77ba-429a-919b-b4822ddc0435,Putra Saputra,https://play-lh.googleusercontent.com/a/ACg8ocIQj0CAtlB3P8gQa-YrA12hEDf2isyxJtBEFelZHvQllEAhWw=mo,Ada venti cantik wangi wangi 🥰🥰🥰🥰🥰🥰🥰🥰🥰🥰🥰🥰🥰🥰🥰🥰🥰🥰🥰,5,0,,2025-01-21 10:18:20,,,
5a05593a-abeb-424b-a24e-ee05b69da61e,Chimpact 91,https://play-lh.googleusercontent.com/a/ACg8ocKZcyEEldffttF_Raf8mAlqxzL37XhvDOyXwwtJqVdnvm_STg=mo,Many why i can't change my email?,1,0,4.1.0_18054760_18121248,2025-01-21 09:20:33,,,4.1.0_18054760_18121248
b0f3ec31-e6e0-4857-bcd7-f53606d7a1cd,Hermi Wati,https://play-lh.googleusercontent.com/a/ACg8ocIxgfAtNLXTxdQhgVarveLTFhHfPo_-bXGS9RWG3-44_K-ZiA=mo,Game nya oke dari grafik.skin Dan lain-lain tapi tolong bug nya dihapus saya tiba-tiba ngestak,5,0,,2025-01-21 08:51:51,,,
2472c78e-cecc-4d56-82c8-4ce3f0ab8414,21 2 061 Rezza Adidinata,https://play-lh.googleusercontent.com/a-/ALV-UjWP9YIfIg-_eHzFJaT9XZ26OMWD9fa4iWKjFJ6v95FRem8qZv7L,LOVE YOU HOYOVERSE.... Praying For You 🕯️ O Great Hoyoverse ♥️,5,0,5.3.0_29183395_29332470,2025-01-21 08:37:46,,,5.3.0_29183395_29332470
37755459-bfb5-4767-9143-32270c5907f1,Ayub Sandi,https://play-lh.googleusercontent.com/a-/ALV-UjVglUkzmQ1kvGVSj7VZQGP2oOhvG7UsKCyGe9r_ZjYj64GMzHg,Mantap lah grafik nya,5,0,5.3.0_29183395_29332470,2025-01-21 07:59:26,,,5.3.0_29183395_29332470
f9d47e20-c9fa-4bac-8fdb-8b8981750caa,Wisnu,https://play-lh.googleusercontent.com/a-/ALV-UjV0Tc9FA2W2P59iTBg1xHlp5vaJ-Bh2PCAOxoETVef1m_WDf14tHg,yahaha ketauan tuh sistem gacha nya sistem judi,1,0,,2025-01-21 07:40:49,,,
0e99690c-0385-4a8c-a284-e325dc9761b5,Muhammad Fadli Surianto,https://play-lh.googleusercontent.com/a-/ALV-UjUJWovU6vc-NgiLAKj-zacI-ARI-_ZJF9tb_cSP298Vbik5fWoF,Permainan Story Yang Pernah Saya Maini Teruskan Hoyo!,5,0,5.3.0_29183395_29332470,2025-01-21 06:56:10,,,5.3.0_29183395_29332470
ccf6f5d8-f92a-4aa8-abd0-dc216bd57526,Naruto Uzumaki,https://play-lh.googleusercontent.com/a-/ALV-UjX3s8poHFp-C5JFU2gBjbiV1W07L8JIs9YW3P6IJMXfVKZ8ngnk,Tolong ringanin mengompilasi shader di hp kentang lah please,5,0,5.3.0_29183395_29332470,2025-01-21 05:29:11,,,5.3.0_29183395_29332470
981e79cf-518f-4fa2-8d92-9da6c7a570c4,Aldi winata,https://play-lh.googleusercontent.com/a-/ALV-UjUv5lqHA2n39bLuVBPOf4Yfh33-i_XBqcjaL04rDhTc-8wdYWkZ,Semoga akun genshin impact saya 47017040 diberi ke BERUNTUNGAN,5,0,5.3.0_29183395_29332470,2025-01-21 03:25:50,,,5.3.0_29183395_29332470
054a84b3-9b02-4e00-9764-3a58cb6011c9,Ryzeh,https://play-lh.googleusercontent.com/a-/ALV-UjUMiODRhXXiehGwSxrAtkKYsy5OPBKIl0qi9JevGd3dU5JM78rR,Bikin boss yg balance lah masa iya musuh ketergantungan char natlan doank,1,0,5.3.0_29183395_29332470,2025-01-21 00:08:03,"Terima kasih atas dukungan Traveler terhadap Genshin Impact. Kami menerima secara terbuka semua masukan/umpan balik dari kalian. Jika Traveler memiliki saran atau masukan, jangan ragu untuk menghubungi kami melalui feedback in-game atau email.a",2025-02-18 17:48:30,5.3.0_29183395_29332470
1b89bb4a-1314-4bac-864e-aa8d5b79ddf2,Rover Cihuy,https://play-lh.googleusercontent.com/a-/ALV-UjWf3LlHRhg0pXhXQ-TRoakDRKsY8jNAEQCrBP4luJ3pxplfrxQ,"Naikin Bansosnya lagi, banyakin lagi endgame kontentnya, dan buat event nya semakin variatif, banyak dan gak ngebosenin. Itu itu aja terus, udah sistem gacha nya yang nguras tenaga buat eksploras sana sini. Giliran di pull, malah dapet zonk.",1,0,,2025-01-20 23:43:26,"Terima kasih atas dukungan Traveler terhadap Genshin Impact. Kami menerima secara terbuka semua masukan/umpan balik dari kalian. Jika Traveler memiliki saran atau masukan, jangan ragu untuk menghubungi kami melalui feedback in-game atau email.a",2025-02-18 17:48:20,
4d979845-e333-4df6-bea7-ca581a1afe21,anjay,https://play-lh.googleusercontent.com/a/ACg8ocIA_eYN9YhimpTy9suhHosgY3Y1vNy5AqvWtDPKBhxAUy2L7w=mo,pensi genshin karena fokus game sebelah yang udah support gamepad,1,0,,2025-01-20 23:05:55,"Terima kasih atas dukungan Anda terhadap Genshin Impact, Traveler! Kalau Anda mengalami kesulitan apa pun yang berhubungan dengan Genshin Impact, silakan hubungi kami melalui email atau feedback in-game untuk mendapatkan bantuan.",2025-02-18 17:47:19,
ff9de452-e5c9-4a32-83b7-1fadf2adf16c,inuyy `,https://play-lh.googleusercontent.com/a-/ALV-UjVgELCybBaw-Hc6YLZGlNzDmC3icqQXmo8kBobtFsMTnx_7Okuq,"game yang bagus banget, rekomen bet dah",5,0,,2025-01-20 22:42:14,,,
6d75b27d-1038-4140-ba17-6487cd3e4d4a,Dince Sinolang,https://play-lh.googleusercontent.com/a/ACg8ocKwjiR-6Nhgamw3Gja2kT5px8mcErGK-Uw2abdR-T0n6zdjAg=mo,Mau nanyak ini suport 4gb gak 😁😁,5,0,,2025-01-20 21:45:20,,,
e69340e0-abce-4be4-8245-080a39a4fb92,Azriel Atha Syahputra,https://play-lh.googleusercontent.com/a/ACg8ocKXN6LzkFCk7aLRm2U1oBgt8uJH6jPAGblp53pS3vPBY_9fkg=mo,Ok,5,0,5.3.0_29183395_29332470,2025-01-20 20:43:31,,,5.3.0_29183395_29332470
3912b852-ebae-4ae7-9776-3b5f2975e2a4,Chandra Dwigunawan,https://play-lh.googleusercontent.com/a/ACg8ocIJ-zK39h9DJxeVGSz8Z8xxvR-Q4frCKeMFylT_OZt1mI6RCw=mo,Yang bener aja lah kalah Mulu gua gacha Hero oy!!!,4,0,5.3.0_29183395_29332470,2025-01-20 20:09:22,,,5.3.0_29183395_29332470
c4848f75-fe57-4df1-b500-e46975ff0a55,Amsyar Reyjun Putra Nirwasita,https://play-lh.googleusercontent.com/a-/ALV-UjXTr6MAhXjppur90VJxZ50QVxKRh5VuxRue2eSLegHWTdEmnUQV,Woi hoyo kenapa aku selalu kalah rate off hah hard pity pula tu,3,0,4.5.0_21307647_21321795,2025-01-20 20:00:30,,,4.5.0_21307647_21321795
61608af1-0753-4e04-a178-00a13264aa4e,BROTHERS ALDO,https://play-lh.googleusercontent.com/a/ACg8ocLC7pW0gsDKk1y_oV-j3bYkXSdS2dyNzFKSUPs_WNoS6FVbxQ=mo,Game keren,5,0,5.3.0_29183395_29332470,2025-01-20 19:17:23,,,5.3.0_29183395_29332470
861cb581-9bf8-4266-8cd1-e15d8d4f8422,LmaoXD,https://play-lh.googleusercontent.com/a-/ALV-UjVp1-Pl-S-e_tkKeYsUNW6U4IH_GYcOzry7Bo_yxhxzYD03J3UO,"Overall udh perfect,animasi bagus,grafik bagus,cerita bagus,desain karakter bagus kekurangannya cuma animasi npc & model npc",5,2,5.3.0_29183395_29332470,2025-01-20 19:03:47,,,5.3.0_29183395_29332470
e4a09304-420c-4f0d-9268-535f5f4ad9fd,fakhri jouhari,https://play-lh.googleusercontent.com/a-/ALV-UjV3QkHMGmoDvXczAmVou3boJcXkjGZazHFiDVbhj6zOo5K3KpXc,Josss,5,0,5.3.0_29183395_29332470,2025-01-20 19:03:36,,,5.3.0_29183395_29332470
d00d9e06-6320-4e8f-8d5d-68ee30fe4c3c,Akbar,https://play-lh.googleusercontent.com/a/ACg8ocLgfj4zw4-2Iz5spBNCpDhr97JwVIAe8tO1EwzHAngxtdOuhw=mo,Bintang 5 karna bansos,5,0,,2025-01-20 18:36:06,,,
4d01b042-89ea-42f3-8f01-3b7263e8062a,Fans Gita,https://play-lh.googleusercontent.com/a-/ALV-UjVL_lvW1ZKSbqlStkqGrjhhwawWiL2h4EZ_QFyHzmqMxoff8jN6,"Bisa kali resin full nya di buat 300, dan per satu resin jadi 6 sampai 7 menit, kalau 8 menit terlalu lama😌",5,0,5.3.0_29183395_29332470,2025-01-20 17:53:10,,,5.3.0_29183395_29332470
55a6f099-0a92-4f28-8359-8c71ac113148,Rashya Adinata Utomo,https://play-lh.googleusercontent.com/a/ACg8ocKiDzGVqcB-iLKgcTRVfZeuiDXkyPlaC7dr5C1QNEECx7FXZQ=mo,Seru tapi bisakah kalian lebih sering memberi spin gratis untuk orng free to play,5,0,,2025-01-20 17:34:30,,,
ee149c81-7a52-4c4b-90cc-278c378f87ef,sakura can KDK,https://play-lh.googleusercontent.com/a-/ALV-UjXMIodQXAy9DtC3ZMoQ-KnMXj8xX005Vb9d5n6OzAZXnH3r68MI,Genshin we need male character!!,5,0,5.3.0_29183395_29332470,2025-01-20 17:18:29,,,5.3.0_29183395_29332470
694d2622-cd4b-4e4a-bc8c-9e6844ec7e4b,Bestari Nata,https://play-lh.googleusercontent.com/a-/ALV-UjVsehhjNS9l_wPvUSeczTvWpqDkeQbplWEskZr2eC7H5Vdqo-k3wg,Love this game tomatt 🍅🍅,5,0,5.3.0_29183395_29332470,2025-01-20 17:08:46,,,5.3.0_29183395_29332470
90e9d179-1f0e-4c26-8726-6d24eeb825cb,Ahmad Nurwahid,https://play-lh.googleusercontent.com/a-/ALV-UjWgR6jNmSQgUecfigV-IO5DudsWg5H61--hgzPs05GxU-3Jux8qzw,"Best game ever., but dinatlan ini, aga kecewa, dengan model karakter yg tidak sesuai dengan tema nya",5,1,5.3.0_29183395_29332470,2025-01-20 15:59:09,,,5.3.0_29183395_29332470
e4585868-272e-445d-afc3-380a50eb444c,Jojo,https://play-lh.googleusercontent.com/a-/ALV-UjVsslKl7tiIa7OcdXFzbYt0CEc3STBAJysOXxwhZDrHUEQ_J6k,game nya seru banget tapi y agak malez juga sih maennya rasanya kayak begitu begitu aja terus tapiii lumayan lah,4,0,5.3.0_29183395_29332470,2025-01-20 15:48:15,,,5.3.0_29183395_29332470
7534738a-abad-4eb9-a598-75684cf61d36,FarALeL,https://play-lh.googleusercontent.com/a-/ALV-UjVWNnsCTSSLhpfQD9Gd5UL4RlFnIE8XAysceJ3iK3njhcfh8rkR,Sebenarnya aku bisasih log in nya tapi waktu loading malah lama banget padahal koneksi ku normal dan sekarang hp ku banyak memorinya tapi kenapa waktu log in baik tapi waktu loading aneh karna lama banget semoga loading nanti jadi cepet ya😀,1,0,,2025-01-20 15:44:59,"Halo Traveler! Mohon kunjungi website official Genshin Impact untuk mendapatkan informasi sistem perangkat yang diperlukan untuk mendapatkan pengalaman bermain yang stabil dan lancar. Selain itu, untuk menemukan sumber permasalahan ini, mohon hubungi tim CS kami melalui feedback dalam game atau email.",2025-02-18 17:39:55,
1b1bfb61-ed4a-4932-8cec-692f164ccb2f,Irgi 2010,https://play-lh.googleusercontent.com/a-/ALV-UjXDU0W5ZG5w7AMcXJCprCP9-s52Wfirtv6esht5oV2kwDhXY2U,NGUMPULIN PRIMOGEM BER MINGGU MINGGU SAMPE TERKUMPUL 6000-8000 PRIMOGEM TAPI DAPAT NYA ITU ITU SAJA MANA GAK GUNA LAGI,3,0,5.3.0_29183395_29332470,2025-01-20 15:26:40,,,5.3.0_29183395_29332470
db3c84cc-5549-4b86-95ed-b79bd8e34313,Shimaoka Sumiko,https://play-lh.googleusercontent.com/a/ACg8ocJVZ6dlywBxOjfiwqpY90hfWfag809p3ONS1HCN4P24xHN3HQ=mo,Keren bamgettt,5,0,5.3.0_29183395_29332470,2025-01-20 15:15:47,,,5.3.0_29183395_29332470
cb387fe0-16d7-4694-85fa-1d588d79d4b9,Fatir Rizky,https://play-lh.googleusercontent.com/a-/ALV-UjVMD5J075CB3cHWZRTf0IikANHBROcLdjLRggeQKl-wu0zIKE4,Tolong Buat Ga Ngelag Lagi Ini Grafik Nya Super Bagus Semuanya Udh Bagus Tapi Patah Patah Ngelag,5,0,,2025-01-20 14:42:38,,,
846a02ae-46bd-4b66-96a7-400da4b38e99,Eza Marlianti,https://play-lh.googleusercontent.com/a-/ALV-UjUTKQx5U4CQIgDDuEg_oyMfFumMzIAtiIM2792zfMWT9uJGliA,Game yang amat sangat direkomendasikan untuk dimainkan!!!!,5,0,5.3.0_29183395_29332470,2025-01-20 14:18:38,,,5.3.0_29183395_29332470
046d8837-7b31-498c-8a74-ca002a535bd4,gayo oficial,https://play-lh.googleusercontent.com/a/ACg8ocKaRkK6l-YCEeJSOEOZJQ6UwuSnL6n-8SM_0FnVquVSQLj9Wg=mo,"GAME KEBANYAKAN YAPPING GABISA DISKIP QUEST YG GA PENTINGNYA, NAJIS. NAJISSS. UDAH TAU CUMA NGOMONG SAMA NPC SEGALA GABISA DISKIP NAJISSSSSSSS AJGGGGGGGG",1,0,,2025-01-20 13:34:55,"Terima kasih atas dukungan Traveler terhadap Genshin Impact. Kami menerima secara terbuka semua masukan/umpan balik dari kalian. Jika Traveler memiliki saran atau masukan, jangan ragu untuk menghubungi kami melalui feedback in-game atau email.",2025-02-18 17:38:40,
b032f84e-821e-40ba-87a8-654a4b4f2ebf,wahyu affandy,https://play-lh.googleusercontent.com/a/ACg8ocLZf1vhxOWH5c6DKmaRiyx4E9JLojega2HoxhyoBLgDEyzvAA=mo,Mantapp,5,0,5.3.0_29183395_29332470,2025-01-20 13:32:04,,,5.3.0_29183395_29332470
48572b76-a407-4018-b600-cd9fbc152b21,Nicky Wong,https://play-lh.googleusercontent.com/a/ACg8ocLbZjOTeeuOeFJuhuattokGPaLMOn8uuNjVHY9-h5ZsQTPcWQ=mo,Menurut gua ya tapi tolong penyimpanan gua ga aman plis help me my penyimpanan,3,0,,2025-01-20 12:40:51,,,
4e1295dc-7ea0-4220-926c-2c1ddac2b71c,rafii Fiii,https://play-lh.googleusercontent.com/a/ACg8ocIWhuYG9IsaMZOTmR22bEbHC-3-r2D_LdRYl502r7qwCMxeQC8=mo,"ucip ucup papi ucup cicup cacap acip cipup cipap ah ah ah ah ah ah nahida aku sayang kamu,kamu mau ngapain nahida,ahh kenyot susu nahida gulp gulp,kokop🥵🥵🥵🥵🥵🥵🥵🥵🥵🥵🥵🥵🥵🥵🥵🥵🤤🥵🥵🥵🥵🥵🥵🥵🥵🥵🥵🥵🥵🥵🥵🥵🥵🥵🥵🥵🥵🥵🥵🥵🥵",5,0,,2025-01-20 12:03:38,,,
b3028eb2-b43f-4710-82ff-30fe2b56b090,Bintang Rizky,https://play-lh.googleusercontent.com/a-/ALV-UjXfBEtHN0qFZPwDvouklSCg-aOKvITbB2sevfe0JvGyuZLP4ifW,"min boleh gk semua server beda bisa mabar bareng jadi enak buat pemula yg salah server pas awal main ""tertawa tapi terluka"" w tambahin deh Bintang nya😭😭",4,0,5.3.0_29183395_29332470,2025-01-20 08:57:39,,,5.3.0_29183395_29332470
2872b43c-25de-442f-9714-022299eea6ad,Ellen Joe (Nazrul),https://play-lh.googleusercontent.com/a-/ALV-UjUKG2pEfEyBrr9tJqXHVQ2hL7302F7zogFp_amAG6Y7bXvZoxRm,Nice game,5,0,5.3.0_29183395_29332470,2025-01-20 08:14:23,,,5.3.0_29183395_29332470
433925c7-617e-4587-82ce-db6a57f6f09c,Budi Putra,https://play-lh.googleusercontent.com/a-/ALV-UjVp-_O9Mws2aZdtjcZNUlPqRuEwUKM4qliguLc3r7ZV7oMEC7dK,Game asu kebanyakan cerita.. Gak usah buat game buat film aja kalian. Game 30 gb isinya cerita2 sampah,1,2,5.3.0_29183395_29332470,2025-01-20 07:08:04,"Terima kasih atas dukungan Anda terhadap Genshin Impact, Traveler! Kalau Anda mengalami kesulitan apa pun yang berhubungan dengan Genshin Impact, silakan hubungi kami melalui email atau feedback in-game untuk mendapatkan bantuan.",2025-02-18 17:38:26,5.3.0_29183395_29332470
f0cac2ca-d534-48fb-8cbf-14a2793f1ce2,Kenzi Gallant,https://play-lh.googleusercontent.com/a-/ALV-UjVK4yUJEagZeRCD2IVuduQtHe7uQSgAY6E9jP_rKGLoXtsk_KI,"Keren, sering² kasih bansos",5,0,5.3.0_29183395_29332470,2025-01-20 06:59:51,,,5.3.0_29183395_29332470
da83fcaa-4b7d-4bea-8a6d-be12c1e2eb5e,Iqbal Hadi Saputera,https://play-lh.googleusercontent.com/a-/ALV-UjXYvqY9rPzJwFCHiyz0hYj1txO2eFW5PtXYg7gSSO5sqZc-gVSu,Mantapp,1,0,3.1.0_10443587_10457664,2025-01-20 06:52:41,"Terima kasih atas dukungan Anda terhadap Genshin Impact, Traveler! Kalau Anda mengalami kesulitan apa pun yang berhubungan dengan Genshin Impact, silakan hubungi kami melalui email atau feedback in-game untuk mendapatkan bantuan.",2025-02-18 17:29:50,3.1.0_10443587_10457664
d5551e46-72cf-4721-9bc4-74b178e72c8e,E/5_Muh.RezkyPratama,https://play-lh.googleusercontent.com/a/ACg8ocLnQtahg8PyZKLh4MBjDc-JbEqaHrVQ0QdGef0-mkSCW6Mc2g=mo,sangat seru,5,0,5.3.0_29183395_29332470,2025-01-20 03:29:39,,,5.3.0_29183395_29332470
d7b3a43d-ee63-4ad1-9026-008384b87478,Ara syahnama,https://play-lh.googleusercontent.com/a-/ALV-UjWOHpOGmnzFYPZKOwT-dZD8lFkIFgR8k_vl-CzxiF_yPMe_2IC_pg,"pelit lo hoyo, pity 80 bukannya dapet morax malah jean",1,0,5.3.0_29183395_29332470,2025-01-20 02:29:49,"Halo, Traveler! Traveler dapat melihat aturan sistem Wish di bagian [Rincian] pada halaman Wish. Jika kamu memiliki pertanyaan tentang perincian dari aturan tersebut, silakan hubungi tim Layanan Customer Support kami melalui feedback in-game atau melalui email.",2025-02-18 17:30:17,5.3.0_29183395_29332470
06616891-2712-4665-97d0-03ee93e55c0a,Mohamad Ismail,https://play-lh.googleusercontent.com/a-/ALV-UjV0yBHus1Xm6BlLgDB13tO4Y2wyimohEf-8WtSYP2en1i5BNPw,Nice!!,5,0,5.3.0_29183395_29332470,2025-01-20 02:17:38,,,5.3.0_29183395_29332470
85eeb455-0ad8-4e58-ba3d-b1800e423f6f,Ranti effendi,https://play-lh.googleusercontent.com/a-/ALV-UjXZ90TlRmUW7_IKCeCxSxA0biqdyBS1QJsoPv5OlFhvlQksusFb,kerenn,5,0,5.3.0_29183395_29332470,2025-01-20 01:15:21,,,5.3.0_29183395_29332470
a9a1365d-d780-44c9-b4b9-f8eb5de97ab6,rachel melchior,https://play-lh.googleusercontent.com/a/ACg8ocK-LWFCwHJusfPuaAg_XNu4QNR4hgEIIVxwVVwNGZclRmdu3g=mo,good gaming <3,5,0,5.3.0_29183395_29332470,2025-01-20 00:54:51,,,5.3.0_29183395_29332470
b915791b-a565-4fb7-b2d8-a6c1568c8140,Rau'hiyy SNJ,https://play-lh.googleusercontent.com/a-/ALV-UjWX0mIQrmNp5GSPv0TD0-F0b-cPB9gVQVcKNKeYmYojKF7v2ucW,Woy kasih skip story skip skip skip skip. Di kira lu pade kaga bosen. dengerin karakter ngoceh² nya kaga jelas. Kasih skip cerita nya lah lol lama banget ngabisin waktu ngotak lah emang seharian mau main game 1 story kuest aja bisa ampe 2 jam lol bet,1,54,5.3.0_29183395_29332470,2025-01-20 00:47:34,"Terima kasih atas dukungan Traveler terhadap Genshin Impact. Kami menerima secara terbuka semua masukan/umpan balik dari kalian. Jika Traveler memiliki saran atau masukan, jangan ragu untuk menghubungi kami melalui feedback in-game atau email.",2025-02-18 17:29:29,5.3.0_29183395_29332470
b678e699-2c52-42d0-9a1e-89f6be0008d1,May Darlan,https://play-lh.googleusercontent.com/a/ACg8ocL5zzkI99HXlL5WKmtCa2rYgGR49PiRorGELooQErEL8ofBkA=mo,Baguss,5,0,5.3.0_29183395_29332470,2025-01-20 00:39:33,,,5.3.0_29183395_29332470
e3d641ef-3138-4ff2-9be7-7d0075db3abb,MADE RAGEL,https://play-lh.googleusercontent.com/a-/ALV-UjWlYc1Q6EABdLMKN-88FIlqmNW7fpQSyQahIwAlC1w75EtVETU,"Kalo gak di kasih karakter bintang 5, setidak nya karakter bintang 4 lahh hehe",5,0,5.3.0_29183395_29332470,2025-01-20 00:33:00,,,5.3.0_29183395_29332470
665f8d9b-bdea-4576-ba08-6d90cb9998a3,Ramadhan Nugraha,https://play-lh.googleusercontent.com/a-/ALV-UjX4-WJyXAOV3HOpK6i7fLqYK7vNrefPj7QI9mzjOCkJoLVZY0tP,Good game,5,0,5.3.0_29183395_29332470,2025-01-19 23:15:42,,,5.3.0_29183395_29332470
26b028e2-35b0-449d-84df-595a586c15d4,Agus Sena,https://play-lh.googleusercontent.com/a/ACg8ocLeC1Cux6GEDf_LmTkZXSoc9DEAJHf-Rnu5mYzwkfqC6GNSEA=mo,"Tolonglah kenapa gw yang rajin login gini, kalah hoki sama temen yang login beberapa kali doang. Sangat merasa tidak adil, terimakasih",3,1,5.3.0_29183395_29332470,2025-01-19 22:04:28,,,5.3.0_29183395_29332470
a625f6f4-5ee0-4c6a-8630-290c5ec5739f,Robijeriansah Robi,https://play-lh.googleusercontent.com/a-/ALV-UjU34-gdi1Z6C8WdTEe7z6Kowj6rGAXZdJKKyIhGvCPeuSx5NLc,mantap,5,0,5.3.0_29183395_29332470,2025-01-19 21:16:46,,,5.3.0_29183395_29332470
e976fe43-b2d7-4bdb-8e96-9b12864f0b01,Surya Hartono,https://play-lh.googleusercontent.com/a/ACg8ocIbfJPayEfvI6AXUvqte9nIDJfi9U7z3kcDbnXQpwoZxwZd8Q=mo,Game ini sangat bagus,5,0,,2025-01-19 21:12:12,,,
636a9b24-be0a-4dea-b07c-2bd7fcfb3a32,Jihan Safiya,https://play-lh.googleusercontent.com/a-/ALV-UjXldRh059IsMFJAIhA1DtB_OS2gbHO00VZINl3-AGGB7iyX7FAO,Seruuu polll main di tab a9+ grafik tinggi ga ngeleg samsek😍😍 pokoknya th3 best,5,0,5.3.0_29183395_29332470,2025-01-19 21:08:19,,,5.3.0_29183395_29332470
e7636600-1bbb-4f7f-a4e3-07a781825163,Katak Beracun,https://play-lh.googleusercontent.com/a-/ALV-UjVP05s-eJt3Zb2pAlnoeEZasr1KZpDIaPb845C9fOkJHE5dBvR_,Bingung,5,0,5.3.0_29183395_29332470,2025-01-19 21:05:45,,,5.3.0_29183395_29332470
1cb6bc71-0208-4950-b9df-57cef1919c57,Klrey Slo,https://play-lh.googleusercontent.com/a-/ALV-UjWxkiljFvUMRltACjUaCPuDVpHtqZP4e0zWmW2c49Ulr2LBHf8m,Game kikir chance deal,1,0,5.3.0_29183395_29332470,2025-01-19 21:05:03,"Terima kasih atas dukungan Anda terhadap Genshin Impact, Traveler! Kalau Anda mengalami kesulitan apa pun yang berhubungan dengan Genshin Impact, silakan hubungi kami melalui email atau feedback in-game untuk mendapatkan bantuan.",2025-02-18 17:29:03,5.3.0_29183395_29332470
c6b0e11b-a788-4633-aaef-9dbd2192acd6,Aditya Ridho pratama99,https://play-lh.googleusercontent.com/a/ACg8ocK-ufVvget_m3LHNl7O8LILPhOsjaChRPiR7gWuFeZAQoRnEw=mo,Bagus banget game nya apalagi saya main di PC Dengan desain grafis yang HD membuat saya tidak bisa berhenti bermain game Kikir semacam ini,5,0,,2025-01-19 21:03:48,,,
1d47091e-91c9-4f6f-b226-abc248d6fba7,Muhamad Zakil Khobir Saputra,https://play-lh.googleusercontent.com/a-/ALV-UjUgcANIw-V8tyZQlc0ti74EgLFCii1-wieAVn2rWUDwvDgEoRs,这很有趣，但如果你添加了麦克风功能，那肯定会更令人兴奋,5,0,5.3.0_29183395_29332470,2025-01-19 20:36:53,,,5.3.0_29183395_29332470
7b4c96a9-f0a6-4cce-b2f5-93779498d0a9,Yanti Yanti,https://play-lh.googleusercontent.com/a/ACg8ocLDkOB-ju8rqYM7ZLJBAnfMFbBmKwVjRq_deZ1oShHSAHsnnQ=mo,Bagus b zirrrr,5,0,,2025-01-19 20:21:44,,,
115bdae9-2cfb-46d1-af46-7f8dc35c15f4,Terjual Habis,https://play-lh.googleusercontent.com/a-/ALV-UjWZeRrFXaM6zvQYJnFcZHDSB-KnlJeQ57knXthXS7qG5r-mL1lz,"Tolong tingkatkan performa di hp menengah,saya ingin bermain dengan pengalaman yang lebih nyaman",4,0,5.3.0_29183395_29332470,2025-01-19 20:03:20,,,5.3.0_29183395_29332470
582e44ed-7a5a-4938-b4aa-c26589396265,Vidiana Ika,https://play-lh.googleusercontent.com/a-/ALV-UjXgTMNt0apBfHBr0bUmFr265B0plO1f3vA3kSHoeGmK52AxU9A,game nya bagus cuman menurutku kurang fitur nikah ama karakter di genshin. Jadi aku bisa kawin ama salah satu karakter di sana 😋😋,2,0,5.3.0_29183395_29332470,2025-01-19 19:08:46,,,5.3.0_29183395_29332470
8d0cd641-c5b7-468c-91c7-46837807a0d1,Faisal music,https://play-lh.googleusercontent.com/a/ACg8ocI_UcWj7b0Y4iQDHkxCyvJsjOyZCdJcVyP4dzzd0jnBG4m9DA=mo,ok,5,0,5.3.0_29183395_29332470,2025-01-19 18:42:52,,,5.3.0_29183395_29332470
6c451982-a53a-4503-a8ff-ad4c8fbc7648,nkf,https://play-lh.googleusercontent.com/a-/ALV-UjU43ukNfGv72QVi4HlQcjJ7Fh3S6rlo_cMB1Ed7bcmUkilVuN0,alur game bagus but gacha kagak grafik okelah :v,5,0,5.3.0_29183395_29332470,2025-01-19 18:21:37,,,5.3.0_29183395_29332470
ca3d1c6a-41df-40f4-8fa0-4748b46b5cf3,rafi antasari syamsudin,https://play-lh.googleusercontent.com/a-/ALV-UjV9GQNMUtg-Z06_a9scHwTcqQCZaDqDFeQSNDySK98-ZtJUZ6-9,hokiin dong,5,0,5.3.0_29183395_29332470,2025-01-19 17:40:43,,,5.3.0_29183395_29332470
499e3312-a09e-47a5-b658-5b3a488b317a,Agung Fakri,https://play-lh.googleusercontent.com/a-/ALV-UjXv9a_8MtMzurTDVCVtmV6MWUsBC7gkcRQRVDfiRvb7RyVJL2kv,bagus banget game nya kerenn👍👍👍👍👍,5,0,5.3.0_29183395_29332470,2025-01-19 17:00:45,,,5.3.0_29183395_29332470
3673bc47-3248-4625-a786-506936053142,محمد فطاني,https://play-lh.googleusercontent.com/a-/ALV-UjXkqIcscCQTM3HQVl8Uw1zKxqUTKvVPVK5FFqBMS3eUQH7Omk0,Up,5,0,5.3.0_29183395_29332470,2025-01-19 14:43:21,,,5.3.0_29183395_29332470
47b02b35-69d1-44aa-899f-4bba92d827dd,syamsur rizal,https://play-lh.googleusercontent.com/a-/ALV-UjU_P6-KjYJ7wbOBRfQb5UzeQCoIMozEEjHGYb7NC_gyJbwrBTc,Terbaik! Musiknya bagus2,5,0,5.3.0_29183395_29332470,2025-01-19 14:23:48,,,5.3.0_29183395_29332470
237dffde-d21a-4a45-bebe-6ffe962cff69,putri Nur,https://play-lh.googleusercontent.com/a-/ALV-UjWmbcg3SStdIuywLJh7x7bfiZWN1DL5lw2EqAyymIBbq0g_xD94,bansos nga dikit,5,0,4.4.0_20481013_20559831,2025-01-19 13:49:15,,,4.4.0_20481013_20559831
1651b94f-c81e-4c18-8be0-dd2af8c3a2a3,ѕαlѕαвílα αl kαutѕαr,https://play-lh.googleusercontent.com/a-/ALV-UjXKR6I0rTTrsWpADh1jLrBv7U981ZBoqhnsFONZuKbLk-7BsrMq,My account got hacked:/,1,0,5.3.0_29183395_29332470,2025-01-19 13:33:52,"We sincerely apologize for your unsatisfactory experience, Traveler. Please contact our Customer Service team via email for specific help with this issue.",2025-02-18 17:28:01,5.3.0_29183395_29332470
5f3089a3-8ae6-4481-9bd6-ca3e7898264d,Firja Bahtiar,https://play-lh.googleusercontent.com/a-/ALV-UjWru4NGf-XCK36ifMRG5gNEt8zA5uEMKB2XFpYlpmeNSYH9SWA,Bagus jirrr,5,0,5.3.0_29183395_29332470,2025-01-19 13:33:03,,,5.3.0_29183395_29332470
2b79b50a-f859-4b17-bc90-ebe5be802278,DEWI MARYATI,https://play-lh.googleusercontent.com/a-/ALV-UjVLihOo3I8uBYd-ItO3VOAPfXf5qVnfTeIQkR_iYA7mlVl8wSex,Bagus,5,0,,2025-01-19 11:48:46,,,
483613b9-3819-4d66-814c-9760f2e2a5b1,Dedy Andreansyah,https://play-lh.googleusercontent.com/a-/ALV-UjVrd8LOfI4oi5Z7lbQkOBgPrTC0ZBfikZMj85cSy17CVJ39gQ5d,game asik memiliki map yg sangat luas dan grafik yg sangat bagus,5,0,5.3.0_29183395_29332470,2025-01-19 11:08:17,,,5.3.0_29183395_29332470
d224b910-f4d7-4aee-8e20-6cdc78a60580,REYY,https://play-lh.googleusercontent.com/a/ACg8ocJiO0y-u2E0VZ0gTgDmnJPfKtKqWSYob_ZuZOcBpCjG5mPtC9A=mo,Tcg KONNNTOLLLLLLL APUS AJA ANJINGGGGGG,1,0,5.3.0_29183395_29332470,2025-01-19 10:44:52,"Terima kasih atas dukungan Anda terhadap Genshin Impact, Traveler! Kalau Anda mengalami kesulitan apa pun yang berhubungan dengan Genshin Impact, silakan hubungi kami melalui email atau feedback in-game untuk mendapatkan bantuan.",2025-02-18 17:26:55,5.3.0_29183395_29332470
b4ae86ce-2829-47dc-a3de-071058cd58e7,Koloa Gun,https://play-lh.googleusercontent.com/a/ACg8ocLOepdQcSnoSrhfXXlqzlbE9Yw10Esx-s8ZtDKMvGr2gUztzA=mo,Game berat,5,0,5.3.0_29183395_29332470,2025-01-19 10:37:05,,,5.3.0_29183395_29332470
183d173e-ac2b-4ef1-9135-9d458dde6d74,Yulia Patricia,https://play-lh.googleusercontent.com/a-/ALV-UjWyD8QVrsaa2Q9n3LTuNN2vGCTjF5sWYRciGrJbLeKULkeESQGe,tidak di rekomendasikan untuk gadget yang tidak mendukung ygy,3,0,3.8.0_15672274_15939604,2025-01-19 09:30:32,,,3.8.0_15672274_15939604
b279d0cc-bd3c-4e05-8135-dd33a25ab5bd,Rasya enggar Aryantara,https://play-lh.googleusercontent.com/a-/ALV-UjWxazKQbMJrh2royPz4GiUluF-LPgaAb-juUNIXR0fjBasI4BE,keren,5,0,5.3.0_29183395_29332470,2025-01-19 08:38:28,,,5.3.0_29183395_29332470
95ff2eba-a828-4a2b-99d0-717ca1ebdafd,Rain Rizkiy,https://play-lh.googleusercontent.com/a-/ALV-UjXKSA5wvD9QUXvl5oq1B9sHh44k0wYkVwjC-huI0luzXPd_-yE9,Selama hp w kuat :),5,0,5.3.0_29183395_29332470,2025-01-19 08:33:32,,,5.3.0_29183395_29332470
6736f07c-9d5c-48c1-b297-b3f6831ae491,Tokisaki kurumi,https://play-lh.googleusercontent.com/a/ACg8ocK5pE75WoC9DvvceQwG_7RUnUz13wtA4thnUT_2CydqeTw5dw=mo,aku suka game ini sangat bagus dan tidak kikir 😹,5,0,,2025-01-19 08:05:33,,,
41cc7721-e7fe-4889-9dd3-c6c8752fc003,Hero Is Gone,https://play-lh.googleusercontent.com/a/ACg8ocKUkz2A9uA6nyATMtr3zYlkHQWiIprj0f6zv5Hg-9qSpch06g=mo,Tambahin fitur skip obrolan males bat taptap layar,1,0,,2025-01-19 07:10:02,"Terima kasih atas dukungan Traveler terhadap Genshin Impact. Kami menerima secara terbuka semua masukan/umpan balik dari kalian. Jika Traveler memiliki saran atau masukan, jangan ragu untuk menghubungi kami melalui feedback in-game atau email.",2025-02-18 17:27:15,
2c42472b-3673-45b6-b66e-3b9aa49aab73,Maryam Marwoto,https://play-lh.googleusercontent.com/a-/ALV-UjXNwgjQ_18XYvCK3YDNBmOD1FnXGmbxn1CtuGGTzXov7E4yqBEM,Jelek,1,0,,2025-01-19 07:09:50,"Terima kasih atas dukungan Anda terhadap Genshin Impact, Traveler! Kalau Anda mengalami kesulitan apa pun yang berhubungan dengan Genshin Impact, silakan hubungi kami melalui email atau feedback in-game untuk mendapatkan bantuan.",2025-02-18 17:27:30,
9702ff37-19de-4ce3-b4d8-2b38c75d7a68,Arvino Nazriel,https://play-lh.googleusercontent.com/a-/ALV-UjVdMTbzu5gJQJJyzHrU_aJVI5MrimdIdoHDJurg5gMGFcwfGkE,Gamenya bagus sekali walaupun harus main di grafik low tapi masih bagus dan lancar untuk dimainkan,5,1,5.3.0_29183395_29332470,2025-01-19 06:54:18,,,5.3.0_29183395_29332470
eeb80f41-8a73-400a-b0b1-effb77a3d227,Samuel Agustinus,https://play-lh.googleusercontent.com/a/ACg8ocLBppfDy5JEOWvoy6vDjiwFQR7OuO79ZDLsh5DKxf2dTkAaaQ=mo,"Rada kecewa sama genshin impact sekarang entah kenapa sistem gacha di genshin kayak main judi online dah ngehabisin primogem tapi ketika gacha kaga dapat apa apa, dapatnya ampas terus, mau gacha mavuika malah jadi malas, bahkan beberapa hari ini saya tidak login genshin karena sistem gacha yang curang itu, apalagi sebagai player f2p ya jelas sistem seperti itu tidak adil bagi player gratisan, apalagi yang bayar pun sepertinya belum tentu dapat gacha bagus juga kecuali streamer keknya",3,20,5.3.0_29183395_29332470,2025-01-19 06:49:50,,,5.3.0_29183395_29332470
1f331d1c-0cd5-4238-b035-2d3aa64f24b5,Diki Setiawan,https://play-lh.googleusercontent.com/a/ACg8ocJop_YIFitW5j5jpHOvauQdd31zirvrGpRnifGmAW6W9aGW3bA=mo,Sangat menyenangkan mamainkan game ini xixiix,5,0,5.3.0_29183395_29332470,2025-01-19 06:02:32,,,5.3.0_29183395_29332470
1385fd2f-9c23-433c-8511-3a68657bf39c,Ari 2,https://play-lh.googleusercontent.com/a/ACg8ocJSdGDDNWmmLIFYKGaHtR9AzikVrT47o7OMbUqKItdZjPRptQ=mo,"Sejak kalah rate off hard pity, farming malas, semuanya malas",4,0,5.3.0_29183395_29332470,2025-01-19 04:28:04,,,5.3.0_29183395_29332470
6aeac237-a284-4dc4-831c-0b45138cc70c,Bwaya !!!,https://play-lh.googleusercontent.com/a-/ALV-UjWYEhjZSocPg6r2C4S136hr5Es16xoCAy4B9qDaqbKNYaXByuo,Is this too much for asking about controller support?,2,0,,2025-01-19 03:10:41,,,
777f0156-2a22-403b-9eff-32f5913ea4cc,Reza Bandang,https://play-lh.googleusercontent.com/a-/ALV-UjXJjijsRFa2PF33JusfOQWMOg7y_Wkm3FSb37oz7zpbxDiq4S7a,Game kikir,1,0,,2025-01-18 23:20:14,"Terima kasih atas dukungan Anda terhadap Genshin Impact, Traveler! Kalau Anda mengalami kesulitan apa pun yang berhubungan dengan Genshin Impact, silakan hubungi kami melalui email atau feedback in-game untuk mendapatkan bantuan.",2025-02-18 17:26:30,
319cd08f-fd50-40ef-842d-477d399c724b,Rendi Harnanto,https://play-lh.googleusercontent.com/a/ACg8ocL3zoyrP3yMVhaGrtVe1P2I89ihAdZYMsHkFALLDoOYJfrGfg=mo,BAGUS,5,0,5.3.0_29183395_29332470,2025-01-18 22:28:58,,,5.3.0_29183395_29332470
40e99bb4-23a8-4223-af50-17da42b97fde,Munir Kun,https://play-lh.googleusercontent.com/a-/ALV-UjVoaTR5CHWBuPgXQLMMrrH9ja_UcR9naUC9DqDnjgtSF90oaeU,"Menarik, alur critanya juga bagus,, di tambah lagi map nya juga luas,, bagus",5,1,5.3.0_29183395_29332470,2025-01-18 22:16:53,,,5.3.0_29183395_29332470
f300e190-484b-42e5-bd45-00150c5d343d,Fajar Sandi widiyanto,https://play-lh.googleusercontent.com/a/ACg8ocLVe_-n2YBh444xs66ZbDlQ6vT4YQZfr2Z_xb-qw3yVU2XfdA=mo,Matab👍,5,0,5.3.0_29183395_29332470,2025-01-18 20:57:37,,,5.3.0_29183395_29332470
c14afcd8-32fb-477f-ba0f-d90e1aacc586,Kaiyeen (yen),https://play-lh.googleusercontent.com/a-/ALV-UjUi2u0HKBYXmlTZ2p0Iawak2oKeCPSLxMdyFJAN5nCjastijAIp,"rata"" yg banyak omong jelek tentang game ini, bot",5,0,4.4.0_20481013_20559831,2025-01-18 20:28:50,,,4.4.0_20481013_20559831
dc02b72a-88e2-41b0-99b2-019d8985a6ba,Zak Boy,https://play-lh.googleusercontent.com/a-/ALV-UjWV3Qhb4ziJjbd-ORV0Y8Gn583yS1LNJY_mQXeN-uw09v9Ay8Q,Lupa cara main,4,0,,2025-01-18 20:25:09,,,
c75ce1fb-26d3-4f39-911a-3d1d21bfd60a,Widay Tangkas,https://play-lh.googleusercontent.com/a-/ALV-UjV3kEi1RdrGKXF_e1S30TJHFVcECZZ7J8AJ5atLfNgZEOcRNLBs,Saya setia memainkan game ini meskipun hasil gacha kebanyakan zonk 🙁,3,0,5.3.0_29183395_29332470,2025-01-18 19:56:36,,,5.3.0_29183395_29332470
c4587e94-82d1-4173-b500-b5aae7b430dc,Si Boby,https://play-lh.googleusercontent.com/a/ACg8ocIJAZCppazUFtvxKRQR6cN2DjzEbauoUixYS73Y_OSlYmyXlA=mo,"woyy mihoyo!!!!! perbaiki lahh masalah jaringan, masa gw login ga bisa katanya jaringan terputus padahal pake wifi, gw coba buat scrol tiktok sama ig lancar giliran login katanya jaringan terputus. tolong dong tanggapan nya jangan cuma diem aja atau malah ngga di baca sama sekali ini keluh kesah dari player lu!!!!!",1,0,,2025-01-18 19:19:47,"Kami mohon maaf atas permasalahan ini, Traveler. Silakan hubungi kami melalui email atau feedback in-game untuk mendapatkan bantuan lebih lanjut tentang masalah ini.",2025-02-18 17:26:20,
0271b1bb-3ec5-4d1b-9503-b568b61df485,Joang Koto Samandiman,https://play-lh.googleusercontent.com/a-/ALV-UjXoIVZGjGKB8NVkAfjR3LKFEq7iEgkrzEed9Z4T7_1etRQd-sEA,Karena game nya bagus tapi susah bedain cowok atau cewek,4,0,5.3.0_29183395_29332470,2025-01-18 18:54:28,,,5.3.0_29183395_29332470
fcd0fa9f-3561-4815-bb8e-8414613376c3,alexx,https://play-lh.googleusercontent.com/a/ACg8ocIPQ7fN_gsp_kHfJGotyuWCbK54DWRTTO2Jt0tv71cvJOnKSAM=mo,jelek satt kikir bet ini game kena spam def hard pity 😹😹,1,0,5.3.0_29183395_29332470,2025-01-18 18:29:43,"Terima kasih atas dukungan Anda terhadap Genshin Impact, Traveler! Kalau Anda mengalami kesulitan apa pun yang berhubungan dengan Genshin Impact, silakan hubungi kami melalui email atau feedback in-game untuk mendapatkan bantuan.",2025-02-18 17:25:34,5.3.0_29183395_29332470
8eb0c40e-355b-4d57-ad61-0079639290b7,Edward Sinulingga,https://play-lh.googleusercontent.com/a/ACg8ocIoeOY7FDBfDyzuKCpLsbbpNoJrWgFC5ytNBMu-MUnjrCnfEw=mo,Grafik nya bagus tapi terlalu berat,5,0,,2025-01-18 17:48:06,,,
cfcdfe87-7fc5-4572-97ec-0a3531628a08,Wilman Abisiena,https://play-lh.googleusercontent.com/a/ACg8ocJHzCU7fMvnEFHGXnlNy5d5W1n74OyqZGdLDAS84Hvb1-dvCQ=mo,"Mungkin masih menjadi mobile game dgn tema open world terbaik yg pernah saya mainkan! Kendala nya hanya di resin yg sangat terbatas saja, sedangkan untuk mendapat artifact dgn stat & sub-stats yg diinginkan, player perlu untuk menyelesaikan domain hingga berkali-kali. Overall, Open world 10/10, Battle system 10/10, Story 9/10, Characters 10/10. A totally recommended game! NB, Map Sumeru 11/10! Cocok untuk refreshing setelah stress di map Inazuma 😁",3,420,5.3.0_29183395_29332470,2025-01-18 17:30:02,,,5.3.0_29183395_29332470
382ed310-e231-4d7e-8cbe-23f8aee22e1d,gilang kusanagi,https://play-lh.googleusercontent.com/a/ACg8ocKGpT5Dr4DpRFC7SUP7mZmOwKiLV53dBaxo5Gd1QHJoK78ZWw=mo,Grinding Sub stat artefak berat sebelah,5,0,1.1.1_1437351_1398019,2025-01-18 17:18:57,,,1.1.1_1437351_1398019
70da87e7-92f9-417f-993b-266ad482cf50,Kahfi Abiyyuseba,https://play-lh.googleusercontent.com/a-/ALV-UjWRJAsjtVR0l0s-MWFeEsaByrTTj4SO67S5m5cq-xt-57panKI,please fix bug change email,3,0,5.3.0_29183395_29332470,2025-01-18 17:14:16,,,5.3.0_29183395_29332470
cf4c731f-0998-48cd-a387-893dc5aa2af2,Sidik Agung budiman,https://play-lh.googleusercontent.com/a/ACg8ocKdnnLFRRIQV_Y2S-XqPEfYxQLOddA0RRXzZpsljOVSke5S4A=mo,Game nya emang bagus sih tapi cuman Ada 1 masalah berat yaitu adalah ukuran data nya terlalu besar mungkin saya butuh 1 atau 2 atau 3 bulan untuk selesai semoga di perbaiki ya,4,0,5.3.0_29183395_29332470,2025-01-18 17:12:42,,,5.3.0_29183395_29332470
0af6b63c-12b1-4e5b-9ca0-a86e91714cf9,Eizan Lavoise,https://play-lh.googleusercontent.com/a-/ALV-UjViSOpQcfCJiLiaqozpdFp5eJcEM7V2rlc6g1aFzappGaRcv98x,Gakan pernah bosan.. apalagi jika theme nya seperti dragonraja si fi,5,0,5.3.0_29183395_29332470,2025-01-18 16:44:04,,,5.3.0_29183395_29332470
81205dbb-0448-485a-92d2-5808f2f0a29d,Zoa Zofia,https://play-lh.googleusercontent.com/a/ACg8ocLdBqn1QZY7aTPDeaIm7jvS0iy9UeSZQG4r4r7Cy5sa_A3wbw=mo,Topp,5,0,5.3.0_29183395_29332470,2025-01-18 16:01:28,,,5.3.0_29183395_29332470
b974688d-f5cb-4a3c-954a-0b1e29615059,Kiven An,https://play-lh.googleusercontent.com/a-/ALV-UjUIDcvCRS2iOZH3Fj9U2ehohKirNrWhZB3Ue9wy2MUhSFrw-am_,Tolonglah game ini diringankan loading yang lama banget tolonglah game ini diringankan ya,1,0,,2025-01-18 14:48:57,"Halo Traveler! Mohon kunjungi website official Genshin Impact untuk mendapatkan informasi sistem perangkat yang diperlukan untuk mendapatkan pengalaman bermain yang stabil dan lancar. Selain itu, untuk menemukan sumber permasalahan ini, mohon hubungi tim CS kami melalui feedback dalam game atau email.",2025-02-18 17:25:23,
09ee8a93-9933-4b2b-ac75-982b626c3e25,Toni Muhammad,https://play-lh.googleusercontent.com/a/ACg8ocLTdGOLA6kYbJySS1OZiZ-skyvoSEuczefK7smu8MNggqsxdw=mo,Game toolol kikir nya minta ampun,1,0,,2025-01-18 14:40:32,"Terima kasih atas dukungan Anda terhadap Genshin Impact, Traveler! Kalau Anda mengalami kesulitan apa pun yang berhubungan dengan Genshin Impact, silakan hubungi kami melalui email atau feedback in-game untuk mendapatkan bantuan.",2025-02-18 17:24:19,
c2bd84bd-e7b9-457b-99bb-79b61c4777ab,Salwaazahra,https://play-lh.googleusercontent.com/a-/ALV-UjWYx6jBKeNZStNjH6uc06tyd-wUYaAJIpnTdVJnZIPnN176Tb8,"jangan pelit² lah, kikir banget ni game.",1,0,5.3.0_29183395_29332470,2025-01-18 14:19:12,"Terima kasih atas dukungan Anda terhadap Genshin Impact, Traveler! Kalau Anda mengalami kesulitan apa pun yang berhubungan dengan Genshin Impact, silakan hubungi kami melalui email atau feedback in-game untuk mendapatkan bantuan.",2025-02-18 17:23:27,5.3.0_29183395_29332470
0aa90be0-d386-4ea8-8b87-5d14a1e56bf6,Hikki Gayminks,https://play-lh.googleusercontent.com/a-/ALV-UjXbhg0FtaCI6wDvMMHnhjeryS7Ckr5jsPDMiYFOWeXIqNycuAVk,Mmuaach🥰,5,0,5.3.0_29183395_29332470,2025-01-18 14:15:08,,,5.3.0_29183395_29332470
0b2ed262-5ac8-4111-af27-c43070d748db,Ruth Blessinta,https://play-lh.googleusercontent.com/a-/ALV-UjU9vqLN8fZzHDu2ZWKasdV2edSr6W9oQUszdT6gXYjUO16OSKvn,game baik,5,1,5.3.0_29183395_29332470,2025-01-18 14:12:09,,,5.3.0_29183395_29332470
3415c997-24f2-4b29-b7dd-817cff5dddfc,Tiqáh (Naa),https://play-lh.googleusercontent.com/a-/ALV-UjXixlw9F57LmSahrz_O1tnZAiax-4ihlLJZsOXZC3uOeVDR9riB,"i love this game! grafik keren meskipun ngeleg ngeleg di hp ku ini :), alur cerita bikin merinding banget apa lagi pas cut scene animation, keren! tapi satu yang masih bikin kesel, gacha karakternya :). bukan kikir, tapi pelit aja buat orang yang f2p, kasian eksplorasi dari malem ampe subuh lagi eh ga dapet *5 . saran ku weapon *3 hapus aja dari banner karakter. waktu itu kesel banget ngepull nahida yg pulang diluc, ampe pundung 2 hari ga nyentuh genshin. genshin impact? more like sabar impact",4,31,5.3.0_29183395_29332470,2025-01-18 12:54:55,,,5.3.0_29183395_29332470
fd53b083-4402-495b-b185-6906ad35ad6e,Eka Adjoes,https://play-lh.googleusercontent.com/a/ACg8ocIOve0wtAqfBdmQRTXUBPifu_gm9pdk0AavQhqj6hdNaq3eFw=mo,Baguss,4,0,5.3.0_29183395_29332470,2025-01-18 12:46:49,,,5.3.0_29183395_29332470
cb628971-c3a1-4b6b-aeb2-3127ec93c07b,Def Def,https://play-lh.googleusercontent.com/a-/ALV-UjV8hlNx6dABLivREAvgWnb1oFPT8AwHV0wKUNuIlZbRMiNtV_g,sangat cocok untuk pecinta grafik dan story,5,0,5.3.0_29183395_29332470,2025-01-18 12:29:17,,,5.3.0_29183395_29332470
0cd11e29-1e34-48cc-973d-2d522ba1ec00,Muhammad Nazwa,https://play-lh.googleusercontent.com/a-/ALV-UjWRzQtj-8K4xrIwV1CwwyiyY4Zwd_x86T6VGD29MncX6EmDh5wM,"developer cepat di benarkan untuk tampilan uinya, di game lain seperti hsr dan zzz padahal berfungsi dengan baik ketika saya menggunakan mode small di ui hp saya, kok genshin sendiri yang ngebug 🙏🏻 pliss saya tidak mau pensi dari game kesayangan ini.",4,1,5.3.0_29183395_29332470,2025-01-18 12:17:14,,,5.3.0_29183395_29332470
73a45543-a528-402b-b8c8-31e2e9c80af6,Flooofferr,https://play-lh.googleusercontent.com/a-/ALV-UjXm1IFjma_4LIS78TYueIjC2VstoZ1vsJ6HTb7mBDJWsKfXp2qN,tolong perbaiki login gak harus download lagi sesuai progres akun nya download nya ribet banget Makin kesini makin berat gamenya kadang ngelag,2,5,5.2.0_28336591_28351161,2025-01-18 11:56:30,,,5.2.0_28336591_28351161
26bb5722-ac83-469d-a0cc-d622866ac98e,Yios Fanuel Tiven,https://play-lh.googleusercontent.com/a/ACg8ocJ82RoTdwjq1GDJaMZVhLGi9Bkyq25RH7UoHURWodlyu_0Eeg=mo,😎,5,0,5.3.0_29183395_29332470,2025-01-18 11:16:46,,,5.3.0_29183395_29332470
ff5088dc-86a7-4ab4-8bbd-f72559aa6024,Pecinta Limited cdid,https://play-lh.googleusercontent.com/a/ACg8ocJj53RGLw4e_CfHSLScINgAG1Fxto3qqJ9PZR9Mdh2tO3bmqw=mo,Keren dah pokoknya,5,0,,2025-01-18 09:48:54,,,
a45c8b01-fff9-45fe-b7f1-33c7fe0f0719,yani gyantra,https://play-lh.googleusercontent.com/a-/ALV-UjXpKvSYHXHbOyyYqN495LoR3u1b_jvmYil-U1trGqtYPti01QDn,gachanya agak susah,4,0,5.3.0_29183395_29332470,2025-01-18 08:51:46,,,5.3.0_29183395_29332470
77eb489a-d377-43c5-99ca-36ed8f1ff985,soni Priyo,https://play-lh.googleusercontent.com/a/ACg8ocJvMWx0uepJKWkulMpU2BOqnRH4s80prFx8nv_uaK9rk481FQ=mo,"Gak bisa login di game aneh, tulisannya terlalu banyak permintaan, sudah 3 hari ini saya coba sabar2 tapi tetap gak bisa login",1,0,,2025-01-18 08:37:41,Mohon maaf sebesar-besarnya atas terganggunya pengalaman bermain Traveler. Silakan hubungi Layanan Pelanggan kami melalui email untuk mendapatkan bantuan terperinci mengenai masalah ini.,2025-02-18 17:23:02,
c3f2b8f2-f866-4221-b348-360856c3e03f,Eberto Xueshiro,https://play-lh.googleusercontent.com/a/ACg8ocJyn7yYEmwrjmgzYJB6ASkbwbSReyLBAsA2JILZmtHzXrZhUA=mo,Keren,5,0,5.3.0_29183395_29332470,2025-01-18 07:29:33,,,5.3.0_29183395_29332470
096c604d-40da-4006-afca-8e91477bbca2,Childe Tartaglia,https://play-lh.googleusercontent.com/a-/ALV-UjW6lY1SL836dw444Hkz-7lMleXFj8FTvZBd8EaIoMUa2AMHzjM,Semoga sistem gacha di game ini lebih wangi kedepannya,5,0,,2025-01-18 06:11:42,,,
1445d1aa-2e3d-4ceb-9cf3-d13abc5a486a,Don't ask Who i am!,https://play-lh.googleusercontent.com/a-/ALV-UjVtvOX0hUlzfQ6fMxPHhQ-zcjs-Hv-dk3boUz8-FkOm2TiT23c,"4 kali gacha di banner limited kalah terus gak pernah di kasih menang, high pity semua lg ajg",1,1,5.3.0_29183395_29332470,2025-01-18 02:12:32,"Halo, Traveler! Traveler dapat melihat aturan sistem Wish di bagian [Rincian] pada halaman Wish. Jika kamu memiliki pertanyaan tentang perincian dari aturan tersebut, silakan hubungi tim Layanan Customer Support kami melalui feedback in-game atau melalui email.",2025-02-18 17:22:47,5.3.0_29183395_29332470
bff03837-d7e6-428b-8dee-bba0f6e3ac56,Muhammad Alfathan Anwar,https://play-lh.googleusercontent.com/a-/ALV-UjUpf8yYynjOooZ7Wp2xZUwlxdyL6izm3uTbYvhq34fqSwFXBmji,"Ini game bagus, tp pihak hoyoverse saya minta tolong sekali, reset resin mohon di percepat sama mohon perbanyak artefak yg bagus Ini aja sih, overall setelah main ni game 1 tahun memuaskan sekali",4,1,5.3.0_29183395_29332470,2025-01-18 01:19:17,,,5.3.0_29183395_29332470
5572ba6b-8d16-4b37-a17b-fd4b57bcb170,Muhammad Fajar,https://play-lh.googleusercontent.com/a/ACg8ocKv1bdRCzVhdwNA3gBncA-Kh7F4GCmgbQPaL9K9ClhRon3PBA=mo,Game nya seru dan menarik saya suka,5,0,5.3.0_29183395_29332470,2025-01-18 00:39:52,,,5.3.0_29183395_29332470
2f9f265a-4fc9-4179-8bd6-7d52108f82a3,Difki Ilham,https://play-lh.googleusercontent.com/a/ACg8ocIAsi6JXWuLVz1mr-zT4rK3FC2kz3zNXR-Stg4yyKp-hw4sbg=mo,"Ni game bagus banget dari efek visual, grafik, dllnya. Apalagi Quest arcon natlannya beh keren parah, cuma minesnya sih mungkin di beberapa bug kecil doang",4,0,5.3.0_29183395_29332470,2025-01-18 00:25:53,,,5.3.0_29183395_29332470
40dcee56-7480-40f5-8bf4-2fb57c77d494,Aska,https://play-lh.googleusercontent.com/a/ACg8ocK0RQeT4ufCdTU3eqQydTMDpHQP_ej4UoPBI46LL3q4JXvAZA=mo,Seru tapi banyakin bonus primogem,5,0,5.3.0_29183395_29332470,2025-01-17 23:34:12,,,5.3.0_29183395_29332470
51bdfafd-16a2-41e0-94c9-d2a06e63bd0f,Aryaaa _07,https://play-lh.googleusercontent.com/a-/ALV-UjVUWXaPvtzw5ovRnUGpGKzvWDBk8yFPIhNFiU-OHE8f1aVu7LpO,cashgrab,1,0,,2025-01-17 22:08:01,,,
8cd5f089-d603-47a3-b5d3-083cd43e7fca,Lyza Riko,https://play-lh.googleusercontent.com/a-/ALV-UjXt7xCv9l0Ky19ZJAVix1g10cjLahQ_9MJp9xDshuZ58SEGfdU,Jeringan nya sering terputus,2,1,,2025-01-17 21:42:28,,,
3504a4eb-a338-4d3f-80b4-b9d3ba6d0121,Rivan Saputra26,https://play-lh.googleusercontent.com/a-/ALV-UjVbzf8ihdaax3FQCvs7GlrDSHqSQZPSjwgA7H5um2LtVkHgGRY,Game kikir bikin boring,3,0,5.3.0_29183395_29332470,2025-01-17 21:36:15,,,5.3.0_29183395_29332470
8a545e5c-cebc-4c6f-b709-db4fc4703ab7,zulfah mil,https://play-lh.googleusercontent.com/a-/ALV-UjWMmRuo6--3PphW4uwaGxOZvx4K6GCYwC4jlnxSReCPVeJK0cvp,Tidak ramah😡,1,0,3.2.0_10872902_11078128,2025-01-17 19:38:15,"Terima kasih atas dukungan Anda terhadap Genshin Impact, Traveler! Kalau Anda mengalami kesulitan apa pun yang berhubungan dengan Genshin Impact, silakan hubungi kami melalui email atau feedback in-game untuk mendapatkan bantuan.",2025-02-20 16:55:53,3.2.0_10872902_11078128
b64a2155-c082-4875-809b-3290fb91124c,I love Sunset,https://play-lh.googleusercontent.com/a-/ALV-UjWSeMYH8UNwjY1bfCztioqRTdUjhdtEID4qUpyMoCpBt_gQR6n9,Bagus banget,5,0,5.3.0_29183395_29332470,2025-01-17 19:20:31,,,5.3.0_29183395_29332470
463cec01-ea62-4314-bede-591e235c5533,MUHAMMAD REVI GUCI,https://play-lh.googleusercontent.com/a/ACg8ocKEJWyUkI9sNBj0x15WMeW5bpVwyA4-gmAFJFPrDVTRGkm4YQ=mo,Sangat bagus TPI kalau masuk gerbang pintunya jangan lama banget segitu aj terimakasih developer yg telah membuat game ini,5,0,5.3.0_29183395_29332470,2025-01-17 18:55:10,,,5.3.0_29183395_29332470
14df3529-aa08-4779-bbb4-5bbe2d60baff,Noufal,https://play-lh.googleusercontent.com/a-/ALV-UjX7oappLKaXrE5XS_zgUdfRO4SDVyV-aKDfDVpiGiDQWCsoQ9q3,win rate is lie,5,0,5.3.0_29183395_29332470,2025-01-17 18:43:58,,,5.3.0_29183395_29332470
50ad68d8-b7a7-49d0-ad12-d9f129e49545,Kayla Ramadani,https://play-lh.googleusercontent.com/a-/ALV-UjW0DHSF6Vv2mo0c-Jf-Xc4V0cDtMeuucc-tJ9t_FmfZ9TSXV3A,Banyakin bansos nya😁,5,0,5.3.0_29183395_29332470,2025-01-17 18:29:53,,,5.3.0_29183395_29332470
c0940f94-cc0c-4c2d-8589-c7cd4fe5c687,Sae,https://play-lh.googleusercontent.com/a/ACg8ocJINPvW8UbJrstd5xSQBIaZf1_-rcko0StM9LsiGWoYrly23g=mo,nice game,5,0,5.3.0_29183395_29332470,2025-01-17 18:09:00,,,5.3.0_29183395_29332470
6a96b4ea-13dc-4f51-b788-560ec466808a,Faisal Ihsan,https://play-lh.googleusercontent.com/a-/ALV-UjXtpjceYAPq1YvbsLpyO_PCP7EzZJRj7TQBdKZKWduaO-pDQzW2,Arle players are disappointed with the presence of Mavuika,1,0,,2025-01-17 16:30:07,"We sincerely apologize for your unsatisfactory experience, Traveler. If you have any feedback or suggestions, please send us an email or contact Customer Service via in-game feedback to help us improve the game.",2025-02-20 16:48:16,
b1719c18-a23f-443a-beec-07aef1d3a40d,RAJA MURAH BULIAN,https://play-lh.googleusercontent.com/a/ACg8ocLJgeeO-mFo62Tprh-dCS5rzPcdqwnRVN5iqgpdawwFSS0Y2A=mo,Best game di mobile,5,0,,2025-01-17 15:51:56,,,
2c085608-0e30-4503-951b-38ad0d5452d3,Nico AleNz,https://play-lh.googleusercontent.com/a-/ALV-UjU-dupe8oMfu0ifaevvL1HGfsW4UqDZG3pIi-sKBJT8-rHanEBN,"Aneh ya, tau game ini hanya meraup uang, ketimbang kenyamanan pemain, yg main ni masih ngeluh, hadee..",1,1,,2025-01-17 15:42:37,"Terima kasih atas dukungan Anda terhadap Genshin Impact, Traveler! Kalau Anda mengalami kesulitan apa pun yang berhubungan dengan Genshin Impact, silakan hubungi kami melalui email atau feedback in-game untuk mendapatkan bantuan.",2025-02-20 16:51:26,
0231cabd-7790-40a0-bf4a-8e8661d187e9,Abdul Kohar,https://play-lh.googleusercontent.com/a-/ALV-UjWzMG937qIhjVMyYT6C_jLfQXmj38GDgCQ4ajq1sEntd-gxAO85,How many years has it been and it still doesn't support gamepads on Android?,2,0,5.3.0_29183395_29332470,2025-01-17 15:38:59,,,5.3.0_29183395_29332470
1b0b8614-74fa-434d-9b05-62279ac64aeb,Kiryu Sento27,https://play-lh.googleusercontent.com/a-/ALV-UjURepJ_csZ-GZQ_QzMjVgyHO7b2KLzJQ8seX1_1grPthOVVVZaF,Game nya keren,5,0,5.3.0_29183395_29332470,2025-01-17 15:00:51,,,5.3.0_29183395_29332470
287dea1b-913f-4833-977a-cb172e0a9cee,Catheez Chaterine,https://play-lh.googleusercontent.com/a/ACg8ocL4qOjJO9meE9sODeJy8YlOThVhQhnXwxZNTLILEN24Om_9Ig=mo,Game baik,5,0,5.3.0_29183395_29332470,2025-01-17 14:32:50,,,5.3.0_29183395_29332470
30a2b266-273b-434d-bf0e-5b022c3b52b4,Camella Austen,https://play-lh.googleusercontent.com/a/ACg8ocJq3PQFsN1gxo6PDCNqcqrmvfVx7fxcv3tJj_YtE5b-wPJDFw=mo,BUGGGGG,1,0,,2025-01-17 14:21:24,"Kami mohon maaf atas permasalahan ini, Traveler. Silakan hubungi kami melalui email atau feedback in-game untuk mendapatkan bantuan lebih lanjut tentang masalah ini.",2025-02-20 16:46:22,
9ac0f16b-aa13-4a5f-add5-4e9545ad61b2,Ryuu-chan,https://play-lh.googleusercontent.com/a-/ALV-UjVRbEftdL1Ks1OJFFwWK-3doOnTbYb-_vmboyTttJPEn7_jWK4,drop rate artefak nya najis,1,2,5.3.0_29183395_29332470,2025-01-17 14:04:25,"Kami mohon maaf atas permasalahan ini, Traveler. Silakan hubungi kami melalui email atau feedback in-game untuk mendapatkan bantuan lebih lanjut tentang masalah ini.",2025-02-20 16:45:13,5.3.0_29183395_29332470
3f23b001-c500-4acb-ab38-a4ec564d12bc,Bayu Tokk,https://play-lh.googleusercontent.com/a/ACg8ocJlBL6M3Dwa76JEsHaT4MPh-t7MuyYGMSfaHn1dCFNo9En1Hg=mo,kerenn,5,0,5.3.0_29183395_29332470,2025-01-17 14:01:50,,,5.3.0_29183395_29332470
cb6435bd-ca79-4205-9b5a-bdea0847e5e2,muniati,https://play-lh.googleusercontent.com/a-/ALV-UjU4aMaGHiWv5TAIlndum1cPaD8ryvR88LvWD0PQGa081qhsJ-zy,ckup ousi,5,0,5.3.0_29183395_29332470,2025-01-17 13:42:41,,,5.3.0_29183395_29332470
e8a81e3b-9e2b-4d77-a454-258a807868b9,Syanrama Al buchori,https://play-lh.googleusercontent.com/a-/ALV-UjVilPoFJAlVjMHpcG6AEZBqHtEjA9WtWNiKm5jp47PdqKobJSk,Game nya seru sekali!!!!,5,0,5.3.0_29183395_29332470,2025-01-17 13:10:11,,,5.3.0_29183395_29332470
b13e84f7-b577-4d09-b6eb-7f285c18cfa1,Yoga Rahma,https://play-lh.googleusercontent.com/a-/ALV-UjXuuusRTndv9EhBHXgOfEznc3SWVnHWLgiu8m6uyOlleNVxswgq,Game nya bagus cocok buat hp gw yg samsung s23ultra bisa 120 fps grafik low dan kalo grafik rata kanan gk tau nyoba karena aku pakek yg grafik mid biar fps ku tinggi dan game nya bagus bisa jelajahin gitu pokok nya seru,5,0,,2025-01-17 13:00:47,,,
e8ac83df-1ce4-432a-ab18-3be2e20327e5,Wulan Sari,https://play-lh.googleusercontent.com/a/ACg8ocJQE5Ky8GmhK6esqlf-einvLwkjXlU2FT-mQFoCQCI6a33X5Q=mo,ngasi musuh yg ngotak dikit lah ngentd,1,0,,2025-01-17 12:26:59,Mohon maaf sebesar-besarnya atas terganggunya pengalaman bermain Traveler. Silakan hubungi Layanan Pelanggan kami melalui email untuk mendapatkan bantuan terperinci mengenai masalah ini.,2025-02-12 18:37:04,
d326b570-e765-448b-9961-1edeb15e3759,Zerlinda Yasmin,https://play-lh.googleusercontent.com/a-/ALV-UjWqBIbBSa1Wrq2m7eVeJWfJwQZdr6rNU8ExBE8hFuRv99va9S11,"artefkanya pelit bgt njir, busuk",1,0,5.3.0_29183395_29332470,2025-01-17 12:15:18,"Kami mohon maaf atas permasalahan ini, Traveler. Silakan hubungi kami melalui email atau feedback in-game untuk mendapatkan bantuan lebih lanjut tentang masalah ini.",2025-02-20 16:45:54,5.3.0_29183395_29332470
5992d2b0-5930-45b2-9b24-0a2e82cec025,MSR_N2 Channel,https://play-lh.googleusercontent.com/a-/ALV-UjUS5ycmgEAoB4zJBwP5-LykqLudiae9VYhQ-AEavkmQ3ZBR7_Q,Keren banget,5,0,5.3.0_29183395_29332470,2025-01-17 12:10:36,,,5.3.0_29183395_29332470
449941c4-f83b-450c-ab3f-7260cb0b93a6,soulthan ganteng,https://play-lh.googleusercontent.com/a-/ALV-UjVrb1eudiKA_3eBjtFD5y9Rg9ARUBHx19DhlQJ4FOOQJE2GlR8h,Game kikir,1,0,5.3.0_29183395_29332470,2025-01-17 12:02:40,"Terima kasih atas dukungan Anda terhadap Genshin Impact, Traveler! Kalau Anda mengalami kesulitan apa pun yang berhubungan dengan Genshin Impact, silakan hubungi kami melalui email atau feedback in-game untuk mendapatkan bantuan.",2025-02-20 16:49:31,5.3.0_29183395_29332470
2896b7ca-7c09-44bd-a288-0e7ff69c015f,Ammar Arrafati,https://play-lh.googleusercontent.com/a/ACg8ocKSFjhBtdmIQCUgCPxR4r0caQK_U0SOn9ztFVBg21M_hPgNcg=mo,Seru banget,5,0,,2025-01-17 11:46:57,,,
61a628de-3a13-448c-86b4-7a2bcab412a0,suhaindi hendi,https://play-lh.googleusercontent.com/a/ACg8ocJWO_wDIo5SUj4_h0ZxyaFwYW38Cg0E7-zgakJuygn4vvxrNQ=mo,Game terkeren,5,0,5.3.0_29183395_29332470,2025-01-17 11:31:08,,,5.3.0_29183395_29332470
25978587-0a2a-4ba9-84ec-5816fe3c8112,Amar Silombing,https://play-lh.googleusercontent.com/a-/ALV-UjUJObWXmM9YlznaS9IFaHjOsfVvobkCK1xpxI0cPMXMuwkqXuyf,Game nya bagus sekali karna map yang indah dan gua beruntung sampai dapat karakter yang keren sekali Terima kasih kepada developer 😁😁😁😁😁😁😃😃😃😃,5,0,,2025-01-17 11:24:10,,,
0f0486f4-e1ea-453a-b2c6-9d118396a4c8,Algi Turu,https://play-lh.googleusercontent.com/a/ACg8ocLpOfUZ7aqvxTQaHxqWUa99iKo9Qta8A4JZ3E4TbYtY0ZQAGQ=mo,sangat bagus.,5,0,5.3.0_29183395_29332470,2025-01-17 10:40:34,,,5.3.0_29183395_29332470
597820d7-92c8-4019-b365-4370acb50a19,nana sumarna,https://play-lh.googleusercontent.com/a-/ALV-UjUJR6sZhrjRQ9dXo8OV-qv8AHTW1b_HHATo0EgEUtjyKb-4YBn4,story AMPAS tp maksa gk ada fitur SKIP,1,12,5.0.0_26041933_26161852,2025-01-17 10:10:58,,,5.0.0_26041933_26161852
e4d7a4ed-fd0b-4d28-8002-396f4604c88b,BayPra,https://play-lh.googleusercontent.com/a-/ALV-UjWUpgH5f0yze0WBeLVoS2a-vG-o2uFOlHi5ZtDGkZ50d5Ib5g7j,"Good Game, Semoga Kedepanya Region Lama Di Kasih Chest Lagi walaupun Sedikit",5,0,5.3.0_29183395_29332470,2025-01-17 10:09:34,,,5.3.0_29183395_29332470
b6cf01d5-1948-4b9f-b3f2-09edaab250a1,bang ren_00,https://play-lh.googleusercontent.com/a-/ALV-UjU_DYF864NPRjlkxv-R4Dgx9RKR-IqzOWUwvL6oIUWnNP-RCRa4,"Padahal hp gua ram 12/250 semenjak update game nya jadi patah patah,yang biasa nya gua main di grafik sedang ini main di grafik terendah itu juga masih patah patah banget Plis lah tolong di perbaiki lagi,apa gua harus ganti game apa harus ganti hp lagi ini buat main",4,1,5.3.0_29183395_29332470,2025-01-17 10:09:23,,,5.3.0_29183395_29332470
c0275e4f-ccef-4f4e-83a7-2877c1778e21,GEMERZZ RIFA,https://play-lh.googleusercontent.com/a-/ALV-UjVP6TNHvMDDqQXHf8ZBMCGacbrfjxm0HFhMM2OisQl5_8Y2TVs,Mantep tapi banyak ceritanya jirr sampai 30 menit ahhh,5,0,5.3.0_29183395_29332470,2025-01-17 10:09:05,,,5.3.0_29183395_29332470
5e1fcb3d-e7f0-4f1b-9fbb-84dde05a6215,Yuni Mulyawati,https://play-lh.googleusercontent.com/a-/ALV-UjW23lZb5O6HpM9mKFoE4WdgzKIFQMF-Vtn2uU7Ys0Y8XaV8OFI,Seruuu,5,0,5.3.0_29183395_29332470,2025-01-17 09:36:36,,,5.3.0_29183395_29332470
8c821841-9ce5-4d27-8605-a6b8b3a03dcd,Fahrel Justin Winandhi,https://play-lh.googleusercontent.com/a-/ALV-UjUeaPY0Typd_qnPXfKTHcEEfkyXfFztCbVfT7CdUd66bNDFHDY9,Untuk sekarang genshin bagi-bagi primogem yg sangat banyak,5,0,,2025-01-17 08:52:37,,,
7f803035-3065-4503-a325-17588b5fe966,paradise,https://play-lh.googleusercontent.com/a-/ALV-UjUwzxGTuBfcdV41SHL7NS1ltUmKdb5ziKby5vdzp_3lwW8Kk3Rx,"untuk keseluruhan game nya udah bagus, cuman masih mines di chara nya aja yang kebanyakan perempuan, saran untuk next update mungkin bisa di tambahkan lebih banyak chara laki2 yang cool",5,0,5.3.0_29183395_29332470,2025-01-17 08:17:11,,,5.3.0_29183395_29332470
f4684a1a-aa3e-4349-9349-19eaf09da796,Spotiffy,https://play-lh.googleusercontent.com/a-/ALV-UjXS25vBh8CxPlkmkEwnYfeTLs0Fzp4pO2mv2OOCRtPYPbdrBRJn,"Perasaan dulu gak kek gini deh sebelum update gede""an",1,0,,2025-01-17 08:05:21,"Terima kasih atas dukungan Anda terhadap Genshin Impact, Traveler! Kalau Anda mengalami kesulitan apa pun yang berhubungan dengan Genshin Impact, silakan hubungi kami melalui email atau feedback in-game untuk mendapatkan bantuan.",2025-02-20 16:46:48,
fbc2bc4f-7fdd-490b-9ea7-16497efea071,Mvonk Waee,https://play-lh.googleusercontent.com/a-/ALV-UjUbMs3bSxS83axGYcUj8RWMrW17pR2S76I15_0ZK7XTh9O5lYk2,Good,5,0,5.3.0_29183395_29332470,2025-01-17 07:50:55,,,5.3.0_29183395_29332470
614b497c-2c36-43af-9bed-581af4e17654,Mantap Mania Mancing,https://play-lh.googleusercontent.com/a/ACg8ocIPclDi7gXx48JUSCJ-Mfm_ySDTnR_cmXpPIpZoBF8oMUqOjg=mo,Bagaimana cara nya kembali ke akun saya yg lama Mohon pencerahan nya,1,0,,2025-01-17 07:40:44,Mohon maaf sebesar-besarnya atas terganggunya pengalaman bermain Traveler. Silakan hubungi Layanan Pelanggan kami melalui email untuk mendapatkan bantuan terperinci mengenai masalah ini.,2025-02-20 16:51:51,
720907d9-28b7-4391-a7b1-9308e39d4ad3,doni ro,https://play-lh.googleusercontent.com/a-/ALV-UjXfsedeDUIoqTUdN0ZfsenifXXqDdj0XwQWDqAemmb4znf-fY1t,Tolong beri fitur gamepad agar tangan kami tidak kepanasan saat memainkan game berat ini..!,5,0,5.3.0_29183395_29332470,2025-01-17 07:35:42,,,5.3.0_29183395_29332470
58a6685a-545b-43bd-8b2c-972cb5bf0529,Zaki Manusia,https://play-lh.googleusercontent.com/a/ACg8ocJY_Cg0OIu9Sxb30dxaemSoYLrkUO4CNotKxidsjEiVCKEV_A=mo,Game kntl kalah rate off mulu,1,0,,2025-01-17 00:38:33,"Halo, Traveler! Traveler dapat melihat aturan sistem Wish di bagian [Rincian] pada halaman Wish. Jika kamu memiliki pertanyaan tentang perincian dari aturan tersebut, silakan hubungi tim Layanan Customer Support kami melalui feedback in-game atau melalui email.",2025-02-20 16:45:30,
3d539915-d718-4715-96c1-8ca61bdcc9e9,anisa permatasari,https://play-lh.googleusercontent.com/a-/ALV-UjVt4aO4TdV6pFjgxc6CEtiDhFQJigM4mX7utCygDNbAbipAJmU,"Taik kau naro boss makan waktu d spiral, mo ikutan lads kah kau anjim????",1,0,,2025-01-17 00:33:29,"Terima kasih atas dukungan Anda terhadap Genshin Impact, Traveler! Kalau Anda mengalami kesulitan apa pun yang berhubungan dengan Genshin Impact, silakan hubungi kami melalui email atau feedback in-game untuk mendapatkan bantuan.",2025-02-20 16:47:57,
766600a0-b35e-4996-9bd0-40b792e459f9,Annur Auji,https://play-lh.googleusercontent.com/a-/ALV-UjW4fcvN7efCTSasibMMDDEVZtmjNlfBAF6nw72p4abVaA91VXUw,"Yang awalnya gw kasih B3,sekarang malah Arle di nerf,Game RPG kok maen nerf karakter,Biar apa?Biar muavika LAKU AKWOAKOWK,bukannya makin bikin player seneng malah maen nerf²an,Sama aja lu udah beli barangnya tp lu ambil paksa sebagian yng udh lu beli(Alias ngerampas),Makin malasssss maennn,Game Maling",1,3,5.3.0_29183395_29332470,2025-01-17 00:27:26,"Terima kasih atas dukungan Anda terhadap Genshin Impact, Traveler! Kalau Anda mengalami kesulitan apa pun yang berhubungan dengan Genshin Impact, silakan hubungi kami melalui email atau feedback in-game untuk mendapatkan bantuan.",2025-02-20 16:50:25,5.3.0_29183395_29332470
5dd4c9c7-f871-49f9-851a-9f249fc94f04,Mirai Nokishi,https://play-lh.googleusercontent.com/a-/ALV-UjXochHzf49r8nEPezTHBi1RvPjCv_m_wwvb_dAnO4FPhtLEuHg,Terlalu kikir males nguli lagi udh pity 75 dapet jean dah malesss,2,0,,2025-01-17 00:05:07,,,
037fc0da-1748-4f4f-a476-780d69760f02,Kaleng Krupuk07,https://play-lh.googleusercontent.com/a/ACg8ocJFw4LnRoFqIU3HcIvDaAh--m3A2kmCrjWF4GGU1WQek2xs_g=mo,It's so amazing,5,0,5.3.0_29183395_29332470,2025-01-17 00:05:04,,,5.3.0_29183395_29332470
64418f3b-e356-48e4-9ffa-5ac309ba77cb,Kael Morvain,https://play-lh.googleusercontent.com/a-/ALV-UjVdUELRCo0AtOTxXgdEIuV9Vkc8zPP6pyPYkXoMyQObhzCY_lL4,WIRO JUST GIVE ME WIRO!!,5,5,5.3.0_29183395_29332470,2025-01-16 23:52:13,,,5.3.0_29183395_29332470
85de05a5-96b0-44cc-8419-85de96117cb2,Putaru GCR,https://play-lh.googleusercontent.com/a-/ALV-UjUwBsYhelqFzFprxD7u5HHf1E2cewewdyImj0oFxGShTcIP3TBX,"Spiral abys is too hard for casual player, even not all old player can do floor 12",4,6,5.3.0_29183395_29332470,2025-01-16 23:32:35,,,5.3.0_29183395_29332470
2a8a058f-bda4-4658-aaca-b00b940ec7f7,Imas Cica,https://play-lh.googleusercontent.com/a/ACg8ocLUXsxIq7XTfjImD1hcYPjQN-0vZi8zWDWpwlRszCMpVMQFZ0s=mo,Lama ajg download nya developer gila emang download malah berhenti di 0 % mulu game rusak,1,0,,2025-01-16 22:22:04,"Halo, Traveler! Terima kasih telah mendukung Genshin Impact. Fungsi fitur pra-unduh adalah untuk memberikan player akses pada konten terbaru lebih cepat sewaktu versi terbaru dirilis. Jika Traveler mengalami masalah sewaktu pengunduhan, silahkan menghubungi CS kami melalui email. Kami akan memberikan bantuan/jawaban yang sesuai untuk Traveler.",2025-02-13 17:17:14,
ee0acc9b-1853-447c-a15f-ed41f44821ee,rel,https://play-lh.googleusercontent.com/a-/ALV-UjWA7goStbbN_7Tds2SKnwRpwNBhjqwGm3jDfOg10KnMXZZplMUu,Muach,5,0,5.3.0_29183395_29332470,2025-01-16 21:20:11,,,5.3.0_29183395_29332470
63fb1a74-5aaf-425e-8541-d0663d162364,Nafiss,https://play-lh.googleusercontent.com/a/ACg8ocJWT7Q_G3FKE4rMwwzuwV4SVgcoOCJUlE2KZNwfyu1xC4Ugeg=mo,Bagus banget,5,0,5.3.0_29183395_29332470,2025-01-16 20:57:18,,,5.3.0_29183395_29332470
d17ac748-e4f9-4dd3-8ec8-2c43e3d4d8f8,riffai pai,https://play-lh.googleusercontent.com/a/ACg8ocKMu4p5-cPIXVEFe2aPxbkro4fj7hM3ky2_kNUN7z1mWQc4iA=mo,Mantap 👍👍😁,5,0,5.3.0_29183395_29332470,2025-01-16 20:49:08,,,5.3.0_29183395_29332470
828b36be-f4d7-42e4-907f-4b8082497f22,Ahmad Zarkasi,https://play-lh.googleusercontent.com/a/ACg8ocJiEDAu3vPkjDxqi_jSQzvq9aOb2jAQWnC4RCZvLturSVTZqg=mo,Gerafik nya aku suka tapi doulod nya lama bener tolong diperbaiki agar gak terlalu lama loadingnya,4,0,,2025-01-16 20:37:11,,,
0fda6d5d-37ff-4d00-8cb3-a05c7d22a4b5,KagenoooDinzz,https://play-lh.googleusercontent.com/a-/ALV-UjUAWhu-qMetEvdW3nAqAPlN9HcV4FRdFNzf2K6wfTUe4MdbGNF7,Makasih Mavuika nya (gw gadapet frierien di gt),5,0,,2025-01-16 20:01:19,,,
99c0dc65-a553-41ed-944d-83c81f04d09b,Saeyra Saeya,https://play-lh.googleusercontent.com/a/ACg8ocIRlWs4JCLqhmqWByCE8NwVFtFxmjeveVR699JH4hRIm5rtCg=mo,This game is really cool! also the characters design is so pretty￶!!,5,0,5.3.0_29183395_29332470,2025-01-16 19:54:37,,,5.3.0_29183395_29332470
63ffb2fd-ba3d-44fe-9ca4-572c27c296af,Arya Saputra,https://play-lh.googleusercontent.com/a-/ALV-UjV3GMHW4grGKshibhu_BKxI3o60WEv1NtuKyZWxFtMsu6aCoE--,I hope in the future Genshin will hold a Collab,5,0,5.0.0_26041933_26161852,2025-01-16 19:46:27,"Hello, Traveler! You can view the Wish System rules in the Details section of the Wish screen. If you have any questions about the details of the relevant rules, please feel free to contact our Customer Service team via the in-game feedback channel or email.",2024-12-17 17:10:50,5.0.0_26041933_26161852
1f64b338-ae3c-41bd-8937-1d655b9ad53f,Jeane Neisya,https://play-lh.googleusercontent.com/a-/ALV-UjVLX818ayzn9YijUZfAxAVx0HwGWoGhvK74aBApQ65AQ099X6EM,"Game nya bagus, tapi tolong tambahkan fitur skip dialog",5,0,5.2.0_28336591_28351161,2025-01-16 19:42:54,,,5.2.0_28336591_28351161
aeae7748-aad7-4c37-bb86-2f653409eb18,Lutpi Lupi,https://play-lh.googleusercontent.com/a/ACg8ocItjLxnNCIJenjyXfa3J0THqITzCv7cgnsxg_aDW3uTO5EiiQ=mo,Sejujurnya bagus tapi untuk gachanya agak nyebelin ya😔,5,0,,2025-01-16 19:39:50,,,
1d791d55-100a-4461-8d68-edccd23b5e83,Noaa Kaslana,https://play-lh.googleusercontent.com/a-/ALV-UjUADkTA6bwfCawtd3DxdkB6t8HMx9dhiiKIksriVP-CkP593DkS,Thanks hoyo,5,0,5.3.0_29183395_29332470,2025-01-16 19:09:30,,,5.3.0_29183395_29332470
fae0e8fd-5969-4418-ba2a-e51d5d94ca69,Eno Dito,https://play-lh.googleusercontent.com/a-/ALV-UjU9aM6AYyT8TBWqCNJn7iLb5dr2QBu0Zlj31p0u8WICaMMgEqQF,Cukup bagus,5,0,5.3.0_29183395_29332470,2025-01-16 18:50:08,,,5.3.0_29183395_29332470
0349c7d4-2021-4576-8189-02dfa473a029,Rizki Ahmad kausar,https://play-lh.googleusercontent.com/a/ACg8ocJW_dxDBhJTb1nLasPzoWusVVUYS3lziJrGLimzg74Pqup_sg=mo,dah ku kasi bintang lima ayo kasi bansos,5,0,,2025-01-16 18:49:53,,,
3be5f643-ae51-4400-9cb9-555160e54f6d,Muhammad Hafiz Mukti,https://play-lh.googleusercontent.com/a-/ALV-UjWq0MXZvDbArDMHelkcADJOM5s32iTdBt5FNLVLt1CvOJo7deE,"Sorry bintang 1 akun gw bau di segala hal, bintang 2 krna sudah direspon :)",2,3,5.3.0_29183395_29332470,2025-01-16 18:47:02,"Kami mohon maaf atas ketidaknyamanan yang Anda alami, Traveler. Kalau Anda memiliki masukan atau saran, silakan hubungi kami melalui email atau feedback in-game.",2025-01-14 17:02:23,5.3.0_29183395_29332470
0edc54fd-4baf-48a3-91e6-4cd423c27961,Wahyudin Blengsung,https://play-lh.googleusercontent.com/a/ACg8ocJok006hiJfo4C16zieP4j1jaz6wZQib_R0O9ZkcJTLwJoDQQ4=mo,if i didn't get Mavuika or Citlali maybe i should say that this game is trying to make the players spend their money just for cool character,3,0,5.3.0_29183395_29332470,2025-01-16 18:38:30,,,5.3.0_29183395_29332470
1f7ba9d5-9bc1-492c-aa35-8e13b295b816,Rimuru Wibu,https://play-lh.googleusercontent.com/a/ACg8ocKTyyKYDsHb3NTIqNlTH0ug043A2z0der96vsIDeo-rQtu9mA=mo,bagus,5,0,,2025-01-16 18:36:33,,,
b0fa44fd-fcd3-4a5b-86f7-3a13f8f211a7,Vanity 666,https://play-lh.googleusercontent.com/a-/ALV-UjVoyefIfYSMSoU2Rr9OmmSCgf1ASnrukXgtK9_YgEgwCVrgvqtY,👍,5,0,5.3.0_29183395_29332470,2025-01-16 18:34:56,,,5.3.0_29183395_29332470
7ef6ec10-9055-4432-bfe4-6ea38608582b,Arjun Krisindo,https://play-lh.googleusercontent.com/a-/ALV-UjWKNbM5xWeMHvoPKCbZVR6g1abBbp05x41W_P6WhRwPY7W4P3bX,Mending main ZZZ 👍,1,1,,2025-01-16 18:23:32,"Terima kasih atas dukungan Anda terhadap Genshin Impact, Traveler! Kalau Anda mengalami kesulitan apa pun yang berhubungan dengan Genshin Impact, silakan hubungi kami melalui email atau feedback in-game untuk mendapatkan bantuan.",2025-02-20 16:48:54,
1d941030-03be-427e-a0b7-2f14c9c30ee1,Rudi anto,https://play-lh.googleusercontent.com/a/ACg8ocK6AjCtp1CplDNvNaPwJ4Y_EfprwuOCitcxrC07UleWvMvSX8s=mo,Bagus,5,0,5.3.0_29183395_29332470,2025-01-16 17:58:50,,,5.3.0_29183395_29332470
6cbaae65-8d5a-4d52-8614-283a2593703c,Gilang Ahmad,https://play-lh.googleusercontent.com/a-/ALV-UjUwdTAplZFw6k_P1m6h2zWBBsIRHrkRV5peZw3G3_V89LZbfmb_,klo bisa tambahkan tombol skip di saat percakapan karna klo untuk beberapa orang yang sudah tau ceritanya pasti membosankan harus menunggu,5,0,5.3.0_29183395_29332470,2025-01-16 17:44:39,,,5.3.0_29183395_29332470
f4b43e43-43b2-49c8-aac7-a69bd2c0ff27,Zed Zero,https://play-lh.googleusercontent.com/a-/ALV-UjWLAb_PIfwm1Fxfx6ym3wOUQ6U2ic2JI10Qy7mhSmRgBj3GvnKQ,Game mahal,2,2,5.3.0_29183395_29332470,2025-01-16 17:10:11,,,5.3.0_29183395_29332470
2760c062-eb65-4d9a-b440-f4c3128b91d2,Umar Cah,https://play-lh.googleusercontent.com/a/ACg8ocJoyL83fT8_KhMqeR_UwEQYL8eNdO3pZSpBk9DZn5-qpyHNYA=mo,"Game tidak jelas saya tidak download,atau buka play store tiba tiba sudah ada gensit impact di hp gua padahal sebelumnya tidak ada aneh",1,0,,2025-01-16 16:52:31,"Kami mohon maaf atas ketidaknyamanan yang Anda alami, Traveler. Kalau Anda memiliki masukan atau saran, silakan hubungi kami melalui email atau feedback in-game.",2025-02-20 15:16:52,
c9c08782-746a-4137-81b2-936707a3a175,Davin Devan,https://play-lh.googleusercontent.com/a-/ALV-UjXETIZ31CrWREnkgUtm2yrs0XpOHPAOUmjq4vE1Zop3zxG0byfd,Kebanyakan gb,1,0,,2025-01-16 16:45:33,"Kami mohon maaf atas permasalahan ini, Traveler. Silakan hubungi kami melalui email atau feedback in-game untuk mendapatkan bantuan lebih lanjut tentang masalah ini.",2025-02-20 15:17:26,
2bf2f66b-373d-4c0a-9d91-058339ed1243,Zul S,https://play-lh.googleusercontent.com/a-/ALV-UjWlTj745RTrtzjr5f71oixXwjEsjNPRifU1M2hMsCeC-dV7sK8,Karakter baru makin banyak karakter lama Ter abaikan seperti Zhongli dan arataki itto cuma karakter itu yg buat aku masih bertahan main klo begini terus karakter lama ga bisa jadi malah harus pusp karakter baru yg belum tentu bisa,4,1,5.3.0_29183395_29332470,2025-01-16 15:51:23,,,5.3.0_29183395_29332470
fbee3ec6-803f-4da8-aa8a-00f2a96655a5,Ichsan Mubarak Matorang,https://play-lh.googleusercontent.com/a-/ALV-UjVNDAySRJ4ztoA5grWhKKCdNMD-yNb_sW15p_ak7Q_1Db67ondE,"Ini game keren, cmn berat. Kasian hp2 kentang kek gw nih, hp gw sampe restart2 sendiri. 🤭",4,0,5.3.0_29183395_29332470,2025-01-16 15:10:09,"Halo Traveler!

Kunjungi Web Official Genshin Impact untuk informasi perangkat yang kompatibel dengan Genshin Impact. Dan untuk menemukan penyebab masalah kamu, silakan hubungi CS kami melalui feedback dalam game atau email dan jelaskan masalah kamu secara rinci.

Kami akan memberikan layanan game berkualitas kepada semua Traveler.
",2023-01-12 20:12:40,5.3.0_29183395_29332470
b2e7b061-2d0b-443c-a273-4f076a11e449,MΛFTΥ,https://play-lh.googleusercontent.com/a-/ALV-UjUmMGHL_Iz_VJh_-nQxODzEbaqcuAhXzKpoA-Cx1DimEqPujBmc,Game scam bangsat,1,3,5.3.0_29183395_29332470,2025-01-16 15:05:30,,,5.3.0_29183395_29332470
a92fde07-3bcc-4d84-b301-8c3d142dea1e,Sitorus Pane,https://play-lh.googleusercontent.com/a/ACg8ocL3QjHMThhq6-fArknXeUArpBwGmzTNNjEfpq8174gemdZcng=mo,Nice,5,0,5.3.0_29183395_29332470,2025-01-16 14:39:06,,,5.3.0_29183395_29332470
a7dcdfa0-734a-47d7-af01-96d7b394e934,Arapandu Praba,https://play-lh.googleusercontent.com/a-/ALV-UjVTAlLLufplKYnbtruYxEFDQV680lPNMcZG-D8DJE6MciQAHcE4,"Keeps lagging even tho my Wifi was normal. Fix thale damm bug, do better.",1,0,,2025-01-16 14:33:33,"We sincerely apologize for this issue, Traveler. Please send us an email or contact Customer Service via in-game feedback for specific help with this issue.",2025-02-20 15:17:43,
a52e1eac-1f13-4a37-8471-572db0ba0bda,Dimas Prasetyo,https://play-lh.googleusercontent.com/a/ACg8ocKBfuduny1X0c3r6b2g_L7nxGO3uZqAfce9Vbjr5v5nmlD4kw=mo,setiap gacha selalu hard pity dan kalah rate off,1,0,5.3.0_29183395_29332470,2025-01-16 13:35:12,"Halo, Traveler! Traveler dapat melihat aturan sistem Wish di bagian [Rincian] pada halaman Wish. Jika kamu memiliki pertanyaan tentang perincian dari aturan tersebut, silakan hubungi tim Layanan Customer Support kami melalui feedback in-game atau melalui email.",2025-02-20 15:18:07,5.3.0_29183395_29332470
662aa8fa-0db6-488c-9840-b27fce5a7076,Ruliana 1327,https://play-lh.googleusercontent.com/a-/ALV-UjV-xs15F-jJ--2-SYx4GBHeKnVddobQ1N3uDr1aHok4fh61r-8,Thank you,5,0,5.3.0_29183395_29332470,2025-01-16 11:41:27,,,5.3.0_29183395_29332470
9d12d10d-8156-42fc-8363-ddb8f5cf4a3e,Muhammad Yusuf,https://play-lh.googleusercontent.com/a-/ALV-UjWQuletpSh5IwADOCSfdqPQO5CyiUJByIRYM9WumsWGVPcmK1A-,Lebih di perbagus lagi lah jaringannya sama event supaya cepat di dapat heronya bintang 5 itu ajah sih makasih,5,0,5.3.0_29183395_29332470,2025-01-16 11:26:58,,,5.3.0_29183395_29332470
e4862bff-63b3-4c6c-8e54-cfda62b9d147,Junior Fernando,https://play-lh.googleusercontent.com/a/ACg8ocIGvbb2KeY0EYS1GNS_yFzRCPpVHIuvkNmcqN1MwYlsn-kOZQ=mo,Keren,5,0,5.3.0_29183395_29332470,2025-01-16 10:37:46,,,5.3.0_29183395_29332470
afce48ad-d615-4c97-9c1d-e84aa19e6796,Abdul Zahid,https://play-lh.googleusercontent.com/a/ACg8ocJ9V_M6TK6L4xNzJIrNn8Iq03I5HTWOBU5CFVMXpgHWkoMEPA=mo,Sangat menyenangkan karakternya bagus-bagus dan sekarang build character dan build artefak telah dipermudah yang kurang pendapatan primogem,5,1,5.3.0_29183395_29332470,2025-01-16 10:31:17,,,5.3.0_29183395_29332470
32425672-9f53-4bec-8cf1-c8f0b5f1be99,Muhammad Sofyan Al Jibril,https://play-lh.googleusercontent.com/a-/ALV-UjVj0tuOMBLkR_tl3u_EZEwNSaRuAQPe21-3VXyZrIOL_rCwx4u9,Game paling pelit sejagat Raya 🗿,1,4,5.3.0_29183395_29332470,2025-01-16 07:41:54,"Kami mohon maaf atas ketidaknyamanan yang Anda alami, Traveler. Kalau Anda memiliki masukan atau saran, silakan hubungi kami melalui email atau feedback in-game.",2025-02-20 15:24:47,5.3.0_29183395_29332470
42fe8b33-78ca-4623-b54d-b0b0b31cb55f,Arief Arvian,https://play-lh.googleusercontent.com/a-/ALV-UjXDKmohkXeQP462x90j-CLyA3mggEEg_-KvoY6Ye4H3LLP1ZA,dah lah ngaco luh hoyoverse .. kikir .. malah dikasih keqing .. ga ngotak,1,4,5.3.0_29183395_29332470,2025-01-16 07:40:00,,,5.3.0_29183395_29332470
eac825f8-df87-49be-8ff5-541f34710fd8,Hans Pratama,https://play-lh.googleusercontent.com/a-/ALV-UjU6fxHsMgxAiyOeuk7xBbkQCAOQ86tqvgg-8bS4G3KmAjxW4mt-,Yaping impack,1,0,5.2.0_28336591_28351161,2025-01-16 07:09:36,"Terima kasih atas dukungan Anda terhadap Genshin Impact, Traveler! Kalau Anda mengalami kesulitan apa pun yang berhubungan dengan Genshin Impact, silakan hubungi kami melalui email atau feedback in-game untuk mendapatkan bantuan.",2025-02-13 17:32:34,5.2.0_28336591_28351161
6b22192d-2a41-4ac3-a9c8-d4a2c82cbbd9,Ramdani Saputra,https://play-lh.googleusercontent.com/a/ACg8ocLDaiGGYRW__oVltl4zy9UVACbfXJLrBvd7b0uC9_XtcTaN3g=mo,Game tai,1,0,,2025-01-16 06:02:55,"Terima kasih atas dukungan Anda terhadap Genshin Impact, Traveler! Kalau Anda mengalami kesulitan apa pun yang berhubungan dengan Genshin Impact, silakan hubungi kami melalui email atau feedback in-game untuk mendapatkan bantuan.",2025-02-13 17:28:41,
59eed2ab-1582-4022-bd88-56de0ed666a8,lamang tapai,https://play-lh.googleusercontent.com/a/ACg8ocJNNmMa9P8VReDZvVuTsQke_zvvDQWs7DD8qAhqhgYdVV-RBA=mo,"game taik, makin kesini makin gak jelas",1,0,,2025-01-16 05:30:15,"Kami mohon maaf atas ketidaknyamanan yang Anda alami, Traveler. Kalau Anda memiliki masukan atau saran, silakan hubungi kami melalui email atau feedback in-game.",2025-02-12 18:45:11,
146dbc87-2fa4-421b-93f1-a2bb43c57b19,Maulana Ridwan,https://play-lh.googleusercontent.com/a-/ALV-UjV1q2Lg-n4OBSdZdc5GsnK6-UFgmJJw5XD2Sq8LTeIKaiiBcwST,"Ada akun setiap gacha selalu kalah rate off + pity nya tinggi aneh, bukan random lgi ini mah",3,0,5.3.0_29183395_29332470,2025-01-16 04:46:52,,,5.3.0_29183395_29332470
78416db4-3592-4f79-81b7-537e3a017632,Tiani Farmanah,https://play-lh.googleusercontent.com/a/ACg8ocLwFIOamoY63QbT2uun5rYIyx5koOZAheah0YTF8VanRstJQg=mo,Jelek,1,0,,2025-01-16 02:39:26,"Kami mohon maaf atas ketidaknyamanan yang Anda alami, Traveler. Kalau Anda memiliki masukan atau saran, silakan hubungi kami melalui email atau feedback in-game.",2025-02-12 18:44:36,
97e2cf1a-5caf-492a-9720-6dcb0703844e,Tendo,https://play-lh.googleusercontent.com/a-/ALV-UjUVfN35HF6lxqy_IXylW3g78kuiPJWCYPw3EmzccaUAJ0ii3Edz,oke,5,0,5.3.0_29183395_29332470,2025-01-16 01:35:19,,,5.3.0_29183395_29332470
d1a28ded-afad-4fcd-9f05-d288f9dd750c,PdlL',https://play-lh.googleusercontent.com/a-/ALV-UjWF7QSWOGnkJwcZ6XE3EKh-9NgNJXMAeA4thD1gty3NqfRBbpY,Akun saya sudah kembali makasih hoyoverse,5,0,5.3.0_29183395_29332470,2025-01-16 00:02:20,Mohon maaf sebesar-besarnya atas terganggunya pengalaman bermain Traveler. Silakan hubungi Layanan Pelanggan kami melalui email untuk mendapatkan bantuan terperinci mengenai masalah ini.,2024-11-20 14:51:06,5.3.0_29183395_29332470
f6722479-2f09-4432-b11e-c58bee7d65ac,Ardel Febyriyan,https://play-lh.googleusercontent.com/a-/ALV-UjXA-d1KMCm7q7aLr8hirNflDWtBjUvfRcu2FqV4LrMAwtfznlpC,"tolong mihoyo untuk world quest dan archon dibuat bisa coop, karena saya mau main bareng cewe sayaa, mohon digubris yaa terimakasih 🙏🏻",5,0,1.4.0_2154667_2147343,2025-01-15 23:24:21,,,1.4.0_2154667_2147343
ba60f4b0-867b-42f2-acfb-6324cf5a2984,Another human,https://play-lh.googleusercontent.com/a-/ALV-UjXZaPqp1du90e-scD9WLsd_meYN9vdrIB3Fb-V4XEW5F3tBjQn2,Please ads skip button AT LEAST FOR WORLD QUEST PLEASEEEEE HOYO I'M BEGGING. I CAN'T AFFORT TO BUY A NEW MOUSE AGAIN AND AGAIN PLEASEE!!!!!!!!!!,1,0,,2025-01-15 22:48:26,"Thank you for your constant support of Genshin Impact. We welcome any valuable input from you. If you have any comments or suggestions you would like to share, please feel free to contact our Customer Service team via the in-game feedback channel or email to help us improve the game.",2025-02-12 18:44:27,
ed250586-1dc4-4bd1-bcdf-07ee20c6688b,JACK_HAN85,https://play-lh.googleusercontent.com/a/ACg8ocIxTCP0hGEV-ypVV6CxVvaJPR45sOIjVc2AzIegzkpKNMDbtaQB=mo,Game seruuuuu bgt,5,0,5.3.0_29183395_29332470,2025-01-15 22:44:53,,,5.3.0_29183395_29332470
6350087d-a64b-4403-8f31-de4ca8dc31d2,Lutvia 27,https://play-lh.googleusercontent.com/a/ACg8ocJ_zj-_HmR4gLaR1WeZgn9K4X3rphvxiTMGfmlTEwxOHkEYlA=mo,Cocok buat main santai,5,0,5.3.0_29183395_29332470,2025-01-15 22:28:46,,,5.3.0_29183395_29332470
e6cec38a-c223-45bd-9d5d-1b2cbe419213,Gerald Ganteng,https://play-lh.googleusercontent.com/a-/ALV-UjUUQy1he5FKbhBunx9lfXGdk8lVhL8M33uGS12xcJ3ojRIlv5CD,Makasih dawei,5,0,5.3.0_29183395_29332470,2025-01-15 22:05:47,,,5.3.0_29183395_29332470
8b76f3c0-72a2-4dc8-a4fe-ac53e414594a,Gendut 2nd,https://play-lh.googleusercontent.com/a-/ALV-UjU5hqCwuYndZTSf-1D3RjL4S5cIz7oodijvsg76JdNQG0rYUuE,the reward of 3rd aniv is not enough wth is 3IF its should be 30IF if you want to aded 3 innit cause its 3rd aniv.,5,0,4.4.0_20481013_20559831,2025-01-15 21:41:08,,,4.4.0_20481013_20559831
d2678128-73c2-4b19-a170-08daebb74320,reikenzieahmadatha,https://play-lh.googleusercontent.com/a-/ALV-UjVFY3q0DZOnkkbHNvIJXnAH0uRZyg11QCJCnq72z8Kpa43sNF7i,Lebih baik main Wuthering waves,1,0,,2025-01-15 20:13:15,"Kami mohon maaf atas ketidaknyamanan yang Anda alami, Traveler. Kalau Anda memiliki masukan atau saran, silakan hubungi kami melalui email atau feedback in-game.",2025-02-12 18:43:35,
5aac0908-e5f6-4bbb-9048-0ef9bf34bc84,Aldy,https://play-lh.googleusercontent.com/a/ACg8ocLEInJgPWO7MRXQ9Z_eVnrWARoSWH0aLrTaFY_7gS4Fb8r3mg=mo,Grafik sangat bagus cara bermain juga bagus sayang jika ingin mendownload data harus nunggu lama Tolong bisa di perpendek,3,0,,2025-01-15 20:05:36,,,
68295231-f2ee-42a7-90a3-acf2201dfb44,Baim aquu,https://play-lh.googleusercontent.com/a-/ALV-UjXBnFY-VErtY3Mzja-eBxTy6h5JH0ekGLqYgGgzkidjiMOnqHdY,Mampus kau aku mau cari solo levelling malah lu suruh ke apk lu terus,1,0,,2025-01-15 19:53:04,"Kami mohon maaf atas ketidaknyamanan yang Anda alami, Traveler. Kalau Anda memiliki masukan atau saran, silakan hubungi kami melalui email atau feedback in-game.",2025-02-12 18:43:27,
421560aa-6d0f-4bb8-8935-0fd9c5361e09,Newbie,https://play-lh.googleusercontent.com/a-/ALV-UjVtLvOjTHJlMWdKm4pOG5sfsUHq2wxwt8p5TA6Q3OQkiTLW2ofR,🤣😅🥲😂😭,5,0,,2025-01-15 19:44:13,,,
f4a1aca8-6333-447c-9ebf-f0fbe13755d7,es teh nasi Padang,https://play-lh.googleusercontent.com/a-/ALV-UjX4SR99l_RxjTUmn4VFLnMoQE9zhqE9iBARW4acG6tpo5ArEfY,asik coyyy,5,0,5.3.0_29183395_29332470,2025-01-15 19:21:23,,,5.3.0_29183395_29332470
6067e795-bb7e-4928-9824-0760b29d0905,Liaa,https://play-lh.googleusercontent.com/a-/ALV-UjVgzT1gXSWwpVaZMvl_H5HZOuDrVlOAonzZVpglvGqYJ0PjRDNA,this game is so cool!,4,2,5.3.0_29183395_29332470,2025-01-15 19:04:13,,,5.3.0_29183395_29332470
4e6ceccf-235a-437a-9c5f-aa58b478eb83,Agil Kun,https://play-lh.googleusercontent.com/a-/ALV-UjWMN5UVCGqta2mI-k1fGugpWlMuK_x_fcWXRodPJ2YbcO71uz4,Bagus. Tpi Terlalu mahal bagi seorng free to play. Pelit -_- Sistem gacha artefak ampas. Sudh hampir 5thun main. Ga pernah dpet artefak bagus. Ampas semua,4,0,5.3.0_29183395_29332470,2025-01-15 18:32:48,,,5.3.0_29183395_29332470
70bb7afd-bbdd-4a70-8f85-646dfc147d7f,von Helsing,https://play-lh.googleusercontent.com/a-/ALV-UjVL6TR7PLTK35ELwCKVEV6Kihkw-ljw5CR6U-XYbwVgdrcZjzL2,"gk jadi la, kalah rate off 2 kali",2,0,,2025-01-15 17:06:36,,,
7e638bf8-a2ec-4ebf-be7d-39bf55a5fba4,Junaidi,https://play-lh.googleusercontent.com/a-/ALV-UjWppRXIrjI1jIBl3Kjt-tq0yyf3KgHxvIsFZseZkRRrpNkva1Y,Seru bgt!,5,0,5.3.0_29183395_29332470,2025-01-15 17:03:09,,,5.3.0_29183395_29332470
5bc9c416-031c-48ff-95ed-243467731102,Nuri Yaenuri,https://play-lh.googleusercontent.com/a/ACg8ocJmlxzhWB87Vojk87gQ18ryvkjanw8lwWOMYCe2a3tkWYEsCg=mo,Sangat bagus dan sangat menarik untuk sebuah game,5,0,5.3.0_29183395_29332470,2025-01-15 17:01:15,,,5.3.0_29183395_29332470
9d072a46-1493-40c7-95f5-b453b8719cd9,Emilia Rika,https://play-lh.googleusercontent.com/a/ACg8ocIdIcMXxsG2NWNI0WdrMkPU6tsnJZ5q5UQgpWcPRWhY6MroHA=mo,"Ini game bener bener bagus grafik udah mantep, kurangnya gada fitur ewean",5,0,,2025-01-15 15:29:45,,,
c42cb48f-7331-4eda-be00-c0f88cefc43c,Raditya Radit,https://play-lh.googleusercontent.com/a/ACg8ocKgdw1wvxW4xUd1pDh0yuJfptRCczfIBS9LNr2ivTNT5EOXwQ=mo,"Seru bgt, tapi sayang capitano tidak playeble",5,0,5.3.0_29183395_29332470,2025-01-15 15:19:23,,,5.3.0_29183395_29332470
2c8b76d8-b3b7-469a-9015-68579934b06e,Zainal Ilmi,https://play-lh.googleusercontent.com/a-/ALV-UjXoj_d8QFTBLQMA5cQyuUWpbDDPp-nBz-EksoFSl1GdBYCmBUln,bagus.,4,0,5.3.0_29183395_29332470,2025-01-15 13:56:09,,,5.3.0_29183395_29332470
7af6f6ed-8527-4906-8531-acdf41b4fcbf,Nipre Gaming,https://play-lh.googleusercontent.com/a/ACg8ocKlNGJz8zfs7JJOr7zBaBsGqQJQLTz7iTxLYVD9q9HJtAyVLw=mo,Gok gok,5,0,,2025-01-15 13:09:25,,,
dd39fd38-9e63-4000-a768-1d3c590ec1e3,Rray,https://play-lh.googleusercontent.com/a-/ALV-UjXqsLOmHN--2Eg4tRfuYcKVmLw_y9KUuGjA2emz9AMuY4o8MDWK,"Great story,decent mechanic but boring and annoying exploration,spiral abbys and way to much thing to do",3,0,2.1.0_3981765_4073622,2025-01-15 12:36:32,,,2.1.0_3981765_4073622
b3c05098-e353-4494-8c0c-57fd085d1698,Alfreyza Handoko,https://play-lh.googleusercontent.com/a-/ALV-UjXrSllQVGjbXdsoud-x9robmms8Sf7vlMzS37cFmnqSXuXjOU57Mg,Seru tapi ada berapa bug yg masih menunggu,5,0,5.3.0_29183395_29332470,2025-01-15 12:36:17,,,5.3.0_29183395_29332470
a26e7843-1811-4f23-880c-3b473696af57,Abilfida Wisnu,https://play-lh.googleusercontent.com/a-/ALV-UjUjRdy5hYXxaTvV-XZ2ufJpqlM9JuhWkT_Fzfm8WBNRvPRJCpE,gamenya asik banyak bansosnya juga sekarang,5,0,,2025-01-15 12:11:14,,,
5f1bd467-5d3c-4661-8a4d-1a84a3d9ae7e,Ario Ramadhani,https://play-lh.googleusercontent.com/a-/ALV-UjW307HC97-8K65kpH_bLGjuv_khfls9NneTUoUNy8YAr9SXWuA,tolong kurangnya Ukuran game gehsin agar hp kentang bisa main lama lama gehsin berat di hp kentang,1,0,,2025-01-15 11:53:10,"Halo Traveler,
Terima kasih atas support anda pada Genshin Impact!
Untuk mengurangi jumlah size data game, anda direkomendarikan untuk menghapus data Voice-line dan data Quest lama yang bisa dilakukan melalui setting in-game. Jika anda mengalami permasalahan lain atau ingin menyampaikan feedback, jangan sungkan untuk menghubungi tim customer sup...",2025-02-12 18:42:39,
5e7210cf-78ad-4881-9fc9-1415578cab8e,insomtoo,https://play-lh.googleusercontent.com/a-/ALV-UjUIqzk4DWcBHFl5wDsmmyWIUAe0QYE4ETdxAFpzpZ83yH9z0aIk,"game kurang inovasi, lebih menjadi budak gamenya daripada mendengarkan keluhan playernya, game kapitalis",1,2,5.3.0_29183395_29332470,2025-01-15 11:51:44,"Kami mohon maaf atas ketidaknyamanan yang Anda alami, Traveler. Kalau Anda memiliki masukan atau saran, silakan hubungi kami melalui email atau feedback in-game.",2025-02-12 18:42:20,5.3.0_29183395_29332470
dc884b75-794f-4f05-be74-a89a6c4f4ec0,Bayu Alfaridzi,https://play-lh.googleusercontent.com/a-/ALV-UjX88n9A0jb0RhwyZN8qOgCxuWT_LuMVtV_2L2SSy2v3VQW3Fgw,"Game yang sangat seru,cuma mines nya developer nya agak kikir",5,0,5.3.0_29183395_29332470,2025-01-15 11:50:06,,,5.3.0_29183395_29332470
ead18628-5c21-454e-9d98-e3c0b3f40bf9,Revaldi Revaldi,https://play-lh.googleusercontent.com/a-/ALV-UjW5DqVgn6cmCdcRWOvzOOQJVJIJ7BfSJ9_pAyearAI6sdhfzdpg,Oke,5,0,5.3.0_29183395_29332470,2025-01-15 11:20:05,,,5.3.0_29183395_29332470
8c45566e-cd79-4864-8c4f-c99e69a06908,Vina Gan,https://play-lh.googleusercontent.com/a/ACg8ocJweRZLn27BCI5ZCQbxTLQ5WhRn3MfygXpQMIMV57sRIJCMcA=mo,Fun and addict,5,0,,2025-01-15 11:14:55,,,
a567273f-d77f-4d63-b54d-58dc96ab4a2a,Bima Baskoro,https://play-lh.googleusercontent.com/a-/ALV-UjUySXtnjdHyHXe7H-TdfIBfjIxshQWJ84iLRsXNYoa6KmNdAgQ,50/50KUUUU,5,0,5.3.0_29183395_29332470,2025-01-15 10:28:40,,,5.3.0_29183395_29332470
5b45f2d0-8099-43e3-96a2-ec0fb882e7b5,Muhammad Firmansyah,https://play-lh.googleusercontent.com/a-/ALV-UjW7K7QT6sFzFsgE4by2ph3Rh6m9zTUtTdDPNaSLKgeeqtUd6vaS,Tolong dipermudah untuk dapat stat Arte yang bagus,1,0,,2025-01-15 09:48:22,"Terima kasih atas dukungan Traveler terhadap Genshin Impact. Kami menerima secara terbuka semua masukan/umpan balik dari kalian. Jika Traveler memiliki saran atau masukan, jangan ragu untuk menghubungi kami melalui feedback in-game atau email.",2025-02-12 18:41:36,
165162a1-a4b1-41bd-a36a-6194c6ed1056,M. Sakhabalbaith A.,https://play-lh.googleusercontent.com/a-/ALV-UjU4Nw8R6EPt0saWgItCc-_s8NPaqW8oHJbWGeBNKtRoLRF6G2p9,"Story asik, map luas, gameplay seru. Masalahnya cuma buat player baru susah untuk mengikuti player lama karena kesulitan mencari primogem. Kalau ada event permanen buat dapat primogem akan memudahkan player baru (Kaya HSR lah)",4,0,,2025-01-15 09:08:11,,,
929e21dc-68e7-4a41-bab9-a17e74194b96,AIUEODIO -,https://play-lh.googleusercontent.com/a/ACg8ocILD6tfFua-84xd34hT1jucHOITTELlDey1AIa_GDUSuFQGqw=mo,Tidak mungkin kita akan membaca semua story dari game ini di usahakan agar ada fitur skipnya biar gak lama waktu progresnya,1,0,,2025-01-15 06:04:26,"Terima kasih atas dukungan Traveler terhadap Genshin Impact. Kami menerima secara terbuka semua masukan/umpan balik dari kalian. Jika Traveler memiliki saran atau masukan, jangan ragu untuk menghubungi kami melalui feedback in-game atau email.",2025-02-12 18:41:50,
61df4b9e-15fc-446f-a45c-f7219043d841,Rafi Hilmi Dzaki,https://play-lh.googleusercontent.com/a-/ALV-UjVMshODrOyka27oRknHGiYH35ZJtCpPQpcs5zN-D4h5BRyzyhIH,"Ini game terbaik yang pernah aku mainin seumur hidup aku, dari gameplay, eksplorasi, apalagi story yang epik banget, musiknya juga cantik udah kayak studio musik. Aku gak tau kenapa sekarang ratingnya turun, padahal so far experience nya masih sama dan malah tambah baik. Tapi ya semenjak update gede gedean di last fontaine dan early natlan bikin device lama jadi kurang nyaman, untung ada versi cloud meski agak ribet nunggu lama.",5,221,5.3.0_29183395_29332470,2025-01-15 05:51:01,,,5.3.0_29183395_29332470
6bc403c0-9ebc-4894-aad6-e361ef0fdd1b,Kurang Tahu,https://play-lh.googleusercontent.com/a/ACg8ocJMSzJt4Fz8hdOFeUvSo3VW15xR-ou3FeGgOjUcthrTjBZUEA=mo,Game nya bagus banget quest nya gak abis abis temen coop yang masuk random semua jadi seru tapi plislah jangan kasih gw karakter event di hard pity mulu sekali kali kasih lah di pity pity kecil 😭😭😭😭,3,0,5.3.0_29183395_29332470,2025-01-15 04:50:04,,,5.3.0_29183395_29332470
d2879c3b-e21a-4a3e-9b65-83b2766652b6,Cool Cat,https://play-lh.googleusercontent.com/a-/ALV-UjUT4EWG8YS-SHCxc95K6KDV_EcVLNMFz7WgAB44vxTksjyschY,Best Mobile Game,5,0,5.3.0_29183395_29332470,2025-01-15 00:36:51,,,5.3.0_29183395_29332470
c65cb9cd-1944-4247-a0be-a0ca30392b9e,OREKI SENP4I,https://play-lh.googleusercontent.com/a-/ALV-UjVuw7XzbI4wRBZFf-widvpZQpM2SyewWSd8wpPIERDzFE7Swur8,"Gamenya sudah bagus namun map di natlan rumputnya semua berubah menjadi hitam,sudah saya re-login melalui paimon menu ataupun login ulang dari menu utama masih tetap saja seperti itu. Map selain natlan normal normal aja tidak ada yang seperti di natlan. Mohon segera perbaiki🙏🙏",5,2,5.3.0_29183395_29332470,2025-01-14 23:36:02,,,5.3.0_29183395_29332470
c5f41fbc-acd0-4624-87e3-b8d988e3ac86,Kenkenz `,https://play-lh.googleusercontent.com/a-/ALV-UjX65actiVlatdkKg-odc4zlKbo5sM8ISdjV9gBeEX47d9kNSoZo,Good but the gacha system needs to be improved,5,0,,2025-01-14 22:21:51,,,
1c246abb-41f8-45ef-a6b4-a9012fbb8f73,757_Achmad Arafah,https://play-lh.googleusercontent.com/a-/ALV-UjUt1IufarESP9XsdRNDfqJHSg1X8NwCmW8Ytkm7ASv_lFYFkegv,Muantap POLLL ini GAME bener BENER serruu buanget cooyyyyy LU LU pada gw saranin instal ini game si asliii gabakalan NYESELL RILL INI MAH WOIILAH.....😝😝😝😜,5,0,,2025-01-14 21:51:44,,,
95ebcba9-8e48-4e06-9e16-f26e4788aae4,Dhimas Amri,https://play-lh.googleusercontent.com/a-/ALV-UjV5bhqD28sV_k28VCnh6BENqFhzVHme9vchrfBV_etw_BjuwBwP,Gamenya seru banget 😍,5,0,,2025-01-14 21:32:36,,,
7b0c62f2-9d91-40ee-bf26-4c813137837f,Anton Nugraha,https://play-lh.googleusercontent.com/a/ACg8ocJRa-o5zXATq2AaLrK9YimrZ2lAFj2cLQDBUxsKZOXYyvaHjg=mo,"Inilah mahakarya terbaik sih, game paling bagus menurut saya.",5,0,5.3.0_29183395_29332470,2025-01-14 21:07:14,,,5.3.0_29183395_29332470
442518ff-ce86-4404-9368-017bf55bc922,Angga Xyz,https://play-lh.googleusercontent.com/a/ACg8ocKz2ShzzYPplPGNi4FliGn31Ds5MpSnv3ZO8s_jipLmnL-uow=mo,good game,5,0,5.3.0_29183395_29332470,2025-01-14 20:22:10,,,5.3.0_29183395_29332470
0d27e8ae-a2f0-4994-8cb2-579a8393dee4,Fais Maulana,https://play-lh.googleusercontent.com/a-/ALV-UjWM91UE1OnkWrAlKpie9c7XIxJe1BWiXW7WbBHqART27kiD0OCE,Bagus bet,5,0,5.3.0_29183395_29332470,2025-01-14 20:08:56,,,5.3.0_29183395_29332470
aa040f5b-78b3-4dab-8733-f85fe30c7a3f,Raffhael Bharata Lesmana,https://play-lh.googleusercontent.com/a/ACg8ocIQK7GaCnxlaMvncuz-CGQG_LAFFNnjjAwwoyx3JA-wKgJucQ=mo,Good game,5,0,5.3.0_29183395_29332470,2025-01-14 20:06:02,,,5.3.0_29183395_29332470
46d4fc73-08cb-43b1-8bb4-505ee787bcb8,Deni Ahmadi,https://play-lh.googleusercontent.com/a/ACg8ocKxmIOO8Zg61k-MsMJJxcCqKYLUJTU3kmAX6xZSrNSuf8FQ-w=mo,Fun,5,0,,2025-01-14 19:23:26,,,
2070bc5c-0b4b-49cd-9ff9-1b944983a674,Abang Firdaus,https://play-lh.googleusercontent.com/a-/ALV-UjUx02trLW6Dn9UlL0S3JejDkoSr2AScwnoqdYknTOcdxtGnjsk,Lumayan seru,5,0,5.3.0_29183395_29332470,2025-01-14 19:03:34,,,5.3.0_29183395_29332470
a6306cf0-ec31-4819-9dca-d9e3ef2af936,Ahmad Rumasoreng,https://play-lh.googleusercontent.com/a/ACg8ocK5b3g14uF7AM5WZoy_LYTRjGgFHJvq8Y2N3YjBZwjISk8HNQ=mo,Well,5,0,5.3.0_29183395_29332470,2025-01-14 18:58:13,,,5.3.0_29183395_29332470
8e824493-cba5-4bc3-8271-2ddc6464607b,Jenal Arif,https://play-lh.googleusercontent.com/a-/ALV-UjVkXrG-E7QKQ-lnMyTn0DDwWxnfiFCSOlOxEpR8-Cu4hmh5uq8b,"Kikir, gak ada content menarik, monoton, Fandom luarnya kebanyakan jomok kalau enggak lesbi yang pada toxic",2,0,,2025-01-14 17:27:30,,,
be9ed879-44b0-43de-8a1c-fcf3852eadb2,Egialam,https://play-lh.googleusercontent.com/a/ACg8ocII0uSf3-xloFGN5q9Y4MantVmYSjIWfRXK0DGIA05-bmwOnQ=mo,keren bet game nya,5,0,5.3.0_29183395_29332470,2025-01-14 17:05:39,,,5.3.0_29183395_29332470
bc0886f6-30c5-4fe0-a515-d505e04646e7,Cahya Setyawan,https://play-lh.googleusercontent.com/a-/ALV-UjWv_PoIa3Wnm_6DJevdgIn8KqGUn27gGak4cChgBxRSDfh6EQn_,Gamenya agak bosenin + story gak bisa di skip,2,0,2.1.0_3981765_4073622,2025-01-14 16:58:11,,,2.1.0_3981765_4073622
d24e2577-1b95-47dd-a467-a61ee8843c9f,Allysa sufi Zahra,https://play-lh.googleusercontent.com/a-/ALV-UjX99yRu6Lv63wkZXilGFyRggwMvbi7QxxVGvOnZzeTUi3i_iiMI,Mau login malah koneksi gagal.....,2,0,,2025-01-14 16:56:18,,,
54841551-3e10-4e80-ab3f-ff56be99c61a,AZHAR ALFARUQ,https://play-lh.googleusercontent.com/a-/ALV-UjUAjfo3-xt9m4nE3MB2ev_5D9i9uNXzVZn540NKFsitoYWl65YX,"Ini game perasaan mengomplikasi sader terus, mana lama lagi",1,0,5.3.0_29183395_29332470,2025-01-14 15:35:06,"Halo Traveler! Mohon kunjungi website official Genshin Impact untuk mendapatkan informasi sistem perangkat yang diperlukan untuk mendapatkan pengalaman bermain yang stabil dan lancar. Selain itu, untuk menemukan sumber permasalahan ini, mohon hubungi tim CS kami melalui feedback dalam game atau email.",2025-02-12 18:38:55,5.3.0_29183395_29332470
dfff17be-807d-41a2-a499-d089e8c01e9b,Alfalfa 07,https://play-lh.googleusercontent.com/a-/ALV-UjXd4jWS1uAVDElI5YSOy2EAwz8EXbDi_mKFf3XsImeW4VIlEgEg,Saya berharap game ini bisa support gamped di android.. Saya sangt kesusahan ketika sudah terbiasa dengan menggunakan controller di ipad saya..dan ketika saya main di android Controller saya tidak bisa digunakan,3,1,5.3.0_29183395_29332470,2025-01-14 15:33:58,,,5.3.0_29183395_29332470
35477a62-d734-4e47-912e-552140cb140f,Terzakir Oncewars,https://play-lh.googleusercontent.com/a/ACg8ocIT61B8Ao2m0Wysujk1g0PKivGzVoUjY71yCY9gNRmi_-THHRU=mo,Game kikir g bisa dapet bagus pindah wuwa aja wathering wafes,1,0,5.3.0_29183395_29332470,2025-01-14 15:09:30,"Halo, Traveler! Traveler dapat melihat aturan sistem Wish di bagian [Rincian] pada halaman Wish. Jika kamu memiliki pertanyaan tentang perincian dari aturan tersebut, silakan hubungi tim Layanan Customer Support kami melalui feedback in-game atau melalui email.",2025-02-12 18:38:25,5.3.0_29183395_29332470
a8edc237-901e-44bc-af54-59d4e0c9493b,Yusuf Abdu aziz,https://play-lh.googleusercontent.com/a-/ALV-UjU-671lff8m02a9f1CLak-5bB9loJeF07xV6EBQBDEL8U9UKbRB,Mantapp,5,0,5.3.0_29183395_29332470,2025-01-14 14:54:45,,,5.3.0_29183395_29332470
04471201-989c-4c42-a28e-f04dcd6c8907,Slamet Raharjo,https://play-lh.googleusercontent.com/a-/ALV-UjUtwl1Unv0rYovb4OmRnCTREZ-MZK-T3q9D9hXYR6zsul-dOlBF,"update 5.2 : total size 7,6giga sudah download 2giga Sewaktu kluar aplikasi dan kembali lagi untuk melanjutkan, size yang harus didownload malah kembali lagi ke 7,6giga. Tolong tinjau lagi update untuk pengguna android.",5,19,5.3.0_29183395_29332470,2025-01-14 14:54:38,"Halo, Traveler! Terima kasih atas support anda pada Genshin Impact! Mohon diperiksa apakah anda telah mengunduh game client versi terbaru melalui official channel yang ada. Dan mohon kirimkan informasi relevant mengenai permasalahan anda kepada CS kami melalui email. Kami akan memberikan jawaban/bantuan permasalahan anda sebaik mungkin.",2025-01-14 14:37:30,5.3.0_29183395_29332470
fd445645-61a1-4ed1-b930-9c668574b214,Ilyas Maulana Ibrahim,https://play-lh.googleusercontent.com/a-/ALV-UjVzdMSt4NimKMe0_9FhJ5cVZg070FgZPZkzSHagnRR2gtSUSyW4,"Game Kikir, anj bab1 mnyt ngntd. Udah banyak top up welkin nguli masih butuh 150pull buat pulangin 1 karakter doang",1,0,5.3.0_29183395_29332470,2025-01-14 14:51:38,"Kami mohon maaf atas ketidaknyamanan yang Anda alami, Traveler. Kalau Anda memiliki masukan atau saran, silakan hubungi kami melalui email atau feedback in-game.",2025-01-14 14:31:33,5.3.0_29183395_29332470
0bebdfe4-e14e-4376-9a22-3174b0f96cb5,KiKo_SaTuru,https://play-lh.googleusercontent.com/a-/ALV-UjUUtbrGWqIMqZA4tZ30aof0F5G62zvxu0wyLW_sN_J6UoGHX8k,"Lancar sih 30 fps+ kalo max fps 45, tapi kalo hujan terus ada petir ngeleg ngeleg",5,0,4.7.0_23093867_23435602,2025-01-14 14:42:21,,,4.7.0_23093867_23435602
a6819ddb-9d5a-499d-af5a-0392fb1457ce,Dhea Rizkya,https://play-lh.googleusercontent.com/a-/ALV-UjW0eXAHA7M3SGHFeSt2tjE2OJ1O6UbyMUjC08H15fj1iwUeHaP3fQ,"This application is already good, it's perfect and good, but sometimes it still likes to get stuck lol, hm.. when will wanderer really come out again? I want to spin the wanderer banner.. hopefully if there is a wanderer banner I can get it :>",5,0,5.3.0_29183395_29332470,2025-01-14 14:08:42,,,5.3.0_29183395_29332470
2ac596f0-62eb-4154-b401-a00db9de892a,Syam Alghazali,https://play-lh.googleusercontent.com/a-/ALV-UjVlN-af1Tpys-8bBmgoD2sxegO491glEJLW-NG-yFe6UBJwM5Js,Gk jelas,1,0,,2025-01-14 13:58:00,"Kami mohon maaf atas ketidaknyamanan yang Anda alami, Traveler. Kalau Anda memiliki masukan atau saran, silakan hubungi kami melalui email atau feedback in-game.",2025-02-12 18:38:15,
81a9c344-1fef-4959-9b7d-15c476796821,DIRT3456 GT,https://play-lh.googleusercontent.com/a-/ALV-UjWO__k5NqG0AqyMQR15_05hQkkIGgAz9ukBy3k-7h69IZ_ZkLq_,Hp ku udh ga support lagi insyaallah nabung beli hp baru,3,0,,2025-01-14 13:42:11,,,
3bb33018-cc16-4129-b72b-dbc54acff3bf,Cemilan Paimon,https://play-lh.googleusercontent.com/a-/ALV-UjWci0q1hDZx8zUtyg5iZUrlG9d2vsIoFFRiqTs7OZsqGnVUuSI,Gamenya GK ngebosenin bagus untuk yg suka have fun,5,0,5.3.0_29183395_29332470,2025-01-14 11:19:33,,,5.3.0_29183395_29332470
04fb63b8-29e8-4aea-970c-1ccc672c9870,Riski Ferdian,https://play-lh.googleusercontent.com/a/ACg8ocK1HI8PG4FpDt3T5VrO33hLZd-ENuD-ebpXaJUROnP7Y8wPLQ=mo,keren geme nya aku suka,5,0,5.3.0_29183395_29332470,2025-01-14 11:00:05,,,5.3.0_29183395_29332470
88b99cba-06e2-456b-8b56-808b8d8f49d8,Daru Ridwan,https://play-lh.googleusercontent.com/a-/ALV-UjVNc1pMOi2HBkH4yp48IkyKuDqun4gRB2mJX1ULM9rZOfw9tA,"Tolong tambahkan Musik di minigame dan tambahkan QOL serbaguna untuk eksplorasi di update mendatang, saya berharap ini sangat berguna",5,3,5.3.0_29183395_29332470,2025-01-14 10:55:25,,,5.3.0_29183395_29332470
a62bf09e-e0f9-45c9-a73d-3ac681c0cfac,M. Fazri,https://play-lh.googleusercontent.com/a-/ALV-UjVhOjqyg_D_55ZT9lBaPfex8i1JV8b9I1MwK9w7Go3jg0ZZKpU,Support gamepad when? ZZZ already support that thing. This game has been running for >3 years...,5,0,5.3.0_29183395_29332470,2025-01-14 10:48:50,,,5.3.0_29183395_29332470
569c50f1-8686-4715-8aed-3d9f3e64a1e1,M.Ayub Khairil,https://play-lh.googleusercontent.com/a/ACg8ocK7HMMW2ZULnOGgXsxlBYhiCR1qKDFmeV8-Vjp7jjwNlpWZD-0=mo,Fitur skip story,1,0,,2025-01-14 10:48:27,"Terima kasih atas dukungan Traveler terhadap Genshin Impact. Kami menerima secara terbuka semua masukan/umpan balik dari kalian. Jika Traveler memiliki saran atau masukan, jangan ragu untuk menghubungi kami melalui feedback in-game atau email.",2025-02-12 18:37:53,
5481c510-f693-4f00-8d85-4177777f6edc,Imanuel Bintang mahardhika,https://play-lh.googleusercontent.com/a-/ALV-UjVtGh8DOjrQk18GN3EKXeZu8YlgE9JmyFYA59Ji4SnDuCzEXGWS,Game perusak moral,1,0,5.2.0_28336591_28351161,2025-01-14 06:50:28,"Kami mohon maaf atas ketidaknyamanan yang Anda alami, Traveler. Kalau Anda memiliki masukan atau saran, silakan hubungi kami melalui email atau feedback in-game.",2025-02-12 18:37:18,5.2.0_28336591_28351161
1460168b-454d-4cc3-9633-93717dce6b53,Mahmud,https://play-lh.googleusercontent.com/a-/ALV-UjU84cZZTI1Sa8AlP_k4EZ1QqV2y5lywhmiAHMv1Wmen5rs-VGg,Genshin lmpact 🙏 2025,5,0,,2025-01-14 04:21:52,,,
b8bb1652-be94-4873-bc92-a363751d9b94,Fauzan Pratama,https://play-lh.googleusercontent.com/a-/ALV-UjUmuRI0-uY7oTJOp3CSJXuQ99USB3hdS36VPHRavWDBMcoHJpW_,gooddd,5,0,5.3.0_29183395_29332470,2025-01-14 02:46:18,,,5.3.0_29183395_29332470
a476bc4d-43d4-4a25-8c18-c3b3cd93497c,Yuu Shimizu,https://play-lh.googleusercontent.com/a-/ALV-UjUx2nFuTKsncl5E_smU4IRvgyboYCze6eWAvOLDl-VzPVtbkPc,Tidak ada kata² lanjut game sebelah,5,0,5.3.0_29183395_29332470,2025-01-14 01:32:03,,,5.3.0_29183395_29332470
3f7cfdd6-30ba-4d76-bc74-ae7827e010da,Dedi Vape,https://play-lh.googleusercontent.com/a/ACg8ocLOZQl9ec6kyE3fulkNO-NfSVaIfqrCFyhNybpfpAlW5wt80Q=mo,Bagus cuma berbayar jd males mainin lg hapus aja ah,2,0,,2025-01-14 01:03:38,,,
a41401e6-caf5-40c4-b69d-1358db8bbdf3,Burhan Abdillah,https://play-lh.googleusercontent.com/a-/ALV-UjWSoUAAjc5ToKU1waM1F0l6XYciwe0hDs1qA5mlBQedesZ4lxRk,Tidak ada improve sama sekali 4 tahun ini -_-,1,0,,2025-01-13 23:05:19,"Kami mohon maaf atas ketidaknyamanan yang Anda alami, Traveler. Kalau Anda memiliki masukan atau saran, silakan hubungi kami melalui email atau feedback in-game.",2025-02-12 18:36:34,
d5b588c6-7056-4825-8c0d-eda2b8833337,Dani Septiano,https://play-lh.googleusercontent.com/a/ACg8ocINnCfgaCAmLjVP4xRXWMYYud6bP5k3sl68mnyJUQxKlMBOUA=mo,"seruu apa lagi map nya luas, tapi aku sebagai Player New sulit untuk tau bagaimana selanjutnya/apa yg harus dilakukan selanjutnya, dan tidak lepas dari itu semua jujur game ini keren bangett😆",5,0,5.3.0_29183395_29332470,2025-01-13 21:16:43,,,5.3.0_29183395_29332470
6c9d712f-bca5-4543-a381-196dc97e911c,Paksika Pramudya,https://play-lh.googleusercontent.com/a/ACg8ocI06IbNNxsPu7QPZKQqq3Ppee19I6Ej3iK9hTCclAese57ynQ=mo,"Pas Aku awal main kok menguduh data,tapi mengunduh data nya lama banget.ada yang tau ceritain",3,0,5.3.0_29183395_29332470,2025-01-13 20:32:40,,,5.3.0_29183395_29332470
104b1263-f518-444b-9e4b-6167dacd7e2c,Kresna Payana,https://play-lh.googleusercontent.com/a-/ALV-UjUs65FY5AF0NE_dSq_unLIDp3D-56YoiVgAGGvM_tb1B1zXSt0k,Boring,1,6,5.3.0_29183395_29332470,2025-01-13 19:42:01,"Kami mohon maaf atas ketidaknyamanan yang Anda alami, Traveler. Kalau Anda memiliki masukan atau saran, silakan hubungi kami melalui email atau feedback in-game.",2025-02-12 18:36:21,5.3.0_29183395_29332470
d55b5316-c904-495e-90f8-107fc00ac3e5,Gorgon Jelek,https://play-lh.googleusercontent.com/a/ACg8ocIw2YhetDwQaV1ZVFT8R9QwkTYQythpsQZI1D3To07tQKXkhQ=mo,Cok,5,0,,2025-01-13 18:48:02,,,
a84d4461-b684-4317-ba93-c8ba0b88e085,Josua Sim,https://play-lh.googleusercontent.com/a-/ALV-UjWVPIl29qdjCEJhIl9V1FKx7L1ExYMi-ljXkr45Epxh3gwl87cK,"Grafis yg bagus, sayang saja mentok di gadgetnya. Alur story memukau.",5,0,5.3.0_29183395_29332470,2025-01-13 18:45:09,,,5.3.0_29183395_29332470
d3204fc1-cd48-440d-bf01-f9a89d946748,samuelhanzo,https://play-lh.googleusercontent.com/a/ACg8ocJz6ZrQny9R-MUHLwGTojfh1eAdRPcEdSf0Eqvr8boZ3LxSoA=mo,game bagus,5,0,,2025-01-13 17:45:16,,,
a6102433-613a-417a-be85-550ec902908c,Fahri Sidik,https://play-lh.googleusercontent.com/a/ACg8ocLYndEbQnSw3CXKOE8n35x-T_NrD8-rR66edEAAE4cqdZeX0g=mo,Mantaps jossss,5,0,5.3.0_29183395_29332470,2025-01-13 17:31:24,,,5.3.0_29183395_29332470
b3fb198f-720a-4d60-97ba-27d099ebd11c,Fahreza Hafiz,https://play-lh.googleusercontent.com/a-/ALV-UjWfB8veMJpFogF4XVxLRVMqtTFK61dtoJBeh9eFDJWxxSacuoA,Mantap 1 banner 2 char baru bikin kikir,4,0,,2025-01-13 17:20:05,,,
6d6dfd38-290c-41ed-9a8b-aa98ea2ecd41,Jefri Kurniawan,https://play-lh.googleusercontent.com/a/ACg8ocJnLk2n7RIAzArPj6f6357XlaHyNGMAFQP_p5HDE-_-Hek4qA=mo,Bagus,5,0,5.3.0_29183395_29332470,2025-01-13 17:18:41,,,5.3.0_29183395_29332470
ca5f558d-e146-4238-b07c-b431bf0a9750,Agung Ainul Yaqien,https://play-lh.googleusercontent.com/a-/ALV-UjVkiXxbvVvaE-hCCv71F_QIbg3gdGHZ3oQmc7KsB8yhthVhwews,"Snapdragon 680 lancar, patah2 dikit kalo dikepung monster. Pake setting minim semua, kecuali render harus menengah, karena itu setting kualitas character. Kalo mau lancar setting tinggi pake app moonlight, remote Desktop PC, spek hp minim, beban cpu untuk PC rendah.",5,223,5.3.0_29183395_29332470,2025-01-13 16:15:24,,,5.3.0_29183395_29332470
14371d32-2609-43b4-85b3-6efabcc71a19,Nawfal Ubaydillah,https://play-lh.googleusercontent.com/a-/ALV-UjXmLFX4OnY-Eba8WkflrneyCQP_LkJK7pVDEr_Enu3q-wUAnLMz,Min gw lagi sakit setiap gacha 50/50 pasti kalah GK pernah menang 😭,1,0,5.3.0_29183395_29332470,2025-01-13 15:45:22,"Halo, Traveler! Traveler dapat melihat aturan sistem Wish di bagian [Rincian] pada halaman Wish. Jika kamu memiliki pertanyaan tentang perincian dari aturan tersebut, silakan hubungi tim Layanan Customer Support kami melalui feedback in-game atau melalui email.",2025-02-20 15:25:06,5.3.0_29183395_29332470
bac014f9-4fb7-4569-bc81-f4034169f640,Zulfadli Manik,https://play-lh.googleusercontent.com/a/ACg8ocJdAvH6haECGjrozQ4DF8F9avROA70p0nkQDqP3Wx6EzYCAug=mo,"orang mau main game untuk senang senang menyelesaikan quest santai sambil explore seperti region monstad dan liyue ,, eh makin kesini makin susah dan panjang quest a ,, aplg di map baru natlan ngejar naga udah puluhan kli sya kerjain gk juga selesai,, ngabisin waktu aja skrng gensin explore a tidak seperti dlu lg ,, skip lah Not Rekomendasi lg gensin impact sekarang.. pindah game yg seru dan santai yg lain...",1,1,,2025-01-13 14:51:28,"Kami mohon maaf atas permasalahan ini, Traveler. Silakan hubungi kami melalui email atau feedback in-game untuk mendapatkan bantuan lebih lanjut tentang masalah ini.",2025-02-20 15:27:22,
9af6fb7e-0b59-446f-82e4-7acc63f88aa8,makoto,https://play-lh.googleusercontent.com/a-/ALV-UjW-5rCNjbZxeh2kf-pxId-du53u0WkIiWF3gHKFbiJf53UCq9w,"Netral, lagian bisa bikin game ya udah senang",3,0,,2025-01-13 12:35:51,,,
e3aabe90-ce78-4887-9a77-610190dbc714,Shiva Shiva,https://play-lh.googleusercontent.com/a-/ALV-UjUoXNaMTVaEPUxJhm0BucJV7C8C-kJ5-_G_akV_C5eQqgwGZ4E,GW GA DAPET CITLALI SAT,1,0,5.3.0_29183395_29332470,2025-01-13 12:08:37,"Halo, Traveler! Traveler dapat melihat aturan sistem Wish di bagian [Rincian] pada halaman Wish. Jika kamu memiliki pertanyaan tentang perincian dari aturan tersebut, silakan hubungi tim Layanan Customer Support kami melalui feedback in-game atau melalui email.",2025-02-20 15:28:01,5.3.0_29183395_29332470
7dfccce0-3266-413d-bdcd-2bd3675a2957,kopi tubruk,https://play-lh.googleusercontent.com/a/ACg8ocJjIOapl596QvQvXbIm5hF55zl9c8iFDSMS5B_FqjfC_uhfeQ=mo,Mau manen LG tapi download 30gb gak jadi,5,0,5.3.0_29183395_29332470,2025-01-13 11:26:56,,,5.3.0_29183395_29332470
4ed2a54c-88a4-4bba-890e-8533097c4b02,Abd Rahman,https://play-lh.googleusercontent.com/a-/ALV-UjVrfqT2pYpjdOw54Zs4R-hk5wgg_BFQx8bPJG9LWQrT5UJoQpZg,Gem babi misi panjang hadia gag seduai,1,0,5.3.0_29183395_29332470,2025-01-13 11:16:07,"Kami mohon maaf atas ketidaknyamanan yang Anda alami, Traveler. Kalau Anda memiliki masukan atau saran, silakan hubungi kami melalui email atau feedback in-game.",2025-02-20 15:41:41,5.3.0_29183395_29332470
661c7a7d-8052-4206-971d-ec54fff01fe3,Sharul Khancill,https://play-lh.googleusercontent.com/a-/ALV-UjVx_e9-ticij-EyfeF0L5BfnWxL46XuwqwftKBKYg_tnu9gJgwv,"What's lacking in this game is just artifacts, all trash.",3,0,5.3.0_29183395_29332470,2025-01-13 09:23:46,,,5.3.0_29183395_29332470
06b50600-8e50-449e-9058-da858f435dbc,Fauzi Rachman,https://play-lh.googleusercontent.com/a-/ALV-UjWia-DTyIEN8UrVbi9HsSHCRWEVl8LF5c41v9ZxVHoRt1LSa-w,Ok,5,0,5.3.0_29183395_29332470,2025-01-13 07:47:58,,,5.3.0_29183395_29332470
a4ce17f6-cf1e-44b1-833d-b231643d3451,Diandra Andra,https://play-lh.googleusercontent.com/a/ACg8ocLQh-vHRfcssxrf23zYbLovz6IauKQWBoYw-NrskUQZ8uFM7w=mo,"Kikir,copy game lain",1,0,5.3.0_29183395_29332470,2025-01-13 07:14:53,"Kami mohon maaf atas ketidaknyamanan yang Anda alami, Traveler. Kalau Anda memiliki masukan atau saran, silakan hubungi kami melalui email atau feedback in-game.",2025-02-20 15:42:24,5.3.0_29183395_29332470
95e05bf1-d2c3-49e6-b984-9ea773264032,Yushiro Raizelyn,https://play-lh.googleusercontent.com/a-/ALV-UjXE6euTPq1d1YzYt7GlK-5j9gojkLrxbcPGBZJZWJ7I2xH4Z_aO,"Karakter pria kurang, bintang 1",1,0,,2025-01-13 06:28:45,"Kami mohon maaf atas permasalahan ini, Traveler. Silakan hubungi kami melalui email atau feedback in-game untuk mendapatkan bantuan lebih lanjut tentang masalah ini.",2025-02-20 15:44:25,
50e66175-67de-451f-8a4a-24e9ba7fd505,Delan Geseng,https://play-lh.googleusercontent.com/a-/ALV-UjVYVTnpoWgTYij44JzLJ-4cQUZ86YbrzA2z_3ndkh0-Mq7Bbis,Bwolehh,5,0,5.3.0_29183395_29332470,2025-01-13 05:16:56,,,5.3.0_29183395_29332470
8bf5875b-dd1f-4168-ad5d-e8131b9dcd2b,Animation Ch_Ofc,https://play-lh.googleusercontent.com/a-/ALV-UjVytvI-5Xhxj9X5YmKSY-kLGvVC6PENC_ChnQY-q6R1Sn0NgHAS,"Cukup baik dalam semua segi tapi kebanyakan yang betah player lama genshin dan juga player baru versi 4.0 yang bertahan teman ku di komunitas seperti itu, Genshin terlalu monoton bagi player lama hingga pemain merasa monoton, hal sama dari zaman lalu ""terulang saya harap imajinasi fans seperti snezhnaya khaenri'ah dijadikan sebagai bahan untuk membuat alur menarik Itu memancing teman lama genshin. Kembali untuk Waifu yang di imajinasikan agar ada di genshin saya harap bisa jadi bagian dev bantu",5,0,4.7.0_23093867_23435602,2025-01-13 03:06:00,,,4.7.0_23093867_23435602
4a5d32e9-af73-47f8-9e3c-799dfcee7746,Yudha Kusuma wardana,https://play-lh.googleusercontent.com/a-/ALV-UjUG0Wk4-TKNcNgMj0UJ0s3CXw52k491Tzgz7q-iCMH6yyCCt7YV,gamenya seru,5,0,5.3.0_29183395_29332470,2025-01-12 23:59:54,,,5.3.0_29183395_29332470
2927fe29-9120-4b78-8ecc-b09cb9bb8c00,Rohman Maulid,https://play-lh.googleusercontent.com/a-/ALV-UjX8cQ6cmTkfkm2X7xd2wMOMpo3OBZIwyssvW2P0BV8wgvtMxyhM,"Mantap dah untuk game petualangan ini banyak cerita dan banyak misterinya, grafik bukan main bagus banget. Memulai kehidupan di dunia lain",5,1,5.3.0_29183395_29332470,2025-01-12 23:36:59,,,5.3.0_29183395_29332470
ca21e6c5-0a12-4f08-acc2-055dcd1b11dd,Diky Wijaya,https://play-lh.googleusercontent.com/a-/ALV-UjXkWUhW2B-0UHr2D370iJs27zcer3F4y0MHIUSDdL4KwKvV5oM,"Bagus, kurangi ya pelit pelitnya",5,0,5.3.0_29183395_29332470,2025-01-12 23:20:04,,,5.3.0_29183395_29332470
eb129bb6-c0f4-4870-a447-f05249d29f1c,Akatsuki Leo,https://play-lh.googleusercontent.com/a/ACg8ocLTvrzMh7siJ6muzg3kpRhKk1S14Lf3rJ4QYugWXSIc5RoyIQ=mo,Juara parah gameplay nya di tambah grafik yang memanjakan mata. 👍,5,0,5.3.0_29183395_29332470,2025-01-12 23:04:34,,,5.3.0_29183395_29332470
d6a3ee59-5ed0-4c97-bc62-b665980c2bf5,Abid fariz Azzafir,https://play-lh.googleusercontent.com/a-/ALV-UjWzZh3WbWGb_RntnBf86MQybsE1sOjy9zRbMad-DB-jgilsd1w,Selalu ga hoki kalau gacha :(,4,0,5.3.0_29183395_29332470,2025-01-12 23:02:39,,,5.3.0_29183395_29332470
33129e49-d948-4f7f-bf51-e160881b7f3e,Lian Kainama,https://play-lh.googleusercontent.com/a-/ALV-UjX1m2w8RuTbAWGslmkPgUxztUDcMN18biewkDU5hvhIbJWDr8nE,Good,5,0,5.3.0_29183395_29332470,2025-01-12 22:53:15,,,5.3.0_29183395_29332470
a3175b02-0242-49b4-86c6-b747787ef0f6,Agus Supriyanto,https://play-lh.googleusercontent.com/a/ACg8ocKVdTH5qtEvm80B7kyHXSiayNijZ2Fp3Z6eyH0oHudJXuyLZQ=mo,Game bagus banget 😘😘,5,0,5.3.0_29183395_29332470,2025-01-12 22:51:21,,,5.3.0_29183395_29332470
47d3eb3e-fece-4364-ae41-9b8523333be3,Mohammad Fani Kurniawan,https://play-lh.googleusercontent.com/a-/ALV-UjUDyCGZZFToSRKUy1P9aiJkxYuFSo-qnjUjJ-yiN723EV4QYFnD,Where's the SKIP BUTTON? Did you all ever thinking about someone who has many account? Did they still have to understand the story?,1,0,5.3.0_29183395_29332470,2025-01-12 21:26:55,"We sincerely apologize for this issue, Traveler. Please send us an email or contact Customer Service via in-game feedback for specific help with this issue.",2025-02-20 17:01:31,5.3.0_29183395_29332470
0111115f-0488-49d0-8ea5-9fb087d9cd6e,Nuno Farza,https://play-lh.googleusercontent.com/a/ACg8ocJxmBtobLrgSX2VH52pun_IlZw8dSBrXbNoLptl44OiDfRWVg=mo,ok,5,0,5.3.0_29183395_29332470,2025-01-12 20:02:32,,,5.3.0_29183395_29332470
18a535ee-21a2-42a0-b12f-c67c156f78dd,Gemintang Benayoun,https://play-lh.googleusercontent.com/a/ACg8ocJeQUWgMdeMmcTK_f6ePMkmR-hxUdwvR3i_LnEEAFr5Pq-V3A=mo,just great,5,0,5.3.0_29183395_29332470,2025-01-12 19:48:46,,,5.3.0_29183395_29332470
e8b6a0eb-88b2-458a-bd3c-521a22db40be,Rinnn,https://play-lh.googleusercontent.com/a-/ALV-UjXPYpSY1v3tfAt825Tkw4MZjjVAkZqZjYfzsyjGnUHxeoaCQWi8,furina rerun ku naiki lagi,5,0,5.3.0_29183395_29332470,2025-01-12 19:41:39,,,5.3.0_29183395_29332470
f33fdc8a-7a42-4185-9a8e-9a16b1c10f02,Yanto Ade,https://play-lh.googleusercontent.com/a-/ALV-UjUOBvDv210Wyzm174Wvy6f4YJFb6yYOqvL4AKVjBz9p7_45iYw,Game nya bgus,5,0,1.0.0,2025-01-12 19:04:06,,,1.0.0
b3575551-42e8-4356-8c48-70d612cc428c,That Breath,https://play-lh.googleusercontent.com/a/ACg8ocIr-WhaokIgX65jHgkaC_nrxKSlG5M6E_iF96a2flDc-ZXiUg=mo,"Musik ga asik, story kaya Sinetron. Tapi eksplorasi peak",3,0,,2025-01-12 18:51:55,,,
a320ca47-3c72-4efe-bbab-c927cab41687,Channelsation,https://play-lh.googleusercontent.com/a/ACg8ocKJ_C1S3-MT-dmXdneFE5OFMmDMM0h96zcz4m-c661Wr0Y0EA=mo,"Mantap mang hoyo,cuma pengen di permudahkan kami sebagai palyer f2p untuk mendapatkan karakter b5 limited😔",5,0,5.3.0_29183395_29332470,2025-01-12 18:07:10,,,5.3.0_29183395_29332470
e3c790da-9dc4-4606-9b25-d84060f0676f,Vinn C,https://play-lh.googleusercontent.com/a/ACg8ocITGaKAfhO0m1ObpFzGizezMTeI_NHFVYlQ8CQoM15KU736vg=mo,Good,5,0,5.3.0_29183395_29332470,2025-01-12 17:58:35,,,5.3.0_29183395_29332470
3ca312cb-684a-4084-96c1-b5d3b694dd90,Aulia Noor,https://play-lh.googleusercontent.com/a/ACg8ocKrRnJiSPjzmGgbDji3qTP5aKSQg9WIK-kwCzjvvf-dcHAAmg=mo,Sangat bagus menarik dan seru sekali,5,0,5.3.0_29183395_29332470,2025-01-12 17:56:23,,,5.3.0_29183395_29332470
4b4a7f26-b395-4f88-b6dd-0aebb126197e,goreng,https://play-lh.googleusercontent.com/a/ACg8ocJRveeuRex-7MfyMpDHmIdLC3eEvDFTdKte8YeeE4bRBgKGjQ=mo,gw download data nya udh ke mau naik haji lama benerrr,1,0,,2025-01-12 17:50:51,"Kami mohon maaf atas permasalahan ini, Traveler. Silakan hubungi kami melalui email atau feedback in-game untuk mendapatkan bantuan lebih lanjut tentang masalah ini.",2025-02-20 17:02:03,
1e7fe41e-a399-48a6-bf8d-ccdad7fd3158,Desmalia sari,https://play-lh.googleusercontent.com/a-/ALV-UjWAuS9Ys3G08DGvTdpm6fuGaIHRp1Gc6PzUpY0Lnvb53ZBK78M,Seruuuuu imut²,5,0,,2025-01-12 16:55:48,,,
f448ba7d-45f7-4263-b221-6c79deb39892,BANDAI ZAN,https://play-lh.googleusercontent.com/a-/ALV-UjWp0E7bbFGxr6JpCnrnH4HCpaZ4xKhsVWYntDC4RpNyAHDryKQ,game burik masih baguus game unity robot daripada game ini,1,0,,2025-01-12 16:48:39,"Kami mohon maaf atas ketidaknyamanan yang Anda alami, Traveler. Kalau Anda memiliki masukan atau saran, silakan hubungi kami melalui email atau feedback in-game.",2025-02-20 15:27:17,
299b4058-b318-4107-a01f-a0e1217cfd0c,Zikri Harun,https://play-lh.googleusercontent.com/a/ACg8ocLjHzCS_12a-2nPN27PHaAeZSpSqY1NYuEfNkeE6AxuqBN3tA=mo,tolong buat fitur bisa menggunakan joystick,4,0,5.3.0_29183395_29332470,2025-01-12 16:17:35,,,5.3.0_29183395_29332470
48f3ed2c-a199-4b14-8377-b936e98d6f41,。衣装,https://play-lh.googleusercontent.com/a-/ALV-UjXVn5IeyuXXxYwseH8144x-MUXSZQDp5Rn_RbkZhamAwzT81UCl,"Makin kesini game ini berfokus ke story bukan rpg nya, game ini sangat ku suka karena pve/ pertarungan dan open word nya dengan di iringi sedikit quest, tapi sekarang game ini sudah berubah sudah tidak mementingkan pve, rpg nya lagi kembalikan genshin impact seperti dulu. Ini bukan game yang aku kenal lagi.",1,11,5.3.0_29183395_29332470,2025-01-12 16:08:32,"Terima kasih atas dukungan Traveler terhadap Genshin Impact. Kami menerima secara terbuka semua masukan/umpan balik dari kalian. Jika Traveler memiliki saran atau masukan, jangan ragu untuk menghubungi kami melalui feedback in-game atau email.",2025-02-20 15:25:48,5.3.0_29183395_29332470
a5d409c8-909d-4c2f-81e5-afb3d1deff84,Vino Aji,https://play-lh.googleusercontent.com/a/ACg8ocKB6TjsTVZHRsh5Q_9Lextt6rffqYSKyax1T_1n4vHU6VBQMA=mo,Kok akun saya hilang Kemarin siang masih ada loh min Sekarang kok gk ada,3,0,,2025-01-12 14:14:29,,,
49f2c6bc-ae89-43ce-99df-ec59d5373fea,Ryu Desu,https://play-lh.googleusercontent.com/a/ACg8ocJ1uNExDdGtv3vSYw1MMwoB2TI8NXTfxXMG7G3QK9omlzks4A=mo,Game bagus banget cuma tolong di perbaiki dari segi sinyal untuk pengguna android,5,0,,2025-01-12 13:36:54,,,
4e353060-31a4-436c-966c-f9fcd0c6ad05,YAP YUHUU,https://play-lh.googleusercontent.com/a-/ALV-UjWQV82QO6TVYfHCEgpEh88ov3nzL8bFG1IXzrLHGkniOJTS8VDk,Rate gacha busuk,2,0,1.6.0_2961400_3070488,2025-01-12 13:30:02,,,1.6.0_2961400_3070488
6759ed4f-650c-4676-bbbb-3527891137ef,jayadi yadi,https://play-lh.googleusercontent.com/a/ACg8ocKWzow8VFnU-1VlCer-0Jl0PPKFsNeJcg-Dnxx-IqkkvEZg-w=mo,へへへへへへへへへへへ,5,0,,2025-01-12 13:23:43,,,
fd3ead5d-6b7b-417f-ab9b-bdc330341dfc,Risky Pratama,https://play-lh.googleusercontent.com/a-/ALV-UjWfP2CKNlvdp3okhuk7qZLRmzeeumfpHVLjRlPAaM1u_eGWgcA,Jangan pergi ya,5,0,5.3.0_29183395_29332470,2025-01-12 13:07:05,,,5.3.0_29183395_29332470
1449e75f-0378-4a53-8a35-59c7ecb6b169,Raka Juliansyah,https://play-lh.googleusercontent.com/a/ACg8ocLHU_ZLH5vpQrKTrRWDawX969ohWrWiWaRjFQAHrMSUkdzahQ=mo,cool,5,0,5.3.0_29183395_29332470,2025-01-12 12:05:12,,,5.3.0_29183395_29332470
3384a131-d2ac-4462-92c1-13633904e9c8,Adi Mas12,https://play-lh.googleusercontent.com/a/ACg8ocKUBHCNyQPo_qllMgK_l43afBYaV-r8t5oerHgRrSMV8qkBGQ=mo,Plisss mavuika,5,0,5.3.0_29183395_29332470,2025-01-12 11:46:44,,,5.3.0_29183395_29332470
c29cb2c1-a1c6-47a7-8234-b4f3bf494213,Muhammad Fadhil,https://play-lh.googleusercontent.com/a/ACg8ocLiGVHBbeoNBhht5IbKKGpp4CF23DTxH1Tvs6UP0II0UpX67A=mo,"Update trus, sneznaya ntah kapan di rilis",4,0,5.2.0_28336591_28351161,2025-01-12 11:46:05,,,5.2.0_28336591_28351161
5fc00a7f-f27c-437d-96e9-5a922d23ef81,Mirja Afandi,https://play-lh.googleusercontent.com/a/ACg8ocJowkeJhyqX_b0QI85glPq2MW1uNqVQ0inHzKPgMv8PekoSjw=mo,Bagus sih lumayan realistik,5,0,5.3.0_29183395_29332470,2025-01-12 10:53:17,,,5.3.0_29183395_29332470
feacc72d-0d97-4c3b-98ea-736165327a6a,Chesta Gacha,https://play-lh.googleusercontent.com/a-/ALV-UjU000mf6B641lIYPUAahM4CQNNrkr7KjIkMzCrZDLq0AMQ49d4-,i wanna be yae miko main,4,0,5.3.0_29183395_29332470,2025-01-12 10:35:48,,,5.3.0_29183395_29332470
c31a7909-0ab8-48d2-aef9-353ec1da08d7,Artantikelas2 Rachelin H,https://play-lh.googleusercontent.com/a-/ALV-UjUF5nOMVx2XLNeAkoPt4rt--oU0gunIg4O8AwMcG0znCXEWDLoi,Gamenya asik banyak karakter yang bagus,5,0,5.3.0_29183395_29332470,2025-01-12 10:27:12,,,5.3.0_29183395_29332470
58fc7a99-05a2-49c8-be5d-2a1b3d7a7c51,kitαyomi 愛,https://play-lh.googleusercontent.com/a-/ALV-UjVNjJXgTGS_UZPlVPZaMogTtrdFOvH0oFsuWOqIdBfOAQ6pKPFTig,Ngeleg,1,0,,2025-01-12 09:08:35,"Halo Traveler! Mohon kunjungi website official Genshin Impact untuk mendapatkan informasi sistem perangkat yang diperlukan untuk mendapatkan pengalaman bermain yang stabil dan lancar. Selain itu, untuk menemukan sumber permasalahan ini, mohon hubungi tim CS kami melalui feedback dalam game atau email.",2025-02-20 15:24:23,
e305454e-13fd-40a0-b0f5-04606df9b8e3,Marsinah Marsinah,https://play-lh.googleusercontent.com/a/ACg8ocIYE_znmcaK0hrvNnwbFpUMAfZ0fEt4VebEE3hSTrPwKXtaAQ=mo,Hp Samsung j 7 core kuat gak cuman mau nanya🗿🗿🗿🗿🗿🗿🗿🗿🗿🗿🗿🗿🗿🗿🗿🗿🗿🗿🗿🗿🗿🗿🗿🗿,5,0,,2025-01-12 08:53:12,,,
b9503cda-d469-4376-8042-b9eb22fb9469,David Aryo,https://play-lh.googleusercontent.com/a/ACg8ocJnmqKiOsyJVfUygLo1eAslokxTfPA179j_Rai0j0mQkpsjrw=mo,keren,5,0,5.2.0_28336591_28351161,2025-01-12 07:40:56,,,5.2.0_28336591_28351161
b1c4aa01-0602-4ccb-aa91-60b93c37bdb9,Dian Gaming,https://play-lh.googleusercontent.com/a-/ALV-UjWMoJVpV6l8P6g6hWmQLHo_mDTOnOmppMRefD1iFcyQnDqjm4vL,"Saya ingin masuk dari perangkat lain, namun harus diperlukan kode verivikasi dari email sedangkan email saya sudah tidak aktif, saya sebelumnya login melalui Facebook dan tidak pernah verifikasi email, tolong diperbaiki atau ditambah opsi lain 🙏🙏",2,0,5.3.0_29183395_29332470,2025-01-12 07:36:51,,,5.3.0_29183395_29332470
3f95bdab-3541-48b4-9d41-3681bb737752,Azzu Ron,https://play-lh.googleusercontent.com/a-/ALV-UjWgIGbgO-tMQgrApTQczSKGbrMH22eUji68IJvjNGYik5kaTgg,ga tau,1,0,,2025-01-12 06:11:14,"Kami mohon maaf atas ketidaknyamanan yang Anda alami, Traveler. Kalau Anda memiliki masukan atau saran, silakan hubungi kami melalui email atau feedback in-game.",2025-02-20 15:09:53,
acff70f3-d215-4556-9617-0218b2f104a6,GILA MOBA,https://play-lh.googleusercontent.com/a-/ALV-UjU4xIus8B3w4FjnAHYMduji4op9Tl9-_u5tHAy4ltMNjy-GKWPu,Game gacha terburuk abad ini,1,0,,2025-01-12 06:00:01,"Kami mohon maaf atas ketidaknyamanan yang Anda alami, Traveler. Kalau Anda memiliki masukan atau saran, silakan hubungi kami melalui email atau feedback in-game.",2025-02-20 15:07:09,
1e287397-afeb-4dd7-80fa-d44659676792,Unknown Name,https://play-lh.googleusercontent.com/a-/ALV-UjWGmlr9vDkBwSGTWDI7M-EZHIQMIPxKtgjvZxlJLC_f8ZTO9OA,"Ukuran besar, sering update",3,0,,2025-01-12 05:15:09,,,
655fb005-b440-4f9d-a91b-22a46b3fcb75,Lutfi Aqilah,https://play-lh.googleusercontent.com/a/ACg8ocL3zWFSU6pd4Lff3A2yWeU0Ydb-pepScCMX9UKgzrmX5y_3Bg=mo,Seru,4,0,5.3.0_29183395_29332470,2025-01-12 05:05:28,,,5.3.0_29183395_29332470
b0141d73-3ef4-447d-9446-1caf7ef15ce7,Yeri Mina,https://play-lh.googleusercontent.com/a/ACg8ocIhss8trGkvF-yLn6F7cxm-t8sx8lgE72S7fQ1APCggluH4hjc=mo,"Anjg emng, dilarang pulangin archon emng",1,2,5.3.0_29183395_29332470,2025-01-12 04:36:10,"Kami mohon maaf atas ketidaknyamanan yang Anda alami, Traveler. Kalau Anda memiliki masukan atau saran, silakan hubungi kami melalui email atau feedback in-game.",2025-02-20 15:11:49,5.3.0_29183395_29332470
ca0ec871-4ab0-4fd4-bf8e-392879eb7f39,Hery S,https://play-lh.googleusercontent.com/a-/ALV-UjXWtf2raUvwqW2mmeNoSuskYcXuJgDPZcy6FHgA1krFNUTS_mVr,Gacha pelit banget anjiirr,2,0,4.2.0_18831865_18963989,2025-01-12 03:56:49,,,4.2.0_18831865_18963989
c9cb8597-b5ed-4eaf-9910-1d39a6105edc,Fahman Rifki. F,https://play-lh.googleusercontent.com/a-/ALV-UjW5RW_YeZkZRaoU5Qc9mpl-f3CimdSOkK6K7T0F_bZmWfVphso,"Sengaja beli monthly blessing setelah itu ditinggal biar primogem ngumpul, malah ternyata ga masuk², harus login tiap hari biar masuk primonya, perasaan dulu ga gitu, percuma lah gw beli !",1,292,5.3.0_29183395_29332470,2025-01-12 01:45:47,"Halo, Traveler! Terima kasih atas support anda terhadap Genshin Impact. Untuk menemukan sumber permsalahan Top Up ini,mohon hubungi Layanan Pelanggan melalui feedback in-game atau email untuk mendapatkan bantuan tentang masalah ini.",2025-02-20 15:07:49,5.3.0_29183395_29332470
e558210f-0f95-43b7-8b00-c5326259022a,Sandi Olvano,https://play-lh.googleusercontent.com/a/ACg8ocKV483ZzYfCT6jM9J1GDoJ9gfhKVugo4-LLcgGA5eGMuay2Gg=mo,Amaizing,5,0,5.3.0_29183395_29332470,2025-01-11 22:59:54,,,5.3.0_29183395_29332470
be490251-dad9-4dc1-989f-b7682e35a30f,Chell.,https://play-lh.googleusercontent.com/a-/ALV-UjXHlhy2Rx7J-6dJE1eZibTllp9e3ibXcBcKy7IQiQTWp37GO7w,I love you hoyo,5,0,,2025-01-11 22:39:29,,,
8035e1be-2aea-425b-a825-2488642b7893,Ahwan Syah,https://play-lh.googleusercontent.com/a-/ALV-UjUvN590R8c-SGuEWsR7UBywvz9fnqJq7V3N9qH00oVIwcF_yFo,"Saran nih ya... Untuk Dev mohon untuk lebih memperhatikan keluhan dan saran para pemain.. Saya rasa akhir-akhir ini sudah bosan dengan genshin karena untuk story line dan konten endgame yg terasa monoton, Kombat game yg sperti itu-itu saja... Mohon ditambah fitur Dodge dan party agar lebih hype dalam Kombat pertarungan nya dan fitur skip dialog... Mohon diperhatikan yah",5,175,5.3.0_29183395_29332470,2025-01-11 22:37:22,,,5.3.0_29183395_29332470
2eb3a190-24f6-4b61-a52e-47ffadc3ce39,Rafael Adara,https://play-lh.googleusercontent.com/a-/ALV-UjUahfPoE9FC8qCtQIhsWsHJjBr-r-yU_0YRtHapA9ieePGjCFLP,Game sucks👍,1,0,,2025-01-11 22:32:50,"Kami mohon maaf atas ketidaknyamanan yang Anda alami, Traveler. Kalau Anda memiliki masukan atau saran, silakan hubungi kami melalui email atau feedback in-game.",2025-02-20 15:08:26,
6b91bca0-c099-4960-a4e7-291a8612c488,Teknopova5,https://play-lh.googleusercontent.com/a/ACg8ocLGtLIJMdBcDxH59_nyjPtsGPtcBzicjZhQNq77yg8tX5p4dQ=mo,gamee nya bagus,5,0,,2025-01-11 22:28:36,,,
8b64d6de-fd6b-4db2-a589-01e4c560d374,Tiara Mbo,https://play-lh.googleusercontent.com/a-/ALV-UjUposbSK0hcG5B7rGznfiHWR9Q0Cpc79VUcgdkQr0dWbBICvX3x3Q,"game ny seru, cm g kmptbl.",5,0,,2025-01-11 22:20:57,,,
e7975f5f-2cd3-446f-9d92-930cf7e04253,No game No life,https://play-lh.googleusercontent.com/a-/ALV-UjU8swBlM_mkYIi4_V1BvtgZSDFRgm09O34towmHd0YhFdAZzJQ,Kok makin lama quest ya gk kelar2 cerita mulu uda hampir 2 jam gk kelar2....,3,43,5.3.0_29183395_29332470,2025-01-11 22:05:42,"Halo, Traveler! Mohon maaf atas ketidaknyamanannya. Demi menemukan penyebab masalah yang terjadi, Traveler diminta untuk mengirimkan masukan tentang informasi yang terkait kepada tim Layanan Pelanggan di dalam game atau melalui email. Kami akan memberikan jawaban yang terperinci untuk Traveler.",2022-11-15 17:28:07,5.3.0_29183395_29332470
3719e798-7f6d-4bbe-bcdd-0fe48c4c9c36,Zayan,https://play-lh.googleusercontent.com/a/ACg8ocKCQIukVzVuUhbOVbFGsqVlM5T8FmrQlFdrZYUjNsWempJT6A=mo,Game nya bagus,5,0,5.3.0_29183395_29332470,2025-01-11 21:26:12,,,5.3.0_29183395_29332470
7d928824-c465-48b3-a107-f0d8efd17eb3,vhan vhan7,https://play-lh.googleusercontent.com/a/ACg8ocImgJarfE4i9ASGAQ5lhjf2xvQYKDmVcUV4oL1jx02AU7JDfg=mo,Mihoyo kikir puqi,1,0,,2025-01-11 21:22:53,"Kami mohon maaf atas ketidaknyamanan yang Anda alami, Traveler. Kalau Anda memiliki masukan atau saran, silakan hubungi kami melalui email atau feedback in-game.",2025-02-20 15:08:36,
62d831c2-b36c-44dd-907d-06adfb53ed61,Qorix Fh,https://play-lh.googleusercontent.com/a-/ALV-UjWBgBgv0F1fF9bkrQV7oKWV6qCmbWOaj8-qdCRbklmDHEleR76w,kembali ke bintang 5 kalau android sudah support gamepad,3,0,,2025-01-11 21:15:03,,,
9584d981-c6ce-4ca8-b9a2-06c0d7cbef1e,Valdy Ristaufik,https://play-lh.googleusercontent.com/a-/ALV-UjXnf6HDtyRISQ6WC9tzelIQItG9KmHiP5nk-1sXEHw1gNpot-y5,"sistem pemulihan akun yang membuat akun saya terkena hack, sangat mengecewakan, membuat saya berhenti bermain genshin",1,2,5.3.0_29183395_29332470,2025-01-11 20:28:02,Mohon maaf sebesar-besarnya atas terganggunya pengalaman bermain Traveler. Silakan hubungi Layanan Pelanggan kami melalui email untuk mendapatkan bantuan terperinci mengenai masalah ini.,2025-02-20 15:08:59,5.3.0_29183395_29332470
a02d409f-4426-4c52-8819-181ea70ca6d2,nico,https://play-lh.googleusercontent.com/a/ACg8ocIvohL2mLHsTw-vZiCcRZ5oYRo52UjvhnWBcu7tZfgSLPtaMlw=mo,oy game kikir klo ngasih primo tuh yg bener napa udah quest dialog panjang lebar puzzle susahnya gk ngotak primo cuman 50 anj anj kikir bener nih game klo emg kikir atleast ngasih quest tuh yg gampang napa atau gk bisa skip dialog udah quest bikin gila hadiahnya bikin stres waktu gacha jadi orang gila,1,2,5.3.0_29183395_29332470,2025-01-11 19:39:37,,,5.3.0_29183395_29332470
c243ca1d-c0b0-45b3-9877-03b650dfa106,12_Elnathan Setiyono,https://play-lh.googleusercontent.com/a-/ALV-UjWfs_MzO9Osm2ZFfrxxUwI56IkGU74lHOvE2MjyS2--IdMzZuQB7Q,"kikir trs dari awal rilis, udh gacha susah, ladang susah, content end game udh gak enjoyable",1,1,3.3.0_11741873_11806263,2025-01-11 18:56:38,"Halo, Traveler! Traveler dapat melihat aturan sistem Wish di bagian [Rincian] pada halaman Wish. Jika kamu memiliki pertanyaan tentang perincian dari aturan tersebut, silakan hubungi tim Layanan Customer Support kami melalui feedback in-game atau melalui email.",2025-02-20 15:06:33,3.3.0_11741873_11806263
1ed1455b-686c-49ff-b432-31d3057a02ee,Ilham Ganteng,https://play-lh.googleusercontent.com/a/ACg8ocJpn8anO6qhzdjgQPwCaXEW2PRmi3lkEH14G5jpeG6Cc2ZFtA=mo,Game yang bagus,5,0,5.3.0_29183395_29332470,2025-01-11 18:53:02,,,5.3.0_29183395_29332470
c9bb2eb4-5bb5-4e3e-808b-9544825637a2,Ismail Wirawan,https://play-lh.googleusercontent.com/a/ACg8ocIID_pT9RPM3Z4XCfuZa8Roc-irMdvOC_MjuTSYRPhv77wT7w=mo,PELIT BET gak di artefak gaca karakter kalau mau bikin game jangan terlalu PELIT lah kalau di karakter okelah tapi jangan keterlaluan di artefak PELIT BANGET tolong di kurangi PELITNYA,1,1,5.3.0_29183395_29332470,2025-01-11 18:51:00,"Kami mohon maaf atas ketidaknyamanan yang Anda alami, Traveler. Kalau Anda memiliki masukan atau saran, silakan hubungi kami melalui email atau feedback in-game.",2025-02-20 15:10:21,5.3.0_29183395_29332470
791ce65b-f1e6-472a-8264-b14f728d9904,Esti Rahayu,https://play-lh.googleusercontent.com/a-/ALV-UjUEPVO0RdoPH2tpaDVdB2fR1-wVTIEbkiKAIDYKLimevbOEOhh3,Beri aku pirmogem miminnn,5,0,5.3.0_29183395_29332470,2025-01-11 16:23:38,,,5.3.0_29183395_29332470
e52028dd-f788-4699-9ebb-af4598d73aad,Erman Piliyang,https://play-lh.googleusercontent.com/a-/ALV-UjUXzzIXIqX4wonMUepAHW49OackbNQz6-ozpIO2aiTS9WVHG54,Klw bagus lanjut,5,0,,2025-01-11 16:05:10,,,
97d5eb53-1b09-4c4d-9246-6e1b2d99472a,Khalista Cahaya,https://play-lh.googleusercontent.com/a-/ALV-UjWM3G_C0au3lnFm4mZ70MTMkfkTSyCG4OEQ5C3YddFBbffyGu8KaA,"i love genshin, udah lama main dan emang seseru ituu walau kadang ngumpulin primogemsnya rada lama juga hehe",5,0,5.2.0_28336591_28351161,2025-01-11 15:41:34,,,5.2.0_28336591_28351161
2afe0727-ee20-4529-ba8b-47355353ccc4,Chantika Shany,https://play-lh.googleusercontent.com/a-/ALV-UjUOIhiOtpMgwmT4tKxdcyMmEjXJ0ESyCDb0ahV5c8v0OE9sHONT,"Asik game nyaa, gk bosen bosen si aku dh ngikutin dari... Rilis? Ahaha suka! edit : bete",3,15,5.2.0_28336591_28351161,2025-01-11 15:21:23,,,5.2.0_28336591_28351161
b39a8e76-4b91-4956-86ed-fa760d85c18a,YUSUF KHAERUL AMRI,https://play-lh.googleusercontent.com/a-/ALV-UjVY3iu9NzgGhCVvyK31T_wkEF0J1eA36UMEs8jIHbJwQLcZcyLa,Mantap,5,0,5.3.0_29183395_29332470,2025-01-11 14:20:43,,,5.3.0_29183395_29332470
111f7d8c-07d3-4cef-9c9e-1e1f294ff6b8,ATHAKUN BG,https://play-lh.googleusercontent.com/a-/ALV-UjWRURgEjNUhzJIfKDDtpk08MdMCMBPz1yMQjGvIthIkwIR0o5nn,Mengkeren,5,0,5.3.0_29183395_29332470,2025-01-11 13:47:03,,,5.3.0_29183395_29332470
39b87762-50ba-4787-af57-887895573659,M Hyuga,https://play-lh.googleusercontent.com/a-/ALV-UjVLs6ZAH-K7nZC7a3N7GLKYF-6LP4ZI03F5vUOgGxpOXz2WBNHZ,Kapan di genshin impact Ada fitur supaya bisa gift skin ke teman Seperti game mobile legend,1,0,5.3.0_29183395_29332470,2025-01-11 13:40:43,"Terima kasih atas dukungan Traveler terhadap Genshin Impact. Kami menerima secara terbuka semua masukan/umpan balik dari kalian. Jika Traveler memiliki saran atau masukan, jangan ragu untuk menghubungi kami melalui feedback in-game atau email.",2025-02-20 15:09:20,5.3.0_29183395_29332470
871d2008-c42a-465b-8584-2ac8a52b50b7,arfi aji,https://play-lh.googleusercontent.com/a-/ALV-UjVcEGNDEqDWZ9fzh9o-5ihkhaB4jnKcDtr2NQ-30cDLvr6eOcK4,Ter joss,5,0,5.3.0_29183395_29332470,2025-01-11 13:37:56,,,5.3.0_29183395_29332470
844b064c-19ca-48a3-b72f-3da8954721f7,Ayanokoji kiyotaka,https://play-lh.googleusercontent.com/a/ACg8ocKalTgpHpXLnaUK1ctAWGZ1CPG6FQg5dKQmrPkCntWn36dckw=mo,Bagus bgt,5,0,,2025-01-11 13:27:56,,,
3d374c00-51b8-467a-b882-9323c665f7e9,Zaenal 55,https://play-lh.googleusercontent.com/a-/ALV-UjVhgRdMJ9G2Dub6mPbVNz_YbaMjWmmHrUequrFYwXaf-mxCnNo,kaga ada alok,1,0,,2025-01-11 13:08:27,"Kami mohon maaf atas ketidaknyamanan yang Anda alami, Traveler. Kalau Anda memiliki masukan atau saran, silakan hubungi kami melalui email atau feedback in-game.",2025-02-20 15:12:22,
41087a79-a249-4df5-9e02-947317119eb5,yudi pohan,https://play-lh.googleusercontent.com/a/ACg8ocKftpo3JpsyyUA2wErGxBB7EfJF4egm_rNbBY2XeKWvPz3bvA=mo,knapa di hp ku kaki nya gk mengikuti daratan,5,0,5.3.0_29183395_29332470,2025-01-11 12:47:44,,,5.3.0_29183395_29332470
c2a179b9-6451-4630-ade4-4e838fcc8d80,ari sandi,https://play-lh.googleusercontent.com/a-/ALV-UjUoeds-51Jd4PqGVJGkVqlCtPLl_EypyN5c4Q7sAJLK35zcToDc,"Grafis bagus, gameplay bagus, desain karakter bagus, konten game lumayan banyak, cocok untuk pemain kasual",5,1,5.3.0_29183395_29332470,2025-01-11 12:08:44,,,5.3.0_29183395_29332470
566e034e-9bdf-4cc1-a69b-a182790fd5b4,Nafis Bagus Prayoga-24,https://play-lh.googleusercontent.com/a/ACg8ocKA_6LRBY_dA0-U6FWAXmHCylZ6MLNJVFUMrGdwF8s382moIpI=mo,"game kikir, new player aja masi mau dikasi rate off 90 gacha baru dapet b5 pertama😹😹😹😹",1,0,5.3.0_29183395_29332470,2025-01-11 10:58:59,"Halo, Traveler! Traveler dapat melihat aturan sistem Wish di bagian [Rincian] pada halaman Wish. Jika kamu memiliki pertanyaan tentang perincian dari aturan tersebut, silakan hubungi tim Layanan Customer Support kami melalui feedback in-game atau melalui email.",2025-02-20 15:10:31,5.3.0_29183395_29332470
431c39b6-7643-4610-b521-747bfbe716b0,Eka Surya,https://play-lh.googleusercontent.com/a-/ALV-UjVKCZ9FGTZKqFX_p_K3woyxJmJ6IjVLYtQX5K2PLyt-G9x1HE9I,Tolong support gamepad di android 😭😭,1,0,2.5.0_5517525_5674503,2025-01-11 10:46:46,"Terima kasih atas dukungan Traveler terhadap Genshin Impact. Kami menerima secara terbuka semua masukan/umpan balik dari kalian. Jika Traveler memiliki saran atau masukan, jangan ragu untuk menghubungi kami melalui feedback in-game atau email.",2025-02-20 15:10:57,2.5.0_5517525_5674503
7be2eea6-d83b-4231-8b9d-0086e3e6d92e,Ayam Kentucky,https://play-lh.googleusercontent.com/a-/ALV-UjUNajnAP9PGVdG6LSnVUx_YwkaCt-HnwvMqUipeJyevphWzHHg,sangat tertarik,5,0,5.3.0_29183395_29332470,2025-01-11 10:25:26,,,5.3.0_29183395_29332470
ce829a0d-246d-4f86-b0f7-bf9cf7b6e95d,khalil gibran,https://play-lh.googleusercontent.com/a/ACg8ocLKtVQbQmBDrM3eh7bPoYP2Zbrg8Z4vSQjjuzNhYo8EpUv1OQ=mo,Bagus benget game nya loading nya juga cepet anjay,5,0,5.3.0_29183395_29332470,2025-01-11 10:18:25,,,5.3.0_29183395_29332470
9a1ebe1b-287e-443b-bac6-15abd2275969,Rivaldi 123,https://play-lh.googleusercontent.com/a/ACg8ocLswL3il1raClvJXloQCbjYdYMnvb5siZudEzwk-wJNMRZ32w=mo,Perbaikan lah game lain sinyal lancar giliran game genshin malam muter muter muterrr,3,0,5.3.0_29183395_29332470,2025-01-11 09:21:14,,,5.3.0_29183395_29332470
3b5221fc-3469-4dea-bc36-9479eb46bb92,SChris Swn,https://play-lh.googleusercontent.com/a-/ALV-UjW1M7ZFz_2BbnDUwIgBvdCe1v-o9XxRUD5IukzKzdlDeBe22M2tUQ,Gua kira unduh data 3Gb ternyata 30Gb,1,0,5.3.0_29183395_29332470,2025-01-11 08:42:00,"Kami mohon maaf atas ketidaknyamanan yang Anda alami, Traveler. Kalau Anda memiliki masukan atau saran, silakan hubungi kami melalui email atau feedback in-game.",2025-02-20 15:11:13,5.3.0_29183395_29332470
f9149993-c3ab-4d91-ac93-f3642f71ff80,Ibnu SG,https://play-lh.googleusercontent.com/a/ACg8ocLDfFSe6mPPn2-ClKUvnZM5tlf1exTXZk7W_mcCL--Wv8FvAw=mo,Gacha = simulasi Judi,3,0,,2025-01-11 08:24:10,,,
d1f230bc-7127-4b8d-bacc-4822f5f1f5b9,Shiro Kuma,https://play-lh.googleusercontent.com/a-/ALV-UjXZj7uP3q2hFVf9FSAmKBN3u-JYSZrt-t1UheD3fBi5M0SUyq4W,Best Adventure Game Ever😩😩,5,0,5.3.0_29183395_29332470,2025-01-11 05:56:58,,,5.3.0_29183395_29332470
6d5f955c-4973-4374-b220-0d39481cb674,M. Nizar Nasrulloh,https://play-lh.googleusercontent.com/a/ACg8ocIA7WSl2RobnG_CbV6sy2F4tIfgIjvxOnT1vnChpbWsNEXZsg=mo,baguz,5,0,5.3.0_29183395_29332470,2025-01-11 05:42:23,,,5.3.0_29183395_29332470
7f4406ab-93b5-4d97-9e98-cb2c66ccbf11,Werdo Saputro,https://play-lh.googleusercontent.com/a/ACg8ocKryVWWDWG7bSKU4Npa491Yjf6kzG163J8-Vk3Uli_oJ8sO3w=mo,gamenya bagus bamget 😁,5,0,5.3.0_29183395_29332470,2025-01-11 04:44:46,,,5.3.0_29183395_29332470
54027d28-9246-4b98-b93f-8d70530ae284,Fadriansyah Nur Bachmid,https://play-lh.googleusercontent.com/a/ACg8ocJN3Qq_zd8Uj8Ug0kKAAjnQdHNsUQsl0VF0hgLCrNY3OEQt1Q=mo,"Please lah gara gara hadiah yg di kasih mihoyo dari ultahnya gak sesuai dari apa yg kalian inginkan, ingat bro yg ultah siapa yg ngasih hadiah siapa, masa gara gara hadiah ranting jadi turun sih. Bodoh boleh, tolol jangan",1,1,5.3.0_29183395_29332470,2025-01-11 04:03:17,"Terima kasih atas dukungan Anda terhadap Genshin Impact, Traveler! Kalau Anda mengalami kesulitan apa pun yang berhubungan dengan Genshin Impact, silakan hubungi kami melalui email atau feedback in-game untuk mendapatkan bantuan.",2025-02-20 15:26:52,5.3.0_29183395_29332470
655371a2-fd4c-4759-836c-f5c1136e9f77,Rendra Hermawan,https://play-lh.googleusercontent.com/a-/ALV-UjX5XQkjzdXubl4p3Sj8GbtAy3fhIB1B4kwislxy4w35pRb5j3FY,Game babi kalah rate off mulu. Tidak menyenangkan sama sekali!!!!!,1,4,5.3.0_29183395_29332470,2025-01-11 03:47:03,"Halo, Traveler! Traveler dapat melihat aturan sistem Wish di bagian [Rincian] pada halaman Wish. Jika kamu memiliki pertanyaan tentang perincian dari aturan tersebut, silakan hubungi tim Layanan Customer Support kami melalui feedback in-game atau melalui email.",2025-02-20 15:11:32,5.3.0_29183395_29332470
fac43543-cd64-4a93-bd54-9adc87c52461,dinar Nurhidayat,https://play-lh.googleusercontent.com/a-/ALV-UjVEFmIzOrZPPPyArYptR1gJUdnW8rZuT62AF3VKZ8Wes4cb7A00,Ada apa sih dgn genshin?? Emang ga bisa ya banner senjata di pisah? Pity udh rate on masih aja dapet di 1/1 mulu tiap gacha weapon. Kalo di pisah kan enak pity udh rate on 100% auto dapet senjata yg kita inginkan. Lah ini pity udh rate on masih aja 50/50 game KOCAK,1,2,,2025-01-11 02:28:49,,,
751154da-e988-4012-9e67-60c08418d5a8,RiFKi AF,https://play-lh.googleusercontent.com/a-/ALV-UjXowLhaYhOlfHaXMunLS0G3FvOkBodMO0OMjbUVFaB-9hISwrI,"bagus grafik nya bukan maennn, suka bgt",5,0,5.3.0_29183395_29332470,2025-01-11 00:36:54,,,5.3.0_29183395_29332470
29a19716-03ac-45bd-b1dc-e965d1b6f128,Yati Darmayati,https://play-lh.googleusercontent.com/a/ACg8ocK3vGhbj8wEowbaT0sSopH4Wq2e2NBNG7c3V2hT9yd9NMEP_g=mo,Game nya sudah bagus dari segi grafik nya maupun dari segi dunia fantasi nya tapi game ini terlalu banyak menggunakan data dan skin gacha nya pun terlalu mahal,4,0,5.2.0_28336591_28351161,2025-01-10 23:58:47,,,5.2.0_28336591_28351161
807d3d99-2055-49af-b48d-442ed91107f9,Denniz Riyz,https://play-lh.googleusercontent.com/a-/ALV-UjVueb8xKAq-VaIeO5hlbfMmPzBG256DsWxpunc_BVY2Jx5a0hxG,Game kikir ktnya abis update banner char pity nya dijamin dapet 2x rate on ini apalah gw spin udh hard pity cuma dpet 1 rate on,1,0,,2025-01-10 23:51:52,"Halo, Traveler! Traveler dapat melihat aturan sistem Wish di bagian [Rincian] pada halaman Wish. Jika kamu memiliki pertanyaan tentang perincian dari aturan tersebut, silakan hubungi tim Layanan Customer Support kami melalui feedback in-game atau melalui email.",2025-02-20 15:22:44,
45635dd0-ed50-42fe-828d-c7f1cd67fa0b,Just Npc,https://play-lh.googleusercontent.com/a-/ALV-UjU4LzEe7nZpkolp5Q3MrU1-KSrWxaN76QbgBFMVXPE3h0Beq-o,"Masih banyak bug! , terutama pada saat voice dialog ngobrol sama NPC, suara ga muncul dan itu ga nyaman banget,udah diseting udah di ganti suara bahasa sama aja, buruk buruk",1,16,5.3.0_29183395_29332470,2025-01-10 23:23:34,,,5.3.0_29183395_29332470
44e79ed5-abb1-4429-a376-646aa36a1ad7,Refan Pratama,https://play-lh.googleusercontent.com/a-/ALV-UjXjoRkR-yn0UzI_ZqYmw6q3N7MUbj5nsHtk6JsMT_3JrZbBw2w,"Pelit banget aseli, berikan aku mavuika lah wakkkk😹😹😹",1,1,4.7.0_23093867_23435602,2025-01-10 22:24:00,"Kami mohon maaf atas ketidaknyamanan yang Anda alami, Traveler. Kalau Anda memiliki masukan atau saran, silakan hubungi kami melalui email atau feedback in-game.",2025-02-20 15:13:16,4.7.0_23093867_23435602
d8036319-abbd-445f-8671-5927bf0a2af9,Gibran A,https://play-lh.googleusercontent.com/a/ACg8ocJnZpjp3trwoc7EWhyiDDQxShhf1rOWtuqROeLUILbbk8paUA=mo,Game ramah,5,0,5.3.0_29183395_29332470,2025-01-10 22:05:25,,,5.3.0_29183395_29332470
6ab016f1-89ed-4846-ab25-c92af2e6af31,Vick Oi,https://play-lh.googleusercontent.com/a/ACg8ocJlRu8Vnuk7oaPHN1pX6gGA9YWNF1TdRsDv_NkPCetvtoj8tQ=mo,Fontaine sama natlan kebanyakan berdialog.udah seperti podcast. Aksinya dalam game kurang memuaskan kya dulu,3,0,5.3.0_29183395_29332470,2025-01-10 22:03:19,,,5.3.0_29183395_29332470
1ac643ec-55c2-4362-ba55-536636821a19,WAZY Kenedy,https://play-lh.googleusercontent.com/a-/ALV-UjX-ZHZCZE8l-UAb7vx12nV22Lky2mT8fmWKxB6iFTUpl8Lpzf4,"Lama lama ngebosenin gacha gacha karakter yg gk jelas cobalah colab sesekali sama anime lngsung kayak Naruto ataupun Demon slayer, gw ykin psti bnyak lgi yg gacha dan akan dapat bnyak keuntungan untuk mihoyo sendiri",5,0,5.3.0_29183395_29332470,2025-01-10 21:47:49,,,5.3.0_29183395_29332470
f6165bb5-3eae-4bb5-96a3-8c871a3c3cc2,fitriana azzahra,https://play-lh.googleusercontent.com/a/ACg8ocJufjkXXylaOzTbDxq4fAA-Agi7Jhil5ax6LeKncZdiKSfk1w=mo,ampas,1,0,,2025-01-10 21:07:37,"Kami mohon maaf atas ketidaknyamanan yang Anda alami, Traveler. Kalau Anda memiliki masukan atau saran, silakan hubungi kami melalui email atau feedback in-game.",2025-02-20 15:05:07,
a7b7eb03-b889-401a-b4ec-9b05b6787c88,muhammad ilham firdaus,https://play-lh.googleusercontent.com/a-/ALV-UjXmzPaNApDYp3IJmrr4NCFlu38RmAuoKDaoHjp6mTW6zzWcUXV9,Ini game enak di awal klo udah late game nya nyari artefak ajahh susah nya minta ampun,3,0,5.1.0_27118081_27297621,2025-01-10 20:51:15,,,5.1.0_27118081_27297621
940704a9-78bd-4663-82f0-52876d206451,Symmon 07,https://play-lh.googleusercontent.com/a-/ALV-UjUoEnb_pO1Jp1zJHpXxzbPvWohUyaOwlT4RUBn7uCUOT7rIKYDm,kalah rate off terus :(,5,0,5.3.0_29183395_29332470,2025-01-10 20:01:15,,,5.3.0_29183395_29332470
f1d90f0b-cf40-4d9f-b8b1-d0458c5748e9,Lexicon Swan,https://play-lh.googleusercontent.com/a-/ALV-UjWSggFZ6fetbBmksjCxgVnJIzkJ81kqVbAlWzqX9HTNo2vkvsdC,Udah download data 14 GB untuk upgrade ke 5.3 begitu udah ke download gak langsung masuk ke game eh besoknya pas mau main malah harus download lagi 14 GB yang bener aja lah hoyovers paket data gue mau lu kuras semua kah ?,1,1,5.3.0_29183395_29332470,2025-01-10 19:51:42,"Halo, Traveler! Terima kasih telah mendukung Genshin Impact. Fungsi fitur pra-unduh adalah untuk memberikan player akses pada konten terbaru lebih cepat sewaktu versi terbaru dirilis. Jika Traveler mengalami masalah sewaktu pengunduhan, silahkan menghubungi CS kami melalui email. Kami akan memberikan bantuan/jawaban yang sesuai untuk Traveler.",2025-02-20 15:04:36,5.3.0_29183395_29332470
bfcec7b0-fb49-4f34-a65c-13395f3b7746,Pria Misterius,https://play-lh.googleusercontent.com/a-/ALV-UjXd0iKEZ5ASIfCHfFFIn30hFoAEbV6TVhh1m1EzGt6zKHyfnf9T,Belum main tapi kasih rating bintang lima,5,0,5.2.0_28336591_28351161,2025-01-10 18:42:17,,,5.2.0_28336591_28351161
190b4974-345e-41df-ab57-f9d422b27d82,Irfan Heryana,https://play-lh.googleusercontent.com/a-/ALV-UjXEnaNRCSiHWddfaNC-LzayBiuWsLIy1fu-8TueV0-BYry-OjAJ,Kikir impact,1,0,,2025-01-10 18:28:36,"Kami mohon maaf atas ketidaknyamanan yang Anda alami, Traveler. Kalau Anda memiliki masukan atau saran, silakan hubungi kami melalui email atau feedback in-game.",2025-02-20 15:04:52,
44a331e4-69bd-4913-a45f-7ce438e8997d,Rani Dewi Maharani,https://play-lh.googleusercontent.com/a-/ALV-UjWVr0KMpf776ZXNESK9vMZaxAsOWr3WKx-w454eIP0GNsb-f8E7lA,Game nya bagus,5,0,5.3.0_29183395_29332470,2025-01-10 18:13:40,,,5.3.0_29183395_29332470
6a21e962-7030-42d4-b1a1-545b9f8b3cb7,Sofia anjar,https://play-lh.googleusercontent.com/a/ACg8ocI9GIT7BbGb-CoKLEPI3SPk5R4Z1khbGCeSjA9FTGERcFO7kQ=mo,Jika yutuber suka gua pasti suka juga bintang 5 minimal :),5,0,,2025-01-10 18:10:01,,,
3c494b93-1d94-4668-bf6b-c57bb350b8db,Lissa,https://play-lh.googleusercontent.com/a-/ALV-UjV7A-TfADXCCQNa6GhmxI7Pzl-adYIS9xYDr93UI4jDSlPYAfwr,"banyakin lagi ya developer ngasih primo nya, buat mavuika ama furina😋",5,0,5.3.0_29183395_29332470,2025-01-10 18:08:46,,,5.3.0_29183395_29332470
cf09bc53-489e-45fb-9d77-0c96754a68fe,Bandot,https://play-lh.googleusercontent.com/a-/ALV-UjXQ-S9AdqyQycz0n0GisGCKs1MjZZruyCAxicNfXlGaHXtE_a-f,Mana bansos nya hoyo!!!!!!!!!!!!!!!!!! Aku butuh primo!!!!!!!!!!!!!!!!!,5,0,5.3.0_29183395_29332470,2025-01-10 17:38:58,,,5.3.0_29183395_29332470
22dd42a8-50ab-4a01-8366-0e67b20271e5,Samuel Cahyo,https://play-lh.googleusercontent.com/a/ACg8ocKenVNZEsH8qkKvxreZrNe1dQv82Bvy2cd8YsLU6Mfo-sEWrA=mo,Sangat menyenangkan,5,0,5.3.0_29183395_29332470,2025-01-10 17:34:19,,,5.3.0_29183395_29332470
0a1f1948-53c7-4367-a853-e4aeaba494ca,Rehan Pratama,https://play-lh.googleusercontent.com/a/ACg8ocINFjbfxx8DbE8GRFgN2sCa4HCoF1B0n43vAXCyT5YxPgmbcQ=mo,data gamenya besar bgt jir Kontoul,1,0,,2025-01-10 16:53:05,"Kami mohon maaf atas ketidaknyamanan yang Anda alami, Traveler. Kalau Anda memiliki masukan atau saran, silakan hubungi kami melalui email atau feedback in-game.",2025-02-20 15:04:10,
b5f801e8-0edf-45d9-adcc-3322751f1726,Sathya Dharmada,https://play-lh.googleusercontent.com/a-/ALV-UjWPN4brYc8S6nXI71zpwU-ekl-eaAZ7JmFJiOdyIhdcv3AyFfuw,Game nya bagus,5,0,5.3.0_29183395_29332470,2025-01-10 16:43:53,,,5.3.0_29183395_29332470
4137dd44-2805-4431-837f-aca5687b2dd9,Hendri J,https://play-lh.googleusercontent.com/a/ACg8ocJrQJ0TDshHymn2dsBez0mnrDuOiR6nllEKvvRCkuDVvlsNNg=mo,Maaf kali ini aku turunkan :),2,0,2.4.0_5199000_5224067,2025-01-10 16:40:32,,,2.4.0_5199000_5224067
31399a5f-30a4-4b32-b93c-551c9204365c,Muhammad Wahyu,https://play-lh.googleusercontent.com/a-/ALV-UjUAillcVmw1LrpY2RCNAQf-TH4IXv9xbTGg25QbnclL0gCMunQ,lucu,5,0,5.3.0_29183395_29332470,2025-01-10 16:21:53,,,5.3.0_29183395_29332470
540b8201-f5f2-4a07-b2e8-040799185515,Kaiyko,https://play-lh.googleusercontent.com/a-/ALV-UjWzbFwaaD1hRw3qsv35Fe9bTxR34dzmpMFnJlmC6NhShtKaCKo,"Gem elek, kalah Mulu ret off",1,0,,2025-01-10 16:18:07,"Halo, Traveler! Traveler dapat melihat aturan sistem Wish di bagian [Rincian] pada halaman Wish. Jika kamu memiliki pertanyaan tentang perincian dari aturan tersebut, silakan hubungi tim Layanan Customer Support kami melalui feedback in-game atau melalui email.",2025-02-20 15:03:42,
244ae6be-4b58-46fe-8288-95d400d4c06d,Adhit Yaa,https://play-lh.googleusercontent.com/a/ACg8ocKj4Na2nxtadVZV8lrGEfhiK9CC5jxhn2Hx4G9IS2H8TeukxA=mo,KASIH FITUR SKIP WOIII,3,0,,2025-01-10 15:18:53,,,
8b2ca0b8-b2d4-4da8-bf2e-fc66dc458c35,Nur Hakim,https://play-lh.googleusercontent.com/a-/ALV-UjWSf5zbzL2N8QfUHyprEFBA_QuoffitKYn0mrF92m0Z4r-FewYn,"Game terbaik story,backsound,karakter,pengoptimalan,world map semuanya perpect,",5,4,5.3.0_29183395_29332470,2025-01-10 15:06:54,,,5.3.0_29183395_29332470
5b7356a9-6cf4-4c50-9b2d-19857943fb24,Muhammad Rahmani,https://play-lh.googleusercontent.com/a-/ALV-UjX2FFXSeyBvsbhspKH5yTr5HCXQWXJwfo8Dmynj0YKnTknpNqk,Goodla,5,0,5.3.0_29183395_29332470,2025-01-10 13:35:27,,,5.3.0_29183395_29332470
5598897d-973b-4caa-9fc7-f229b0f5937e,Epro25,https://play-lh.googleusercontent.com/a-/ALV-UjWM7xGX2lsg-Y2aRaT4Vx0GSZ6QHlbNXjyKx70V3rL5zNGPsj8,"Good game, out of touch devs, getting too predatory, me no like especially with the 5.3 scummy af",1,3,5.3.0_29183395_29332470,2025-01-10 12:52:12,"We sincerely apologize for your unsatisfactory experience, Traveler. If you have any feedback or suggestions, please send us an email or contact Customer Service via in-game feedback to help us improve the game.",2025-01-10 13:37:26,5.3.0_29183395_29332470
ee044619-6d5c-400a-b18a-e703ccf9636e,Azka Putra Rahardyan,https://play-lh.googleusercontent.com/a-/ALV-UjUUkQ-TmmO1e2MQ3hrEMpUxdv8Dhi5NjVI8dbczThuCLS-7bxk,Game kikir,1,0,,2025-01-10 10:00:43,"Kami mohon maaf atas ketidaknyamanan yang Anda alami, Traveler. Kalau Anda memiliki masukan atau saran, silakan hubungi kami melalui email atau feedback in-game.",2025-02-20 15:03:04,
e57c00bf-c045-44b3-acf4-ab0ab96e9148,Saha Cik,https://play-lh.googleusercontent.com/a/ACg8ocLw9BSjl15_dv2ixvdf5cD-uMcbimfVPb7E3TLAyZQOFutsUQ=mo,bangsat,1,0,1.3.0_1825294_1872772,2025-01-10 09:20:14,"Kami mohon maaf atas ketidaknyamanan yang Anda alami, Traveler. Kalau Anda memiliki masukan atau saran, silakan hubungi kami melalui email atau feedback in-game.",2025-02-20 15:02:46,1.3.0_1825294_1872772
68b8dfd4-09f4-4876-9cd6-1f9d6a25cf94,Septiyanda 123,https://play-lh.googleusercontent.com/a-/ALV-UjXTxEh2tRN86ZsNE61VQeg-6ptkLKD1sWEycerAo48YwGhVRDxg,"Terlalu berat, tolong dibuat lebih ringan lagi untuk unisoc t606",1,0,5.3.0_29183395_29332470,2025-01-10 09:01:48,"Halo Traveler! Mohon kunjungi website official Genshin Impact untuk mendapatkan informasi sistem perangkat yang diperlukan untuk mendapatkan pengalaman bermain yang stabil dan lancar. Selain itu, untuk menemukan sumber permasalahan ini, mohon hubungi tim CS kami melalui feedback dalam game atau email.",2025-02-19 16:19:44,5.3.0_29183395_29332470
d1beb226-a36b-416e-8ee5-ade301099bed,Zaky Shiddiq,https://play-lh.googleusercontent.com/a-/ALV-UjVQH0F_1cVGcOmvgxvwnL0uqTq46FipQhkJRPPo3ELgbNO6FfH7,Seru dah pokok nya,5,0,5.3.0_29183395_29332470,2025-01-10 08:03:55,,,5.3.0_29183395_29332470
39795a2f-6e14-4e60-a386-ac6a051a72d3,Eggy Artha,https://play-lh.googleusercontent.com/a-/ALV-UjVmcIV1v6BWogQCwB4Dw9zZLCdXC9DQc8wc1DysjwY41eBszcRo,Not good anymore,2,0,3.5.0_13082099_13156424,2025-01-10 07:14:53,,,3.5.0_13082099_13156424
ee78d4fb-735e-47d0-b544-876c1823b266,George Rarawi,https://play-lh.googleusercontent.com/a/ACg8ocJwhjHTLP5JjxPmWXRZ0Q64Yu83Wi5xrgkBdpZ6X7R0O6VEdw=mo,Lumayan cuma kadang susah naikin adventure nya,3,0,5.3.0_29183395_29332470,2025-01-10 07:07:09,,,5.3.0_29183395_29332470
42b095dc-a3ae-4076-b145-fd6cedcbc407,Cara Ber,https://play-lh.googleusercontent.com/a-/ALV-UjWuFOgn1ogVCt0tmKafezEzvD314cPw2kx2MhtEwnVonOTnjZs,game nolep,1,0,,2025-01-10 06:54:55,"Kami mohon maaf atas ketidaknyamanan yang Anda alami, Traveler. Kalau Anda memiliki masukan atau saran, silakan hubungi kami melalui email atau feedback in-game.",2025-02-20 15:02:32,
f3d2e5ca-bdff-474e-ba0e-8309b72be527,Khairan Zhafiri,https://play-lh.googleusercontent.com/a/ACg8ocI5vKgKf6mRryVIXHZmOGndOWf4dd9w7bbN95BxA2XnCgYDIg=mo,Sehat sehat game kikir,5,0,,2025-01-10 06:29:13,,,
4c65dabc-b379-4112-9cf1-89e74635b093,Yola Ola,https://play-lh.googleusercontent.com/a/ACg8ocLcLO_pWaAkkUqtpIN0v-I6hLVdJFgQlBdivcXh-t_3LuyjMA=mo,Seru tapi hadiah sedikit,5,0,,2025-01-10 06:27:06,,,
63242950-3298-407b-9a4f-c6f321102d53,fathiya,https://play-lh.googleusercontent.com/a/ACg8ocI1kw-BXYG3ck8KJPc4lob62EfeE1anLjcmLxXHGntRC6dVKg=mo,I finally got zhongli at pity 76,5,0,5.3.0_29183395_29332470,2025-01-10 06:25:37,"Hello, Traveler! You can view the Wish System rules in the Details section of the Wish screen. If you have any questions about the details of the relevant rules, please feel free to contact our Customer Service team via the in-game feedback channel or email.",2025-01-09 14:30:27,5.3.0_29183395_29332470
bfdeef23-e5c3-439d-bd91-6f070982ba11,hundrabit,https://play-lh.googleusercontent.com/a/ACg8ocIycZ38YyR5fGX4isdp-tO2ayD2uCAWSjTo4gSQ92YvGZhOdQ=mo,sejauh ini ini yang paling jauh si,5,0,,2025-01-10 02:20:03,,,
ea018b10-199c-4b27-ae5d-8dc25da2ddf5,Heri Siswanto,https://play-lh.googleusercontent.com/a-/ALV-UjX7XI9CSZIQ-rufku-ZIcciE8uGEXhaoNKUgpPC6K1gQ9eytcl1,Dulu thn 2022 ku kasih bintang 5 karna masih awal² dan enak .. Jelek nya cuma ini game susahnya minta ampun buat nyari arte .. tiap hari selama berbulan² farming arte gk dapet² yg bagus .. sekali nya dapet 1 arte stat bagus giliran di up malah ampas yg naik . Bukan sekali dua kali .. itu terus²an. Buang² waktu sama tenaga. Udah capek bgt jd fix pensi main ini game . Gw yakin bgr kebanyakan player pd pensi karna ngalamin hal yg sama sih . Kalau masalah ukuran game yg gede mah wajar ..,1,0,2.8.0_7997424_8078355,2025-01-10 00:49:55,"Kami mohon maaf atas ketidaknyamanan yang Anda alami, Traveler. Kalau Anda memiliki masukan atau saran, silakan hubungi kami melalui email atau feedback in-game.",2025-02-20 15:02:19,2.8.0_7997424_8078355
87910819-45ac-4eda-a910-c78f99d437de,GenshinImpack 369,https://play-lh.googleusercontent.com/a/ACg8ocJnj451J4WO2yrwuvZpKqAaOYVIoGC3amvVTiUHyz4k2vpjqg=mo,"Secara keseluruhan mnurut saya udah bagus dari segi storynya, gameplaynya, desain karakter, musiknya yang paling bagus menurut saya dan lain lain udah bagus untuk game sekelas android cuma ada sdikit masalah di perangkat saya kenapa di perangkat saya poco x3 gt maksimal di 48 fps saja ngga sampai 60 fps tolong untuk developer untuk memperbaiki masalah yang saya alami ini!",3,0,,2025-01-09 23:49:40,,,
99cc7272-452e-4c6a-8c8c-6a1603918869,Azizu fahrudin,https://play-lh.googleusercontent.com/a-/ALV-UjUlsObo2nJMU6_Io1qdnZRq6deOnNFxjaCWfsBFe_WcW408ZesO,"Sistem gacha yang busuk,saya sering dapat karakter limited b5 di pity 70+, padahal teman saya pernah dapat di pity 3",1,0,5.3.0_29183395_29332470,2025-01-09 22:40:22,"Halo, Traveler! Traveler dapat melihat aturan sistem Wish di bagian [Rincian] pada halaman Wish. Jika kamu memiliki pertanyaan tentang perincian dari aturan tersebut, silakan hubungi tim Layanan Customer Support kami melalui feedback in-game atau melalui email.",2025-02-20 15:01:17,5.3.0_29183395_29332470
80e0b7bc-f3ff-4295-bf61-9ff8ddd428b9,Ahmad Fahrul,https://play-lh.googleusercontent.com/a-/ALV-UjVw5FmwWCXqvgwu8gS5FLS8Uhh_BusN8rpqROGWwiOKGF5OGDTJ,"ini game kok tambah lama makin bikin kesel, gw cuma keluar dari game bentar doang eh malah donwload data lagi udh gitu gede lagi, gk jelas bgt udah pelit ribet lagi",1,1,5.3.0_29183395_29332470,2025-01-09 22:39:53,"Halo, Traveler! Terima kasih telah mendukung Genshin Impact. Fungsi fitur pra-unduh adalah untuk memberikan player akses pada konten terbaru lebih cepat sewaktu versi terbaru dirilis. Jika Traveler mengalami masalah sewaktu pengunduhan, silahkan menghubungi CS kami melalui email. Kami akan memberikan bantuan/jawaban yang sesuai untuk Traveler.",2025-02-20 15:00:56,5.3.0_29183395_29332470
0c08e80e-ad08-48f1-bcd0-950c13215234,ledyan agung fratama,https://play-lh.googleusercontent.com/a-/ALV-UjVVzKg7MUC12AvBfH_12mJyaTNldsuvOPbAxS77hKpGm3NlM3Q,"Game GK guna nambah emosi orang aja setiap musuh GK ngotak game rusak banyak bug, musuhnya yg imbang la masa GK sesuai sama level lol",1,0,5.3.0_29183395_29332470,2025-01-09 21:43:21,,,5.3.0_29183395_29332470
17c24d4f-03dc-4eef-89c1-bac12889f028,ERIKA ZOË,https://play-lh.googleusercontent.com/a-/ALV-UjVXs_oKWUP3-rC3oObQuKj_NA_nUFU6H7Hmm5vwX2PA4HLFEaKA,"gamenya bagus dan seruu, yang bilang ini ngelag dll, genshin impact lebih disarankan pake iphone 8 keatas, android juga bisa cuma tergantung memori",5,0,,2025-01-09 21:27:56,,,
121be47b-2faa-4f74-b693-69f6f85c49ef,Yankeezz,https://play-lh.googleusercontent.com/a-/ALV-UjXog4lP0KsfWHxz1asvomGEblsLUcPdqiaSQFS6vNZeoM26P7ED,Tolong kasih artefak domain yang bagus plss,2,0,5.3.0_29183395_29332470,2025-01-09 21:09:57,,,5.3.0_29183395_29332470
538ee9fd-d698-4a9c-9eec-54cf91a1e902,Panjul,https://play-lh.googleusercontent.com/a-/ALV-UjXBZpOzz7yfjsRS1d1Veb92WiaUDyroRZqZ-iaoeus_wzuXo9k,makin kikir,3,2,,2025-01-09 21:06:08,,,
0454204f-9eea-4988-94c1-94c87b1c8d53,Syafiyya Ameerah adzra,https://play-lh.googleusercontent.com/a/ACg8ocKsrr3rxMLSDuNicgveZ4B0pNebvB2hfBaj3Wbjib-KFPiznQ=mo,"Bagus game ny grafik ny,ava,kekuatan ny",5,0,5.3.0_29183395_29332470,2025-01-09 21:00:21,,,5.3.0_29183395_29332470
afd66a1e-2769-4344-9164-c5afdea7cbc8,Rhaka Yanuar,https://play-lh.googleusercontent.com/a/ACg8ocIVNWXMaDSVHJ_tv1MoTvszubqw18ExMm8DsucktTiuXJojTw=mo,Game yang gua tunggu keluar,1,0,3.8.0_15672274_15939604,2025-01-09 20:53:09,"Terima kasih atas dukungan Anda terhadap Genshin Impact, Traveler! Kalau Anda mengalami kesulitan apa pun yang berhubungan dengan Genshin Impact, silakan hubungi kami melalui email atau feedback in-game untuk mendapatkan bantuan.",2025-02-20 15:00:20,3.8.0_15672274_15939604
7c375b6b-0051-4362-b92c-127b287f62d9,Yuniko Satria Ivantara,https://play-lh.googleusercontent.com/a-/ALV-UjVmitRY-XQTt_lKvLk9qwUO6Spqd7yeC1bh8WGhK9DH-u6-WnA,Natlan Is Another Story 👍👍👍,5,0,,2025-01-09 20:50:31,,,
895a1d70-cf90-4446-93c1-557c1c21ebad,Efri Yansyah,https://play-lh.googleusercontent.com/a-/ALV-UjVk9D856UEPI_klFas6eWYkp5tYFiQd9h3pXi_iaXJeZN-ofICr,"tolong hoyo perbanyak lagi karakter dengan susu yang besar, terimakasih",5,0,5.3.0_29183395_29332470,2025-01-09 20:24:41,,,5.3.0_29183395_29332470
8063b33a-c97d-40d0-9748-87a45347e352,FAUZI BRILLIANT,https://play-lh.googleusercontent.com/a-/ALV-UjVn_nNhnLOwXy3Fj0vtodKudyZ3THTMXLEqdp4M0hwa_PfrmOE,Keren,5,0,,2025-01-09 19:09:16,,,
66ef3564-d7e4-41d2-9eb7-dc81f50f4864,Diyas Permana,https://play-lh.googleusercontent.com/a-/ALV-UjUHeRBweSPmC93aEsfFn6CbjnUX6ulrtoRjnHuIvHlso5-dv1DJ,Mantap,5,0,5.3.0_29183395_29332470,2025-01-09 18:54:08,,,5.3.0_29183395_29332470
fdf919fd-886a-4b6b-8e58-86de8b166f90,Yanti Yanto,https://play-lh.googleusercontent.com/a/ACg8ocLU4Runw19DfK_FgEMNJgBcM8utTJzNgNsRlITeW1Vh5Nj8Ig=mo,"Tolong developer nya kenapa setiap anda bikin game harus unduh data besar memang hasil nya memuaskan tapi tolong dikurangi data nya mohon dibalas 🙏🏻🙏🏻🙏🏻 dan, game nya memang bisa di save data tapi kenapa harus unduh data yang gede lagi padahal didalam game nya udah kita save data😭😭😭",1,0,,2025-01-09 18:47:48,"Terima kasih atas dukungan Traveler terhadap Genshin Impact. Kami menerima secara terbuka semua masukan/umpan balik dari kalian. Jika Traveler memiliki saran atau masukan, jangan ragu untuk menghubungi kami melalui feedback in-game atau email.",2025-02-20 14:59:55,
78a00252-1f36-4f6d-9f49-bee9c99a79e8,Azizatusseila Nur R. 08_XC,https://play-lh.googleusercontent.com/a-/ALV-UjUh2LDPVipCyRWFXLc2nfvEKB_SZtRYAf4xnASuYEcqw830zJiH,WOI GUE PROTES!! KNP CHARACTER COWONYA DIKIT BANGKE!!! BANYAKIN DONK AH JDI MALES GUE MAENNYA🤬🤬🤬🤬🤬 PLAYABLE IN CAPITANO GAK MIN🤺🤺🤺🤺,5,0,5.3.0_29183395_29332470,2025-01-09 18:03:20,,,5.3.0_29183395_29332470
12d8c4ed-03a8-4576-bc63-9bcecbae7b86,Dafa Ramadhan,https://play-lh.googleusercontent.com/a-/ALV-UjUFK8QKzAdEm6NUE7a6FNSyENajVCuOxlUXnjsKk5G2RdhlmuJf,Kesel banget sama hoyo akun ku di buat bug sampe pity 110 jadi korban 16 primo ku tolong lah hoyo benerin bug pity di akun ku,1,0,5.3.0_29183395_29332470,2025-01-09 17:30:06,"Halo, Traveler! Traveler dapat melihat aturan sistem Wish di bagian [Rincian] pada halaman Wish. Jika kamu memiliki pertanyaan tentang perincian dari aturan tersebut, silakan hubungi tim Layanan Customer Support kami melalui feedback in-game atau melalui email.",2025-02-20 14:59:19,5.3.0_29183395_29332470
7a739fa4-8b31-4fb6-883a-f8900b7adc3b,Kevin Brahmantyo,https://play-lh.googleusercontent.com/a/ACg8ocJ17o5LX66GGNOJH0qUBeeYBxIuHQQs4ZDWPtMM7NecPeyCsA=mo,Gede banget sizenya,5,0,5.3.0_29183395_29332470,2025-01-09 17:24:03,,,5.3.0_29183395_29332470
4d8f46d8-f285-449b-a5b4-b6eabf11d6ed,Muhamad Mukhlis Firdaus,https://play-lh.googleusercontent.com/a-/ALV-UjXM806vEP96Y_BjSIjKcEpB3LDIfxXv6YMAW1_RFMgRCyPOVKnZ,"gacha arte sama char saya wangi,sekian",5,0,5.3.0_29183395_29332470,2025-01-09 16:18:19,,,5.3.0_29183395_29332470
53f6491f-3163-44ee-9b3c-4d871fccea35,alvin bhadra Tama,https://play-lh.googleusercontent.com/a-/ALV-UjU389NGaJ1w6qicHwgUQDu8bjAjLyLYJ36DE0wovYUj404k2hqw,balesan dari cs cepet akun ilang gak sampe 5 hari sudah kembali,5,0,5.3.0_29183395_29332470,2025-01-09 16:12:34,,,5.3.0_29183395_29332470
085cf590-1ce5-4e19-a9e9-28791f063028,Muhammad Rafi Maula Ali,https://play-lh.googleusercontent.com/a-/ALV-UjUeExvAzFD3Hev6W3oMopOiKfXMq02XA3EZSwVFtKuHILfxq5X2,"story boring parah, 3 jam cuma nonton orang orang yapping ngeparty habis penyerangan abyss",1,2,5.3.0_29183395_29332470,2025-01-09 16:03:51,"Kami mohon maaf atas ketidaknyamanan yang Anda alami, Traveler. Kalau Anda memiliki masukan atau saran, silakan hubungi kami melalui email atau feedback in-game.",2025-02-20 14:58:54,5.3.0_29183395_29332470
4fcde6f6-60a4-44c4-81ed-bb375e063a64,Muhammad Ngasari,https://play-lh.googleusercontent.com/a-/ALV-UjX-vi5JC4lCRgqSU5uoJZwO2Qv-Wz7hNAGJDxGG8DJ-nzFD_PQ,bagus...,5,0,5.3.0_29183395_29332470,2025-01-09 15:54:04,,,5.3.0_29183395_29332470
f1fbbb3e-1838-4f42-94c4-f3536270dc35,Neneng Mulyati,https://play-lh.googleusercontent.com/a-/ALV-UjXxt1Gf5R1YeIm74jYaxRZY5DnTwJGOvRRwLEaO_JJupIsLsEk,Suka suka,5,0,5.3.0_29183395_29332470,2025-01-09 15:13:00,,,5.3.0_29183395_29332470
65b5fafb-cc9c-4680-b627-5e7da4e017b7,Hendra Putra Asfansyah,https://play-lh.googleusercontent.com/a-/ALV-UjUETt7VHd3ykq5Ty5o0d9vvJq9rVKztk7dSFOJGQTDnJVnA69aM,"Sistem wish senjata, tolong dibuat seperti honkai star rail, saya sudah sering kalah rate on di senjata yang saya wish",4,0,,2025-01-09 15:11:50,"Halo, Traveler! Traveler dapat melihat aturan sistem Wish di bagian [Rincian] pada halaman Wish. Jika kamu memiliki pertanyaan tentang perincian dari aturan tersebut, silakan hubungi tim Layanan Customer Support kami melalui feedback in-game atau melalui email.",2025-01-09 14:58:47,
cd742823-721c-452e-b59e-bdc03b5fc695,Prongopi,https://play-lh.googleusercontent.com/a-/ALV-UjVKhJ5dKrOwQ-eGgHazX831AIDG0GsBNrBxbGTAkzZDIPKWIy4,"Bang udah bang, hp gw dh gakuat.",5,0,4.6.0_22174900_22378599,2025-01-09 14:24:51,,,4.6.0_22174900_22378599
77f460cf-e5bf-438c-9733-cf0320c5a9a3,Schnee,https://play-lh.googleusercontent.com/a/ACg8ocK2rS57IQ9f5tXY_hAayRFqpKveiiSWO_9RHn0iSSa84JmlqA=mo,"Bug kebun bibit di dalam mimpi yang nanam12 vasmrti dan udah berbunga tapi quest nya tetep gak bisa lanjut,oi hoyo",1,0,,2025-01-09 14:16:39,Kami ingin memohon maaf sebesar-besarnya atas terganggunya pengalaman bermain Traveler. Silakan hubungi Layanan Pelanggan kami melalui pelaporan masukan dalam game atau email untuk mendapatkan bantuan tentang masalah ini.,2025-02-19 18:01:52,
b7953622-926b-4f7d-bfec-9d4688576893,Wisnu Mantol,https://play-lh.googleusercontent.com/a-/ALV-UjWXSxzjOCRWn7PxjtG8Q31Wi_D3vDMXLd18TJlqHvZSN2N41e4,saya suka game ini.. tetapi terkadang ada story di beberapa quest yang membosankan dan terlalu banyak dialog... semoga ada fitur skip kedepannya.. terimakasih,4,0,5.3.0_29183395_29332470,2025-01-09 13:43:02,,,5.3.0_29183395_29332470
434001c2-77e6-451a-a9e0-f9909efaf659,Ridho Alfonzo,https://play-lh.googleusercontent.com/a-/ALV-UjWR3lIlH0VXza26meESRcloya_a_vQMXcqNrADevjY-PUr7FIX3,"Gamenya bagus tapi ribet banget nyari artifak nya,Nyari yg A dapetnya yg B dan sebaliknya....biar dapetpun statnya blum tentu dapet yg di inginkan,sampe habisin resin,maenya jdi banyak buang2 waktu aja.sampe banyak karakter yg belum kebuild cuma gara2 nyari artifak 1 Hero saja",4,0,5.3.0_29183395_29332470,2025-01-09 12:17:49,,,5.3.0_29183395_29332470
3d79f5a7-1390-4dbc-90bd-598da554a957,Qaisara daanis Syakiila,https://play-lh.googleusercontent.com/a-/ALV-UjWaokESWxicEb1x6zFVnssm1b1iC_5qceJV4qVEvwJ3vy-jgNW4,"Secara gameplay dan lain lain bagus, tapi sistem gacha nya yg gk bagus bgt udah gtu menurutku hadiah dari event tuh dikit banget, developer jg gak mau denger masukan dari para player nya yg ngebuat aku gedeg😅 dan juga benda yg buat farm artefak terlalu dikit, blm lagi klo artefak nya jelek sehingga males buat farm lagi.",3,0,,2025-01-09 12:13:33,,,
80d9e20a-a1d8-484e-a48c-e20f914754da,Affa Hayoo,https://play-lh.googleusercontent.com/a-/ALV-UjViUIM-oAMys6Rx9M2HCgN5PmyRVZmSUAdvSyE-OK41PX7PUY8,"bosen,, udh ga ada fitur skip, story kebanyakan, ngobrol sm 1 npc aja keknya ada 1mnt an gt,kek kapan kelarnya klo kek gni. udh gacha hard pity mulu. char cewe trs yg dirilis char cowo jarang2 ini kt kaum cewe di suru ngelesbi apa gmn co. arte gacha smua, dptnya random (gacha) statnya jg begitu. mana char yg cewe bajunya kebuka smua, kek yg baju ketutup tuh dikit bgt",1,0,,2025-01-09 11:57:11,"Terima kasih atas dukungan Traveler terhadap Genshin Impact. Kami menerima secara terbuka semua masukan/umpan balik dari kalian. Jika Traveler memiliki saran atau masukan, jangan ragu untuk menghubungi kami melalui feedback in-game atau email.",2025-02-20 14:58:31,
6fc72675-84cb-4a1a-b9e4-bc893f6e3b58,Joe Pando,https://play-lh.googleusercontent.com/a-/ALV-UjW8-VGvhr8kVYzgLjvKw0muMDb7TMPr30lvVKrTTc2MuwHe_sAy,Storynya sad sad,5,0,,2025-01-09 11:54:22,,,
577da338-b4f8-4f0c-af12-b589e36f939d,Febri Ananda,https://play-lh.googleusercontent.com/a/ACg8ocKoQVIOeZTym_uI4aDrJk7VK_stNnyhqYnXkmGJUH8-tx0KMQ=mo,"Tolong tambahin fitur skip dialog percakapannya dong, jadi player bebas milih mau skip dialog nya atau baca dialog nya, gw ngantuk main ini game kebanyakan dialog, waktu gw habis buat liat tuh dialog boring jadinya",2,0,5.3.0_29183395_29332470,2025-01-09 11:49:59,,,5.3.0_29183395_29332470
e0ea6631-71ea-47d2-bb6a-d62c27d39665,Farrel Enggar,https://play-lh.googleusercontent.com/a-/ALV-UjU795z65wtAG5TCzAmgmax1sBWcd3jNO_tND2M2xqWbbu4Tz64,"Udah bagus di segala aspek... Mulai dari grafis yg memanjakan mata, dunia open world yg luas, storyline yg begitu menyentuh, dan tentunya dpt primo gratis... Yg kurang dari ni game cuma 1, pliss lah mihoyo, kasih happy ending untuk beberapa karakter... Edit : sistem gachanya bener"" ampas",4,7,2.7.0_6933856_6989239,2025-01-09 11:36:52,,,2.7.0_6933856_6989239
3428e215-0c8e-4f67-8c26-667c9e9079ed,Cuezen Gaming,https://play-lh.googleusercontent.com/a-/ALV-UjXwtiOsivZOQ74d4ljjDSCDBOq96WytwRK9MxaGvOGO4wFkGHBO,"Saya mau main genshin pake gamepad apakah aman? takut kena ban aja, tolong di kasih penjelasan",5,0,5.3.0_29183395_29332470,2025-01-09 10:28:08,,,5.3.0_29183395_29332470
ca1492a1-28a5-4350-9f61-2ac7edef0c9a,saber automata,https://play-lh.googleusercontent.com/a/ACg8ocJptqcGAzlMoM0VD_iClm67AJiqVbrrcqLPfhtvbNo8tZ1gwA=mo,Mantap,5,0,5.3.0_29183395_29332470,2025-01-09 09:14:37,,,5.3.0_29183395_29332470
f71102f7-ec2f-4cfc-8888-47518bb79d63,Krisna Setiawan,https://play-lh.googleusercontent.com/a/ACg8ocLnnlOK8OLnF3NKonTHEf8688qAWm5MPB5FEGJDPvXEKLUKWEk=mo,Seruh bangt,5,0,5.3.0_29183395_29332470,2025-01-09 08:22:48,,,5.3.0_29183395_29332470
5e6489af-9fa2-4bcf-963e-7adebc238d6d,Pisang Ganal,https://play-lh.googleusercontent.com/a/ACg8ocK8GjeI5YCE6pgWPWk5DprmjPPwbEUiB5ziTsVnePUKL3952g=mo,"Hai dev. Kenapa hari ini gamenya force close sendiri, padahal kemarin masih lancar mainnya, memori juga masih banyak belum terpakai. Kalau masalah ini sudah selesai diperbaiki nanti saya akan menaikkan bintangnya. Edit : Bug no text damage",4,0,,2025-01-09 08:03:40,"Mohon maaf sebesar-besarnya atas terganggunya pengalaman bermain Traveler. Silakan hubungi Layanan Pelanggan kami melalui pelaporan masukan dalam game atau email untuk mendapatkan bantuan tentang masalah ini.
",2023-01-29 22:50:54,
a5f21d48-01ce-4bb8-81fa-260e812fe8c1,Airaaira Aira,https://play-lh.googleusercontent.com/a-/ALV-UjVoSJwlFA61FaP8oTc7yObm1_oIYHUgeIhWIcSHK-T_bLtq_8k,Gem bagus explorenya enak dan menyenangkan,5,0,,2025-01-09 06:48:32,,,
77c5ef8b-4891-41a1-badc-1b2bb2adae98,Bilal Amirudin,https://play-lh.googleusercontent.com/a/ACg8ocKizMTMYOfBTJLqCNZ0mif2mWD2U-QIOGYpeRNQgj7BP-YebQ=mo,Game pelit,3,0,5.3.0_29183395_29332470,2025-01-09 06:28:47,,,5.3.0_29183395_29332470
e26656a0-7833-4650-8a04-dd586664ad72,Nur Sholikhah,https://play-lh.googleusercontent.com/a-/ALV-UjWFMEzZ0px5oH9R4OfAYmFLUKtkfE-CNhCwpro3YVPOuWnStA,This is so Fantastic!! game,5,0,5.3.0_29183395_29332470,2025-01-09 06:18:57,,,5.3.0_29183395_29332470
ed5b1dbd-c1ea-4cac-95b8-aad828660daa,RXHERTA,https://play-lh.googleusercontent.com/a/ACg8ocJCnV5PktdVN6OYLQy0t4Wa_1pk3UeCOuKDoWwxaTdrawu4VYU=mo,Game yang sangat bagus tapi sayang playernya sepi. Dan kurangnya panduan untuk newbie (saya rekomendasikan game ini ke teman saya tapi teman saya ngantuk saat memainkannya),4,0,5.3.0_29183395_29332470,2025-01-09 05:44:10,,,5.3.0_29183395_29332470
d8dd90ee-3b93-4fd3-8b2d-2faef076ef01,Darrelganz 1234,https://play-lh.googleusercontent.com/a/ACg8ocLrkilQDSHRRLk19TxCmQlgWuG_SejdPO0DS2PZqZK-Sk2sgw=mo,seru banget gw suka ni game walaupun hp gw patah patah ttp aja seru,5,0,5.3.0_29183395_29332470,2025-01-09 05:11:34,,,5.3.0_29183395_29332470
3fd3c8a7-a6d1-4625-90e7-4f2039ea2369,Rizki Saputro,https://play-lh.googleusercontent.com/a-/ALV-UjXttW41AW9o2f1TfTj7MKQqNd7_TGGA80j5i0W53uDCTZIbGY_q,"Bagus sih 👍👍👍, tapi game nya bisa di kurangin Dikit? Agak berat game nya hhe",5,0,5.3.0_29183395_29332470,2025-01-09 04:18:15,,,5.3.0_29183395_29332470
0dbd4c06-3ae3-4c37-94dc-9b8a17c40b30,Cery Ceri,https://play-lh.googleusercontent.com/a-/ALV-UjW92HTrhqk6EXIbHJLSLoxAMN5L7v1vdC2GcZPINtA3Ji80mngm,Great game especially for waifu collectors. No wonder female players are leaving. Wouldn't be surprised when next region released there are won't be any new male character. Just look at how the number of new male characters keep decreasing in each new region. Great job! Bye,2,0,3.1.0_10443587_10457664,2025-01-09 04:07:46,,,3.1.0_10443587_10457664
01d11f5a-7a52-4ef3-883a-5e40b1fc1b5a,Rizky Ar,https://play-lh.googleusercontent.com/a/ACg8ocI26eBLh1hzM5ZIMdcA3Pl_2kAPxK5Q6wSoQmnu1qHqbQdWmw=mo,Primogem !!! . Hehe,1,0,,2025-01-09 03:02:03,"We sincerely apologize for this issue, Traveler. Please send us an email or contact Customer Service via in-game feedback for specific help with this issue.​",2025-01-10 10:42:49,
a378ba8b-af17-4d98-9f39-89c010fdb44e,Aksa Animation,https://play-lh.googleusercontent.com/a/ACg8ocLwDAIlLPyqc5RzNucJdF3UyPEgPeydkvtX6WbsdCA49kUKcQ=mo,Gak butuh ques story Ques story membosan kan... Ques story gak mutu Ques story gak guna...,2,4,5.3.0_29183395_29332470,2025-01-09 02:23:41,,,5.3.0_29183395_29332470
3a8520a7-8472-4f79-b368-d20133d75d50,Adi Nata,https://play-lh.googleusercontent.com/a/ACg8ocLQVsyPrkwZjYVAbIFf0aKG7qbkZ4b5pCdrtu4B89FiG_OpAA=mo,bagus,5,0,5.3.0_29183395_29332470,2025-01-09 01:33:48,,,5.3.0_29183395_29332470
feb332fb-984d-4556-b7c1-b25afb702a9e,Yuzu Chi,https://play-lh.googleusercontent.com/a-/ALV-UjUs0JGdNt3pocDS6F-k5v7hepzHJrTj-aplaBP5yanBs9X8lOc,"Game kikir, capek nguli hardpity terus-terusan, kalah rateoff mulu. 👎",1,46,5.3.0_29183395_29332470,2025-01-09 00:16:17,"Halo, Traveler! Traveler dapat melihat aturan sistem Wish di bagian [Rincian] pada halaman Wish. Jika kamu memiliki pertanyaan tentang perincian dari aturan tersebut, silakan hubungi tim Layanan Customer Support kami melalui feedback in-game atau melalui email.",2025-02-20 14:54:09,5.3.0_29183395_29332470
2789011a-39dc-4c4d-9987-f80a0fc25b2d,Isa Muba,https://play-lh.googleusercontent.com/a-/ALV-UjV-cIb3y72ihtOea1DIhvh8ah1vLJMGvISmVhg4OmAS1DWEaBM,Ga dapet nopal malass gem jelek,1,0,,2025-01-08 23:08:24,"Kami mohon maaf atas ketidaknyamanan yang Anda alami, Traveler. Kalau Anda memiliki masukan atau saran, silakan hubungi kami melalui email atau feedback in-game.",2025-02-20 14:52:27,
2c45f510-05ef-4950-ae96-4bc27eef8134,Nur Lailiya Rahmawati,https://play-lh.googleusercontent.com/a-/ALV-UjXj7o2JjNbV6IXG3NNJPH2k82PMxr_Q9rQ_0C3OnzbF4x6oU6l_,"Kenapa gak bisa di download di hp saya, padahal saya suka sama game ini:"")",2,0,,2025-01-08 22:32:11,,,
7a7ba743-c5b7-47c9-b98c-abd307ec01aa,AG Natta S,https://play-lh.googleusercontent.com/a/ACg8ocJrHq_gv55YwVR_pOqHTdFdh1IbAK59JpWyOdyxFCkwX6hk7Q=mo,Gak tau belom nyoba,5,0,,2025-01-08 22:17:16,,,
d41c106b-1c59-4b07-9d13-1c61ec342810,kenxzyy,https://play-lh.googleusercontent.com/a-/ALV-UjV7u_ZBfvMtZM3jlMf79cL6eR8SuvfC7pBDC1LYB4gznUQ_Dg4M,Please capitano plybleee Kalau emg benar plybeel tuh chat laku keras dari desain apalagi dia tuh karakter cwo behh malah gak di plyble rugi rugi,4,0,5.3.0_29183395_29332470,2025-01-08 21:18:44,,,5.3.0_29183395_29332470
4db07dd4-3d9c-4721-a3ab-1ce3890bd68e,Nicky Surya,https://play-lh.googleusercontent.com/a/ACg8ocJZ6Na8fawRKdpo0CYqUWSTgK7VR3X4-rM1TkSh3YiRHvhJmg=mo,Kren,5,0,5.3.0_29183395_29332470,2025-01-08 21:07:10,,,5.3.0_29183395_29332470
33870e75-f381-49e8-8c30-b5745760a1bb,Al- Fitroh,https://play-lh.googleusercontent.com/a/ACg8ocLPA6Q5M1tGjBP2L1dr2ba_IlLqmM-9grIYS5VASQWFH9_WYw=mo,Game bagus,5,0,5.3.0_29183395_29332470,2025-01-08 20:58:14,,,5.3.0_29183395_29332470
56d42302-b9d2-40b2-85fa-0b6dca269573,Penjelajah Anime,https://play-lh.googleusercontent.com/a-/ALV-UjUqBoAu4MCJSeq3fZibsr1tRqjn24hdVLUoBU3jDG2vVnm2g8eV,Gak rugi gw download ni game,5,0,5.3.0_29183395_29332470,2025-01-08 20:44:39,,,5.3.0_29183395_29332470
f7201757-aaea-4570-ac08-7f794498ff2b,Kevin Aulia Ramadhan,https://play-lh.googleusercontent.com/a/ACg8ocLLp9qVwiZlI5KFBRUgC7vQ6m5enL0TO7uojU9CbK5oWNJpLwc=mo,"Game baguss, sangat seru untuk menikmati alur ceritanya",5,0,5.3.0_29183395_29332470,2025-01-08 20:08:04,,,5.3.0_29183395_29332470
7e2f73ba-07da-4e3c-b92e-659d392ebb1c,Kurumi Tokisaki,https://play-lh.googleusercontent.com/a/ACg8ocK9hJ1arb4uApcxRmjQ89W-nvr6bQKE5wfnmE_bxXu1sztAdA=mo,Quest archon mavuika kali ini kok aneh. jadi susah . Ngotak dong.. mau nikmati story malah bikin males,2,0,,2025-01-08 20:07:51,,,
5ad2a9c2-ffa7-4c6c-84fb-2d6bfeb7e99c,Andi Gunawan,https://play-lh.googleusercontent.com/a/ACg8ocJdXkCV4ygJ8nQ9VeczUPn8NuocGg-9s1gsas1LHiHf-0WMJQ=mo,Sangat keren dan seru,5,0,5.3.0_29183395_29332470,2025-01-08 20:05:19,,,5.3.0_29183395_29332470
5f449bfd-aaad-4255-97c9-269311059a49,deblenks,https://play-lh.googleusercontent.com/a-/ALV-UjW6DRVGC6IzEANHRpUZcz_lP3_MxelVwZzGQJ_OUw9bJMYq7FM,Seru tapi membosankan,1,0,5.3.0_29183395_29332470,2025-01-08 19:48:36,"Kami mohon maaf atas ketidaknyamanan yang Anda alami, Traveler. Kalau Anda memiliki masukan atau saran, silakan hubungi kami melalui email atau feedback in-game.",2025-02-20 14:49:52,5.3.0_29183395_29332470
f554883d-29d9-4e47-aa83-70d04b3476d6,Nepid,https://play-lh.googleusercontent.com/a-/ALV-UjW8iXum2qAfF-5uaYyLZhmMYxXDxP9TamOPEUdhvE2fIkIYgcVM,"Mohon untuk pihak ""HOYOVERSE"" untuk menambah fitur Skip agar pemain lain tidak bosen untuk mendengarkan cerita nya, banyak pemain lain yang mengeluh tentang persoalan di atas, saya mohon untuk update terbaru nya Thank you.",2,0,,2025-01-08 19:44:54,,,
c4ffbbf7-bac2-4818-9152-318563a78421,Ratu Agungellena,https://play-lh.googleusercontent.com/a-/ALV-UjW1cbvffSNtd61ELsVuQ7fTMHGe_RGTLFOMJljVucLx8GtsXv1i,"ya seru dapet banyak temen juga, orang nya baik² kalo sama newbie baik suka deh character nya bagus grafik juga oke banget ga ada yang kurang, apalagi pas cutscene behh bagus banget kaya nonton kartun",5,1,5.3.0_29183395_29332470,2025-01-08 19:39:42,,,5.3.0_29183395_29332470
6c05a55f-58d0-483c-b917-490a4a5d8b97,Myi,https://play-lh.googleusercontent.com/a-/ALV-UjVkGskWp83ukShp5UXfKczCuyit6Huuo-ZzSVSEOvbGflk3pdsu,bagus,1,0,,2025-01-08 17:36:10,"Terima kasih atas dukungan Anda terhadap Genshin Impact, Traveler! Kalau Anda mengalami kesulitan apa pun yang berhubungan dengan Genshin Impact, silakan hubungi kami melalui email atau feedback in-game untuk mendapatkan bantuan.",2025-02-20 14:48:26,
55fd2d8d-3edf-4fba-af0b-69205487d30b,Gilang Projects19,https://play-lh.googleusercontent.com/a-/ALV-UjXggaac7lcTKsw8R9NznQ_RAxgObj4azt2qvm_CZZiOaUrJ-CQp,Min apa gak tertarik kolaborasi dengan anime?,5,4,5.3.0_29183395_29332470,2025-01-08 17:31:57,,,5.3.0_29183395_29332470
d3b3d4e4-81af-400e-b9bc-f8cec3c7d3b4,Puki Mak,https://play-lh.googleusercontent.com/a/ACg8ocLsw6OQh8UYpEo5O67lsOaMCBXaK8u8_OKKsRreiXWrTkCA5w=mo,"Mantap min, kalau bisa perbanyak char MALE",5,0,5.3.0_29183395_29332470,2025-01-08 16:15:23,,,5.3.0_29183395_29332470
c045a574-07f8-4807-ae18-7586f6779490,Nge Taf,https://play-lh.googleusercontent.com/a-/ALV-UjVCt4BmQPAv1ZcTJFRw_hIjMqLQ9njwzTgmU3lNOOe9pcO4thY,Sangat menyenangkan bisa main game openwolrd dengan karakter² yg design nya bagus,5,0,,2025-01-08 15:28:16,,,
de420d62-7e73-4d87-8d9d-75215ee4bc48,Muh fahrul Fahrul,https://play-lh.googleusercontent.com/a-/ALV-UjX0MUcTdkE0mQRdva_J39dF98tdBIK-Tf2bafYJ7Xh_fjsE_MWH,Kenapa akun saya keulang dari awal padahal level karakter saya sudah hampir max,1,0,5.3.0_29183395_29332470,2025-01-08 14:46:22,Mohon maaf sebesar-besarnya atas terganggunya pengalaman bermain Traveler. Silakan hubungi Layanan Pelanggan kami melalui email untuk mendapatkan bantuan terperinci mengenai masalah ini.,2025-02-20 14:47:24,5.3.0_29183395_29332470
249c7e65-8651-4725-9896-cfeb209a3bc3,Putra-vx8,https://play-lh.googleusercontent.com/a-/ALV-UjXfsUYbFrxBVBuRbWZ2X25_pKlcOr9SzmhOacx1-nOphp_0ZGVq,rate on rate off tak berguna dah 160 kali pull gak dapat karakter B5.,5,0,5.3.0_29183395_29332470,2025-01-08 14:46:17,,,5.3.0_29183395_29332470
01dac3cb-d696-4582-9e41-cf0223fdeafc,aulia rahmah,https://play-lh.googleusercontent.com/a/ACg8ocJE_ruWeMHqicOOacch2axrwRpQZB9dh4v7p-F1Cjn80w0vmg=mo,ngasih difficult ga jelas banget,1,0,,2025-01-08 14:15:51,"Kami mohon maaf atas ketidaknyamanan yang Anda alami, Traveler. Kalau Anda memiliki masukan atau saran, silakan hubungi kami melalui email atau feedback in-game.",2025-02-20 14:46:56,
f34ab498-a46c-4ec9-99b9-9a7786999eab,Arai Syahreza,https://play-lh.googleusercontent.com/a-/ALV-UjW_nCaxFuMs38OR0VfLDGa76BX76TAeqy9X44oyHpdCMyT6pv8,sayang nya hp gwej kentangg,5,0,,2025-01-08 13:51:25,,,
9915ccd8-1d07-4da5-980a-7928c30178aa,RAFFA Yoi,https://play-lh.googleusercontent.com/a/ACg8ocJv28c1AB3oT9UdMuZiZAprg80c_PyHTPDeKPdrrqgWfzQa6A=mo,Game seru,5,0,5.3.0_29183395_29332470,2025-01-08 13:03:48,,,5.3.0_29183395_29332470
eec845b9-a904-4ec6-9f40-76e6504d66d5,Ptilopsis 17,https://play-lh.googleusercontent.com/a-/ALV-UjUgKGxX9qvwRTvPaUauD7ghuJ-fp8doR2n21pVGCnr3WGunUbo,ampas story berbelit belit,1,0,,2025-01-08 12:19:10,"Kami mohon maaf atas permasalahan ini, Traveler. Silakan hubungi kami melalui email atau feedback in-game untuk mendapatkan bantuan lebih lanjut tentang masalah ini.",2025-02-20 17:02:27,
b28833e2-ee69-4979-9271-900c95f879a1,Ka Iaia,https://play-lh.googleusercontent.com/a/ACg8ocI69QBJrSjS6Lgu_GxWnKXy4_tv-SnHYTj7SwDjA9G5cIBFVA=mo,Game nya bgus tapi hadiahnya kurang,5,0,5.3.0_29183395_29332470,2025-01-08 09:59:39,,,5.3.0_29183395_29332470
1ef274e8-39cb-456b-9efc-b08ad4f929d9,Mas Imam Pamungkas,https://play-lh.googleusercontent.com/a-/ALV-UjX_CljmeRGPnQ-FnwGB11seofWxLop6nmoyAC0VQ4-mZgRrRek,Keren,5,0,5.3.0_29183395_29332470,2025-01-08 07:31:57,,,5.3.0_29183395_29332470
e8915627-154e-4402-9c8f-9462746b1bae,Kk Jsj,https://play-lh.googleusercontent.com/a/ACg8ocLS936PPKZeIbBHA3TUMYOdO-Bwmzppf2yDT6pO_FCT3BOpoA=mo,"Terlalu banyak dialog, tidak bisa di skip, tidak ada fitur gamepad, dan KIKIR",1,1,,2025-01-08 07:11:15,"Kami mohon maaf atas ketidaknyamanan yang Anda alami, Traveler. Kalau Anda memiliki masukan atau saran, silakan hubungi kami melalui email atau feedback in-game.",2025-02-20 17:02:54,
da50fb7d-a783-47f3-85c8-559cddde31ba,sufyan tsauri muhammad,https://play-lh.googleusercontent.com/a-/ALV-UjXvAV2WwJ5sNdkBJvrFRi-TJNwcmt4psNaMb52OOWBZe-oHgxPW,Game yang sangat bagus dengan eksplorasi map dan misi yang menghibur meskipun data game sangat besar tapi sepadan dengan view dan cerita semoga kedepanya lebih baik lagi terimakasih,5,0,,2025-01-08 05:56:00,,,
557a7f54-a466-49a8-86c6-dd91acb29a96,Fahlevi Haikal,https://play-lh.googleusercontent.com/a-/ALV-UjX1E0XPb_xiARra3VH1g63AZpgdmYF12iQBj2ipHTOF16UKf8o,Kacaw sistem gacha nya nguawor,1,0,,2025-01-08 04:13:59,"Halo, Traveler! Traveler dapat melihat aturan sistem Wish di bagian [Rincian] pada halaman Wish. Jika kamu memiliki pertanyaan tentang perincian dari aturan tersebut, silakan hubungi tim Layanan Customer Support kami melalui feedback in-game atau melalui email.",2025-02-20 17:03:15,
2dc91f1d-6e45-4ae3-b2a8-ff3f5e0dc35b,M. Kevin Kemal Pasha,https://play-lh.googleusercontent.com/a-/ALV-UjWatCRhIq2fIQhjYj8iPz-8C6UZWchy9xNS9mv6zaVKGRFGjf8u,Mantap g,5,0,5.3.0_29183395_29332470,2025-01-08 03:07:47,,,5.3.0_29183395_29332470
5f124405-9d17-4d38-af44-5af71c98f047,Fatih Clown,https://play-lh.googleusercontent.com/a-/ALV-UjUCoW6AjmFEve5BMyrE1Xp3H5hD9PbUS3OOR1BDfTIo14gYIHc,genshin sekarang makin bagus dan ramah untuk hp kentang ya walopun agak frame dikit terima kasih sudah mau memperbaiki sistem grafik nya sebelum nya banyak orang yg mengeluh dengan grafik yg terlalu berat dan sekarang hoyo sudah memperbaiki nya dan satu lagi saran tolong agak di banyakin reward nya terutama di quest2 dunia kadang sudah cape nyelesain gakndapat apa apa heheh mungkin itu aja sekali lagi lebih optimalisasi game nya yaa☺️,5,5,5.3.0_29183395_29332470,2025-01-08 01:02:42,,,5.3.0_29183395_29332470
13a10746-7916-44f3-b58a-4f258098b545,Shazia Kayla Fauzie,https://play-lh.googleusercontent.com/a-/ALV-UjXIZz70siun5YOxrASbtV03l-dhBQW84jpKd2G-R3zu7f46qBMG,Jelek,5,0,,2025-01-08 00:44:40,,,
4c914978-09d5-4fb5-843a-6774ed839b83,Andik Kenzo11,https://play-lh.googleusercontent.com/a-/ALV-UjWBlfeSKYm4-hhv0XY2f4cD1yx8kf3O6YJUlHGqqGfsxGEgNhfb,"Good game.. walaupun agak bingung, tapi gapapa masih adaptasi sama gamenya",5,0,5.3.0_29183395_29332470,2025-01-08 00:24:43,,,5.3.0_29183395_29332470
7fc46aa9-33ef-4666-a567-e9700f56705f,Rizal Efendi,https://play-lh.googleusercontent.com/a-/ALV-UjXbOxsuGY_zZOsbFLW5B7o8NuULlQMYM_KrWyD1X2v3M4m0B80,game yang seruu,5,0,5.3.0_29183395_29332470,2025-01-08 00:24:35,,,5.3.0_29183395_29332470
6dc2ea0d-9428-4b6a-b0cd-6eb1d399fe7a,bawel kalee,https://play-lh.googleusercontent.com/a-/ALV-UjVZzBq3zdtRIn4reKHBXA6jLMmE3Ym3D6Kz4ZZgrox46ujz-TLN,Mantap,5,0,5.3.0_29183395_29332470,2025-01-07 23:56:29,,,5.3.0_29183395_29332470
ad7aa107-87a7-438e-b5eb-9db96c095a25,Nakano Ichika,https://play-lh.googleusercontent.com/a-/ALV-UjXN8cwOSddbkKUinQfnfs2t-OzQtmTVwVeffZqeSHU2beVs4iIv,"Najis kikir banget ini game sampah .dpt bansos pun tetep pelit . Percuma gua mainin. Rata kanan story lama bertele tele, nguli di game ini harus banget orang nolep . Gacha char weap nya susah, harus jadi babu beneran buat Game tytyd ini. Fak lah",1,0,,2025-01-07 23:46:19,"Kami mohon maaf atas ketidaknyamanan yang Anda alami, Traveler. Kalau Anda memiliki masukan atau saran, silakan hubungi kami melalui email atau feedback in-game.",2025-02-20 17:07:20,
ad7e66a4-3a17-498b-b1aa-d521b7fdc4d7,Asnul Sv,https://play-lh.googleusercontent.com/a-/ALV-UjVXaMSULRzBsrP1PBGd06gFJz20wqnGUu6luhBQ1SFdRYU8qw,Game yang sangat bagus saya terkesan dengan game ini lima bintang untuk hoyo,5,0,5.3.0_29183395_29332470,2025-01-07 23:23:14,,,5.3.0_29183395_29332470
398a7212-5114-4e0c-ae15-4cee99375f59,Alan Suharno,https://play-lh.googleusercontent.com/a-/ALV-UjVEBDa4Ld9WTvU-1L1XnlHNKsczRZ5C24m6tBU-SZDw0YEatniKsw,Alur cerita dan petualangan the best,5,0,5.3.0_29183395_29332470,2025-01-07 22:24:27,,,5.3.0_29183395_29332470
672d2c25-3dae-4beb-9413-9c4134528a8a,Arga Matthew,https://play-lh.googleusercontent.com/a/ACg8ocJL0VUc4GhQq_GR1Qltm3I2eIanEkGrA1Up7CWv8HgHSH5DiA=mo,najis kontoI gapernah menang rate off,1,0,5.3.0_29183395_29332470,2025-01-07 21:48:24,"Kami mohon maaf atas ketidaknyamanan yang Anda alami, Traveler. Kalau Anda memiliki masukan atau saran, silakan hubungi kami melalui email atau feedback in-game.",2025-02-20 17:07:41,5.3.0_29183395_29332470
3cb71873-4dc0-4bbe-a501-b07fe8473a2a,35 . Zeva Justicia,https://play-lh.googleusercontent.com/a-/ALV-UjWadbCTh3JfnIytV7cwFlS6I0q9gVSe7A-g5uZoui4bWwfs7mg,Tidak bisa login padahal itu akun asli saya.,1,0,,2025-01-07 21:32:43,"Kami mohon maaf atas permasalahan ini, Traveler. Silakan hubungi kami melalui email atau feedback in-game untuk mendapatkan bantuan lebih lanjut tentang masalah ini.",2025-02-20 17:08:22,
5b31671f-2b7f-4755-b61e-9dabb0852196,Andi Setiyawan,https://play-lh.googleusercontent.com/a/ACg8ocIkPxR-zHSnIBjTDA29IE0N2z0Xt2TKOVvB-2ArXUTzh5d_xw=mo,Maklin lama makin bobrok ini game apa lagi system gacha nya selalu di atas 70/80 udah ga rekomendasi lagi ini game,1,0,5.3.0_29183395_29332470,2025-01-07 21:14:40,"Halo, Traveler! Traveler dapat melihat aturan sistem Wish di bagian [Rincian] pada halaman Wish. Jika kamu memiliki pertanyaan tentang perincian dari aturan tersebut, silakan hubungi tim Layanan Customer Support kami melalui feedback in-game atau melalui email.",2025-02-20 17:09:39,5.3.0_29183395_29332470
2c61cb09-0f83-4e22-aa33-5f06b1db691f,M Alvaro,https://play-lh.googleusercontent.com/a/ACg8ocLOFBm546amKN-EWV_tSuH8vg0EREDi9m6UWs1-qEyU8Cc9zQ=mo,Hp ku meledak gara-gara ini,1,0,,2025-01-07 20:37:52,"Halo Traveler! Mohon kunjungi website official Genshin Impact untuk mendapatkan informasi sistem perangkat yang diperlukan untuk mendapatkan pengalaman bermain yang stabil dan lancar. Selain itu, untuk menemukan sumber permasalahan ini, mohon hubungi tim CS kami melalui feedback dalam game atau email.",2025-02-20 17:10:21,
3782b3ea-d5fe-4788-93c0-ede434fbf69a,Jovi Rahman,https://play-lh.googleusercontent.com/a/ACg8ocLf9k65knsgFxAo5TGh40z8PwYhiIuNi9C5pPjnpXA5RITcnQ=mo,Kasih mode skip...,5,0,5.3.0_29183395_29332470,2025-01-07 20:14:41,,,5.3.0_29183395_29332470
7d4d7e31-a85d-4ea3-8cf7-929f8d552884,Hegar Joan,https://play-lh.googleusercontent.com/a/ACg8ocI-VNHz8ojxsRK0WRZoNY3BVv_n7XiQnX1H79KmaiGwUSEiTg=mo,Good,5,0,5.3.0_29183395_29332470,2025-01-07 19:52:31,,,5.3.0_29183395_29332470
27b527de-53ec-4bb6-b55c-23570333f4c0,Jun Yin,https://play-lh.googleusercontent.com/a/ACg8ocIjMK-0_Br6Dem76L9oiAOIIjuQrWJoQnNdYsU4sPmYssCwLA=mo,Mantap dah pokoknya,5,0,,2025-01-07 19:31:37,,,
54e60b04-6946-4e96-8741-575b9ec82b5c,Nadira Shafiya,https://play-lh.googleusercontent.com/a/ACg8ocK19evIrbEUytNblRHwgXdDRiIKmaCXj6bsI_DCNw0kSRmruw=mo,"I kinda feel bored playing the game, i do not feel fun anymore but stress instead. And how they give the free pulls on second phase when the new characters are on the first? And, they make the newest characters on the first phase BOTH OF THEM. Oh and, not only that, i find the gameplay boring now. I do not feel the excitement from the game anymore. (ONLY MY OPINION)",1,0,4.5.0_21307647_21321795,2025-01-07 19:28:47,,,4.5.0_21307647_21321795
d9ae32ce-97c1-48fb-94a3-5100433c65a4,Edwin Pernando,https://play-lh.googleusercontent.com/a-/ALV-UjWUBZImDnjA1Tcto4g8g2pFliPkxpCQc5T_q0-QjFwhp0WtwmC0,Ya itu lah,5,0,5.3.0_29183395_29332470,2025-01-07 19:25:14,,,5.3.0_29183395_29332470
132ab9d8-d9f7-4d63-8cea-9ab886a82520,Bisma taruna,https://play-lh.googleusercontent.com/a/ACg8ocJObvBu-qeirmlRtC5i3hIgVocaZCXkiw7CMQLUFQF3oeQQ5w=mo,fitur skip story ya mana,1,1,,2025-01-07 19:19:43,"Terima kasih atas dukungan Traveler terhadap Genshin Impact. Kami menerima secara terbuka semua masukan/umpan balik dari kalian. Jika Traveler memiliki saran atau masukan, jangan ragu untuk menghubungi kami melalui feedback in-game atau email.",2025-02-20 17:11:24,
c8bdc01d-e252-42f4-a803-f0d6d93870df,Akun,https://play-lh.googleusercontent.com/a/ACg8ocKKm1qzBACX93uzig6Mn9aQMzPWdFCXhN810nm4gLozufVm6Q=mo,"bagus,cuma aga kurangi kikir nya 🗿",4,0,,2025-01-07 19:16:03,,,
849ac313-a2c0-4d80-bbad-b67ddbe9e708,Alfakhry,https://play-lh.googleusercontent.com/a/ACg8ocLdwzBuIHfrUZaLd9rGuGWWX8rIQqe9yqPSLABU-_N5lkHPOw=mo,keren,5,0,5.3.0_29183395_29332470,2025-01-07 19:06:58,,,5.3.0_29183395_29332470
758508f5-7a3d-43c1-9ad0-a8eb8e5e901f,Arf f,https://play-lh.googleusercontent.com/a-/ALV-UjUb0XAgtAGod3jV6FisdUkbKQ707paGFwWGeFxNEJoGfVkPxw9dQg,"Bikin ketagihan, tapi berat bgt buat hp kentang😭🤣",4,1,5.2.0_28336591_28351161,2025-01-07 18:56:31,,,5.2.0_28336591_28351161
641fd509-b28f-4965-a7b1-1a31368c701e,Ardieta Kalika,https://play-lh.googleusercontent.com/a-/ALV-UjUuyVCSPCi48pgUJnE3JNXAwhv174Qeng7ze4jj8wcGYTLfRsE,TURUNIN GB LAH HOYOVEVEPK,1,0,4.8.0_24603909_24822834,2025-01-07 18:21:19,,,4.8.0_24603909_24822834
670afa45-d38c-48f9-9bf3-ab6c6798cb8a,Jaekris,https://play-lh.googleusercontent.com/a-/ALV-UjUH6YgSo1RrZ0pqoNJQ-Ai5ccCfRGnFwQDs2y-D91Y98iAJtZGA,Come on man ... Do something,1,0,1.3.0_1825294_1872772,2025-01-07 18:04:44,"We sincerely apologize for your unsatisfactory experience, Traveler. If you have any feedback or suggestions, please send us an email or contact Customer Service via in-game feedback to help us improve the game.",2025-02-20 17:15:59,1.3.0_1825294_1872772
cfab744e-99c4-4545-be48-99f453bed44b,Gin Ardant,https://play-lh.googleusercontent.com/a/ACg8ocJ9fpFIw84jLBfp3u-iEDXkgcjs7wbFzNonxROo2Vex7vNpUg=mo,kikir,1,0,5.3.0_29183395_29332470,2025-01-07 18:02:44,"Kami mohon maaf atas ketidaknyamanan yang Anda alami, Traveler. Kalau Anda memiliki masukan atau saran, silakan hubungi kami melalui email atau feedback in-game.",2025-02-19 17:59:30,5.3.0_29183395_29332470
585131d9-e652-4fef-96ac-7ebb096e60b6,Wargi yanto,https://play-lh.googleusercontent.com/a-/ALV-UjUGJcb0CzvIArxNfRTUZTfT6L2joExYJ4FI4C4OylcsATw45Q,Sangat mengasikan,5,0,5.3.0_29183395_29332470,2025-01-07 17:32:50,,,5.3.0_29183395_29332470
94e11ec9-32c1-401c-8d50-a1afebdbc223,ARSYLA AZAHRA IRAWAN,https://play-lh.googleusercontent.com/a-/ALV-UjWZDh0wbdhUozuR1B8uAIhYnrXBrpd0hwdJGHXmAFG95ydk3uo,"Gamenya bagus bgt cuma gacha nya yg agak agak ya. Tapi dari segi pertempuran, karakter, musik, dan bahkan grafiknya juga bgs bgt sih, apalagi genshin slalu ngadain event event baru juga.",5,1,,2025-01-07 17:29:13,,,
b6ea491e-bfc2-4925-bbf7-4d76708f2c2d,Yaafi Yusufkoerniawan,https://play-lh.googleusercontent.com/a/ACg8ocIwbWSrDOwkddQRvWmxq7OtIRY6muH_KXdsn7y2vp0hLASyVQ=mo,Game nya bagus dan sangat seru untuk dimainkan,5,0,5.3.0_29183395_29332470,2025-01-07 17:23:35,,,5.3.0_29183395_29332470
bc938eb0-5b4a-4d86-abef-a90ea5baf600,kariena may andhika,https://play-lh.googleusercontent.com/a/ACg8ocJ_hZq64lMXlyT_9XfzIg3xvv6EA2Kw7FkYf6u68HVUo7wKfA=mo,"sering banget pas login malah gk bisa terus malah ada tulisan ""gagal terhubung dalam batas waktu""",4,0,,2025-01-07 17:16:47,,,
1b21a538-20ad-482c-91cc-93728d78cbdb,Yans Xavier,https://play-lh.googleusercontent.com/a-/ALV-UjVX5ItN5G9O7eUUUbhtZdZ_PWVZk_3wSmI-RPqaKnL5sPYv4-mn,Game baik terimakasih,5,19,3.3.0_11741873_11806263,2025-01-07 16:56:36,,,3.3.0_11741873_11806263
4284dd29-51c3-4258-ba3e-21409a32c750,Wong Asu,https://play-lh.googleusercontent.com/a-/ALV-UjXyd2L87WCyRmbnEJsVGsHSl-9yV-faOuw7o4UHxI3XPhauYjry,Ok,5,0,5.3.0_29183395_29332470,2025-01-07 16:32:05,,,5.3.0_29183395_29332470
c129fb10-f6ef-4ff2-b276-f490da90cea8,Kusairi Iri,https://play-lh.googleusercontent.com/a-/ALV-UjWutrnH_o7GNVjBb6y4THrPtW0lmZH-LKpqrbwZBWC5InqOK5NY,Aku sangat suka sama genshin tapi plis kasih primo gratis dong mau gacha mavuika 🗿,5,0,,2025-01-07 16:26:36,,,
6dbb558a-b279-4ffa-8f18-d62b2e42229a,Agung Aryudi,https://play-lh.googleusercontent.com/a/ACg8ocLHlVNCIyq7dvjCsjHgLO9FuLTOyEe_USDVx4_UgcC3hHgE1w=mo,"game nya bikin tenang, main nya juga santai cuma ya gitu sistem gacha nya aja yang pelit",4,0,,2025-01-07 16:20:00,,,
44102dad-3774-44ea-afca-1dc8099eea05,Nananan,https://play-lh.googleusercontent.com/a/ACg8ocKTFetl2UFSwxc1qDgWiv7J3p-SqE6dSpIcmOzQo2zjY6Lu_A=mo,"bagus sihh gameny, tapi tiap mau domain Artafek selalu aj dapatny zonk. berhari-hari, berbulan-bulan, masih aj zonk. ntahh lahh lama2 player cape sendiri cmn buat nyari Artafek sialan. ad fitur nukar Artafek pun jg GK guna. scam smua🥱",3,0,,2025-01-07 15:57:50,,,
2d62f09f-5391-4b85-956a-510708664ec7,Alfira Sita,https://play-lh.googleusercontent.com/a/ACg8ocKs6u2nEH38MpoIxZriybZJRF60utPKgqYjJvhHCF6Y6-CLtw=mo,Seru!,5,0,5.3.0_29183395_29332470,2025-01-07 15:50:30,,,5.3.0_29183395_29332470
7818040f-7e11-4d35-8568-24bbdd319009,Abida Shafiatuzzahra,https://play-lh.googleusercontent.com/a-/ALV-UjUhtY_V7AadSiLWXnx9xrM8TIdjZ0zzndYhjKEEGayVGAprsltz,"Seru bgt, tapi selalu dapet artefak² yang jelek, tolong diperbaiki",5,0,5.3.0_29183395_29332470,2025-01-07 14:47:23,,,5.3.0_29183395_29332470
cc962f38-99db-419f-8ad4-10c14ff732c3,Rio Gunawan,https://play-lh.googleusercontent.com/a-/ALV-UjXlQIgx8Uowms0nonh0vzjBf7g6qs12g76aeAHAIY2GdOCpAkWK,"Untuk pemain yang merasa lag atau patah patah coba diliat dulu perangkatnya mendukung apa enggak, nah untuk yang komen gak bisa main ini game itu berarti perangkatmu tidak mendukung, dan jangan beri komentar yang tidak jelas ini game sangat bagus, so kalo mau main tapi perangkat gak mendukung beli perangkat yang baru( flagship ) dan untuk yang komen ini game pay to win matamu anda kira ini game pvp ini game open world bro, kalo lu mau karakternya ya nabung priomgem lah bagi f2p",5,8,2.2.0_4340077_4464168,2025-01-07 14:33:44,,,2.2.0_4340077_4464168
e1064a93-10f0-46e5-a159-0bd1e0199d10,Shimi Shimioshi,https://play-lh.googleusercontent.com/a/ACg8ocJdMlqNclC9VbIL7C9raM2K1-j89bleG-7q9XQf8a7E1cJT8Q=mo,Bqgus,5,0,5.3.0_29183395_29332470,2025-01-07 12:32:47,,,5.3.0_29183395_29332470
ac2a1b54-7604-415b-b74c-edb3fc43b692,Dian Febrian,https://play-lh.googleusercontent.com/a-/ALV-UjWJ1D3zlTLFaG42ZGcP7q3PUdl4MF6exGWbfzz7M96LqXOnS7JM,"Mulai burn out nyari arte di sini, butuhnya apa di spam sebaliknya cape 3 minggu di domain dapet sampah",1,0,5.3.0_29183395_29332470,2025-01-07 12:03:42,"Kami mohon maaf atas permasalahan ini, Traveler. Silakan hubungi kami melalui email atau feedback in-game untuk mendapatkan bantuan lebih lanjut tentang masalah ini.",2025-02-19 18:00:30,5.3.0_29183395_29332470
7b338149-cb02-4cd3-9174-d7eaf8fbbbce,Brichan Apriliano Santosa,https://play-lh.googleusercontent.com/a-/ALV-UjVwAiMKr_kfRgTVm3c3rpO3EdgAtfsvJRhExd3X0m9Hn774AZI,"Plot story terlalu memakan banyak waktu, tolong hargai waktu, semakin kesini semakin jarang ada battle di story, cuman mendengar dialog saja, kalau gitu skip saja",1,1,5.3.0_29183395_29332470,2025-01-07 11:52:25,"Kami mohon maaf atas permasalahan ini, Traveler. Silakan hubungi kami melalui email atau feedback in-game untuk mendapatkan bantuan lebih lanjut tentang masalah ini.",2025-02-19 18:00:55,5.3.0_29183395_29332470
7487b812-c6be-4838-9c02-2a940a9debea,Mpaisal Mpaisal,https://play-lh.googleusercontent.com/a/ACg8ocIdOdXVICvm1mKAw4rrkvaqzVG74nziNfxITKkQnOD26OYMyA=mo,Ini knp sih mihoyo kenapa ada fitur di game harus arte hapus senjata hapus material saranku hilangin itu karna saya beli akun sama orang akunnku di login truss di botakin resin GK ada arte hilang nyisa 3 deff semua lagi mana udh Ar tinggi susah ngehajar musuh senjata pun di hapus semua pliss balikin resource ku mihoyo 😭😭😭😭,1,1,,2025-01-07 11:08:31,"Terima kasih atas dukungan Traveler terhadap Genshin Impact. Kami menerima secara terbuka semua masukan/umpan balik dari kalian. Jika Traveler memiliki saran atau masukan, jangan ragu untuk menghubungi kami melalui feedback in-game atau email.",2025-02-19 18:01:14,
3bd05802-7f39-4197-9880-fe2cfa1cdd28,TT Shuapi,https://play-lh.googleusercontent.com/a-/ALV-UjVYP5E0VJ8zDrsmlVII8NzEtIOx43gJlrPgrEcHWymkcNNwiU2g,tombol SKIP lah busrt dah bikin jenuh banget,3,0,1.0.0,2025-01-07 10:02:48,,,1.0.0
7382bce3-972c-4fd0-97fd-eb726719ed74,Elvina Afdhal,https://play-lh.googleusercontent.com/a-/ALV-UjVUJu0pJ6QKA9NUy7HR6ydkgLeCOHHLLsf-jBtKjsaKQwKKzrc,Gacha nya signature aku agak kecewa. Suka di prank2 buang2 primoge jadi nya. Tolong lah ngertiin dikit buat yg F2p,3,0,,2025-01-07 09:48:15,,,
67a74681-9445-421b-a307-3e114732ad47,fathan robiyansyah,https://play-lh.googleusercontent.com/a-/ALV-UjWPoKwxKxG_4tJ7Ma5l8vK5_F9_8eLGQyIbWrHxzjuUYXHmz9Q,GOOODDDDD,5,0,5.3.0_29183395_29332470,2025-01-07 09:18:23,,,5.3.0_29183395_29332470
c578f451-e874-4e42-987f-f8398a64bf60,Pengguna Google,https://play-lh.googleusercontent.com/EGemoI2NTXmTsBVtJqk8jxF9rh8ApRWfsIMQSt2uE4OcpQqbFu7f7NbTK05lx80nuSijCz7sc3a277R67g,Bbagus banget game nya,5,0,,2025-01-07 08:13:34,,,
7b7b4697-98fa-41ad-85cf-1cefae3a9357,Hiken No Ace,https://play-lh.googleusercontent.com/a-/ALV-UjVw4ka5BZZTpTWYaHbS-I2znpVsYdibPXISbUHR1UB8gegVS9Jv,China anjieng,1,0,5.3.0_29183395_29332470,2025-01-07 07:37:58,,,5.3.0_29183395_29332470
1d5221a5-fae9-495a-bad2-b2cb4821ee16,Galank Dzaky,https://play-lh.googleusercontent.com/a-/ALV-UjX7RIqgY7CJuuy46bMrlQkww_dqaj1KCFPPpsqm-qdq4cqHwU8,Game keren,5,0,3.5.0_13082099_13156424,2025-01-07 07:29:32,,,3.5.0_13082099_13156424
27a6f0b6-563b-40b4-aa6d-4b36b065e951,Fenz 666,https://play-lh.googleusercontent.com/a-/ALV-UjXHs6LfE6nLN5iloi-YinJwklyqE2VleA81R8co6R8LkILDW0ao,Sangat seru walaupun hp kentang,5,0,5.3.0_29183395_29332470,2025-01-07 05:42:40,,,5.3.0_29183395_29332470
aa504d43-1f0e-44f8-aa63-cdbaf3e8a67e,Lyshuu yy,https://play-lh.googleusercontent.com/a-/ALV-UjWm5Pc8SnPu4dCKkwGW2ejccUA46MI94C8_0kE6oxPRawjtjf8,"BEST RPG GAME!!! Sebelumnya saya pakai hp kentang, vivo y15s, download genshin cloud, awalnya bisa antriannya, eh lama kelamaan full dong antriannya🙏 dan saya emosi langsung hapus apknya, 1 bulan kemudian ganti HP, saya pake hp ini, vivo v15, beli hp baru cuma buat main genshin hehe🙏 overall seneng banget sama genshin, grafiknya bagus dan bener bener open world, bisa menjelajah kemanapun, THANKYOU FOR DEVELOPER, GENSHIN IMPACT BEST GAME FOR ME",5,5,5.3.0_29183395_29332470,2025-01-07 05:34:16,,,5.3.0_29183395_29332470
c751362b-7b85-42b9-b387-8a7ac3eec75d,Rodiah Rahmi,https://play-lh.googleusercontent.com/a-/ALV-UjX6VqBqarnkR-O7ZoKQG8aTm_ydtrlQBFZYg8k3KAOVfi5a4cTh,SAYA LELAH DENGAN GATCHA YANG AMPAS T_T,4,0,1.0.1_1112729_1135452,2025-01-07 03:28:15,,,1.0.1_1112729_1135452
cb08df2c-b010-4964-9c41-3a1aec1412bd,Ciee Ciee,https://play-lh.googleusercontent.com/a/ACg8ocLxL1I-_JSX3K6AHnAEWzpSUoxWLonKZAfs-rrzKm24giWGgA=mo,Nice game,5,0,,2025-01-07 02:55:38,,,
1524910b-be81-43ff-99d0-2fb417def50d,Bayu Fendi Aprianto Lie,https://play-lh.googleusercontent.com/a-/ALV-UjVO1t6o4ed7N5rR8ESrgbDfSd8oc2wo6fBu5Oll36N___2ZQMZg,Tolong Genshin Impact Android Support Gamepad,5,0,5.3.0_29183395_29332470,2025-01-07 02:10:24,,,5.3.0_29183395_29332470
10050343-bf6b-4629-bc62-a85bcb62333d,Muhammad Elrayan,https://play-lh.googleusercontent.com/a-/ALV-UjVVnXCXHSbfnKGhnPshuTQDgA2EOPZj7FrFMUL4BuOIVDgrm-4,Game nya sangat menarik,5,0,5.3.0_29183395_29332470,2025-01-07 01:01:00,,,5.3.0_29183395_29332470
9bdafe8b-ce11-4c7c-9000-e5ed5d251219,Herryanto Majet,https://play-lh.googleusercontent.com/a-/ALV-UjWufaQNNGPyMOUEDeEB2IK3C-dy-YXJUnbacPvUi6mCN9dBrGpk,"Update nya gk ngotak sampe 10gb, udah kaya instal windows",1,0,4.4.0_20481013_20559831,2025-01-06 23:00:59,"Halo Traveler,
Terima kasih atas support anda pada Genshin Impact!
Untuk mengurangi jumlah size data game, anda direkomendarikan untuk menghapus data Voice-line dan data Quest lama yang bisa dilakukan melalui setting in-game. Jika anda mengalami permasalahan lain atau ingin menyampaikan feedback, jangan sungkan untuk menghubungi tim customer sup...",2025-02-19 17:41:56,4.4.0_20481013_20559831
2d312569-e775-4857-8426-7569aaf4257c,Rafa Zahwa,https://play-lh.googleusercontent.com/a-/ALV-UjViXhEXd_kaBCH3Qlb8ffBeujCJL5b6ez_wpo2_FKcXPankn_I,Loading nya lama,3,0,,2025-01-06 22:34:26,,,
9177f68c-afd7-4dfb-956b-154997ea3086,gusnefa lubis,https://play-lh.googleusercontent.com/a-/ALV-UjXchaAljoMaB-WhqYZ2-ORNm0B3dKiNRdLhymeC0eP8QqiMQG5b,Tolong di perdikit updatenya,5,0,5.3.0_29183395_29332470,2025-01-06 22:17:39,,,5.3.0_29183395_29332470
dcaa7b04-c01a-4183-957e-8303b791c83b,ldshadowkitty Dfa,https://play-lh.googleusercontent.com/a/ACg8ocJzUiFHx-ul2byDZEYC1ifqKuBVvEDcSVNVQeOXJroCC4iGJg=mo,Amazing game,5,0,,2025-01-06 21:45:47,,,
554c0e36-ea2a-433e-a8c8-df8c01956ab4,abid putra,https://play-lh.googleusercontent.com/a-/ALV-UjWOJRmjoIm4zfkQPcKtHFceTAiiAabmz-meycvrj6rTM8dLMQga,MasyAllah pity 83 dapat keqing,1,1,5.0.0_26041933_26161852,2025-01-06 21:33:45,"Halo, Traveler! Traveler dapat melihat aturan sistem Wish di bagian [Rincian] pada halaman Wish. Jika kamu memiliki pertanyaan tentang perincian dari aturan tersebut, silakan hubungi tim Layanan Customer Support kami melalui feedback in-game atau melalui email.",2025-02-19 17:42:24,5.0.0_26041933_26161852
70c6be6c-d967-4c07-9e21-b63ecfd1640b,Ramadani Ramadhan,https://play-lh.googleusercontent.com/a/ACg8ocLDdCVmdOwrnIj9vaovTavHYyIe59gi76Ppe7_XRs55oCVjdw=mo,"game nya bagus, nanti kirim primo ke akun saya, ga minta lebih koo cuma 700k😀",5,0,,2025-01-06 20:54:51,,,
55df442c-5f69-42eb-8836-4c7d85a671ad,Fikri Indra,https://play-lh.googleusercontent.com/a/ACg8ocLBDUFW4DArrmlRlUuQyITfQ8OoGFMHIrHoLhZBE38c5Gscww=mo,"Game nya sangat bagus dan cocok sama saya yang suka game RPG grafik nya juga ga kalah bagus tapi, saran saya buat bintang 6 yang berisi karakter archon seperti Fokalor dan selainnya tapi saya tetap suka dengan game ini",5,0,,2025-01-06 20:49:35,,,
3fa6f5c8-c85b-4298-a299-3d5fb123321a,Necoleon,https://play-lh.googleusercontent.com/a-/ALV-UjV1GLKM9E1pKQHPQLT-PiUQGvJ32wHUUwTk-mnig12vUI2-IJn9,Game baik🤑🔥,5,0,5.3.0_29183395_29332470,2025-01-06 20:28:04,,,5.3.0_29183395_29332470
4eced4c2-2498-46b0-99e3-9b7b7dd556ec,Aku Adit,https://play-lh.googleusercontent.com/a/ACg8ocInUe0GowAwsuU6VXiFusdaCDzi4HXN6pLdbZ5Yu40_d90TOg=mo,Gimie Mavuika bike,5,0,,2025-01-06 20:13:29,,,
e44400e2-204e-4f80-9bdb-3501f3a18c7e,Alvin Setiyawan,https://play-lh.googleusercontent.com/a-/ALV-UjUxlk_D3qRV9YjnJ64DYfJSw4jFs4zNMZi8ADxdc10klnYx3mV-,Game stress..lu bayangin aja download data awal 50gb an...masa setiap update masih aja di atas 10gb ya kali setiap update gede gede mulu tapi ga ada perubahan,1,0,,2025-01-06 19:45:04,"Kami mohon maaf atas permasalahan ini, Traveler. Silakan hubungi kami melalui email atau feedback in-game untuk mendapatkan bantuan lebih lanjut tentang masalah ini.",2025-02-19 17:43:58,
dba6b252-47fa-44b9-9e81-716350dd2ca4,Hashandy Laksamana Priambodo,https://play-lh.googleusercontent.com/a-/ALV-UjXB8Qsrp-mHQQldNsbJwk9tPfHNABBIFN1IwrUZpr6xr4Whkn3P,Keren saya suka,5,0,5.3.0_29183395_29332470,2025-01-06 19:41:14,,,5.3.0_29183395_29332470
80db4367-bc8e-4601-b670-1be6a2ae4482,Anjar Agung,https://play-lh.googleusercontent.com/a-/ALV-UjW8zEjoUHBaT9-Pe56bJLyT5KxkZpDm23ad5dxQwyM2PPWwNhu_,"tolong sizenya kurangi,kasihan para player 32 gb sempit penyimpanan,game nya sudah bagus",3,0,,2025-01-06 19:29:46,,,
c934066c-b44a-4ec9-b7d9-e71b6ff06d86,Toni krnwn,https://play-lh.googleusercontent.com/a-/ALV-UjWzu0kAo7Mq6FRH-_nekY5kDCRKHsgsz7jnzw1s7pOofRYyr4d_,Gacha zonk,1,0,,2025-01-06 19:25:25,"Halo, Traveler! Traveler dapat melihat aturan sistem Wish di bagian [Rincian] pada halaman Wish. Jika kamu memiliki pertanyaan tentang perincian dari aturan tersebut, silakan hubungi tim Layanan Customer Support kami melalui feedback in-game atau melalui email.",2025-02-19 17:44:26,
6962d9dc-9c1d-4a9f-907c-d42ff7c19ce2,Krisna L.S,https://play-lh.googleusercontent.com/a-/ALV-UjUhH0JVNWIEMqIOI4De4eqgzF4_FefUDsUniU9vPX3oOlDzkf4,"Saran untuk pengembang, mode kontrol Attack, bidikan dan sprin seharus nya ada setingan buat mengganti posisinya dan bisa di perkecil dan di perbesar. Karna kadang selalu miss saat attack atau sering terpencet, untuk kenyamanan pemain di mohon di adakan fitur nya",5,28,5.3.0_29183395_29332470,2025-01-06 18:25:23,,,5.3.0_29183395_29332470
48e10164-0969-4d77-93f0-caa5c8110ca0,Ardian Saputra,https://play-lh.googleusercontent.com/a-/ALV-UjXmz2DSg7WDbSPoy7QOvd2lBhTUW6j0omap2e4nV0cMKffT6JH-,seru banget hp saya yang helio g85 aja bisa rata kanan meskipun rada lag kalau buat record,5,0,5.3.0_29183395_29332470,2025-01-06 18:23:30,,,5.3.0_29183395_29332470
63cc7273-c5e1-4703-ad73-2250ee31b422,Rick Riku,https://play-lh.googleusercontent.com/a-/ALV-UjXM77WAQKSswEQIhNZd9upyCbrGSlNg_sqT6PJpzE8Pd9_sHD4,Not bad,4,0,,2025-01-06 18:05:34,,,
aaefd273-bd01-45c5-829c-9b37ff38e55e,Mi Ku,https://play-lh.googleusercontent.com/a/ACg8ocIG8l_u_kfR2rQQxWSzmgvxlAh-H962OnbXbRXixdNkJFE8cA=mo,Perangkat saya GK bisa untuk download genshin impact kenapa nya di hp Infinix samrt 8 saya minta tolong nya kak,1,0,,2025-01-06 17:57:41,"Halo Traveler! Mohon kunjungi website official Genshin Impact untuk mendapatkan informasi sistem perangkat yang diperlukan untuk mendapatkan pengalaman bermain yang stabil dan lancar. Selain itu, untuk menemukan sumber permasalahan ini, mohon hubungi tim CS kami melalui feedback dalam game atau email.",2025-02-19 17:44:43,
cbe64422-d212-41a3-b37a-7942ce08d25f,pia putri,https://play-lh.googleusercontent.com/a/ACg8ocKwxaUygoFVBnPVSNBXP_WL5piLcRzKmGN06LQiWNBAcnYq8g=mo,bagus untuk di main kan,5,0,5.3.0_29183395_29332470,2025-01-06 17:51:31,,,5.3.0_29183395_29332470
9ceac7b9-e572-484c-80b7-16f12f3a0a94,Gaming Pro,https://play-lh.googleusercontent.com/a/ACg8ocLD3RhoBvIfH9vuYnKU9XmqVvNz-0l2sPgn3bR2FkX908IxHw=mo,Mancaw,5,0,,2025-01-06 17:49:43,,,
d9aea3fc-272a-4b9c-9764-21b9c33a75ed,Login Bae02,https://play-lh.googleusercontent.com/a/ACg8ocK9izC_NLm8QsNNwIRkJOa3sAgVofgq_V3QLd6D1xigZEOEyQ=mo,quest archon yang katanya quest inti cerita genshin nyatanya cuma teleport> dialog> teleport>dialog. Gerakan animasi karakter template semua.... Banyak dialog yg ga penting cuma buat nambah2in durasi doang,1,0,,2025-01-06 17:18:58,"Kami mohon maaf atas ketidaknyamanan yang Anda alami, Traveler. Kalau Anda memiliki masukan atau saran, silakan hubungi kami melalui email atau feedback in-game.",2025-02-19 17:45:38,
054ff615-4c87-4c5f-af21-674533111ff5,K e l,https://play-lh.googleusercontent.com/a-/ALV-UjXgylnGhVNi66FduDgrhikf-GqjRzpcxsKrZXN3Sy64EjFZhD0,"Tambahkan fitur skip, game ini sangat tidak ramah untuk pemula menumpuk questnya.",5,0,2.6.0_6179196_6305792,2025-01-06 17:04:41,,,2.6.0_6179196_6305792
12fd828b-3658-45da-8d5f-ff8bc7eb51de,Cyno Cy,https://play-lh.googleusercontent.com/a/ACg8ocKxu9QjAwWENqm1R5cbnns8I34tbZmEXfvcApD8GKqQlcRGQg=mo,Seruuu banget pokoknya betah maen game ini,5,0,5.3.0_29183395_29332470,2025-01-06 16:16:23,,,5.3.0_29183395_29332470
59dab0bc-d801-4491-931a-0e373e55921d,FERDIANSYAH DYNZ,https://play-lh.googleusercontent.com/a-/ALV-UjUdXgDTO1We_9MPX_yIYE7FDnZOFhpiSP0JYHeWdNiTZ8cn2-xd,okee lumayan,5,0,5.3.0_29183395_29332470,2025-01-06 16:11:43,,,5.3.0_29183395_29332470
dfddccb1-338b-4835-b5dc-6804679f9efc,Ifran Afdhala Zikri,https://play-lh.googleusercontent.com/a-/ALV-UjXjOuyY5iI1m7fw4oFC3larZH3XANd7h2a517wHaAlH0Opo8R2v,Tolong dikembangkan lebih baik lagi,5,0,5.3.0_29183395_29332470,2025-01-06 16:03:14,,,5.3.0_29183395_29332470
37df6e69-3f8e-4f99-8f1f-d11749b21476,RaffiGemink,https://play-lh.googleusercontent.com/a/ACg8ocJiD421eajLodZ0_yfplkWcv-tFEHOF97iffQB-s6_9wSdEcg=mo,Lama Loading Nya,5,0,,2025-01-06 15:13:41,,,
ce140f8f-3f6e-4f84-a87b-c665b5f17ebc,Irana Putri,https://play-lh.googleusercontent.com/a-/ALV-UjWwmvi2oiw9ilzF4YuSXpPixgsmtpKO9sDmGsO66Wpg-b2lWkZ2,"game yang sangat seru dan menarik, mengekplorasi teyvat dengan santai dan mengerjakan quest dan misi yang seru, grafik yang sempurna dan karakter yang lucu unik cantik dan tampan.",5,0,5.3.0_29183395_29332470,2025-01-06 15:01:17,,,5.3.0_29183395_29332470
7f120870-d43a-41de-a8e0-1018e689d3d8,Vocal and Music Only,https://play-lh.googleusercontent.com/a-/ALV-UjV3jjjtnN8lBloRKOFZFpzW-r93F1jp5raqA3-U1sW8TInDzrf-,Nice,5,0,5.3.0_29183395_29332470,2025-01-06 14:40:49,,,5.3.0_29183395_29332470
006028b2-0db3-4e13-8f08-10411d52c45d,Ghothus Taufiqurrohman,https://play-lh.googleusercontent.com/a-/ALV-UjVL0Twm77kJdXZt5Lqgb4QKfpmetOpxwuz-iybxD39e7zu-Dww,"Game GK adil, mavuika jadi karakter yg terlalu sempurna sedangkan karakter lain menjadi sampingan. Gw benci dan sakit hati karena game ini. Yang gacha banner sebelumnya enggak di hormati, susah cari primogems dan juga gw udah mau Hiatus eh dikasih mavuika yg sangat op GK jelas. Asli gw benci nih game GK adil banget kepada para user f2p yang udah gacha di banner sebelumnya. Yang adil muntun",1,1,,2025-01-06 14:17:49,"Terima kasih atas dukungan Traveler terhadap Genshin Impact. Kami menerima secara terbuka semua masukan/umpan balik dari kalian. Jika Traveler memiliki saran atau masukan, jangan ragu untuk menghubungi kami melalui feedback in-game atau email.",2025-02-19 17:46:24,
83550183-bd92-4aea-b8b9-1ddc0d445deb,Aliwardana Dana,https://play-lh.googleusercontent.com/a/ACg8ocIBkekq7pZsiW6lVVkgWop-EyPAZargIvDKwTDWvRHZTHcGoQ=mo,Kikir impact,5,0,5.3.0_29183395_29332470,2025-01-06 14:03:12,,,5.3.0_29183395_29332470
cc1a5688-b705-440c-b4e4-a993ee4a9744,Yusif El,https://play-lh.googleusercontent.com/a-/ALV-UjWL7ahNGPo3sCwg-ZYIzwjgWB3ux0Mc1ITGgxGASn4rk688F_w,Yapping yg penting ✖️ Yg penting yapping ✔️,1,0,,2025-01-06 13:35:05,"Kami mohon maaf atas ketidaknyamanan yang Anda alami, Traveler. Kalau Anda memiliki masukan atau saran, silakan hubungi kami melalui email atau feedback in-game.",2025-02-19 17:47:06,
3fdfc12f-6fba-499e-aece-379be21c69bb,Darrel Asdi,https://play-lh.googleusercontent.com/a-/ALV-UjXIb03f6xz20t418yAv2K-7mBhCmrnTd1TU3FOa5kyf-uPK_-vR,update menarik,5,0,,2025-01-06 13:19:24,,,
316a1c45-73c1-4690-8fa5-9dd463c45d27,An,https://play-lh.googleusercontent.com/a-/ALV-UjXqQzXITV-ZVh5vFMiyh0_R4Bw_TEdAd0tw6H9wm9cQIAzLoYWA,"Hmmm, akun gua kok bisa hilang sih. Gw biasa pake akun hoyo buat UID 84xxxxx eh pas nyoba login lagi pake akun yang sama malah jadi UID baru gimana sih?? Ada yang bisa bantu....",3,0,5.3.0_29183395_29332470,2025-01-06 10:18:13,,,5.3.0_29183395_29332470
b239d343-3de5-4bbd-b41d-89881b855b3d,Safar,https://play-lh.googleusercontent.com/a/ACg8ocJCSLSzCZmzTL1SD50i-GYNBqU6VaF5SrHiWk9SNWRoqLsBNA=mo,tolong perbaiki batrai berku rang terlalu menng data tolong perbaiki🙏🙏🙏🙏🙏🥺🥺🥺🥺,4,0,5.3.0_29183395_29332470,2025-01-06 10:14:56,,,5.3.0_29183395_29332470
da955796-fa67-4e2c-8ef8-1d3ead1de70b,Andrean Saputra,https://play-lh.googleusercontent.com/a/ACg8ocL7eKzzlwS0sngtbS7XN6jrFmTAh74edtlWg8U8pbJd2VeCUw=mo,Game genshin impactnya lumayan walaupun banyak yg misinya menurut ku sih grafiknya lumayan bagus dan ga lag pula makanya game ini cocok buat untuk main game ini :),5,0,5.3.0_29183395_29332470,2025-01-06 10:09:01,,,5.3.0_29183395_29332470
558bd32d-3cd6-4612-824b-b8161451febd,ahmad nanda,https://play-lh.googleusercontent.com/a/ACg8ocJO8WNWWJrCTY8K3CLNZJW6f1Gs_glmfiDZ1BSlvFqMjvH-5w=mo,Awal main sangat seru,5,0,5.3.0_29183395_29332470,2025-01-06 10:01:26,,,5.3.0_29183395_29332470
5f0bb492-badd-40b0-b9e0-d8128187c9c4,al hamed putra,https://play-lh.googleusercontent.com/a/ACg8ocKYQqhJ0W8TBao8Y6qk1adcpiSvpT2kR-IbsFTdrO-VSq70Gw=mo,"Ngebosenin, buang² waktu, cs nya buruk",1,1,5.3.0_29183395_29332470,2025-01-06 09:02:28,"Kami mohon maaf atas ketidaknyamanan yang Anda alami, Traveler. Kalau Anda memiliki masukan atau saran, silakan hubungi kami melalui email atau feedback in-game.",2025-02-19 17:48:35,5.3.0_29183395_29332470
29e47aa0-d672-4471-9fd5-3d8f47f6400e,Sofyan Ady,https://play-lh.googleusercontent.com/a/ACg8ocKUdOdSTHvH050bpilZrYygG1-bEzH7tMes5OzaiYcj6QJViQ=mo,"Bikin bisa switch main character pliss, ga seru kalo ga sesuai Lore nya.",5,3,2.8.0_7997424_8078355,2025-01-06 07:17:16,,,2.8.0_7997424_8078355
7470decd-0e7f-4744-a68e-04a57cd41c0b,fatih putrahidayat,https://play-lh.googleusercontent.com/a/ACg8ocLqJn8-KoYoJmCWRTW-oU1ekhi9hNse05WGiYDv4xaYaKTjQA=mo,Unduhnya lama,1,0,,2025-01-06 06:34:45,Kami ingin memohon maaf sebesar-besarnya atas terganggunya pengalaman bermain Traveler. Silakan hubungi Layanan Pelanggan kami melalui pelaporan masukan dalam game atau email untuk mendapatkan bantuan tentang masalah ini.,2025-02-19 17:48:48,
65ee6f19-815b-438f-9936-4a07227011d1,DARK .PHOENIX,https://play-lh.googleusercontent.com/a-/ALV-UjU-SPWc35PdUn1pZOI9MbQH0sr4lOAKqQyoXXyfuR_e6cfGrjM,"Mavuika terlihat sangat cantik dan saya harap saya bisa mendapatkan nya di gacha, untuk membuat tim yang bagus juga..",5,1,5.3.0_29183395_29332470,2025-01-06 05:30:25,,,5.3.0_29183395_29332470
5ae49f89-a223-4531-8232-a38b7f2d69c7,Abil Adam,https://play-lh.googleusercontent.com/a-/ALV-UjVB23Naho0Cj7ketxQZD-LdECAGpRVWdoC2td8Ahxuo6--r9Tw,Kasihh gacha baguslahhh,5,0,5.3.0_29183395_29332470,2025-01-06 04:56:01,,,5.3.0_29183395_29332470
11ea6b7d-3896-488f-b8e5-8cd339d4ce0e,Lamda 7,https://play-lh.googleusercontent.com/a-/ALV-UjV_URLJiOsDMjD-36E1dhf8hGNCmlkdnuBoQGky8D0d37niDvE,"game paling buruk kalau dah update,sok sokan ngasih banyak loading yang gak jelas,perasaan hsr update tinggal update doang gak bertele tele,mana lama lagi loadingnya,berkali-kali verifikasi intergritas data masih ada yang lain gak jelas",1,1,,2025-01-06 04:15:50,"Kami mohon maaf atas ketidaknyamanan yang Anda alami, Traveler. Kalau Anda memiliki masukan atau saran, silakan hubungi kami melalui email atau feedback in-game.",2025-02-19 17:50:38,
cfc1d308-f067-4938-bb86-d5c4eb32c7ab,Mansur Sanjaya,https://play-lh.googleusercontent.com/a-/ALV-UjXxfocPAO-f9x52AltVNC89vRWfBOretMJYjCgxY75fmxgWjDY,"Game nya keren, tolong dong gacha heronya di kasih hero bagusan dikit kek ini setiap gacha dapatnya hero elit muluk , epik kek legenda kek minimal dapatnya hero baguslah 1 atau 2 untuk sebuah tim atau skuad yang baik",4,0,5.3.0_29183395_29332470,2025-01-06 02:16:05,,,5.3.0_29183395_29332470
235e0edd-aa4c-493c-8d91-91e15ae27140,0063_Reyhans yoganata Arthurandy,https://play-lh.googleusercontent.com/a-/ALV-UjWpVs24Z5y-VCuacsPPrYR-6H7RILLYm4H3-KyOuN_9b8krqXWU,"Can i still here, for this year, and year after year?, i play this game, to run away from my life, do a think that i cant do in real life, being free and happy, only this what i want, Freedom",5,0,5.3.0_29183395_29332470,2025-01-06 01:59:59,,,5.3.0_29183395_29332470
0ed50480-a604-4951-8ede-a1cf66f13fed,Druz,https://play-lh.googleusercontent.com/a-/ALV-UjUXo6Wzs1rsGa_6B5GHJxxQRWyyARkcKCBIL4U2-NqzXrpYBeo,Kalo gacha Jan kikir lahh gw dh susah susah nabung pity dapetnya qiqi Jan pelit la gw capek ngumpulin primo,3,0,,2025-01-06 01:49:46,,,
8f9a88e4-ffe3-4d64-8a77-a2f7fc498e9f,Muhammad Azis,https://play-lh.googleusercontent.com/a/ACg8ocLJhWB51lMMNbRhAV9FXA14BQPHbCKRn4k2ayFYsgT32hjHNN0=mo,"add 'skip story' feature, too boring for long conversations",4,0,5.3.0_29183395_29332470,2025-01-06 01:24:13,,,5.3.0_29183395_29332470
f5531fdd-a512-41e5-be15-7f727c370f3a,Aoi,https://play-lh.googleusercontent.com/a-/ALV-UjVSecxjDw75O_RCiNap-BiCc7LPjDSHioDHjpEcua7YjpLYP31V,I want you (Clorinde),5,0,,2025-01-05 23:58:39,,,
c289827c-a886-4052-bc95-cc5766706943,Dewa Android,https://play-lh.googleusercontent.com/a-/ALV-UjXQ0tpwlSVPIjAWXKxhbtvcLsjgBhQlxcP6v-vOy3msmPLkXKg,"tolong ya jika kompilasi shader jangan terlalu lama, bikin bosen nunggunya",3,1,5.3.0_29183395_29332470,2025-01-05 23:43:26,,,5.3.0_29183395_29332470
f0cca7ee-8263-4605-be98-bde142049de2,Rakha GamerZ,https://play-lh.googleusercontent.com/a-/ALV-UjUPch8F_qTBY3i6XqY_1Vr32XnlWXMLMRHZUYdznvwJ0zd79NA,Game ny udh bagus tapi bansos ny kurang sama kalo explore Primo explore tambahin 🗿👍,5,0,,2025-01-05 23:28:12,,,
e343af60-8055-4d06-835a-bf60fccbb99b,Fachmi ilyas,https://play-lh.googleusercontent.com/a-/ALV-UjV4BTRExMeJIU0Z55XKha4ja-2cKTiY9WihtwIMS7lBhQimMCY,Bagus sekali,4,0,5.2.0_28336591_28351161,2025-01-05 23:21:18,,,5.2.0_28336591_28351161
f0a7f7ca-0b4c-45b4-8842-f9459dde3ee8,Masya Allah,https://play-lh.googleusercontent.com/a-/ALV-UjXaRSs3s7lodAhWVjgcZJloFfi5qBQINSOSlumKTwHJiWo2pgU,Good game,5,0,5.3.0_29183395_29332470,2025-01-05 23:09:13,,,5.3.0_29183395_29332470
76237558-0ece-49f9-a33d-8118615debdb,Rayyan Muntah,https://play-lh.googleusercontent.com/a/ACg8ocJxBR6ENUxOEadnO3RuRgtEDbC9DWDH1m_qAFsRlF4GNBtB_g=mo,Game nya sudah bagus tapi tolong di sediakan fitur. skip story kadang kadang cape dengerin. bicara yang lama banget pas lagi ngerjain quest,3,0,5.3.0_29183395_29332470,2025-01-05 23:08:24,,,5.3.0_29183395_29332470
fc372262-e704-4147-8fac-64a21ae33092,Fauzan Hidayat,https://play-lh.googleusercontent.com/a/ACg8ocLTDnHKSdy03VQ3PXNucYvat_bgLzXyhryhP4kWAFtPzdPSPQ=mo,Nice work for updating,4,0,5.3.0_29183395_29332470,2025-01-05 22:40:55,,,5.3.0_29183395_29332470
2890a619-bc55-440f-97e5-06e605478a15,Martinus Dillon,https://play-lh.googleusercontent.com/a/ACg8ocK-U2ixK3q-BsG-CJKuAtU5mcM9rQpbylTMrY_DImWOPQuOkQ=mo,"Game aneh, setiap pool mana dapat bintang 5",1,0,5.3.0_29183395_29332470,2025-01-05 21:23:42,"Halo, Traveler! Traveler dapat melihat aturan sistem Wish di bagian [Rincian] pada halaman Wish. Jika kamu memiliki pertanyaan tentang perincian dari aturan tersebut, silakan hubungi tim Layanan Customer Support kami melalui feedback in-game atau melalui email.",2025-02-19 17:50:58,5.3.0_29183395_29332470
5270c473-8452-4514-93f6-9dbc54f1d2bd,Muh Ajir,https://play-lh.googleusercontent.com/a/ACg8ocJ0eN_A-1TKvHbhMo9k2nguak8Kc4jGtUwesB4fVI8lq9csBQ=mo,Bukan main game lebih ke nonton cerita,1,0,,2025-01-05 20:51:12,"Kami mohon maaf atas ketidaknyamanan yang Anda alami, Traveler. Kalau Anda memiliki masukan atau saran, silakan hubungi kami melalui email atau feedback in-game.",2025-02-19 17:51:24,
1c9f35bb-8959-4075-9b16-669c09aaab16,Mang Fur,https://play-lh.googleusercontent.com/a-/ALV-UjVX-7w8FsBDWe4pHJSNylGgsJ0vOG7N_0gpuhfG2X1mASIKK6c,Mantap pokoknya mantap gamenya,5,0,5.3.0_29183395_29332470,2025-01-05 20:46:15,,,5.3.0_29183395_29332470
ef6431f1-209c-4085-b306-ec7f65e2f7b3,Fiki Akhsan,https://play-lh.googleusercontent.com/a-/ALV-UjWJnPk4XbCtRB9VeOafsSQYob-e6QML9hjI3kXesQ902NOAeUU1,Gensin could never,2,0,2.1.0_3981765_4073622,2025-01-05 20:15:36,,,2.1.0_3981765_4073622
a20fc03d-fd29-4a09-b6b9-b636ee4044fb,JustinaXie,https://play-lh.googleusercontent.com/a-/ALV-UjWgJhLYQD0ON5Pa6iav6AnFmXPQKf1B19ijx-TTsSzHGJlX-J8,"Udh bagus kok, dari segi gacha jg, update qol jg udh lumayan bagus, sistem gacha dipermudah apalagi banner wp, meskipun sering kalah rate off, afterall ni game masih bagus, buat f2p yg sok2an nge kritik ni game mending uninstall aja, ga ngebantu developer aja so2an ngekritik",5,0,,2025-01-05 20:05:49,,,
ff9d0429-0a60-45c0-968b-8ba15833d045,Dessy Natalia,https://play-lh.googleusercontent.com/a-/ALV-UjVL1AcmGo16CbN8g0CXjM6m26YwuEAp9wlPTb3j5oxCvcm6vGs,"Dari dulu pgn main, br sekarang kesampaian. Buat para pecinta RPG wajib coba. Grafiknya cakep, mapny gede. Karakternya menarik dan alur gameny seru g cm battle, bikin candu ... :'))",4,0,5.2.0_28336591_28351161,2025-01-05 20:04:42,,,5.2.0_28336591_28351161
e6ee1809-04cd-4295-a35b-9959ac944b35,Kadek Dwipayana,https://play-lh.googleusercontent.com/a-/ALV-UjUycvP_qs4GNMMzp77gYK8_B03Fo59oqrxMsQ2g4bhTmjPdFVGK,Dasar Game Kikir 👎👎,1,0,,2025-01-05 20:00:19,"Kami mohon maaf atas ketidaknyamanan yang Anda alami, Traveler. Kalau Anda memiliki masukan atau saran, silakan hubungi kami melalui email atau feedback in-game.",2025-02-19 17:51:34,
378b62fe-37ae-4172-bf5e-f20e18aa5690,最強 -Yuuki.,https://play-lh.googleusercontent.com/a-/ALV-UjWJrDiMReGADkXQtwXlMYQxBLZtJvOPjhhYfo8IHXnbD2NMAnuD,Aku suka gamenya cuman tidak dengan gacha nya,5,0,,2025-01-05 19:34:52,,,
4541ec42-7e28-4c1f-986f-6af7cb7afa84,Almira Rihana,https://play-lh.googleusercontent.com/a-/ALV-UjXRhz7yi8hZERKii6G_slg8NH4BktIOSZLiQcmJQAt3G0aVcw,bagus dan seru,5,0,5.3.0_29183395_29332470,2025-01-05 19:29:17,,,5.3.0_29183395_29332470
dd327783-b9f6-43b8-8375-f507fd7cd8a9,Muhammad abrisam Dzaky atharizz,https://play-lh.googleusercontent.com/a-/ALV-UjXK4bTSQ4yUrXeTEEAga3b0rZpZuW6RKEqbqR3v9WlQjviC47M,Masterpiece 😃😃,5,0,5.3.0_29183395_29332470,2025-01-05 19:08:31,,,5.3.0_29183395_29332470
8e3d9841-14ce-493b-b436-267e94b4b484,Iwann,https://play-lh.googleusercontent.com/a-/ALV-UjWsrp4SQfOsyOdc_yKOFbsiTCQuFmqdKF6IF6Mo47UwyhjplFcJ,grgr game ini....,2,0,3.1.0_10443587_10457664,2025-01-05 19:04:09,,,3.1.0_10443587_10457664
246f4f5b-6ab5-4103-8d2b-3b3cf28f9429,Wahyu Indra,https://play-lh.googleusercontent.com/a/ACg8ocINHDA7naFEC_IT-ZD1PPOa40VsP26Mk0HIJWymGnyKH7-1-w=mo,Bagus si kapi saya harus muduh dulu kapi saya main cloud,5,0,,2025-01-05 18:55:12,,,
6a4a385c-6a71-4051-8851-1415df3c90cc,Bii,https://play-lh.googleusercontent.com/a-/ALV-UjUewLR1ywf43zq4C0-sNMh28lcy5TuKFkmR5OBk0QTVTy6mapnPyA,Nes,5,0,5.3.0_29183395_29332470,2025-01-05 18:48:57,,,5.3.0_29183395_29332470
d712e82e-db85-4b80-b585-62932bea5fd0,Yoriichi Tsugikuni,https://play-lh.googleusercontent.com/a-/ALV-UjVRXMMxpOJNSBn528RjxUlIjN_E7_8dMXNpWDeHyHgScCdhFM4,Ajg gedek gw dah capek2 main quest ternyata kagak bisa ke save game ajg bikin kesel wae emang nya kagak capek apa nyelesain misi teh minimal bisa di save gitu,1,1,5.3.0_29183395_29332470,2025-01-05 18:41:31,"Kami mohon maaf atas permasalahan ini, Traveler. Silakan hubungi kami melalui email atau feedback in-game untuk mendapatkan bantuan lebih lanjut tentang masalah ini.",2025-02-19 17:52:22,5.3.0_29183395_29332470
7869390e-b3b0-4efe-85d4-0bcdc85a5679,Aris Dandi,https://play-lh.googleusercontent.com/a/ACg8ocLGmkZdgXmPBec2-SUdqLOm5OyF4ii3shhb8s_wVbwuU3rpUw=mo,Suka banget,5,0,,2025-01-05 18:41:09,,,
98909aaa-f4a8-4a9d-ad85-919c3260f551,dadan Syahrul,https://play-lh.googleusercontent.com/a/ACg8ocKQmbmoeso9BitRbYHyrNxGMEGS5SmAKkTv_TTc_vwlZacVSA=mo,Game nya bagus,5,0,5.3.0_29183395_29332470,2025-01-05 18:29:09,,,5.3.0_29183395_29332470
b7083706-eea6-4794-a813-6e71fe6c3632,m fajri,https://play-lh.googleusercontent.com/a-/ALV-UjWHuExrjcY7qVAkMZpTZnm3V0c3ys17JAnzuM6vDB_9JPE2lWZ69g,qiqir🤓,2,0,4.7.0_23093867_23435602,2025-01-05 18:03:23,,,4.7.0_23093867_23435602
a9bf4041-0842-4a58-9dfa-f10cba901948,HISYAM HUMAM,https://play-lh.googleusercontent.com/a-/ALV-UjWfp0Gc00fZG8t9FVYtJBUPhAzscC5Dqvy1ZFkt3m1QiMjUaC9X,Mantav,5,0,5.3.0_29183395_29332470,2025-01-05 17:47:01,,,5.3.0_29183395_29332470
25e2e4db-d642-44a7-9de2-0b4cf0d4ff5a,محمد اقبال دارماوان,https://play-lh.googleusercontent.com/a-/ALV-UjXuQDsFgn1PoyxlvzvW-ZCuxCt522IVZJS4TN5H1NBi0YkOn4nc,Tolong adakan fitur skip di quest archon dan quest lainnya.,1,1,,2025-01-05 17:46:02,"Terima kasih atas dukungan Traveler terhadap Genshin Impact. Kami menerima secara terbuka semua masukan/umpan balik dari kalian. Jika Traveler memiliki saran atau masukan, jangan ragu untuk menghubungi kami melalui feedback in-game atau email.",2025-02-19 17:52:40,
75d37310-442a-478a-8199-aa1775db2899,Raisya,https://play-lh.googleusercontent.com/a-/ALV-UjWsR3aGcJ2LcqTeO79Y4NbObS6ep6XdGEF3UFjUtwdeg5elnNWE,"Gamenya sudah bagus, tapi tolong capitano hidup lagi dong😭😭. Dan bisa gak sih banyakin tall malenya😠",3,1,5.3.0_29183395_29332470,2025-01-05 17:34:51,,,5.3.0_29183395_29332470
b7579ea1-049b-4331-b857-260a7ed3b124,Hadi Maryadi,https://play-lh.googleusercontent.com/a-/ALV-UjWzoUMCCPFgSPvwr19NoiNwJb0GCJqtMC-X2VscJfAC88iGLJWQ7g,Gamenya bagus tetapi bisa kan ditambah fitur on mic Biar player bisa saling berkumikasi Dan ukuran data size nya gamenya tolong di kurang sedikit jadi ringanan sahaja yah Biar Players Players nyaman gitu pliss ☺️🥰 Jujur aku suka sama game ini,5,0,4.8.0_24603909_24822834,2025-01-05 17:13:24,,,4.8.0_24603909_24822834
f49d5183-2c2e-4ff8-a994-0202d2959d6f,Abi Chandra Setiawan,https://play-lh.googleusercontent.com/a-/ALV-UjUiTqrA6Q--GMStO87ZoM53xxU75JlywfFJLigSmc1fPopu0Zg,"Suka banget sama game ini, tapi sayangnya hp ku gak kiat",5,0,,2025-01-05 16:47:51,,,
7f7c6f2b-83eb-4368-ae4e-f0797bd7eb32,Afif,https://play-lh.googleusercontent.com/a-/ALV-UjWp46Qhvnl3cqq6hAaeA0Vh4LG11XKBpX35hYQScKcQd8qeUME,Sorry but must admit another similar game have everything that genshin lack. And bad dev team. Put two limited banner in phase 1?? Nah auto uninstall 👍,1,0,1.0.0_1112729_1135452,2025-01-05 16:24:11,"We sincerely apologize for your unsatisfactory experience, Traveler. If you have any feedback or suggestions, please send us an email or contact Customer Service via in-game feedback to help us improve the game.",2025-02-19 17:52:58,1.0.0_1112729_1135452
bb05dbaa-8c88-48ce-b24c-26144ff91eb0,avtiar jeniagata,https://play-lh.googleusercontent.com/a/ACg8ocIC7bCVjKfLPd4BQ-QEi6NZo8P0gaK4XM20jvNI7hP81ae0ug=mo,furina tujuan gua main cik🤓☝️,5,0,5.3.0_29183395_29332470,2025-01-05 16:20:53,,,5.3.0_29183395_29332470
7c097870-3c3d-4670-b189-09817262eaa7,cloudia Fresh,https://play-lh.googleusercontent.com/a-/ALV-UjVpwZDIUCPYGNSNYFRXXcV91-FBPSisDfrYHnGOvKR6bcl3bxA,terlalu berat sebelah (kasih menang rate off lagi dong min),1,0,,2025-01-05 16:13:30,"Halo, Traveler! Traveler dapat melihat aturan sistem Wish di bagian [Rincian] pada halaman Wish. Jika kamu memiliki pertanyaan tentang perincian dari aturan tersebut, silakan hubungi tim Layanan Customer Support kami melalui feedback in-game atau melalui email.",2025-02-19 17:53:12,
f0fb575c-4514-41b1-b53e-2ce0d700435e,ZaxaJun,https://play-lh.googleusercontent.com/a-/ALV-UjV05n-sUbJv4dWZ_a6LEIYkJVe_fXOTe7ILMNGE5fv_A3-Koko,Durasi Quest story mavuika bisa bikin 1 game berbeda ngentooooaddd,1,1,5.3.0_29183395_29332470,2025-01-05 15:58:54,"Kami mohon maaf atas ketidaknyamanan yang Anda alami, Traveler. Kalau Anda memiliki masukan atau saran, silakan hubungi kami melalui email atau feedback in-game.",2025-02-19 17:53:32,5.3.0_29183395_29332470
175632c3-a57d-4673-bf01-962e58e53509,Erik Julbastian,https://play-lh.googleusercontent.com/a-/ALV-UjUNsJrtuAjCdfpvbJqUcmGdfs8rjt-xU0qwpESzEt0S05yuEhwa,"The dialogue is too long, all day just following boring dialogue, it takes a lot of energy",1,1,5.2.0_28336591_28351161,2025-01-05 15:57:07,"We sincerely apologize for your unsatisfactory experience, Traveler. If you have any feedback or suggestions, please send us an email or contact Customer Service via in-game feedback to help us improve the game.",2025-02-19 17:53:56,5.2.0_28336591_28351161
ed49daf7-d525-4fe4-a2ac-e7c95298b184,Jihad Dj'aun Alramdani,https://play-lh.googleusercontent.com/a-/ALV-UjWLjzhSJnqYH9XmnZLLh8g6U7x9pBmm-nwIjfkUSII0ppFg3kkf,Sangat menarik,5,0,5.3.0_29183395_29332470,2025-01-05 15:52:23,,,5.3.0_29183395_29332470
55052f6e-cca4-422e-959f-776313a9ef56,tedy heryana,https://play-lh.googleusercontent.com/a/ACg8ocLEBT2JXG6sGsZ7XM96ycSJEG1_fT4PWLuWjam9rvPon87x7A=mo,"Just give skip story, i will pay welkins every month",1,1,,2025-01-05 15:36:08,"We sincerely apologize for this issue, Traveler. Please send us an email or contact Customer Service via in-game feedback for specific help with this issue.",2025-02-19 17:54:19,
fb9cb436-7742-4300-b196-7f0f1b9d5f3d,Retaa,https://play-lh.googleusercontent.com/a-/ALV-UjVB0TJCu0m6VF4LYDJhneGgyBuXMKSpchbsLZ-S2HUUNn0yvj6E,Kurangin memori nya woiiiiii,1,0,5.3.0_29183395_29332470,2025-01-05 15:35:22,"Halo Traveler,
Terima kasih atas support anda pada Genshin Impact!
Untuk mengurangi jumlah size data game, anda direkomendasikan untuk menghapus data Voice-line dan data Quest lama yang bisa dilakukan melalui setting in-game. Jika anda mengalami permasalahan lain atau ingin menyampaikan feedback, jangan sungkan untuk menghubungi tim customer sup...",2025-02-19 15:02:22,5.3.0_29183395_29332470
585ce9c5-0d41-4e82-9b94-f894ed1d8a27,Fikli Arrahman,https://play-lh.googleusercontent.com/a-/ALV-UjXxPR77snSmhUtVsIMaGWYSQSZm0TBPuIb0WCnmcu9Mnc4YvZSF,I enjoy it,5,0,5.3.0_29183395_29332470,2025-01-05 15:24:23,,,5.3.0_29183395_29332470
c651e15a-dd08-49ac-85ef-defc06db2bfc,Owlien 'G,https://play-lh.googleusercontent.com/a-/ALV-UjUDbLF2Z8XOyjkvWbMvQ4wH9uejS_DFRXcubu4c8pkS8gevoATw,"not being able to skip conversations or cut scenes, makes this game boring and time-consuming, and can make players lose interest.",3,0,5.3.0_29183395_29332470,2025-01-05 14:54:45,,,5.3.0_29183395_29332470
30a37408-65c6-4db1-8453-3a106e27b33d,ren al,https://play-lh.googleusercontent.com/a/ACg8ocJQS0B4ZR7jkzmddbAcqoBeHR7BJJqUhWAKBUcIuCdNsNNN3A=mo,keren tapi pelit,5,0,,2025-01-05 14:23:56,,,
ed01bfe5-010b-4ec0-9489-a6d6bae40ded,Nazril Restu,https://play-lh.googleusercontent.com/a-/ALV-UjWD2K4FDxANdOFqvqAPfgcnon52OtrQM0G5H9e_9mJWOVfWjFCA,"Ini kok uppate tadinya 2gb,pas sudah selesai malah jadi 7gb ini gimana",3,8,5.3.0_29183395_29332470,2025-01-05 13:57:48,,,5.3.0_29183395_29332470
e76a53ba-b8f6-4293-89b6-6667e10699a4,Ellen Carlina,https://play-lh.googleusercontent.com/a/ACg8ocJyu3nxTmkg-oqsfCO009XxzU-w-bPZ8KK1k1ckks8VHtER1w=mo,"Jelas"" aku udah download all data 35 gb, masa pas mau login lagi disuruh download data 30 gb lagi. Ga jelas banget ni game, tolonglah perbaikin, ini udah 2x kejadian di aku. Males main jadinya",1,1,,2025-01-05 13:49:26,"Kami mohon maaf atas permasalahan ini, Traveler. Silakan hubungi kami melalui email atau feedback in-game untuk mendapatkan bantuan lebih lanjut tentang masalah ini.",2025-02-19 15:04:56,
3d76ea91-c1b5-4511-b1bd-0c6be5bfdbbb,Dwipa ananta pramudia,https://play-lh.googleusercontent.com/a-/ALV-UjWJkNr4ZuWv-SK1zGW9kG5Ee1YCAYmQApaU7x_qXh4qOr2d_-2M,Baguusss bangett sukak,5,0,,2025-01-05 12:50:39,,,
b4f92f43-d49a-4458-9de7-6a538526b444,Diana Roselynne,https://play-lh.googleusercontent.com/a-/ALV-UjUkPDHP4walj4d5lWipBgBgnJJ7-UdkS7KraM6opvGBne1nTYLp4A,"Percakapan story quest terlalu bertele-tele, tolong dipersingkat lagi karena ga semua orang punya waktu buat main. Untuk desain karakter entah kenapa jadi semakin mengecewakan, terlebih lagi karakter cwo semakin berkurang",3,3,5.3.0_29183395_29332470,2025-01-05 12:35:10,,,5.3.0_29183395_29332470
9cf9de88-7e98-4023-ae26-c3fc3eafa58d,Riyuki Sakura,https://play-lh.googleusercontent.com/a-/ALV-UjWF4-gfG3DFz7VAfFA7HUQ_qKo6KYx-rQn04L_05feP8jawFLk,Ni game bukan buat orang dengan hp menengah kebawah kalo hp lu ga hp menengah atas jangan download ni game nyesel nanti,1,0,4.7.0_23093867_23435602,2025-01-05 12:20:48,"Kami mohon maaf atas permasalahan ini, Traveler. Silakan hubungi kami melalui email atau feedback in-game untuk mendapatkan bantuan lebih lanjut tentang masalah ini.",2025-02-19 15:05:16,4.7.0_23093867_23435602
4d76a092-3cf2-44bf-a123-2b57bf74823b,Chaa,https://play-lh.googleusercontent.com/a-/ALV-UjX_G84fGpRrRQ-8poY9Jfb6kMAb2FTn88CntsjgqEdPQT_Y6jXR,"Kata gweh sih keren gamenya tapi kenapa harus kikir impact ya,di event besar kasih 20x gacha coba lain kli ksih 1 bebas pilih karakter b5 standar banner kek🤭",5,0,,2025-01-05 12:14:06,,,
4b2ab99a-131c-498d-8011-dbcee63c5bff,Viani Nii,https://play-lh.googleusercontent.com/a/ACg8ocIiziu2D09N3us4nczbBsMbK-fWT1t0TsnI8PeW5Y9lMFjzfP0=mo,Paimon crying natlan 😭🥹 I like the story this game,5,0,5.3.0_29183395_29332470,2025-01-05 12:01:30,,,5.3.0_29183395_29332470
6246b48f-136a-4d68-9a28-613d93d7e636,Raka 12,https://play-lh.googleusercontent.com/a-/ALV-UjWIYXlwA2r3dm5oxRIII_6FAoZx12pvX2cfiC52HPrdIR1X2PmR,"Bagus banget sumpah,tapi saran aku perbanyak karakter cowok,kasian yang player cewek nangis nangis soalnya karakter cowok dikit banget,apalagi di natlan ini yang baru play able cuman dua ,ororon sama kinich",5,2,5.3.0_29183395_29332470,2025-01-05 10:19:04,,,5.3.0_29183395_29332470
e831613a-cc23-4931-8d68-4f7db9270a21,Aldi naufal Alfarizi,https://play-lh.googleusercontent.com/a/ACg8ocLF35qkh8pwtoIhlQjqOBgsxTY7PlNEK4lcSuOm1lSAYbIZyA=mo,Game yang bagus dengan cerita yang menarik namun nyiksa hp,4,0,5.0.0_26041933_26161852,2025-01-05 09:58:38,,,5.0.0_26041933_26161852
ff850a98-ce7b-45e0-aa8b-77be9f409b73,azhr dotco,https://play-lh.googleusercontent.com/a/ACg8ocKfHFjLicCy7dOArgM99v4k9el36DL-etSvY1sB7CgSvSO4tw=mo,Kecewa lah,1,0,,2025-01-05 09:57:05,"Kami mohon maaf atas ketidaknyamanan yang Anda alami, Traveler. Kalau Anda memiliki masukan atau saran, silakan hubungi kami melalui email atau feedback in-game.",2025-02-19 16:20:23,
7d6502b1-d033-406c-bf9d-1e205fc93a61,Teguh Akbar,https://play-lh.googleusercontent.com/a/ACg8ocI78LvF4aLB_YQnMM-ZIKsU96IZoVhXkkOzZsnyP1IZNYpKyO8=mo,"Fitur skip mana fitur skip 1 jam story masih ditempat yg sama gara gara dialog gk selesai selesai, kikir",3,1,3.0.0_9612129_9624836,2025-01-05 09:23:46,,,3.0.0_9612129_9624836
ca9ef618-ee7b-4d43-824b-cd76ee2e0080,Sherry,https://play-lh.googleusercontent.com/a-/ALV-UjVM97YV432FH1UEggnXzrLqAZVwXcxlsOnYmB1iamP9yeQDxTCQ,"kalo Shenhe, Clorinde, Arle pulang kukasih bintang lima😭",1,0,5.3.0_29183395_29332470,2025-01-05 09:09:45,,,5.3.0_29183395_29332470
5374beab-dda5-4e58-bec0-eb14ed721789,I D R I S,https://play-lh.googleusercontent.com/a/ACg8ocLfPhsxHxq-wU9Z0rBJCF2o0O0j927f1JUaB9h3w3_kzGn88A=mo,"Jauh lebih smooth dibandingkan dgn honkaj impact .pdhl udah rata kiri ttp aja ngeleg , tapi genshin beda.ya walaupun susah mendapatkan item yang langka",5,0,5.3.0_29183395_29332470,2025-01-05 08:22:24,,,5.3.0_29183395_29332470
086c7009-11b5-4ca8-a4d5-56fa63485443,Arief Alfaridzi,https://play-lh.googleusercontent.com/a-/ALV-UjVYK5Jc1C_aBWI8g_FT_s8HkMF020MGXwEmWGJiFYm95Ouf2rGX,"Oke, saran masalah teks dmg kayaknya di denger, makasih ya ku kasih b5😊",5,0,,2025-01-05 07:09:44,,,
543e23e1-6960-4bd6-9bd2-02af3718e053,AK- Rim,https://play-lh.googleusercontent.com/a-/ALV-UjWqjbc8CwHz8rTvsyY38qjSjdKsAWiI-GFl87XVopeOJlLMDw,"Saya sangat berterimakasih kepada developer yang telah mengembangkan genshin impact, Tapi mohon maaf sudah saya UNINSTALL karena 1. Gak ada tombol skip buat quest yang gak penting 2. Kalau mau bikin anime gak usah bikin game 3. Sistem gacha nya yang ampas bikin males main 4. Ukuran game lumayan ngabisin ruang, tapi ya masih relate dengan grafik nya yang dewa 5. Rasanya udah money oriented banget, 6. Nggak ada smangat lagi buat execute mission Sekian, semoga bisa sampai ke developer..",1,0,2.6.0_6179196_6305792,2025-01-05 06:12:28,"Terima kasih atas dukungan Traveler terhadap Genshin Impact. Kami menerima secara terbuka semua masukan/umpan balik dari kalian. Jika Traveler memiliki saran atau masukan, jangan ragu untuk menghubungi kami melalui feedback in-game atau email.",2025-02-19 16:22:25,2.6.0_6179196_6305792
adb60c04-5ddf-417c-b935-d827272109eb,Muhammad Imam Zarkasyi,https://play-lh.googleusercontent.com/a-/ALV-UjWq9lwsVVgx1CvoGx1WkxO79IJ_gNdl3uE3tQFBHPZmx1-cWZM,"Ini gimana login pake akun hoyo ga bsa, terlalu banyak permintaan broken bgt nih game, baru mau mulai return maen lagi!!",1,0,,2025-01-05 05:37:07,Kami ingin memohon maaf sebesar-besarnya atas terganggunya pengalaman bermain Traveler. Silakan hubungi Layanan Pelanggan kami melalui pelaporan masukan dalam game atau email untuk mendapatkan bantuan tentang masalah ini.,2025-02-19 16:22:48,
018fdece-5112-4885-9526-9a9270150897,Aldi Mukti,https://play-lh.googleusercontent.com/a-/ALV-UjWgi2PoC5CUmFV_d2VrFAqOv8pBz6vwqDPCfhe-Z1sxVt44B78D,"tolong masukan mode skip ketika side Quest. karena bosan, tidak semua player suka dengan percakapan panjang. tapi ketika di quest archon tidak ada skip tidak apa. hanya saja untuk quest"" sampingan sangat bosan.",5,9,5.3.0_29183395_29332470,2025-01-05 05:00:05,,,5.3.0_29183395_29332470
f14d395d-8544-446e-a898-c91b98ffbbdd,Muhammad Zaki,https://play-lh.googleusercontent.com/a/ACg8ocLHwbNpb6-DX8oiIi0Ng1vyXw9g-vYMGD2-scR_OVEMZUMAWQ=mo,Mantap,5,0,,2025-01-05 04:38:05,,,
6191d3bd-a342-4d74-9d6f-906247e3fd5b,Fajar F,https://play-lh.googleusercontent.com/a-/ALV-UjXLdSt5sq1yzJjFYRX15IIw5sX3jR8EsOTeWgYYrywzq0yh2II,Mantap,5,0,5.3.0_29183395_29332470,2025-01-05 04:20:21,,,5.3.0_29183395_29332470
2b868c7d-1833-4d29-911b-3b320534c35a,Robi Hasbi,https://play-lh.googleusercontent.com/a-/ALV-UjUzjTP41K9M_ef1Ymacz2GWeQCdDIvVpMu0_41u3TFlpLaorPUV,Bintang 1 dulu soalnya ga pernah menang rate off,1,0,5.3.0_29183395_29332470,2025-01-05 03:19:34,"Halo, Traveler! Traveler dapat melihat aturan sistem Wish di bagian [Rincian] pada halaman Wish. Jika kamu memiliki pertanyaan tentang perincian dari aturan tersebut, silakan hubungi tim Layanan Customer Support kami melalui feedback in-game atau melalui email.",2025-02-19 16:23:00,5.3.0_29183395_29332470
01d1973d-7b9b-4c9d-9da3-1b3040cea4fe,Ram,https://play-lh.googleusercontent.com/a-/ALV-UjWvyTXDOe8avuTqQn1NekhGxccc_YdtzVrPAJ41Xq1J5q2vNpYV,mantap usahain banyakin lagi bansos 😁,5,0,,2025-01-05 01:57:45,,,
5769c7bc-cd6e-420c-9d0f-870b439fd1bc,Ringga Saputra,https://play-lh.googleusercontent.com/a/ACg8ocJNCWihqV1lV5wzHZdgYPvgQG9g1n_uPOEl_sMP-EGMKW0Qmg=mo,Karena kikir gacha trs dpt qiqi,2,0,5.2.0_28336591_28351161,2025-01-05 01:19:55,,,5.2.0_28336591_28351161
ba9d4eb6-fd58-4e6d-8a66-16dc0513141d,Sidik Amanah,https://play-lh.googleusercontent.com/a/ACg8ocLKfak2mA7GTfy8WFJVX3iXKegErBCjzkBVBmCxGgeqbjORVA=mo,"developer tolong game nya jangan terlalu berat, tolong di ringankan game nya biar yg hp nya kentang bisa main",5,0,,2025-01-05 01:02:49,,,
2bf6a56b-23e3-4706-98ce-aa23d4e40856,Murif “Go”,https://play-lh.googleusercontent.com/a-/ALV-UjXlovwtZkBRGgt2HZabgXWmHzju3_sSRqE42OwZgn7DhMHzFaPB,Hard pity trus di kasih mantap,1,0,,2025-01-04 23:59:16,"Halo, Traveler! Traveler dapat melihat aturan sistem Wish di bagian [Rincian] pada halaman Wish. Jika kamu memiliki pertanyaan tentang perincian dari aturan tersebut, silakan hubungi tim Layanan Customer Support kami melalui feedback in-game atau melalui email.",2025-02-19 16:24:25,
fe90b829-fec3-482e-8d5c-ae4f7b5ef70f,mimams santoso,https://play-lh.googleusercontent.com/a/ACg8ocKF5c0IOP-6SlxOQJeXNegAEY72SMrxi6cJcS6qp3Oc17DKWg=mo,"Tidak bersahabat dengan newbie, material upgrade yg susah didapat, qol yang buruk dan manajemen tas yg buruk juga. Contoh kenapa pas farming kok musti ada item yang jatuh. Kenpa kok gak langsung masuk tas aja????",1,1,5.3.0_29183395_29332470,2025-01-04 23:02:51,"Terima kasih atas dukungan Traveler terhadap Genshin Impact. Kami menerima secara terbuka semua masukan/umpan balik dari kalian. Jika Traveler memiliki saran atau masukan, jangan ragu untuk menghubungi kami melalui feedback in-game atau email.",2025-02-19 16:25:33,5.3.0_29183395_29332470
c7709bba-fd52-4d3c-8444-ecd064636dc1,Rasyid Arazak,https://play-lh.googleusercontent.com/a-/ALV-UjWUIc9DUbz7e_nQOrh-zqJ1ZT_FvvNQbP4V7AwRI5Kkcfr_7DIw,"Not just a gacha game, but a good and memorable RPG game.",5,0,5.3.0_29183395_29332470,2025-01-04 22:30:32,,,5.3.0_29183395_29332470
e2ff9325-17ff-4843-8a43-e455de8fe2bf,Rey,https://play-lh.googleusercontent.com/a-/ALV-UjXpO5QsdPDMX3JajpsGWG3HAnPnr1h003TqasMrGZvnYdVzyGfW,"Tambahin tombol skip lah ajg, bosen banget.",1,0,5.3.0_29183395_29332470,2025-01-04 22:05:35,"Terima kasih atas dukungan Traveler terhadap Genshin Impact. Kami menerima secara terbuka semua masukan/umpan balik dari kalian. Jika Traveler memiliki saran atau masukan, jangan ragu untuk menghubungi kami melalui feedback in-game atau email.",2025-02-19 16:25:50,5.3.0_29183395_29332470
210024b7-bc4f-4566-9af9-18fe3ed14659,Rayhan Rahmadhani,https://play-lh.googleusercontent.com/a-/ALV-UjVRfFT0gCN-fb6wljN_wZdq6Nn0k_mkVaWu7Ffw7AauW27UQ0J4,Give fitur skip story,1,0,5.3.0_29183395_29332470,2025-01-04 21:37:46,"Thank you for your constant support of Genshin Impact. We welcome any valuable input from you. If you have any comments or suggestions you would like to share, please feel free to contact our Customer Service team via the in-game feedback channel or email to help us improve the game.",2025-02-19 16:26:19,5.3.0_29183395_29332470
a65e7638-59c3-40db-be2a-970a22b1cee6,VETSAF,https://play-lh.googleusercontent.com/a-/ALV-UjX2WDaL_dbt8VtlUCZ5mrSm1biCpiP8gJMOEfikBERXiXdcGPrh,ga suka game ini,1,0,,2025-01-04 21:24:04,"Kami mohon maaf atas ketidaknyamanan yang Anda alami, Traveler. Kalau Anda memiliki masukan atau saran, silakan hubungi kami melalui email atau feedback in-game.",2025-02-19 16:26:35,
0f16ad1d-16b2-4cff-95fa-5af299ff5798,aisyah nisrina,https://play-lh.googleusercontent.com/a/ACg8ocKsi_pV2Jnror5cwIpKiU3EUvFFsufcNPWO18fekQQKXecL0A=mo,HARD PITY WOIII POKEEEE MALESIN BANGETTTTT,1,0,5.3.0_29183395_29332470,2025-01-04 21:02:26,"Halo, Traveler! Traveler dapat melihat aturan sistem Wish di bagian [Rincian] pada halaman Wish. Jika kamu memiliki pertanyaan tentang perincian dari aturan tersebut, silakan hubungi tim Layanan Customer Support kami melalui feedback in-game atau melalui email.",2025-02-19 16:28:15,5.3.0_29183395_29332470
8d37472a-3365-4713-a4a2-8737e881dd03,ring potato,https://play-lh.googleusercontent.com/a/ACg8ocIwVicUmYQKOOuLRbtC6b0xonMHaOmoYgve6xE32rsP1-5sBw=mo,"Dear developer, tolong untuk kedepannya, tambahkan fitur menghapus data quest terdahulu saat mendownload ulang genshin impact, jadi tidak usah mendownload ulang semua data quest yang telah diselesaikan oleh akun yang digunakan... Kesimpulannya, saat mendownload ulang genshin, dan login dengan akun yang sudah cukup lama, dimana sudah banyak quest yang diselesaikan, tolong tambahkan fitur untuk download datanya tidak usah include dengan quest yang sudah diselesaikan tersebut, terimakasih.",5,0,,2025-01-04 20:47:48,,,
16a02f62-d7bb-40ae-ae93-38b98c8c2fc4,Jovian Kurnia,https://play-lh.googleusercontent.com/a/ACg8ocIXHAUCohIlfzaTarbxQEYtweiUQviS3f8xsNX4Mwlcj7OG3w=mo,Dawei sangat baik 👍,5,0,5.2.0_28336591_28351161,2025-01-04 20:17:13,,,5.2.0_28336591_28351161
c32cebf0-04ed-494b-8eb4-00f4fe6991ed,Wildan Fardad,https://play-lh.googleusercontent.com/a-/ALV-UjWwSHyB6OzVK7TjKwKYYb3b4TkqeKjkeBe4v9RVjejb-d_O6OA,Sistem gacha karakter sudah di atur oleh developer ketika wish anda sudah mencapai semisal 90 kali wish maka tingkat anda untuk mendapatkan karater 5★ berkemungkinan 50/50 Dan inilah sistem yang sudah di atur oleh developer,5,0,,2025-01-04 20:05:54,,,
b8a4a6ce-b284-46d2-9d49-1136d026878c,Milerei Zen,https://play-lh.googleusercontent.com/a-/ALV-UjUp5g8p0u_RUG1I1hU7nW56to4bEOjOehK89VEV2vIUoPT4Oi0,"Min terlalu banyak request ini ga bisa login tolong dong server nya ditambahin biar bisa masuk. Kita f2p yg nyari primogems sedikit"" gimana ini ???. Astaga udah 1 hari full ga bisa login karna gagal login please min fix lah. Akun lama yg bisa, sekarang jadi ga bisa. Udah serasa di ban walau ga salah apa apa",2,1,5.3.0_29183395_29332470,2025-01-04 19:58:51,,,5.3.0_29183395_29332470
e8cdee6c-5962-49c7-808e-8a6eba98ea75,Zahra Zahra,https://play-lh.googleusercontent.com/a/ACg8ocL2wjq2Mhm7mjxecFc5aycatIGNrszU90QhIZqgW58IxLOkyw=mo,"Ini aku kasih bintang 2 dulu, karena apa? Ya, itu tuh karena gamenya ngebug, masa aku baru mau main gamenya langsung keluar sendiri sih?! Padahal aku udah cape cape loh, mau ngosongin penyimpanan ku cuma buat game ini aja!? Tolong ya, segera di perbaiki secepatnya, soalnya aku pengen banget mainin nih game lagi... 😢😢",2,0,5.3.0_29183395_29332470,2025-01-04 19:40:03,,,5.3.0_29183395_29332470
8ef2ad89-00ee-4bf3-95a2-5113b99441f6,Aviora,https://play-lh.googleusercontent.com/a-/ALV-UjWGIlnmgdHu9BR1KVggqPzhePMDQCe1RnEIcGg_YeYJaiv3s9dU,"Kenapa azdaha hanya bisa diambil seminggu sekali,padahal itu sangat penting untuk mengupgrade karakter kazuha, tolong di perbaiki",1,1,5.3.0_29183395_29332470,2025-01-04 19:23:56,"Kami mohon maaf atas permasalahan ini, Traveler. Silakan hubungi kami melalui email atau feedback in-game untuk mendapatkan bantuan lebih lanjut tentang masalah ini.",2025-02-19 16:30:23,5.3.0_29183395_29332470
8be2015c-e5fe-43b4-b5b4-495cd6847713,Arifin,https://play-lh.googleusercontent.com/a-/ALV-UjXQ2_f_X48fWMiZ4j36ffeQcVBBUHRW59B6HHvWnazSG0tEr_V8,Kekurangan game ini di android adalah tidak adanya fitur untuk bermain menggunakan gamepad sedangkan kalau mau main gamepad memakai pihak ke 3 untuk memakai gamepad yaitu rawan banned tolong update kedepan tambahkan fitur adanya gamepad di android tanpa menggunakan pihak ke 3,2,0,5.3.0_29183395_29332470,2025-01-04 19:22:34,,,5.3.0_29183395_29332470
ad891bb2-e181-421a-a5f0-338c364fa3f1,Blue Orange,https://play-lh.googleusercontent.com/a-/ALV-UjXIRJFm8b9DHe5VYSxGQE28ViloQffsDk1nYf7iDbdafDWFm7pH,"Orang buat game itu pasti nyari untung,kalau semuanya dibuat gampang yang ada gamenya cepet tutup",5,0,4.5.0_21307647_21321795,2025-01-04 18:07:29,,,4.5.0_21307647_21321795
ebe913fe-bb5d-4036-ae0e-d2d26b8420db,d e c a d e,https://play-lh.googleusercontent.com/a-/ALV-UjWMbOefBr3L4CEgqye1-IngxjxQ6NzF0AMd6FJ9d4XMLK0-dy-y,Semoga dapat hero bintang 5,5,0,5.3.0_29183395_29332470,2025-01-04 17:16:55,,,5.3.0_29183395_29332470
76e194e4-5a09-4df3-b56e-78686ebf2095,knnstaa,https://play-lh.googleusercontent.com/a-/ALV-UjUiWcOGkiyIG3dxmvKH2PXfMbXuJxpB6tw6QN_lvd7bIjbdniA,game najis,1,0,5.3.0_29183395_29332470,2025-01-04 17:08:25,"Kami mohon maaf atas ketidaknyamanan yang Anda alami, Traveler. Kalau Anda memiliki masukan atau saran, silakan hubungi kami melalui email atau feedback in-game.",2025-02-19 16:30:30,5.3.0_29183395_29332470
8fdf759e-41cb-43bc-90ff-f6c0245aace8,Nadhif Frananda,https://play-lh.googleusercontent.com/a/ACg8ocKLOnVWOIlYhJHxVZRk1dNpGn183cjgYILLupF7bOerAT8rcA=mo,Bagus grafik nya asik,5,0,5.3.0_29183395_29332470,2025-01-04 16:55:41,,,5.3.0_29183395_29332470
e615e214-522d-4a8c-ba3b-0c822f1b1e96,Adam B,https://play-lh.googleusercontent.com/a-/ALV-UjWtdimBwVnPb-IwD70ge50IL9iVMlNT4sVWubmmKbBA7NQcojZQ,Good,5,0,5.3.0_29183395_29332470,2025-01-04 16:44:43,,,5.3.0_29183395_29332470
5dbc768f-ad25-4219-8a8f-78374456d44a,Fachri Sima,https://play-lh.googleusercontent.com/a-/ALV-UjXC0fykoHWCx7B6w9TkMRLAxLgiK3g4YRgAelen7Xr_obRjTeN6,Wor it grafik segini 32 gb,5,0,5.3.0_29183395_29332470,2025-01-04 16:42:58,,,5.3.0_29183395_29332470
f95e869a-d87a-4e66-ac06-d370c2d777ee,Nasrul Naconk,https://play-lh.googleusercontent.com/a/ACg8ocI_B1SP6TNddDDF1SdCNYVXQ1Cy3n223El7TOHraHu0ZraLtg=mo,Mantap,5,0,5.3.0_29183395_29332470,2025-01-04 16:26:59,,,5.3.0_29183395_29332470
8c14492f-8d12-4564-813d-799a6b5c9200,Manusia Manusia,https://play-lh.googleusercontent.com/a/ACg8ocLxr50cGLJdMiQbRsxZx17Ff13_eJ-jNwx0jlMPObh1faFHWtI=mo,"Hoyo... Tolong banyakin chara laki laki sangar kayak Capitano, jangan nambahin chara cewe mulu... Bosen amat, lama lama jadi game barbie rek😹",1,4,5.2.0_28336591_28351161,2025-01-04 16:04:53,"Terima kasih atas dukungan Traveler terhadap Genshin Impact. Kami menerima secara terbuka semua masukan/umpan balik dari kalian. Jika Traveler memiliki saran atau masukan, jangan ragu untuk menghubungi kami melalui feedback in-game atau email.",2025-02-19 16:30:45,5.2.0_28336591_28351161
c265f2be-4425-43d0-b693-506ed43f73a8,Siti Aulia,https://play-lh.googleusercontent.com/a/ACg8ocIXKKRYzy41wVncz1yHpmtIvg2p6ovZwX3s8THItWJ9rt4nsQ=mo,Sangat bagus saya menyukai game ini,5,0,5.3.0_29183395_29332470,2025-01-04 15:23:49,,,5.3.0_29183395_29332470
9b993ee2-3eea-4f5f-8558-6b8732a71e5b,Ayudia Inara,https://play-lh.googleusercontent.com/a/ACg8ocK0umd9K3aB5YyS4krdZ0l6_hwNj8lnYYHP27kDRhU6sDra4A=mo,Lama sekali menunggu nya tolol lu👎👎👎,1,0,,2025-01-04 14:52:46,"Kami mohon maaf atas ketidaknyamanan yang Anda alami, Traveler. Kalau Anda memiliki masukan atau saran, silakan hubungi kami melalui email atau feedback in-game.",2025-02-19 16:31:01,
c3bf2ead-b092-4687-a204-604b4d4cb486,AGEM Official,https://play-lh.googleusercontent.com/a-/ALV-UjXq4HMGm1GyLm-ft4lXw0glhOmU9-QjNlwzIQ5JsxkIPmVjd5N5,"Ada pembaruan tapi masih bug di suara dialog/story. Suara dialog semua karakter termasuk paimon juga tidak ada, mohon untuk diperbaiki bug nya. Perangkat yang digunakan Poco F6",3,0,5.2.0_28336591_28351161,2025-01-04 14:08:12,,,5.2.0_28336591_28351161
c64cdca8-203c-43be-b4e9-a9db0555a506,Akira Glory,https://play-lh.googleusercontent.com/a-/ALV-UjU8h3cNIhEkA4R0O1EWzEdQCfGb6fwJg7AQsIEdLqOdv-wxxcM,Makin ilang aja tall men🫵 tolong perbanyak pria2 tampan nya juga dong! Cewe mulu! Bosen gw liatnya.,1,0,5.3.0_29183395_29332470,2025-01-04 13:58:51,"Terima kasih atas dukungan Traveler terhadap Genshin Impact. Kami menerima secara terbuka semua masukan/umpan balik dari kalian. Jika Traveler memiliki saran atau masukan, jangan ragu untuk menghubungi kami melalui feedback in-game atau email.",2025-02-19 16:31:17,5.3.0_29183395_29332470
a0df3563-a5e2-4759-acc6-360b0f4d81b7,Yahyaayyasy Yahyaayyasy,https://play-lh.googleusercontent.com/a/ACg8ocLP9POMyiyByP8O85wIVMMWk56FJz2JcuC_f1kneIpGjbwjMJc=mo,Mantap sekarang udah banyak eventnya,5,0,5.3.0_29183395_29332470,2025-01-04 13:40:52,,,5.3.0_29183395_29332470
698bac69-b4be-4bcc-9a59-be59e2a28d58,Akhmadfauzi Fauzi,https://play-lh.googleusercontent.com/a/ACg8ocJMzwn3qQbVSigm7htFvp46bCIbUz72r7IesbgoRY2uZxyZmw=mo,bagus,5,0,5.3.0_29183395_29332470,2025-01-04 13:30:49,,,5.3.0_29183395_29332470
1deb1835-96aa-4da8-a1bb-6ef9fa9de64b,alvariji,https://play-lh.googleusercontent.com/a-/ALV-UjWKBuVGnsvBAbCdq0UCv2kGsvNAAmKyX61rX1ryBXYsotGcSlts,Keren apalagi aku waifuin Furina ama Hutao,5,0,,2025-01-04 12:49:48,,,
db3857d0-f867-428a-a75c-7cf219f13d75,Kennard Ahnaf,https://play-lh.googleusercontent.com/a-/ALV-UjXhzlsuLoQOGSKFW5EP3SVJC_tNf4L2scVj2QKKzTuYFUc-vnZ7,Game bagus dengan cerita dan konsep game yang manrik,5,0,5.2.0_28336591_28351161,2025-01-04 12:46:09,,,5.2.0_28336591_28351161
afff89ef-f58f-4380-8297-c19ca0f25e1f,Sigit,https://play-lh.googleusercontent.com/a/ACg8ocIQzSN0-1SImn0Cdal7T4EHwMt0tHTmpjYBnFMOgyStp9hp6x8=mo,Mantap,2,0,5.3.0_29183395_29332470,2025-01-04 12:30:53,,,5.3.0_29183395_29332470
ad7464a2-909d-4d06-b54d-042f94f23ed4,loxx Pea,https://play-lh.googleusercontent.com/a/ACg8ocIh5DWra5VJyaYY1WoclVw0q2CJxIWtt2F54SwG0FZfsU6QUg=mo,excited banget maen ini game,5,0,5.3.0_29183395_29332470,2025-01-04 12:10:39,,,5.3.0_29183395_29332470
a05fdcc4-a3dd-4b37-9ff3-9e6bed0736f5,Hiki Desu Channel,https://play-lh.googleusercontent.com/a-/ALV-UjXvE4EUcuF54bkgIc8y-rDFvP5LV93F3FkvKIAew-dMwrxBZOlU,"Awalan update 5.0 kemarin ada ikon tangan ketika mau farming material ascension, sekarang cuma lingkaran biru saja, anehnya ikon tangan kadang masih muncul secara random ketika menjelajah, tapi ketika farming tidak muncul sama sekali, tolong kembalikan fitur itu! Sangat membantu ketika farming meterial... Mungkin burst skill citlali bisa di ganti, seperti cashca yang keren burst nya juga keren, kalau citlali imut bisa di buat lebih imut lagi, trus jangan meneriakkan nama, ganti kata"" yang imut",4,5,5.3.0_29183395_29332470,2025-01-04 12:01:03,,,5.3.0_29183395_29332470
afcfcdef-1a7f-46c3-b9d5-9968f778d5c1,Ilham Kholid Al Maksum,https://play-lh.googleusercontent.com/a-/ALV-UjXD2cR8OeDZ6DqPa3nyXWZJzcYnvxMsB3hISbzRGuIRcWdpnZ4W,Rate yang sangat ampas untuk sebuah game gacha,1,0,5.3.0_29183395_29332470,2025-01-04 11:58:07,"Halo, Traveler! Traveler dapat melihat aturan sistem Wish di bagian [Rincian] pada halaman Wish. Jika kamu memiliki pertanyaan tentang perincian dari aturan tersebut, silakan hubungi tim Layanan Customer Support kami melalui feedback in-game atau melalui email.",2025-02-19 16:31:31,5.3.0_29183395_29332470
9b507908-36f4-472f-a454-8546eaf56bd8,farhann harvii,https://play-lh.googleusercontent.com/a/ACg8ocIM-o1VjGiY4GPI0ercm1X8jbWcwS0xFopv5613Nte6XO4gjw=mo,game ini seru banget hanya kalo ingin mendapatkan karakter harus gacha apalagi gachanya malesin banget apalagi harus pake 160 primogem buat 1x gacha jadi saran aku kalo karakternya dijual aja hehe... terus kadang suka lag lag sendiri sama kalo log out bentar aja nanti harus loading agak lama. sekian,4,2,5.3.0_29183395_29332470,2025-01-04 11:54:37,,,5.3.0_29183395_29332470
526695a2-e4ab-4997-9757-e1c2fdca6778,Kevin Aiden,https://play-lh.googleusercontent.com/a/ACg8ocJnMD0H7Q-fOrRtpQTkPHMfj3GOPyHL46k8wqTYMxUYDsQdAg=mo,Akun ku hilang setelah update tolong perbaiki lagi,1,0,5.3.0_29183395_29332470,2025-01-04 11:49:43,"Kami mohon maaf atas permasalahan ini, Traveler. Silakan hubungi kami melalui email atau feedback in-game untuk mendapatkan bantuan lebih lanjut tentang masalah ini.",2025-02-18 18:09:04,5.3.0_29183395_29332470
0557facb-24dd-48ff-83dc-ba6db779dbbf,Ayakashii,https://play-lh.googleusercontent.com/a-/ALV-UjUgTbO7riXiPKMBO6zWsKFXseCky8wGMoJ88hoIOIy02T0j0QE,At the point that Don't even care anymore about artifac rolls. Natlan best update so far in every aspect.,5,0,5.3.0_29183395_29332470,2025-01-04 11:20:17,,,5.3.0_29183395_29332470
9c75f150-c806-4fd5-9dae-a48685fc8edb,rassy Nadifa,https://play-lh.googleusercontent.com/a/ACg8ocKKNTzdYNerL7pOxyKiVgcW3XyC6bydBp1uWXGTVLYIo53THA=mo,Gk ada yg bocil,5,0,,2025-01-04 11:16:29,,,
5c6dd8bf-b648-421a-901e-f78b1a8bc114,Arsakha Sakti,https://play-lh.googleusercontent.com/a/ACg8ocI0kEXRJDjrt1Q9G2FQRpqSl-ACsA-BkyRUpN5XgNsieYQOYg=mo,seru,5,0,5.3.0_29183395_29332470,2025-01-04 10:59:04,,,5.3.0_29183395_29332470
a2958de5-22f8-4e1e-8a01-0097c19c87f8,Skyy iceee,https://play-lh.googleusercontent.com/a-/ALV-UjWAcmPRXGKNch-9WVrOGxEiE4gNVdc9DiAuIbg4nqHvbEqCm_o,naikin rating kalo capitano balik,1,0,,2025-01-04 09:58:24,"Terima kasih atas dukungan Traveler terhadap Genshin Impact. Kami menerima secara terbuka semua masukan/umpan balik dari kalian. Jika Traveler memiliki saran atau masukan, jangan ragu untuk menghubungi kami melalui feedback in-game atau email.",2025-02-18 18:08:48,
96e14da7-7381-4db7-9ef0-f4f8e31ae4ef,Michael Jeremy,https://play-lh.googleusercontent.com/a/ACg8ocI0Mt5mQ7QgyrrKNlM_0cZ0uFwQHUrIfxj5EYsHWUHQP9U_ng=mo,"Game baik hehe, kedepannya semoga lebih baik lagi oke?",5,0,,2025-01-04 09:56:00,,,
62fa3983-ac4e-4d71-879c-b3438609f8f5,Sayang Rp,https://play-lh.googleusercontent.com/a-/ALV-UjWwW1kYM25jTX_9ipu89iy1m6yORjNea4JPR0Yjfa1Jb2iYqD8B,Update nya terlalu banyak masa sampai 8 GB kan gila,2,0,,2025-01-04 09:51:07,,,
ffce50e1-1b1f-42e8-985e-ce2bb738ef7e,Rut Selviyana Manalu,https://play-lh.googleusercontent.com/a-/ALV-UjXK1orZUfJbI8ii5k0O80AS7_AQXSGTwm92WpnLxU4XGBXAXAwk,"Sebenarnya mau kasih bintang 5,cuma ya,ukuran appny terlalu gede tapi gapapaa^-^ Dari karakter,setiap quest,event aku suka bgtt Dari grafik juga aku sukaa bgt pokoknya ini game bagus dehh kata aku Ini game wajib bgt di download sih!! Dari keluhan sih ya suka lag sendiri,ga bisa gerak sama kadang gerak sendiri hehe..",4,1,5.2.0_28336591_28351161,2025-01-04 09:46:03,,,5.2.0_28336591_28351161
d6fce155-0a9a-407d-986e-54326f719b51,Abik Asur,https://play-lh.googleusercontent.com/a/ACg8ocJgGU7PJOedeJ8gOM19qdSSk9dwZiSCH_Nyy2XeC6xSr1QSLw=mo,GG gaming,5,0,5.3.0_29183395_29332470,2025-01-04 09:22:40,,,5.3.0_29183395_29332470
54ac0124-2d75-4b94-8e10-1d190ff93f6e,Fanya Chan,https://play-lh.googleusercontent.com/a-/ALV-UjVm7McraEWFgz7MaWJxHS_PzqwfVqKX6_cQrOGbRKt5jYSS_cJO,semoga sistem gacha ny lebih baik ya..trs banyak banyakin char cwok juga:(,5,0,,2025-01-04 09:18:55,,,
33d026d9-7745-4c06-ae01-d381c64141b7,Laura,https://play-lh.googleusercontent.com/a-/ALV-UjVCnN8Dr9XI1kPqhYNOy4l4W3awCC6OG6uu2ZUJf7YqCt8fFJ2V,"game kikir, alhasil gampang bosen",3,0,4.5.0_21307647_21321795,2025-01-04 08:47:09,,,4.5.0_21307647_21321795
28cb4bd9-2fc2-4111-8221-d6e5abb65833,Yudha Setiawan,https://play-lh.googleusercontent.com/a-/ALV-UjVt-m_b-fjoTn7zZrz3Gd7yFLrLsDQPkjER9j9AR0KyGV7t-lE,Nice,5,0,5.3.0_29183395_29332470,2025-01-04 08:02:46,,,5.3.0_29183395_29332470
2637705c-9a65-49ef-9193-9cf6e02dff5a,Dimas Wing Bagas Bimantara,https://play-lh.googleusercontent.com/a-/ALV-UjW8Wib9eMOpABzJmvQv-st0x8R73jt6i8MC0gFWhDpzqsHSMVlX,Too many requests when logged in,1,0,,2025-01-04 07:56:52,"We sincerely apologize for this issue, Traveler. Please send us an email or contact Customer Service via in-game feedback for specific help with this issue.",2025-02-18 18:08:27,
6b7f5b36-7a60-4b4b-9eea-554b4ba9992d,M. Rizqy Jr Chantika Clara,https://play-lh.googleusercontent.com/a-/ALV-UjUvmzGi0DqaEj4RJKnMVHKYHbahhE8glEtyAFy1rLnfaBRdSBpV,Tolong dong grafik nya bisa Ampe UHD/4K kek genshin cloud Ama pc biar enak ngeliatnya Ama main nya,1,0,5.3.0_29183395_29332470,2025-01-04 07:44:32,"Terima kasih atas dukungan Traveler terhadap Genshin Impact. Kami menerima secara terbuka semua masukan/umpan balik dari kalian. Jika Traveler memiliki saran atau masukan, jangan ragu untuk menghubungi kami melalui feedback in-game atau email.",2025-02-18 18:08:20,5.3.0_29183395_29332470
61e90232-f169-4fae-9fa6-a441ad0db596,Tedja Mada,https://play-lh.googleusercontent.com/a/ACg8ocIelyTYHw1XiROYyWch9k0FfseFffMy_Pfs-FdzGL8OtPG_7w=mo,"Game bagus sih cumaaa,Tod aku f2p su,kalo mau dapet bintang emas mesti di atas pity 70,coooo jadi game baik dikit su,aku kalo nyepin pasti di atasy pity 70 kalo mau dapet bintang emas,ga pernah menang rate off pula,kaalaaahhh terus,jadi game baik dikit lah todddddddddddddddddd",1,1,5.3.0_29183395_29332470,2025-01-04 07:33:07,"Halo, Traveler! Traveler dapat melihat aturan sistem Wish di bagian [Rincian] pada halaman Wish. Jika kamu memiliki pertanyaan tentang perincian dari aturan tersebut, silakan hubungi tim Layanan Customer Support kami melalui feedback in-game atau melalui email.",2025-02-18 18:07:37,5.3.0_29183395_29332470
7eb1013f-279c-4ca7-aa62-f4404d85cd6e,Yudi Antoko,https://play-lh.googleusercontent.com/a/ACg8ocI0tcMip8rZ8hk_U-ElNFZ9obKxbcgJNkL5Mhgs7ssuIA4tBkw=mo,"Seru banget ni game, kita bisa berpetualang teyvat sendirian, mengeksplor teyvat sendirian tanpa ada orang lain yang mengganggu, aku langsung promosiin nih game ke temen temen ku wkwk",5,0,5.3.0_29183395_29332470,2025-01-04 06:50:11,,,5.3.0_29183395_29332470
3d026b30-7760-4330-9724-665a92a9e42f,Kara pai,https://play-lh.googleusercontent.com/a-/ALV-UjVNNjU8JMbGC677GgrEsE1yQVlbZjozlwk9y1iQwVnG3BskOJM,"Bikin pyro traveler yang bener dong, CD skill nya lama banget ,terus hit nya sebentar banget",1,0,5.3.0_29183395_29332470,2025-01-04 06:05:54,"Kami mohon maaf atas permasalahan ini, Traveler. Silakan hubungi kami melalui email atau feedback in-game untuk mendapatkan bantuan lebih lanjut tentang masalah ini.",2025-02-18 18:06:24,5.3.0_29183395_29332470
1f317a86-afbd-4df8-ba3b-1f6703619ea7,ananda yogia,https://play-lh.googleusercontent.com/a-/ALV-UjVEJAz7HH5r9yl_cCmWYtFQlF9OQJXXyjwR_OCah67Z8fQSIjnn,"nah kan rating genshin mulai turun dari 4,2 sekarang jadi 3,9. ayolah tolong developer dengerin player2nya, karena ini game makin gede banget buat penyimpananannya. dari segi event quest gacha dllnya semua ok ok aja asal untuk penyimpanan genshin diperkecil lagi, hp saya buat genshin doang aja bisa 24gb sendiri",5,0,1.4.1_2154667_2147343,2025-01-04 03:05:20,,,1.4.1_2154667_2147343
029515bd-5c55-47f5-aa0a-890885f13369,ᄂIΣƧΣЯᄂ Λ ΣIПƧƬΣIП,https://play-lh.googleusercontent.com/a-/ALV-UjWhi17vLiIGcs2qzSuVFg-N9JO16koBm82dr6YB8dRN2Uy2GBk,"Susah, pelit, ga enak",1,0,5.3.0_29183395_29332470,2025-01-04 01:57:23,"Kami mohon maaf atas permasalahan ini, Traveler. Silakan hubungi kami melalui email atau feedback in-game untuk mendapatkan bantuan lebih lanjut tentang masalah ini.",2025-02-18 18:06:12,5.3.0_29183395_29332470
377fb40e-5385-462a-b8ca-90d0be7a7e05,Danang Setiawan,https://play-lh.googleusercontent.com/a/ACg8ocJWziOiazD8afTvg5METe2Jr0DJnTr--0EPzJCaucA5jd0z=mo,Ok game,2,0,5.3.0_29183395_29332470,2025-01-04 01:48:35,,,5.3.0_29183395_29332470
79fc4283-dbf1-4795-b2d2-c231dd287172,M Syafrie Azhar,https://play-lh.googleusercontent.com/a-/ALV-UjV3DrHnxe0PgBMvrWOO5V0_xOqK1ysGpCgYdzDVpGdvl0vBeMus,"fitur skip di buat lah,cerita yang tidak terlalu penting seperti kisah karakter ataupun npc ,karakter utama mc aeter dan lumine aja yang harusnya ga bisa skip yang lain harusnya bisa ,ini game action pak ,gua mo bertarung, kuat lebih cepat,bukan mau liiat drama animasi",1,41,5.3.0_29183395_29332470,2025-01-04 01:43:51,"Terima kasih atas dukungan Traveler terhadap Genshin Impact. Kami menerima secara terbuka semua masukan/umpan balik dari kalian. Jika Traveler memiliki saran atau masukan, jangan ragu untuk menghubungi kami melalui feedback in-game atau email.",2025-02-18 18:05:39,5.3.0_29183395_29332470
a97e18b2-a277-4277-a0b9-ac49fdabfc89,Rafid Teja M,https://play-lh.googleusercontent.com/a-/ALV-UjXNDQ8lXmKz2ksoxYOl0LukvIvBIrrD0K4DH1EiABTIb71JQOt7,"Ini game open world rpg apa visual novel? Terlalu banyak dialog di quest daripada actionnya , quest 1 jam isinya dialog semua jalan 5 langkah dilanjutkan dialog 1 jam lagi. Wow",1,3,5.3.0_29183395_29332470,2025-01-04 00:49:49,"Kami mohon maaf atas permasalahan ini, Traveler. Silakan hubungi kami melalui email atau feedback in-game untuk mendapatkan bantuan lebih lanjut tentang masalah ini.",2025-02-18 18:05:03,5.3.0_29183395_29332470
2a303e97-95b2-4517-92b7-93709a09c774,Dex,https://play-lh.googleusercontent.com/a-/ALV-UjWOblolO8BWQbEqzQtMa1ivjgTnYGeaJXMt4KcDwhptgWzBVP4,"well i play and i love genshin, but it's getting too greedy lately. for those who about to download, read this. this is a pay to win game i supposed to say. whether you're paying or f2p gives much much and too much difference..",1,0,,2025-01-04 00:43:36,"We sincerely apologize for your unsatisfactory experience, Traveler. If you have any feedback or suggestions, please send us an email or contact Customer Service via in-game feedback to help us improve the game.",2025-02-18 18:04:26,
58c02fc0-a340-42c7-a00e-cf3db531fd90,Number Cid,https://play-lh.googleusercontent.com/a-/ALV-UjXhRPwj_wKYUU_l6OyBbicZ0inLJqfWCi_HzD6dAjAROMSsGtjE,Lu punya dendam apa sih ke akun gw gw udh banyak abisin Primo tu buat gacha malah dpt ampas semua Pdhl masih akun new tolonglah kasi yg bagusan dikit Jan ampas Mulu 😮‍💨,4,0,5.3.0_29183395_29332470,2025-01-04 00:41:17,,,5.3.0_29183395_29332470
655d0c12-b969-4b78-a067-29de5a954fe7,Moch Dimas,https://play-lh.googleusercontent.com/a-/ALV-UjUWD-rC3Tr_-JP2yJOzAxq_29HycFYSVyxwVeSY4RvwP8rPIgw,Bagian cerita gak bisa di skip langsung sampe bosen,3,0,5.2.0_28336591_28351161,2025-01-04 00:39:23,,,5.2.0_28336591_28351161
fb3f8209-d077-4793-8e3b-7f58c6288668,Viky MuhamadT,https://play-lh.googleusercontent.com/a/ACg8ocIO9tOKG25kW2RX_W0K9Ny6iO9x-DgPxiR_fKTA1u55qQDLWA=mo,Mas hoyo ini saya minta tolong buatkan tombol skip cerita. Cerita di genshin sekarang sudah makin membosankan dan panjang saya tidak punya waktu untuk cerita yang tidak penting aku tidak mau mendengarkan cerita mu yang membosankan itu,1,1,,2025-01-04 00:35:10,"Terima kasih atas dukungan Traveler terhadap Genshin Impact. Kami menerima secara terbuka semua masukan/umpan balik dari kalian. Jika Traveler memiliki saran atau masukan, jangan ragu untuk menghubungi kami melalui feedback in-game atau email.",2025-02-18 18:03:39,
be359ba6-0451-413a-bf4f-75f9c47f6d22,Fariz,https://play-lh.googleusercontent.com/a-/ALV-UjXmXUELyTOk-Hi_KL7O56KuT-hKcfXNEDBULK-ZKaVXGNvUc_GM,nama guijong jelek min,2,0,5.3.0_29183395_29332470,2025-01-03 23:53:00,,,5.3.0_29183395_29332470
25dee2c3-01aa-4be4-ba32-fe5e3adecf7e,Zulfikar Hibatullah,https://play-lh.googleusercontent.com/a-/ALV-UjVWXnu4OinXQ7jYz7nj7ggdMEHPzbB6rUQhR2WegXXH5_HEjQup,KIKIR,1,0,5.2.0_28336591_28351161,2025-01-03 23:49:27,"Kami mohon maaf atas ketidaknyamanan yang Anda alami, Traveler. Kalau Anda memiliki masukan atau saran, silakan hubungi kami melalui email atau feedback in-game.",2025-02-18 18:03:05,5.2.0_28336591_28351161
b891d0fb-a4b8-4950-b579-ee1c68d77404,Dinda Hafiza,https://play-lh.googleusercontent.com/a-/ALV-UjVUZhjLDzpMX41BdtmR7N3-Orqyte_R3qPti7gn9MyrDK5ZjNI,Gamenya gabus banget. Seru pokoknya suka deh kalo gabut bisa main ini,5,0,,2025-01-03 23:39:20,,,
75517a01-6a14-44ea-a960-37e7f2dbb673,naminami oficial,https://play-lh.googleusercontent.com/a-/ALV-UjWT75zT50KxkF7CdDNsYUdbqWHFmcrAJWqXRabTZF7-N4zEUGyn,"inii gamee lumayan sii , tapi menurut akuu game nya agaa memakan GB ya T _ T yaa namanyaa jugaa gamee yaa , butuh banyak mb / gb apalagii game ini -_- udh mah grafik nya baguss , karakternya baguss jugaa lagii ^ _ ^ tapii menurut akuu agaa lamaa masuk ke game nyaa :cc ( hiks hiks ) apalagii pas pertama kali download, aduhh aku sampe berdoaa biar berhasill wkwkww , well SEJUJUR JUJUR NYA INI GAME SERU + KERENN pls :D , download dehh guyss , dijaminn gaa nyesel wkkwkw~ !",4,0,5.3.0_29183395_29332470,2025-01-03 23:09:34,,,5.3.0_29183395_29332470
8de6b197-aeed-4efb-b7df-71af982c930d,Wayan Ondeng,https://play-lh.googleusercontent.com/a/ACg8ocLlXPa0x6pj5zJuggAWs4u6qNF7XxsgPjqZpCMj46BSJ8DZbA=mo,Menyenangkan,5,0,5.3.0_29183395_29332470,2025-01-03 23:01:46,,,5.3.0_29183395_29332470
bc8ff3a3-bd5d-4944-b7a1-8f2e168fb64d,Yulish,https://play-lh.googleusercontent.com/a-/ALV-UjXMxrH8xhZvDo76hkHARTtKZj1COTwZTMO5kUgUd5KPJRCrsJCd,GAME KONTOL TAI KEK KONTOL,1,3,5.3.0_29183395_29332470,2025-01-03 22:48:43,"Kami mohon maaf atas ketidaknyamanan yang Anda alami, Traveler. Kalau Anda memiliki masukan atau saran, silakan hubungi kami melalui email atau feedback in-game.",2025-02-12 18:58:26,5.3.0_29183395_29332470
a8e2fbcc-218c-4e2b-bf14-94271fd7012e,Asep Kurniawan,https://play-lh.googleusercontent.com/a-/ALV-UjXj5hCflDQDv9LOAj78A5qIJaSo6xoA8d0pObHFnP6Qh5yRSAE,Di banner citali Dapat dapat diluc d Piti 80 . Primo dah habis males lah. Pindah wutering wave aja. Pilit sakit kalah 50 50,1,0,3.0.0_9612129_9624836,2025-01-03 22:19:41,"Halo, Traveler! Traveler dapat melihat aturan sistem Wish di bagian [Rincian] pada halaman Wish. Jika kamu memiliki pertanyaan tentang perincian dari aturan tersebut, silakan hubungi tim Layanan Customer Support kami melalui feedback in-game atau melalui email.",2025-02-18 18:02:35,3.0.0_9612129_9624836
e2c2c51b-0a4a-4bb4-86fb-7bc2ed316c9f,Stefanie Abigail,https://play-lh.googleusercontent.com/a/ACg8ocL_QsvIoCimQ8D1JZnWEUzC9X3wDhMaAnkqrrUID4B8RQVAfg=mo,KAPAAN WRIO RERUUNN???,5,0,5.3.0_29183395_29332470,2025-01-03 22:17:13,,,5.3.0_29183395_29332470
7f6d6f7e-c964-4f1f-8ba3-d4606288b608,Bagas,https://play-lh.googleusercontent.com/a/ACg8ocK8UWV5C3IrGkpXSEMDb19yzBSst5lQywJgobIqPTjYnFgRww=mo,Perbaiki bug suara npc nya ilang kemarin engak ilang sekarang kok malah ilang cuman tulisan doang jadi bosen,5,0,,2025-01-03 22:16:05,,,
4e8cad0b-1996-450b-87b7-9215196c1d3c,saparuddin sampara,https://play-lh.googleusercontent.com/a/ACg8ocJ3FYlbTey5CTEmuZVpH4xm5kzBDu-r_Hq9gQN4YD37HNaQny0=mo,Lumayan,5,0,5.3.0_29183395_29332470,2025-01-03 22:04:54,,,5.3.0_29183395_29332470
d5e58116-e3a0-4c81-b3c6-5988a8dca86a,Jabal Nur Rahman,https://play-lh.googleusercontent.com/a-/ALV-UjV6ikt81Nwmr139RHh7SIAMatfwm3T206rKCi20N_hCm_I27Z-J,"dari tahun lalu tidak pernah menang rate off dan selalu kalah di pity 70an ke atass bahkan ada yang hampir 90, saya yang bukan whaler merasa waktu terlalu banyak terbuang untuk mengumpulkan primogem sedikit demi sedikit, sudah 3 tahun saya main genshin dan hanya hitungan jari menang rate off. mungkin baru 2 kali. ayolah hoyovers jangan terlalu memikirkan keuntungan semata tapi bagaimana agar player anda juga betah bermain dan stay dengan game anda.",1,3,5.3.0_29183395_29332470,2025-01-03 22:01:35,"Halo, Traveler! Traveler dapat melihat aturan sistem Wish di bagian [Rincian] pada halaman Wish. Jika kamu memiliki pertanyaan tentang perincian dari aturan tersebut, silakan hubungi tim Layanan Customer Support kami melalui feedback in-game atau melalui email.",2025-02-18 18:01:59,5.3.0_29183395_29332470
d8097ef9-e411-496c-96f1-ccec1f598f50,Rasya Jaya,https://play-lh.googleusercontent.com/a-/ALV-UjWMo3GsF4146iysQf0dMlv3ZVOw2PhhXI9wD6uBTGzRNzqYJfA,Game lucu,5,0,5.3.0_29183395_29332470,2025-01-03 21:59:29,,,5.3.0_29183395_29332470
8429359a-9ed9-453f-9022-98aa2c70aaa6,Sarif Hidayatulloh,https://play-lh.googleusercontent.com/a-/ALV-UjUevHNoV_7lHpLifQ_WCi5sZH2sT04uYFXAj7hftVq5bsFI2dZT,"anjir lah dah 3 taun seret bat primo nya, also really 3 If buat lantern rite? Mending gausah sekalian quest 3 ampe 4 jam juga dapet 3 if",4,0,5.3.0_29183395_29332470,2025-01-03 21:41:23,,,5.3.0_29183395_29332470
d65b8f5e-b497-4721-922a-9abe82c8318f,Joe Kamli,https://play-lh.googleusercontent.com/a/ACg8ocLSZB8PGLFZgRk7L1qwUU_tRQssUFamo5hbzvkV2CUbnCvWYHA=mo,Tolong dong aku mau login GK bisa bisa alasannya terlalu banyak permintaan gimana nih ak mau main,1,0,5.3.0_29183395_29332470,2025-01-03 21:03:37,"Kami mohon maaf atas permasalahan ini, Traveler. Silakan hubungi kami melalui email atau feedback in-game untuk mendapatkan bantuan lebih lanjut tentang masalah ini.",2025-02-18 18:01:40,5.3.0_29183395_29332470
d8ee16b0-20c0-4b73-84e8-37f5bccf9fce,Fabiansyah,https://play-lh.googleusercontent.com/a-/ALV-UjX23jwXFcYwTQDO_nWjN6OwGVuKw7cdeZ3IqEBPjOi9kHn98RYY,Sudah tidak kikir lagi 😁👍,1,1,5.3.0_29183395_29332470,2025-01-03 21:00:43,,,5.3.0_29183395_29332470
d6f3e30b-76aa-4b51-b3bc-520cfbef44c1,Bunga Novriyanti,https://play-lh.googleusercontent.com/a/ACg8ocIuCx2e1NU6TwtRo9l4-JdVhudXY4DXPJUsfVVTod38MmbGqQ=mo,"Mihoyo, pls make capitano playable. I'm crying overnight cuz he's gone, please I beg you. The games perfect, everything perfect but please make capitano playable. Please please, I beg you. Thankyou",5,0,5.3.0_29183395_29332470,2025-01-03 20:59:48,,,5.3.0_29183395_29332470
17d2a1f0-4472-4999-8d6a-83fcc95316e7,Putra Sugiri,https://play-lh.googleusercontent.com/a/ACg8ocIcJAdVzGmtIasvf_wN-Wl2OpLi8g1GG7RFlAIIxUkwHDpFAw=mo,"Dialog lama,hadiah tidak seberapa",2,2,4.7.0_23093867_23435602,2025-01-03 20:13:13,,,4.7.0_23093867_23435602
87b13b4f-7ff9-4e6a-bcd0-00bd2bc9be0f,Fiy An,https://play-lh.googleusercontent.com/a-/ALV-UjVcPvgoExmu-ZKWA42bm7SCtPwKllGUTlC-lASuXoFkov91oS4,"Main gensin cuma brtahan 4 bulan aja... Story trlalu ribet ngk bisa di skip... Kita player juga sibuk soal urusan lain.. Malah ngk bisa di skip jdi ngulang"" Terus.. Jdi bosen.... Bye gensin smoga ngertiin para player...",1,20,5.3.0_29183395_29332470,2025-01-03 19:35:22,"Kami mohon maaf atas permasalahan ini, Traveler. Silakan hubungi kami melalui email atau feedback in-game untuk mendapatkan bantuan lebih lanjut tentang masalah ini.",2025-02-18 17:56:41,5.3.0_29183395_29332470
97bc64c9-3ea3-4b75-a104-6086636f1986,Widatus Salma,https://play-lh.googleusercontent.com/a-/ALV-UjUPqid06Ut1YBTrPSi6crUVyqCJiKYdF3RwrYHR2n31lI-K2Urr,"Terlalu banyak yg perlu di download, pertama 19 gb klo gasalah trus setelah dimainkan beberapa hari aja udh disuruh update versi, setelah update download lagi sekitar 12 gb, setelah itu setiap masuk game pasti ada aja download an nya, dan ukuran nya selalu diatas 300 mb",2,0,5.3.0_29183395_29332470,2025-01-03 19:21:35,,,5.3.0_29183395_29332470
d4a8de3a-bc81-4134-862e-0d5cef61a4de,WIK WIK WIKA WIKA,https://play-lh.googleusercontent.com/a-/ALV-UjXB3JNCfloj4gG0N3w7_5aHBXykxiG6NhZErKJfZNH4LLav6UVJ,"Game gajelas login aja gabisa,cuihh",1,0,5.3.0_29183395_29332470,2025-01-03 18:22:48,"Kami mohon maaf atas permasalahan ini, Traveler. Silakan hubungi kami melalui email atau feedback in-game untuk mendapatkan bantuan lebih lanjut tentang masalah ini.",2025-02-18 17:56:17,5.3.0_29183395_29332470
35aea3db-18b1-4c99-b6b8-203930e26004,Randy Fernando,https://play-lh.googleusercontent.com/a-/ALV-UjWDJwW0HbxT8eKmRilNGbYm5B8wDiR13qoWgAeqw5-FstL57z8,maaf hatiku sudah ada di ff,3,0,,2025-01-03 18:07:06,,,
63126b04-4631-4793-9456-145121d3d9a0,Almer Rizqullah,https://play-lh.googleusercontent.com/a-/ALV-UjVl4g8WnLh8CPjyRmqHGweotkv3g65rZwJ8lB6WeM-h64EYS3EKzg,Seru,4,0,5.3.0_29183395_29332470,2025-01-03 18:05:01,,,5.3.0_29183395_29332470
7368bace-e31a-4e77-9e01-b4e9569363e5,Iyan Iyan,https://play-lh.googleusercontent.com/a-/ALV-UjWaqsk8wpEtFBLLin_e63gAKQ9DJttfLbAdnH5RDO-_ItinSeNE,Lumayan,5,0,5.3.0_29183395_29332470,2025-01-03 17:39:54,,,5.3.0_29183395_29332470
519cb297-542f-4c5a-b420-fe5d8d3ee431,aizar dama,https://play-lh.googleusercontent.com/a/ACg8ocLR_5CYkdqUEelW1wE1cnfPEfZpFGfxumHYSjAiOcG2QVf5LA=mo,BANG KENAPA BIKIN GAME LOADING NYA LAMA BANGEET TOLONG CEPATKAN LOADING NYA YA BANG!,1,1,5.3.0_29183395_29332470,2025-01-03 17:35:20,"Kami mohon maaf atas permasalahan ini, Traveler. Silakan hubungi kami melalui email atau feedback in-game untuk mendapatkan bantuan lebih lanjut tentang masalah ini.",2025-02-18 17:54:57,5.3.0_29183395_29332470
09e41461-1798-4618-8087-19b9e375b0ca,Itsuka Shido,https://play-lh.googleusercontent.com/a-/ALV-UjWDvMN2uqbxV1TFLKOkTT89ygoShdeTNwWqq5uvTXsrY8ELxvg,emang bener game cacat,1,1,5.3.0_29183395_29332470,2025-01-03 17:15:40,"Kami mohon maaf atas ketidaknyamanan yang Anda alami, Traveler. Kalau Anda memiliki masukan atau saran, silakan hubungi kami melalui email atau feedback in-game.",2025-02-18 17:54:32,5.3.0_29183395_29332470
5215527f-4f3b-4d8d-aac5-96d72ace5d7b,DENY GUSTY KARTIKA CHANDRA RAIZHA,https://play-lh.googleusercontent.com/a-/ALV-UjWDWl6Nc5aDLv9tq0pzmNfISCQmRBG3fyxCTJrrW2c7ObKlIu8Z,"dah pensiun kayak nya ini, data dalam nya sudah 30gb, storage dah gak muat lagi.. 😩😩😩",1,36,5.3.0_29183395_29332470,2025-01-03 17:10:03,"Halo Traveler,
Terima kasih atas support anda pada Genshin Impact!
Untuk mengurangi jumlah size data game, anda direkomendarikan untuk menghapus data Voice-line dan data Quest lama yang bisa dilakukan melalui setting in-game. Jika anda mengalami permasalahan lain atau ingin menyampaikan feedback, jangan sungkan untuk menghubungi tim customer sup...",2025-02-18 17:53:36,5.3.0_29183395_29332470
f4b9fb4a-484f-42da-8cce-833ee6256e0a,Eborn Gaming,https://play-lh.googleusercontent.com/a-/ALV-UjUIN_YP-Cq6HwbxcrugEL8Up8quib-J3i81n7Rme5o3Y3im4PM4,good,5,0,5.3.0_29183395_29332470,2025-01-03 17:00:31,,,5.3.0_29183395_29332470
ec9e137b-f39d-41fc-a91d-ffd5bdfbe955,Ripki Pratama,https://play-lh.googleusercontent.com/a/ACg8ocLBkimWUakJuTQgVoxGYs_kj7PrAvmsitCJDWj-c8gQqS8m_A=mo,Game nya oke aja,5,0,,2025-01-03 16:51:07,,,
1156569d-b836-48b9-8058-40fda1d16789,Joshua Bonggoibo,https://play-lh.googleusercontent.com/a/ACg8ocJ5fTDMOjRxy37U791Xhg9SH3UV2oHdP6rLxquIApRuRTl5Tg=mo,Sangat seru,5,0,,2025-01-03 16:29:55,,,
1307c5ba-1889-430b-851a-31f5a91c4bbe,Gisel Lumatalale,https://play-lh.googleusercontent.com/a/ACg8ocLAuh9JJQIwZ9-78X_qby4padI7ZCy_1R9K8uxCISu62ehNLA=mo,Pengalaman yang sangat seru,5,0,,2025-01-03 16:26:23,,,
f8a6fcad-6307-41f9-b384-e9620fa3eb72,Rahma Bchill,https://play-lh.googleusercontent.com/a/ACg8ocK1XDBW7vv_awTaXDXWjHZLNRqt0zIoDJI9PY6Y1JTiX4WvLS4=mo,gem nyaa sangat baguss a saya memberi ⭐⭐⭐⭐⭐ bintang,5,0,,2025-01-03 15:46:48,,,
88ac38f2-c629-4235-8242-8c6f14f6a6c9,Kurumi Tokisaki,https://play-lh.googleusercontent.com/a-/ALV-UjUzuCy27wkM5caAt5FxQVpN-LHb7UhAzlN8vkMv4Nw620JJblds,Provide a feature to change Avatar using user / player photos,5,0,,2025-01-03 15:08:26,,,
bb8a9d0c-f4f8-4799-8fd5-23df49694fa9,Nana Sujana,https://play-lh.googleusercontent.com/a/ACg8ocJWL4WQMPCGo4ovUqtLM3k0FyfAOWIC9DuOWoHMRgHAZyFipA=mo,makasih mavuika nya 😁🥰🥰,5,0,5.3.0_29183395_29332470,2025-01-03 15:04:59,,,5.3.0_29183395_29332470
a0744146-01df-43aa-8181-cf8df973249a,Ayambakarawrr,https://play-lh.googleusercontent.com/a-/ALV-UjXBQuHHsxCKlrEHvYq2LRjnwg8XN328utw10_36Eqygji6UFLCR,"Genshin klo untuk grafik dan desain itu udah jelas bagus banget, tapi ada banyak point yang UGHH bgt. Misalnya banyaknya dialog gak penting yang gak bisa di skip, DROP ARTE, sama tingginya pity untuk dpt chara/weapon. Cmon lah genshin, kami udah di persulit buat dapeti chara/wp dengan pity tinggi, masa harus dipersulit lagi dengan drop arte yang jeleknya nauzubillah. Percuma tuh elixir, dkk soalnya hasil akhirnya tetep aja sampah🙂",3,19,5.3.0_29183395_29332470,2025-01-03 14:25:22,,,5.3.0_29183395_29332470
e2deadc4-66ed-4117-ac3d-041c50aa57b1,Duoduo Zahra,https://play-lh.googleusercontent.com/a-/ALV-UjXzh38Lkzvkzpp1HYwHZLD2PkoRCXRtf-Ttqf-vHhOogY85lgw,Game nya bagus dan menarik,5,0,5.3.0_29183395_29332470,2025-01-03 14:09:23,,,5.3.0_29183395_29332470
638f144d-6e12-4fc4-b44c-e2c81e9a3ab9,Milo milo,https://play-lh.googleusercontent.com/a/ACg8ocJsC5F1qFFyR1VK3SWNC2GVrAetgp258627_Nb-sFiXMG7Uzg=mo,kikir bngt bansosnya fase 2 bos,1,0,,2025-01-03 14:03:02,"Kami mohon maaf atas ketidaknyamanan yang Anda alami, Traveler. Kalau Anda memiliki masukan atau saran, silakan hubungi kami melalui email atau feedback in-game.",2025-02-18 17:52:20,
46728a7f-8f55-4f20-bf5f-eb753f7eba73,Zikra 09,https://play-lh.googleusercontent.com/a/ACg8ocIZy4RsW_TmbVD8EERwdHStp59H8rvGcBbIMLhWxZIQu6CGMA=mo,"Hidupin capitano ntar guwa balik lagi kasih bintang 10,bb!!",1,0,5.3.0_29183395_29332470,2025-01-03 13:55:23,"Kami mohon maaf atas ketidaknyamanan yang Anda alami, Traveler. Kalau Anda memiliki masukan atau saran, silakan hubungi kami melalui email atau feedback in-game.",2025-02-18 17:51:46,5.3.0_29183395_29332470
f066764f-d1b3-4e96-b2a4-6e8fb96e1606,Shakeela Nur amelia,https://play-lh.googleusercontent.com/a/ACg8ocJJJo85GKLl-lvEccRU7BUhoIk6SZoz7pa0ETBDgdKuEz6CMg=mo,Jelek banget aku harus nungguin loading nya sampe berjam jam terus aku hapus game nya karna ngeselin banget,1,0,,2025-01-03 13:53:01,,,
fd61f79a-3530-4544-9568-55391e3b04ff,Ardi Faizal Setiawan,https://play-lh.googleusercontent.com/a-/ALV-UjVkeLgqWALdAnzyIA8Ot1mDRs1Bxht9FISyb5CQMOGxIGxmja_m,bagus rekomendasi bangeddddd keren cerita nya asik misi banyak hero nya juga keren keren skill nya juga menarik menarik good bagus,5,1,5.3.0_29183395_29332470,2025-01-03 12:40:40,,,5.3.0_29183395_29332470
ef05777d-6c60-46b8-b6de-8fcf8a415f98,Ahmad Haviz,https://play-lh.googleusercontent.com/a/ACg8ocLqJ11fSFBqyuf0SjprdGvb7geR1m2vA2Y87Mhx8M15vxxeZw=mo,Mengunduh datanya lama banget,1,0,,2025-01-03 12:21:58,"Kami mohon maaf atas permasalahan ini, Traveler. Silakan hubungi kami melalui email atau feedback in-game untuk mendapatkan bantuan lebih lanjut tentang masalah ini.",2025-02-18 17:51:19,
002db022-e712-445e-8c2d-2849497687e2,Theresia Theresia,https://play-lh.googleusercontent.com/a/ACg8ocJyK4rYiYKKjBfyHs3Y7eiN1uDYEm9k_-a9zsEJeAguIjOY9Q=mo,Suka sama jalan ceritanya dan karakternya,5,0,4.8.0_24603909_24822834,2025-01-03 12:12:10,,,4.8.0_24603909_24822834
2b2da648-7560-405a-90d7-92e8c6b6b98e,rei,https://play-lh.googleusercontent.com/a-/ALV-UjVH6fZDnPbla_I-JeqgOij94OsNn7hZgY6GEggkgCRckGTAT9tT,"Tolong banget nih ya KEPADA MIHOYO yth. Makin kesini kenapa karakternya lebih condong ke fanservice ya? Karakter laki-laki dalam game juga cuma sedikit, hello? Ini bukan hanya player laki-laki yang main, player perempuan juga pasti ada yang main ini game. Jadi hoyo tolonglah, fanservice tuh merusak karakteristik game, yang tadinya udah enak main malah kaya gini. Dan satu lagi... tolong variasi karakter diperbanyak, masa kulit putih semua? Anda RASIS ya?",1,0,3.1.0_10443587_10457664,2025-01-03 12:06:56,"Halo, Traveler! Traveler dapat melihat aturan sistem Permohonan di bagian [Rincian] pada halaman Permohonan. Jika kamu memiliki pertanyaan tentang perincian dari aturan tersebut, silakan hubungi tim Layanan Pelanggan kami melalui pelaporan masukan dalam game atau melalui email.
",2023-02-03 00:35:39,3.1.0_10443587_10457664
04f79a0b-1edf-4fcd-931e-a324fed9a7c7,Nubli Maftuh,https://play-lh.googleusercontent.com/a/ACg8ocLziYCMjpoZSsQl6xpNCQ9hSzfCm9I1zPpszGknl15CLyjvpg=mo,Udah habis 100 primo buat gacha ga dapat dapat hero b5,1,0,,2025-01-03 12:00:11,"Halo, Traveler! Traveler dapat melihat aturan sistem Wish di bagian [Rincian] pada halaman Wish. Jika kamu memiliki pertanyaan tentang perincian dari aturan tersebut, silakan hubungi tim Layanan Customer Support kami melalui feedback in-game atau melalui email.",2025-02-18 17:51:05,
75d7a47a-30d9-4eb2-b60d-9cceab60ef54,Marsnyme mile,https://play-lh.googleusercontent.com/a-/ALV-UjXBA6L0UpwM8StOvt1Vui9FHxNVqKTze9LX_LiYKsyHAc6x1wU,"kalo mau nambahin motor itu minimal main game balap dulu sana, biar tau cara kerja motor/mobil tuh kek gimana Ini motor physics nya jelek banget sialan, yang geraknya masa ban depan doanh, ban belakangnya cuma goyang-goyang kek ekor gede.",3,0,5.3.0_29183395_29332470,2025-01-03 11:33:32,,,5.3.0_29183395_29332470
55988b5b-7e53-44d5-93dc-278f5380bfc8,Gheis Scott,https://play-lh.googleusercontent.com/a-/ALV-UjXqhjmAJwUp098nnl1S_EdRftht4QWelvQbF4pjQZyBdVo9fKUT,Gamenya seru sampe lupa waktu wkwkw,5,0,5.3.0_29183395_29332470,2025-01-03 11:16:28,,,5.3.0_29183395_29332470
dcc68094-43f2-407c-9bca-8140175f9180,Naufal,https://play-lh.googleusercontent.com/a/ACg8ocJRJp7pUS2uBOYvgAJFroi3FIYU1kUuGIjGkei9MpNC2rdu5w=mo,Lumayan,5,0,5.3.0_29183395_29332470,2025-01-03 10:57:23,,,5.3.0_29183395_29332470
baae1d9b-e549-40b4-ac1e-968d6c4720f8,Bagas Alreza,https://play-lh.googleusercontent.com/a/ACg8ocKxBBqjALiAP0KcstlBwRsmABd4VEIhfwhgqPh6Te3cRAqOmDQ=mo,BAGUS SEKALI DAN SANGAT ENGGA KIKIR,5,0,5.3.0_29183395_29332470,2025-01-03 10:33:09,,,5.3.0_29183395_29332470
da8b9bd6-d089-4385-9490-b0d2f47de388,Isniii,https://play-lh.googleusercontent.com/a-/ALV-UjXR6mSW1hooqpkHt7LiJuV8Z2Nm091-qZWj5zhw4UYHOkhlEHa3uA,"0verall udah sangat keren, cm aku bukan penikmat story jadi yang kepanjangan so pasti skip2 😄, kalo masalah gatcha sulit yaudin seh kaum mendang mending mah nikmatin aja, mau yg mudah ya keluarin duit lah. Game nya dibikin juga modalnya gede woylah, ini juga bisnis bukan lagi sedekah. Tau diri dikit napa 🫰🏻 malu-maluin.",5,2,5.3.0_29183395_29332470,2025-01-03 09:57:37,,,5.3.0_29183395_29332470
1a172631-d423-425b-96ef-23217e8ac514,Deska Cahya,https://play-lh.googleusercontent.com/a-/ALV-UjXADa52Zpr32pFFxEW0a9YsFqasqXF7kc3UNtvRN0nNkcLQIEV1,NICE GAME.. hp kentang minggir dulu..,5,0,5.3.0_29183395_29332470,2025-01-03 09:40:14,,,5.3.0_29183395_29332470
669186da-227a-45cb-9620-9cad0310d849,Y6bittZ.,https://play-lh.googleusercontent.com/a/ACg8ocJ0pRWuNYhhNOHs4mtUoEqgknc2pgsLU2rJr8-8YWTn9xi6KA=mo,Bagus,5,0,,2025-01-03 09:23:34,,,
f52b4af2-ad31-4317-afb6-3ef6d7c66571,onnayz 23,https://play-lh.googleusercontent.com/a-/ALV-UjVyTk2TpxEftlfyyzFSeHAEJ0KM_aazKDq7OCvO6gQ7u2rc_n4,Buruk sangat butuk udh download 30gb nyatanya gak bisa di mainin slalu stuck di loding masuk,1,0,,2025-01-03 08:59:25,"Kami mohon maaf atas permasalahan ini, Traveler. Silakan hubungi kami melalui email atau feedback in-game untuk mendapatkan bantuan lebih lanjut tentang masalah ini.",2025-02-18 17:50:38,
40d29029-dccd-4aa9-aa01-f179d9e60ea4,Mhmmdbntangsafa AlghifarI,https://play-lh.googleusercontent.com/a-/ALV-UjUzngEToefk_hQW9XOF7XC7H8uaxG1e3kZVrfaiZoV3ZVicPt4VXg,"Halo min, apakah terdapat bug yang tidak ada suara atau voice dari karakter misi? seperti misi utama saya tidak ada disepanjng sampai chapter selesai dan itu terus menerus sampai ganti bahasa tetap saja tidak terdapat suara",3,1,5.3.0_29183395_29332470,2025-01-03 08:54:28,,,5.3.0_29183395_29332470
04fb34a3-fd03-434a-b820-afd6cfdda619,Isabel Jillqueen,https://play-lh.googleusercontent.com/a-/ALV-UjWeFYf8-Bmqz7xlNsebLdxmUCriysFbJdfP3YV59cjNgJJpq5JL,"YOU BETTER MAKE CAPITANO ALIVE!!! ONE STARRRR! MAKE HIM ALIVE, MAKE HIM ALIVE.",1,0,4.2.1_18831865_18963989,2025-01-03 08:34:23,"We sincerely apologize for your unsatisfactory experience, Traveler. If you have any feedback or suggestions, please send us an email or contact Customer Service via in-game feedback to help us improve the game.",2025-02-18 17:50:24,4.2.1_18831865_18963989
c2113d29-1438-4171-b360-ddd34b74ca5e,Zizadin khoirunama,https://play-lh.googleusercontent.com/a-/ALV-UjVg9KHDFMJr1d9rP-14NoSzwsHsTnpGN3TW88o1xqIskXdJIHrL,"Keseluruhan sesudah sangat baik, namun narasi story yang tidak bisa diskip membuat game ini jadi game yg membosankan, kami benar-benar menghargai usaha developer dalam mengembangkan story pada Ghensin impact, akan tetapi tidak semua player mempunyai waktu yg cukup untuk menyimak seluruh cerita NPC. Jadi bagi pihak developer, tolong sediakan tombol SKIP pada dialog player dengan NPC.",3,1,5.3.0_29183395_29332470,2025-01-03 08:16:07,,,5.3.0_29183395_29332470
2c8c2f4f-79e0-4313-9a32-11807582d668,Rio Aja,https://play-lh.googleusercontent.com/a-/ALV-UjW5QQWSNX9mo8d7U-W7U_CAYrY90DkVqdtofBZcRUXuQf30WD4X,"resin harian yang terlalu minim, paling enggak ada resin cadangan kek hsr walau maxnya lebih dikit",1,0,4.3.0_19705728_19706476,2025-01-03 07:47:51,"Kami mohon maaf atas permasalahan ini, Traveler. Silakan hubungi kami melalui email atau feedback in-game untuk mendapatkan bantuan lebih lanjut tentang masalah ini.",2025-02-18 17:49:58,4.3.0_19705728_19706476
7da5eab1-56ac-456f-bf37-2c0ce8961ced,brigade the same Sabiwi,https://play-lh.googleusercontent.com/a-/ALV-UjVVs6nhuVQmnAprj32EU_WB_FqFpehifYIlraQuo96f8-TmW2tr,"Ini game gak bisa otomatis makek Konsol, harus setting setting pakek Apk berbayar. Apalagi Tautan Emailnya gak bisa saya Rubah, gimana saya mau Jual akun. Bosen banget sama ini game, gak ada fitur skip story juga (pusing gw main berjam jam)",1,6,5.3.0_29183395_29332470,2025-01-03 07:37:10,"Kami mohon maaf atas permasalahan ini, Traveler. Silakan hubungi kami melalui email atau feedback in-game untuk mendapatkan bantuan lebih lanjut tentang masalah ini.",2025-02-18 17:49:40,5.3.0_29183395_29332470
3a41e2cb-723e-4beb-9e3b-d0513856d0a1,Rahmad Zikri,https://play-lh.googleusercontent.com/a-/ALV-UjUVFAZg2EWAc4dYhhFZRceaDxBDQq90HpOnQKf6W3gfCXh5qJMx,"Game nya udah bagus, Cuman yang bikin hedeg itu va inggris nya bisu. Sekalian aja archon quest nya bisu semua gausah pake voice actor segala",1,1,5.3.0_29183395_29332470,2025-01-03 07:22:54,Kami ingin memohon maaf sebesar-besarnya atas terganggunya pengalaman bermain Traveler. Silakan hubungi Layanan Pelanggan kami melalui pelaporan masukan dalam game atau email untuk mendapatkan bantuan tentang masalah ini.,2025-02-18 17:48:27,5.3.0_29183395_29332470
48d7817b-a59b-43b0-b429-49d844e986d2,zxxvyy 47,https://play-lh.googleusercontent.com/a-/ALV-UjWBFqKUx2xuzbNResx91F0AEX2l5bzdgcesMs7iH83M9C4126gk,game bagus,5,0,,2025-01-03 07:21:42,"Terima kasih atas dukungan Anda terhadap Genshin Impact, Traveler! Kalau Anda mengalami kesulitan apa pun yang berhubungan dengan Genshin Impact, silakan hubungi kami melalui email atau feedback in-game untuk mendapatkan bantuan.",2024-12-05 17:49:51,
de79512e-037f-4732-98a6-3134f0acdd85,Reyhan Adzky,https://play-lh.googleusercontent.com/a-/ALV-UjU7drn0fdtRZ88HlgZdCXi-30Bhlztw_k4vr1lahtztVpdW9Yw,Saya suka sekali dan tidak membosankan 👍,5,0,5.2.0_28336591_28351161,2025-01-03 05:00:47,,,5.2.0_28336591_28351161
87d17484-1bea-464d-a5c3-9dbdfeed530f,otaku indo musik,https://play-lh.googleusercontent.com/a-/ALV-UjX7PGW69JQR7rByNAmnxctB-KIAzyqcj29yCivX3KCrV4DYOAg,Tolong di perbaikin lagi map natlan nya kalo udh di fix saya kasih bintang 5,3,0,5.3.0_29183395_29332470,2025-01-03 02:53:32,,,5.3.0_29183395_29332470
479c0dc2-3c23-42a7-9a03-d69507660f31,Muhamaddd Raffirjatulah,https://play-lh.googleusercontent.com/a-/ALV-UjVcXR0kqscOr0g-7HWiUH6Td-pUYZKgIaFOFDbtoT3ECAyH-CaI,berikan aku signature mavuika,1,0,,2025-01-03 01:30:22,"Halo, Traveler! Traveler dapat melihat aturan sistem Wish di bagian [Rincian] pada halaman Wish. Jika kamu memiliki pertanyaan tentang perincian dari aturan tersebut, silakan hubungi tim Layanan Customer Support kami melalui feedback in-game atau melalui email.",2025-02-18 17:46:26,
ad593ba2-7651-449d-a43d-4f9c7555af8f,#i oK,https://play-lh.googleusercontent.com/a-/ALV-UjVwJjNa05IqweI7tJdlE3BBXbKTggoQSar--vaKA-FBEjT1OE8,"bagus, tapi di ar tinggi mulai sulit seperti tidak seimbaang untuk player f2p, untuk storynya udah lumayan yaaa baguslah",5,0,,2025-01-03 00:11:22,,,
bfc8e0dc-c201-4aa8-bb50-661489cf88d6,vyki saputra,https://play-lh.googleusercontent.com/a-/ALV-UjX224uV0wrMgjrBoG19lahXZEQMN2ZwelzcjhvnE4MtZPt11TKB,Update ae terus masalah koneksi sinya tamba buruk,1,0,5.3.0_29183395_29332470,2025-01-03 00:10:47,"Kami mohon maaf atas permasalahan ini, Traveler. Silakan hubungi kami melalui email atau feedback in-game untuk mendapatkan bantuan lebih lanjut tentang masalah ini.",2025-02-18 17:45:49,5.3.0_29183395_29332470
92bab128-9c1e-4dc1-b9d0-7a1b6c1f8401,Levi Andhika,https://play-lh.googleusercontent.com/a/ACg8ocIvZSwMaTX3C1S-S2RCJvocgcqdndjvZxedPIlc_ClClwYJaw=mo,Game kikir,1,0,,2025-01-02 23:41:38,"Kami mohon maaf atas ketidaknyamanan yang Anda alami, Traveler. Kalau Anda memiliki masukan atau saran, silakan hubungi kami melalui email atau feedback in-game.",2025-02-18 17:44:38,
63bcfcf5-f8cd-46b5-9b19-e8c1e0275918,syandana pinera,https://play-lh.googleusercontent.com/a/ACg8ocJ4-gZq4Niho-mJWLoRdkOe8OxIM_CTw8_ZKCyFJ7c7D5gRrA=mo,story gilak bagus banget,5,0,5.3.0_29183395_29332470,2025-01-02 23:14:44,,,5.3.0_29183395_29332470
1edb5236-9535-46c8-97d1-b8623ebed7b3,Linda Hendi,https://play-lh.googleusercontent.com/a/ACg8ocLkswWMSZQmCd0sEPH4MjVkbmKQnV79MmHZTT55kuNBSzBVUA=mo,Sangat bagus grafik nya juga bagus 👍,5,0,5.3.0_29183395_29332470,2025-01-02 22:56:35,,,5.3.0_29183395_29332470
8aa0afc1-54fd-4ac8-aa94-ead9b1c19b1f,Yuanisa Rahmasari Pツ,https://play-lh.googleusercontent.com/a-/ALV-UjUoRsr0tyZcRf9FzLWAuXiS3vLa6onCNqdQuMkuXWYxZvNf7r8C,"Sorry but I have to give 1 star because in this update there is a bug, if the bug in the update has been fixed I will give 5 stars again",5,0,,2025-01-02 22:42:54,,,
37f3f863-8a01-4eaa-a2c8-56ab077db244,JustKvin,https://play-lh.googleusercontent.com/a-/ALV-UjWm3AivHHQkyZkXOMEBvO8KwJWzHXe7ymDHjnaZHCw_nponkE5d,To many request bug,5,0,5.3.0_29183395_29332470,2025-01-02 22:30:34,,,5.3.0_29183395_29332470
144efcdd-fd15-4bd8-91c5-1f95b7a3196b,fajar,https://play-lh.googleusercontent.com/a-/ALV-UjUzv-oakhyUqVj-phPH81-ryv3-0LHJ3OtGMfL3wu40Vi1U8CQ,"Sedikit masukan untuk game ini.kalau bisa tolong saat mengerjakan quest mau itu archon quest ataupun world quest,tolong persingkat dialognya karena sangat panjang dan membosankan.saya sering tertidur ketika mengerjakan story game ini,karena dialognya yang terlalu bertele tele",3,0,,2025-01-02 22:17:15,,,
87517998-048a-47b7-a886-47b6bc470429,sanjaya arya,https://play-lh.googleusercontent.com/a-/ALV-UjVK6pc3nR6-5JIkc-U8q8LFq1NFQg0W_G9bWB3fOMDvhld7Oq67,Mana tombol skip story minnn,1,0,5.3.0_29183395_29332470,2025-01-02 22:12:06,"Terima kasih atas dukungan Traveler terhadap Genshin Impact. Kami menerima secara terbuka semua masukan/umpan balik dari kalian. Jika Traveler memiliki saran atau masukan, jangan ragu untuk menghubungi kami melalui feedback in-game atau email.",2025-02-18 17:44:23,5.3.0_29183395_29332470
308fd313-e464-4f6b-8be0-ce6bb5cdcbbd,Zam Roni,https://play-lh.googleusercontent.com/a-/ALV-UjVbKCwjPzYHMLXYFEY55zAzAQSkrwkILKoio7ScXdLDnbDC3H0s,Game babi,1,0,,2025-01-02 22:08:48,"Kami mohon maaf atas ketidaknyamanan yang Anda alami, Traveler. Kalau Anda memiliki masukan atau saran, silakan hubungi kami melalui email atau feedback in-game.",2025-02-18 17:42:26,
e6317e6b-20ff-4a3f-bbf2-65e6ec4c75dc,Specoops Scorpion,https://play-lh.googleusercontent.com/a-/ALV-UjU_RLI4dP6yF-rxkyermWXteJUf4kLfttg7YK64cymSpzLCyVN5,Awesome,5,0,5.2.0_28336591_28351161,2025-01-02 21:48:29,,,5.2.0_28336591_28351161
1575a9f5-67a3-4237-a505-a18f2b9fa130,Fajar suardi,https://play-lh.googleusercontent.com/a-/ALV-UjVIGun7EOZHCswW65p6kYeAkxbD_LFOvTkGZTf4uo9oDut4u2Y,"masalah kode keamanan ,baru ganti device pas login suruh masukin kode keamanan tapi kodenya ga ada diemail?Udah coba diganti emailnya pake email baru tetep ga ada kode nya diemail?Gimana ini mihoyo akun cape cape naikin levelnya malah ilang gara gara sistem mu sendiri?Sementara b1 dulu udah nyoba lapor kecs tapi masih belum ada jawaban,trmksh",1,0,5.3.0_29183395_29332470,2025-01-02 21:35:22,"Kami mohon maaf atas permasalahan ini, Traveler. Silakan hubungi kami melalui email atau feedback in-game untuk mendapatkan bantuan lebih lanjut tentang masalah ini.",2025-02-18 17:41:56,5.3.0_29183395_29332470
788a042b-1ef9-4c70-9387-87715c7bdf9c,Alok BIZER,https://play-lh.googleusercontent.com/a/ACg8ocKe2Wv3U1EH4FcsG1q-Lbxc2z2v72mKn12CtiMt549nlAD1Fw=mo,Keren walaupun berat,5,0,,2025-01-02 20:58:02,,,
2fd1d560-6118-4b30-b674-c1d2315c0054,Rafli Ramadhan,https://play-lh.googleusercontent.com/a-/ALV-UjV-tOLvy4pd8SFJ8UBUhPAGyFtHJ2DgigcwYEZv7VletcUWVef1,Wahai admin genshin impact yang terhormat saya sebagai player menyarankan agar di dalam cerita game yang anda buat ada unsur shoujo ai,5,1,5.3.0_29183395_29332470,2025-01-02 20:52:28,,,5.3.0_29183395_29332470
df8bdc38-f4d3-4aa1-8988-7a6d81d95df3,Haru Kaname,https://play-lh.googleusercontent.com/a-/ALV-UjXdbEFJ6Z8ZST4rT-AdHdNjA9qQDYKwEbpRdzSEbxs_rUf1M44c,Kok rada ngelag gitu ya :< Pingnya tiba-tiba tinggi :'>,1,1,5.2.0_28336591_28351161,2025-01-02 20:39:01,"Kami mohon maaf atas permasalahan ini, Traveler. Silakan hubungi kami melalui email atau feedback in-game untuk mendapatkan bantuan lebih lanjut tentang masalah ini.",2025-02-14 18:18:57,5.2.0_28336591_28351161
21ed7bff-a0b3-46a8-bde7-0244df2f8a08,Ageng Tautus.J,https://play-lh.googleusercontent.com/a/ACg8ocIr15Sq8FmdX1AfCxTlIKRLu4ohe4z_S4B9WKv1kkeUhNXSDg=mo,"Bagus, aku suka banget, tapi kenapa ya suka force close sendiri? Aku jadi gak btah mainnya, kan aku mau coba mavuika buat dpt primo jadi gk bisa, dan air nya pas beku malah gak kelihatan efeknya, kaya main furina padahal ngebekuin pake cryo, ayo lah hoyo, apakah hoyo hanya memperdulikan player berduit saja ketimbang player f2p uang terbatas? MOHON DENGARKAN KRITIKAN KAMI:)",4,0,5.3.0_29183395_29332470,2025-01-02 20:12:00,,,5.3.0_29183395_29332470
f5597a9a-b88a-4991-85d8-64babeaeeb57,Ipul Ipul,https://play-lh.googleusercontent.com/a/ACg8ocLHYmh6I0803dW_FqPaP1ZUvY1EnCoakytU29mc5XVtex-0BQ=mo,sangat sangat bagus,5,0,,2025-01-02 20:05:38,,,
02b1797c-1ec4-4918-8ff8-195eaf468af5,Sylvester Acel,https://play-lh.googleusercontent.com/a/ACg8ocIdYevmLgvRtBaNxs9GH4Beep5I-j6vjm4HTDyu0gF9eoYB_w=mo,Gila game gacha paling gak worth it 6 kali kalah rate off 1x menang rate off dah lah pensi males parah mending tunggu tanggal 25 azur promilia release langsung tancap gas,1,0,,2025-01-02 19:54:22,"Halo, Traveler! Traveler dapat melihat aturan sistem Wish di bagian [Rincian] pada halaman Wish. Jika kamu memiliki pertanyaan tentang perincian dari aturan tersebut, silakan hubungi tim Layanan Customer Support kami melalui feedback in-game atau melalui email.",2025-01-14 15:03:36,
4c732ca0-42c2-4f4d-83da-4282b3884c50,nothing bic,https://play-lh.googleusercontent.com/a-/ALV-UjXdnjWr1psS76Y8Sc9XGWUJIqsARQH5hxGrIYeIn6nDOmz83g2Z,"GAME BERBIE, KEBANYAKAN WAIFU BAIT, MAKANYA BANYAK PLAYER PEDO PORNO, CAHARACTERNYA AJA PORNO, GAADA SANGAR2 NYA NI GAME CUIH. GA MENANTANG KAYA GAME BERBIE ANAK TK, GAADA DARK²NYA, KAYA KESATRIA, PANGERAN GT GAADA CUIH, JELEK NATLAN FLOP DAWEI FLOP. PENYEPONG WIFU FLOPPPPPP.",1,1,,2025-01-02 19:44:09,"Kami mohon maaf atas ketidaknyamanan yang Anda alami, Traveler. Kalau Anda memiliki masukan atau saran, silakan hubungi kami melalui email atau feedback in-game.",2025-02-14 18:19:59,
e029e75f-6ed8-4339-94d1-87e1874a21b8,Beauty Gaming,https://play-lh.googleusercontent.com/a-/ALV-UjWAYOvaUufzbjsZH1P_GyUsy6v5VNnRx_XzKsuRM8LclEHtEZTx,"Game gacha, bagi F2P harus kerja Keras, yg dimana buat Explorasi itu yg bikin bosen adalah Dialog yg panjang banget dan ga bisa Skip",5,2,5.3.0_29183395_29332470,2025-01-02 19:39:49,,,5.3.0_29183395_29332470
281d8434-af7b-4308-93b4-c7383539c620,farhan anggoro,https://play-lh.googleusercontent.com/a-/ALV-UjXJ5xlBgnltxkRMEoX7hns3IHAf0f3AYGsGSI4sIA-MbTENFxS7,"ya, lumayan lah, menurut ku tergantung device kalo main ni game",5,0,5.3.0_29183395_29332470,2025-01-02 19:27:39,,,5.3.0_29183395_29332470
88f19dbd-5ac7-49f5-8540-033cf9383892,rayhanperuzzi,https://play-lh.googleusercontent.com/a-/ALV-UjWG0wnl2BMCqVLeo0JoE-Uv7nsCtuNSIFIAtlQP40C_3MYKRkpu,bulan depan saya akan memainkan game ini dengan hp baru saya,5,0,,2025-01-02 19:26:01,,,
193fd79b-6c25-45b4-a007-13705a8946ea,Oby hk,https://play-lh.googleusercontent.com/a-/ALV-UjU_KJu2CevMuJMMCkm1MzkJdAmtt78uK2HhK3-37ckICQDy9P0,udh mantep udh ga frame drop lagi di update ini semoga seperti ini terus,5,0,5.2.0_28336591_28351161,2025-01-02 18:39:32,,,5.2.0_28336591_28351161
3707ae8e-b86d-4e40-aed9-636dfcc25720,Ermawan “Angga” sutisna,https://play-lh.googleusercontent.com/a-/ALV-UjU3klJBA0geIVinfWmNpO5Tdj58flo3Hk5clZFaBR79NLIu6r4,"Game ini sangat pelit, aku udah adventure rank 50 belum dapat satupun archon, udah ngumpulin banyak primogem tetap gak dapat archon satupun untung aja aku gak topup karena nanti rugi, soalnya topupnya juga mahal. Kalo begini terus mendingan aku berhenti main",1,15,5.3.0_29183395_29332470,2025-01-02 18:31:27,"Kami mohon maaf atas ketidaknyamanan yang Anda alami, Traveler. Kalau Anda memiliki masukan atau saran, silakan hubungi kami melalui email atau feedback in-game.",2025-02-14 18:20:53,5.3.0_29183395_29332470
2cafa8aa-4dec-4d49-8949-74fb8ff12027,Arifin Saputro,https://play-lh.googleusercontent.com/a-/ALV-UjVQifB84jq4icPv_FyqwI3BP84LB6ZGhz26b9N5-4wz6JbaYdA6,"Kenapa pake gamepad engga bisa min (di hp) padahal di laptop/pc bisa, giliran main Zenles Zone Zero bisa padahal gamepad sama aja (Bluetooth/usb di hp) pelit amat dah ಠ_ಠ",3,1,5.3.0_29183395_29332470,2025-01-02 18:20:09,,,5.3.0_29183395_29332470
ba3190e0-8cbc-4ef8-a89b-0f1c9e839e73,Ethan Lau Ethan Lau (Ethan Lau),https://play-lh.googleusercontent.com/a-/ALV-UjXpl_8KBHcEg9Uo0f51Hi9oo9cf3VcJLy7Pz3KuWBmL3LQKi4bm,"Pasti kenapa setiap update harus memprioritaskan pra unduh, jadi yg tidak pra unduh di kasihh lebih banyak total data nya, contoh update ini orang yg pra unduh mendapatkan total data 2,75gb sedangkan yg tidak pra unduh mendapatkan 8gb, apa itu bisa di anggap adil? Kasihan orang orang yg lupa atau punya gangguan jaringan sehingga mereka tidak pra unduh dan mendapatkan total update yg besar",1,1,5.3.0_29183395_29332470,2025-01-02 18:07:52,"Kami mohon maaf atas ketidaknyamanan yang Anda alami, Traveler. Kalau Anda memiliki masukan atau saran, silakan hubungi kami melalui email atau feedback in-game.",2025-02-14 18:23:42,5.3.0_29183395_29332470
b7b65db6-9080-4e6a-8984-bcf0a6752d50,Raif,https://play-lh.googleusercontent.com/a-/ALV-UjV7sKUXp3D9yQTkHni_d8C_KOXWbSniq4xNIRSgP1k-DvurNWjR,KIKIR IMPACT PELIT,1,0,,2025-01-02 17:31:11,"Kami mohon maaf atas ketidaknyamanan yang Anda alami, Traveler. Kalau Anda memiliki masukan atau saran, silakan hubungi kami melalui email atau feedback in-game.",2025-02-14 18:23:50,
7ff06e2e-2017-4872-8bd0-d4646f5c3de7,Fazri Alfarizki,https://play-lh.googleusercontent.com/a-/ALV-UjWSGQHnypyqk5pGQ7Pd_ey8sMwK0n3vN0HKXM3lPYOX-U8ZiazA,"game kikir sistem gachanya ga adil, ga setimpal sama usaha nyari primogem. #gamekikir",4,1,5.3.0_29183395_29332470,2025-01-02 17:06:45,,,5.3.0_29183395_29332470
9d8b76b1-8ea3-4d23-be71-b179e07dfa82,Junor Sakti,https://play-lh.googleusercontent.com/a/ACg8ocLTjfNla8cnvzmXSemwVpvJfiRvjUnUmXgU4wtE_SJc4oiI=mo,Sumpah seru banget petualangan nya dapet banget mana open world lagi,5,0,5.3.0_29183395_29332470,2025-01-02 16:36:11,,,5.3.0_29183395_29332470
2ba4cc3a-dd32-4140-8ade-79a261b9c0a9,Fadli Galih,https://play-lh.googleusercontent.com/a/ACg8ocJF91sI-wRrNLzBlTqZSf6kBmiqft5E2oIlh5BXEL_TathpzQ=mo,Gem terbaikoke,4,0,5.2.0_28336591_28351161,2025-01-02 16:27:16,,,5.2.0_28336591_28351161
3a99644f-ea27-49b7-84f1-6ac8ed9f13ad,Hi Min,https://play-lh.googleusercontent.com/a-/ALV-UjUM2KYwUVoR8BwawWmZ6u9xSMz2SylVVv07893SnlSuKVP2Iqwj,"Gw rating ulang nih hoyo. Yg bener aja masa akun baru dikasih menang rate of banyak, giliran player lama menang rate of cuma sekali dua kali gak adil bgt nih",4,0,5.3.0_29183395_29332470,2025-01-02 16:26:39,,,5.3.0_29183395_29332470
3b6d54ed-a43b-4d5f-a369-d7aa9580ac1a,Nizam,https://play-lh.googleusercontent.com/a-/ALV-UjVe1_6iOyJrgvNOgzKRPc4vH4GQQr_Yjhls8XzgpP3mOt5TY8pf,sangat seru,5,0,5.3.0_29183395_29332470,2025-01-02 16:11:27,,,5.3.0_29183395_29332470
c41007a9-6b6c-4178-81b1-a04b33a6896d,prasetiyanto,https://play-lh.googleusercontent.com/a-/ALV-UjVZgIAmvjZ0srwHOudUTkrsbX7ixiyBEoYK5Bw6rR1Z8c5Jt-AZ,"saya main dari awal game rilis banget.. terakhir main di banner char arataki pas nunggu map sumeru.. tpi ukuranya semakin gede setiap pull char banyak rate off nya, nggak pernah dapet trus resin buat cari arte dikit.. akhirnya sejak game sebelah rilis pindah game sebelah.. hhh.",1,1,5.1.0_27118081_27297621,2025-01-02 15:53:46,"Terima kasih atas dukungan Anda terhadap Genshin Impact, Traveler! Kalau Anda mengalami kesulitan apa pun yang berhubungan dengan Genshin Impact, silakan hubungi kami melalui email atau feedback in-game untuk mendapatkan bantuan.",2025-02-14 18:25:09,5.1.0_27118081_27297621
c7f29780-a7c9-4adb-9cf7-01182e426b13,Axel Junior A.,https://play-lh.googleusercontent.com/a-/ALV-UjVsgcd1P5juN4TntbOnob6gss_FUIwRdPhqzCpYmKlj6OqMSMnA,loding lamma bangett😡😠👎,1,0,,2025-01-02 15:51:07,"Halo Traveler! Mohon kunjungi website official Genshin Impact untuk mendapatkan informasi sistem perangkat yang diperlukan untuk mendapatkan pengalaman bermain yang stabil dan lancar. Selain itu, untuk menemukan sumber permasalahan ini, mohon hubungi tim CS kami melalui feedback dalam game atau email.",2025-02-14 18:25:33,
db051a55-f757-4a1f-9fa1-64514adeecff,Ayoung rega Prayoga,https://play-lh.googleusercontent.com/a-/ALV-UjUttAqNKXg1Eza___T6Ka1nhBmgbhUIAZzsdyaYYj05HUHf2XSv,"Tolong kasik skip story aku ingin fokus explore nya dari pada story nya, tolong ini game genre adventure bukan story",1,0,5.0.0_26041933_26161852,2025-01-02 15:49:48,"Terima kasih atas dukungan Traveler terhadap Genshin Impact. Kami menerima secara terbuka semua masukan/umpan balik dari kalian. Jika Traveler memiliki saran atau masukan, jangan ragu untuk menghubungi kami melalui feedback in-game atau email.",2025-02-14 18:26:24,5.0.0_26041933_26161852
e67c5639-fb58-48f8-b32d-08a2c791e278,Cantika Sheinaqilla,https://play-lh.googleusercontent.com/a-/ALV-UjVzz1EXF0n7RqWDIFPLYVKvZG2SeG-ABYC0o38hXAzeKELom5vg,I HAVE BEEN SAVING FOR CAPITANO AND ALL I GOT IS HIS DEAD ENDING LIKE BRO WHAT?!!,1,0,,2025-01-02 15:49:06,"We sincerely apologize for this issue, Traveler. Please send us an email or contact Customer Service via in-game feedback for specific help with this issue.",2025-02-14 18:26:45,
b94b67e5-a0aa-4292-91af-8287ac0fe932,Z ee,https://play-lh.googleusercontent.com/a-/ALV-UjWh8b5jkYAVQAtl_pb_sgzNb42DzQT-Xa32XBpdQVOCSizwsgVq,Ini bug atau bagaimana kemarin saya sudah unduh update sebesar 3 gb dan sekarang tiba tiba di suruh dwnload sebesar 14gb dan sekarang di suruh download sebesar 30 gb ada apa ini saya tidak melakukan apapun padahal seperti hapus cahce atau sebagainya lalu bagaiman aini terjadi,1,0,,2025-01-02 15:47:54,"Kami mohon maaf atas permasalahan ini, Traveler. Silakan hubungi kami melalui email atau feedback in-game untuk mendapatkan bantuan lebih lanjut tentang masalah ini.",2025-02-14 18:27:12,
2ea6529a-95c9-440d-a2ec-9b17b721df10,M. Tri Prayogo,https://play-lh.googleusercontent.com/a-/ALV-UjXlDG77mvjFiTmwB6OpIYOKtVtWo_tMqqN6MUfzWzJV_DWweYam,"Sotory nya bikin bosen kasih tombol skip aja ,padahal Open World rpg tapi udah nggak berasa gitu lagi, pazzel receh ada yang susah nggak ngotak minim informasi nggak berasa teka-tekinya cuma bikin gedek doang",5,0,5.3.0_29183395_29332470,2025-01-02 15:40:55,,,5.3.0_29183395_29332470
8d0773ba-c618-480e-8997-b8389c440c26,Rzywa,https://play-lh.googleusercontent.com/a/ACg8ocJcV6i3_IUS1I_FYm3TyanOi_7WnEeGbhvjZXJvoDKtw2L91w=mo,"game kikir bangke, tapi seru hehe",5,0,5.3.0_29183395_29332470,2025-01-02 15:32:32,,,5.3.0_29183395_29332470
c5955b45-1b98-4b2a-ad05-d885accd641a,Shiro Shiro_store,https://play-lh.googleusercontent.com/a/ACg8ocLSNm6VbV_J3QBb5lMvw0fzulybqbqOc3C_paSc2jDW6YzhqQ=mo,"Makasih ya atas segala kenangannya walaupun bisa main 1 bulan tapi gpp kok ar 43 lumayan walaupun cuma main sementara ya begitulah hp kentang ga kuat buat update, sekali lagi makasih ya",5,0,,2025-01-02 15:28:50,,,
ff9f2449-59a9-4366-a9ce-5f42f74ddbb3,DIRIN AHYAR 98,https://play-lh.googleusercontent.com/a-/ALV-UjUHvi47Pc-Ftn4uMenwFzknZ_fZ_Sk31PGoS7AM9W-rOggFalNn,Game yang sangat luar biasa untuk sekelas android.terbaik,5,0,5.2.0_28336591_28351161,2025-01-02 14:41:45,,,5.2.0_28336591_28351161
64f3718a-7777-42a3-ba41-9ba8625f13b0,Joy Kris,https://play-lh.googleusercontent.com/a/ACg8ocKmLM4fFjw33gRgqHarewBQA1gnb_-vYJM-BMZqQr1yGCzFaw=mo,"Kecewa sama banner wishnya sih,dari awal main sampai sekarang selalu kalah",1,1,5.3.0_29183395_29332470,2025-01-02 14:31:31,"Halo, Traveler! Traveler dapat melihat aturan sistem Wish di bagian [Rincian] pada halaman Wish. Jika kamu memiliki pertanyaan tentang perincian dari aturan tersebut, silakan hubungi tim Layanan Customer Support kami melalui feedback in-game atau melalui email.",2025-02-14 18:27:28,5.3.0_29183395_29332470
35f3f611-9e07-4f8e-b605-d78f4bfc6bff,tirr,https://play-lh.googleusercontent.com/a-/ALV-UjWDIiwm_Iap0eCwbe6QWgrL3G6qah-vBWa-RORj_TxB9pi4JUbT,Nahida🥰😋,5,0,,2025-01-02 14:03:50,,,
eebd961e-478a-42b6-9e45-01495148016f,Ahsin Sitqi,https://play-lh.googleusercontent.com/a/ACg8ocIVcUXKMrqdVx7UJtQFOAsBEd6UUZ4VcOURLxbtAlTti-QLgg=mo,Sangat seru dan asyikk,5,0,4.0.0_16983586_17100363,2025-01-02 13:55:34,,,4.0.0_16983586_17100363
37fe3236-9d34-4895-9764-14173c052ec3,Santo Chysara,https://play-lh.googleusercontent.com/a-/ALV-UjVDQBhdsRSQLH7Dy07odB8XPXJgS77ZQ1ve4biY-8NfRejEcCSi,"game ini ckup menarik dan bgs,karakter ny bgs jg. namun memori saya penuh,jadi terkadang tdk dpt memainkan ny dan hanya bs di mainkan di hp papa saya, jadi tlong untuk memori game nya di kurangkan..",4,0,,2025-01-02 13:51:05,,,
a84f8094-c5cd-46a4-bb6b-b5acd5df4f86,31. Viona Putri Adzkia,https://play-lh.googleusercontent.com/a/ACg8ocLegSyzt6fcwJr0E3DiRgmhUGAmFFv_8_J9m5-f68oF5EmyaQ=mo,Jangan pelit ya di 5.3 ini,5,0,,2025-01-02 13:43:40,,,
2f49b1ac-f492-46d8-b330-13ed611ca8be,Vizanaisha Sulda,https://play-lh.googleusercontent.com/a-/ALV-UjV-D86X4UjZGyWy3c2b3zjpBXEJrABMFsmxqhzAxA0JgaOPHkg,"kok setelah update akunku ilang tiba², nangis bet aku udah cape 😭😭",5,0,5.3.0_29183395_29332470,2025-01-02 13:39:01,,,5.3.0_29183395_29332470
a21c0363-9dab-4a80-8f19-3178532f1738,Ristia Nurholik,https://play-lh.googleusercontent.com/a-/ALV-UjXP4zg5SNnhERVEJgGRZYqzI5s5kd1vdlb5qNILkSS6lIS6ebfh,"For future updates, many people have complained, especially on cellphones that use the Helio P35 chipset, there are many bugs, such as no text damage, no ES, etc.",1,0,5.3.0_29183395_29332470,2025-01-02 13:37:24,,,5.3.0_29183395_29332470
4a913d2f-6aaf-4a27-be6a-58e48873a5a9,Dani Ismawan,https://play-lh.googleusercontent.com/a/ACg8ocIOfgbV4flaiPAM9JKIiqXeXas_Zi0ENTdy5BYpiLUb8UZljQ=mo,Wow,5,0,,2025-01-02 13:28:04,,,
d1ab5841-32f9-4999-b916-3d40d5105994,Kirrai,https://play-lh.googleusercontent.com/a-/ALV-UjWQvQ8NiO_QksbOuVml8ondnlJyS-nOL0I_r6C6J_kOPujTW0Vh,"Plss lah bnrin gw pas mau log in suka muncul ""terlalu banyak percobaan"" pas di tunjukin ke customer service malah ga di tanggepin mulu hamdehh",1,0,,2025-01-02 13:10:03,"Kami mohon maaf atas permasalahan ini, Traveler. Silakan hubungi kami melalui email atau feedback in-game untuk mendapatkan bantuan lebih lanjut tentang masalah ini.",2025-02-14 18:27:39,
a4b32e95-3263-4e48-bfce-94d0df024d21,Lolimancer Shukuseiou,https://play-lh.googleusercontent.com/a/ACg8ocI3v3_pngC_q05VQRhCWEEmCeG_wJKbt5IL2yUKoWHc99f-pg=mo,The story sucks Never play again until skip feature added,1,0,,2025-01-02 12:58:31,"Thank you for your constant support of Genshin Impact. We welcome any valuable input from you. If you have any comments or suggestions you would like to share, please feel free to contact our Customer Service team via the in-game feedback channel or email to help us improve the game.",2025-02-14 18:28:02,
5b6c0f11-57e3-4f94-936f-8b9cc0c529b7,Aulia Akbar,https://play-lh.googleusercontent.com/a-/ALV-UjW8WDkqHvQ7CpCDNUsMqPym888ed4DeKHmRBcOAPSVztVj720t8,keren,5,0,,2025-01-02 12:44:23,,,
3202e0ca-6139-4e21-a56b-c4103519c5da,tanisha adisti,https://play-lh.googleusercontent.com/a/ACg8ocLqfNGyaZS9BUZR9SCNFXjUo1DsF7S5fTZHeFzWR61gahQxaI0=mo,Gamenya seruu,4,0,5.2.0_28336591_28351161,2025-01-02 12:05:50,,,5.2.0_28336591_28351161
feec09d1-236f-435b-8acf-d37a7e46d955,Indah Hartini,https://play-lh.googleusercontent.com/a/ACg8ocIv7TBdplsZtDmhnXDrvTqQ2Dcll-yXH1ZmW4q_AKstyXN7sQ=mo,Game pelit kikir,1,0,,2025-01-02 12:02:16,"Terima kasih atas dukungan Anda terhadap Genshin Impact, Traveler! Kalau Anda mengalami kesulitan apa pun yang berhubungan dengan Genshin Impact, silakan hubungi kami melalui email atau feedback in-game untuk mendapatkan bantuan.",2025-02-14 18:02:40,
c23f8649-5fe8-411f-8f22-c4890cc2a435,Dzak Tzy,https://play-lh.googleusercontent.com/a-/ALV-UjUb6bOvqqjBCLlzujb41tWWrwsppPTS9jj5UTRa50optkP3Beuz,"walaupun sedikit kikir, tapi dari desain karakter, story, visual, dan yg lainnya bagus semua",5,0,,2025-01-02 11:28:13,,,
fde455a4-1ecc-47c8-99e4-c39f7ffe0ab6,Apriansyah,https://play-lh.googleusercontent.com/a/ACg8ocI6W6VccNTM_GEUnaRgx0qEOYXrSG2MtE-lYxZLWICPjY2O8w=mo,"Game yang bagus,aku suka ceritanya yang menarik dan itu sebabnya aku kembali bermain game ini",5,0,5.3.0_29183395_29332470,2025-01-02 11:17:27,,,5.3.0_29183395_29332470
90a09110-948a-4899-b2b7-5969c5a45176,meow,https://play-lh.googleusercontent.com/a-/ALV-UjXo6pw2iezmFn3rWR1uJWzVKJ3wA6wnwHpgHekUZn7FMhWIImNb,Bagus dari grafik sampai game play!👍,5,0,5.2.0_28336591_28351161,2025-01-02 11:08:45,,,5.2.0_28336591_28351161
0d573d1c-c709-43bd-b7ca-853d722382d4,M Farel Al Farizi,https://play-lh.googleusercontent.com/a-/ALV-UjX4VmcBddDl_vojZAaSGg_eiVoXVTrrgixZXjH3LqjQP-nlyVjCfQ,i like it,5,0,5.3.0_29183395_29332470,2025-01-02 10:34:33,,,5.3.0_29183395_29332470
7b623c09-43c8-4713-b14c-5776b83db635,Gita Fitria,https://play-lh.googleusercontent.com/a/ACg8ocLAl5oGHyBEqBgdAcRWaFL1vGtCofyx5Bjsxnw9gLU84lW8oFE=mo,"Tolong, kalau buat character itu ingat player nya, karna saya lihat terlalu banyak character cewek , saya sebagai player cewe minta dibanyakin character cowoknya,lama kelamaan saya jadi pensi dan malas main lagi :( seperti archon yang kebanyakan ceweknya yang cowok hanya zhongli dan venti, venti pun terlihat seperti cewe _- tolong ya hoyovers di mengerti perasaan player ceweknya 🤝",5,0,5.3.0_29183395_29332470,2025-01-02 10:28:59,,,5.3.0_29183395_29332470
2145857a-fab2-4908-bd0f-8c3b3cbc349a,Rolly Pandu,https://play-lh.googleusercontent.com/a-/ALV-UjVAAi4Ry-DcwUmFestUL3xEJS7WK59b9vx_3HiGcPoIWA8pfR6A,"Nih game minusnya cuma 1, nggak bisa pakai controller. Sisanya aman, klu dah bisa pakai controller saya kasih bintang 5.",3,0,5.3.0_29183395_29332470,2025-01-02 10:22:33,,,5.3.0_29183395_29332470
cfbd3a0c-9c2c-4175-a2d8-56240665444b,Dayu Raissa,https://play-lh.googleusercontent.com/a-/ALV-UjXAnQ34U0NoDFjcvdsmbqA78ix429roYVU5TAxDjdauV8e3BYin,This game so fun!,5,0,5.3.0_29183395_29332470,2025-01-02 10:02:37,,,5.3.0_29183395_29332470
717c4689-8d39-45f2-9c76-8fd91a1243c7,Fikri,https://play-lh.googleusercontent.com/a-/ALV-UjWqYiQRF1yQN1s52BuSpSmSorgNmNIpfuEySu6a2CFLXuWq4zMq,"B2 Karena JD jenuh bahkan pengen uninstall gi karena dpt arte kudu hoki""an Mulu,dpt arte GK sesuai yg di inginkan selalu dpt hp deff melulu sedangkan spiral,theater,boss"" mkn sulit di lawan, tiap bulan emg ganti banner 2 kali cmn yg JD masalahnya up karakter terlalu sulit makin hari makin byk karakter yg baru sdngkan karakter yg lama maupun yg baru di dapat blm di up secara maksimal tolong utk arte tidak usah harus hoki""an atau gacha""an",2,0,,2025-01-02 10:01:29,,,
aa8eb5f2-3161-4bec-9a57-5964ead5e70f,Fa Dhell,https://play-lh.googleusercontent.com/a-/ALV-UjV0l2GrWcjx2-o7-R0rTGvPu0buhDEqASzeAEEliyhePVhiZnU8,"Terlalu susah untuk dapetin artifact yang bagus, terus gacha karakter juga makin busuk",2,0,5.3.0_29183395_29332470,2025-01-02 09:52:15,,,5.3.0_29183395_29332470
f59c2bc5-0955-422c-ad3e-334b0b1312af,Kanaeza Padang,https://play-lh.googleusercontent.com/a/ACg8ocLg7qU1VXhMq_udEMc7d3oOnQSbWgQoxvP8Q9bCmozm9LgzjQ=mo,Loading nya lamaa banget game burik jelek,1,0,5.3.0_29183395_29332470,2025-01-02 09:42:44,"Halo Traveler! Mohon kunjungi website official Genshin Impact untuk mendapatkan informasi sistem perangkat yang diperlukan untuk mendapatkan pengalaman bermain yang stabil dan lancar. Selain itu, untuk menemukan sumber permasalahan ini, mohon hubungi tim CS kami melalui feedback dalam game atau email.",2025-02-14 18:02:03,5.3.0_29183395_29332470
f9e6d98a-b62c-4b06-9071-83987e49ebd9,Jessica Arabella,https://play-lh.googleusercontent.com/a-/ALV-UjUkn0nhU6a5SMINWFOBmooIyABK86UG2y7T2oV37wXBEb3PafE,Bagus baget grafik nya juga bagus,5,0,,2025-01-02 09:00:59,,,
b849fc90-2926-419c-971c-c354dbf7849e,tong dul chanel,https://play-lh.googleusercontent.com/a-/ALV-UjUQpTecuf_gRA0IT2BwKyx0pyi6s5gMsRkBMlkVGNBL8q5vJch3,Okok,5,0,5.2.0_28336591_28351161,2025-01-02 08:57:48,,,5.2.0_28336591_28351161
0e8dc383-65df-4196-acbe-e439c5445323,H Abdul Kosim,https://play-lh.googleusercontent.com/a/ACg8ocLd65CEeTeyOTpF8DXeCCFdwPjMvKOvWc52gojXlKpl8hOHmA=mo,Gem nya bagus seru dan grafik nya juga bagus tapi kelalamaan misinya jadi susah trs jalan nya jauh banget,4,1,5.3.0_29183395_29332470,2025-01-02 08:55:41,,,5.3.0_29183395_29332470
043b6349-3961-4472-a2e4-32977cfd0195,Arahabaki Cloning,https://play-lh.googleusercontent.com/a-/ALV-UjVasQGhHT9eShAt4dsgv0LXX5YfijvkqG-Wynd320W97-DtEw5E,"Mohon fitur serenitia pot juga diperhatikan kedepannya untuk developer, salah satunya adalah kurangnya space bagi player yang suka mendesain sesuatu di serenitia pot. Kasihlah tambahn space 2000 lagi atau 3000 lagi. Terima kasih",3,0,4.5.0_21307647_21321795,2025-01-02 08:30:36,,,4.5.0_21307647_21321795
74cd2fb5-eca6-47cf-b3ae-2534d6ed5968,Natasya Cintya Bella,https://play-lh.googleusercontent.com/a-/ALV-UjX3TsSDt5XzpqoYu_higBG47cC3XKwwFpeuj9QRTwdQWZtF2n8,beberapa character dalam dub en tidak memiliki suara,1,0,,2025-01-02 08:12:46,Kami ingin memohon maaf sebesar-besarnya atas terganggunya pengalaman bermain Traveler. Silakan hubungi Layanan Pelanggan kami melalui pelaporan masukan dalam game atau email untuk mendapatkan bantuan tentang masalah ini.,2025-02-14 18:01:47,
b25403dc-7158-4025-a1f2-5670027b38cb,ilham nurfauzi,https://play-lh.googleusercontent.com/a-/ALV-UjUiUU5yU2GDOQd5V2nQIJvsihPhIxodXsQBXPEIgXtkcLX5RFVb,"Jelaskan kepada saya kenapa capitano harus mati,dan tidak playable?padahal banyak orang yang sedang menunggh character itu playable,sekarang dengan tidak playablenya capitano banyak orang-orang menguninstall Genshin Impact,saya kecewa,masukan dari kami tidak pernah anda dengarkan",2,1,5.3.0_29183395_29332470,2025-01-02 08:12:02,,,5.3.0_29183395_29332470
ede5c596-53a8-489a-9995-9401c777d7eb,Kayu Manis,https://play-lh.googleusercontent.com/a/ACg8ocLVb97zwUXZvKwL29fMn5F9ajbmuG_bgtF1VU2ucXfdHwvPHg=mo,"Dev. Gimana si,kok saya harus download data 5GB lebih,padahal saya sudah pra-unduh,2.4 GB lbh,update 200mb lbh,mlh tdi naik lgi jdi 7gb lebih... Apa ada kesalahan,atau bug... Terima kasih.",5,0,5.3.0_29183395_29332470,2025-01-02 08:07:50,,,5.3.0_29183395_29332470
04f2ee6f-2193-4b09-a824-dd94f3e8d39e,Dmind,https://play-lh.googleusercontent.com/a-/ALV-UjX0TougMuIlvjWHkKAqqlySUQ-oRHBnSzayTYAAsaOg8WV4M9o,this is masterpiece games,5,1,5.2.0_28336591_28351161,2025-01-02 08:06:33,,,5.2.0_28336591_28351161
22346fe8-cd76-41dd-b89d-dff310420481,F san,https://play-lh.googleusercontent.com/a-/ALV-UjXy4ERz4GqqZ_UO_oa7NR-V4p_QyYQ78heMs64DGtNG-ebDgQ,"Makasih dapet hu tao, eh skinnya juga muncul yeyyy seneng banget terima kasih banyak!",5,0,,2025-01-02 08:00:37,,,
2386f711-085a-491b-af4d-b12d3f9a7301,Harianti Anti,https://play-lh.googleusercontent.com/a/ACg8ocJio1FKM6tsdIgo-eVbVSMc5_wbd89vg04kXfWJJQaVaSZV6A=mo,Seru Itu aja sih,4,0,,2025-01-02 07:38:33,,,
fa8b108c-272a-4d1e-9e86-b45feef5aa4b,Light Shadow,https://play-lh.googleusercontent.com/a-/ALV-UjVmmDmZm_bcPAx328paqQht_r4cU-yD5GIfRnJsQP6BywX57cA,Nothing be better than this.,5,0,5.2.0_28336591_28351161,2025-01-02 07:32:36,,,5.2.0_28336591_28351161
488e3ca1-2e05-4972-95ca-7a90aacff5e8,Kiki Rizki,https://play-lh.googleusercontent.com/a/ACg8ocLq78jKhv1URUJfoeX6MsvSUXsBOqyEs2c5bO0SSONYUvhjbw=mo,Gem nya seru banget asikk lagi,5,0,5.2.0_28336591_28351161,2025-01-02 07:25:28,,,5.2.0_28336591_28351161
aa2afac5-9721-453f-a63c-27c27bd81747,Riswan,https://play-lh.googleusercontent.com/a-/ALV-UjXN5ms_Sq_XBcoXha5HYVK7S93HVfEY2zsUkRm5aCYp8G7aDqY-,"semuanya bagus, cuma bintang saya empat kan karena kurang nya bansos",4,0,5.3.0_29183395_29332470,2025-01-02 07:15:02,,,5.3.0_29183395_29332470
a82aa46a-0d15-4663-a592-f6a7b5d2636f,Iqbal Fauzi,https://play-lh.googleusercontent.com/a-/ALV-UjUWZqzgRpsSWrMQbCVTsXW8f0kReWq9dDdMC2Q1yO_SJ2hbw_JQ,"Semuanya udh bagus, ngga ada bug, kenapa update yang awalnya 2 GB malah jadi 14 GB, 🗿",5,47,5.3.0_29183395_29332470,2025-01-02 07:06:18,,,5.3.0_29183395_29332470
2a24ff97-07a6-4a2d-93ad-5483d688104e,Billy Nak meletup,https://play-lh.googleusercontent.com/a-/ALV-UjWscpxhB054OBF2BggaerXSDv1iuHQhwd0zs47wDrs2jmbI6drq,"plis lah di kasi fitur skip dialog kek biar para player senang bisa menyelesaikan quest dengan cepat ketimbang kita para player kecapean taptap di mouse atau di layar hp, oh iya satu lagi STORY GENSHIN BAGI SAYA BIASA SAJA YANG MENARIK HANYA BEBERAPA, INI ALASAN SAYA MEMBERI ULASAN INI!!!",4,0,,2025-01-02 06:42:47,,,
b30490a4-1215-4eae-9d83-59da2bdc8927,Simon Hamonangan Aruan,https://play-lh.googleusercontent.com/a/ACg8ocKSv_Axs-BqjFK6oBUhY8_vRZAA8X5aBIiMgL30KLsZ2ulLAA=mo,"Game ini bagus tapi tolong lah hoyo masa aku ngegacha banner dapet 2 kali beruntun hard pity, tolong sekali kali kasih soft pity buat dapet citlali di banner ini lahhh 😭",4,0,5.3.0_29183395_29332470,2025-01-02 06:32:02,,,5.3.0_29183395_29332470
9c5a5239-0709-4299-a5c5-981d3d688bd5,Dwiky Wijaya,https://play-lh.googleusercontent.com/a/ACg8ocIYkJEAh62axcJKxlxXv2rCNeG2ZeMoEhnJDd91KcBENRHHaQ=mo,Terimakasih atas kerja kerasmu,5,3,5.3.0_29183395_29332470,2025-01-02 06:31:13,,,5.3.0_29183395_29332470
e4c0a9e7-357f-42ca-ba4d-d3f1edd2999f,Iffa sakinah Shaki,https://play-lh.googleusercontent.com/a-/ALV-UjU3d9lnnrKJGdaWggxjtA5kN-StLpN59ODDJlwu-Xfoao1W20I,"Ini game bagus sih grafiknya bagus banget yang suka eksplor bagus nih apa lagi kalo kamu tipe tenang aja tapi yah ada lawannya juga siihh tapi gpp lah, minusnya mbnya gede😭😭",5,0,5.3.0_29183395_29332470,2025-01-02 06:26:25,,,5.3.0_29183395_29332470
ca469a78-0b24-4ff3-92fe-4eddccff2168,opun game,https://play-lh.googleusercontent.com/a/ACg8ocLO-JtGmqJs47E6B2cc-LVk212A9wuhXYCtBmx28idYqV5R-A=mo,Gacha ampas smua...,2,0,5.3.0_29183395_29332470,2025-01-02 06:08:06,,,5.3.0_29183395_29332470
c02fce74-92a2-40e0-be9b-10d6c858da2f,Lintang Syahputra,https://play-lh.googleusercontent.com/a-/ALV-UjUe4w_iY3vuQcvajLNd7zXbHrIgVvOHo3lmTJJJYdw5BCXlIzDP,"storie kebanyakan yapping, bikin ngantuk. mending main Wuwa cik😹",3,0,,2025-01-02 05:52:48,,,
ceb72677-1950-45e7-b967-3dd88ec79cc6,Salmeh,https://play-lh.googleusercontent.com/a-/ALV-UjWHNmikcPpBm169CWEcm46AaYG4LQYXN9IqAD5M5ic1i2Idhfo0,Capitano mati.,1,0,5.3.0_29183395_29332470,2025-01-02 05:51:47,"Terima kasih atas dukungan Traveler terhadap Genshin Impact. Kami menerima secara terbuka semua masukan/umpan balik dari kalian. Jika Traveler memiliki saran atau masukan, jangan ragu untuk menghubungi kami melalui feedback in-game atau email.",2025-02-14 18:01:10,5.3.0_29183395_29332470
51e84bc0-5787-41f3-a72d-74e034d8f488,Rifqi tatria Fachrurrazi,https://play-lh.googleusercontent.com/a/ACg8ocL3QUUjiwWd3343q8XXpcz6SjQ5J_acxu-So5tt-uXfoh5-5w=mo,mantap,5,0,5.3.0_29183395_29332470,2025-01-02 05:51:14,,,5.3.0_29183395_29332470
3858cd93-b47a-44eb-bfa4-f5c1f58f58b1,Rizky Tanto,https://play-lh.googleusercontent.com/a/ACg8ocLJBfBpHtu_-mt9tGp5RK2dL1F1jPzHIz7XlIhRXJKha_TH7w=mo,"Kikir impact giliran gw maen niat sama maen welkin dpt hard pity truss , temen gw yg baru balik nge pull mavuika malah dapet nya gampang dpt c1 sama signature + citlali sign juga emang pada dasarnya kikir najia disuruh kerja rodi mlu gw mending gw pensi dari dlu dah lah pindah game aja gw kesebelah lebih baik byee (ABSOLUTE CINEMA)",1,0,,2025-01-02 04:18:48,"Halo, Traveler! Traveler dapat melihat aturan sistem Wish di bagian [Rincian] pada halaman Wish. Jika kamu memiliki pertanyaan tentang perincian dari aturan tersebut, silakan hubungi tim Layanan Customer Support kami melalui feedback in-game atau melalui email.",2025-02-14 18:00:57,
d116160d-03b7-4122-9cef-c638eb797e35,Rizqi_ assabil,https://play-lh.googleusercontent.com/a-/ALV-UjWoBkgWMdRn8IqVO9bvdFfYuCGnJ26JvoFEJetOdSK5tyn-v44,nice,5,0,,2025-01-02 03:46:44,,,
589acda1-2a66-4521-a21e-8397f9ff2969,Yanto Kiddie,https://play-lh.googleusercontent.com/a-/ALV-UjX21HJP5nCu13Lxx4hqLg0--LL_OveCeXlC9mUTK4vPB5batfk,HAPPY NEW YEAR!!! LOVE YOU ALL 💓💓💓💓💓💓💓💓💓💓💓💓💓💓💓💓💓💓💓💓💓💓💓💓💓💓💓💓💓🎉🎉🎉🎉🎉🎉🎉🎉🎉🎉🎉🎉🎉🎉✨✨✨✨✨✨✨✨✨✨✨✨✨✨🍡🍕🍿🍨🐱🎶🍜🍥🥂🎊🎂❄️⛄ Boo!! Hehe :3,5,3,,2025-01-02 02:38:36,,,
ef8e6207-98ab-429e-a5aa-73f2370e4e7a,Kim Naehyung,https://play-lh.googleusercontent.com/a/ACg8ocIhE84nlQtjhUX-M4PoaCzlWFjX48kTMwq4hochV5N0SKL-Yg=mo,Pelit karakter cowo,1,0,5.3.0_29183395_29332470,2025-01-02 02:29:00,,,5.3.0_29183395_29332470
6ee14425-f6a4-4488-bc41-69ca95fc6fdd,Spear Mos,https://play-lh.googleusercontent.com/a/ACg8ocIIn3BBPJCImtSlK2YG-ZGmIGsEvaqSypLAXbkF8YUnj5c5ww=mo,Sucks,2,0,,2025-01-02 01:57:10,,,
14933a48-1376-4300-a36a-151c2c74dc23,Human,https://play-lh.googleusercontent.com/a-/ALV-UjWMbKhfU8BXhjjlv6Dvhfy7Tl3u2cQTG4c9DzRQATEckaWMwUXQ,Untuk game udah bagus. Kenapa pas update selalu saja eror padahal udah pake wifi buat download:).,1,0,,2025-01-02 01:54:56,"Kami mohon maaf atas permasalahan ini, Traveler. Silakan hubungi kami melalui email atau feedback in-game untuk mendapatkan bantuan lebih lanjut tentang masalah ini.",2025-02-14 17:57:30,
687c4e37-e1f4-421b-8634-3904e82c0367,xiao,https://play-lh.googleusercontent.com/a-/ALV-UjWEpkODX9Udxjsb0EjBtjKblQFqbIsSPidQMzybfpjTxTj09U7e,game pelit,1,0,5.3.0_29183395_29332470,2025-01-02 01:41:27,"Terima kasih atas dukungan Anda terhadap Genshin Impact, Traveler! Kalau Anda mengalami kesulitan apa pun yang berhubungan dengan Genshin Impact, silakan hubungi kami melalui email atau feedback in-game untuk mendapatkan bantuan.",2025-02-14 17:57:15,5.3.0_29183395_29332470
ffe7c6ef-6364-412f-951c-85780b46ea3e,Alvin Lie,https://play-lh.googleusercontent.com/a/ACg8ocIJDud_NXvQgtFvx4eUNU8WqKCBqwa0DaGZJ2WCRVX1gM6Jvw=mo,Game kebanyakan loading benci cehhh -_-,1,0,5.3.0_29183395_29332470,2025-01-02 00:57:10,"Halo Traveler! Mohon kunjungi website official Genshin Impact untuk mendapatkan informasi sistem perangkat yang diperlukan untuk mendapatkan pengalaman bermain yang stabil dan lancar. Selain itu, untuk menemukan sumber permasalahan ini, mohon hubungi tim CS kami melalui feedback dalam game atau email.",2025-02-14 17:57:04,5.3.0_29183395_29332470
6a84c310-e42f-4a06-a6ec-bfaa3b32a169,Ken WigIa,https://play-lh.googleusercontent.com/a/ACg8ocIiXuwGW7cRg-EHHk052JRrEX6RCk_odsNgtkoBfEd726LToA=mo,Hoyoverse baik semoga citali gw pulang,5,0,,2025-01-02 00:56:16,,,
2446f14e-aebd-41ad-906d-52da1dbf0006,Rei Ahmad,https://play-lh.googleusercontent.com/a/ACg8ocKqk78IFEnb-ZW6DAPmf7J3WjQsrbJmn4zWXkQEE35rI72n8g=mo,Last story emang absolute cinema,5,0,,2025-01-02 00:46:57,,,
b0be5389-594a-49b5-acfe-aacd3f1f58ee,Antelope Rider,https://play-lh.googleusercontent.com/a/ACg8ocIptKquhCU5c5mULfmiCrnUYSYNt6TY3fTF5vEZSnlJkwe3HA=mo,Sejauh ini masih newbie ntar liat aja,5,0,5.3.0_29183395_29332470,2025-01-02 00:27:04,,,5.3.0_29183395_29332470
3508f01b-d9c9-40f5-aa95-d96eb195ca74,Syafiq Nur,https://play-lh.googleusercontent.com/a-/ALV-UjX5FKa7cI-6sjEvmKKBKzP5XtVsBmlkw0r-R-d7xQ8FMlDQVtW2,Tolong developer kurangi GB nya jadi 10GB HP saya tidak kuat untuk main game genshin impact tolong dikurangi.,3,0,4.7.0_23093867_23435602,2025-01-02 00:24:30,,,4.7.0_23093867_23435602
46d086a0-58b6-411f-82e0-fffd30ee1af0,ZerooFun Gaming,https://play-lh.googleusercontent.com/a-/ALV-UjX-9_JGBoyeHH-MJyfnauOQsCI24IRk7NAeI1iia-NtDDH4iMw,game kikir,1,0,,2025-01-02 00:24:04,"Terima kasih atas dukungan Anda terhadap Genshin Impact, Traveler! Kalau Anda mengalami kesulitan apa pun yang berhubungan dengan Genshin Impact, silakan hubungi kami melalui email atau feedback in-game untuk mendapatkan bantuan.",2025-02-14 17:56:42,
96ecd244-1984-4a39-b7c3-7f282f283e1b,Mrs. Saprina_Sandy,https://play-lh.googleusercontent.com/a-/ALV-UjWbaFzeWoqOqhunVhbwmLoxBGBiKNoGEmiK6GcuqPYazcsoWXmb,skor antutu standar 500K minimal 420K maksimal 1M,5,0,,2025-01-02 00:02:24,,,
59dbe23f-fefb-451e-97ae-feffa08df2b7,Nanda Sura,https://play-lh.googleusercontent.com/a/ACg8ocJ5TJhtrGXKXwH8qQKOp8Wbnl7hbClBaHWzO9nZjzvM9Pro7w=mo,Terlalu banyak update tidak jelas setiap beberapa hari sekali dan ukuran download pun bervariasi dari 2GB sampai 14GB padahal sudah download full data,1,0,5.3.0_29183395_29332470,2025-01-02 00:02:08,"Terima kasih atas dukungan Anda terhadap Genshin Impact, Traveler! Kalau Anda mengalami kesulitan apa pun yang berhubungan dengan Genshin Impact, silakan hubungi kami melalui email atau feedback in-game untuk mendapatkan bantuan.",2025-02-14 17:56:21,5.3.0_29183395_29332470
8c637f98-ecbd-4b48-bde9-14dd4d2b2ccc,Kiara Fauzia,https://play-lh.googleusercontent.com/a-/ALV-UjXB0pQe6geCiLff72RrDFSEshtlv4aYZdMJeyCZnBfLEGNANEO3FQ,"BANYAKIN KARAKTER COWOOOO PLSSSS, GUE JUGA MAU CUCI MATAAA, MASA IYA KARAKTER CEWE SEGUNUNG TAPI KARAKTER COWO CUMA SEUPRIT??? SHIBALLL SEIKYAAAAA",1,0,5.3.0_29183395_29332470,2025-01-01 23:57:31,"Terima kasih atas dukungan Traveler terhadap Genshin Impact. Kami menerima secara terbuka semua masukan/umpan balik dari kalian. Jika Traveler memiliki saran atau masukan, jangan ragu untuk menghubungi kami melalui feedback in-game atau email.",2025-02-14 17:55:49,5.3.0_29183395_29332470
1d89b51d-f558-448d-8ea4-b0b4b535f7b1,Khelvin's Khelvin,https://play-lh.googleusercontent.com/a-/ALV-UjUqIGTWga81j9o7dmTzKFSKMQ2m-R64zSQ4NXFQeZsLeo_xE9E,Game kikir sistem gacha nya kikir juga,1,0,,2025-01-01 23:54:11,"Halo, Traveler! Traveler dapat melihat aturan sistem Wish di bagian [Rincian] pada halaman Wish. Jika kamu memiliki pertanyaan tentang perincian dari aturan tersebut, silakan hubungi tim Layanan Customer Support kami melalui feedback in-game atau melalui email.",2025-02-14 17:54:19,
9351f190-21c2-4d4d-9a11-12fc6db8fc74,Richie Fransisco,https://play-lh.googleusercontent.com/a-/ALV-UjVoaWMrrhOFdxZgthwFSQhkq-XYeidqyUN_DsH63SZtoMz-yrE,Good game,5,0,5.3.0_29183395_29332470,2025-01-01 23:22:52,,,5.3.0_29183395_29332470
7b41d871-444a-4ba1-afa0-9d7c57861218,xai Landz,https://play-lh.googleusercontent.com/a/ACg8ocLoliSMdiTSe6hq4yZ4XBJyKthWXruBQlTabr4KdqUykhKW5g=mo,game rpg open world terbaik yang pernah ada..sukses trus genshin impact & hoyoverse,5,0,,2025-01-01 22:45:52,,,
792d927a-5a8f-4a3d-b5d6-8184b013b7dd,Sapta Hari Putra,https://play-lh.googleusercontent.com/a-/ALV-UjXhYAUhUzJH7Cm05vZBU4hIMSNkjLy5ltjMoCz0Cs_AYZzEJRE,Bisa di jelaskan kenapa update kali ini saya download data nya 16 gb kok temen saya cuma 4 gb aja,1,0,5.3.0_29183395_29332470,2025-01-01 22:41:03,"Halo Traveler,
Terima kasih atas support anda pada Genshin Impact!
Untuk mengurangi jumlah size data game, anda direkomendarikan untuk menghapus data Voice-line dan data Quest lama yang bisa dilakukan melalui setting in-game. Jika anda mengalami permasalahan lain atau ingin menyampaikan feedback, jangan sungkan untuk menghubungi tim customer sup...",2025-02-14 17:55:32,5.3.0_29183395_29332470
f82eb20f-e21d-4a30-a76b-8364351887a2,Syaeful Ali Rismana SAR.D Tamvan,https://play-lh.googleusercontent.com/a-/ALV-UjVFsk5f3cQMw6G5KjTWAo8ctxVg5Mhncd6mefJfMkF-zIsVeCfH,keren genshin,5,0,5.2.0_28336591_28351161,2025-01-01 22:38:25,,,5.2.0_28336591_28351161
c72fdba9-6b10-4fce-8762-c7ba31ba4a85,Jol Vahdy,https://play-lh.googleusercontent.com/a-/ALV-UjW0nx7xGbuxh6Y7GkZyaYbv24-oVd_7hlNKIkefrf0ksaFupPi0,"Game pelit update kayak anjing, gacha anak haram mahal",1,0,5.3.0_29183395_29332470,2025-01-01 22:28:02,"Halo, Traveler! Traveler dapat melihat aturan sistem Wish di bagian [Rincian] pada halaman Wish. Jika kamu memiliki pertanyaan tentang perincian dari aturan tersebut, silakan hubungi tim Layanan Customer Support kami melalui feedback in-game atau melalui email.",2025-02-14 17:54:26,5.3.0_29183395_29332470
7a5986ae-130c-4c9c-9920-b21ed76cca8e,birul lol,https://play-lh.googleusercontent.com/a-/ALV-UjUG501mYkAdP2XRu3CN0BM_U2ZUErUP3wmcZa05bputxQeZKxsx,Charnya yapping mlu bikin ngantuk,3,0,,2025-01-01 22:25:15,,,
79421ea4-e314-4352-9cf7-be7ce1e180d6,Cream Charlotte,https://play-lh.googleusercontent.com/a-/ALV-UjV_ruzcPQ29ghY3uxzQJLKOqPEam8UBnKphen0P3otHKhfwICI,Chitlali is money now hehehe,4,0,5.2.0_28336591_28351161,2025-01-01 22:18:22,,,5.2.0_28336591_28351161
5454e8e2-e3df-4618-81bc-f5bb123e74ba,Yayan 345,https://play-lh.googleusercontent.com/a/ACg8ocJ140NxOO_juPjZoJVIR0Kc965hR_XA8cQBqm4iAMCp-3VO9Q=mo,Good game,5,0,5.2.0_28336591_28351161,2025-01-01 22:18:10,,,5.2.0_28336591_28351161
13e717ce-79fd-4186-9038-e4bba9302b8f,16 Nabil Irfan Kamiil,https://play-lh.googleusercontent.com/a-/ALV-UjVBG-FcgsyeYp1poYBD_lvr0zPeja6eQw3bdHDP-Rav4yZm5Eg,"gwa salut sama mihoyo, improvisasi game nya makin kesini makin oke walau sistem gacha pelit tapi menurut saya isokei karena kita sebagai Player akan aktif jalankan misi dan eksplorasi game agar dapat game. experience saya walau baru bermain satu tahun lebih terkait game ini sungguh mengesankan. Game ini adalah game Adventure yang sangat bagus di device hp menurut saya untuk genre Fantasy joss pkoknya",5,0,,2025-01-01 22:01:26,,,
c75ca766-bb36-4f54-953b-2c32a2f77bb6,MoeTakeru',https://play-lh.googleusercontent.com/a-/ALV-UjXTRNwAs_U7Gftc8fzskdyw7pVx7g-2GRMoKMNu2mcfzoO2hsGu,"untuk semuanya sih dh bagus yaa cuman saran saya untuk developer kedepannya mungkin bisa ditambahkan fitur untuk mengatur tombol agar bisa di ubah sesuai keinginan, soalnya menurut saya tombol bawaanya kekecilan jadi kalo mau mencet tombol kadang ga kepencet.",5,6,5.3.0_29183395_29332470,2025-01-01 22:00:56,,,5.3.0_29183395_29332470
a7be68fc-55e0-481b-830e-d486c64b132e,Intan Puspita,https://play-lh.googleusercontent.com/a/ACg8ocJ1LQ87cmR-L0NdCHQwyXYqqnNWksKfElFpHfY232ZITxRcnA=mo,WHY DID YOU KILL MY CAPITANO?!!!!!!,1,0,5.3.0_29183395_29332470,2025-01-01 21:59:43,"We sincerely apologize for your unsatisfactory experience, Traveler. If you have any feedback or suggestions, please send us an email or contact Customer Service via in-game feedback to help us improve the game.",2025-02-14 17:53:57,5.3.0_29183395_29332470
44c45868-bf62-4064-b6fa-c2f91b3d6902,Amanda Mboh,https://play-lh.googleusercontent.com/a-/ALV-UjVw3kOiZY8plAoQ3gQR3P0-kAmZWBhOMI2ZTfjWhoJRIAamqH8,bring capitano back please,5,0,,2025-01-01 21:55:44,,,
ede3b24f-9437-4e50-8c60-ee5005f415c2,Lumi Zxia,https://play-lh.googleusercontent.com/a/ACg8ocLht70_dCvjTpPrLHB1htFf7d47BJFuAeUu09nOvKP44Wqo0g=mo,bagus,5,0,,2025-01-01 21:26:30,,,
c067aa42-bda0-49af-92f9-86aa7ced3cde,Indra Y,https://play-lh.googleusercontent.com/a-/ALV-UjW2BGWxOHbwaZi8juqzEOMDWjHjvYF2Sk3y8qFta01KXw_hzgs,"Hoyo, tambahin dong aktivitas karakternya misalnya jean lagi di kantor, atau lisa di perpustakaannya dan sebagainya, biar bisa banyak interaksi",5,0,5.2.0_28336591_28351161,2025-01-01 21:24:40,,,5.2.0_28336591_28351161
c60d685d-f0ae-460a-90ed-7bf2d4b4b33b,Muhammad Roby Pratama,https://play-lh.googleusercontent.com/a-/ALV-UjUxm9AsJWpnjG9ONpDnorBfslCBtcVdMR7733QqlBqX_WvvtKzi,"The best game, Tapi kalau bisa jangan pelit primogem aja",5,0,3.3.0_11741873_11806263,2025-01-01 21:10:50,,,3.3.0_11741873_11806263
4ee957e9-69b5-47de-882d-0b4d3614da57,Spear Head,https://play-lh.googleusercontent.com/a/ACg8ocJaw9Nz7cnZO3PUDCZ6vlkq_733AwJQ7EdbKdCX37h3VTsZog=mo,"Pra-unduh 12gb.pas mau masuk update 100an mb.masuk game pun ""sedang menyiapkan update versi terbaru"" Game rusak! Berapa kali yg dibutuhin buat update woyyy Semoga anak keturunan para admin menderita seumur hidup",1,1,5.3.0_29183395_29332470,2025-01-01 21:08:46,"Halo, Traveler! Terima kasih telah mendukung Genshin Impact. Fungsi fitur pra-unduh adalah untuk memberikan player akses pada konten terbaru lebih cepat sewaktu versi terbaru dirilis. Jika Traveler mengalami masalah sewaktu pengunduhan, silahkan menghubungi CS kami melalui email. Kami akan memberikan bantuan/jawaban yang sesuai untuk Traveler.",2025-02-14 17:52:48,5.3.0_29183395_29332470
33309f54-eb1b-41fa-8932-38b8e55605c8,kuma day,https://play-lh.googleusercontent.com/a-/ALV-UjWNj9h8C_oddhithEJHYs-Uh7F0teBnkhZ5qGq64NCXXci9Bj2V,"Player bukan cuma yg punya pc doang bangke... Pke hp bentar"" Dc bentar"" Dc.....",1,0,5.3.0_29183395_29332470,2025-01-01 21:08:17,"Kami mohon maaf atas permasalahan ini, Traveler. Silakan hubungi kami melalui email atau feedback in-game untuk mendapatkan bantuan lebih lanjut tentang masalah ini.",2025-02-14 17:53:25,5.3.0_29183395_29332470
fc509a26-48e8-49bd-8ec7-0433bd88c50a,Aris Ismail,https://play-lh.googleusercontent.com/a/ACg8ocJ0hh1TcJT92EvYwTYShb78du7hnyhb1Qn3eQoxLJP3o-k=mo,Sangat benci spiral 5.2 mohon pertimbangan kembali setiap monster yang ada di lantai 12,1,3,5.3.0_29183395_29332470,2025-01-01 21:05:30,"Terima kasih atas dukungan Traveler terhadap Genshin Impact. Kami menerima secara terbuka semua masukan/umpan balik dari kalian. Jika Traveler memiliki saran atau masukan, jangan ragu untuk menghubungi kami melalui feedback in-game atau email.",2025-02-14 17:48:31,5.3.0_29183395_29332470
c9c379de-cfbd-435d-90e5-ae0ceb4961bf,AZHAR ACEH,https://play-lh.googleusercontent.com/a/ACg8ocLobiUvu2gdZF5AV4ZGgOEScGsEWRdlEpKfputQAc0avuiGfA=mo,Wahai hoyover yang baik hati kasih lah Primoge 100 gratis setiap hari kami sangat susah untuk mendapatkan jadi hargai lah perasaan kami 🫶🥰,5,0,,2025-01-01 21:04:04,,,
3927560e-47a6-48a4-853e-f5bc021e13d1,MH. FR,https://play-lh.googleusercontent.com/a/ACg8ocIg-Ehj_mFva8pZQT1K37f574p7FbMeX_WS7zW_nNagDt6fo4E=mo,"Terima kasih genshin impact, dari hari ini saya sudah tidak bisa memainkan game ini lagi , dikarenakan menjual hp saya, saya membutuhkan uang , tapi kalau memang mendapatkan rezeki saya akan kembali lagi memainkan game ini lagi , semua sudah Explorer 100% sangat berat untuk meninggalkan game ini. See u next time genshin impact:) 01 Januari 2025 . Im Back",5,2,5.2.0_28336591_28351161,2025-01-01 20:59:07,,,5.2.0_28336591_28351161
2e266606-86ae-4f2b-bacb-21dc653eb567,Keixxy Axlaita,https://play-lh.googleusercontent.com/a/ACg8ocIs07gX7ausqmSeZwH9PyjgXDQRMPunI-OW5X9J2iqxox9Fpg=mo,b4 karna gada rumput,4,0,,2025-01-01 20:41:32,,,
3cb798b1-4464-4d6b-b700-4e8cb65b8fb2,SDimas Tri,https://play-lh.googleusercontent.com/a-/ALV-UjUkrungKeGgX-4DMaMEV5BvSQSReR5HSsPQUAFQNbnSwxAYUAP7,"I found a bug about mavuika, if i change a character in my friend world, mavuika will already ride her Motorcycle and not use her nightsoul, so basically infinity Motorcycle",5,0,5.3.0_29183395_29332470,2025-01-01 20:41:12,,,5.3.0_29183395_29332470
c6502257-66d6-4365-a1d8-e172ea9db522,Reyhan Utomo,https://play-lh.googleusercontent.com/a/ACg8ocKNU8zCf2MgNgRxMyPqEJY4jH8j69Q3XqAA5g3H5-GpCG50mw=mo,Di apdetan kali ini tidak ada yang mengejutkan,1,1,5.3.0_29183395_29332470,2025-01-01 20:40:20,"Terima kasih atas dukungan Traveler terhadap Genshin Impact. Kami menerima secara terbuka semua masukan/umpan balik dari kalian. Jika Traveler memiliki saran atau masukan, jangan ragu untuk menghubungi kami melalui feedback in-game atau email.",2025-02-14 17:46:34,5.3.0_29183395_29332470
50ea962f-d991-448f-9233-c88c8b7dc786,Prisco Leonardo,https://play-lh.googleusercontent.com/a-/ALV-UjULS5yM3SDFS_Uv_To7d04gYO3SfOohepmQvXsN0KU4w8nx0HJd,mau change email kek mau pindah negara susahnya hadeh,1,0,5.3.0_29183395_29332470,2025-01-01 20:38:42,Mohon maaf sebesar-besarnya atas terganggunya pengalaman bermain Traveler. Silakan hubungi Layanan Pelanggan kami melalui email untuk mendapatkan bantuan terperinci mengenai masalah ini.,2025-02-14 17:46:22,5.3.0_29183395_29332470
d05628cd-bda2-47c1-ae8c-c0ae0af157a2,Fauzan Muhammad Ibrahim,https://play-lh.googleusercontent.com/a-/ALV-UjXKfGyYLH_TaIN7jrgM0loX19H8TDxVS9ffgWtKssP0T3ZjKbU,Never win 50/50 banner event is suck,1,0,,2025-01-01 20:35:23,"Hello, Traveler! You can view the Wish System rules in the Details section of the Wish screen. If you have any questions about the details of the relevant rules, please feel free to contact our Customer Service team via the in-game feedback channel or email.",2025-02-14 17:42:21,
e99d3a85-61d8-4827-a783-53ab5b786219,Gerald iskandar,https://play-lh.googleusercontent.com/a-/ALV-UjUuXSu0oTG6l55B7i2hfWe29ZHr5LMFTmRdCML90caOydIvxol2,Boyow,5,0,5.3.0_29183395_29332470,2025-01-01 20:10:31,,,5.3.0_29183395_29332470
d3ed9cad-e421-4394-b877-7c8a667e90f9,Handy wijaya,https://play-lh.googleusercontent.com/a-/ALV-UjXATkKTlPAxwHezJndFe-6RiN0lvmtrHOc_KbJsNWFFi8zcgzk,"Game konyol, rate banner g ngotak, sdh kalah rate off terus di hard pity lagi.",1,0,,2025-01-01 20:05:48,"Halo, Traveler! Traveler dapat melihat aturan sistem Wish di bagian [Rincian] pada halaman Wish. Jika kamu memiliki pertanyaan tentang perincian dari aturan tersebut, silakan hubungi tim Layanan Customer Support kami melalui feedback in-game atau melalui email.",2025-02-14 17:42:34,
f219a859-347c-446b-bcfe-3ddc12b0f2ce,Haikal,https://play-lh.googleusercontent.com/a/ACg8ocIdJ7JaPEpBF-047GNafP_TmeGv4U7s4EjVnPGCFnQnBMiAhA=mo,Gg hoyo,5,0,5.2.0_28336591_28351161,2025-01-01 19:56:19,,,5.2.0_28336591_28351161
40dc20b2-6760-400a-9884-0d9ba95cef02,dedi boomber,https://play-lh.googleusercontent.com/a/ACg8ocIMFuDtzZQPRFGhGmg6ds11u9lvFmnLMdXs_KJb63ee2vDWuQ=mo,"Galanya sangat bagus dan menarik, cuman tambah bagus lagi adain mic di dalam gama mungkin lebih seru untuk mengobrol",5,0,,2025-01-01 19:40:49,,,
d7325c06-47b9-48ef-a68d-c95428937c7f,Radit Stevano,https://play-lh.googleusercontent.com/a/ACg8ocJuUJWDtisyySB3qJ4ZxaYy54NtFFORSBexq9zgTGkGE3Tn3A=mo,udah main 2tahun lebih kece banget,5,0,5.2.0_28336591_28351161,2025-01-01 19:37:58,,,5.2.0_28336591_28351161
5acfe046-985d-4371-86ba-5bd322279d9f,Joey Atreides,https://play-lh.googleusercontent.com/a-/ALV-UjWgBPV2kVnpzeJU0MacJTrFUrrV1NkWynRay0L_YUub53c7deEV,"Utk skrg sdh cukup bagus, smg karakternya bs lbh gampang dapat",5,4,3.8.0_15672274_15939604,2025-01-01 19:33:42,,,3.8.0_15672274_15939604
75ab1b03-4d49-41a1-bad5-065b865ffc29,Human From Earth,https://play-lh.googleusercontent.com/a-/ALV-UjUQimGk6rlFRWa1qwHK6SVoIyLKpGEKffUnC5teMGf16dWr0LoFbA,"Kecewa dengan Devs dan Natlan karakter yg hampir semua cewe2 baju aneh, ai main buat cari Husbu dan sekarang mulai pertimbangan quit setelah Capitano mokad di 5.3 AQ",1,0,5.3.0_29183395_29332470,2025-01-01 19:32:50,"Terima kasih atas dukungan Traveler terhadap Genshin Impact. Kami menerima secara terbuka semua masukan/umpan balik dari kalian. Jika Traveler memiliki saran atau masukan, jangan ragu untuk menghubungi kami melalui feedback in-game atau email.",2025-02-14 17:40:19,5.3.0_29183395_29332470
0685c465-d675-4f94-9d45-d19c73a7b548,galih gaming,https://play-lh.googleusercontent.com/a-/ALV-UjVX1yvBahT-HzcEd7mEug_8ihS_941sYTHUHUZbo9G7pB6IR6pF,"Gamenya bagus cuman gw males di bagian gachanya aja yg sangat susah untuk mendapatkan karakter utama. Dan juga hadiah untuk mendapatkan primogem sangat susah. Kayak ada misi membunuh monster trs dpt hadiah 60 primogem dan monsternya sangat susah untuk di kalahkan, dan ingin naikin karakter tapi sistem gachanya haram.",4,1,5.3.0_29183395_29332470,2025-01-01 19:31:17,,,5.3.0_29183395_29332470
7045a6f6-db33-4ad1-85b4-b5a21856f3cf,Reyhan Desvian p,https://play-lh.googleusercontent.com/a/ACg8ocLRKe1HBx8WK3StSR86vRnsUgDpwHrR3YeZoz3HqyhQrJ7K5g=mo,Seru game nya saya suka,5,0,5.3.0_29183395_29332470,2025-01-01 19:30:33,,,5.3.0_29183395_29332470
bf0fa6c5-bd5f-45fb-a885-e6b100a921d5,Ilham Daniel AS,https://play-lh.googleusercontent.com/a-/ALV-UjXYQ4sR9NDUzw3Xb43np_fhK0zhdfbmMmuhHxYd8JFWr-UO8Iyv,"Ini bercanda kan kenapa saya habis download 7gb kenapa ngulang jadi 15gb emang updatenya sebesar itu atau ngulang, saya sudah berapa kali kaya gini, jadi males kalo bug gini",1,5,5.3.0_29183395_29332470,2025-01-01 19:19:13,"Kami mohon maaf atas permasalahan ini, Traveler. Silakan hubungi kami melalui email atau feedback in-game untuk mendapatkan bantuan lebih lanjut tentang masalah ini.",2025-02-14 17:39:40,5.3.0_29183395_29332470
2ee214fc-d1a6-4883-a72d-46889673a6a8,Almira Nafeeza Ayu,https://play-lh.googleusercontent.com/a-/ALV-UjXOQRJWpsTnONPJ__9AHECg8E5j91TYe6VVx4LmLYo67oU5yRgP,"New phone, new quality 🥰‼️‼️",1,0,5.2.0_28336591_28351161,2025-01-01 19:04:25,"Thank you for supporting Genshin Impact, Traveler! If you have any issues with your game experience, please send us an email or contact Customer Service for help via in-game feedback.",2025-02-14 17:38:55,5.2.0_28336591_28351161
23901d85-4bd8-49b6-a4bb-0c0f70101619,Lucky Nugrah,https://play-lh.googleusercontent.com/a-/ALV-UjXdAWnaRoRBbGgPYHUT3r_8La6J4HxGzY3aXprmWRwG3FX-m-jy,Thank you for giving me Mavuika. I hope my luck wish lasting at upcoming Chronicled Wish!,5,0,5.3.0_29183395_29332470,2025-01-01 19:02:45,,,5.3.0_29183395_29332470
85d31f01-4bcf-40f8-9f26-c475a7b248c7,Yan Ska,https://play-lh.googleusercontent.com/a/ACg8ocIoJ8AMMpJInIpoFO272Kbe4c9K4tiKejJp07x402A8thrTmw=mo,Good,5,0,5.2.0_28336591_28351161,2025-01-01 18:56:36,,,5.2.0_28336591_28351161
0a2423f7-f153-4b9b-84f5-2d6f9285705a,Arman malik,https://play-lh.googleusercontent.com/a-/ALV-UjUogRlcyhN2gnHNOrIWZllzLsVLGrmc0oFRlf2DrNuDPvXi31Ni,Kreatif,5,0,,2025-01-01 18:40:54,,,
a815f35f-77c4-44ff-b256-5fcabe7577e9,8I_09_CLARINDA KARENIA WARHAN (Clarinda),https://play-lh.googleusercontent.com/a-/ALV-UjVfY_FY0zFrv-k1M4qoJyDA6dNsBjjoOzzTRfAx3swDrMwv-g0VSQ,CAPITANO WILL LIVE!!!,1,0,5.3.0_29183395_29332470,2025-01-01 18:38:18,"Thank you for your constant support of Genshin Impact. We welcome any valuable input from you. If you have any comments or suggestions you would like to share, please feel free to contact our Customer Service team via the in-game feedback channel or email to help us improve the game.",2025-02-14 17:38:21,5.3.0_29183395_29332470
a26281d8-43bf-4f43-8f58-04251eb06bdb,Andik _,https://play-lh.googleusercontent.com/a/ACg8ocLSqqY-RNblwiFoUP6NPt32yW_qN11X5lDEeGYSQdzP6T0x9Q=mo,"bagusss semua, waifu, gameplay, grafiknya tetlebih developer semakin dermawann🤩",5,0,5.2.0_28336591_28351161,2025-01-01 18:26:24,,,5.2.0_28336591_28351161
fa5cbbe3-9956-4a01-b688-81b06226cba5,Udin Zuhri,https://play-lh.googleusercontent.com/a/ACg8ocKRF_S52kNdmO7rCmRtHb5ZF7nFvycEZvz7u9yqPw07Dr5awA=mo,Woi hoyo tambahin fitur untuk stik ps 3 buat Android,5,0,5.3.0_29183395_29332470,2025-01-01 18:25:19,,,5.3.0_29183395_29332470
2a878f5b-781d-4a4b-b46d-4b6eb6114113,FhN Official,https://play-lh.googleusercontent.com/a-/ALV-UjXaFwdpFIglJWEKNx5Yp-2xclMDf0pvBbOHK10cWkBbKErjjzDHcQ,sistem gacha artefak dan karakter sangat sulit untuk di dapatkan,1,0,5.2.0_28336591_28351161,2025-01-01 18:24:12,,,5.2.0_28336591_28351161
57760ec8-bb61-47b2-a56e-fa9f75cbb2ae,Khalid Muh Rafli,https://play-lh.googleusercontent.com/a-/ALV-UjX1oq893CB2IhfwVW0GOUKCAOub6FPOcZLbPsAi0yb4iW8nws_T,Tambah kan Tombol SKIP GAME KIKIR,1,0,,2025-01-01 18:14:37,"Terima kasih atas dukungan Traveler terhadap Genshin Impact. Kami menerima secara terbuka semua masukan/umpan balik dari kalian. Jika Traveler memiliki saran atau masukan, jangan ragu untuk menghubungi kami melalui feedback in-game atau email.",2025-02-14 17:37:02,
f2876c5e-7de0-4b18-b7bc-a21beadd0afa,Jatmiko Miko,https://play-lh.googleusercontent.com/a/ACg8ocKZ9fyHKKB4uJOdFiLPE7EbnnGgTOWS5_dgBKX0pSVhgjz2Jw=mo,Gamenya bagus storynya juga bagus 🖐️😐🤚,5,0,5.3.0_29183395_29332470,2025-01-01 18:05:39,,,5.3.0_29183395_29332470
562f1260-09bc-4949-aa63-f5d13c67e4a7,Hitoruki Naomi,https://play-lh.googleusercontent.com/a-/ALV-UjX2ZgijWVWdCL-F23BHfEsDG9w6j6K79YqmPLXbNW7FmZvqZsI,Mantap,5,0,5.2.0_28336591_28351161,2025-01-01 17:57:22,,,5.2.0_28336591_28351161
9be48d3b-6ac3-49ff-b4fb-9cbfa1f0506a,Muhammad Abib,https://play-lh.googleusercontent.com/a-/ALV-UjXofAB-jseZ9dw7FfJmDJok_Cz5X2IE_vtGPqUwH8nAzztOtHrG,Baaaaguuuus its greats,5,0,5.3.0_29183395_29332470,2025-01-01 17:53:31,,,5.3.0_29183395_29332470
4061e297-23e3-4068-a5c0-4b35d33fa6bf,Michael Hartoyo,https://play-lh.googleusercontent.com/a/ACg8ocJ-mrUisuD5ckLCBkYd8lT6qU-K_eV6376iA4aYYVAaU2y5rg=mo,Character kesayanganku mokad :'3,1,0,,2025-01-01 17:45:05,"Terima kasih atas dukungan Traveler terhadap Genshin Impact. Kami menerima secara terbuka semua masukan/umpan balik dari kalian. Jika Traveler memiliki saran atau masukan, jangan ragu untuk menghubungi kami melalui feedback in-game atau email.",2025-02-14 17:36:23,
8a072505-79b3-412a-b031-4ca65374d7d8,Dio Bruh,https://play-lh.googleusercontent.com/a-/ALV-UjW-HN3PZJh-pCvzrDqfph6AjyIvOe9HyHsf8w3U6mBwKfKUpwx6,Donwload nya lama banget 30 gb ;),2,0,,2025-01-01 17:42:10,,,
092dd919-3264-4a36-ad74-616a14921c76,AnakElite,https://play-lh.googleusercontent.com/a-/ALV-UjVvjnVpas76gqDAZcq2Qld8pHzxTT7yoMLdkhQP-u9TFQbhdJH7,Make CAPITANO PLAYABLEEEE,1,0,2.3.0_4786731_4861639,2025-01-01 17:41:51,"Thank you for your constant support of Genshin Impact. We welcome any valuable input from you. If you have any comments or suggestions you would like to share, please feel free to contact our Customer Service team via the in-game feedback channel or email to help us improve the game.",2025-02-14 17:36:20,2.3.0_4786731_4861639
b0234e47-2648-49e8-a896-5e797ed764a9,Hann Kannaeru,https://play-lh.googleusercontent.com/a-/ALV-UjW3vMqm0Ig-6zm3-jejQdLehCGZ8IFoqFs_DsVl1KbpXVmgxMS9,Mantap beut,5,0,5.2.0_28336591_28351161,2025-01-01 17:38:55,,,5.2.0_28336591_28351161
dfa4ccd9-9dc7-4317-9b67-ddfbd961cb47,Noxxx Pix,https://play-lh.googleusercontent.com/a-/ALV-UjVvWBAHSSF4FRAVfRrS7PWKPf8Uoouwv6CO5weUn2IdPYRFTCC4,Kapan genshin impact android bisa gamepade,1,0,5.3.0_29183395_29332470,2025-01-01 17:24:42,"Terima kasih atas dukungan Traveler terhadap Genshin Impact. Kami menerima secara terbuka semua masukan/umpan balik dari kalian. Jika Traveler memiliki saran atau masukan, jangan ragu untuk menghubungi kami melalui feedback in-game atau email.",2025-02-14 17:35:41,5.3.0_29183395_29332470
73f20164-ddc6-47fc-965f-d83f971c87a0,Dirga,https://play-lh.googleusercontent.com/a-/ALV-UjVY5cMnkK_hO5Fugy1fTUkycFYnhWy-tahu9pNh5b-TC4b0H8Ug,"Kikir impek, dh kikir donlot data e kali error terus, pas ekstraksi data 3 gagal terus, tidak ramah bintang 1",1,0,,2025-01-01 17:22:15,"Kami mohon maaf atas permasalahan ini, Traveler. Silakan hubungi kami melalui email atau feedback in-game untuk mendapatkan bantuan lebih lanjut tentang masalah ini.",2025-02-14 17:35:29,
9631d0c1-fae2-4590-b3ec-956685f37899,Fika Latifah,https://play-lh.googleusercontent.com/a-/ALV-UjX_8lYmkNi8OAAOKJEpmCUqFtMs6ZEkHoV6DEIwzK8U_EICTBxo,"Patch kali ini best banget, ya walaupun ga f2p friendly wkwk, tapi ada mavuika, citlali, trus rhythm event juga jadi permanen, bakal ada lantern rite juga nanti, beuh sangat di nanti nanti",5,0,,2025-01-01 16:56:41,,,
daec51e5-a3c7-466b-89c1-502e5a169614,Jaka Tingkir,https://play-lh.googleusercontent.com/a/ACg8ocIHiDPypb7E7wwQZyC2iMQmHT4OVwzJES-btT-npx-eO8cD6w=mo,Akhirnya pensi juga,1,0,2.2.0_4340077_4464168,2025-01-01 16:45:38,"Terima kasih atas dukungan Anda terhadap Genshin Impact, Traveler! Kalau Anda mengalami kesulitan apa pun yang berhubungan dengan Genshin Impact, silakan hubungi kami melalui email atau feedback in-game untuk mendapatkan bantuan.",2025-02-14 17:32:51,2.2.0_4340077_4464168
23d0bd09-a299-4f7e-9130-eea6b16ce428,batman forever,https://play-lh.googleusercontent.com/a/ACg8ocJSezQ3y4bHkYCF7WHls3T1umQJ9Nf4t2sI0G_R7HnMBBw90Q=mo,Oi hoyo akun gua kenapa hilang setelah update hah?,1,0,5.3.0_29183395_29332470,2025-01-01 16:41:08,Mohon maaf sebesar-besarnya atas terganggunya pengalaman bermain Traveler. Silakan hubungi Layanan Pelanggan kami melalui email untuk mendapatkan bantuan terperinci mengenai masalah ini.,2025-02-14 17:34:26,5.3.0_29183395_29332470
26e302e5-4c81-4738-b0c6-c616ae2413dc,Manusia Berkaki dua,https://play-lh.googleusercontent.com/a-/ALV-UjWWvnVZnlXNKCDHa2Bvhjbzk49Dggb1SmJ27T1VfQjqtYQimwM,orng klau mw buat mode ritme yg niat dkit taeee😡😡😡😡🤬🤬🤬🤬🤬🤬💩💩💩💩💩,1,0,5.3.0_29183395_29332470,2025-01-01 16:38:25,"Terima kasih atas dukungan Traveler terhadap Genshin Impact. Kami menerima secara terbuka semua masukan/umpan balik dari kalian. Jika Traveler memiliki saran atau masukan, jangan ragu untuk menghubungi kami melalui feedback in-game atau email.",2025-02-14 17:32:27,5.3.0_29183395_29332470
b50eb4e9-1546-4538-b38e-633b9c208a66,Alexander Geraldy,https://play-lh.googleusercontent.com/a/ACg8ocKVezz0wy_8cQHDJNFMqRCJH-RDEFfm_l49-oyHYgb6PcSd1g=mo,"Game ini keren banget, mulai dari story, character dan aspek di dalamnya keren maksimal",5,2,5.3.0_29183395_29332470,2025-01-01 16:32:06,,,5.3.0_29183395_29332470
385c3a6f-41f6-4d6f-b2bd-dc40df7f1c88,Ahmadokta Wijaya,https://play-lh.googleusercontent.com/a/ACg8ocLzYBho-vm6WBBiZaeB2CSG56PEj4BqQItJkwG6OjD1793ycw=mo,"Ada masalah di bagian pas download data, udah download data sekitar 3GB kemaren, pas mau ngelanjutin download lagi malah reset dari 0mb bukan dari 3GB",3,0,5.2.0_28336591_28351161,2025-01-01 16:30:27,,,5.2.0_28336591_28351161
d15709a7-daf3-47c3-9f0e-6077226303a9,Rahmad mc303,https://play-lh.googleusercontent.com/a-/ALV-UjWeuVma8go-JZXEgP15EfiBkVKrvmMuhJ0iRqTsvaiLQVioQ5w,Gacha game nya pelit,1,0,5.2.0_28336591_28351161,2025-01-01 16:29:58,"Halo, Traveler! Traveler dapat melihat aturan sistem Wish di bagian [Rincian] pada halaman Wish. Jika kamu memiliki pertanyaan tentang perincian dari aturan tersebut, silakan hubungi tim Layanan Customer Support kami melalui feedback in-game atau melalui email.",2025-02-14 17:29:05,5.2.0_28336591_28351161
60acc80b-9a91-4e5b-95b5-2670268d27c1,surianti Surianti,https://play-lh.googleusercontent.com/a/ACg8ocLHJLRGwOT06HcQyRMKUM8NTO5Tbrse_86rlBl4uw-_1ymbPg=mo,"jelek, ini game pelit amat dah gua sudah keluar uang banyak malah gak dapat b5 nya",1,0,5.3.0_29183395_29332470,2025-01-01 16:29:23,"Halo, Traveler! Traveler dapat melihat aturan sistem Wish di bagian [Rincian] pada halaman Wish. Jika kamu memiliki pertanyaan tentang perincian dari aturan tersebut, silakan hubungi tim Layanan Customer Support kami melalui feedback in-game atau melalui email.",2025-02-14 17:31:04,5.3.0_29183395_29332470
ce678d2d-9ff2-4dc9-9272-4ba5b6534a85,Ayunda Najwa,https://play-lh.googleusercontent.com/a/ACg8ocLI3xIFvOsSrkariHF4-YCCluyOLG99mbNeGHkUO_e36PF9Fw=mo,Bagus 🤩,5,0,5.3.0_29183395_29332470,2025-01-01 16:28:10,,,5.3.0_29183395_29332470
ca0decea-35a8-46c6-b545-928d003de397,Hikaru Moe337,https://play-lh.googleusercontent.com/a-/ALV-UjUp3JMNapgY1N60h_OKqOQQ_6qKv-Ku-xQ619nXtx3dB43nsN4,"Pls download genshin cuma buat cari husbu/waifu malah keterusan sampe 2 tahun💓,maap baru rating😭",5,0,5.3.0_29183395_29332470,2025-01-01 16:27:31,,,5.3.0_29183395_29332470
de5a8439-4d82-4269-8fbb-900e05fe19ae,Arga Alfaruq,https://play-lh.googleusercontent.com/a/ACg8ocKF9mX1YSZztiW7cKsx3q0fIhuCcrLDcDU-3bPNrZ_eRNkp9A=mo,jangan kikir ya,5,0,5.2.0_28336591_28351161,2025-01-01 16:27:10,,,5.2.0_28336591_28351161
b0569161-075f-47e1-9df2-a32833127faf,Muhammad Arakha Virendra,https://play-lh.googleusercontent.com/a/ACg8ocLvJXpX5i4hYYdnWOTLVVQiAMpTA9XNPpxM0esglA_VuuKr9w=mo,Game yang sangat seru dengan petualangan nya yang menarik grafis bagus cocok untuk game anime 1,5,1,5.3.0_29183395_29332470,2025-01-01 16:21:13,,,5.3.0_29183395_29332470
08eddd43-e911-4d29-a79f-5620e182ee3b,Cetqu Gan,https://play-lh.googleusercontent.com/a-/ALV-UjUb_RkaMMuGcmCa3bl3nssyAA209iliYIkRvgoFOUJagIWJwvk,Seru banget tapi hp ku masih kentang mau main yang cloud tapi berbayar 🥲,5,0,5.3.0_29183395_29332470,2025-01-01 16:12:15,,,5.3.0_29183395_29332470
8dff5524-2f6d-4a06-b5ca-dd9c35a5a7c3,Dodii Menan666is,https://play-lh.googleusercontent.com/a-/ALV-UjWMKFk6dto-vmTA3kGJm6kRsdTCQTmxpSKjEoYUHTrckfKJyveO,"Sebenernya gk ada genshin killer,genshin killer,yg bakal bvnvh ni game ya dari pengembang game nya sendiri,beberapa fitur kek""game pad,custom hud""di lock (mungkin dijual ke perusahaan-perusahaan device²tertentu) jadi buat yg main nih game pake device yg gahar sekalipun,kalo perusahaan pengembang device nya kagak beli sistem nih game kikir,gk bakal support,gk kek game sebelah,baru jalan beberapa patch tapi fitur dah bejibun,dah makin berkembang GK kek game kikir nih,yg dah jalan 4th+...",1,0,,2025-01-01 16:08:31,"Terima kasih atas dukungan Anda terhadap Genshin Impact, Traveler! Kalau Anda mengalami kesulitan apa pun yang berhubungan dengan Genshin Impact, silakan hubungi kami melalui email atau feedback in-game untuk mendapatkan bantuan.",2025-02-13 17:17:48,
c60d69d8-06b8-425b-94d2-7a544bb4dfa2,Abilio Adi Affonso,https://play-lh.googleusercontent.com/a-/ALV-UjVkYFi8tmWPnoV4LKfQyWwLVLwrE_ZiNWorNB7Ambb5wGBhVf-D,Jangan pelit primogem,5,0,5.2.0_28336591_28351161,2025-01-01 16:05:01,,,5.2.0_28336591_28351161
5f4827f1-b704-4846-80a1-1813539a6eae,Wang Wang,https://play-lh.googleusercontent.com/a/ACg8ocLyFwVKScPsxIdIbFHQMUGCq4hcY1oSR33y_BovHnMePCvcGw=mo,Game open world yg bagus dengan cerita yg keren,5,0,5.2.0_28336591_28351161,2025-01-01 15:53:31,,,5.2.0_28336591_28351161
475ff853-85ee-4179-ab9e-0ced7ac79200,Akbar Dzulfikar,https://play-lh.googleusercontent.com/a-/ALV-UjXhdLX6bsith3d--siZOxmvJ8tewcT1GcOED5ey6EGfGU2m7uM,Aman aja,5,0,5.2.0_28336591_28351161,2025-01-01 15:51:14,,,5.2.0_28336591_28351161
1fc39105-7ce5-4ed5-8e39-a767ef9e79a3,Akmal Kamazone,https://play-lh.googleusercontent.com/a/ACg8ocIlux6pWfkpVD7QjokfsiBUEDmXxk-bwu2Zz_SgYFIFmTxgNg=mo,Dialog skip,1,0,,2025-01-01 15:48:39,"Terima kasih atas dukungan Traveler terhadap Genshin Impact. Kami menerima secara terbuka semua masukan/umpan balik dari kalian. Jika Traveler memiliki saran atau masukan, jangan ragu untuk menghubungi kami melalui feedback in-game atau email.",2025-02-13 17:31:42,
77a7d06f-7d39-448c-8c01-601241dc8c81,altair,https://play-lh.googleusercontent.com/a/ACg8ocJGFr-tVVjFliqVMKSPokgByQNabAMiCETbgdQjo8Pr_HWAfA=mo,"Sebagai pemain GI yang terbilang baru, cukup mengecewakan melihat bagaimana keluhan dan masukan dari banyak orang terus diabaikan. Natlan, yang seharusnya menjadi region yang epik, malah menjadi bobrok. Ditambah lagi, karakter seperti Citlali yang awalnya bagus malah dibuat menjadi waifubait (for incels huh?). Jumlah karakter laki-laki B5/B4 yang amat dikit, sangat jomplang dengan karakter perempuannya. Oh ya, tolong lebih adil juga pada Travaler (tidak pilih kasih), daripada player pada pergi.",1,0,,2025-01-01 15:42:24,"Terima kasih atas dukungan Traveler terhadap Genshin Impact. Kami menerima secara terbuka semua masukan/umpan balik dari kalian. Jika Traveler memiliki saran atau masukan, jangan ragu untuk menghubungi kami melalui feedback in-game atau email.",2025-02-13 17:10:24,
54b4b402-8fa7-4f4f-b17f-d3f448a243dc,HANAN Nur Pamuji,https://play-lh.googleusercontent.com/a-/ALV-UjVP0RGVHzB2UxYuxcGdfj72Pq064iYIzN-fofNgFAKfQ1z1VCus,Dari Story Grafik Desain Karakter Nya Bagus Banget Tapi Untuk Mencari Primogem Nya Sedikit Sulit Jika Sudah Memasuki Endgame,5,0,5.2.0_28336591_28351161,2025-01-01 15:41:56,,,5.2.0_28336591_28351161
e5bbaba9-75cc-410a-814f-23b03a7ffad4,Neostyle Neo,https://play-lh.googleusercontent.com/a/ACg8ocIW6a5h6aC6qPO3qlMhqCH48idutAh8OcTfWRO5Q8EdWStSFA=mo,Kikir sekali lagi paaaahaaaam Dan plagiaaaat zelda botw genshin gaaaak realistis mendingab zeldaaaa,5,0,,2025-01-01 15:37:30,,,
968b2822-5a3b-41d5-9512-f9190486635f,Ahmad Mustofa,https://play-lh.googleusercontent.com/a-/ALV-UjV-qu22xCV29PybpeIs5LUgo6Uuh7DL63LTxvrvKrFNAvzNEhBE,Game dengan story dan gameplay terbaik yg pernah sy mainkan d Android.,5,0,5.3.0_29183395_29332470,2025-01-01 15:32:57,,,5.3.0_29183395_29332470
c2d22049-8a13-41dc-aff4-d7b9b7a5d331,David William (Liam),https://play-lh.googleusercontent.com/a-/ALV-UjX3GVCI7sbYKZihh0w-aOT7gKgAbm1Yhjm73EypqgWK-opr3hJe,"Buat hoyo,saya punya satu permintaan tolong bikinkan pengaturan tukar MC Game Genshin Impact nya dong saya salah milih MC nya. Yang tadinya mau milih kakaknya malah milih adiknya.",4,0,5.3.0_29183395_29332470,2025-01-01 15:07:55,,,5.3.0_29183395_29332470
4a876dee-ac22-4e94-8cce-57e18e809d60,Dra Go,https://play-lh.googleusercontent.com/a/ACg8ocLcTpOaEo-w3Y5jkC26nNmRwmjuGwOpP4UierzXFnH4zDuEhw=mo,🥶,5,0,5.2.0_28336591_28351161,2025-01-01 14:59:08,,,5.2.0_28336591_28351161
68704471-24bb-4bec-9c95-090ca689d4b9,Faisal Lahat,https://play-lh.googleusercontent.com/a/ACg8ocKvgBbL072xMK5Uxd2gsyNxQ8hqhNCy-_P3aFM_oBhWcchhFA=mo,"Gak pernah menang rate off , tiap rate off di spam qiqi sama dehya dan gak pernah menang low pitty. Game ampas Lo sialan",1,1,4.4.0_20481013_20559831,2025-01-01 14:56:55,"Halo, Traveler! Traveler dapat melihat aturan sistem Wish di bagian [Rincian] pada halaman Wish. Jika kamu memiliki pertanyaan tentang perincian dari aturan tersebut, silakan hubungi tim Layanan Customer Support kami melalui feedback in-game atau melalui email.",2025-02-13 17:28:54,4.4.0_20481013_20559831
9af18312-b3b7-4f2d-ba0c-4ca2d7435f22,Jasper Lau,https://play-lh.googleusercontent.com/a/ACg8ocKHUkS3B0aMiXnTeis7bjqCuUL5w6kXF9claeSn14s2IL-2Wg=mo,"Terlalu banyak karakter yg bajunya ga senonoh, apalagi karakter natlan, karakter cowo makin dikit. Region dgn konsep yg ga jelas. Interaksi antar karakter kurang.",1,0,,2025-01-01 14:53:40,"Terima kasih atas dukungan Traveler terhadap Genshin Impact. Kami menerima secara terbuka semua masukan/umpan balik dari kalian. Jika Traveler memiliki saran atau masukan, jangan ragu untuk menghubungi kami melalui feedback in-game atau email.",2025-02-13 17:31:30,
e6242e1f-61f2-4c0c-b8aa-55273c02f4d4,Icoen Holic,https://play-lh.googleusercontent.com/a-/ALV-UjWzOFqnkMWXM80JgDAUQS4LIlE8qjk4sRVzp2QaK1I-1GRyQto,bagus,5,0,5.3.0_29183395_29332470,2025-01-01 14:51:47,,,5.3.0_29183395_29332470
9c3e31e8-9718-44dc-9021-e641b35c1d79,Meyliza Azzh23,https://play-lh.googleusercontent.com/a-/ALV-UjUtEuurNPS70UZDzOHWLFmA7WggUIkSVUVDnc99KLSzODKNsXjirw,"sangat bagus tapi, IDUPIN CAPITANO GAKK??!, KENAPA COWO SEGENTLEMEN ITU DI MATIIN, IDUPIN YOOO, AUAH 1 JANUARI EEK",5,0,5.3.0_29183395_29332470,2025-01-01 14:32:42,,,5.3.0_29183395_29332470
68588ccb-5437-4d57-a15b-d7d7c689ec41,Axylza.,https://play-lh.googleusercontent.com/a-/ALV-UjVgy4ecgByhFDbdL8dh2YVGVekEBjbtmS9kamcVc3JxWhrfYxHx,"gwa kasih bintang 5, klo childe buntutin traveler kemanapun 😔🙏🏻",5,0,5.2.0_28336591_28351161,2025-01-01 14:30:42,,,5.2.0_28336591_28351161
b78c2492-d6b5-48aa-aabb-006600e674b1,cylrainyh,https://play-lh.googleusercontent.com/a-/ALV-UjXfdPaZeyNt1L1v7my1PJl6yLMOiW4U3ZI64zOvRH-szphgM5w,ni game mau di complain gmn pun juga gabakal pernah di dengerin wkwk,1,0,,2025-01-01 14:30:21,,,
4f97a860-6e48-4409-a293-7123d789695c,Ahmad Winata,https://play-lh.googleusercontent.com/a/ACg8ocJPKWbRsOCKw4t0nQIkUz126CFx1TUSOp_ktbG1eri0VnrbzA=mo,Game yang ak suka dari dulu,5,0,5.2.0_28336591_28351161,2025-01-01 14:24:32,,,5.2.0_28336591_28351161
06626011-8b0d-4211-b4df-9ed2121db3a8,Kadek Satria wirapedda,https://play-lh.googleusercontent.com/a/ACg8ocLw7u-Qum7bU4NiEiOIWtG8KI55-6widcWq5KoRqYXvnqfcdg=mo,Game nya bagus banget sih tapi untuk data game lumayan berat dan kalo pas main kadang patah patah trus gacha juga masih pelit banget,3,0,,2025-01-01 14:24:19,,,
2862a648-08d8-4f19-b915-143cb796bc4c,Syauqal Murzaqi,https://play-lh.googleusercontent.com/a-/ALV-UjX8MjipBg27UEuxPSnxYv40PK1SIQx6Fp5Yph8BMdcp4JL9t4BP,Permainannya sangat seru,5,0,5.2.0_28336591_28351161,2025-01-01 14:21:57,,,5.2.0_28336591_28351161
ac6a3dc6-6348-46fa-b7a8-43e195997deb,Iyan Oyen,https://play-lh.googleusercontent.com/a/ACg8ocJ24t93Uzq8Bbp1LPWGS3uquIxTGZmFb7uTQRptOk9RIP1A=mo,Grafik nya bagus tapi plis kurangin mb nya 🗿🗿🗿🙏🙏🙏,5,0,5.3.0_29183395_29332470,2025-01-01 14:20:03,,,5.3.0_29183395_29332470
187f46a6-fce6-422b-948d-06e08fd422ac,Risky Arya,https://play-lh.googleusercontent.com/a-/ALV-UjUhfdUEf73qTfM_Boivf7F9WsULlUhP9zBBQrEnNvoIuJjttm8,"Bagus Banget Cerita kali ini, aku ingin memberikan 100 bintang tapi terbatas hanya 5 bintang saja. Bagus Banget 😭, Semangat semuanya dan sehat selalu terutama untuk team dalam game ini yang membuat semuanya menarik. Terimakasih",5,0,4.8.0_24603909_24822834,2025-01-01 14:09:05,,,4.8.0_24603909_24822834
384274cb-eff7-4502-b2d8-0adcfb090ec1,Karin Bunga,https://play-lh.googleusercontent.com/a-/ALV-UjUMG7-aOc70dnl9Niu4L824fyzYRU6wNfxk4zWKfOCYEcpWkbes,"Maaf kecewa capitano mati, dan i hate mavuika. Thx natlan, u're so boring and PUQIMAY.",1,0,5.3.0_29183395_29332470,2025-01-01 14:07:23,"Terima kasih atas dukungan Traveler terhadap Genshin Impact. Kami menerima secara terbuka semua masukan/umpan balik dari kalian. Jika Traveler memiliki saran atau masukan, jangan ragu untuk menghubungi kami melalui feedback in-game atau email.",2025-02-13 17:31:13,5.3.0_29183395_29332470
85b24257-6cfa-4d79-b9f9-e8517d6f15c6,Barrr ali,https://play-lh.googleusercontent.com/a/ACg8ocKWJ-adPitQRKh4XMSFcz6jbcRer227TAJYZridE0EP2R19Rg=mo,kontom,1,0,,2025-01-01 14:01:36,"Terima kasih atas dukungan Anda terhadap Genshin Impact, Traveler! Kalau Anda mengalami kesulitan apa pun yang berhubungan dengan Genshin Impact, silakan hubungi kami melalui email atau feedback in-game untuk mendapatkan bantuan.",2025-02-13 17:28:22,
3bc564db-76fa-48b7-a8ec-2cd311404eb3,Redmi12 Note,https://play-lh.googleusercontent.com/a/ACg8ocLdUN1hNJVYxjX4EsVpSiSSF-mYLKpkcsEFzOt3ABLp334ylw=mo,"Karakter nya kurang aduhai, mungkin kebanyakan player berpikir seperti ini",4,1,5.2.0_28336591_28351161,2025-01-01 14:00:11,,,5.2.0_28336591_28351161
76afde0b-813c-4fbf-ae10-4dfb50ec4031,Eri Yaya,https://play-lh.googleusercontent.com/a/ACg8ocKV6lFOklRbqRH9T71CNcgxS3TSEO__th-zJuAdXK9vicjHXQ=mo,"BEST GAME EVER FR, meskipun memo nya kepake banyak tapi totally worth it.",5,0,5.3.0_29183395_29332470,2025-01-01 13:59:07,,,5.3.0_29183395_29332470
ab0334bc-d2db-4e30-959b-7b2375207143,Haifa Rahmah,https://play-lh.googleusercontent.com/a/ACg8ocJYHjCgdz2oqoRg9WaZO72efVo_-F_Zeohcjxxs5AfZ92h-vQ=mo,game KIKIR!! explorasi semakin kesini makin dikit primonya! minimal adain skip story supaya quest quest yg dialognya ga penting bisa diskip!,1,3,5.2.0_28336591_28351161,2025-01-01 13:59:01,"Terima kasih atas dukungan Traveler terhadap Genshin Impact. Kami menerima secara terbuka semua masukan/umpan balik dari kalian. Jika Traveler memiliki saran atau masukan, jangan ragu untuk menghubungi kami melalui feedback in-game atau email.",2025-02-13 17:30:23,5.2.0_28336591_28351161
e25cdf2c-a6b1-4837-a874-a5be4dbbf89b,Cahyo Warsito,https://play-lh.googleusercontent.com/a-/ALV-UjWrIcksBFmqCCeKtgWi9XFqnmFXm2ftwbslFPh75f7ye9kJOYDfNQ,"Game kebanyakan ngunduh,",4,12,5.3.0_29183395_29332470,2025-01-01 13:52:09,,,5.3.0_29183395_29332470
eabffd04-0d0e-4d2c-8cea-b409751c7f1c,Eko Tian,https://play-lh.googleusercontent.com/a/ACg8ocKJWwgSrQzNyceekFlrSIdFhMzg0DKv0BO7q1GdIYZ6JHdUkA=mo,Sudah download pra download 2 GB lebih eh malah suruh download 3 GB lagi gimana sih tolong di perbaiki hal seperti itu merugikan habisi paket data aja,2,0,5.3.0_29183395_29332470,2025-01-01 13:44:46,,,5.3.0_29183395_29332470
300d0a91-2ae2-4068-9589-55ae27f5fddb,Danang Wijaya,https://play-lh.googleusercontent.com/a-/ALV-UjW8zB7iIXwtNRk4NgA3KPL3gv_MevtzpHA4tq47h318uTOKTWF6,"Archon kok naik motor heran gw, ayolah developer jan melulu karaktet baru mulu yg di fikirin kenapa ga karakter jadul"" itu di buff biar kepake di spyral sekarang. karakter"" yg jadul juga waifunya banyak perasaan, minimal traveler jan di jadi in NPC",2,1,5.3.0_29183395_29332470,2025-01-01 13:42:16,,,5.3.0_29183395_29332470
7a828a4d-9332-4dbf-9e7f-0b25f33d37fb,REZA PUBGM,https://play-lh.googleusercontent.com/a-/ALV-UjUZxQzYE4f3n6k9Ifg4HCjz5Fj7colI_NDhh_GxXR-7SylFKFJZ,MANTAP,5,0,5.2.0_28336591_28351161,2025-01-01 13:38:05,,,5.2.0_28336591_28351161
c82be72e-2d52-4bef-aa55-97788d35bd21,Intan Nuraini,https://play-lh.googleusercontent.com/a-/ALV-UjWsrloIPjW61C2_4raSS_fpGkZTU3sNMNo7Odl2AjobtfNSWp8_,"Venti mantap, im gonna touch him",5,0,5.2.0_28336591_28351161,2025-01-01 13:30:42,,,5.2.0_28336591_28351161
7ebc62a7-e82f-4052-83ed-638c0baf4cbf,CacaFox _Kunz,https://play-lh.googleusercontent.com/a-/ALV-UjV63MYyB2DmXeDnsOyJauJl3SZvE7cmuBFa_DDdCnArzuZza1Q,hutao my wife😍😍,5,0,5.2.0_28336591_28351161,2025-01-01 13:18:48,,,5.2.0_28336591_28351161
97c4c81c-ce98-4216-940f-8af2da125deb,Shen Hae,https://play-lh.googleusercontent.com/a-/ALV-UjXyZZWNp70F7dQxfAa0SUjoIskQQAIWYyM8rkUg1Ydz-jWmgd6J,"gw bersyukur banget ada game ini, makasih hoyoverse",5,0,5.2.0_28336591_28351161,2025-01-01 13:16:01,,,5.2.0_28336591_28351161
21b84dcb-672e-4441-a83f-f311ac824fcb,Riyusa ryyu,https://play-lh.googleusercontent.com/a-/ALV-UjXTDrqgzbPDgbm-TERIiDu4FPcbUcAh3dudIudsfhTLmiEXQbrP,Game ny Kikir bgt loh rek,5,0,5.2.0_28336591_28351161,2025-01-01 13:07:55,,,5.2.0_28336591_28351161
5c65f542-cec1-480b-95aa-61caeb820215,Fandza Ch,https://play-lh.googleusercontent.com/a-/ALV-UjVJsaUHWHblsQ5gJyb8KBTyITJJ-2XawbgmbCX3VGOpyuivSddM,Semoga makin banyak bansosnya😁,5,0,5.2.0_28336591_28351161,2025-01-01 13:05:42,,,5.2.0_28336591_28351161
13e468d6-e8bb-46f8-911b-3b606d157820,David Fadil,https://play-lh.googleusercontent.com/a-/ALV-UjVOi3rk6BOFZqoOBZ3Dv8pgslVhKc0CNb51yrRyM70UCskdYzZT,Gamenya sangat seru dari story sama explore bagus semua,5,0,5.3.0_29183395_29332470,2025-01-01 13:05:36,,,5.3.0_29183395_29332470
b0407a36-47f4-4890-9d4a-72893ae73f44,Apiikk,https://play-lh.googleusercontent.com/a-/ALV-UjXG1BtRgSBXNb_vbEdbha2nOAQWHgN5_80IS_3m70Y0gzSpflq7,Gacha can be made easier to get *5 and also cheaper,3,0,5.2.0_28336591_28351161,2025-01-01 13:05:15,,,5.2.0_28336591_28351161
4782dde3-708e-4c0e-a901-34d2804e6535,Nurul Fajri Zulkori Akbar,https://play-lh.googleusercontent.com/a-/ALV-UjWV5XGRjSsL1BgGYS-94UT0dyxfYMSrsvLFQ6a4pYw6H161tYg,"Udah pelit ,material sulit,gada system reset lvl atau weapon .layak B1",1,1,,2025-01-01 13:01:20,"Terima kasih atas dukungan Anda terhadap Genshin Impact, Traveler! Kalau Anda mengalami kesulitan apa pun yang berhubungan dengan Genshin Impact, silakan hubungi kami melalui email atau feedback in-game untuk mendapatkan bantuan.",2025-02-13 17:29:33,
de3e41fe-9e5e-4c19-a883-fe53b30c785a,Tegar sakti Pratama putra,https://play-lh.googleusercontent.com/a-/ALV-UjXtZq2BliAFV9vPg9YOcNfZQzW3cSwRH3eeJD-LPxU8VaJB8m9J,Love this game 3000 ✨❤️✨❤️✨❤️,5,0,5.2.0_28336591_28351161,2025-01-01 12:58:02,,,5.2.0_28336591_28351161
a64827bf-5044-479f-a3a6-a8628b9005f8,Bro Griselda,https://play-lh.googleusercontent.com/a-/ALV-UjUBY1OaD0q1Ucko0clMitySPKZN1WjjydNNJNeluvnaJZAOydSu6Q,Makin ke sini makin ok lah,5,0,2.7.0_6933856_6989239,2025-01-01 12:54:51,,,2.7.0_6933856_6989239
40df0ac0-356f-45f1-a214-fd1bea746073,herlan awo,https://play-lh.googleusercontent.com/a/ACg8ocJcgoD8hUYkMEb-r5C20nI_zIZQpDQXW2EmNgKsf4w7X6Rhfg=mo,"Develover terlalu tamak, 2 char baru di phase yg sama, dan tidak mau mendengarkan para tabibito lain yang free to play😡",1,0,,2025-01-01 12:54:18,"Kami mohon maaf atas permasalahan ini, Traveler. Silakan hubungi kami melalui email atau feedback in-game untuk mendapatkan bantuan lebih lanjut tentang masalah ini.",2025-02-13 17:30:12,
498a3855-9a5d-4198-b83c-3cf79c399d5d,Selvi Anggraeni,https://play-lh.googleusercontent.com/a-/ALV-UjXaO7HOdVHVHmTtKq6nlAGuu2UKzFpOu2Ah4mPA0oL55Bsgydk,"oi kalau bikin game tuh jangan yg loadingnya lama veve, tiap update kasih update yg ga kira"" mana loginnya lama lagii ngabisin berjam jam cuma buat login",1,0,,2025-01-01 12:53:22,"Halo, Traveler! Terima kasih atas support anda pada Genshin Impact! Mohon diperiksa apakah anda telah mengunduh game client versi terbaru melalui official channel yang ada. Dan mohon kirimkan informasi relevant mengenai permasalahan anda kepada CS kami melalui email. Kami akan memberikan jawaban/bantuan permasalahan anda sebaik mungkin.",2025-02-13 17:27:57,
9a97c00d-e9f9-4678-8c35-0447cce72097,Kaiisha,https://play-lh.googleusercontent.com/a-/ALV-UjXa7eKWl6Pmfnkn8Hg1KkCBtggp7blwp8iAB2Lv0VDURxl7tyY,Capitano shouldn't be disappointing,1,1,5.2.0_28336591_28351161,2025-01-01 12:49:29,,,5.2.0_28336591_28351161
fc4e9e2c-7113-4739-8d5c-71b704a9dda4,Ernesta Wardanto,https://play-lh.googleusercontent.com/a-/ALV-UjXJUM_logcWAFVBtvwbi6qwre4QXjq_K82W_frTXfORHofFouKB,Cerita dan grafiknya terbaik,5,0,5.2.0_28336591_28351161,2025-01-01 12:38:29,,,5.2.0_28336591_28351161
fea4b111-06a5-4362-b3c5-62d5fabe964c,Rangga Gumelar,https://play-lh.googleusercontent.com/a-/ALV-UjXeMNJFgbOwrgtU2oJ56q8c8P8HeA1y0vM27pMEBjugKRjrSlRD,kikir impact sangat mantaplah,5,0,5.2.0_28336591_28351161,2025-01-01 12:21:56,,,5.2.0_28336591_28351161
f629560c-35ec-4cc9-8f33-cbc092f69c21,Wibu Arrasy,https://play-lh.googleusercontent.com/a/ACg8ocL6OUoa9xrj-emKHqIHXqHlvYWOYgchhQBoXFGznvDVAanJOHQ=mo,"Habisin duit doank ini game, saya sudah banyak top up tapi ngak dapat "" Char b5, saya memutuskan untuk berhenti saja lah main game ini, saya juga sudah bosan di beri harapan palsu terus",2,0,5.3.0_29183395_29332470,2025-01-01 12:21:46,,,5.3.0_29183395_29332470
670c9836-073d-4174-abc4-831e8db42570,Iqbal,https://play-lh.googleusercontent.com/a-/ALV-UjU1SESRc57vl4tMjCLp7EnbkIAAEukSnzZbvIt3_OTjG0xZipA,aku hanya pria santai yang sedang bosan,5,0,5.2.0_28336591_28351161,2025-01-01 12:21:30,,,5.2.0_28336591_28351161
93b7493a-9c9a-4801-8d95-dff71f7393b4,Abdul Aris S.,https://play-lh.googleusercontent.com/a-/ALV-UjVMMSx0tYfex0Wj92nhEjFrszASQtQfqaTRtQHBJ_Jk7Vzmyhof,Game nya bagus fandom nya gila,5,1,5.2.0_28336591_28351161,2025-01-01 12:20:55,,,5.2.0_28336591_28351161
72ae8b77-217b-4097-bfc8-d63079a875e8,rudi andi pratama,https://play-lh.googleusercontent.com/a-/ALV-UjXwkdUTWQeT0Ug0Q7wnCeiJe8cfQPsfAfXnZZRHXVrwA6SIR9g,Rata kiri🤭,5,0,5.2.0_28336591_28351161,2025-01-01 12:20:22,,,5.2.0_28336591_28351161
2e014ee4-77af-47ab-a6d5-1baa6d30d8fd,Arya Iska,https://play-lh.googleusercontent.com/a-/ALV-UjWHsgkLbJj-eT_mr7EguNm3wEPhx3UTdkfq1bXu2xi2QVlIW-W9,"semoga habis saya rating b5 di play store, gacha saya langsung wangy menang 50/50 low pity",5,1,5.2.0_28336591_28351161,2025-01-01 12:14:38,,,5.2.0_28336591_28351161
914580b0-e374-4c1f-a882-248b223259a1,Annisya Septia Rahmadani,https://play-lh.googleusercontent.com/a-/ALV-UjXREbB84xNC8dWianAcUdytGkRUbLuLbNu7NYY83SX-gIv6mYw,Bagus game nya seharusnya kalian bersyukur dapet game kek ginian ngak bayar ngafiknya juga sangat indah jadi wajar kalo gamenya berat kalo mau main lebih baik dilaptop aja jadi ngak berat malahan banyak game yang ngeplagiat genshin karna grafiknya baguss seharusnya senang dapet game nya ngak jelek ngak berbayar,5,0,5.2.0_28336591_28351161,2025-01-01 12:13:30,,,5.2.0_28336591_28351161
4100d4b2-b1ae-4184-af8f-c5b4651fa2cb,Channel MT,https://play-lh.googleusercontent.com/a-/ALV-UjUarx7Ykz3_voMOxxUND-EWCyKmTSRuwA7t8ove8xphE2xJ7to,Kerja bagus..,5,0,,2025-01-01 12:12:28,,,
6ef1e962-cb2f-4cb3-ac43-5fdc0fe399eb,indra gunawan9677,https://play-lh.googleusercontent.com/a/ACg8ocJmYzUYuA56UEAJT6p4d-oi0TuV3sM4H6ueEzdBd_-xK0V4RQ=mo,"amazing game, wonderful",5,0,,2025-01-01 12:10:52,,,
9afe04b2-31d1-4570-9b21-bd1e63bd1d9e,Lukas Kaharap,https://play-lh.googleusercontent.com/a/ACg8ocIaE44yyt1hbSg02LcGJorrPslFZr0rG4kWBWr2PAu19udP0w=mo,luarbiasa sempurna,5,0,5.2.0_28336591_28351161,2025-01-01 12:07:03,,,5.2.0_28336591_28351161
6a3c5852-2bba-4b7b-b04e-f02275ebe4ca,Kebo Ireng,https://play-lh.googleusercontent.com/a-/ALV-UjWwtwvdsHAt0gQwcQ72A7T3yIlCIllb8RT_BFmQJSPyKu9xXTfjUA,Tolong buat developer hoyovers untuk update selanjutnya kasih support gampad dong kaya honkai strail,5,0,5.3.0_29183395_29332470,2025-01-01 12:06:54,,,5.3.0_29183395_29332470
5a0a0865-c094-4f87-af6a-e1bba3a988d8,Khafid Ahmad,https://play-lh.googleusercontent.com/a/ACg8ocJF_rig-VYV5HSJHeUS-zSyFbW13Eg_Fnn9_kyT0gmB7KyG=mo,Game bagus grafik jos data irit,5,0,5.2.0_28336591_28351161,2025-01-01 12:05:45,,,5.2.0_28336591_28351161
9f55bc24-d764-43fc-ad95-60702081c830,Mohammad Anas,https://play-lh.googleusercontent.com/a/ACg8ocL8WVoKjjNY0w1Esxyn642FhrmrNm-I1Xm0I9RfFpOmuPcTTQ=mo,Game yg sangat sangat bagus gamr mmorpg terbaik😁,5,0,,2025-01-01 12:04:36,,,
4f7adda5-fab4-4a41-b18f-6f861de839c2,Myu Chi,https://play-lh.googleusercontent.com/a-/ALV-UjVZKY2JJuh2YssPzUhaH30oGcuOV3hBqdLaulTQT-QSfglE_I-E,"aku mau login gak bisa, muncul text ""terlalu banyak permintaan"" udah di coba ganti sandi tetep, kesel jadinya.",3,0,,2025-01-01 12:02:27,,,
edb37dd8-6bb7-44c3-86f8-13b1ccb54fbd,Aldi Mhmd,https://play-lh.googleusercontent.com/a/ACg8ocI0QplmVMeQZFNQ6DYGotEoR4EYZbiDBL8py_pmC688CnLH1w=mo,Udah download lama malah ngulang pas update terbaru versi sekarang,1,0,,2025-01-01 11:59:20,"Halo, Traveler! Terima kasih telah mendukung Genshin Impact. Fungsi fitur pra-unduh adalah untuk memberikan player akses pada konten terbaru lebih cepat sewaktu versi terbaru dirilis. Jika Traveler mengalami masalah sewaktu pengunduhan, silahkan menghubungi CS kami melalui email. Kami akan memberikan bantuan/jawaban yang sesuai untuk Traveler.",2025-02-13 17:26:28,
be7a32f1-10cf-48a7-b916-431b789dcfa8,Jibran Putra Ramadhan,https://play-lh.googleusercontent.com/a/ACg8ocIAFPcELuZ4_DSGIdh2wwVs5599WewPVheZvHVnGbPiO0aFkuA=mo,Sisanya sudah bagus tinggal tambahin fitur skip dialog aja biar nggak ngantuk 😑😑,4,0,5.3.0_29183395_29332470,2025-01-01 11:54:18,,,5.3.0_29183395_29332470
8498c13b-4d6c-4d29-9aa6-4baafd2296c2,kevin ardiansyah,https://play-lh.googleusercontent.com/a-/ALV-UjWyz48K7NatpwX9ErebIi63Tp4TpGj6l5hSbK16Hca6KQb07rza,"Kekurangan genshin menurut saya cuma ada di ekspresi nya kak, bagaikan nasi goreng tanpa irisan bawang merah",5,0,4.6.0_22174900_22378599,2025-01-01 11:53:56,,,4.6.0_22174900_22378599
5875338f-7445-454f-9f26-c6d540c57294,Anjar Dwi putra wibowo,https://play-lh.googleusercontent.com/a/ACg8ocJN9V8wIMzPHjoeaVciuqO-AxonMYlh1PK38Wvlyd9uaveLjg=mo,👍,5,0,,2025-01-01 11:52:43,,,
a6220789-9604-4e2b-b765-0153e9b3ed96,Min Yo mom,https://play-lh.googleusercontent.com/a-/ALV-UjXhqLiUH7IsnB9bb6O66vxodpKp6sxxT8sg24rOfXfgNHUISlUR,Bagusssss biangeettt,5,0,5.2.0_28336591_28351161,2025-01-01 11:49:49,,,5.2.0_28336591_28351161
b78e20fe-4407-4417-a8a0-e7cc062efcaf,Seira Chiyako,https://play-lh.googleusercontent.com/a-/ALV-UjUZAuusB3BSrhwuBJcxWpTwxuUSWCYK9zj9OdDMKlicRfJaQig,"ceritanya bagus, design dunia nya juga bagus terinspirasi dari dunia nyata, design karakter nya juga bagus tapi fan service nya tolong lebih dikurangi",5,0,,2025-01-01 11:45:48,,,
ae638520-f6ee-42eb-9b30-cc95d8e1bfe4,Achmad Alfian,https://play-lh.googleusercontent.com/a/ACg8ocJRyY2D28OX1d7_P2z_cikHD0qZsEn7FNvdyK80RfmJaAQlmA=mo,"2024 gapernah menang rate off, cuma dikasih soft pity 2x, sisanya hard pity (pity 50 keatas) KIKIR",1,0,5.3.0_29183395_29332470,2025-01-01 11:45:36,"Halo, Traveler! Traveler dapat melihat aturan sistem Wish di bagian [Rincian] pada halaman Wish. Jika kamu memiliki pertanyaan tentang perincian dari aturan tersebut, silakan hubungi tim Layanan Customer Support kami melalui feedback in-game atau melalui email.",2025-02-13 17:14:24,5.3.0_29183395_29332470
6b505da8-f9e2-4f8f-9591-9359f83d18b2,Nor Sofia Hikmah,https://play-lh.googleusercontent.com/a-/ALV-UjWysD3dTBZtgUVsutXJ-wQ50XMkKa8TqIVolTSIz2N4f93KaLIk,"build character susah minta ampun, farm artefak dengan resin terbatas setahun kali baru bisa dapet set yang bagus, ini game emang buat yang cuman punya uang banyak sih kalo mau OP, gacha karakter juga mahal hadiah even dan primo dikit banget di banding jumlah gacha buat dapet b5 dan senjatanya, sekali2 + karakter playable yang berotot kaya day thunder sakit mata liat karakter kurus, sistem gacha senjata gila sih nggak pake poin takdir ngapa, pantes sih di sebut game kikir",2,1,5.3.0_29183395_29332470,2025-01-01 11:43:18,,,5.3.0_29183395_29332470
a22ef16d-6ed2-4fe2-b40f-e02e1f8f575d,lucky dita777,https://play-lh.googleusercontent.com/a-/ALV-UjWJX41tM_L-KSshskaghIYchSI3AIkN1l0xZurSSMEcKqgmkYE,Kadang pelit kadang kagak,5,0,5.2.0_28336591_28351161,2025-01-01 11:43:13,,,5.2.0_28336591_28351161
d89b0e7a-93e9-4b11-909c-11829e84fe6b,Naura Syadiah,https://play-lh.googleusercontent.com/a/ACg8ocKP4vmjMZeGRBSSiHuS5qHWfCBXS7Kqd36bsxBgsTDmyk1JNQ=mo,"overall bagus sihh, 10/10",5,0,5.2.0_28336591_28351161,2025-01-01 11:41:10,,,5.2.0_28336591_28351161
23785f4e-b0ad-471d-8716-28d1767cfa19,Dde Isekai,https://play-lh.googleusercontent.com/a-/ALV-UjXXwbpcqwNoP2FTVwJKSwv8b738o9Jl5BSg-gPUNXRs4t-4GRkc,Minimal ada pitur skip percakapan gak sih,4,0,,2025-01-01 11:39:14,,,
00dcab45-c366-43dd-9082-111c6216a272,tsy hdn2,https://play-lh.googleusercontent.com/a/ACg8ocLXhN6clWIMDcXQgNziDgHc-pgQ7ga4LpyuJ7HkgdnlkPe4VA=mo,Kerenn game favorit ku,5,0,,2025-01-01 11:36:58,,,
88ae7ec5-f6dd-441b-8189-1682cf7a5b31,Ajeng WIDYASARI,https://play-lh.googleusercontent.com/a-/ALV-UjVLr2mf9teluMTV1tsX-g3SfYVTWSqxr2SADtMFguN3O1SOPbmX1g,"Game nya bagus dan seru saat ar masih 20-40, tapi kalau sudah ngerjain semua archon quest dll dan arny stuck 55 itu sudah ngerasain bosen, tapi ini opini ku karena aku enggak punya tmn :3",5,2,5.2.0_28336591_28351161,2025-01-01 11:35:17,,,5.2.0_28336591_28351161
27415f28-4a2a-4c00-aa97-3a5b492477d8,Adinurhanimukram,https://play-lh.googleusercontent.com/a-/ALV-UjXSAZ0bDh3IhR9z4gGsa64cS95slxy34w8kIfez1WsPGFUvUkQ,Event musik barunya bagus,5,0,5.3.0_29183395_29332470,2025-01-01 11:33:47,,,5.3.0_29183395_29332470
8f3af58e-a680-4667-9bc5-08c1085187ce,RE:projekt,https://play-lh.googleusercontent.com/a-/ALV-UjX4GoCFzVVeK0uh0Es3USz0O4zjEJnLamJqmUovVSX8d8cRuPfb,Presentase gacha 50%??? Boong!!! Selama ini aku gacha cuman dpt 1 karakter b5. Selain itu zonk mulu. Pelit ah!!!!,1,0,1.6.0_2961400_3070488,2025-01-01 11:32:23,"Halo, Traveler! Traveler dapat melihat aturan sistem Wish di bagian [Rincian] pada halaman Wish. Jika kamu memiliki pertanyaan tentang perincian dari aturan tersebut, silakan hubungi tim Layanan Customer Support kami melalui feedback in-game atau melalui email.",2025-02-13 17:26:20,1.6.0_2961400_3070488
3b4f7ae1-e09c-42ee-a69f-33e0e1030fb3,Daffa Aliffian,https://play-lh.googleusercontent.com/a/ACg8ocKVeBZjyLm6avBCLzGg45eWaFFiWwtplxGxOR8Q8Rz62NWpgA=mo,Game nya agak berat tapi nggak mbosenin map nya luas bgt jadi g bosenin,5,0,5.3.0_29183395_29332470,2025-01-01 11:32:06,,,5.3.0_29183395_29332470
9f0dc117-1946-46e3-a0e5-5a5b445e219e,Kei Rissanto,https://play-lh.googleusercontent.com/a/ACg8ocKbBvt5-CRJ113M2bpZa8H30s1G6KPFarYmNwPumQZwxD6KfQ=mo,Thanks dev,5,30,5.2.0_28336591_28351161,2025-01-01 11:31:57,"Halo Traveler! Mohon kunjungi website official Genshin Impact untuk mendapatkan informasi sistem perangkat yang diperlukan untuk mendapatkan pengalaman bermain yang stabil dan lancar. Selain itu, untuk menemukan sumber permasalahan ini, mohon hubungi tim CS kami melalui feedback dalam game atau email.",2024-12-14 14:45:35,5.2.0_28336591_28351161
f983eb3d-d98b-48a0-9b54-a33e1e37f0c6,riffat,https://play-lh.googleusercontent.com/a-/ALV-UjWfkkvZV81utNFmvekpq7o50Ex8TmbIXl0iD1wJXq9oSFVpfsyZ,Bagi gw primogem,1,1,5.2.0_28336591_28351161,2025-01-01 11:28:59,"Terima kasih atas dukungan Anda terhadap Genshin Impact, Traveler! Kalau Anda mengalami kesulitan apa pun yang berhubungan dengan Genshin Impact, silakan hubungi kami melalui email atau feedback in-game untuk mendapatkan bantuan.",2025-02-13 17:25:29,5.2.0_28336591_28351161
2395717c-60aa-4adf-ad9a-abcec4af6992,Dyas Junirta Kalovna,https://play-lh.googleusercontent.com/a-/ALV-UjWIt1lBwUfTXJp0t_Khmqrn9nzGftrGdiuA8sY6MLyhzoaDmQ3a,Banyak banyakin bansos game baik,5,0,2.3.0_4786731_4861639,2025-01-01 11:22:33,,,2.3.0_4786731_4861639
d8a41f26-bb12-4fbb-9fa8-759148cc2c28,Ayana Dan,https://play-lh.googleusercontent.com/a-/ALV-UjWWRRusU8oS_9CjC2c9vZm7U4pCENVm2xXwyHR4c_kPIKDUB5cg,Game nya seru banget!!!aku suka sama grafiknya gamenya gak terlalu berat di hp💖💖💖,5,0,5.2.0_28336591_28351161,2025-01-01 11:22:00,,,5.2.0_28336591_28351161
6a7e4f6d-dbbf-4c39-96cc-5acc7c540090,Denzel,https://play-lh.googleusercontent.com/a-/ALV-UjXDKTS5g2ZK-ifsNyhV7pA5oxCp0wVjZp80Ow2TuJNizod3ivUf,gdpt mavuika krg ajr.,1,0,5.3.0_29183395_29332470,2025-01-01 11:21:26,,,5.3.0_29183395_29332470
c610a790-5f46-46f6-90ec-a870ef8abff4,Aladin Ruffy,https://play-lh.googleusercontent.com/a/ACg8ocIdiAZ1H-6VJpkHs4zdPITH1n62YEKGpNH5gyZvpd6lTfTnuA=mo,makasih paimon,5,0,,2025-01-01 11:21:20,,,
3c6914d7-a883-485b-bae8-eb767e56b07a,Ciaa,https://play-lh.googleusercontent.com/a-/ALV-UjVkPkhGID4ozjYxYoOGR7P-zlHVu6hFIl9M-CC-qhkHEzij91A,"Game nya bagus bngt! recommended! kalian jgn percaya sama orang yang ngasih rating bintang 1 guys, ini player nya emang pada kurang bersyukur aja.",5,0,,2025-01-01 11:20:41,,,
40d39849-41a5-47fa-b15c-e1e516e87ab4,Dell,https://play-lh.googleusercontent.com/a-/ALV-UjXxgyTdiROroBUOxOnHaBW43nOKJ5TzyBAjFQf87okZXKnLTGYP,Super HD,5,0,5.2.0_28336591_28351161,2025-01-01 11:18:39,,,5.2.0_28336591_28351161
cf4bd915-0b06-4046-9b0c-7f658e7f5815,Rad IN,https://play-lh.googleusercontent.com/a-/ALV-UjVfay2l-DQkuu37HSQ0l6JScrYQLJo3CqPp9m6JvqpUePDee4bR,good,5,1,5.2.0_28336591_28351161,2025-01-01 11:18:21,,,5.2.0_28336591_28351161
7a17d14a-7cf5-4fb4-a47e-8c6f6bff4369,Donius Septiawan,https://play-lh.googleusercontent.com/a-/ALV-UjWZkwQl2cE2ERi2jbn2HH1KOtAS2H3wuj9kd5n5gYGb9LdArpI,Best Music!!! Best Gameplay!! Best Character pool. musiknya paling menang sih.. story juga seru diikutin.. jangan main ini kalo cuma mau skip²,5,1,5.2.0_28336591_28351161,2025-01-01 11:18:00,,,5.2.0_28336591_28351161
ee89b98e-7333-4473-839b-cc1eeb2253a6,Avenn,https://play-lh.googleusercontent.com/a-/ALV-UjXZMqd-gGF6_xbWSkG3S9LaVnDgZSX3VgP9xmXkFFbi7XdM4mzf,seru banget,5,0,5.2.0_28336591_28351161,2025-01-01 11:16:30,,,5.2.0_28336591_28351161
e37c4852-7e1b-440b-baca-9a428f4ac620,Asther,https://play-lh.googleusercontent.com/a-/ALV-UjVj3-EJF3P6IL5O77TbHLB5f026nOB6DHl7D2Iyo___GJ9B_znq,"GAPERNAH SOFT PITY, SENGSARA GW",2,0,,2025-01-01 11:14:16,,,
0557df6c-9e1e-4fc1-8777-4adc55224ede,Bian 091,https://play-lh.googleusercontent.com/a-/ALV-UjWiyWc1jBLYfpNfb46J7sf0iRN6dtT8yy4gb3b7iuuvAvHMRUQ,mantap hpku kuat rata kanan,5,0,,2025-01-01 11:11:39,,,
fa966e30-a7cd-4b80-9c98-b5edd2f41d8b,Ki_ Ky,https://play-lh.googleusercontent.com/a-/ALV-UjV0LrG6vrDuw91tP0-QWdUg0GYPruoNlHauBED8d7zXhSkBDadwrA,Saya berubah pikiran,3,0,5.2.0_28336591_28351161,2025-01-01 11:09:12,"Halo, Traveler! Traveler dapat melihat aturan sistem Permohonan di bagian [Rincian] pada halaman Permohonan. Jika kamu memiliki pertanyaan tentang perincian dari aturan tersebut, silakan hubungi tim Layanan Pelanggan kami melalui pelaporan masukan dalam game atau melalui email.",2022-07-26 18:53:39,5.2.0_28336591_28351161
372d2f1e-4164-4558-8b01-f93d94347a28,M.RAIYAN AL HABSYI,https://play-lh.googleusercontent.com/a-/ALV-UjUbdTdTKWOSYSi6yrZE2Ji_f1Is6a_MEK6MtM3bQh4j7l5D5beB,Absolute cinema,5,0,5.2.0_28336591_28351161,2025-01-01 11:08:25,,,5.2.0_28336591_28351161
bde253d9-036e-4069-b5d8-bd4ea8fe64d7,Nandar Sunarya,https://play-lh.googleusercontent.com/a/ACg8ocLCrShS6s_kT61PRhFzs-AFYX4fskp2JL9ZYjWgcQ7ae6Qmog=mo,Minta sarannya dong biar ga force close,5,0,5.2.0_28336591_28351161,2025-01-01 11:06:49,,,5.2.0_28336591_28351161
52da4475-a9c0-4162-b014-db0621cafb30,Dimas Djauhari,https://play-lh.googleusercontent.com/a-/ALV-UjWvRpl48Ckd5f3DkFXEbBE6qIR7fv8NPEBWWfMpxHhKbuURHhCN,Terimakasih genshin,5,0,5.2.0_28336591_28351161,2025-01-01 11:06:10,,,5.2.0_28336591_28351161
e0c89c93-6a2b-459c-8511-8541209a28d7,Rafa hAziq,https://play-lh.googleusercontent.com/a/ACg8ocJJLWE2vtGbi6py0YN_ZZ2bXKutsJKLEYA8dyCjbkMrRwCJb1Y=mo,gila ini game bagus bener tapi kok aku gacha 10 pull dapet chaska tapi 80 pull GK dapet neuvilet,5,0,5.2.0_28336591_28351161,2025-01-01 11:03:14,,,5.2.0_28336591_28351161
757663ec-2cf7-4fd2-aced-92db95b01446,faren,https://play-lh.googleusercontent.com/a-/ALV-UjWmZye_zBxZgbiKgDJyuZtiIpLUydPP_Pejxy7-dLXBqjFEn_1N,"Game nya bagus, Grafik nya Sangat bagus,Alur cerita nya menarik, Semangat terus team Hoyoverse",5,0,5.2.0_28336591_28351161,2025-01-01 11:02:19,,,5.2.0_28336591_28351161
4c337c48-6a31-48db-832d-3d48248b2d7e,Key Ta,https://play-lh.googleusercontent.com/a/ACg8ocIyCKqq8kQxBLphPHuZoGOeBBIMkhELzZvajpd_AZNVTu5xFg=mo,Adain fitur skip plisss,1,0,5.3.0_29183395_29332470,2025-01-01 11:01:52,"Terima kasih atas dukungan Traveler terhadap Genshin Impact. Kami menerima secara terbuka semua masukan/umpan balik dari kalian. Jika Traveler memiliki saran atau masukan, jangan ragu untuk menghubungi kami melalui feedback in-game atau email.",2025-02-13 17:27:11,5.3.0_29183395_29332470
59bcbd18-11f5-4129-a6e9-73cf7f22985b,Toka Sakura,https://play-lh.googleusercontent.com/a-/ALV-UjUM5t-7IOccOp4dsX7Omi1SLr_5uShLCFRUcBuLRyMULJuL8acxyg,"Kasih boss yang ngotak lah, susah jadinya buat full star di mana genshin yang dulu, enak genshin yang dulu daripada sekarang",1,17,,2025-01-01 11:00:19,"Kami mohon maaf atas permasalahan ini, Traveler. Silakan hubungi kami melalui email atau feedback in-game untuk mendapatkan bantuan lebih lanjut tentang masalah ini.",2025-02-13 17:27:45,
19cb5477-1631-4a34-91d2-3847855d7216,Ikhsan Ramadhan,https://play-lh.googleusercontent.com/a/ACg8ocJu8L0g9xKrfmbDOn7k6UOcXw9Dm3jEHHDfYL-0dUQz89bpEA=mo,Bagus,5,0,5.2.0_28336591_28351161,2025-01-01 10:59:38,,,5.2.0_28336591_28351161
1ec50d2d-753b-43f4-b6b5-2a59c07e3b48,Dhuss alwi,https://play-lh.googleusercontent.com/a-/ALV-UjV0YQdhfWT55H1EKZppZqjDXxd51HZI68iwyygM_iadCxTFx9Il,seru banget deh,5,0,5.2.0_28336591_28351161,2025-01-01 10:57:19,,,5.2.0_28336591_28351161
e323a934-47e5-42d5-a9ed-d0687834741d,Farrel Avrilio,https://play-lh.googleusercontent.com/a-/ALV-UjVdZjeyZV8lNAw_ATHOnrqbVuQAgl2wT0RhVHwuHuaxqwVoZpDa,"Bug di loading screen gabisa masuk, jadi harus unduh data ulang lagi gimana sih tolong ini meresahkan udah 30 GB😡😡",1,0,5.3.0_29183395_29332470,2025-01-01 10:54:32,"Kami mohon maaf atas permasalahan ini, Traveler. Silakan hubungi kami melalui email atau feedback in-game untuk mendapatkan bantuan lebih lanjut tentang masalah ini.",2025-02-13 17:28:21,5.3.0_29183395_29332470
c1a113f1-309e-4084-ac7e-12b2a51d9f58,uciha reski reski,https://play-lh.googleusercontent.com/a-/ALV-UjV6IdGY_pyN3pZitEfbG-byl2qdO9RCKuDTBKa7iM-0a2HRZmGh,Kasih lah galib qiqi c6 nah,5,1,5.2.0_28336591_28351161,2025-01-01 10:47:15,,,5.2.0_28336591_28351161
aec892ba-82ba-4e07-87f2-5f4b212289fd,Azriel khairullah Anwar,https://play-lh.googleusercontent.com/a/ACg8ocJANHfFhO2WxqpfiA6bToKzdIUexwHpZhwWYZGy5JGNhc9hUw=mo,Mavuika pulang hasil klh rate off+hard pity Sign ny klh rate off juga jingan game asu,1,0,5.3.0_29183395_29332470,2025-01-01 10:45:09,,,5.3.0_29183395_29332470
f6faabb9-6b23-4a57-8e71-f22bb16072a7,Aco Kupang,https://play-lh.googleusercontent.com/a-/ALV-UjUHeDTTz57H7yDobt_UCfFMZPCQPz9Nlp8n40inXHYZj6Uq3aEw,Game nya sangat bagus. Tapi tlong pitty nya.. Biar pemain free to play lebih nyaman😁,5,0,5.2.0_28336591_28351161,2025-01-01 10:44:40,,,5.2.0_28336591_28351161
be66c90f-c68a-419e-8ab0-1e770cfaeab4,Fadil Aja,https://play-lh.googleusercontent.com/a-/ALV-UjXK4a1ezgoMHV5lgiQfMjOEw8I5-h6fQlLuRJac7jzvYdycpG7u,Genshin G nya Guontol,2,0,5.3.0_29183395_29332470,2025-01-01 10:43:30,,,5.3.0_29183395_29332470
0dbb681e-5e27-4325-a640-e0e5837f103d,Usama Anggisna,https://play-lh.googleusercontent.com/a/ACg8ocK60kYpzZwWtZCwPrw2OsE6A2oiQfN9eIgDvdsf4mCTI5tcBw=mo,Bagusss,5,0,5.2.0_28336591_28351161,2025-01-01 10:42:34,,,5.2.0_28336591_28351161
660284b1-1054-4857-ac26-47ef2e39c7a7,Xyra Valentina,https://play-lh.googleusercontent.com/a-/ALV-UjUHNKgiH3Z7bj3b7rzE4iO339-Ps7x7mEL4Ol0vuVDM7XoyFnpI,🥳🥳🥳,5,0,,2025-01-01 10:39:42,,,
7f77be60-01e6-4c26-817d-54863481e011,Michael_ kaiser,https://play-lh.googleusercontent.com/a-/ALV-UjVrec9Lr9cKqeY_MszoHP35rxvRr6IH1wU105soEHhjsMhrRcI,"bagus bngt rekkk, furina wangy bngttt",5,0,5.2.0_28336591_28351161,2025-01-01 10:39:13,,,5.2.0_28336591_28351161
7c0cd719-8ae8-4a77-9a62-16bcc604675b,Mansyur Hunarian,https://play-lh.googleusercontent.com/a/ACg8ocI5Jz5yltbwwTl-0ay3828nqgsNFCDZFPCkfUBIXoF4bO82=mo,Bagus bagus aja,5,0,,2025-01-01 10:30:20,,,
2a852a3c-4261-4025-9eb8-cd5862863a94,Anjime Luwh,https://play-lh.googleusercontent.com/a/ACg8ocKLwmrjwfMeCElVyRVBMO5NSN8sTrpuZiSCzmvbnQiGTauVRA=mo,game yang bakal gw mainin sampe tamat,5,0,5.2.0_28336591_28351161,2025-01-01 10:30:01,,,5.2.0_28336591_28351161
023c2819-fe87-424c-9336-8a1189a5263a,Arashi Lumayung,https://play-lh.googleusercontent.com/a/ACg8ocKN_vcA4dJzR4kJeWFPkWWMH0WIQDjRlgk4ZLw1paENEzpNUw=mo,Kikir impact,5,0,,2025-01-01 10:29:02,,,
3fc7e9ff-621f-4b44-ae16-3df788e8e84a,ckp Asline,https://play-lh.googleusercontent.com/a-/ALV-UjUIozu0-pcV08IljxcnFrkjuOcX6qLjIkJ--fdP6fKyap2x3cQ,bgus,5,0,5.3.0_29183395_29332470,2025-01-01 10:28:54,,,5.3.0_29183395_29332470
cec90bdf-3b6f-423e-b7cf-e6ffcc54a866,dimas andaru,https://play-lh.googleusercontent.com/a-/ALV-UjUsuzPubkXpiff3ha1vJGu7XVxHOKs1XKAcOQQm6Lfw2jxKejE,Plis gw mo Raiden c6😋,5,0,5.2.0_28336591_28351161,2025-01-01 10:28:42,,,5.2.0_28336591_28351161
855baee7-4055-4447-b376-a8697e81db8a,Ivan,https://play-lh.googleusercontent.com/a-/ALV-UjUiacaHJkIS8dzOc84xLDToUSv45B9ZJ5Z5xUY5Mz7nNMZKe_Q,Thank you,1,0,5.3.0_29183395_29332470,2025-01-01 10:27:35,"Thank you for supporting Genshin Impact, Traveler! If you have any issues with your game experience, please send us an email or contact Customer Service for help via in-game feedback.",2025-02-13 17:13:07,5.3.0_29183395_29332470
72cbcb55-131f-4e29-bfdc-b5f57c9a8f42,Akhmad Nizam,https://play-lh.googleusercontent.com/a-/ALV-UjUZ2tHNOYy4D0s35KrYOYsmUiIFG2bXiqPjI6IYKiFJcWUynh-R,"Makasih banyak game baik, semoga makin seru game nya, makin rame playernya, hehe",5,0,5.3.0_29183395_29332470,2025-01-01 10:24:54,,,5.3.0_29183395_29332470
a8aea5c7-07ef-4f73-ab52-5ddb37b6543e,Live Fast For Moment,https://play-lh.googleusercontent.com/a-/ALV-UjWm4ImGlH-UougHOrje19DMkawPg33CJ6EOGnODrLrj4D6TKH0,Saya sangat menyukai game ini,5,0,5.2.0_28336591_28351161,2025-01-01 10:23:09,,,5.2.0_28336591_28351161
53ae336d-a134-42f3-a33e-a2a0608dfe97,Syahrizal Dinata,https://play-lh.googleusercontent.com/a-/ALV-UjVLrdT7zYNWALaT6vVd-wwZeijI9s7z-xLU_vVnEJVntXPOfSRjvA,puja gem baik,5,0,5.2.0_28336591_28351161,2025-01-01 10:22:26,,,5.2.0_28336591_28351161
af26b6c6-a083-4c99-b0b9-cc910ce95505,Achmad Fauzan,https://play-lh.googleusercontent.com/a-/ALV-UjW9M-e9pqB6xDxclp1_O812L4EiZmtdqC5XhFw5Me6RSIdk42U,solusi susah tidur wkwk,5,0,,2025-01-01 10:20:23,,,
afd32a94-c339-4720-a7a9-0f3f2511f8df,Fuad Arsaka,https://play-lh.googleusercontent.com/a/ACg8ocLSyCFlQ-VUyI74bmhXh35ZO8PT0VdJ8RiDVDvr2jsAOZXtoFk=mo,Ok developer aku mau gacha mavuika kasih aku dapat minimal 40 kali spin amin,5,0,5.3.0_29183395_29332470,2025-01-01 10:18:40,,,5.3.0_29183395_29332470
4d45cad6-44e5-4c71-8be0-5f2e228cf879,KEVIN LEONANDO,https://play-lh.googleusercontent.com/a-/ALV-UjUnSOt3TnmVVATv_H9plzI0k2WTBFeXNbXY8kbf4PGJOWiN1NsDqw,"Menurut saya pribadi, game nya sangat bagus baik dari segi map, grafik, desain karakter, story dan gameplay👍. Event yang di sampaikan juga menarik² dan di sajikan dengan tampilan yang berbeda² sehingga para pemain tidak bosan dengan game nya🤔. Hanya saja jika hp player sudah mulai overheat, gameplay nya akan mulai slow response, low loading, dan jika kita terlalu cepat explore tempat tanpa menggunakan teleport map nya mulai mengalami bug😅.",5,127,5.3.0_29183395_29332470,2025-01-01 10:17:47,,,5.3.0_29183395_29332470
05a541b1-894d-4306-82c7-e903a93d9827,Vivie Tan,https://play-lh.googleusercontent.com/a/ACg8ocJ6FX7EkysUOrbEGcldAtYuLRF7ywpvaWb7LwKOTiytOC1xwQ=mo,game anj kalah rate on mulu game dajjal buang wktu,1,0,5.2.0_28336591_28351161,2025-01-01 10:15:54,"Halo, Traveler! Traveler dapat melihat aturan sistem Wish di bagian [Rincian] pada halaman Wish. Jika kamu memiliki pertanyaan tentang perincian dari aturan tersebut, silakan hubungi tim Layanan Customer Support kami melalui feedback in-game atau melalui email.",2025-02-13 17:13:19,5.2.0_28336591_28351161
f42b6f85-18bf-483b-a55a-1812ec399402,ExcAlabur,https://play-lh.googleusercontent.com/a/ACg8ocLJOgkjU3lxW4ICkUukDj1k0pyL-AFvZ03ldOZbLdvu2DYK=mo,"Lumayan suka sama genshin walau update setiap religionya setahun sekalali kalo bisa di percepat ya updatenya, sama jangan lupa sembakonya di banyakin",5,0,5.2.0_28336591_28351161,2025-01-01 10:15:39,,,5.2.0_28336591_28351161
2657fdba-a012-471a-af3f-5adf0623088d,Syakila Hardani,https://play-lh.googleusercontent.com/a-/ALV-UjVV0jKweJq0amKE0UcO9t9Ho3trvHWexOKlPZvUM8yCFTTKD2WrUw,kasih guej arle y nanti,5,0,5.2.0_28336591_28351161,2025-01-01 10:15:38,,,5.2.0_28336591_28351161
afd36f7a-0e6e-4018-aadb-568b6ecc1cce,Mamat,https://play-lh.googleusercontent.com/a/ACg8ocJ14GF7XRQBt7_MBN5evpC7JpOJRU2P_uOpB7cA0YR-7kKXcwQ=mo,HUHHHHHHH,2,0,5.2.0_28336591_28351161,2025-01-01 10:14:51,,,5.2.0_28336591_28351161
eac5e020-aa50-4b08-af08-f9e334cb9ccc,yogawidya 27,https://play-lh.googleusercontent.com/a-/ALV-UjVxBJrrBGKaG7lNX9IkTyVzH3H8kaUAFUwLBWaBfeNkKn_QkXSD,"genshin sepertinya mulai ada peningkatan, semoga kedepannya akan lebih baik.",5,0,5.2.0_28336591_28351161,2025-01-01 10:14:30,,,5.2.0_28336591_28351161
99b535ce-80b5-4181-902f-35870a490000,バカノ_Senpai,https://play-lh.googleusercontent.com/a-/ALV-UjUsI3tXkBYA5d_zceMnYA6WRVccgNkxp8-5QIToXTpWAEdUVSc,bbagoess bikin strwerrss,5,0,5.2.0_28336591_28351161,2025-01-01 10:14:23,,,5.2.0_28336591_28351161
ef23ede8-585a-417b-886e-81ed097abfc7,Fachri Febrian Mujadi Ahmad,https://play-lh.googleusercontent.com/a-/ALV-UjVITKr24BBMg-tUbaPrvPMGCgvK-JQHghm2wKbYv8vN_h2Z4Yma,gamenya bagus tpi mkin setiap updatenya kenapa harus download data sebesar 10gb jadi itu tuh ngabisin ruang penyimpanan,3,3,4.4.0_20481013_20559831,2025-01-01 10:13:56,,,4.4.0_20481013_20559831
8e723790-44a3-41e6-8fdc-e36f322e2934,Andy Purnomo,https://play-lh.googleusercontent.com/a-/ALV-UjUhw-Wyly47Z-ZP-Dw1sSQoyrYjye9CXrAVFD0imdAIUYIZJMN5,"game bagus, ceritanya keren",1,0,5.3.0_29183395_29332470,2025-01-01 10:13:47,"Terima kasih atas dukungan Anda terhadap Genshin Impact, Traveler! Kalau Anda mengalami kesulitan apa pun yang berhubungan dengan Genshin Impact, silakan hubungi kami melalui email atau feedback in-game untuk mendapatkan bantuan.",2025-02-13 17:14:23,5.3.0_29183395_29332470
7d5b63b7-0bc0-44c2-a454-6557b75e3823,slafid danis,https://play-lh.googleusercontent.com/a/ACg8ocJreqgPybxZ2MOf83Bkgw_LLKPBSdtK6WyiLIeejAHynBn6ng=mo,Masterpiece,5,0,,2025-01-01 10:13:30,,,
8d14f692-c723-445f-8495-54fd24e7d7e9,IM Yan12,https://play-lh.googleusercontent.com/a-/ALV-UjUEOACOtdT8YohzFOgmIHj24gjta6I5sXBJfYr9Z4SabxoFMjYZ,"Saya harap di pengaturan Controller dapat menggunakan gamepad untuk versi Android, soalnya di versi iPhone sudah tersedia dan game sebelah pun sudah ada untuk opsi gamepad mohon untuk genshin segera menyediakan fitur controller gamepad ini agar main lebih menyenangkan 😁",5,2,5.2.0_28336591_28351161,2025-01-01 10:12:12,,,5.2.0_28336591_28351161
aaf9805d-ed8f-467d-82e4-86b989d7c9e1,Sendy Septiawan,https://play-lh.googleusercontent.com/a-/ALV-UjUdvZTcSFVWffFW2jSFMJT9TOjLBgLfcBz6nqprvt_9-bpxtxA,Nice,5,0,,2025-01-01 10:11:38,,,
ef6f9bb7-7e1d-4ba1-acd0-48f59d791b9b,Rasya Ananda,https://play-lh.googleusercontent.com/a/ACg8ocLUfEZFDKOX2HpKKi0nxdVr3Y3fAONZRxlt8WJesaQdPmZLvQ=mo,Aku mau mavuika plis,5,0,,2025-01-01 10:08:55,,,
b31f3cd5-045b-4a63-b0aa-c08818665e8c,Stefanus Ariono Sugianto,https://play-lh.googleusercontent.com/a-/ALV-UjV8rp8j7XD998VSt-qX_fqfavtPg7V5syUrmgnmcQXzY_hXB6yR,Game baik,5,0,5.2.0_28336591_28351161,2025-01-01 10:08:45,,,5.2.0_28336591_28351161
f3373d88-2637-446f-b69c-e4611a26f9b7,Alha Itam,https://play-lh.googleusercontent.com/a/ACg8ocIFOq3CWKGx6qRmNAgeXVK6bLe3xtk4PsDasiTVF3BcuS8vww=mo,gua suka,5,0,,2025-01-01 10:07:02,,,
39d80e26-e15e-4b6a-9a14-0518fba78119,Fin Toast,https://play-lh.googleusercontent.com/a-/ALV-UjV-qVmc-NjQcV1MJkMjE-sb9s8-Eg9g7jSO9BfIosDxAMMzeCE,"Sistem gacha ku kok dipersulit skrg😞, kecewa berat",3,2,5.2.0_28336591_28351161,2025-01-01 10:06:59,,,5.2.0_28336591_28351161
c48fa059-9996-426d-958b-62acf4fbc4da,Sulistio Rini,https://play-lh.googleusercontent.com/a/ACg8ocLlZ4qSs8H6XqpBpxW7feFhYVdgIlSyfy7Nh_8NyFCJNPrhFQ=mo,Jujur aku kecewa aku nunggu dowload ini sekitar 1 hari ga selesai....aku nunggu banget aku pake wifi dan koneksi lancar jaya kenapa tiba tiba keriset aku kecewa banget disuruh ulang dari awal bener bener sia sia nungguij satu hari ga selesai..maaf aku uinstall ya ? Aku kecewa mau marah tapi percuma. Aku sampai ketiduran loh....jahat,1,0,5.2.0_28336591_28351161,2025-01-01 10:06:48,"Kami mohon maaf atas permasalahan ini, Traveler. Silakan hubungi kami melalui email atau feedback in-game untuk mendapatkan bantuan lebih lanjut tentang masalah ini.",2025-02-13 17:14:49,5.2.0_28336591_28351161
72fc9243-84f9-4777-aff1-642067a528df,DICKY DIMAS,https://play-lh.googleusercontent.com/a-/ALV-UjXHLjGAN93xnrJXryxhYMIwpyZT9Gf5LULtM-w6T9AaRAD8mRc9,Gak hoki anying,1,0,2.5.0_5517525_5674503,2025-01-01 10:05:53,"Halo, Traveler! Traveler dapat melihat aturan sistem Wish di bagian [Rincian] pada halaman Wish. Jika kamu memiliki pertanyaan tentang perincian dari aturan tersebut, silakan hubungi tim Layanan Customer Support kami melalui feedback in-game atau melalui email.",2025-02-13 17:14:59,2.5.0_5517525_5674503
6f3d0373-1d94-4d75-bb6b-4193d7b1d0f0,Fadhil Mualif,https://play-lh.googleusercontent.com/a-/ALV-UjWlonJ3zYbLxijyiR5Kz28ZY_u_ZhO8ezLXthXF0PNjtL9AMi8,Woy dawei gw dah 2 tahun main tapi selalu dapet Arte ampasss,5,0,5.2.0_28336591_28351161,2025-01-01 10:03:20,,,5.2.0_28336591_28351161
38da0508-8c72-4e3a-bdcf-45518d224fa8,18_ Moh Dhiyaul Musyaffa,https://play-lh.googleusercontent.com/a-/ALV-UjVSoyfPfAWVejZKcozEMK2P-4z6V5iVBv1rJJc4WauqyL4qzGzT,best,5,0,,2025-01-01 10:00:24,,,
1d43bc1e-217b-4318-8ba9-6be74040cf03,03_I gede Narendra Wibawa putra,https://play-lh.googleusercontent.com/a/ACg8ocLL9HWO6fKcvylEk2gal2mAFwYiSyqjd17u0yvsWCj4gS7hfQ=mo,Banyakin bansos woii daiwei,1,0,5.2.0_28336591_28351161,2025-01-01 09:59:02,"Kami mohon maaf atas ketidaknyamanan yang Anda alami, Traveler. Kalau Anda memiliki masukan atau saran, silakan hubungi kami melalui email atau feedback in-game.",2025-02-13 17:15:26,5.2.0_28336591_28351161
fef98bf8-0022-4ae4-9bd6-a7f3434ca3bd,Farizi Khaf,https://play-lh.googleusercontent.com/a-/ALV-UjVAl6BFBrMiqn9Wegz0OctsGOVZQ3eiWuo3aCYqrgbvL876XkM,Klo menang rateoff ku rate B5,1,0,5.2.0_28336591_28351161,2025-01-01 09:57:07,"Halo, Traveler! Traveler dapat melihat aturan sistem Wish di bagian [Rincian] pada halaman Wish. Jika kamu memiliki pertanyaan tentang perincian dari aturan tersebut, silakan hubungi tim Layanan Customer Support kami melalui feedback in-game atau melalui email.",2025-02-13 17:15:38,5.2.0_28336591_28351161
70103d81-b38a-42f0-849b-72adb129a10e,Bilqis Aurelia,https://play-lh.googleusercontent.com/a-/ALV-UjXJH30Zcw3A472t_b9gCTBz2qpwf_FtcQ8gGG4BWs29VGtcsi-M,i love genshin,5,0,5.2.0_28336591_28351161,2025-01-01 09:55:51,,,5.2.0_28336591_28351161
56302c65-2431-4b00-b6cc-cd13bb698e00,Matksm Play Game (Mat),https://play-lh.googleusercontent.com/a-/ALV-UjWSfe0DI0NcbFxwCpW_4XWCwhfDJG6Rz9dNpgG53K5i5zy_1XWF,"Saya sebagai player 1.0 mulai merasa bosan bermain genshin dikarenakan, ketika saya bermain honkai star rail saya merasa nyaman dan tidak begitu ribet, sekarang untuk menyelesaikan eksplore sampai 100% rasanya sudah tidak mampu, apakah kedepannya genshin bisa memunculkan fitur interactive maps seperti di hoyolab? Saya suka akan kesempurnaan dalam mengeksplore, tapi saya merasa terlalu ribet jika harus menandai item yg sudah didapatkan ke interactive map di hoyolab..",3,125,5.2.0_28336591_28351161,2025-01-01 09:53:35,,,5.2.0_28336591_28351161
a15d91d9-b592-472b-8dba-b7bc73fe6eb6,Deni Saputra,https://play-lh.googleusercontent.com/a-/ALV-UjXZr0Y7oEcj_tJkexiKs-oEIJhhZLLBKwHxg_iEDsXwXbAZ07mC,Susah farming Arte aja,4,0,5.2.0_28336591_28351161,2025-01-01 09:53:00,,,5.2.0_28336591_28351161
3591ab1f-8206-47db-8245-fbaa5d958b61,Nayla Humaira,https://play-lh.googleusercontent.com/a-/ALV-UjXoa3hbV5UIVwxCAzLM4OEMKyJQ4vA2D1YKv9CLb78i52iQxlw,"boleh, tpi plis jgn qiqi mulu aku muak",5,0,5.2.0_28336591_28351161,2025-01-01 09:52:53,,,5.2.0_28336591_28351161
a8bb9326-59af-4817-bd8e-f05b2f84a51e,Vira Cemara,https://play-lh.googleusercontent.com/a-/ALV-UjWa9YzGCzC7H9iDR2mrNYhiFkq5u5BrfgbcB5jEbK20g9WC_L7H,👍,5,0,5.2.0_28336591_28351161,2025-01-01 09:52:27,,,5.2.0_28336591_28351161
ef7f4b50-8475-45d5-8e2a-77f77a0cc4e7,asep iqbal,https://play-lh.googleusercontent.com/a-/ALV-UjUanK8RU_wI8x41N1-MpmPUe3Sm_7ErkXAD9QHesnZLb43XWOs,Ku Paksain main walau pake grafik terendah v,5,0,5.2.0_28336591_28351161,2025-01-01 09:51:11,,,5.2.0_28336591_28351161
ae5a33b3-4a0a-4187-9f1d-6e5eb7a21943,Syifa Salsabila,https://play-lh.googleusercontent.com/a-/ALV-UjW2Q9_8QYOGqQai4S_MEqR9j5rCUDU3g9pGK6RuhfiKjeeLGZM,"seru bgt game nya, grafik nya jugaa bagus bgtt, bnyak husbu jg 🥰🥰",5,0,5.2.0_28336591_28351161,2025-01-01 09:50:15,,,5.2.0_28336591_28351161
2170129e-8ef8-4f4c-a57c-81cd0ed3fbfa,zahira balqis,https://play-lh.googleusercontent.com/a-/ALV-UjVlKlCts40a8J2tdkSISmJyJPklTzQt4iim7qEBHDNIaE-NeJxw,"Game nya sih seru banget, trs map ny open world jd bisa kemana aja, kita jg awal"" Pasti d kasih mora dan character jd g usah takut g dpt chara, klo grafik ny sih ga usah di tanya lagi",5,6,5.2.0_28336591_28351161,2025-01-01 09:47:42,,,5.2.0_28336591_28351161
946893b3-402a-4de7-a9e6-ebed0fdd043d,Indok Intang,https://play-lh.googleusercontent.com/a/ACg8ocLEjO-t5GdC0ruqW-ay14xodhN5pZrOKaSR1ojZkst9w6Apsg=mo,Game bagus ini baru main udah di kasih quest banyak🗿,5,0,5.2.0_28336591_28351161,2025-01-01 09:47:37,,,5.2.0_28336591_28351161
46beff22-8a8d-4a83-a510-ac4f54caddee,Zahra Damariva,https://play-lh.googleusercontent.com/a-/ALV-UjX_rIwUWCtoadadG4Ey3YZ1_zApPATgGatL1jkmK_Hv-SnM94Ir,Loading pas shadernya lelet,1,0,5.3.0_29183395_29332470,2025-01-01 09:46:42,"Kami mohon maaf atas permasalahan ini, Traveler. Silakan hubungi kami melalui email atau feedback in-game untuk mendapatkan bantuan lebih lanjut tentang masalah ini.",2025-02-13 17:15:53,5.3.0_29183395_29332470
31d78ac5-6a68-472c-b6d4-6d2cab0e1dc5,Ravinavian,https://play-lh.googleusercontent.com/a-/ALV-UjVdyVWaXPa2jPdhEZ0A7WAwxpb_-4-u5QlCn-pjeOc9tLApXXo,😁,5,0,5.2.0_28336591_28351161,2025-01-01 09:45:07,,,5.2.0_28336591_28351161
9bdb1cbd-021f-453d-a115-e1c9db39c0b6,Abdurrahman Ahsan,https://play-lh.googleusercontent.com/a-/ALV-UjW_4JROpmjAy3YIqyf0p8ZBlYPNInGeHPLIraiE3FJkP98_W9U5,Plis lahhh wriothesley sama nilou keluarin lagiii !. Selebihnya udh baguss. Dari segi grafik sama animasi nya udh oke. Kalo bisa pas bicara sama NPC kasih suara pas dialog nya biar ga diem aja🙂‍↕️🙂‍↕️,4,2,5.3.0_29183395_29332470,2025-01-01 09:44:43,,,5.3.0_29183395_29332470
88fbfc1b-7cfe-47e0-8486-48a58652b42c,AKwiN,https://play-lh.googleusercontent.com/a-/ALV-UjUkTmkYIfxlitPAyIv6Pe9GKBQUcq4A8khcQEhRDF9jpP1kxThT,keren nih game,5,0,5.2.0_28336591_28351161,2025-01-01 09:43:52,,,5.2.0_28336591_28351161
20eb0241-8fff-47b6-a0f4-24b8c9038cb8,nizyani ???,https://play-lh.googleusercontent.com/a-/ALV-UjUtzw5BF6esZ-pSa-2hmjrduuGr9tY9jpx3XBtxivpRnZKUco4,"omagaa gamee nya seruuuu, tapii di hp kuu grafik nya ga rata kanannn, doain bisa beki hp lagiii",5,1,5.2.0_28336591_28351161,2025-01-01 09:43:37,,,5.2.0_28336591_28351161
3c88ea2f-208a-4b3e-9a31-2f80f41eebe8,Kukuh Aditya,https://play-lh.googleusercontent.com/a-/ALV-UjULTQS6Jv-0cOxIsKmYoTuSKCROxlgsFmf9g1mP2dL-OoXLIZZx,Game mantap,5,0,5.2.0_28336591_28351161,2025-01-01 09:41:33,,,5.2.0_28336591_28351161
158f7cbd-28b5-4f75-a985-f52c9efece38,Rudi Hartanto,https://play-lh.googleusercontent.com/a-/ALV-UjVYoqbsfJX7-8jZO4Xa9xyC8IWKSDDfrePru53eQriQ4epC_3a1,"sugoii, game yg mempesona hehe.. tp kurang royal hadiah nya",5,0,,2025-01-01 09:39:29,,,
d151013f-6cb8-42d8-9610-7122e7ec24b8,angga su,https://play-lh.googleusercontent.com/a/ACg8ocKXs2sZgcNW0hanBvcQZpfQLvOktRm6culB6QbVjig0eL2rxA=mo,Game pelit reward guys,5,0,5.2.0_28336591_28351161,2025-01-01 09:39:25,,,5.2.0_28336591_28351161
e73aff79-a6c6-44a9-a655-8b6c02a3fe5a,Saya Tjahaja,https://play-lh.googleusercontent.com/a/ACg8ocL0YqfDV4iQZPVar7ZN5SMDnXg9Z-2HvyXdbdsAuuwWpjkWCA=mo,This game is really fun,5,0,5.2.0_28336591_28351161,2025-01-01 09:36:43,,,5.2.0_28336591_28351161
db06e5fb-abcd-4dde-be5c-4013ad5d09c9,Anjas Ferlynanda,https://play-lh.googleusercontent.com/a-/ALV-UjUu-phAK9G3fWY105Lw5dl1KvV3HInhSbuuG5HHtYPi3Yv89a1p,masih,5,1,5.2.0_28336591_28351161,2025-01-01 09:36:15,,,5.2.0_28336591_28351161
1aa6f157-8678-4438-8bf5-e98109d303bc,Muhammad Hafiz,https://play-lh.googleusercontent.com/a/ACg8ocKQeNqjnk_a3LOnJ0CLufpuMXs0QIrjYmegzPsEZVrO6wM47g=mo,Mantap,5,0,,2025-01-01 09:35:46,,,
3d279fe1-9757-4c2a-ac15-129b26c1a569,Mamah Mamh,https://play-lh.googleusercontent.com/a-/ALV-UjW-hgFKPOGMBlZPEnpBE_zXMN-7IkFiuIvek-ZOJicgzhV0vao7,"bagus sih bagus, tapi tolong jangan sampai kikir bngt kyk game mobile sebelah, takut nanti malah di samain game kyk gt🗿🙏",5,0,5.2.0_28336591_28351161,2025-01-01 09:32:38,,,5.2.0_28336591_28351161
556bcd53-c966-40b8-8d08-7cfc351a8512,Rahmat Kurniawan,https://play-lh.googleusercontent.com/a-/ALV-UjUNlw3-c_SjeE0xNuhaK8BdXBXdxgx_eY4UKKYIj_otsl8d2b0,"setiap ngerjain story archon pasti mau tidur karena sengantuk itu, enakan ngerjain world quest. buat sistem gatcha plis gk usah pkek pity2an lah cpek bnget ngumpulin primonya masa fix dpet harus di 160gatcha😭",5,0,5.3.0_29183395_29332470,2025-01-01 09:30:29,,,5.3.0_29183395_29332470
fff8344f-0d68-4203-bade-49e04056bdf9,Shark B,https://play-lh.googleusercontent.com/a/ACg8ocI3SzH-JzlCI7LUczISg22pjB_eLBfiVMJxfH2P1dy3u0JxOA=mo,"So epic So nicee mihoyo👍,",5,0,5.3.0_29183395_29332470,2025-01-01 09:29:44,,,5.3.0_29183395_29332470
9e484d7e-096b-421b-9a68-431c21ffbddf,Valerian Putra,https://play-lh.googleusercontent.com/a/ACg8ocIs09_KHMnx7T8McgzlYKvJO3qcxFXw5fDw29SUyNOfFPfCpw=mo,Bagus tapi memorinya besar,4,0,5.2.0_28336591_28351161,2025-01-01 09:29:18,,,5.2.0_28336591_28351161
6e498518-c63a-41a8-89b5-4c002b9907ec,Ibnu Falah A,https://play-lh.googleusercontent.com/a-/ALV-UjVQXFYan3tDLd1Ljc9T2KJRvsjrz0WywjlA__q29ksq1a6FWqA,"tolong sekarang banyakin low pity, cape",5,0,5.2.0_28336591_28351161,2025-01-01 09:28:34,,,5.2.0_28336591_28351161
e4e84b93-e0a1-44d2-a62b-59ea724a8637,Rasazzy Risa,https://play-lh.googleusercontent.com/a-/ALV-UjVaFMzbybOtNNqbKJl8mqExqPCXMtOYP4R0rQIbiI66TRvA11w,sering' bansos hoyo 🥰💪🏻🫰🫰,5,0,5.2.0_28336591_28351161,2025-01-01 09:27:10,,,5.2.0_28336591_28351161
ab2749d8-de23-4c7f-af29-755af9b24fc5,Nabil Muhamad dani,https://play-lh.googleusercontent.com/a-/ALV-UjWpgoB5xFBgvZMDjoT7EA3_8eeSZxzkoDoP6iNU20kRCmRiWbD-,"game nya bagus tapi sayang mihoyo terlalu personal sama gw, sering kalah rate off sama hard pety. dimohon ya mihoyo kasih lah kemudahan buat gaca karakter limited. sekian dan terima kasih 🙏",5,0,4.8.0_24603909_24822834,2025-01-01 09:27:06,,,4.8.0_24603909_24822834
f44b301a-39a5-4fa8-9638-ced531239d68,Davi Agustiansyah,https://play-lh.googleusercontent.com/a-/ALV-UjWKgXG34FfRVf0cpAS1mAJ7P_M8EpRo5qpRZhiyWa-EuL8W7Gc,best,5,0,5.2.0_28336591_28351161,2025-01-01 09:26:40,,,5.2.0_28336591_28351161
0bd8f49b-7472-4319-b70a-fe34996459e1,Yuan Putri,https://play-lh.googleusercontent.com/a-/ALV-UjXYcZ5Kfm0ddVQTi_xvzEa49XilrKbqcXaGAQd0Ft449MLUbIc,"Ini fitur co-op nya ga bagus, jadi kebawa perasaan.",1,3,5.2.0_28336591_28351161,2025-01-01 09:26:19,"Kami mohon maaf atas ketidaknyamanan yang Anda alami, Traveler. Kalau Anda memiliki masukan atau saran, silakan hubungi kami melalui email atau feedback in-game.",2025-02-13 17:16:20,5.2.0_28336591_28351161
9a5b0814-002a-4447-9890-433c87951bec,Pennyqt_,https://play-lh.googleusercontent.com/a-/ALV-UjXyQEuBUYlyj_2yAapV2JDHHkYwIofVGZOfh_mt9BCUX7bH_EO6,Cukup menarik,5,0,5.0.0_26041933_26161852,2025-01-01 09:25:37,,,5.0.0_26041933_26161852
fd1aee64-eac8-478f-a090-57c122da49c2,Via flanel _1916,https://play-lh.googleusercontent.com/a-/ALV-UjUXsiq9lyOvNZUdqrrIaNeqlTHSpFzYjQXhz-PVhuQU2Grc8w,Keren,5,0,5.2.0_28336591_28351161,2025-01-01 09:25:17,,,5.2.0_28336591_28351161
1797456e-055e-4497-ac28-68d2c6a70bab,Kaguya Shinomiya,https://play-lh.googleusercontent.com/a/ACg8ocJMK1vH_xCHjzO_m1KH3g93VrrOQVG2gptd0BcC4GZtIQbjhg=mo,Saya butuh bansos,1,0,,2025-01-01 09:22:29,"Kami mohon maaf atas permasalahan ini, Traveler. Silakan hubungi kami melalui email atau feedback in-game untuk mendapatkan bantuan lebih lanjut tentang masalah ini.",2025-02-13 17:16:25,
357f9233-5985-4d8e-b980-9ee5f2aeb0c0,Kucing oyen,https://play-lh.googleusercontent.com/a-/ALV-UjXHGEQXyrMBsl4BQQOaU51glspqz44ZPyIlCNhRSEHdDggKyjo,Game nya keren Kalo udah AR naik persentase dapat karakter bintang 5 juga naik dong. Kasian yang udah AR tinggi tapi masih pake karakter jelek,5,0,5.3.0_29183395_29332470,2025-01-01 09:21:56,,,5.3.0_29183395_29332470
7f93d159-5152-486f-b9c0-9c52257980f1,Zar king,https://play-lh.googleusercontent.com/a-/ALV-UjXD6VmfqAP-gfV8OiuFxIM1qoYXfFdjk1mImf0QWpjQkEfR6LbX,Bagus,5,0,,2025-01-01 09:20:22,,,
7b51ec44-e3c1-4a12-99a8-f5989a454218,Asraf Fauzi,https://play-lh.googleusercontent.com/a-/ALV-UjX5XKVo98Sy4Kj5y4bafDGVL7pRrm1whby1vay5mAwgXxvMdCeb,Bagus sih tapi kikir jir😹,4,0,5.2.0_28336591_28351161,2025-01-01 09:19:48,,,5.2.0_28336591_28351161
2c65c531-02de-494a-9a7a-c2edd346a589,Altargame,https://play-lh.googleusercontent.com/a-/ALV-UjXQaHKZmyzpgN3tGf_9KTJ5SE8hjqDmRX9fcGtM3PgKWh2PK7M,bagus,1,0,,2025-01-01 09:19:20,"Terima kasih atas dukungan Anda terhadap Genshin Impact, Traveler! Kalau Anda mengalami kesulitan apa pun yang berhubungan dengan Genshin Impact, silakan hubungi kami melalui email atau feedback in-game untuk mendapatkan bantuan.",2025-02-13 17:16:46,
5f48f2fb-dc80-4f8c-bdd7-5df91cdfe3f4,Siti Rohimah,https://play-lh.googleusercontent.com/a/ACg8ocIvF7Ky9zNHzi2ApaX9XRFrQ45ZZq_pFo4Iyiitln9XE_lfLw=mo,Banyak bansos cuy,5,0,5.2.0_28336591_28351161,2025-01-01 09:17:55,,,5.2.0_28336591_28351161
b1ec2dcb-b986-4349-b2ab-032bdd6f4ee8,Hendrah,https://play-lh.googleusercontent.com/a/ACg8ocIGmj9THT9fcWkwuso1fyA8apT32IJYTx6698ZTwx_TX90taw=mo,tidak perlu penilaian intinya game ini bagus,5,0,,2025-01-01 09:17:41,,,
01489c94-3410-4e63-a70c-28b4572d5bb8,Gf G,https://play-lh.googleusercontent.com/a/ACg8ocLSSzFgPAx4DKzxGA1wDSKM20KTabfvDA1QPETkb_40D-xd8A=mo,gamenya keren min👍👍👍👍,5,0,5.2.0_28336591_28351161,2025-01-01 09:14:45,,,5.2.0_28336591_28351161
195621cc-deb4-443c-9dac-5adc1f2aa4d0,RAKAN AL,https://play-lh.googleusercontent.com/a-/ALV-UjVjzOpJ2GvQbcub8QPHxhUzVBxI-gLNOJRA38Ow0P3H6sRlpCpz,Seru gamenya cuy.. Sayangnya gw kalo maen solo terus,5,0,5.2.0_28336591_28351161,2025-01-01 09:14:14,,,5.2.0_28336591_28351161
390d6de0-6ef9-4900-a17f-a18fc001035f,Vido Saputra,https://play-lh.googleusercontent.com/a/ACg8ocJAf4-9X4-NST4BkR4rzeI9xK8GOt5_4YMiE9sVICCmF2FveA=mo,Kikir impact wkwokwowkko,5,0,5.2.0_28336591_28351161,2025-01-01 09:14:13,,,5.2.0_28336591_28351161
390bd2cd-5953-48eb-92bb-7262edc92594,Dinar Palupi Ramadhani,https://play-lh.googleusercontent.com/a-/ALV-UjWGm8IOokP2VW_4miGJyayoTWGXUsYbGp656CLDXG_dPECVTit3,"Bagus sekali, grafik dan ceritanya, tapi diusahakan hadiahnya dibanyakin biar kami sebagai pemain merasa puas dan nyaman",5,0,5.2.0_28336591_28351161,2025-01-01 09:13:42,,,5.2.0_28336591_28351161
f7b139ad-0cdd-4950-89c9-4c1d762a23e0,Kazuki Ryouta,https://play-lh.googleusercontent.com/a-/ALV-UjVgAeRuuk6aM-rZ1lSHzN6-81DJB5G_dn_V7DeDDzBpLHbEEGE,PPN NAIK ANJIM ISI BLESSING JADI NAIK PNTK,5,0,5.2.0_28336591_28351161,2025-01-01 09:10:22,,,5.2.0_28336591_28351161
92681f34-0c10-457d-aed6-529b4569ac7a,tokisaki kurumi,https://play-lh.googleusercontent.com/a/ACg8ocLzFz3rRrOAxZd_4b2c5c2xTN6GbAKpRuRFsBcWySWiVKBEqw=mo,gamenya bagus cuma kikir dikit 🤏😊 tapi sekarang udah mendingan kokk🥰🥰🥰,5,0,,2025-01-01 09:09:51,,,
19f644eb-3fb1-468e-99f2-85993667e52e,Yazid Dybala10,https://play-lh.googleusercontent.com/a/ACg8ocJL40SWKxyKrg0YgWl-0xrKbsXMRm-HvaGmTc36IkXXA-wsvA=mo,Min tambahin tombol skip dong buat cerita cerita gitu,4,0,5.2.0_28336591_28351161,2025-01-01 09:09:46,,,5.2.0_28336591_28351161
848f4a45-a849-4f64-b406-1e79d3e6a3f1,alya,https://play-lh.googleusercontent.com/a-/ALV-UjVmMCIiAeYo0lIQrK8jFaY6NYt_Po0uW4LiqmnkmJ50uSwIS_rz,"Gameplay, story, grafik udah plus jempol. Tapi sistem gachanya astaga extra pelit. World building gimana ini? Tiba tiba ada motor gimana ceritanya?",2,0,5.2.0_28336591_28351161,2025-01-01 09:07:14,,,5.2.0_28336591_28351161
cead803c-73c4-4537-ba3f-7552b054843f,しーKu,https://play-lh.googleusercontent.com/a-/ALV-UjU5uYgWvsRmAKKiSDqFL-kiZyvQQxLyhayEcCU5HMSl4_xUzVi2,pelit primo,1,0,5.2.0_28336591_28351161,2025-01-01 09:03:52,"Kami mohon maaf atas permasalahan ini, Traveler. Silakan hubungi kami melalui email atau feedback in-game untuk mendapatkan bantuan lebih lanjut tentang masalah ini.",2025-02-13 17:16:57,5.2.0_28336591_28351161
c8eaa263-9d55-4269-91be-af7ab5dd514a,Adam Firmansyah,https://play-lh.googleusercontent.com/a-/ALV-UjVGmZ9FioPcxfslZfhvgLClfWcCpUUfYg0u1ByjT2E5DRKG6oR4,Cuma karena ada YAE MIKO,5,0,5.2.0_28336591_28351161,2025-01-01 09:02:31,,,5.2.0_28336591_28351161
efcb7d9f-b612-43bc-b4eb-fd722c067ef4,Gazlex Cz,https://play-lh.googleusercontent.com/a-/ALV-UjVzHhfyK7NHL-gIgk8FnOjX0gAPNqlkxIgq3TOk1T_M_gjVrNA,👍👍👍👍,5,0,,2025-01-01 09:01:34,,,
886726cc-03fe-4b05-9ac2-4bf90765da0e,Muhammad Azyumardi Arza A,https://play-lh.googleusercontent.com/a-/ALV-UjVaIhKobltIW2UKw9eKcK6FfLucOaxRTTTXRrbCrioFKPX_7nQQ,Kecewa sih ama ini game 🤬,5,0,5.2.0_28336591_28351161,2025-01-01 09:01:29,,,5.2.0_28336591_28351161
b5218fcc-4472-4177-a081-1c0b057dc618,Ghali- El-fatin,https://play-lh.googleusercontent.com/a-/ALV-UjXIlCewc3cxeISY2TIGiDI45bcgQzJt2h7CD9wWnG67R7hh84wP,Kerenn,5,0,5.2.0_28336591_28351161,2025-01-01 08:59:47,,,5.2.0_28336591_28351161
8b749da2-5cf5-46cc-bf1a-408cd299f708,Haidar Akmal Anafi,https://play-lh.googleusercontent.com/a-/ALV-UjV9FxPMZZrwIV7j367WZnLxMjraB2I1KwbMJJ_SQZRMvhkDMwvl,good game,5,0,5.2.0_28336591_28351161,2025-01-01 08:59:46,,,5.2.0_28336591_28351161
41ecad87-d58a-4a07-ae15-e207138dcd77,ILHAM GOD,https://play-lh.googleusercontent.com/a-/ALV-UjXWKYdm-bdpoQn5ueTrq6u4mFyYoovyRRp8xKKM_oO_UQ0mx6c,Perbanyak lagi dong sumber penghasilan Primo untuk Traveler yang udah end game,4,0,,2025-01-01 08:56:40,,,
852ddca4-34e5-41ce-8fea-cf2e5f9fe861,Wahyu Aldinata,https://play-lh.googleusercontent.com/a/ACg8ocJqyEBbvHBWj0oho4A9U5VrnhPipGPiIRZMGHdHppUHaqvYUg=mo,"Udh download data in game 22gb gw tungguin dari tengah malem ampe pagi, eh taunya ada update dan harus update 20gb lg. Kocak kocak",1,0,5.3.0_29183395_29332470,2025-01-01 08:56:04,"Kami mohon maaf atas permasalahan ini, Traveler. Silakan hubungi kami melalui email atau feedback in-game untuk mendapatkan bantuan lebih lanjut tentang masalah ini.",2025-02-13 17:17:12,5.3.0_29183395_29332470
ea9d26ca-625b-4c6a-a551-190e81b89ca9,Black Zecker,https://play-lh.googleusercontent.com/a-/ALV-UjXrFsmnBwiMGbmuEIQbI7kMCmbR2TcJ38IciX4GppO7Rl4NaEBq,Best rpg,5,1,5.2.0_28336591_28351161,2025-01-01 08:55:56,,,5.2.0_28336591_28351161
9d69ae1c-3e53-47e6-a9bd-78969fd488d9,Queena Askana Sakhi,https://play-lh.googleusercontent.com/a/ACg8ocLUUfV4HJfXGHe9yE9qFrr_TYPIgALDHcEU-9euwDePdofuDWE=mo,syg bgt sama genshin tpi sayangnya device udh ga ngedukung lagi deh buat main genshin ❤️,5,0,5.2.0_28336591_28351161,2025-01-01 08:55:53,,,5.2.0_28336591_28351161
6eb6ccb9-99e6-423b-a38e-c9fce8c477d0,Deadot Beathead,https://play-lh.googleusercontent.com/a-/ALV-UjXU6WELMwPG4m9DSUGthCHwvKXCplr_OSCsGt5vwwKllc8yX3Y,Mavuikaaa,5,0,5.2.0_28336591_28351161,2025-01-01 08:55:18,,,5.2.0_28336591_28351161
597dd52f-bb3d-40e2-a973-5bb4f23c5e8c,Nabilah Hasna Rafifa,https://play-lh.googleusercontent.com/a-/ALV-UjUhMZvsABU-ZH5Lyfnb8Nj5sKeJ7tR4VMdCTLt3WL3suWR_sDal,👍,4,0,5.2.0_28336591_28351161,2025-01-01 08:54:27,,,5.2.0_28336591_28351161
3b1c586c-b1b0-4e38-a9d8-f45b5ae1500c,DAFFA Zul17,https://play-lh.googleusercontent.com/a-/ALV-UjUr7U9P0rglnnIlYx8h5P4JeNduGdg3Bxv1L2dAR6N5PYDev9jg,"gime baiq, terimakasih Developer 🔥",5,0,5.2.0_28336591_28351161,2025-01-01 08:49:53,,,5.2.0_28336591_28351161
a146e8c4-4b06-4c45-be84-f1b33997cbd3,Oscillatoria 21,https://play-lh.googleusercontent.com/a-/ALV-UjXxEwR_mYfkfy6SbcYG6pEBCMjh7w69rSMD03LIBy4endQOVRQ,Terbaik,5,0,,2025-01-01 08:47:22,,,
dd052792-dde4-4179-8377-204cd46d8906,Carolin Sirait,https://play-lh.googleusercontent.com/a-/ALV-UjVlipPst7GVHhhVXtBFQ4fwlwmK1oTRngj2L65pHo7fEmQXk4fG,Grafiknya luar biasa 😭😭,5,0,5.2.0_28336591_28351161,2025-01-01 08:47:07,,,5.2.0_28336591_28351161
26f8145a-52ce-4bf2-8bc1-b4bd1614212b,BlackCrows (Bcrows),https://play-lh.googleusercontent.com/a-/ALV-UjWxG12xX63GEr7Yad2Do4XI4Vu8Eza5iH25Ge9eHGpmFH2hn_M,Udah tiga hari ping gak mau stabil padahal biasanya gakpapa. Ini masalahnya apa?,5,0,5.3.0_29183395_29332470,2025-01-01 08:47:00,,,5.3.0_29183395_29332470
8eff3b93-23da-4dfe-a87a-16a4d8332244,tyan prem,https://play-lh.googleusercontent.com/a/ACg8ocJfn21nK02G2_oPP_K72kOR--eP4qQYENz-F4Iuln8cT7F91A=mo,Bgaus,5,0,,2025-01-01 08:44:25,,,
834b1e1a-b891-4a88-beff-25e013e35981,gilang,https://play-lh.googleusercontent.com/a-/ALV-UjWzAgIceZf61a1i0Jkk8AUATxU_wOmx8OqurC8W_QrbSuIhoY0,bagus anjrrrr,5,0,,2025-01-01 08:38:25,,,
d1f3c02c-a2ca-495d-9d80-11035bf355aa,Daniel Hara Tua,https://play-lh.googleusercontent.com/a-/ALV-UjXtC2wTIIEdt15a9VKyaczoI1DchstsKXol7Wbe8B7ppe_cVVA,game baik,5,0,5.2.0_28336591_28351161,2025-01-01 08:37:44,,,5.2.0_28336591_28351161
3d25e420-ea4a-43cb-8de9-a45a14c8796e,Ananda yusuf Siregar,https://play-lh.googleusercontent.com/a-/ALV-UjXne5pktPzCJZvX7UQO9ydCkLvqFoFjMTt44blPhfeoDmfgfHE,Game nya bagus sangat bagus Tapi hehe bagi promo lah mang hoyo,5,0,5.2.0_28336591_28351161,2025-01-01 08:36:39,,,5.2.0_28336591_28351161
9a83447f-c65c-4f22-85f4-1c7762baafc4,66dev (Will),https://play-lh.googleusercontent.com/a-/ALV-UjWffgcY8qnlwaesyXZTeEXGKvXcdn4D9bVkpRVMitOSgWzbM6qB,honestly kinda fell off after natlan update 😬😬 sorry not sorry. still a decent game tho.,3,1,5.2.0_28336591_28351161,2025-01-01 08:34:21,,,5.2.0_28336591_28351161
99e801b0-c33f-4fd4-9e24-8353d5245814,Kodzuken,https://play-lh.googleusercontent.com/a-/ALV-UjWA08We5v6qiw1IgCbOcbuKJAUFLI4S9vCZ0OMtvnRyFKRaJL0K,"Gamenya seru ! Storynya keren ! Backsound ya juga bagus² ! Pemandangannya bagus , bisa ketemu temen & kenalan sama orang lain",5,0,5.2.0_28336591_28351161,2025-01-01 08:33:43,,,5.2.0_28336591_28351161
ae2787b3-916d-4b32-9055-6b4c4a1ab599,hxsby edit,https://play-lh.googleusercontent.com/a-/ALV-UjUX4Sp2IJeiDgDDQaVvScEDanp1ZxlM_gyQE3R-cHx7H1wXTV4,"Event nya bikinin kayak HSR dong biar betah, event nya pelit",1,0,5.2.0_28336591_28351161,2025-01-01 08:30:20,"Terima kasih atas dukungan Traveler terhadap Genshin Impact. Kami menerima secara terbuka semua masukan/umpan balik dari kalian. Jika Traveler memiliki saran atau masukan, jangan ragu untuk menghubungi kami melalui feedback in-game atau email.",2025-02-13 17:22:52,5.2.0_28336591_28351161
0a19fc2d-889c-4224-af86-d352925f48ca,Hari Suryanata,https://play-lh.googleusercontent.com/a-/ALV-UjUyqxXsEsXi2vqqFcfNOq3UDfGQ_YaxJfR6QR0to_emg8w2NXoX,Good,5,0,5.2.0_28336591_28351161,2025-01-01 08:28:46,,,5.2.0_28336591_28351161
28c78679-9059-46dc-8d11-b62755f1c384,DHiKA NATION67,https://play-lh.googleusercontent.com/a-/ALV-UjUavTbHYINpoUdg4WE7tsSizUG7ZllkLIysBN_UmKRWY_eXwRLk,sudah jadi game baik,4,0,5.2.0_28336591_28351161,2025-01-01 08:27:46,"Kami mohon maaf atas permasalahan ini, Traveler. Silakan hubungi kami melalui email atau feedback in-game untuk mendapatkan bantuan lebih lanjut tentang masalah ini.",2024-08-06 18:21:57,5.2.0_28336591_28351161
a8387990-6f8f-4c54-ac2f-ee07a580f46b,N.S.D Cat,https://play-lh.googleusercontent.com/a-/ALV-UjVPwcOD8HHNViVZc-Yn6hVC1G5si19xDeL9sowCyScs6sx00__V,"dari segi grinding udh bagus, jika terlalu mudah mendapatkan artefak yang bagus itu akan membuat permainan menjadi cepat membosankan. tapi tolong kasi fitur skip lah, quest kebanyakan yapping kga guna njir bikin ngantuk.🗿",5,1,5.2.0_28336591_28351161,2025-01-01 08:26:08,,,5.2.0_28336591_28351161
65ced443-1879-458e-b966-2eaf0853fc7b,Leo Jhee,https://play-lh.googleusercontent.com/a-/ALV-UjU5FEA8uRWcgrK7rCXqXo0CsDPKeGzzbKvFd2sg7N1sZ98FIRtU,d pikiran org : hadiah aniversery yg kurang menggiurkan. d pikiran ku : kapan yah hu tao dpt costum baru :v (akhirnya ratingkomenku didengar hoyo😭),5,0,5.2.0_28336591_28351161,2025-01-01 08:24:54,,,5.2.0_28336591_28351161
07ca7b52-625d-4224-b125-02d946f03059,Adrian Nurhikmat,https://play-lh.googleusercontent.com/a-/ALV-UjWU_KBqvxAyFSLDsYlDmXufWinsn8b249J4djfTTbHDWckFs4nt,👍💯,5,0,5.2.0_28336591_28351161,2025-01-01 08:24:15,,,5.2.0_28336591_28351161
f3e6658b-5c68-44ac-af32-d0bfd83fbe2b,Fabian Azma,https://play-lh.googleusercontent.com/a-/ALV-UjXkizNuMWiJAHyEn73aAXFof1wvMwiXeUvd2jGOclkuzhk9u5w,y bgs HAHAHAHAHAA,5,0,5.2.0_28336591_28351161,2025-01-01 08:24:14,,,5.2.0_28336591_28351161
6d589cb7-b8bf-4703-a7aa-c7fb303e3497,Marisi Siadari,https://play-lh.googleusercontent.com/a-/ALV-UjWPGZRE-Gs39OaBVXDfKfr1FGv1RvLJw8chk5f5R_iTRGf7Co4,Good game,5,0,5.2.0_28336591_28351161,2025-01-01 08:22:51,,,5.2.0_28336591_28351161
5b507a10-4e5a-4303-8fb0-7f6f0678366d,Trysna Ayu,https://play-lh.googleusercontent.com/a-/ALV-UjVXKF6LJrcblNISFBxAuh3PVM-vuvrhBYB4w2mbgpHeT3U_T7QF,Mau kinichhh oiii,5,1,5.2.0_28336591_28351161,2025-01-01 08:20:40,,,5.2.0_28336591_28351161
7305ee19-fd5f-4ab5-8299-b5f9e780140e,Muhamad Syarif,https://play-lh.googleusercontent.com/a-/ALV-UjXYrePLKQVmjWbS5ly80jWgkaDy3rzgjscxRRxEFXBGnDYSbDzy,Ada hutao jadi dapat b5 😒,5,0,5.2.0_28336591_28351161,2025-01-01 08:20:31,,,5.2.0_28336591_28351161
041d612d-efb3-40a4-a1af-d13075de2ae7,Animedit,https://play-lh.googleusercontent.com/a-/ALV-UjWpSMCmRa7BStMiiHNK5TzLnQ1dtlbMYvjXvskpA2SGkSdG_mUo,"Bagus, tapi kikir. Sekian terima kasih 🗿👍",3,0,,2025-01-01 08:19:29,,,
54ddeea5-5567-439e-b9b2-5f71421deeb6,RIzE,https://play-lh.googleusercontent.com/a-/ALV-UjUUTA3j-1qJLNr2pdy85qnFtZYRQ4P3vuM7fwQa2tBeGYU0Sdqz,Berikan fitur skip story.,2,0,5.2.0_28336591_28351161,2025-01-01 08:15:45,,,5.2.0_28336591_28351161
112f62f8-5db1-4b21-834f-335172447c01,Agoen Doang,https://play-lh.googleusercontent.com/a-/ALV-UjXGG6DMlLkrmzJSBADRBE1HG3rilVOCh_1bG9p0hssryI3a021tVg,Good,4,0,5.2.0_28336591_28351161,2025-01-01 08:15:40,,,5.2.0_28336591_28351161
fbd0508d-3e79-486c-a23a-59dadda24784,Muhammad Prast,https://play-lh.googleusercontent.com/a/ACg8ocJuNohoztkAAhPpsavffWZkU3U_YfzG6eist2vCibuy57WMxw=mo,Makin lama makin pelit nih game... susah bgt gacha B5 percakapannya jg trlalu bertele-tele.. bkin jenuh gk ada skip percakapannya,1,0,5.3.0_29183395_29332470,2025-01-01 08:14:47,"Kami mohon maaf atas permasalahan ini, Traveler. Silakan hubungi kami melalui email atau feedback in-game untuk mendapatkan bantuan lebih lanjut tentang masalah ini.",2025-02-13 17:22:33,5.3.0_29183395_29332470
c6ef228a-1c06-4ae1-913b-514c9991c6cd,Alsy Mas AL,https://play-lh.googleusercontent.com/a-/ALV-UjUOkQjvtQNuthbt4EjhsK4xkWeHfjNvFrUTq4uKfPC1U4gc7n79,Ok,4,0,5.2.0_28336591_28351161,2025-01-01 08:13:26,,,5.2.0_28336591_28351161
158bf896-fd96-4edc-b30f-9326885a68c3,Rohidin,https://play-lh.googleusercontent.com/a-/ALV-UjVJH03Ogs2xGYvAymd5egZzCFg5hTswEMnS0CpPqHMh8C1_j1Cz,Mantep,5,0,5.2.0_28336591_28351161,2025-01-01 08:13:11,,,5.2.0_28336591_28351161
a7638bda-6ad0-4496-b9bd-983fa5c171ca,04. Danisa Rezkyy,https://play-lh.googleusercontent.com/a-/ALV-UjWtzQ4LAgnwOBksAanagK_t5pUTwK-Xo2k61WsyoxQoC8SezfVf,"game nya seru,bisa nenangin pikiran kalau habis kalah main game kompetitif",5,0,5.2.0_28336591_28351161,2025-01-01 08:11:35,,,5.2.0_28336591_28351161
02053c57-77dc-4be1-87ce-3dcd4bebc192,Ezar tzy oi oi Oi,https://play-lh.googleusercontent.com/a/ACg8ocK12OiimJpY055gaJHnsXK3QfLWeO5ZtyS2lekUWeT6muyD3Q=mo,Saya sudah pra unduh untuk update versi 5.3 tapi kenapa harus donlod lagi mohon di perbaiki saya sudah keluar kuota banyak,1,0,5.3.0_29183395_29332470,2025-01-01 08:11:24,"Halo, Traveler! Terima kasih telah mendukung Genshin Impact. Fungsi fitur pra-unduh adalah untuk memberikan player akses pada konten terbaru lebih cepat sewaktu versi terbaru dirilis. Jika Traveler mengalami masalah sewaktu pengunduhan, silahkan menghubungi CS kami melalui email. Kami akan memberikan bantuan/jawaban yang sesuai untuk Traveler.",2025-02-13 17:22:22,5.3.0_29183395_29332470
d283e9dd-f243-47e5-8bab-c94967c253a6,Oni,https://play-lh.googleusercontent.com/a-/ALV-UjWE90QsFtoqLQxK1b43-HLvwHgDD1kbeN0l3vzR5wH64OyY15k,Kikir impact adalah jokes yang ironi 🤣🤣🤣 Edit: Mau gacha Mavuika weh. Tolong maintenance dipercepat 5 menit ae 😭😭😭,5,0,5.3.0_29183395_29332470,2025-01-01 08:09:42,,,5.3.0_29183395_29332470
ba463e95-e1cb-4001-a8c4-3583df1454f7,Fadel Rifqi,https://play-lh.googleusercontent.com/a-/ALV-UjVS5nVs80ht0aLkeQwWwv47qYke6QmgfY0ugQTmjvYzMJP1tPeH,Wah game ini bagus sekali grafik sangat hd dan cerita yg seru dan tidak membosankan semoga game ini menjadi game of the year tahun ini semoga saya menang rate off arle,5,0,5.2.0_28336591_28351161,2025-01-01 08:09:24,,,5.2.0_28336591_28351161
b01f65ca-8b95-47fb-86d1-0047b2d6b1c4,Tiffani Angelina,https://play-lh.googleusercontent.com/a-/ALV-UjWhogZbmcCYdKMyCX52byMvbHN8WqkyDse7Jm5Xq02Qam2bO7KRMA,"Pls give me Kazuha on their banner at early pity. If I got him, I'll do anything for him *sobs*",5,0,5.2.0_28336591_28351161,2025-01-01 08:09:14,,,5.2.0_28336591_28351161
753383b5-06d0-4030-b235-ecaaed9fffe7,Nathaniel. Sugiarta,https://play-lh.googleusercontent.com/a-/ALV-UjUmg2y8-6SEpNtrKtCDnLm6toT3KeL9YTJzcY9AicqTCPCZW0u0,"Tar tar taglia tar tar glia tar glia tar tartaglia tar tar tar taglia taglia. Btw, one of the most requested game of da year👍",5,185,5.2.0_28336591_28351161,2025-01-01 08:07:33,,,5.2.0_28336591_28351161
aea1e43e-84d7-49c2-be58-cd2401d33693,Ulya Wibowo,https://play-lh.googleusercontent.com/a-/ALV-UjXR0C2PpuPfYKPRYrtpbaAn2Rv7LhvkOGog-EexBlAFxxgt6Bs,"Dari segi grafik sangat keren, alur ceritanya juga jelas dan rame, desain karakternya keren², mapnya luas, sistem gacha menyenangkan walau kadang kalah rate off, kalau bisa fullsize nya diperkecil, pokonya overall ini game RPG paling recommended 👍🏻",5,2,5.2.0_28336591_28351161,2025-01-01 08:07:29,,,5.2.0_28336591_28351161
8bc3a3ed-f34d-4b51-ae4f-c82949b04a5c,Naru,https://play-lh.googleusercontent.com/a-/ALV-UjU4GiTh6X7yLMTAtve4dn0oLgyyJ8kPtwvTl2iikrU1jkfXxXU,Kekurangan bansos,5,0,5.2.0_28336591_28351161,2025-01-01 08:06:56,,,5.2.0_28336591_28351161
4d5eebb7-3494-4323-9827-82039bb29f87,Joni Erlang,https://play-lh.googleusercontent.com/a/ACg8ocJ28-xhX_FOBjG9b7XLHfOeA207Pebbv1iFEbhm6BhZcQf8tQ=mo,Kasih menang rate off Lah,5,0,,2025-01-01 08:06:06,,,
6c36098d-67bc-4706-b98b-6637152de205,abhinaya putra,https://play-lh.googleusercontent.com/a-/ALV-UjWiOqNxlic0iy51bQv2-yhGMRUvtOXHnXKBOUpiN-SoBZVKyzU,Masih butuh sesuatu yang menyegarkan🔥,5,0,,2025-01-01 08:03:41,,,
c3ac3362-5676-42dc-b320-7a50722124a2,White Owl,https://play-lh.googleusercontent.com/a-/ALV-UjWnOBUiun5-XP7DFgNC-uZn1wkDWJl04bRT9L8Pv9ykTXcX4eS5,Tolong lah min ini artefak gak ngotak susah banget dapet yang bagus,5,0,5.2.0_28336591_28351161,2025-01-01 08:02:28,,,5.2.0_28336591_28351161
70ef6d2c-7afc-4af5-bdae-19c3583e2f69,Yusuf T,https://play-lh.googleusercontent.com/a-/ALV-UjU27VsZxoBWtIEjab-oV9g840UFeh4wzjT-N80J5gb7OcU-6g9a,Sdh baik..good job🫠,5,0,5.2.0_28336591_28351161,2025-01-01 08:01:20,,,5.2.0_28336591_28351161
b8e88031-b25f-4d72-9b40-64817b38e727,Rakha Dimas,https://play-lh.googleusercontent.com/a-/ALV-UjVEB0DJUKZOdgjJHz_kPMvijuYYPJVvDtVvXh_ZIDw7NunPxzXa,seru dan asik banget,5,0,5.2.0_28336591_28351161,2025-01-01 08:01:04,,,5.2.0_28336591_28351161
e8e522e3-f2ae-4ca1-a474-38a6e76e29f3,Chi Chia,https://play-lh.googleusercontent.com/a-/ALV-UjUqhfvD59hZ-tsIBmLfaYLriLBf5daZ1JQKwrFvbmZoABJ7UI38,"Sudah memainkan lebih dari 3 th, sangat memuaskan",5,1,5.3.0_29183395_29332470,2025-01-01 08:01:01,,,5.3.0_29183395_29332470
5041e6d4-31ce-4563-b0b4-2acf6ed50cc9,Luthfi,https://play-lh.googleusercontent.com/a-/ALV-UjV5WCqofQmEOo6rbLSlJbBkji8aGk5KQH87951Zxh88Lo-2w_GB,"Game yang sangat menarik, baik dari segi alur maupun karakter nya *Kikir impact njing *sehat sehat game bike 🙏🏻😇",5,1,5.3.0_29183395_29332470,2025-01-01 08:00:29,,,5.3.0_29183395_29332470
c7c455cd-c291-4bff-ba52-9e7e590f7da5,mohammad rafli akbar,https://play-lh.googleusercontent.com/a-/ALV-UjVkiyTm2B9pkaDoX5DsBktSg67vxnEGgakulnnp8KnWuO8frDb1,Kalo mainin ngerasa kayak zombie ngulang ngulang mulu,3,0,5.2.0_28336591_28351161,2025-01-01 07:57:45,,,5.2.0_28336591_28351161
656d03a6-9765-4d34-9236-d565a5c1c5ac,Vania Vania,https://play-lh.googleusercontent.com/a/ACg8ocKCL75bTYWfEv8aIe-Sl79Oe6XozHORZoFvB69PGiBnaPFGLw=mo,PLS BANYAKIN KARAKTER COWOKKK JANGAN CEWEK MULU HOYOO😭 POPULASI KARAKTER COWOK MAKIN DIKIT DI SETIAP REGION,4,2,5.2.0_28336591_28351161,2025-01-01 07:55:28,,,5.2.0_28336591_28351161
e407bc1b-d712-4c12-9222-f0e7c995c818,J A K S K Y,https://play-lh.googleusercontent.com/a-/ALV-UjX46WYQhlIiimKiuQaMJhZBPO-1rykeAZziID3-avLbslQBNQwP,Seru banget,5,0,5.2.0_28336591_28351161,2025-01-01 07:54:34,,,5.2.0_28336591_28351161
6a530734-a34d-432f-a84d-da996a98caba,Budi bin Sucipto,https://play-lh.googleusercontent.com/a-/ALV-UjUhl94O_478TEeSECBZ-QyybNV7JQxuXL1doXxNBkU6uhZTBjLn,Game kikir,3,0,5.2.0_28336591_28351161,2025-01-01 07:49:45,,,5.2.0_28336591_28351161
52575ca9-89be-42dc-a851-6080e4818129,Ariyu Verno,https://play-lh.googleusercontent.com/a/ACg8ocJ4hfzdrUYfjmUWW6Q0aykqbCbUGnSVh1H77QvQ5O1LnYbY6w=mo,Game nya seru,5,0,5.2.0_28336591_28351161,2025-01-01 07:45:43,,,5.2.0_28336591_28351161
880ffc7c-a2dc-4729-95bd-20d74167c882,Alif Lukman,https://play-lh.googleusercontent.com/a/ACg8ocI6anxkjo3ZRFS4_C0xY-P_Zv8_rlxyFBmWFAAgX_CgHXKA=mo,Bagus,4,0,,2025-01-01 07:45:04,,,
c8e0297c-52fe-4076-a5c2-9d0567361ebc,devian ajah,https://play-lh.googleusercontent.com/a-/ALV-UjV3quQDTHYXtRNvOhVuXJ2YgtdW2fUVDYrbwGT4DGxMv020D1A,"beh keren bet ama alur ceritanya cok, gw aja ampe tergila gila main dari pagi ampe malam ni game :v, tapi ingat ygy harus waktu juga, aku pun dah atur waktu juga tqpi, gak bisa😂, ni game nagih bet soalnya",5,0,5.3.0_29183395_29332470,2025-01-01 07:41:34,,,5.3.0_29183395_29332470
ecf43da6-e795-49c0-9dfb-5e40e475f88b,Bakty Yoga,https://play-lh.googleusercontent.com/a-/ALV-UjVXnUaHwcYsqTyf1GZsmX7ni2Ddf4gaLp3BLjNBzztUmEjm0WVP,udang rada hilang sih sifat kikir nya,4,1,5.2.0_28336591_28351161,2025-01-01 07:37:23,,,5.2.0_28336591_28351161
ea0fd990-e0e5-44bb-92a8-6d341cce7edb,Fujitora Isho,https://play-lh.googleusercontent.com/a-/ALV-UjXwJ146kY-1t9r8M8XJd0TKvInV-pUNKEJFaCtcZmLxtyNQiIkK,"Tolong donk map natlan buat ringan seperti monstat, ini terlalu berat buat versi mobile nya plase hoyo saya masih main memainkan game ini 🙏",5,0,5.3.0_29183395_29332470,2025-01-01 07:34:55,,,5.3.0_29183395_29332470
b22b9aef-62ee-415d-b083-24255650fa1b,Kutul Panjang,https://play-lh.googleusercontent.com/a/ACg8ocIlLsQASx46AcEUd14B0m2sMz99xjoszulzUd9opgGyi5OtEA=mo,muach,5,0,,2025-01-01 07:33:48,,,
e9a725cb-1a5f-4f51-9a39-a0513d447bcc,Paduka Mewing,https://play-lh.googleusercontent.com/a-/ALV-UjWUvcb_5BEu_r_XFlb4whgtKaIr3FH9VPLcrwiHa1pOR3mAneVn,"Udah bagus, tapi masih sering lag server nya, mode co op kadang gak stabil, trus download juga sering eror, bug hillichurl di dalem batu, kalo bisa di skip aja NPC nya, lama 5 jam cuma buat dengerin npc yang gaada gunanya buat akun, efek bloom terlalu silau buat HP, pergerakan npc harus dibatasi per jarak player biar gak bikin drop fps, kalo keluar pas dialog malah ngulang dan itu lama banget, segi senjata masih sedikit untuk bintang 3, sulit untuk pemula, char b4 buffer masih sedikit.",2,13,5.3.0_29183395_29332470,2025-01-01 07:32:26,,,5.3.0_29183395_29332470
6b4cd381-f18e-49a5-87b1-086a05ec8e95,Wandy Yansen,https://play-lh.googleusercontent.com/a-/ALV-UjWIQOy86qye4JXJrXFd3L3fz4burLDiyzLov2C2pSLvC8wQiFWy,"Gamenya seru banget dari segi grafik, Lore, gameplay, dan story nya menarik juga. Palingan yang bisa ditambahin resinnya biar lebih cepat ngisinya agar gampang farming Arte, talenta, dll. Dari gua gitu aja sih, yang jelas gamenya ngak ngebosenin.",5,1,5.2.0_28336591_28351161,2025-01-01 07:25:45,,,5.2.0_28336591_28351161
b1666993-dc19-425d-acd8-ca9e1ef0d7aa,ZeNEKO,https://play-lh.googleusercontent.com/a-/ALV-UjX6aVogIm-E-x0eCdorVMlMd3oAfsntV2hcZIdDHEqmQaoPyVIz,Bagus,4,0,,2025-01-01 07:18:48,,,
f03d41b9-e7ca-4caa-84c0-18375a43f003,Ayum Bayumi,https://play-lh.googleusercontent.com/a-/ALV-UjUSaWIFl0eVB5P4ezDE2LF327IrSjmg4VOw9fRTRFYem_NYwDzU,Sampai dapat carecter b5 baru kasi b5 juga,4,0,5.2.0_28336591_28351161,2025-01-01 07:13:21,,,5.2.0_28336591_28351161
d4927f98-a4bc-4f04-a3dc-fffdb705da06,Kaedehara,https://play-lh.googleusercontent.com/a-/ALV-UjV8xU5n4y2WI07_sCRMcHFfcirS43tDo7ZPIS5BtC9BeUytdcRh,I love genshin impact 💯,5,0,5.2.0_28336591_28351161,2025-01-01 07:09:25,,,5.2.0_28336591_28351161
8eba5489-277b-4160-a23d-e176fbc939a5,Fajar Nugraha,https://play-lh.googleusercontent.com/a-/ALV-UjWOT-RhCyDHaxQBS6X0IRtg4NV5Tbr4clMZNiP81K9W3p41w2NX,"Untuk UI nya sudah rapih, alangkah baik nya dipermudah untuk mendapatkan artefak yang diinginkan dan dipermudah untuk ngebuild karakter",4,5,5.3.0_29183395_29332470,2025-01-01 07:09:07,,,5.3.0_29183395_29332470
a30f2add-1d5a-44e2-9927-3f69bfc057e3,Lisa Khairunnisa,https://play-lh.googleusercontent.com/a-/ALV-UjXk9GTkn9M8E-hR1Y7ki56mHpa841Ag33exk74Toq1DdkhU3iIe,SOOO GUDDDD,5,0,5.2.0_28336591_28351161,2025-01-01 07:08:02,,,5.2.0_28336591_28351161
fef66397-63d4-4ce3-bb6f-13e779057f63,Onde Onde,https://play-lh.googleusercontent.com/a-/ALV-UjXHcDqbrLKfrC5PrA373P9MU5pPsdMVYt05tdztFoGja4hcm9F3,"Why the feedback can't help the problem that we told about, like bug or something",1,0,,2025-01-01 07:07:39,,,
fe36dc6b-ecbf-438f-a06b-ac968c4c3e82,Iqbal Tanjunk,https://play-lh.googleusercontent.com/a-/ALV-UjWi8_a9PfhiE_dD_nwXy12nPm36XdNmSWmYFCrHIgaWZHS4yEXs,"Game yg cocok buat santai, tapi soal artefak lebih di perhatikan. Build satu karakter setengah tahun baru bagus.",5,0,2.0.0_3513686_3617618,2025-01-01 07:07:19,,,2.0.0_3513686_3617618
8711c0b8-97e3-4345-9e17-243317d18f7a,Wisnu panji Nugroho 28,https://play-lh.googleusercontent.com/a-/ALV-UjXH3441P-b9DeCRRPyOddLzzJHCqZfWDMbe4lfD304nKzEScyo,kikir banget sih saya sudah cape bekerja,3,0,5.2.0_28336591_28351161,2025-01-01 07:05:59,,,5.2.0_28336591_28351161
7ceb98ef-e56e-43a4-a952-1b52f6a06269,Fikha Illaimran,https://play-lh.googleusercontent.com/a/ACg8ocIF8cEZWE5kLsi3vNHhcEdjN4TYMp5-PTBloEe1pEWqWmMXPw=mo,Dapat citlali :v,5,0,5.3.0_29183395_29332470,2025-01-01 07:04:27,,,5.3.0_29183395_29332470
2ce8e68c-d10d-4e76-aed2-fc0ffa0f3ed6,Heri fahrijal orang tanjung,https://play-lh.googleusercontent.com/a-/ALV-UjXXiDwLPJvT8PX9_5iWJ3bvwF5UtSbeeDXoiRcjudYXbqrPTRM,Bug map natlan belum di fix,1,0,5.2.0_28336591_28351161,2025-01-01 07:02:07,"Kami mohon maaf atas permasalahan ini, Traveler. Silakan hubungi kami melalui email atau feedback in-game untuk mendapatkan bantuan lebih lanjut tentang masalah ini.",2025-02-13 17:18:46,5.2.0_28336591_28351161
22674497-ff2f-4d18-a062-090ff10e45aa,Daniel Christian,https://play-lh.googleusercontent.com/a-/ALV-UjVIu_KPnPHhLjR7zL9XeRF09g2m5MEcN9s2wjOy8l5Qrp5N2tU,Semuanya ok hanya saja quest terlalu sulit dan tidak masuk akal untuk menaikkan rank adventure atau karakter,1,1,5.3.0_29183395_29332470,2025-01-01 06:56:54,"Kami mohon maaf atas permasalahan ini, Traveler. Silakan hubungi kami melalui email atau feedback in-game untuk mendapatkan bantuan lebih lanjut tentang masalah ini.",2025-02-13 17:18:24,5.3.0_29183395_29332470
fb57c13a-b5c3-474b-ad99-5804794de306,Isa Curup,https://play-lh.googleusercontent.com/a/ACg8ocJh-ygFgpBOSL7Cmc2YL9FeBH2c7AykEJAlPv7FB5J5fwH79A=mo,"Cukup memuaskan game ini baik map nya, mekanik nya, dan teka teki nya hanya saja saya usulkan kalau MC kita dapat skin baru masa karakter lain dapat skin baru sedangkan MC tidak",5,1,5.3.0_29183395_29332470,2025-01-01 06:54:38,,,5.3.0_29183395_29332470
fda70305-1cc6-4f95-84e1-24a7a2f6cafa,MUHAMMAD FAHRI,https://play-lh.googleusercontent.com/a-/ALV-UjWZwCiPcNlf1hOgGiIRLMwC4qG-AsPtIo9mBweu_P8JyVkQCXWI,Admin please help me to get the character damage numbers that I have worked so hard to build😭😭💔,5,0,5.2.0_28336591_28351161,2025-01-01 06:48:55,,,5.2.0_28336591_28351161
bbd4f0a1-331b-4e61-bb79-e492b2e14ba5,Muhammad Ikhwal AL MALIK,https://play-lh.googleusercontent.com/a-/ALV-UjUk-Jpon5Yo-LguRHIYCyAUu4UcO1uKeyDwecLtxgN0G58GQ5Q1,"Overall dari gameplay, story, karakter, bagus bet. Mungkin ada beberapa bug yang sering muncul di game dan saya berharap bisa segera di perbaiki",5,1,5.2.0_28336591_28351161,2025-01-01 06:46:14,,,5.2.0_28336591_28351161
98201150-3ece-4a55-88a7-8f029a05b921,Thoif zamroni,https://play-lh.googleusercontent.com/a-/ALV-UjUn9AGLsm1kkjEk0pTpXBVK9VQMMVffmVDSpQeD1kImAjPVEj8,"Tolong kasih fitur mic ,sekian terimakasih",3,0,5.3.0_29183395_29332470,2025-01-01 06:39:31,,,5.3.0_29183395_29332470
e028c9b5-d68d-4009-9424-802a89cbbe98,Zidan Wr,https://play-lh.googleusercontent.com/a/ACg8ocKOfjKPKuVl64qAMBxjbcKIZEUnLl65ZWm_iE5vQGNgryXAyA=mo,"Tolong ya genshin beri saya arte yang bagus,capek ngedomain gak dapet yang bagus",5,1,5.3.0_29183395_29332470,2025-01-01 06:38:44,,,5.3.0_29183395_29332470
dd7a8c0b-1cdb-42a9-8577-5896c5273d65,Bayu Lesmana,https://play-lh.googleusercontent.com/a-/ALV-UjVY7KeEHuSLCkccwVYmV0-4hkM7qTjUMPP_lSYIMq5EsfO0cVU,"sangat mantap, rate arte jangan di persulit, lvl monster juga sesuaikan sama char lah, ga smua char sama lvl nya, bisa yuk seimbangin lg",5,0,5.2.0_28336591_28351161,2025-01-01 06:34:53,,,5.2.0_28336591_28351161
0785804f-7659-4878-bba6-e02fa6bc9c00,Ridwan Bintang,https://play-lh.googleusercontent.com/a-/ALV-UjWXQGjUMEhWJJm-8o-9JQJUhYPovLrsNPyjRMU1N09-YB8eR_k,semoga map sneznaya cepat ada,5,0,5.2.0_28336591_28351161,2025-01-01 06:34:01,,,5.2.0_28336591_28351161
eb61d595-7112-47e4-855a-fbed4127fd64,Channel Naoka,https://play-lh.googleusercontent.com/a-/ALV-UjVVxEU6ZX6pJW6XT6WDqhNOH4bUDz5Wd8UXbihuC4QXpNNhOAI,"Bagus banget, tapi gw agak gedeg ama player lain BANYAK MAU ANJENG Soal desain charlah, itu lah, ini lah, ah pepek nikmatin game nya aja bisa nggak sih??lagipula ini cuman game :/",5,0,5.3.0_29183395_29332470,2025-01-01 06:28:24,,,5.3.0_29183395_29332470
dd0e0e04-1491-4986-b64a-3e96a50238a9,Muh Fagi,https://play-lh.googleusercontent.com/a-/ALV-UjUPi-BIGVAx7-4WRuoK7Gg6PT0kEOOz-_iNLf5nyXaUsQO5p4I,"Gameplay oke, story juga oke. Untuk hp kentang kyk punya saya ram 6 masih jalan walaupun kadang ngefreeze, untuk gacha sedikit mudahin di rate off masih 80x itu harus nabung dulu",5,1,5.2.0_28336591_28351161,2025-01-01 06:25:36,,,5.2.0_28336591_28351161
dd908d49-4115-4234-a0c8-f5329f255c89,Sendi Setiawan,https://play-lh.googleusercontent.com/a/ACg8ocJ3eJC4PyOAoykDa8R1H16v-b9zAo7wIz_XzjjNUawOO9Dy9Q=mo,"Gw suka heran sama yang ngeluh soal gensin apalah energi nya dikit apalah ga bisa skip percakapan dan juga susah nyari artefak eh dodol itu tuh kalo lu mau stamina irit ya upgade patung steven, kalo lo mau skip percakapan ya ga bisa soalnya percakapan itu menyesuaikan kita dengan dunia gensin, dan mau nyari arte b5 itu susah ya di buat susah itu karena karakter bakal op kalau di kasih arte nya yang bagus dodol lain kali main ff aja biar paham jangan maen gensin kalo bego ""skian""",5,0,5.2.0_28336591_28351161,2025-01-01 06:24:22,,,5.2.0_28336591_28351161
4d3f1522-915f-4915-a9d0-33f5d6b03e6a,Alfayet 1130,https://play-lh.googleusercontent.com/a-/ALV-UjVDgPSNWzp-S1JjbvyB7Qhwfhp99lieDBWbCTevgVctl3Tx2g8k,Klo kalian baca ini percayalah pasti hidup kalian suram,5,0,5.2.0_28336591_28351161,2025-01-01 06:24:04,,,5.2.0_28336591_28351161
09bb05d8-bc78-44b8-99d6-614c3877f5c9,Muhammad Andi Syahputra,https://play-lh.googleusercontent.com/a-/ALV-UjWzPiik62jDso3c0-wT2iiZbDndFohJ1iQIpXR3FvhZnzmp4pg,Mantap semangat terus,5,0,5.2.0_28336591_28351161,2025-01-01 06:23:17,,,5.2.0_28336591_28351161
c4546a70-b2cc-4cc4-ad0b-486eaa89de26,mah indra,https://play-lh.googleusercontent.com/a/ACg8ocI-joLZwgoqeohKgn3USlfIztFCro3APtXVfVQdZ19TKXdZcA=mo,overall bagus,5,0,5.3.0_29183395_29332470,2025-01-01 06:22:08,,,5.3.0_29183395_29332470
8be56594-1c31-4f61-a6f6-b307cc65880d,Farchan Taufiqurrohman,https://play-lh.googleusercontent.com/a-/ALV-UjVZxPy9xqWmWX5k3KxJy1vAdaN_QfrNJvIqVT5QHa3bWQkzhH_e,Good,4,131,5.2.0_28336591_28351161,2025-01-01 06:21:58,,,5.2.0_28336591_28351161
7aa41fab-dedb-45f5-b6d8-c7678eb66db2,Abdan Al-Banjari,https://play-lh.googleusercontent.com/a-/ALV-UjWF1scqhi35U4E7TsM3IlVMApzB3muLjsxXscXSwLTfxfqI0Xvv,Good,5,0,5.2.0_28336591_28351161,2025-01-01 06:21:30,,,5.2.0_28336591_28351161
3c06b726-b6bf-4d29-95ed-3a02e018e228,Nakki Pratama,https://play-lh.googleusercontent.com/a-/ALV-UjUPNMXcTucS52P67gwL-RlBOcqiCU5TeUB8cAmEXkSBLzdiERKW,Konten nya cukup boring over all cukup perfect dari quest dunia Natlan dan Quest Archonnya best,5,0,5.2.0_28336591_28351161,2025-01-01 06:17:47,,,5.2.0_28336591_28351161
f50e1e05-9bbe-462a-ace6-1de9f554f318,Rizqi AM,https://play-lh.googleusercontent.com/a-/ALV-UjX20hbdamKo7EIWVfy0vbGKHZjnsTxULm0fT9uN3MEHHdbbiY8,"Seru Tapi Banyak Hal Belum Terlalu Menarik Bagi Saya,mungkin akan lebih seru jika lebih banyak primo gratis.",5,0,5.2.0_28336591_28351161,2025-01-01 06:15:11,,,5.2.0_28336591_28351161
39804d3e-e506-416f-b9ae-c2af37bef599,Papa Tom87,https://play-lh.googleusercontent.com/a-/ALV-UjXN-ZNzCZR-c3hq0XKnck3XIW_iBLRkHf_e9_g_AZdolgqWrd4d,"Game keren, semoga hoki di pergachaan",5,19,5.2.0_28336591_28351161,2025-01-01 06:13:05,,,5.2.0_28336591_28351161
1b365851-709f-4853-89f0-e756e3e6f2ad,Aes Rachman,https://play-lh.googleusercontent.com/a-/ALV-UjVkFyexquhyYFrCmIFWVq1G3EpUWD5KJ1RnUi2aStXZ6NnV5Qim,"30GBan total semua data, anjirrrr mau meledak HP gw....",5,0,5.2.0_28336591_28351161,2025-01-01 06:12:27,,,5.2.0_28336591_28351161
b35236b6-3ef6-495b-a621-f16287b50748,revan Evergarden,https://play-lh.googleusercontent.com/a/ACg8ocLLtPlz29HzEOCzcmLLr7qIDUWAA9c2YJEiGrSUOfJkTGFyXg=mo,sering sering kasih bansos lahh yg buanyak,5,0,,2025-01-01 06:12:02,,,
86eddc2a-507c-4ce9-811e-74e31d334683,NOZE YT official,https://play-lh.googleusercontent.com/a-/ALV-UjXj-tqfTA0iOgeJixLobN8JTP5WB1fvxg7J1drrEXxgGCkAwcLW,Keren.,5,0,5.2.0_28336591_28351161,2025-01-01 06:08:00,,,5.2.0_28336591_28351161
41b45359-9ec4-4bd9-9375-70415ef3b60c,Wanderer,https://play-lh.googleusercontent.com/a-/ALV-UjW3tWllfVd1mNKkrngRqtuyGSktuQzm_bAP6uW_rFwwDU10UQgr,"Semangat developer, gamenya bagus dan seru :) ✨✨ Semoga terus berkembang. Terjemahan bahasa Indonesia juga bagus banget, cara bicara sama dengan sifat karakter masing-masing.",5,1,5.2.0_28336591_28351161,2025-01-01 06:07:37,,,5.2.0_28336591_28351161
04135407-2590-469e-9e2f-b3b64fe2b5ef,Anang Kurniawan,https://play-lh.googleusercontent.com/a-/ALV-UjWELSw8_Nu1GiOmd-YB-RoB9snJfk7b_bArm4MLM_manHLAGg2s,"Dear Genshin Impact, We ask you nicely to increase the rate of chance to get characters, artifacts and drop items.",3,0,5.3.0_29183395_29332470,2025-01-01 06:07:27,,,5.3.0_29183395_29332470
1273395a-b5a0-4646-aa79-1ec29cf8fed8,Bima Achmad,https://play-lh.googleusercontent.com/a/ACg8ocKDAZBmkf-4cG7j4uF-QBfBdyUtLfx5BktEHTOTxZB5yMKl9Q=mo,bagus,4,0,5.3.0_29183395_29332470,2025-01-01 06:01:43,,,5.3.0_29183395_29332470
1618a6f6-61ff-4088-a072-43649cccc801,Shirio Miko,https://play-lh.googleusercontent.com/a-/ALV-UjVYYJYJuZlsfyFxgqubxHZGBD1yvuwcLVJvtajFNw_iCXV00cRQ,Always in my heart,5,0,5.2.0_28336591_28351161,2025-01-01 06:00:18,,,5.2.0_28336591_28351161
7da4a7e9-8e59-4e25-b555-7cbaf4961380,akkam,https://play-lh.googleusercontent.com/a/ACg8ocLOAuwQ5WZrtYUm9PNVkTfiD_qTvtlx-toEIb-V3ZbCxmG5UA=mo,"Please lah, game sebagus ini malah ternodai ama Storytelling yang buruk. Ekspektasi ku ama game ini adalah slash hit adventure, bukan malah denger NPC yapping 30 menit per scene, combatnya dikit banget pas story.",3,0,,2025-01-01 06:00:01,,,
5fca5aae-2ec9-451d-ad48-0cc57d4e0269,Athaya Devika,https://play-lh.googleusercontent.com/a-/ALV-UjV7T6vFeGfZjMvBO6oXKEPROEmM9417sWM7MWszkOMU8xzfaPnJ,Seru banget buat dimainin dan juga bagus untuk orang yang suka deluluuu,5,0,5.2.0_28336591_28351161,2025-01-01 05:57:09,,,5.2.0_28336591_28351161
5162ad2c-20af-4a26-baa3-8c38d40809e2,never lose,https://play-lh.googleusercontent.com/a-/ALV-UjXOrKOH5xg-tCXQuqjgMTbdpuqdDUMD4MhioCjiwuJ0B2OwFAo,Eksplore lama hadiahnya gk sebanding dengan waktu yang kita habiskan,3,0,5.2.0_28336591_28351161,2025-01-01 05:54:54,,,5.2.0_28336591_28351161
cbc82cf2-c32f-4340-9544-c91151ebe4c0,Ryuuga.KazzSey,https://play-lh.googleusercontent.com/a-/ALV-UjVZCFiI-F9EfnnxkPpVjNbe9GPx4NCZw6eaX_tz80Yx3f3m1ow,"Eum... Dari segi game sih udah bagus... Tapi masalahnya ada dibagian gacha, gacha karakternya tuh lumayan susah banget... Terus cara memperoleh primogemnya juga... Terlalu susah buat F2P...",3,0,5.3.0_29183395_29332470,2025-01-01 05:54:12,,,5.3.0_29183395_29332470
23a2eb85-69e8-429d-b936-fd9a1a63c8a4,Lokomon Gaming,https://play-lh.googleusercontent.com/a-/ALV-UjUTBZmSCDsQE_anXL8_QWpe16EHWptZ-h_UDwlYK8OyjAAsLD4,Event kurang menarik dari awal rilis sampe sekarang terlalu monoton tambakan lagi eventnya jangan mentang-mentang China event cina semua,3,0,5.0.0_26041933_26161852,2025-01-01 05:54:08,,,5.0.0_26041933_26161852
a4780f2c-51af-44f8-9067-88fbd6dabde6,Rendy Saja,https://play-lh.googleusercontent.com/a-/ALV-UjU1A_g7nHCFZZrDTf5FzdxVdW4kF10MDQQvUM2iR6Xr2ddK4UWn,My second home,5,0,,2025-01-01 05:50:34,,,
db187c75-c9c9-4963-a921-afbb909dd07d,kii san,https://play-lh.googleusercontent.com/a-/ALV-UjWgh82Qpb1kJHYRs9gqWDwBpUOFEzbn0Oo4oc2UVN86ARE-TwRQ,Minimal pity dibikin 50 🥱,4,0,5.2.0_28336591_28351161,2025-01-01 05:49:27,,,5.2.0_28336591_28351161
609f5459-1070-449b-8674-9b7d0ca360c5,Faldi Limbalo,https://play-lh.googleusercontent.com/a/ACg8ocLqxEiogcwt-pRyWfSZcsXAtd9vLE05dy2Hn6ge2dDUttlG=mo,tolong support gamepad di android,1,0,5.3.0_29183395_29332470,2025-01-01 05:49:04,"Terima kasih atas dukungan dan perhatian kalian kepada Genshin Impact. Kami akan terus memberikan konten game berkualitas kepada Traveler. Bila Traveler menemui masalah selama bertualang, Anda bisa memberikan masukan di dalam game untuk menghubungi kami kapan saja. Kami akan terus memperhatikan saran dan masukan tentang pengalaman bermain Traveler.",2021-10-27 08:58:37,5.3.0_29183395_29332470
c7a7ae79-46e2-42cc-9872-6b36489fe094,Ali Ilham,https://play-lh.googleusercontent.com/a-/ALV-UjXXCb43ZKmfgQwloqG_BSK4UhK-l4YnYu-4HelNu5DN2DA4yao,Berikan kami bansos hoyooooo😭 bokek bet hari ini🗿👍,4,0,5.3.0_29183395_29332470,2025-01-01 05:48:25,,,5.3.0_29183395_29332470
d7bbc160-09cb-43f8-a281-f3d503c3b4e0,Muhammad Fajar,https://play-lh.googleusercontent.com/a-/ALV-UjW2KQD858kTx89yzu6ZWVGsoscQ7lU_3ehdWtqDgFwkx9hEx90qQw,Saya memainkan Fontaine 4.1 With xiaomi note 10 5g Medium graphic saat ini masih lancar. Update Perangkat saya POCO X6 5G,5,0,5.2.0_28336591_28351161,2025-01-01 05:45:13,,,5.2.0_28336591_28351161
d747761b-579e-4f99-b8fd-878ee096fafe,Kevin Oktavian,https://play-lh.googleusercontent.com/a/ACg8ocINZ8eGARkebYFk5xTf1Tl0NJeqx85HHMWE5N9CEenSVTsNrw=mo,"Nice Genshin,diperbanyak lagi ya milfnya😋",5,0,5.2.0_28336591_28351161,2025-01-01 05:40:59,,,5.2.0_28336591_28351161
8f9c15b8-f9e7-491f-82ad-05b53694b6bb,Muhammad Iqbal,https://play-lh.googleusercontent.com/a-/ALV-UjUT-zkQRImns-nt_jugtDCbbJHPaClCcmDiTaUbYb-gy8Kqwpp9,Keren,5,0,5.2.0_28336591_28351161,2025-01-01 05:39:55,,,5.2.0_28336591_28351161
68c042cd-00e7-4d9d-9e0f-ed143a98190c,mcpe dragon011,https://play-lh.googleusercontent.com/a-/ALV-UjVqArz0TLNv3lFNZVKJepX-s11YVTDIHn4qNDHiz17rkteRx50,👍,5,0,5.2.0_28336591_28351161,2025-01-01 05:37:51,,,5.2.0_28336591_28351161
3611b666-db07-4c6d-9013-bd29ac6b331d,Pixar Indo,https://play-lh.googleusercontent.com/a-/ALV-UjUaeMP3fCKQ_wqcggCUnEJZAugGStfyt2L-ndyZFq8CdTIpWy8,Okh,5,2,4.3.0_19705728_19706476,2025-01-01 05:31:53,,,4.3.0_19705728_19706476
00e7f52d-24a3-4d8d-a2ae-b263283639da,Raafi,https://play-lh.googleusercontent.com/a-/ALV-UjXdxoA_QsW-9QI9GNGyxOG2el2lYs8p0ye2KFczphpNr6JqIBA,"System pity nya tolong di di mudah kan,saya sebagai player F2P sangat kesulitan untuk gacha karakter",5,0,5.2.0_28336591_28351161,2025-01-01 05:30:34,,,5.2.0_28336591_28351161
dcde5459-58ac-4c20-b204-040323024d98,Azril Hendriansyah,https://play-lh.googleusercontent.com/a/ACg8ocJcTS4_imf3f9xt4KVsOQ5IhpjL6oP0oGazdPdkrDHt3Eo8_Q=mo,Parah setiap gacha ga pernah dapet,1,0,5.3.0_29183395_29332470,2025-01-01 05:30:21,"Halo, Traveler! Traveler dapat melihat aturan sistem Wish di bagian [Rincian] pada halaman Wish. Jika kamu memiliki pertanyaan tentang perincian dari aturan tersebut, silakan hubungi tim Layanan Customer Support kami melalui feedback in-game atau melalui email.",2025-02-13 17:14:19,5.3.0_29183395_29332470
a1547302-cc71-4f6f-8bfb-601af0aee4a2,ga_ ButuH,https://play-lh.googleusercontent.com/a/ACg8ocJIKrUdMT9LBfkfflbRPVOAPCmOE60tFIp04Fd7av7dmdTZ=mo,Ngabisin banyak resin dapatnya artifak ampas,1,0,5.2.0_28336591_28351161,2025-01-01 05:28:53,"Kami mohon maaf atas permasalahan ini, Traveler. Silakan hubungi kami melalui email atau feedback in-game untuk mendapatkan bantuan lebih lanjut tentang masalah ini.",2025-02-13 17:12:26,5.2.0_28336591_28351161
956119a3-8a35-4fea-a119-655abec013b5,Muhammad Alwan,https://play-lh.googleusercontent.com/a-/ALV-UjU587c_EnQdVSwu5gKhWabeUHMuVPdoEdNAZu9Z7aKjKGwZmO4j,Kecewa karena kurangnya penambahan fitur,1,0,,2025-01-01 05:26:39,"Terima kasih atas dukungan Traveler terhadap Genshin Impact. Kami menerima secara terbuka semua masukan/umpan balik dari kalian. Jika Traveler memiliki saran atau masukan, jangan ragu untuk menghubungi kami melalui feedback in-game atau email.",2025-02-13 17:12:37,
aa905fa1-1cc8-4d37-8b31-ba0f59540ea6,Thafaa Dini Akbar,https://play-lh.googleusercontent.com/a-/ALV-UjX8dcdM1s9D-2f2qdEa8BPKpudAwnmRJDtUZR26mR9NgejJZFR4,"Game nya sebetulnya udah bagus, explore nya ga jelek jelek banget, tapi story nya kepanjangan kaya dibacain dongeng pengantar tidur",2,0,5.2.0_28336591_28351161,2025-01-01 05:23:53,,,5.2.0_28336591_28351161
8aefd749-4d21-4cad-b764-090f095a7091,Rafael Pardosi,https://play-lh.googleusercontent.com/a-/ALV-UjVz_TdLbt5yGBNFqrLinvOcpQ4im1B3jKJVSuKf1tehw9WTGys,Mantap,4,0,5.2.0_28336591_28351161,2025-01-01 05:22:56,,,5.2.0_28336591_28351161
2e4750a4-bb5f-44aa-bde4-e8730ecd9d79,Mimi Mimi,https://play-lh.googleusercontent.com/a/ACg8ocKDtEh4iXurW7U7TXTw6G9DNGX9NRiatjh8qePXSF97jMJOKw=mo,Gameya bagus banget tapi sayang hp gw yang gakbagus,5,0,,2025-01-01 05:21:21,,,
5eb4c078-58c8-4865-afa4-a9e8345534b5,Azz Zozing?!,https://play-lh.googleusercontent.com/a-/ALV-UjWFj9QBYXoonLeaN9Iqu9SC_tnHHRqQ6h92YOEJXdufXbNBhrE,Nya,5,1,5.2.0_28336591_28351161,2025-01-01 05:20:47,,,5.2.0_28336591_28351161
15ec2a01-4ef1-4343-bef9-8bd20b98efba,Kaede Suzuru,https://play-lh.googleusercontent.com/a-/ALV-UjWiuAR0hmopMUy83vMhqQ7XAKaNSHaLMnuWuqPkag78lECbz1M,Game bagus,5,0,5.2.0_28336591_28351161,2025-01-01 05:19:19,,,5.2.0_28336591_28351161
016f4140-9dac-4010-98ec-2e5676fa62d1,Ahmad Murobi,https://play-lh.googleusercontent.com/a/ACg8ocIUBUiSUw5_C_YavN4KLY52k5bw_A6cRhNgJJ23u0yz-t2huw=mo,game android terbaik,5,0,5.2.0_28336591_28351161,2025-01-01 05:12:58,,,5.2.0_28336591_28351161
f83350b6-afde-474a-91c1-7d082fb967d0,Muhammad Decky Murtadho,https://play-lh.googleusercontent.com/a-/ALV-UjXqwQZnoBRaQtGW54LSU4WKrJwH8oxVe7Kl6L4ctKX2jqBQ5NU,Setelah bermain ini game kurang lebihnya 4 tahun... mungkin ini merupakan salah satu game terlama yang saya mainkan. keren abiss,5,0,5.3.0_29183395_29332470,2025-01-01 05:12:28,,,5.3.0_29183395_29332470
741e7c11-3b5b-4ee7-9037-396cb79850cc,AL Haqiqi'z,https://play-lh.googleusercontent.com/a-/ALV-UjUZlWv9z-Ov1-iBUyqnNd5DWZduqpG2uAX3NxvZPtHUYRVTtUQgfw,"Game open world terbaik menurut saya. Memang game nya berat untuk HP kentang. Tapi say berani Poco X3 Grafik full rata kanan(rada lag). Sejauh ini tidak ada karakter yang tidak saya suka namun, untuk saya player F2P untuk mendapatkan primogem harus berjuang mati matian. Untuk kalian yang ngeluh susah dapet karakter b5 Up, itukan sistemnya setiap 90× gacha dapet setidaknya 1 b5 (jika dapet b5 up berarti banner selanjutnya lu ga dapet yang up/direset). Sistemnya tolong dioptimalkan kedepannya. 🙏",4,111,5.2.0_28336591_28351161,2025-01-01 05:03:39,,,5.2.0_28336591_28351161
5eda77f5-4cf4-410e-a79d-29807f4d027c,Rere Syareefa,https://play-lh.googleusercontent.com/a/ACg8ocKVuVpgL5onIVCZCkm2mdhyRUfxO1AM8BAOecbOO97RRAEyxVI=mo,Suka banget bikin ketagihan mainnya,4,0,5.2.0_28336591_28351161,2025-01-01 04:32:51,,,5.2.0_28336591_28351161
957d5296-9f8d-48a1-a34e-a5ce9290bfe3,Aldo Siswoyo,https://play-lh.googleusercontent.com/a-/ALV-UjVMvdUfBn4XU-iGJu9-IuCi80n_4ICvuDZQsJ9WKdomMrrFb7hS,Woilah imaginarium theater ga ngotak electro regesvine cuma 45detik dikira showcase dmg apa gimana bjir?,3,0,5.2.0_28336591_28351161,2025-01-01 04:09:46,,,5.2.0_28336591_28351161
9092e32c-749b-4213-a6f1-43fb23898971,Riyan Danu,https://play-lh.googleusercontent.com/a/ACg8ocLVrNJfwGosGAQ9HiKglGfJNYifzX1FUFRvxeWJ5iaPgynHaw=mo,"Game sangat bagus sangat menarik, overall, terutama story, grafick n BGM nya, moga menang rate off buat mavuika n signaturnya nanti, Amin.",5,0,,2025-01-01 04:08:00,,,
f7424b34-6651-4ffd-b347-9f2bacc8f12d,Muhammad Fitra Prasma Rifkia,https://play-lh.googleusercontent.com/a-/ALV-UjU58cMU04rMSb2c6r4-2Ji7xhiad83FU5FLSRKUrXn6JbKhckW0,Cacat by developer,1,0,,2025-01-01 04:04:56,"Terima kasih atas dukungan Anda terhadap Genshin Impact, Traveler! Kalau Anda mengalami kesulitan apa pun yang berhubungan dengan Genshin Impact, silakan hubungi kami melalui email atau feedback in-game untuk mendapatkan bantuan.",2025-02-13 17:11:27,
ca374405-0efa-411d-9428-fc29773f186a,Vanitas.,https://play-lh.googleusercontent.com/a-/ALV-UjUCr7nxH2k66feU58NcrkJ3Y-TEfjB5rCxCjv5Kjf8zSui0Ry3e,✋😐🤚,5,0,5.2.0_28336591_28351161,2025-01-01 03:58:20,,,5.2.0_28336591_28351161
6bd8c52b-9229-40ef-a048-d83d78aa7697,Vountir,https://play-lh.googleusercontent.com/a/ACg8ocLR_D4b_V89twmluuWrJwlUvs7jXtuy0Dn5ZIH6LtSth2k0Og=mo,"Dari segi story dan animasi sangat bagus , desain karakter dan map nya sangat bagus dan unik 👍👍",5,0,,2025-01-01 02:49:02,,,
65f30469-8bc9-4326-8bcb-8ac4193e83d5,Zaky Tw2,https://play-lh.googleusercontent.com/a-/ALV-UjXXzyQvAclL8J5tnsOSwEifgHBEGhsSkTcjuaqW34b4lLxpCtxC,pelit kikir anjirr,5,0,5.2.0_28336591_28351161,2025-01-01 02:03:10,,,5.2.0_28336591_28351161
aa084a94-872c-4b91-aad5-4c0fedacaf71,Sey Salehudin,https://play-lh.googleusercontent.com/a-/ALV-UjU59fa_oU6eonTnpmz-MDPqOABfJ5ShvpJt_Sb5qy79yK02XBMq,"Kapan nih diadakan fitur skip di quest, ngomongnya kelamaan, klo g mau dikasih fitur skip kasih fitur speed aja 2x/4x10x/100x gitukan biar cepat ngomongnya saya sudah mabok quest, quest story msih ok lah klo quest bisu/quest dunia ini yg menyebalkan udah lama bicaranya, ngomongnya ga ada suaranya, g dimainkan tidak terbuka hidden map sama teleportnya,tolonglah dikasih fitur skip di quest dunia itu penting sekali, ga semua orang suka ya main quest apalagi quest bisu udah mabok saya sma quest bisu",2,12,5.2.0_28336591_28351161,2025-01-01 01:55:25,,,5.2.0_28336591_28351161
8aa45b5a-6d77-40c5-8cbe-afb846251ce1,Josse Nibos,https://play-lh.googleusercontent.com/a-/ALV-UjUPcmcBcaNZJVSuuutpg1_m5qvdKgEW1py63I_4BzYUwfgmUeo,Tidak bisa di unduh terpaksa bermain di cloud,1,0,5.2.0_28336591_28351161,2025-01-01 01:38:58,"Kami mohon maaf atas permasalahan ini, Traveler. Silakan hubungi kami melalui email atau feedback in-game untuk mendapatkan bantuan lebih lanjut tentang masalah ini.",2025-02-13 17:11:12,5.2.0_28336591_28351161
5f69ef88-5db7-4451-b489-19eddc9660b1,anang alditra,https://play-lh.googleusercontent.com/a-/ALV-UjUeiO1i7quOJs7rzCgd0NoL2t2TRXZVewqo5DtdS8IurvG8OXlT,BOLEHLAH,5,0,,2025-01-01 01:36:47,,,
1b3c19c8-5dfd-44a6-b541-0806c307729f,Deni Setiawan,https://play-lh.googleusercontent.com/a-/ALV-UjW8ip3nJxiXS5dKWgSj9hNvAZem8T0omwhBpMde6aRqrzRnA9w,"Bintang 3 dulu ya,soal nya sy blm memahami game play nya,dr segi cerita nya ok sih,JD buat GI good job lah",3,0,5.2.0_28336591_28351161,2025-01-01 01:36:01,,,5.2.0_28336591_28351161
49e76698-d675-4115-b71c-09bad79b849b,Al'z Legend,https://play-lh.googleusercontent.com/a/ACg8ocLTIHLqIdBXLW7Y1tVJp7yHsRhPbAJLF1ySNkyOlVYfaehGrw=mo,"Untuk game sudah sangat bagus, tapi saya ingin ditambah hewan yg bisa dijadikan transportasi seperti kuda dll, agar saat menjalankan misi yg jaraknya sangat jauh agar menjadi lebih cepat, itu saja sih untuk yg lainnya sudah bagus semua",5,1,5.2.0_28336591_28351161,2025-01-01 01:34:45,,,5.2.0_28336591_28351161
dee9fdb9-3005-486c-bf6c-0077527807fb,Almaira Naura,https://play-lh.googleusercontent.com/a/ACg8ocJveFLp0a-FPHTi6Hh49DYF4-E2gOipOVeMSjFuvJbowe2zeQ=mo,"Datang dari Fan lanyan ke 100, saya suka tapi aku malah bergadang untuk updatenya Tetapi ini game bagus",4,0,5.2.0_28336591_28351161,2025-01-01 00:43:50,,,5.2.0_28336591_28351161
fee3dfde-32d4-4901-878e-9c25529ffc70,Gibran Pabiola,https://play-lh.googleusercontent.com/a-/ALV-UjWr1nYZdxfcT_5Q4fGCjDXAjcO0Doou85SBrbTI5HhpdFQLZiA,Mantap😁,5,0,,2025-01-01 00:36:48,,,
