ReviewID,Content,Score,ThumbsUpCount,at,AppVersion
2cf85c2d-bc47-4030-9eca-ac000d46d82f,"HELLO GENSHIN IMPACT I HAVE A LITTLE COMPLAINT, IN MY OPINION IT TAKES A VERY LONG TIME TO COLLECT RESIN IF THE FOAM IS SPEEDED UP FOR COLLECTING RESIN AND IF POSSIBLE IT CAN BE INCREASED TO 250/300. THAT'S ALL THANK YOU",5,0,2025-04-10 18:30:38,5.5
c97ec484-677d-4d17-b330-39502dd9b045,"Saran buat dev dioptimalkan lagi game ya, 2020 Edit th 2024: ini ulasan saya setelah 3 tahun lebih di PV 4.2. Buset dah, story nya.... Tidak menyangka game yang saya kasih bintang satu ternyata bagus bener Lore storynya. Jadi pingin ngikuti sampai mana ini game berakhir Edit kembali th 2025: maaf ini kenapa lorenya kek game bayi ya? Katanya natlan itu Negara Perang, Tapi kok kayak Kebun binatang? saya kasih 1 bintang, kecewa benerrrrr",1,0,2025-04-09 20:08:42,5.5
4550d4ff-d199-4983-81f5-a299b923ab19,good,5,0,2025-04-09 19:57:42,5.5
4318f7e7-e90b-4fd8-acae-45a2dd6e7452,game nya asik bet anjay,5,0,2025-04-09 19:55:05,5.5
fa38b679-0c26-4922-82c5-08474ed35fed,Ini game atau seni yaallah soalnya bgus bgt!!!! walaupun sistem gacha bkin frustasi tapi entah knp klo aku ngehapus gm ini mlh pgen download lgi!!🥰🥰😋😋😭😭tapi ukurannya kagak ngotak langsung makan setengah penyimpanan hpku😐 game nya udah banyak bansos(tpi sesekali kalo ada ver baru primonya dibanyakin dikit jdi 800-1000😋😋),5,0,2025-04-09 19:46:49,5.5
0c916f46-3643-41fe-a684-fa4f9a2e3dad,good game,5,0,2025-04-09 19:32:24,5.5
65b278f4-fb78-477b-8368-dd5f310f6d27,"oke saya tidak ada lagi yang ingin di sampaikan terkait geme ini, karena updet kali ini telah memenuhi ekspektasi saya sebagai player genshin impact. sampai jumpa di ingame dan semoga gacha kalian wangi🫵😁",5,211,2025-04-09 19:26:42,5.5
5708cf2e-fe86-4db2-bba1-2da54f464898,game ny oke tp g tau np itu skrg klo mau download data aneh org udh selese download datanya pas masuk ke game ny mlh blm selese harus ny mah udh jdinya makan storage sm pulsa lgi tolong dibenerin hoyo,3,0,2025-04-09 19:10:07,5.5
ad36239f-9f4d-4cb7-a8cd-57a68a7e1466,perfect.,5,0,2025-04-09 19:03:40,5.5
70e0d324-08bb-4e23-9690-01540ce3f137,"Bagus sih, untung gak kikir seperti dulu wkwk",5,0,2025-04-09 18:59:10,5.5
acfddf7d-ee4c-46e1-84e1-c77481df307a,love this game 😍🥰,5,1,2025-04-09 18:35:12,5.5
c58860d6-a243-428b-b152-61ad547b602a,Please add skip button,5,0,2025-04-09 18:32:55,5.5
b14d2fcf-38ae-44c4-ad0a-e84120effb1d,game bagus👍,5,0,2025-04-09 18:29:12,5.5
01b1a1ad-1c8b-439a-ab18-b5d6fa50bf80,"selebihnya ini game bagus banget loh ya, cuma ya sistem gacha nya kek ngawur gitu loh ya tapi gpp, dari segi story, grafik, animasi, voice, eksplor udah kualitas tertinggi ini mah🔥",5,0,2025-04-09 18:15:37,5.5
8e3fb20c-2e99-4970-8e3d-6c9572443ace,Game sebagus ini disaingkan game baru kemarin,5,0,2025-04-09 18:05:27,5.5
8f4e11e2-bdb2-48ca-a0e1-ebfe56867dd9,Absolute Cinema ✋😎🤚,5,0,2025-04-09 17:46:04,5.5
c59846da-a754-4ef6-aefd-e472aee38474,"seru game play nya santai,apa lagi di manjakan oleh pemandangan,story nya oke bangettt,setiap ngerjain kadang suka ada plot twist,setiap event nya juga gak kalah menarik!",5,0,2025-04-09 17:32:51,5.5
98b6709d-3c74-485c-a0fa-9f3f3780ec04,"Good story, music and lore",5,0,2025-04-09 17:16:15,5.5
10d4af53-7931-46d0-b46e-918ad1034af7,skrng berasa jadi game bayi,1,0,2025-04-09 16:03:06,5.5
7de10836-afd9-40eb-aa82-7a6296a2e53f,seru,5,0,2025-04-09 16:00:55,5.5
91a88f7e-93ac-47fe-84bc-d76f55f8b60a,kasih opsi untuk skip dialog dong. dialog yang ga penting dan panjang agak ganggu.,4,0,2025-04-09 15:21:42,5.5
4ff06131-445f-42dc-97b9-6a5534edf433,"game ini makin lama makin ampas, jaringan, gacha karakter, artefak, kit/combat, story ampas semua, game ini udah gak ramah buat f2p, cukup menghabiskan waktu yg terlalu lama dan membosankan. (pensi udah bosen)",1,5,2025-04-09 15:01:27,5.5
1c3a13a9-54f4-402d-97c1-0a01bd006425,niceee,5,0,2025-04-09 14:48:12,5.5
c83890d1-54d2-44ad-8c6f-1f915e1e5907,👍,5,0,2025-04-09 14:00:38,5.5
3cef8a87-4f46-4512-a9ed-8fc81164e00b,makasi hoyovers sudah membantu untuk mengembalikan akun saya,5,0,2025-04-09 13:43:59,5.5
c2b2a453-10a1-4c98-811c-918e4c77443f,Game anime terbaik,5,0,2025-04-09 13:10:30,5.5
b5995cea-8885-462c-af95-1e732b72744a,ukuran datanya gak ngotak sumpah download harus nunggu Berjam jam dan hp panas bet,1,0,2025-04-09 12:53:25,5.5
324af813-7550-4483-96a3-f742e0e94f3a,apalah game ini GK ad fitur skip mana lama lagi.game nya banyak memakan waktu. game nya pelit,2,0,2025-04-09 12:38:56,5.5
8f357864-372a-4ae0-ac02-bfa80ecb97a8,WOI HOYO,1,0,2025-04-09 12:37:10,5.5
6a6de85c-6dc9-414a-b64e-19e655d9e03e,ini dak Lang sung main kan atau gak ya,4,0,2025-04-09 12:14:55,5.5
1b90a55d-f83f-4557-a333-728088ae5ba7,Gamenya udah bagus udah gak terlalu ikir lai lah enak itu doang sih,5,0,2025-04-09 12:12:56,5.5
d749e9b3-0145-45fa-a4b3-dc12e04f6d5e,"jujur saya sangat menyukai game ini, cerita yang bagus, cutscene yang sangat memukau, story karakter yang serasa mampu mengendalikan emosi. Tetap kembangkan ini agar menjadi lebih bagus kedepannya ❤❤",5,0,2025-04-09 11:29:00,5.5
e5fbbbe5-01a5-4d2f-bf9e-aadc7330c9f1,like genshin. impact,5,0,2025-04-09 11:18:37,5.5
07fb6fbf-786d-4753-ab19-7f14baaf4172,mantap,5,0,2025-04-09 11:09:44,5.5
2cf13aa6-dc01-45f3-bbe4-71c3e7aa5dff,percakapannya terlalu panjang tidak bisa di skip terlalu banyak membuang waktu. serta reward yg tidak setara dengan pengerjaan quest begitu pula reward dari gacha bagi player f2p,1,0,2025-04-09 11:09:43,5.5
ed9f271c-dc53-4b4f-8788-663722870b96,gimnya sangat bagus dan mendidik,5,0,2025-04-09 11:09:39,5.5
3bf232a6-ba24-4b28-b75a-9fb0849f938b,Game hoyoverse cuma jadi game sapi perah doang.. Rate selalu ampas,1,0,2025-04-09 10:55:53,5.5
11ed0edd-10b6-45bb-a66d-b5702727f3eb,game mantap,5,0,2025-04-09 10:41:48,5.5
3183863c-213c-4be8-a290-728a4d69dfe7,sorry dev yg komen toxic itu my brother!!,5,0,2025-04-09 09:12:38,5.5
13b88456-b488-47c7-a6a0-313fa1c2e04c,pengisi suara (EN) banyak yang hilang tanpa alasan yang jelas dalam waktu yang sama lama. dan sama sekali ga ada tanda tanda bakal di fix dalam waktu dekat,1,0,2025-04-09 08:59:01,5.5
10e8ff6b-02bb-4b7f-95f8-f9006f741cef,"pengoptimalan sinyalnya busuk banget buat mobile, masa bsa 10x disconnect dalam waktu 30 menit pdhl maen game lain aman aja lancarr",1,0,2025-04-09 08:39:56,5.5
2c911bf3-c9f7-42b4-8e77-889e23091bd0,Seru,1,0,2025-04-09 08:14:14,5.5
81807281-60a1-43e4-939f-8b8429f5c451,"No skip button, just yapping game.",1,2,2025-04-09 07:45:30,5.5
d44b1247-a4dc-411c-abf7-4f29c9f28b32,Best story and gameplay forever,5,0,2025-04-09 07:31:07,5.5
a7e03457-a4a9-4c6f-ae33-0bcc2e4f8dac,Niceee,5,0,2025-04-09 07:30:52,5.5
d95e7299-856b-4a33-9727-ccae653fabe0,The beast game story my personally 😋,5,0,2025-04-09 07:04:04,5.5
3441b426-5b73-478b-9deb-13d0f5604d09,game baik,5,0,2025-04-09 05:39:23,5.5
e27bf982-bb1d-4609-80bd-ee3ccbe342f4,"ini juga sama,char cowo nya dikit banget. kelaut aja deh",1,0,2025-04-09 05:28:51,5.5
7fb359d2-4f31-44be-85af-f5fcb6815cb6,mantap,5,0,2025-04-09 05:12:34,5.5
06c47651-ea6b-427f-adce-fea2e885d6b8,good,5,0,2025-04-09 04:47:43,5.5
e70220f9-f564-42d3-8d25-f3779cb40ea2,tambahin fitur edit tombol!!!,4,0,2025-04-09 03:52:14,5.5
8286d43c-d321-4d5a-8f4a-a787aa7f1352,Hutao buff dong mang hoyo,5,0,2025-04-09 02:44:32,5.5
376191b0-b5b9-4629-8b56-bb8fa73b773a,suka,5,0,2025-04-09 00:04:55,5.5
88205d3e-07f8-457d-ad3c-f5c3ff7244c8,"awalnya risih sama dialog ny kepanjangan dan gabisa skip. lama², ternyata seru juga cerita ny. btw tolong gacha ny jangan terlalu ampas dong. mudahin juga buat f2p nyari primogem, biar bisa sering² gacha. wkwk",5,0,2025-04-08 23:42:15,5.5
ebfbf33d-bb3c-43fa-a9e6-2f96fed9bc86,papiii pls make good artifacts for me like everyone else.. i've already give u five stars :c,5,0,2025-04-08 23:18:03,5.5
2f6bc903-d1a2-40f7-9e23-be3eb5124d75,good,5,0,2025-04-08 22:05:28,5.5
22ae8c07-4564-4254-8dca-d541e296a704,"udah nyaman sama game ini hehe... betah karna koleksi waifu.. semangat hoyo bikin char, ntar ku gacha 😆🤝",5,0,2025-04-08 22:04:44,5.5
f3df1a28-e54e-44b5-bcbb-b38dc8fd97a8,mantapp,5,0,2025-04-08 21:52:46,5.5
c9e18823-600b-45fd-970f-b24be0ad6764,keren,4,0,2025-04-08 21:35:26,5.5
bb3661ed-055e-4f7d-a4cc-ef97e2bd503d,"udah kikir, berat pula",5,0,2025-04-08 21:32:31,5.5
bc222cf2-ae62-40bd-9d23-84f8276b7053,"seruuu pemadangannya baguss klo gabut sering mikirin ni game eventnya seru seru semuaa, kadang suka dikasi primonya banyak buat ngewish, questnya juga ada banyak yang seru, nyari temen pun jadi gampang gak pada mandang level atau arnya pokoknya MAKASIH BGT YANG BUATTTT SERUUU GAK NYESEL DOWLOAD NI GAMEE!!, dan terutama... MAKASIN BGTTTT BGTTT UDAH BIKIN XIAOOO SUMPAHH DIA LUCU BGTTTTTTTT AAAA TYSM HOYOO",5,0,2025-04-08 21:17:40,5.5
5dacb7fe-3567-409f-aff3-901c22f25b1a,love,5,0,2025-04-08 20:57:35,5.5
02b427a3-2c82-48fb-ae65-69349a8755b2,pengalaman yang seru sekali senang rasanya bermain terlalu lama.seperti berpetualang sungguhan,5,0,2025-04-08 20:55:24,5.5
5ddc406d-56eb-425a-943b-3f4bb192a1a4,bagus no comend,5,0,2025-04-08 20:42:23,5.5
d5840205-5ce6-4904-89c3-4b61778af21f,bagus bngt game nya santai dan hd bangett,5,0,2025-04-08 20:33:15,5.5
be706179-e06b-4a5d-87c4-8349fa9625aa,gamenya sudah bagus tapi aku gacha dapetnya burik semua,5,0,2025-04-08 20:08:53,5.5
17c4204d-ad85-47aa-9dc5-3265bc1969c3,"bagus dan sizenya... 🥲😭, tapi sesuai dengan keseruannya",5,0,2025-04-08 20:01:49,5.5
4b5be61e-7ab3-4a2b-a926-60322d0af634,sangat reallll,5,0,2025-04-08 19:55:25,5.5
0bd2524d-4845-4f7f-9ca2-3f772a9b40c8,Game kikir main di hp bagus ngelag² explorenya harus rada gila yang bener aja pemula disuruh explore ke region baru cuman buat dapetin material upgrade char,2,0,2025-04-08 19:53:30,5.5
1e839a9e-ed0b-4104-898c-1854adc70ef6,good,5,0,2025-04-08 19:41:54,5.5
34a5940e-64f4-4fc6-be69-4155c8c53cb0,bosen,1,0,2025-04-08 19:30:32,5.5
bbfe29b9-25b8-420e-a527-513e1fc70a92,I LOVE GENSHIN SO MUCH ❤️❤️❤️ THANK YOU HOYO❤️❤️❤️❤️❤️,5,0,2025-04-08 19:26:43,5.5
195c5064-3458-4d9c-a475-3e4e0ececa24,game bagus,5,0,2025-04-08 19:07:07,5.5
01a65b9a-2264-4336-ac86-718c4239de89,"Alur cerita bagus, karakter cakep cakep, tidak banyak bug, karakter buat eksplor membantu banget.. tapi saran: jangan terlalu banyak karakter perempuan (perbanyak karakter laki-laki untuk kalangan wanita)",5,0,2025-04-08 18:55:57,5.5
3eccccf8-4b76-4ea3-9bae-e028706a5d68,kurangnya cuman kegedean oenyimpanannya,4,0,2025-04-08 18:47:51,5.5
5947744d-c510-4e1a-b0f8-0728ea1117c0,"add skip mode in story bro please, boring game",1,0,2025-04-08 18:13:23,5.5
62c0a87b-f85b-4bb8-86ef-eed3343ea2f9,"APSIH MASA STUCK SIH, tulisannya koneksi terputus, wifi gue baik"" aja anj, tapi bagian masuk di elemen itu, layarnya putih smua gabisa masuk kocak",3,0,2025-04-08 18:10:04,5.5
9e1c452d-4258-441c-8a6b-733556b922a5,game bagus gak ada minesnya kecuali gacha sering ampas,5,0,2025-04-08 17:47:24,5.5
ee7063ed-9756-4f61-8a5a-e433c5f5eb94,"ping server Asia kapan di benerin dah, game dah 5 tahun tapi ping nya ampas bgt",1,5,2025-04-08 17:44:32,5.5
6e07d793-9e86-44b3-86db-b0655c46d5fb,bagus banget 😙😙,5,0,2025-04-08 17:29:00,5.5
e4c47307-50c8-4ab8-a3dd-acbd3b4ba13b,i like the game,5,0,2025-04-08 17:22:17,5.5
8d6b7125-0750-4580-8b57-5b34e340adf8,bagus,5,0,2025-04-08 16:41:35,5.5
5794da37-841c-4953-9dbe-d64b002a588a,Game Yang Sangat Bagus Dari Segi Eksplorasinya Dan Segi Musik Disetiap Region Nya,5,0,2025-04-08 16:26:59,5.5
261e7be1-2869-4e28-8890-7ee42a4a796a,sudah tidak kikir,1,0,2025-04-08 16:22:52,5.5
f6829ebb-7abd-4182-92bc-9ee563606714,"bagus banget developernya gak pernah dengerin feedback playernya. Gak pernah sebahagia ini ketemu Dev yang sikapnya kaya gini, kalau gak ada player kayaknya makin sukses ya :)",1,0,2025-04-08 16:19:10,5.5
02c80301-5a0b-4b47-97bd-08da74beded4,bagus 🤩 story nya bagus,5,0,2025-04-08 16:14:45,5.5
607aa613-37ab-48c4-848f-61d2b55e1502,perfect,5,0,2025-04-08 15:57:38,5.5
2bbd1e3d-ead9-4849-9895-60f2d5a4e6d6,hp kentang gwah gabisa download datanya (tertawa tapi terluka). tunggu aku punya hp baru ya kawan,5,0,2025-04-08 15:09:18,5.5
57e81b7e-2730-4783-89d7-8384ee0b35fb,tolong terlalu banyak permintaannya dimatiin,1,0,2025-04-08 15:06:23,5.5
ac342310-feac-452f-8f0a-472ec142c6fe,"Beberapa teman mengalami cutscene patah-patah saat memainkan game untuk pertama kali, meski suara tetap lancar. Saya juga pernah mengalaminya. Dengan spek HP RAM 8/128 dan chipset MTK G88, sebaiknya kualitas grafis cutscene tidak terlalu HD agar tetap lancar di grafik rendah-menengah.dan 1 lagi aku mau mavuika c6 r5",5,1,2025-04-08 14:19:24,5.5
5e90c966-ec3d-4537-ab98-848bc6ad3cfb,my apologies for the admin.. I just gave a star,5,0,2025-04-08 14:07:54,5.5
a549cb75-a50d-4ca3-aef9-11b966c042a5,game nya bagus bg,5,0,2025-04-08 13:56:52,5.5
254f1135-c9d0-4716-99e4-a9cbb8f260f7,pengalaman penguna secara keseluruhan sandar menarik dengan open world secara experience sangat menarik,5,0,2025-04-08 13:42:17,5.5
c1233df2-ead3-4707-ab32-34addc939b6a,game nya si enak . tapi agak gk otak,2,0,2025-04-08 13:42:02,5.5
4e46da8b-5bd4-40a4-8452-51f8409e9eb6,good,5,0,2025-04-08 13:11:28,5.5
525a3c2a-6d97-4b0a-bf78-348e1c80cd20,"untuk event aja alur cerita nya panjangnya setengah mati, gak sekalian di buat film aja skalian 15 jam gitu, parah banget, MEMBOSANKAN",1,0,2025-04-08 13:01:14,5.5
6f0bb16f-7ef5-4425-b20f-e739a6e3770b,pelit kli mau 1 karakter aja ga dapet padahl udh berulang kli kasih la kemudahan minimal 10x permohonan udah dapet karakter ni nggk,1,0,2025-04-08 12:43:43,5.5
1838a7c1-3abe-493e-ad59-f4267ec50e92,resinnya tolonglah jangan di Batasin cuman 200,4,0,2025-04-08 12:26:57,5.5
bc6493ae-5a5c-4c61-9d7a-1568a45091ac,"hoyo char di genshinnya kalo bisa jangan terlalu terbuka ya pakaiannya...kasian playernya yg masih agak kecil...kalau mau yg agak2 naikin ratingnya dong, jangan 12+ naikin jadi kek 15+ atau gimana lah",2,2,2025-04-08 12:10:04,5.5
1a6112e5-2205-400e-aac1-ac2d65e68c37,"gameplay menarik, walaupun storynya kebanyakan yapping tapi kalo dari story utama Abosulte cinema (Minus gacha ampas dan bansos kikir)",4,0,2025-04-08 12:03:18,5.5
4131cc81-6665-49c7-93ed-6c4729981ff0,bagus,5,0,2025-04-08 11:55:39,5.5
7292974d-0dd3-45ec-8c0f-6b2166df0705,"Game bagus tolong perdalam lagi lorenya,terutama Lore Traveler",5,2,2025-04-08 11:25:14,5.5
475b6e92-9ae4-4626-a391-a1a4b44c5684,"aku main sekitar 2 bulan,dan menurut ku ni game pelit bgt msa gk ada event Player baru gitu kebangetan bgt sih pelit nya.",4,0,2025-04-08 11:18:48,5.5
e9c764a3-48fb-4cde-ad47-9df5a8a7a79d,game ringan bagi Oppo a17 gua,5,0,2025-04-08 10:46:56,5.5
c11ec083-e6d8-469f-934a-4772fb0a84f0,"hard pity,bos terlalu susah,ga ada fitur bikin anak mohon lebih di kembangkan 🙏🏻🙏🏻",1,2,2025-04-08 10:16:12,5.5
b2c34155-d8f8-45fe-8d9c-fc87a5a4c083,game terlalu banyak drama kelamaan download data sampe 3x nyesel gua udah download bangke,2,0,2025-04-08 10:00:28,5.5
bfb8b7d7-b4a9-4931-befa-f8ad8c894e62,tolonglah dipermudah untuk mendapatkan artefak yang diinginkan dan jangan random hadiah artefak (yang tidak tertera saat sebelum masuk domain) harus sesuai yang tertera saat sebelum masuk domain sehingga original resin (energi) ga terbuang sia sia,3,0,2025-04-08 09:48:05,5.5
6c564e8b-16fc-4235-9884-588cf7c77070,game kikir,1,0,2025-04-08 08:51:11,5.5
268553bd-bd9c-4d0f-97a7-3a7d4ea0c20b,Game ini mengajarkan untuk selalu sabar dan bersyukur atas apa yg kita miliki karena smuanya adalah titipan,1,0,2025-04-08 08:45:14,5.5
54551a7f-b8e9-4ecc-8511-63816f555d56,"gamenya top markotop lah story, gameplay, grafik, desain char saya suka semua konten end game nya juga lumayan lah gamenya bnr"" cocok Bngtt sma style bermain saya seruuuuuuuu Bngtt sih aplgi story nya, kembangkan trs mihoyo 💚",5,0,2025-04-08 08:19:49,5.5
12622546-8e6c-46a4-aebe-845d3e73d69b,"yg bikin saya betah di genshin itu karena storynya, saya berharap bgt buat leak nanti bisa lebih wow daripada sebelumnya, terutama dari segi skoring musik juga. sayangnya yg saya sedihkan dari awal hanya gameplay dari mc saja yg tidak seperti mc, dan sepertinya fem!mc sedikit kurang panggung, padahal pihak hoyoverse sendiri sudah mengkonfirmasi kalau dua-duanya mc canon.",4,1,2025-04-08 07:44:23,5.5
8a873f6b-1f6d-4633-b56c-7ef594d6fcef,game ya seru sangat menghibur😍😍,5,0,2025-04-08 07:43:13,5.5
595d9782-05b1-4430-8100-9702dd232baf,"bagus cuman menurut ku quest nya bosenin, dan juga quest yang cerita nya panjang terus primo nya dikit biasanya cuman 40 primo doang, padahal di dalem quest itu ada teka teki yang menurut ku agak susah.gacha karakter juga susah, dan hoki itu bukan buat semua orang. jadi kalau gacha terus ngerjain 10 quest itu belum tentu cukup. tolong quest nya lebih menarik lagi-,dan teka teki nya jangan terlalu susah🙏, setidaknya kalau mengerjakan quest yang panjang, hadia primo nya tambah...",4,0,2025-04-08 06:52:29,5.5
0e9a0da7-8560-4f39-b769-e34253900214,Game-nya super seru 😎🤿 Semoga semakin banyak player yang bersyukur 😅👾,5,0,2025-04-08 06:25:28,5.5
5da80bb1-8236-409c-bd48-a9f4e820a4fb,game lo gak ramah player baru karena gak bisa skip story kocak. capek kata player baru mending gak main,1,0,2025-04-08 05:30:15,5.5
d09d9f4b-4fa4-4b99-9c13-fef4e9113254,"bagus sih,tapi kebanyakan b5 perempuan kurang character laki-laki.",5,0,2025-04-08 05:24:47,5.5
70e4be4a-bb4b-4ab3-ae6e-7700f2639e5c,"device bagus tapi malas main, tapi Masi ada api yang berkobar untuk main",5,0,2025-04-08 05:15:43,5.5
fa36f29f-cc31-4ddf-b4b0-9b8251d6b227,"GAME KEBANYAKAN YAPPING. EVENT JUGA YAPPING GAK JELAS DEMI 40 PRIMO. UDAH KALAH RATE OFF 3X BERTURUT TURUT, AWAS AJA GAK DAPET RADIANCE YANG KAU JANJIKAN ITU UDAH LAH BIKIN TAMAT AJA INI GAME DI snezhnaya dah capek gw main nya. mau pensi tapi masih penasaran 🥲. dah gitu aja makasih",1,0,2025-04-08 02:18:53,5.5
3ce73f70-46e4-4fdd-a878-db2054bfc42f,"bagus aku suka game ini 6 tahun saya memainkannya,laluu saya selalu menang rate on,oke lah",5,0,2025-04-08 00:52:15,5.5
b3f3db3d-ed3e-4d1e-8df3-7b2bfe6df0c8,menang rate off 3x 😁,5,0,2025-04-08 00:52:08,5.5
79457a55-3bbe-4671-9c13-76089017f13b,"bosenin, mid story",1,0,2025-04-08 00:27:38,5.5
6c8fa19b-8179-49bc-a073-c29164dd95f8,game puki,1,0,2025-04-07 23:55:06,5.5
6a028686-8d02-4977-a60e-9a4b7b655d46,selama masih bisa di hp kentang nga ada keluhan yg berarti thanks,5,0,2025-04-07 23:26:48,5.5
b4185862-dd26-4c3e-a296-659cce44c579,Kata gua sih ini story nya udah bagus dan keren. apalagi design karakter nya yang sudah sangat bagus.,5,0,2025-04-07 23:14:32,5.5
f29d51c5-9770-4b81-879b-344593ec40a7,Untuk sejauh ini sudah beragam serta adanya 7 elemen yang berbeda memungkinkan untuk membuat beragam team party dengan elemen reaction namun ada satu kendala krusial yang sering dialami kebanyakan player dimana resource yang di perlukan untuk membangun stat suatu Karakter itu sangat susah ditambah dengan durasi resin yang begitu lama untuk bisa max dan artefak karakter yang sangat susah untuk bisa didapatkan dengan stat yang di inginkan.,3,0,2025-04-07 22:59:33,5.5
97c9f29f-968f-4234-9965-592f3dc22568,bagus,5,0,2025-04-07 22:47:35,5.5
30855d93-d6e2-4a8b-8480-8eaf3b9c8c5b,"Overall bagus, tetapi kadang dalam quest karakter menjadi bisu dalam english voice, dan tolong quest langsung saja ke intinya tidak perlu banyak teks agar tidak bosan😑",3,6,2025-04-07 22:06:18,5.5
20ee3246-4bab-48f4-8f31-7b5c38e54e37,"It's boring, every time there's a new female character, you should also make a male character too, it's cool",2,0,2025-04-07 22:01:38,5.5
70f41901-4634-45dd-b107-14d2267ab318,kurangin gb nya woiiii,1,1,2025-04-07 21:50:26,5.5
96e88a0e-ad9c-4268-aa79-173b8c254416,bagus banget gamenya,5,0,2025-04-07 21:49:31,5.5
1addd15a-ba15-4b8b-af5d-eddaccce9784,kikir skrg gw g seneng sm genshin skrg aku kangen genshin yng lama.,1,1,2025-04-07 21:44:48,5.5
4259b9f3-a893-4153-b359-9e7eab832843,"seru parah jir ni game, karakter nya juga wangy wangy, ganteng ganteng pulakk 😋😋😋",5,0,2025-04-07 21:37:31,5.5
bc914f6d-d961-4792-9947-43da27849740,bagus,4,0,2025-04-07 21:36:17,5.5
83579f9f-ade6-4291-8434-6fbd14528872,good,5,0,2025-04-07 21:34:48,5.5
5e0468fd-aadc-4290-a745-9d8a30a9123f,"tadinya sih saya kasih bintang 1 tapi sekarang kasih bintang 5 karena ternyata mihoyo kasih aku menag rate off 2 kali di banner furina ama sign nya, sama mihoyo update map terbaru Nathan 5.5 gokil banget, primo nya juga banyak, gini kan enak hoyo",5,0,2025-04-07 21:33:24,5.5
ba28181b-81cc-4ff4-9585-2abe11cc766b,akun gw ilaaaaaamg!!!!!,1,0,2025-04-07 21:18:03,5.5
1c832224-98d3-4791-ac85-a4564b07453d,i like this game,5,0,2025-04-07 21:08:48,5.5
9ae54592-68c0-4e86-bce7-0ed3de096258,mantap grapik nya dan oke dari segi game play nya minusnya cuman karakter gratisan nya kurang banyak👍🏻,4,0,2025-04-07 21:05:31,5.5
b5c0369e-8012-47a6-94f3-251addd59dbe,"Laen kali kalo anda hoyovers ngasih bansos yg cuma sedikit minimal dari gachanya jangan hard bngsat, beda bet Ama sebelah udh bansos bnyk gacha juga ga pelit char limit, smph",1,1,2025-04-07 20:56:47,5.5
66499517-cc20-4e8d-9a9e-9ad5c2d73380,bagus tapi nyusahin,5,0,2025-04-07 20:55:53,5.5
d5312bb7-003a-47a7-9fd7-4e91e3793708,apri,5,0,2025-04-07 20:52:38,5.5
64094cf0-f3a9-4117-b738-ae156d0cfe92,game nya seru,5,0,2025-04-07 20:45:36,5.5
364b5947-9c0f-4031-b1cc-dee0d80205d6,saya sudah lelah dgn karakter famale di setiap update,1,0,2025-04-07 20:37:37,5.5
9024d0cc-acb9-4f5d-ab13-a0e211ceb955,game kikir,1,1,2025-04-07 20:32:48,5.5
d598bd74-da74-457a-bf0e-c874a0aa5538,"kikir baget dev nya,gk dengerin player nya",1,0,2025-04-07 20:06:15,5.5
35544185-9a22-4307-8a10-a21202942342,"aku bingung harus menuliskan apa jadi langsung saja ke intinya, dan intinya genshin impact adalah game terbaik yang pernah aku mainkan",5,0,2025-04-07 20:01:43,5.5
312b2154-a281-433d-b7da-f1eca2f4db02,saya sudah bermain 2 tahun.selama main saya enjoy saja.semangat buat perkembangan developer👌,5,0,2025-04-07 20:00:26,5.5
48319eac-37e2-4d74-a427-df5792e85017,"terlalu berat, game nya juga kikir g seperti adek adeknya. tapi tetep gw mainin 😹",1,1,2025-04-07 19:59:51,5.5
4cf9f4f4-93d1-43a0-a03d-879a304a9acb,nice,5,0,2025-04-07 19:19:19,5.5
60464f93-33f4-47b1-a684-df2a908dda28,game hd,5,0,2025-04-07 19:11:58,5.5
a505f664-35f7-41ab-aa71-fd7324431c24,"udah ok banget grafik gak perlu ditanyakan,quest natlan baru baru ini juga bikin merinding,karakter natlan juga semuanya berguna banget ngebantu eksplorasi,cuman... playablein lah capitano mas hoyo😭 gagah gitu masa gagal playable sama fitur skip juga",5,0,2025-04-07 19:02:05,5.5
ffffa9d9-a9a4-4110-a308-d031fc54e206,👍,5,0,2025-04-07 18:59:29,5.5
9002b10e-a7f8-47c3-aa0a-f3722af76953,"game nya kerennnnn bangetttt lup"" dehhh🤩🤍",5,0,2025-04-07 18:27:40,5.5
3d839545-dfbf-401a-81f7-d4f3dda504ad,seru,5,0,2025-04-07 18:20:06,5.5
40d671cf-69da-456d-94bd-9b8027c45ad9,GAME NYA KEREN KAKKK. BAGUS BANGET GRAFIK NYA!!!,5,0,2025-04-07 18:18:12,5.5
6d0e697f-df76-41e2-a4e0-7448b448d7e7,Good game,5,0,2025-04-07 18:11:03,5.5
ad62ca01-8753-4634-ad98-1a6b41d2bf77,"Segi Quest Oke Tapi Pas Main agak Frame Drop karena settingan Grafik HD atau tertinggi. Karakter lumayan banyak, Archon quest bagus, Dan world questnya. Kurang. karena GK ada suara. jadi kurang seru gitu apalagi suara mereka kayak gimana gitu. mungkin hemat budget? gk tau tapi. walaupun. Lumayan seru Explore map Bareng temen. walaupun begitu moga aja update lebih bagus. aja. Nyari Primo aja susah. sih. dan mengoptimalkan versi android soalnya kadang lag apalagi hp gw spek tinggi masih lag",5,11,2025-04-07 17:44:48,5.5
1b1c9a07-8641-4337-861f-f541960a1479,kikir,1,0,2025-04-07 17:43:34,5.5
683ad850-9895-4a23-ae08-c9c66cab3c43,seru,5,0,2025-04-07 17:36:33,5.5
c435eb86-daf6-4f90-a4fa-8b699fc6e270,developer kikir,1,0,2025-04-07 17:36:13,5.5
6ae218c1-5206-4502-911b-035550b7455d,Woi kikir perbanyak bansos nya gua juga pengen dapet hero yg meta,5,0,2025-04-07 17:10:38,5.5
514a214c-372a-42f7-9b0e-291e45042e39,bagus bet,5,0,2025-04-07 17:03:49,5.5
f4f9a5ce-f47c-4c39-8b8a-0f8cce1cadf0,scam,1,1,2025-04-07 16:58:40,5.5
7649c916-ddf5-480f-8d70-5b2db4abb105,I got pain from co-op,3,0,2025-04-07 16:44:31,5.5
6ec3d8c0-0ec0-4c3b-9774-a25555bf4c60,"bagus, kalo bisa lebih di perkecil lagi size game nya",5,0,2025-04-07 16:44:30,5.5
55aa5ca7-1d3c-4d40-9aff-2ddfa3c3b2e6,perkuat lagi soal koneksi,5,0,2025-04-07 16:23:15,5.5
e4aa3606-2620-49b4-ab26-abe3485ed944,Tolong dialog jangan banyak banyak,5,0,2025-04-07 15:58:52,5.5
138650fd-d48c-461c-9bc7-c0ec37722273,kapan Mondo dapet story quest,5,0,2025-04-07 15:50:18,5.5
0b00bd3e-0802-49fa-9810-1bc49e14b1a2,mantap,5,0,2025-04-07 15:28:30,5.5
7fc62dae-5ffe-41e0-9a87-004772a88fca,"dengan berat hati saya kecewa terhadap pelayanan CS karena lebih memihak scamer dari pada saya, ketika saya menjadi korban penipuan akun🙏",3,0,2025-04-07 15:23:49,5.5
8b44d107-2910-479b-92be-3992c3bb147a,game favorit,5,0,2025-04-07 15:16:57,5.5
2aea5023-5864-45be-9674-46c6d4da84c3,"tahun 2025 masih main game barbie yang gak ada peningkatan kualitas dan minim QOL? story tidak menarik, gameplay keren tapi monoton dan lambat? devs kepala batu yang hanya peduli komunitas player CN? ayolah bung sudah banyak game anime-style rpg berkualitas yang sudah maupun akan segera rilis di tahun ini, tinggalkan saja devs rakus ini.",1,1,2025-04-07 15:03:41,5.5
b3953b2e-7c1f-424a-aec6-d85c3cc64eef,"masa tiap selesai update versi hp harus selalu kompilasi shader mulu, niat main malah d suruh nunggu lagi😮‍💨",2,0,2025-04-07 14:56:12,5.5
f792954c-f2ed-4a6d-848f-fe9f7ee89125,bagus,5,0,2025-04-07 14:12:21,5.5
5e678e9b-a86d-416e-ab94-f35c042c9cd5,"Game yg sungguh luar biasa! Dunia yang luas, karakter yang unik, dan gameplay yang seru membuat saya tidak bisa berhenti bermain. Grafik yang memukau dan cerita yang menarik juga sangat menyenangkan!",5,0,2025-04-07 13:58:39,5.5
89966b0b-fa78-45f3-8dc5-c794a6ceaba2,wellplayed,5,0,2025-04-07 13:47:57,5.5
8c1df5da-856b-4c96-96bc-46b659d2e8e6,trying this game to see how bad it actually is😈😈,3,0,2025-04-07 13:07:12,5.5
2c68b0b7-e925-43ae-85dd-bdc09ff9b89f,"farming artifact sangat buruk, dikasih stats deff % terus, dengan begini penggunaan resin akan sia sia",2,6,2025-04-07 12:57:17,5.5
b090ce4d-da6a-4a1d-a674-87ef4e06e7e1,"Bagus, gamenya sangat good vibes",5,0,2025-04-07 12:33:32,5.5
02fe511e-460e-4e09-a927-bcd345e94794,Gk ramah,1,0,2025-04-07 12:20:53,5.5
d5a018c8-7421-4fb3-9ae9-2c4f1fc2ea60,"Sumpah, game apa sih ini!!? Gacha senjata gak dapet Mulu! Asli pisahin Napa tuh banner signature weapon!! Fate poin juga gak guna !",4,1,2025-04-07 12:19:06,5.5
38b34f50-84e9-4611-91c9-eabfd20edb9f,Good Game 👍🏻,5,0,2025-04-07 12:11:16,5.5
4cd91f23-2a68-4a79-b127-a49b7ce476e3,bagus,5,0,2025-04-07 11:44:53,5.5
25bb72a7-bf76-434d-adab-b29c8050a1a3,jelek,1,0,2025-04-07 11:36:47,5.5
8f897297-4713-4cc5-87e3-3b216d876749,"game gg anjir karakternya cakep semua nghh, seru!",5,0,2025-04-07 11:22:11,5.5
adfa46d8-993d-4c0d-8148-560040c66c77,seru banget!,5,0,2025-04-07 11:22:03,5.5
632ddaf7-242a-4214-8f2b-8cc64fb56f12,"tunggu gw beli hp baru lu ""hp gw kentang"" gw balik lagi maen game ini",4,0,2025-04-07 11:18:16,5.5
a6f87b33-592b-4fb0-be3d-fef5c3daf091,ceritanya sangat bagus,5,0,2025-04-07 11:13:36,5.5
35abb9f6-6a23-492b-b91c-4e51668cfbc3,bagus banget saya jadi nolep di rumah karena game ini,5,0,2025-04-07 10:56:39,5.5
4b09b097-a9a1-4ca1-a8b1-85424b72a189,👍👍👍,5,0,2025-04-07 10:47:06,5.5
1d81a46d-8caf-4d69-822b-962aedf6a25f,good,5,0,2025-04-07 10:41:03,5.5
d6b89b60-3c62-4b2b-bbbf-508b6e941753,"lumayan,kurangi yapping di story",2,0,2025-04-07 10:26:17,5.5
a45f47bf-38f1-4cf3-9c96-d5370ad730fb,kinich nya gntng bngt bjir,5,0,2025-04-07 10:16:22,5.5
ba11253b-00a3-4751-ab19-0b8e7a2a4be8,game bagus sepanjang masa,5,0,2025-04-07 10:13:57,5.5
1bc97f77-ba0d-4923-a6b0-5b036ac5011a,gamenya sangat bagus,5,0,2025-04-07 10:13:04,5.5
ffb32fb5-6a98-4935-920f-475b5413468a,udah kasih bukti2 ke email maaf akun game kamu gak bisa di pulihkan padahal udah kasih bukti jelas bahwa ini akun saya masih aja gak percaya gimana mau betah main game ini akun aja kena hack melulu,1,0,2025-04-07 09:41:19,5.5
905e853a-0dcd-4cd3-95c7-1fc29412f417,"Battle monoton, cerita mid dan terlalu banyak dialog yang terlalu muter-muter bikin susah dalam fokus ke ceritanya. misi juga monoton dan bosenin banget sekedar eksplore/ngalahin musuh/puzzle.",1,1,2025-04-07 09:35:50,5.5
892c9741-8b7c-417f-bcb3-f84f93fa7e18,semoga aku bisa mainin game ini kalo sudah ganti device,5,0,2025-04-07 09:35:33,5.5
f57f0768-3d07-48d3-b883-1c4a15f2a6c3,game nya bagus banyak yang suka sayangnya kadang kadang suka ngeleg bikin darah tinggi,5,0,2025-04-07 09:13:02,5.5
b604dfc7-8986-4562-96c6-86fc3fc0569d,seru banget,5,0,2025-04-07 08:17:09,5.5
367cf423-f24e-489c-848d-d6648b841952,"terimakasih sudah tidak kikir,semoga makin banyak bansos. grafiknya keren, quest dan storynya luar biasa lorenya, ngebuat kita banyak berteori tentang asal usul teyvat. camera movementnya cinematic smooth keren. character lumayan balance gak kaya ""HSR"". Natlan tu apa lagi, wih bagus banget jadi dino di 6 tribe berbeda, fitur skip story sepertinya tidak butuh agar orang minimal tau story gak asal main dmg gede..overall game bagus, mungkin untuk early game memang agak berat tapi ya namanya proses",5,1,2025-04-07 08:12:54,5.5
7426eabb-fec5-4a87-82c3-e8d842a4bf2b,mantap,5,0,2025-04-07 08:06:55,5.5
5a36380e-409f-4532-8001-37ad28627d31,"game jelek, gabisa perfect dodge gbisa gsw",1,0,2025-04-07 06:58:09,5.5
ab875394-4cd0-4f5e-a010-1af5886e30e5,game kikir,5,0,2025-04-07 06:26:41,5.5
fa6c6111-684f-46ed-a01c-dbabd20336d1,Makin sini makin aneh developer nya,1,0,2025-04-07 05:53:51,5.5
a743711e-78d9-4348-9b70-56a2dc79f492,nice,5,0,2025-04-07 05:44:22,5.5
a4c2d32d-0d27-4bc5-9c8e-e06039f53041,bagus 🫶👌👈,5,0,2025-04-07 05:15:16,5.5
99a939d4-f7e7-4215-8a41-c16d70789e6c,"tolong ya, dengerin apa saran para player, sekarang gameplaynya ngebosenin, monoton, gaada fitu skip dialog atau ga setidaknya bisa dipercepat, ada kali player 1 jam lebih player duduk doang ngedengerin karakter ngoceh, mending klo dialognya penting, terus eventnya ga nyambung sama lore, eventnya cuman ya gitu-gitu aja, gaada yang menarik, sistem gacha? ancur. Sebenarnya masih ada banyak, tpi mau dijelasin panjang lebar klo ga didengerin ya percuma.",1,83,2025-04-07 04:06:20,5.5
dc313ff0-cb71-4bc1-bb46-d8b5a0fcca21,game yang sangat seru,5,0,2025-04-07 03:52:44,5.5
f171056e-5654-4e6b-8788-4e8307e44aa7,GIVE US A SKIP BUTTON!!!,3,2,2025-04-07 03:04:54,5.5
080de8fd-c9e6-4295-bf0c-0c49705e93a2,"main kartu hampir 2 jam gw di kasi jelek, cuman buat misi doang susah banget,kalo mau ngasi misi yahh jangan gini juga",1,0,2025-04-07 02:37:46,5.5
cd4f1608-5110-4bad-b236-ed0ac49a3155,Words can't be enough to describe how much effort the developers put into this game. please make climbing easier. MAKE CLIMBING EASIER!!!,4,0,2025-04-07 01:29:05,5.5
97ccb6a0-0834-4a8e-a211-2e7fca2f89fc,storynya gila banget,5,0,2025-04-07 00:27:00,5.5
ad7ad50d-f178-493d-849e-e3390ba6a644,"Tolong developer kalau masuk awal jgn 32520.71 MB kebanyakan lama yg nunggu,kalau liat dari fotonya keren,tapi belum tau deh sementara aku kasih bintang 4",4,0,2025-04-07 00:26:35,5.5
628d5617-d9b2-47e1-ae0a-285f9b184fd3,"Gamenya bagus juga menarik dan sejauh ini belum ada bug yang saya temukan,tetapi yang membuat saya berhenti berharap adalah kurangnya keberuntungan dalam sistem gacha, saya sebagai player gratisan menginginkan karakter yang saya inginkan tetapi kurangnya dalam kehokian/keberuntungan dalam sistem gacha membuat saya jenuh karna beberapa kali spin tidak mendapatkan karakter yang di inginkan. Seandainya tingkat keberuntungan player di sistem gacha sudah ditingkatkan mungkin saya akan memberikan ⭐5",4,0,2025-04-07 00:07:19,5.5
5d60945a-f44f-4a1d-b5a0-09e6cf7f8e43,💯✨,5,0,2025-04-06 23:56:50,5.5
5c9e7cfb-2a0c-4794-a7f4-6506a200531d,not bad,5,0,2025-04-06 23:18:36,5.5
7c653e66-5238-4d0c-8edd-4536b02e82c2,Asli ini game keren,1,0,2025-04-06 23:07:05,5.5
a5fff023-55c9-4cee-a7c2-78326b0fb3fd,"Game bagus, saya terhibur dengan game ini.",5,0,2025-04-06 23:05:33,5.5
724a3c65-1cef-4c95-b00f-2d0375eaa003,"overall sudah bagus ,semoga kedepannya ditambahkan lebih banyak event yg seru",5,0,2025-04-06 23:01:33,5.5
847ff9af-6fc6-4235-8763-3cc00fff671a,game yg sangat bagus,5,0,2025-04-06 22:49:22,5.5
df1b6190-c5e7-4ea9-8583-fca6d1dc561b,"Main Genshin udah lumayan lama, dan sejauh ini ceritanya bener-bener menarik sih, bikin penasaran terus tiap ada update. Karakter-karakter juga keren, banyak yang punya latar belakang unik. Tapi ya... sistem gachanya kadang bikin emosi, apalagi kalau udah nabung lama tapi malah kena rate off. Semoga aja ke depannya optimalisasi game makin bagus dan ceritanya makin berkembang, biar makin betah mainnya.",5,0,2025-04-06 22:35:50,5.5
019ee35e-a880-4165-b76d-ea690d6395ce,"tolong lah kasih fitur skip, paling tidak dialog antar karakter dipersingkat",4,0,2025-04-06 22:24:19,5.5
27b32c04-968f-43fd-8e23-fc115a086443,"woi hoyo,kasi gw menang rate off napa",4,0,2025-04-06 22:15:45,5.5
7466f53c-613e-4cc1-a619-3985217a67dd,seru dan bagus..,5,0,2025-04-06 22:14:07,5.5
be894beb-79c0-427b-9ba0-f3f2a3baee5a,wow,5,0,2025-04-06 22:08:01,5.5
f843eac1-b351-4c9f-89df-0c3569b64f33,gamenya bagus jir bagi Primo dong hoyo,5,0,2025-04-06 21:57:30,5.5
faab2253-f708-4e5c-a4f6-587d6e0c470a,mantap,5,0,2025-04-06 21:12:59,5.5
f2ab769c-cfa9-4365-a68b-98bc2f63ae61,gamenya bagus sumpah aku kira bakal berat tapi gak,5,0,2025-04-06 20:50:05,5.5
7ac8fba5-e68a-45dd-a010-6e824fe8b746,Gamenya bagus tapi perlu diperbaiki lagi ya,5,0,2025-04-06 20:48:54,5.5
f001a6ec-c1f5-4772-b238-20de0d77cc3a,mantp,5,0,2025-04-06 20:30:36,5.5
7534b775-107c-4a91-a69c-b133363824c8,aku belum sempet main karena Loding nya lama kali bisa juga dibilang gak jalan,2,0,2025-04-06 20:13:38,5.5
58e30bc2-db9a-41f2-9747-a72109309b34,keren,5,0,2025-04-06 20:08:28,5.5
39853dd9-f562-4b6b-8621-7fa14465cfd3,"Game baik wkwk tapi jujur aza dari segi lore, cerita emg bagus",5,0,2025-04-06 19:14:41,5.5
380ae1d4-16f2-4db2-83bd-f14ba776f76f,"Testing di HP Helio g99 dan ternyata sangat lancar, akan lebih baik jika ada fitur native controller untuk android *edit terimakasih sudah memberikan fitur gamepad untuk android, aku harap kedepannya akan ada lebih banyak optimalisasi lagi untuk Genshin impact di perangkat android.",5,2,2025-04-06 18:48:46,5.5
3548cb24-2d7e-423f-98f3-f11586a27144,Benerin sistem preupdate di ps4 kacau banget!,5,2,2025-04-06 18:35:44,5.5
6d772cec-7d3f-4080-9296-164afd052765,"ayolah mang hoyo, susah banget kalo gacha artefak apes mulu dah di domain whimsy, buat arle loh😔",5,0,2025-04-06 18:12:59,5.5
5a67f5c8-1014-4cb9-9a16-618386cf43a9,keren anjayyy,5,0,2025-04-06 17:11:11,5.5
b0bc28bb-6f07-45ec-a81c-3a20d406ac26,MANA TOMBOL SKIPNYA???,3,0,2025-04-06 16:27:57,5.5
6ec5177c-70cf-4b89-bbe2-fa48d0d8aff6,asik,5,0,2025-04-06 15:38:49,5.5
d72f177e-e64e-498a-ba7b-1d8d9c421cf7,story nya bagus,5,0,2025-04-06 15:36:45,5.5
15bfd879-000d-41a6-9c64-5e7bd673ffc0,"game ini menghibur kegabutan kalian, apalagi grafiknya realistis banget, pls ada update lagi,ada quest baru",5,0,2025-04-06 15:26:41,5.5
0f428516-fe5e-403b-8267-3202a54304d8,seru juga petualangannya,5,0,2025-04-06 14:41:16,5.5
ebe18ba2-752f-48b2-b0c6-e9fce27aff9b,ini game dengan visual yg hidup dan keren delengkapi dengan alur cerita dan plot yg indah membuat game ini lebih bemakna,5,0,2025-04-06 13:55:10,5.5
cff6d4fc-a952-4bee-b718-a5b1964610bc,sangat baguss,5,0,2025-04-06 13:38:52,5.5
0e657461-832b-431c-b1a7-48d3d84df75a,pity always deep,1,0,2025-04-06 13:36:13,5.5
5fca8620-d9c0-45e5-a3d4-c27c796e76dd,grafik hd walau hp ku 😭,5,0,2025-04-06 13:16:23,5.5
031780b0-df2c-46fe-a736-227ae339ee1d,kikir impek,5,0,2025-04-06 13:03:50,5.5
3b6ebafd-63e6-4d51-8249-106e88d9a735,"WHEN CHATTING THE STORY CANNOT BE SKIPED, VERY BORING. PLEASE UPDATE SKIP THE CHAT AND PROVIDE DIALOGUE ONLY. WASTE OF TIME",2,0,2025-04-06 12:51:01,5.5
a11e3671-619d-49c4-819e-e2f2735b2943,bagus,5,0,2025-04-06 11:59:20,5.5
98c81b66-741b-4f61-a738-b571247d974d,"Gamenya seru walaupun gak ada skip story, tapi ceritanya seru, gachanya juga sering hoki",5,0,2025-04-06 11:05:39,5.5
503dda90-2eff-49ff-93bb-47fcfd17fd57,belum main sih tapi aku liat di YouTube game nya bagus keren,5,0,2025-04-06 10:53:39,5.5
64d19a35-8e61-4fca-91b0-ee22b61344ad,kerenn,5,0,2025-04-06 10:51:02,5.5
765c5e49-4e1d-4c02-8d49-02a89733a4e7,"saya sendiri belum bisa bermain game ini karna versi yang tidak kompatibel dengan perangkat saya, jadi saya harap di update berikutnya genshin bisa support ke android 14",3,0,2025-04-06 10:35:50,5.5
64581452-b461-49cd-9c0b-c8bc1717dedd,Semangat terus mihoyo,1,0,2025-04-06 10:33:28,5.5
9500030d-c1d5-4ec3-b2ff-9f52788ed2ee,loading lama aki nungguin satu hari masih belum selesai,1,0,2025-04-06 09:58:59,5.5
05c656e1-ddc3-4844-9761-c1a288d19bab,i like it,5,0,2025-04-06 09:53:16,5.5
33545d9b-c1e6-4710-a365-30906e0260cc,terimakasih genshin impact,5,0,2025-04-06 09:21:03,5.5
c0f6886c-80da-49be-9898-5d7d1b1bdaf8,"Gameplaynya bagus, storynya bagus, map nya juga bagus, cuman saya ada kendala di top up, saya sudah top up 60 genesis crystal dengan biaya kurang lebih (Rp. 18.000 termasuk biaya pajak) dan uang saya sudah transfer lewat m- banking BCA. Akan tetapi pas saya masuk ke aplikasi gensin impact nya malah ada tulisan transaksi gagal, tapi uang saya sudah terlanjur ditransfer. Mohon bantuannya developper. Nanti kalo di respon saya kasih bintang 5",4,7,2025-04-06 09:20:02,5.5
e911449e-938b-4d16-a38a-e73146ca1346,keren,5,0,2025-04-06 08:58:42,5.5
b41757d0-b307-45ec-8955-873f222d3bff,"game nya ok, tpi tolong musuh nya susah bgt bikin mati karakter aja sih nyari artefak aja susah gmn sih+ masa karakter dikasih makanan dikit kenyang, cooldown makanan ny lama bgt tolong di perbaiki lagi",2,0,2025-04-06 08:39:25,5.5
16b0985b-8ef1-4a72-bb2c-e55c763db55a,sekarang game nya sangat monoton begitu² saja. terlalu banyak fan service sehingga membuat kami yang hanya ingin bermain menjadi merasa jijik. melihat banyak karakter² baru yang seakan kehilangan true story nya dan diciptakan hanya untuk menjadi 'pemuas'. gameplay di Natlan juga saya kira akan wow ternyata wah mengecewakan semuanya.,1,0,2025-04-06 08:37:05,5.5
00b61635-4e94-49a5-b355-a68a93c6819b,"jadiin capitano playable pls :( pdhl char nya ngaruh bgt kecerita, tp ga dikasi playable samsek, malah yg playable char yg ga bgtu berpengaruh sm cerita huft",2,0,2025-04-06 08:35:51,5.5
f9459c38-e176-468e-b6ff-55730f866c2c,"aku sudah bermain game ini begitu lama dan sangat tidak beruntung, apalagi saat mekanisme baru capturing radian muncul aku tidak pernah mendapatkan nya, apalagi aku sudah kalah rate off 3x berturut-turut",1,0,2025-04-06 08:33:12,5.5
5c307f3f-e23f-49cf-b97c-87fc60d06e97,game kikir,5,0,2025-04-06 08:02:33,5.5
4aff6f79-9974-4cce-ad81-403e2d36d637,sangat bagus,5,0,2025-04-06 06:03:36,5.5
400e7b41-dd5d-4d2e-b4f8-6ba58759fc0d,"Saya main dari hari, jam, menit detik awal rilis, pelit yaaaa serahlah, boring lama update atau story boring yaaaa serahlah. Tapi ini masalah Artefak, saya spam 3-5 bulan, kagak jadi 4 set satupun. Lucunya lagi Ayaka artefaknya saya cari dari awal dia rilis tahun 2021 sampai sekarang 4 set aja susah nemu status yang bagus",4,17,2025-04-06 05:42:48,5.5
517dc512-13e4-48b1-8790-ea04951bb756,ya lumayan lah tapi masih kikir,3,3,2025-04-06 04:34:49,5.5
daa3ba49-7fd3-474a-9ed2-f46d7f8b34fc,"Ini developer niat ngurus ini game gak sih, bikin char kek gitu gitu aja gak ada yang bagus, storynya kebanyakan yaping terutama story event/world kalo bisa ditambahin skip dialog, gerakan/eskpresi character didalam story kaku banget jadi gampang bosen kalo ngerjain quest. Ayolah hoyoverse kalo kau wujudin kemauan para player pasti player nya bakal betah main ini game, jangan cuma game sebelah doang yang dimanjain, giliran GI malah ditirikan gitu aja, gak mau dengerin keluh kesah para player",5,0,2025-04-06 03:44:24,5.5
d55f3ad9-5841-4743-b4d5-a0e62fa6c5b0,game nya bagus aku suka,5,0,2025-04-06 01:55:12,5.5
4dc118a4-3c53-466a-82b7-7894548c9bf0,Hutao My istri🥰,5,0,2025-04-06 00:18:13,5.5
36572366-9e8a-43b4-b083-f58d81650888,mantap,5,0,2025-04-05 23:46:23,5.5
55e96ad5-6090-4cb0-a535-c743fa53dbd5,gamenya bagus. cerita menarik,5,0,2025-04-05 23:43:02,5.5
1d318cad-55fb-48a4-863c-b93fec5253ae,game yang sangat bagus,5,0,2025-04-05 23:24:23,5.5
731f5c82-f34b-4d51-aa8d-cd07d12e14db,"saya tidak suka patch natlan, menurutku itu buruk astaga, lihat saja karakter nya damn desainnya jelek jir, terus nih game minim improve dev budeg pula gamau dengerin player sombong bener lu",1,0,2025-04-05 23:22:18,5.5
10b2c261-b373-4edb-a503-b0ec938d0c8f,game ampas,1,0,2025-04-05 23:16:16,5.5
5e274d9e-2df8-4143-a54c-ca268aae527e,gila game apa ini njir hd bet Cok main di PC loh udh se hd ini game PC yg lain pada kalah,5,0,2025-04-05 23:02:41,5.5
6bce564e-90c7-46dd-9f0e-c83164896fe5,"Karna ada Scara + game fav gw 🤭 jujur dari awal tau Gi gw jdi tertarik mainnya trs jadi game fav sampe skrg (btw gw istri pertama+sah Scara, wanderer, Kabukimono)",5,0,2025-04-05 22:47:22,5.5
91195d5c-6294-4734-9115-23dd2f6f72f8,waktu pengumpulan resin terlalu lama,1,0,2025-04-05 22:40:53,5.5
3a97f249-ce02-48d6-abc9-5c90357414c6,"Kepada deplover Genshin Impact, untuk Overall gamenya seru. Tolong dikasih QOL memang membuat player puas jangan kasih QOL banyak isinya tetapi gak puas. Memang sebagian ada yang berguna tetapi mayoritas player menjadi ""Yah begitulah"" kesannya jadi gak senang, Sama QOL yang aku inginkan adalah konvert material boss dengan material boss lain. contoh mirip: weekly materia boss bisa di konvert material weekly boss lain.",5,126,2025-04-05 22:38:11,5.5
0f2d2f18-2aeb-4211-90d0-6400b533fb24,Tambah reaction baru dong biar tambah variatif,5,0,2025-04-05 22:32:05,5.5
b0d72cff-912d-4cc1-bcbd-f872bae7381f,"banyakin dong bonusnya, jangan susah dapatkan karakter b5 nya",4,0,2025-04-05 22:29:55,5.5
7f607dce-272e-45a6-8311-c956ac60fec7,baru donlot,5,0,2025-04-05 22:14:32,5.5
16780cbb-2e09-401e-ba43-f6090dbe71d1,game nya sangat lah berat tapi seru,5,0,2025-04-05 22:12:27,5.5
3c2eb6a6-d980-4abe-b824-67b1800a1c25,kurangin frame drop di hp kentang pliss hoyoo,5,0,2025-04-05 22:09:19,5.5
bab73c3d-98a0-41bd-9b46-a0d75e9272f1,bagus bgt ga terlalu lag bgt buat hp 2 jutaan,5,0,2025-04-05 22:07:00,5.5
f62ee0ba-9042-4705-9802-94dd7378b7e4,bro game open world gini ngga bisa pake controller?,1,3,2025-04-05 21:53:32,5.5
57545af6-7452-48fa-aa89-fb1506b4f382,"gamenya seru tapi sizenya gak ngotak, hp apapun kayaknya GK bakal mampu main ini game, 30gb lebih dah besar eh ini malah update lagi, baru aja dimain.. yg bener lah developer, kalo mau update jangan ngasih gb gk ngotak, game sebelah aja gk seberat ini",1,0,2025-04-05 21:02:09,5.5
8cad2949-6d61-4729-a429-93f70b219573,mantab cik,5,0,2025-04-05 21:00:26,5.5
64cad2c6-3f2e-40dc-abef-3090542b2b3d,"busett padahal udah download data banyak gara gara ke rilog malah riset,tolong lah udah tau download data banyak tapi nggak bisa di save hasil download data nya,tolong di perbaiki lah sistem nya ini",4,0,2025-04-05 20:45:17,5.5
bb649bf7-7d72-4bb5-a056-4cb4bbf0bd6f,game bagus 👍,5,0,2025-04-05 20:27:28,5.5
3bc3fb4c-05d7-4838-9873-a5ecdc45c92b,"Semakin lama karakter laki laki semakin berkurang, saya juga sangat kecewa karena Capitano yang tidak playable. Dialog di gamenya juga panjang sekali, lalu ketika harus mengulang dialog karena sinyal yang jelek dialognya tidak bisa diskip seperti hsr:'(",1,3,2025-04-05 20:01:41,5.5
b9c263cd-2c90-4896-9d44-0816159beb1f,lama banget danwlot datanya,1,0,2025-04-05 20:00:40,5.5
35e83c52-fd2d-4afd-8e52-bacbac22f7d9,ehhh min xilonen ngebug yaaa abis skill ko gk penuh meteran buff nya,4,0,2025-04-05 19:55:50,5.5
f4f8d5c6-69f1-49dc-9376-9cb494df09dd,GEM NYA SANGAT MENYENANKAN MAP NYA UDAH ADA TAMBAHAN TAPI TOLONG PAS LAGI QUEST DUNIA KALO UDAH MAU KELAR TIBA-TIBA LAG HARUS KE ULANG LAGI JADI TOLONG DI PERBAIKI YAH HOYO TAPI TETEP BAGUS JADI AKU kASIH BINTANG LIMA,5,0,2025-04-05 19:42:44,5.5
868dc5d0-1abc-4c12-bc3f-4677aec3b9f0,"game paling bagus yg pernah ku mainkan, story nya panjang menarik, karakter banyak, grafik bagus",5,0,2025-04-05 19:03:38,5.5
6518be82-bb4d-4b6c-a8d3-a77b1f839339,"di tunggu char male bugiel nya hoyo, kan female char nya udah tu 🥰🥰",1,0,2025-04-05 18:57:22,5.5
8d5e932f-1dff-4158-bd5e-607bd73df7c6,GOOD RAME BANGET,5,0,2025-04-05 18:19:34,5.5
69deae01-87c6-4370-ab62-b5472321baba,Game terberat sedunia ku kasi bintang 5 sapa aku dong plz,5,0,2025-04-05 18:01:07,5.5
6189b1e7-a536-4b73-80c7-d1719a6a484c,semoga bisa lebih baik devnya dan bisa lebih mendengarkan keluhan player,4,0,2025-04-05 17:57:13,5.5
99900810-15c4-4099-8580-9b492b0e9538,MIHOYO BERIKAN AKU FURINAAAAAA SUDAH 2 TAHUN TIDAK DAPATTTTT 🥲😭😭😭,5,0,2025-04-05 16:53:14,5.5
ccb42c05-b072-4839-b007-c918eafc45c1,bagus,5,0,2025-04-05 16:32:56,5.5
2ff80e9e-818b-42bc-be2e-0a2944e79a54,puass banget dengan game ini hehe:),5,0,2025-04-05 15:58:16,5.5
21fd290b-cfc1-491d-ba64-fb598c87ecd4,betah main karna bagus,5,0,2025-04-05 15:48:38,5.5
9d61ca4d-eea8-47fb-95ed-4178d0484c12,bagus,4,0,2025-04-05 15:14:59,5.5
5d98c1a6-920b-4e21-a04c-febd914f127e,game nya bagus tapi....... kadang-kadang ada lag dikit la tapi game nya bagus walaupun hoyofers enggak bagi karakter bintang lima,5,0,2025-04-05 14:31:20,5.5
e03c9cf5-13a6-4093-8a2d-63adb60088b6,game kikir,5,0,2025-04-05 14:17:10,5.5
a781d2f3-dc59-41a8-aa67-f5eddb47097b,Sering kena rate off,1,0,2025-04-05 14:00:42,5.5
7770645b-3f2b-41f7-98d0-2e8278bb7161,bagus,5,0,2025-04-05 13:53:40,5.5
58bb3497-a660-4038-bd4d-1528c5a1ba2f,tidak bisa berkutik,5,0,2025-04-05 13:43:13,5.5
ac140178-1433-4455-99b1-8d17e22ff568,bagus,5,0,2025-04-05 13:33:58,5.5
516ff7ee-561b-48b6-9889-dbed2c5a380f,mendownload data terlalu lama,1,0,2025-04-05 13:31:39,5.5
d7969730-c417-4305-b773-057ee8d880fe,ini adalah game Terbagus yang pernah ku coba,5,0,2025-04-05 13:07:33,5.5
4fcee1c6-c8c5-4b91-ac6e-82d3254f8fb3,"semoga konsep nya tetap konsisten y. masuk natlan kemarin bertepatan pas hype nya palworld. konsep iansan awal dl bocil sangar, dah akhirnya beda jauh pas rilis. sekian dan terima kasih atas 4 tahun bersama",1,1,2025-04-05 12:54:13,5.5
57dbb47b-8191-48fe-8011-808649b44890,"tetap jaga kualitas dari gameplay karakter yg akan datang,map,desain karakter,music ,karna aku menikmati nya dari segi ini",5,0,2025-04-05 12:45:11,5.5
3374dea0-67ae-4147-abc6-95daf522494e,selalu bansos biar laku,5,0,2025-04-05 12:43:06,5.5
fa956e91-3619-4c7a-a2dc-b3f3d533c644,sangat menarik ❥,5,0,2025-04-05 12:36:13,5.5
1f74fe8c-cdb7-4453-874c-32cb079ea9d7,"the graphic is so good i love it so much,so many character that we can get and the map is so very wide",5,0,2025-04-05 12:25:02,5.5
61779411-5c71-4c2e-9fb8-c501877ba379,"Saran aku, tanpa login offline tanpa download peta, jika permintaan sumuanya sudah terpenuhi, aku beri 5 bintang.",1,0,2025-04-05 11:53:13,5.5
2a644345-8415-4879-9acf-ff2a89912ee4,seru,5,0,2025-04-05 11:40:58,5.5
95820d5f-dd60-4d85-bb6e-766141eaba89,"game bagus,karena ada citlali (my istri🥰🥰)",5,0,2025-04-05 11:21:48,5.5
53c2a3f4-6dc0-4c1d-8f62-4e36eb2e8351,ini gamenya ga berat grafik hd mantap pokoknya support hp ram 1gb hape nokia pun support tapi kalo kamu maen pake hp kemtang dijamin auto dingin hp mu no panas 1fps = 60fps ini nanti kamu disuruh download cuma dikit 13GB kalo ga salah,5,0,2025-04-05 11:01:30,5.5
6f736d4e-38d7-4103-bc73-4972bb5b464f,ok,5,0,2025-04-05 10:32:10,5.5
040571dc-11c9-4eb4-9f47-3fdc78388aef,"sumpah ini game terbaik yang pernah ada,grafiknya juga memanjakan mata.AMAZING!!!",5,0,2025-04-05 10:21:46,5.5
44270c11-b6ca-4463-a76c-0f481af23532,bagus,5,0,2025-04-05 09:45:15,5.5
0cc75753-ceb7-4376-b058-631d14d360c6,Bagus,5,0,2025-04-05 09:44:07,5.5
96bb0d5d-2fdc-44b2-aabc-ccb05bc74020,"ayolah muntun tambahin fitur gamepad, cuma itu yang saya mau, kalau sudah bisa gamepad akan ku kasih b5 tak peduli dan tak akan mengkritik yang lain sesuai janji karena sudah mendukung gamepad sy kasih b5, bahkan gamepad murah seperti x3 dan terios t3 juga bisa langsung digunakan",5,108,2025-04-05 09:42:40,5.5
83bfb48f-cbcc-49ea-8b7e-364bdee47b46,bagus lah 😁😁,4,0,2025-04-05 09:27:31,5.5
7c97ba60-4d24-4a47-b2c3-34c86c07490b,mntab,5,0,2025-04-05 09:19:51,5.5
d26837d6-5894-44c0-8e2a-dbe1b09c0a19,"baru pertama main, semoga seru",5,0,2025-04-05 07:09:56,5.5
123139c7-4939-4b64-8424-a7a9c2c54b13,"i hate genshit, 5 tahun sejak rilis ga ada perubahan, QoL di lock dibalik paywall, natlan yang immersion breaking, ga jelas karakter nya mw jadi apaan.",1,0,2025-04-05 06:57:30,5.5
849c0202-c745-48e8-b893-64ba66a0945b,"Game kikir, kasih material pedit amat",5,0,2025-04-05 06:46:57,5.5
bc407527-7a79-4ab1-b707-843e80ccd202,"ngelag woi, masa ram 16 gb berat bener maennya",1,0,2025-04-05 06:41:37,5.5
3acc3d86-f4da-443b-98cb-879b5d4451b6,Seruuu gamenyaaa😁✔️✔️👍🏼👍🏼👍🏼😋,5,0,2025-04-05 05:17:16,5.5
d1944cbf-311f-47b2-b680-eae1036f3c63,anjing kga ngotak size data nya 30gb harus di download,1,0,2025-04-05 05:05:52,5.5
11c3f943-8352-40d3-b619-a269eb031afd,"please help me fix the lag on my phone, so the game should be made easier to play on phones with less power",1,0,2025-04-05 00:54:03,5.5
9dcc053c-1709-41ba-80ca-d03b39f435a4,"pernah nolep, gak pernah alpa daily selama 2 tahun main genshin 😭 seru bangeet (kalau ada teman)",5,0,2025-04-04 23:08:52,5.5
9e867ffa-13d3-423f-893e-de5790e8721d,kasih skip dialog lah hoyopek,2,0,2025-04-04 22:50:43,5.5
89e412c9-70e0-4cd7-8fd8-2512c550689c,kikir,1,0,2025-04-04 22:39:04,5.5
ef441cc3-7722-42e9-9131-85ad43f27a7b,"makasih udah ciptain kazuha, kinich, wanderer",5,0,2025-04-04 22:25:41,5.5
1ff795a0-d96c-4aad-aa96-40ea2a322055,benerin bug change email lah kocag,4,0,2025-04-04 21:25:14,5.5
27544efc-d850-4999-9906-0df5391ec897,tolong di permudah dala eksplorasi,1,0,2025-04-04 21:14:28,5.5
3845150f-a384-4f83-97b9-a818bcde161c,"grafik sangat baagus, top buat seemuany",5,0,2025-04-04 21:12:31,5.5
50897feb-537d-45e8-b987-ce8f06d21ace,"mohon kepada MIHOYO, ""colldown resinya dipercepat"" soalnya klo quest selesai semua gk tau harus ngapain apalagi yg malas explore",1,0,2025-04-04 20:48:44,5.5
f0aa8fe1-f217-49ca-9e0e-1bef47fc8657,game nya bagus grafik nya juga lumayan walau pun ini gem berat tapi setimpal la tapi tolong ini gem udah kayak nonton filim soal nya kebanyakan cerita. ini gem kalo grafik rendah hemat data jadi gak papa kaya gak memakan banyak kuota,5,0,2025-04-04 20:21:53,5.5
a501b840-58e6-4978-9bff-de0fcb24fed6,"This game is absolute garbage. The developers or even the whole company clearly don't care about their players. They've never listened, and it's obvious they never will. ENJOY THE MONEY!!!",1,0,2025-04-04 20:16:18,5.5
e99e80ce-e978-43be-b4de-909d938630d9,"Update Genshin Impact selalu menghadirkan perbaikan yang luar biasa dari segi cerita, grafik, event, dan gameplay. Namun, saya merasa ada satu aspek yang masih dapat ditingkatkan, yaitu pada mode Co-op. Saat ini, interaksi antar pemain hanya melalui teks, yang kadang membuat komunikasi terasa kurang spontan dan melelahkan. Untuk itu, saya mengusulkan penambahan fitur voice chat(on-Mic) di mode Co-op. Fitur ini tentunya akan memudahkan komunikasi antara pemain.adanya fitur gameini akn menarik",5,5,2025-04-04 19:50:35,5.5
9e756269-6923-48c4-b7e3-9b1a384c0b4e,good,5,0,2025-04-04 19:40:29,5.5
02b3ae7b-c486-4536-9ed0-21bfe50e5d22,"gamenya bagus bet, grafiknya apalagi. quest nya seru dan menantang, makin ga bosen mainin ni game, yaa cuma yang bikin ga enak tuh kalau jalanin beberapa misi harus minimal rank adventure berapa gitu, tapi walaupun gitu tetap seru, jadi ada tantangannya dan ga cepet selesai juga. auto gw kasih 5★",5,112,2025-04-04 19:15:46,5.5
4b66fe3a-d50e-4ba7-b810-76f70da9003b,aku suka silonen😋😋,5,0,2025-04-04 18:23:19,5.5
973ccb1c-6865-4ec7-9dbd-eaf011c6f74e,game yang mantap,1,0,2025-04-04 17:58:19,5.5
9293379b-46fa-426b-b966-ee313a0b903c,Lumayan,5,0,2025-04-04 17:54:35,5.5
4e022094-1923-47fa-a98c-bbab62e2c334,"untuk Story genshin udah lumayan bagus, aku juga suka banget sama grafik yang memanjakan mata yang ada di game ini, Pokok nya udah bagus lah!",5,0,2025-04-04 17:21:10,5.5
6f811ccb-c64c-4805-942d-2df6925bd188,Bagus,5,0,2025-04-04 17:18:16,5.5
1a9baab7-e155-4d9a-b326-4350ab21ea71,Mantap,5,0,2025-04-04 17:11:57,5.5
96274ba6-5a1e-420c-ad02-908b3d55ae6d,"overall dari segi grafik nya udah bagus dan bisa menyesuaikan dengan perangkat kecil, hanya saja saya merasa bosan dengan quest yang memiliki banyak percakapan. Itu membuat waktu saya banyak yang terbuang hanya untuk mengerjakan Quest Dunia, jika bisa tolong kurangi Dialog dan perbanyak aksi seperti melawan monster dan lain lain. Lalu untuk artefak, terasa tidak adil bagi f2p karena mendapatkan artefak yang ampas, tolong perbesar kemungkinan untuk mendapatkan stat yang diinginkan. Sekian mksh",3,7,2025-04-04 16:54:15,5.5
6cac4554-9443-4d8a-85bc-049141523094,ok,5,0,2025-04-04 16:53:59,5.5
81571d13-0bc8-4507-93fe-3332b11d9528,lama ngunduh nya game burik,1,0,2025-04-04 16:48:09,5.5
e4e83829-f3ed-45ed-9686-cc372466c01d,"awal nya saya mau kasih bintang 5, jadi saya kasih bintang 4 karna animation burst nya yg kurang menarik, maksud saya adalah tolong di perbagusi lagi burst animation nya seperti honkai starrail itu saja dari saya",4,0,2025-04-04 16:39:59,5.5
1e01e759-e53b-48d8-9571-861a4ac10f36,"Ini game emng seru bnget sih,genre open world nya keren,tapi saran untuk quest,terlebih quest archon,dikurangin aktivitas yang sebenrnya ga terlalu penting buat alur cerita,mungkin sedikit gapapa,tapi kalo terus terusan lama lama bikin ngantuk,but at all oky",5,3,2025-04-04 16:31:29,5.5
0c99a845-95b9-4bd7-864e-e0ccc00adc5a,berikan aku primogem 600 biji buat Gacha Veresa 🥲 (canda bang),5,0,2025-04-04 15:58:27,5.5
446164bf-70fd-4858-83c3-7b16b35659e4,game nya seru,5,0,2025-04-04 15:30:51,5.5
b9a58c88-d691-4230-a98c-a5cbe0c56977,membosankan,1,1,2025-04-04 15:07:27,5.5
2846cbc1-1b75-405e-ace2-605588f103a4,aku suka,5,0,2025-04-04 15:05:36,5.5
ddde3d05-ea7a-4932-ab4a-d8d38e283042,🗣️:geme nya bagus 😎👍 📱: bang udah bang😭,5,0,2025-04-04 14:48:51,5.5
0992a280-5c3c-4d26-88e9-dc07c8bdb94e,game nya baguss,5,0,2025-04-04 14:28:09,5.5
94737294-d97e-446b-a017-ab6723e6fd6c,gacor,5,0,2025-04-04 14:27:49,5.5
1f589b29-1b44-4d2d-be67-827ec6cb7074,game ringan,3,0,2025-04-04 13:56:33,5.5
935e50e1-30b6-47d9-a26f-dadd1f5ff273,"keren cuy, udh lama pengen instal ni game. harus nunggu upgrade HP dulu hehe",5,0,2025-04-04 13:47:11,5.5
67d93122-68ee-4a7f-9a21-282438d29164,pity nya jelek ga baik buat player ftp,1,0,2025-04-04 13:30:37,5.5
1906e4f2-386d-46fa-89ba-d57505bc1c92,ada terjadinya galat di game di bagian prolog pada game galat itu terjadi saat: 1.pemakainan pembelah layar 2.saat pengunaan aplikasi gotube yang di mana hanya saya gunakan untuk pemutaran lagu saja 3.di celah-celah batu sering kali terjadinya karakter diam dan tidak dapat di jalankan cuman galat satu ini bisa di atasi dengan keluar dari game/relog itu saja galat yang terjadi selama saya bermain mohon untuk di perbaiki dan di tangapi,3,0,2025-04-04 12:57:21,5.5
124a0381-6395-442b-b37a-b47b8a4250b1,nicegame,5,0,2025-04-04 12:21:49,5.5
7c7bc28a-f833-400d-946c-aba24408ab40,lo maksa gk ada fitur skip? lo kira orang gk punya aktifitas lain selain liatin dialog npc yang gk jelas itu?? orang sultan pada joki quest orang biasa pada pindah game/pensi,1,0,2025-04-04 11:11:00,5.5
ef901aff-2cb2-4498-a192-9a283bd5368e,Keren Banget Dah,5,0,2025-04-04 10:56:08,5.5
143c355f-7bd7-4811-923a-4da83ed312fd,game kikir,2,0,2025-04-04 10:34:29,5.5
0d32e15d-4bad-47ea-9fab-cdce6b50cd17,game nya sangat bagus tapi buat ngumpulin primogemnya susah banget kami Player f2p butuh berbulan-bulan cm buat dapet char b5,5,0,2025-04-04 10:34:26,5.5
d007a040-c044-4568-9475-24c3487d6c58,kalian dan game ini adalah sapi perahnya mihoyo,1,0,2025-04-04 10:26:53,5.5
a409f673-7203-4090-a882-f928bf0f70a7,👍,5,0,2025-04-04 10:19:53,5.5
2c5eecb9-87ea-4543-ae7a-1c1c267b9d25,bukan buat hp dibawah ram 4 wjwkwkw,4,0,2025-04-04 09:43:26,5.5
6b333852-2354-40c4-84eb-3c596244dd80,developer coba ganti data awal gamedari 32gb ke 28gb aja soalnya lama,2,0,2025-04-04 09:39:02,5.5
f870ebe8-5710-4573-bf45-f0c44c6202bc,stori nya bgus bngt,5,0,2025-04-04 09:07:17,5.5
6eb4cb6b-afa8-4791-b6e6-2f8a6bb6c24b,game ini sangat seru!,5,0,2025-04-04 08:28:57,5.5
34feb91a-c8da-4234-9a0e-a781ba5a343d,seru banget,5,0,2025-04-04 08:28:39,5.5
a41658a8-d801-4891-a34c-526847530082,Mantap,5,0,2025-04-04 08:23:27,5.5
9379c81e-4727-4f8c-b546-cb6c270d616f,how many years left until you become generous? let me guess.... around 1 year~,1,0,2025-04-04 07:58:49,5.5
1b97ca82-ecc1-4df9-872a-c95a467ee620,Game nya jangan kikir ya developer,5,0,2025-04-04 07:55:17,5.5
7e08d17d-bcb5-432b-9c0c-a5c88402ad73,keren,5,0,2025-04-04 06:30:28,5.5
e29ffa8a-cb54-4b3d-b909-162ace6fa109,pengalaman nya seru banget 👍,5,0,2025-04-04 05:56:56,5.5
aecbf19c-dc7e-4221-900f-923f6d60c1fb,mengunduh datanya lama bett masa 8 jam belum selesai,3,0,2025-04-04 05:42:45,5.5
c68c4aa7-1bc3-4f65-9645-96b7699be843,banyak bocil genshin yg fomo nurunin rating,1,1,2025-04-04 04:07:11,5.5
5e71bf6c-a8e1-4646-a544-833a00cab071,please support Infinix smart 9 device,4,0,2025-04-04 03:21:59,5.5
91451eb3-71df-49da-8c28-90214a9317d0,my account missing twice F2P dark system mihoyo,1,0,2025-04-04 03:06:58,5.5
49175c70-b55f-4429-9701-7bf32be5d6ad,mag hoyo kasih aku wgs dooong,5,0,2025-04-04 03:00:12,5.5
74cf43fb-49ef-4c46-a2ba-c8bcfc129daf,"MAKASIH,CINTA BGT AK SAMA KINICH",5,0,2025-04-04 02:13:19,5.5
d97fdf5f-71de-485b-9e72-c5bbaee5e837,"why can't traveler pyro? why only lumine can pyro? udh bgs game nya, alur cerita nya, gamplay nya, grafik nya dh bgus, cuma kadang pelit aja kalo gacha cape ngumpul, tapi masik gk masalah lh. hanya saja kok traveler gak bisa pake pyro, kok cuma lumine aja yg bisa pyro? hadeh...",4,0,2025-04-04 00:54:12,5.5
a610548e-d48a-47b2-b461-88320af0e1a2,butuh dubbing bahasa Indonesia,5,0,2025-04-04 00:41:43,5.5
64872cd2-19ff-4e12-8e62-e867061cf423,"Gamenya bagus, story mayan, gameplay asik, grafik mantep, karakternya juga pada cakep (furina🤭), overall bagus lah. Tapi sayangnya.. gua melarang aturan.. yaitu dilarang baper saat coop. Dimana pada saat itu gua coop dengan cewe berinisial m, dan pada saat itu juga kita sering coop, hari ke hari kita bertukar siapa yang join world. Seiring berjalan nya waktu, guapun mulai menyukainya entah kenapa, dia itu seperti cahaya yang menyinari hidupku. Tapi anehnya aku gaberani untuk confess. i love her",5,0,2025-04-04 00:15:40,5.5
406e5f0a-5144-455e-b7ef-d2f280bce117,laher baten,5,0,2025-04-04 00:09:05,5.5
ce84151f-77be-4433-8e86-bb0ece271f56,"KINICH, SIGN KINICH, RAIDEN, ESCOFFIER, XILONEN, SIGN XILONEN POKOKNYA HARUS MENANG RATE OFF DILOW PITY😡😡😡😡",3,0,2025-04-03 23:43:29,5.5
af9396c2-bcad-438a-b522-4c03e50e86b0,oke lah🤨,4,0,2025-04-03 23:09:51,5.5
9da2d630-5bb4-4e56-a406-0580c1203670,game kikir,1,0,2025-04-03 23:01:48,5.5
cba5da15-0a63-4d35-8cc8-734e797bc496,Mohon puzzlenya jangan terlalu panjang dan questnya mohon dikasih tombol skip.,4,0,2025-04-03 22:44:47,5.5
dd2a8f4e-596e-4415-9c4f-9a34123a8016,Player nya public enemy semua,1,0,2025-04-03 22:42:49,5.5
c9d6cf37-2281-4c68-b066-eec4edcd918f,👍👍👍,5,0,2025-04-03 22:32:57,5.5
4b0334a9-f5c5-4656-a361-64ba535e5855,pelit artefak anj udh bagus bagus dpt •CR •CDM yg naik mlh hp sama def anj anj,4,0,2025-04-03 21:07:28,5.5
c5ea5145-39a5-46ff-baee-fc2d19f76f6c,keren sekali,5,0,2025-04-03 20:29:38,5.5
fefce0cb-09cd-40b1-9a55-1f958a71bd5f,just give us more male characters in this game.,1,1,2025-04-03 20:28:02,5.5
b42d2971-6dd6-4ee0-826e-2947bee736e6,"Jadilah Game Baik, yg ramah dengan yang top up",1,0,2025-04-03 19:48:27,5.5
c1589185-5f7b-4715-9024-4aeb3cc2643a,"hahaha akun gw ilang jir, udah nge hubungin cs nya malah ga di respon, kacau kacau di pikir akun gw tuh masih levil 5? kecewa si, minimal kalo gabisa balikin akun ya respon ga si?",1,0,2025-04-03 19:45:21,5.5
8174fafe-332f-420c-93fc-3daf9426cca6,kebanyakan yeping ngantuk,1,0,2025-04-03 19:27:19,5.5
927e8579-9503-4bb6-8592-1260b7f8db57,"maaf saya kasih bintang 1 dulu knpa pas saya main kok lag yah koneksi lancar, terus saya ubah grafik ke low malah tambah parah device masih baru kok lag aneh tolong di bantu dong jika susah bener saya kasih bintang 5",1,4,2025-04-03 19:19:40,5.5
faed6268-63d4-4778-9963-b1e28e25b160,"sya suka dg gmplay ini,terbaik..tdpt vitur coop yang membuat kita bisa bermain bersama teman terdekat 10/10",5,0,2025-04-03 19:15:49,5.5
b65448bf-f76d-458f-88ba-8b6bfbc1eeec,Telat pake bgt fiturnya dari segi explore kasian yg player old,2,0,2025-04-03 19:00:45,5.5
009c2343-b265-4211-9350-6a98b2cf8faa,re cast unprofessional EN Voice Actor,5,0,2025-04-03 18:57:18,5.5
37695b23-e49b-4a30-9905-11ecad0fbaaa,"We need gamepad/controller support pls, i'll give 5 star later (thank you)",5,0,2025-04-03 18:56:20,5.5
0b3588c8-ac66-480b-934e-6f0debc2ffa3,suara backsoundnya sekarang seperti kaset rusak (mobile),3,0,2025-04-03 18:50:06,5.5
352a66e7-b8ae-49f4-b4a1-22652152834c,Game kapitalis,1,0,2025-04-03 17:22:29,5.5
11d2f018-a396-4bcc-82c5-2feb56d35148,"game jelek, mc ga ada perkembangan, cmn sampah",1,0,2025-04-03 17:20:35,5.5
368e38fc-98dd-44d4-b588-e0442ddbcfee,tombol skip 5 tahun ga pernah di tambahin di main quest. Ga semua orang mau dengerin yapping npc ber jam jam cuma buat 40 primo,3,1,2025-04-03 17:08:33,5.5
68e8795e-b244-477d-84d9-03d3f6a0a974,Developer terburuk yang pernah ada tidak pernah mau mendengarkan feedback player paling parah bagian qol nya pun tidak ada peningkatan hanya gimmick dan penyakit yapping gila terlalu berlebihan cukup muak maen game satu ini terutama primo yang bisa kita dapatkan terlalu sedikit kurang rekomen kalo kalian mau comeback atau baru bermain lebih baik cari game lain aja,1,8,2025-04-03 17:07:21,5.5
7b8b57f3-6604-4117-952d-d30ca87d35cd,Karena dapet varesa sm weapon nya di high pity aku kasih B1,1,0,2025-04-03 16:57:21,5.5
61d148df-2405-4c1f-b3e9-2b3db99571a5,"Tombol skip nya mana, udah 5 tahun nih",4,0,2025-04-03 16:35:19,5.5
97df2a69-265f-40ef-85c1-4f40025398d1,"Hilangkan Bug Limit Login ""To Many Request Dan Akun Terancam Beresiko"" 🤬🤬🤬",1,1,2025-04-03 16:15:29,5.5
25253e99-32e2-4dbd-bcfa-43d224b8c324,"Game pelit gacha 60x ga dapat hero bintang 5, padahal gua player f2p dan juga jarang login, tapi masih ampass..",3,0,2025-04-03 16:14:31,5.5
63b39e25-41ce-4bf0-8583-e8735c26251c,mntap,5,0,2025-04-03 16:04:55,5.5
887a3eba-d0cc-441a-b966-4bb8b1f27ec5,gem hebat,5,0,2025-04-03 15:59:13,5.5
a8a3423a-0f89-4434-a133-8eb1c8770f87,👍,5,0,2025-04-03 15:23:12,5.5
96e40713-482c-4f6b-b168-7862eaf7403a,"Mulai ada peningkatan kualitas. Walaupun gak se drastis dan sesuai ekspektasi tapi udah lumayan lah. Capturing radiant lumayan membantu, story yg mulai terasa kuat, hanya untuk optimalisasi di Android harus lebih dimaksimalkan supaya tetap nyaman dimainkan dan tidak terlalu berat terutama di Natlan.",5,81,2025-04-03 15:07:34,5.5
9c619e2a-7121-4128-9a6a-ec8e79ff7820,"mayan lah, cuman pas main bisa ketiduran. paling seru quest archon si, map nya gede bener sampe capek explore sumeru.. sering kalah rate off ueueue, tapi gapapa yang penting kinich dah pulang 😛, overall lumayan lah ya, cuman kenapa 3 star? karena ak mainnya nge lag terus :/ sama kalo apdet memo ku menangis melihat ini 🥰, battle nya mayan lah ya, ceritanya menarik bisa ku buat tugas sekul ketika disuruh buat cerita fiksi (hehehe) sempet nangis gara gara storynya juga, ya mayan lah",3,1,2025-04-03 14:50:32,5.5
9262ac91-881a-4aae-95f3-f2f3a7cc2e9d,gamenya bagus tapi kalau dwonload datanya lama jadi dipercepat aja ya,4,0,2025-04-03 14:46:17,5.5
f8073486-b146-4c14-8318-ed4a3c94668d,the best game,5,0,2025-04-03 14:32:17,5.5
f8c35a9d-171d-44c7-9698-bb7e45cd2501,sering terputus dan ulang quet,1,0,2025-04-03 13:36:57,5.5
a2f4ff88-fefa-4bd1-80ad-a1fce5c5e6de,"design amburadul, chara cowok woe",1,0,2025-04-03 13:36:28,5.5
e69d6008-3f47-497a-a836-0633b27b33c8,"bagus banget gamenya, kalian harus coba ya soalnya ga bakal bosen dan sangat menarik dari event, grafik, cerita lainnya dll, kalian harus coba dulu ya hp aku masih ram 3 belum support game berat. tolong perbaiki saya udh kasih bintang lima tolong support ke ram 3 juga ya, soalnya tidak di dukungan apa lagi tidak kompatibel 🙏😄🥰",5,0,2025-04-03 12:43:06,5.5
085df17f-e89d-44ad-8d50-f9933dda525f,tantangan mencari point terlalu sulit untuk kontroler toch waktu terlalu singkat tolong di perbaiki,4,0,2025-04-03 11:43:12,5.5
dd90d182-828d-43fa-ba8f-4f27b0bb6d47,baguss Banget,5,0,2025-04-03 11:23:10,5.5
b7e469b0-9422-4f5b-b73a-84ae520fd2ec,😔 OPPOA3x genshin Impact??,5,0,2025-04-03 11:11:14,5.5
060b220b-c99e-4b2b-85bb-7e9c9a23a45e,game ny sangat seru game RPG yang paling seru menurut saya,5,0,2025-04-03 11:02:26,5.5
ce282437-7008-4fee-86a3-8ac49cd3b00d,apik,5,0,2025-04-03 10:59:23,5.5
91088ab8-d257-48d2-835f-928178de609d,absolute cinema ✋😐🤚,5,0,2025-04-03 10:56:03,5.5
87188113-1592-43f5-85ad-f85216ad9c86,game bagus tapi berat,4,0,2025-04-03 10:52:16,5.5
7682d28a-7ef8-48c9-8145-43131e7ccd30,game bagus,5,0,2025-04-03 10:30:05,5.5
83f73096-65fc-4cde-ac19-e32be0794129,bagus,5,0,2025-04-03 10:19:21,5.5
38438739-c4e0-412f-a7b4-9a7af6742ddc,seru bgt game nya,5,0,2025-04-03 09:59:41,5.5
063eaf9b-c0d8-4872-b7d2-91711921595b,"overall bagus sii,wajib dicoba",5,0,2025-04-03 09:21:01,5.5
887dd574-ba7a-4639-b20b-305808dda8c3,Very very impressive,5,0,2025-04-03 08:21:14,5.5
c8c31b00-a207-450b-acb2-9ff2ef6b9c12,saya bagus,5,0,2025-04-03 07:26:57,5.5
b39f4088-b4a9-4700-9332-b892d122b5c7,grafik yang memuaskan,5,0,2025-04-03 06:56:23,5.5
f8607129-df5e-483b-8a2a-0d8ccfb71b7a,"Game kebanyakan yapping, bikin fitur skip aja ga mampu 😡",1,2,2025-04-03 06:11:56,5.5
9acec88b-06c8-497d-a70a-e75600cabebc,Yang AQ suka di game ini petualanganya,5,0,2025-04-03 03:40:48,5.5
e85d6d3a-fd26-4b14-945c-c98ce3824c08,"overall suka game nyaaa, bagusss, grafiknya oke, story atau lore nya juga oke, karakter nya okee, battle oke, exploration open world oke, quest oke, gacha nikmati saja lah ya, build build juga nikmati saja wkwkwk intinya nice i like this game so much thanks hoyo",5,0,2025-04-03 02:36:34,5.5
1857b746-ef62-4ca6-b26f-8ae249ec1688,mantap,5,0,2025-04-03 02:21:28,5.5
98eae6b0-cf4d-4104-b72e-6e2acccb1674,Why I play these Gacha games you may ask? Waifus.,5,1,2025-04-03 01:45:12,5.5
c9f3e373-1b27-4b0a-b652-294c02f59659,pls add more male playable characters and not dressed like other games like star rail. why are there always female characters,4,0,2025-04-03 00:18:22,5.5
dbf4dd21-ca0b-4cb4-ac56-9ccdd62c14c7,"KEBANYAKAN YAPPING!!! ngelarin story 3 jam, hadiah tidak seberapa",1,3,2025-04-03 00:05:16,5.5
c0b70dbf-5cb8-4037-858e-bfad252179a9,"-Reward terlalu kikir -Craft Artifak berakhir jadi Sampah (kikir) -Cooldown resin telalu lama, 8 menit ngisi 1 resin doang (kikir) -Farming artifak jadi sampah tetapi musuh spiral abyss dibikin sulit. gak balance - Cooldown reset spiral abyss dan imaginarium terlalu lama. (kikir) -Event jadi terlalu rasis. Di patch yang sudah mendekati region terakhir ini. developer masih kikir.",1,3,2025-04-02 23:28:30,5.5
2baa5479-58a4-4a11-b5c2-5073fc1a8b7c,its getting worse,2,0,2025-04-02 23:17:26,5.5
5bb072d4-3305-4e20-8de3-9e1f048eff14,love the game,5,0,2025-04-02 23:01:28,5.5
83740295-0bb1-40b6-8f56-cd17c2d7e629,"semakin tinggi level semakin banyak source di download semakin nge-Lag di saya, belum lagi main di map baru makin tambah lag patah-patah. Di PC malah lancar, akankah Genshin menjadi game PC akan datang 😭",3,0,2025-04-02 22:14:00,5.5
f95cc5ea-7d0b-49a5-90fa-0ee85320771f,"gamenya bagus ga montoton ga bikin ngantuk trus misi nya buanyak sama map nya buanyak banget,ini game detail banget dari masak gabungan elemental dll,tapi karena gw baru main jadi mungkin buat namatin inj game butuh 2 tahunan sihh,tapi overall ini game bagus banget good job lah😁👍",5,4,2025-04-02 21:53:50,5.5
6b93ca27-1694-4a79-b6a6-dec6fe97bcfb,👍,5,0,2025-04-02 21:49:18,5.5
728aae36-55fa-472c-b236-52164e10a47a,"coba aja d tambahin fitur buat ngobrol sama suara ,kan enak klo coop gaperlu ketak ketik",4,0,2025-04-02 21:12:03,5.5
94639dff-985e-46e7-a6a9-72fd90591f88,"udah kalah ke sekian kalinya,mau di akun utama ato akun ke 2,ini aku yg emang kgk hoki atau emang GI yg ampas?",5,0,2025-04-02 21:00:52,5.5
8af14196-c28b-4470-936a-a6d02a2d8a3e,"Bosan, sistem pity buat nangis, kalah rate off plus hard pity mulu, kikir banget",1,7,2025-04-02 20:34:45,5.5
ca11e073-e254-4750-b537-6a759acb0a0d,ga masuk masuk!!!!,1,1,2025-04-02 20:00:02,5.5
439a96af-180a-4ffa-a9dc-cb0c3ec33b23,garafiknya oke karekteya juga oke,5,1,2025-04-02 19:22:32,5.5
0960d64c-1d12-4144-8a39-f55329bead22,"Game ini sudah tidak layak dimainkan karena dalam segala aspek sudah kalah jauh dengan Wuwa. Sudah 4 tahun gak ada tombol skip, mc juga masih sampah, cuma versi lemah mavuika, material domain masih dibatasi dengan hari padahal di Wuwa gak gitu, biaya resource yang dibutuhkan untuk menaikkan level karakter dan talent lebih mahal dibandingkan di Wuwa, material weekly boss sangat random padahal di Wuwa hanya ada satu saja dan boss yang sama bisa sampai 3 kali, kenapa di game ini hanya bisa 1 kali?",1,2,2025-04-02 18:23:28,5.5
5cff264d-ce96-4e15-b264-5446c0da1d95,"Tolong berikan saya akun hoki,akun utama saya selalu kalah rate off di pity 75 keatas,rate on pun selalu Pity 75 keatas semua...TOLONG!!!!",1,1,2025-04-02 18:13:30,5.5
e29675f5-b450-4b95-be66-d3178bb1bc93,good good pls kasih gacha primogem lah karena gw butuh arlecchino,5,0,2025-04-02 17:58:05,5.5
132ce65f-def8-4750-bf1f-af71c41cf96c,bagus,5,0,2025-04-02 15:55:12,5.5
10ebcf0a-e95b-4b76-b3de-13e2ef567766,⭐⭐⭐⭐,4,0,2025-04-02 15:53:45,5.5
add6763d-8822-41b9-a176-46f5ffdd34d5,ׅSeru sekali bahkan aku gak sadar klo batre ku sudah dikit 😅,5,0,2025-04-02 14:22:10,5.5
ae8d421d-0ba6-4e2d-a426-b501008ce5fe,bagus ini game nya seru,5,0,2025-04-02 14:16:07,5.5
d808ecb4-8cda-486f-bd84-aa4a5f56e2ce,"game kaku, npc kurang interaktif terus muka nya template. mc nya gk guna",1,50,2025-04-02 13:27:01,5.5
6810e2f3-6034-4777-aab7-1f7d54c5a227,Nice,5,0,2025-04-02 13:20:52,5.5
96aec7f9-7fee-4110-af54-a9cfbb3406ba,"gak bisa login cuma sampai di loading screen, kemarin masih bisa masuk tapi sekarang gak bisa",4,0,2025-04-02 12:16:39,5.5
a3a213eb-098c-48b4-aa1e-7e2d53920bdd,"HAHAHAHA YOU FINALLY ADD CONTOLLER SUPPORT FOR ANDROID. Anyways, the button setting is not that flexible. There is no option to custom our d pad so better add that thing next time",5,3,2025-04-02 11:07:21,5.5
ff79660c-4570-4d3b-ac05-28eb271eac71,game ny seru bisa bergerak sesuka hati di dunia yg luas,5,0,2025-04-02 11:01:20,5.5
6e543dd5-4a82-450c-90d7-c55737308ac9,ku kasih rating 5 karena aku dapet furina di low pity😆,5,0,2025-04-02 10:43:11,5.5
b5c7ea12-e0f0-45e2-838b-6726ccb8717e,bikin genshin nya support keyboard sama mouse di android min tolong aku mau main ginshin pake keyboard di android,5,0,2025-04-02 10:33:17,5.5
742eaa5f-5467-450b-827a-542cf49374b5,BAGUSS CUMA DAPETIN PRIMOGEMNYA SUSAHHH jadi saya saranin primogem bisa ditukar dengan mora,5,0,2025-04-02 10:11:57,5.5
6bf08e89-c296-4ea9-8728-d26bd16e408e,mb dan gb nya dikecilin kek seukuran mlbb sama Hok gitu biar bisa dimainkan semua orang,1,0,2025-04-02 09:08:34,5.5
3d34033a-0081-483e-8af5-b49f59d35ab7,Jangan banned orang tanpa alasan saya sudah bermain ini game hoyo yang lain dengan akun email yang sama terus tiba tiba hari ini Rabu 2 April 2025 akun saya kebanned dan itu ngaruh semua ke akun hoyo saya yang lain yaitu honkaistarrail dan zenles zone zero saya sudah bermain game ini sangat sangat lama tapi saat tiba-tiba akun saya kebanned hati saya hancur gabisa berkata kata saya benar benar kecewa dengan game hoyoverse padahal saya membeli hp spek bagus buat mainin ini game tapi malah diban😔,1,0,2025-04-02 08:54:08,5.5
2b460ef5-fda5-486b-a87f-bcfdde06ef4e,Mau main aja harus nunggu 10 menit kocak,1,0,2025-04-02 08:28:38,5.5
47cc6149-06ce-453f-b016-4aa43a1799d0,bagus,5,0,2025-04-02 08:01:28,5.5
cbef71c8-71d3-4542-85b1-d3af94258100,"Excuse me ! If you're reading this, we need your help to put those English voice actors in their place! Right now, the Union VAs harassing the non-Union VAs. This put your game in bad situation! Because those Union VAs ruined your game image! Think about it: Your game looks bad because the staff makes it look bad. Aren't you going to do something about it!? I don't think the hostility between US and CN really that matter matter if situation more critical like this happening right now",2,0,2025-04-02 06:23:39,5.5
0951be1b-32d3-4d22-aabf-bd047f6f18fc,nice,5,0,2025-04-02 00:01:37,5.5
f44305c5-6c7e-4729-ae55-7bda269f6ea6,"Yang paling saya suka dari game ini, adalah kompleksitas terhadap world buildingnya, dari musik, lore, puzzle, reruntuhan. Dan banyak area yang bisa di jelajahi, membuat player seakan-akan terikat dengan dunia yang diciptakan, terimakasih HOYO",5,0,2025-04-01 23:50:21,5.5
7029b798-88fd-4739-99af-e63f8ee19d61,"GAME KNTLLLLLLLL,YAPPING MLU AJINGHHG SIDE STORY JELEKK JG,TOMBOL SKIPP AJGG,STORY LU JELEK BOSENIN PAKE ANIMASI TEMPLATE PATAH2 CRINGE,GK USAH DIBIKIN PANJANG2 BNGSADD",1,4,2025-04-01 23:42:41,5.5
845930ee-1428-434b-9966-3280e13f3495,Kalo Bisa Jangan Keseringan Kikir🤡,5,0,2025-04-01 23:11:38,5.5
0fec46af-22de-4119-9ff0-8052b07a9f92,game kikir,5,0,2025-04-01 23:07:28,5.5
4f081ea9-3aea-408b-b2eb-596e967328c3,seru ada raiden soal nya,5,0,2025-04-01 23:04:29,5.5
6c3285f5-54bb-4820-be91-d66eaf8591aa,bagus banget game nya...,5,0,2025-04-01 22:54:07,5.5
4d16c7aa-2a21-4f30-b05e-19716e089002,"game nya bagus , cuman yg kurang FITUR CANCEL SKILL nya di buat lah",3,0,2025-04-01 22:33:25,5.5
6c8d282d-5c8d-48c4-8884-18b25acb8aa5,wow,5,0,2025-04-01 21:49:58,5.5
edd1e065-e712-4169-a511-f9ddd6a10ad4,"storynya bagus banget, rasanya GK ada game android yg storynya sebagus ini menurut saya, tapi ku harap genshin impact ngasi lebih banyak bansos primogem biar bisa gacha character impian😁",5,0,2025-04-01 21:30:23,5.5
b3b173ee-f011-4382-a461-5fc5cd842d67,"game nya keren banget aku sampai gak bisa berkata-kata,tapi sayang aku gak bisa ajak teman ku buat main ini game karna hp teman kutidak bisa donlot hehe da itu aja yang bisa aku komentar aku gak tau mau ngomong apa lagi, tapi intinya semogagame open world yang kayak gini bisa lebih ringan supaya aku bisa ajak temenku main hehe",5,0,2025-04-01 21:23:44,5.5
c33135e6-543a-4460-9954-9548479fb181,Improvisasi dan pengembangan game nya sangat jelek atau malah bisa dibilang menurun,1,1,2025-04-01 20:42:54,5.5
e22c3434-d4f9-4366-9007-ac78162963ed,"Baru mulai main game ini,baru belajar mmahami mekanik gamenya...lumayan menghibur la...",5,0,2025-04-01 20:17:58,5.5
9ee8c19c-c28a-48da-89fb-4fe0155a123f,bismillah hp gk keluar Asep. btw bintang 4 dlu ntar klo GG Bru bintang 5.,4,0,2025-04-01 19:39:49,5.5
d0743094-05f7-4c81-9b79-bd458cee2483,baguss,5,0,2025-04-01 19:31:07,5.5
ab337577-5f6e-4149-ba32-9f07f8b1c3c3,Animasi bagus dan pertualangan nya seru,5,0,2025-04-01 19:09:36,5.5
14c8ff88-7108-4fce-aa6c-32bd2d396a20,keren,5,0,2025-04-01 19:03:22,5.5
faf3ef86-4e84-4c77-be01-aa76e278ce4f,"bagus,",5,0,2025-04-01 18:27:09,5.5
05f68e3e-9bca-4f85-927b-9a0dfa719608,I had problem to fix my pw in my acc i can't change my pw at all the permission Alway said like too many request and i ask hoyoverse cs but right now is not fix at all,5,0,2025-04-01 17:57:03,5.5
336e83fa-855c-4af4-aa98-15a3691f0ed1,good game,5,0,2025-04-01 17:16:59,5.5
e0ac91a9-a4e8-459d-a247-afbe7c1b7895,"Oke dri fitur nya dah lumayan bagus, dan kalo bisa ada fitur atau event buat ganti MC (punyaku MC female pen ganti ke cowok) yaa agak nyesal sih ambil MC cewek. Dan alangkah baiknya developer lebih mendengarkan isi hati player-player nya",4,0,2025-04-01 17:12:49,5.5
4fab1ea5-d159-488b-975a-f7826a19db7f,"mending hsr mah, ini game kikir bansos dikit, annvi cuma 20 kali pull sama gratis karakter standar, mending hsr",1,0,2025-04-01 16:48:57,5.5
e20380cb-cefb-4632-8518-c65f3e376c94,"tolonglah akun saya kena hack... padahal saya tidak melakukan apapun, saya baru tahu sekarang karena saya sudah lama hiatus",1,0,2025-04-01 16:41:04,5.5
7ca542ff-1a71-4318-91f7-39396580882a,game yapping tai hoyo pelit reward kikir burik,1,1,2025-04-01 16:35:30,5.5
0507f4fc-06f7-49be-9c9d-f9df6c7f681f,Segi cerita bagus banget apalagi Sumeru dan Fontaine tapi segi gacha apalagi artefak nya dapat ampas mulu,5,0,2025-04-01 16:25:02,5.5
7c4ccdb8-a651-4191-8c0a-2a7689805c06,"karena ada tag ""Isekai"" gua jadi mikir, sebenarnya MC cowoknya itu bukan cuma di segel kekuatannya, tapi juga di bunuh sekalian pemilik kekuatannya",5,0,2025-04-01 15:16:47,5.5
b7b3fb04-6c05-4e5e-bfa8-d825b16e474e,"worth buat dimainin, game gratis tapi menyuguhkan kisah/cerita yg sangat menarik, kekurangannya mungkin hanya cerita MC dengan saudaranya karna terkesan lamban dan tidak ada kemajuan, tapi kisah tentang side quest dan archon sangatlah seru dan mungkin itu adalah nilainya game ini",5,0,2025-04-01 15:15:28,5.5
04461eef-77c2-41df-a8e5-ed8f3ffdf182,"game tolol kebanyakan yapping, tolong tambahkan fitur skip story",1,2,2025-04-01 15:04:12,5.5
1f3892fb-dcd2-4d32-8e5d-c5a961ab071c,Saya suka dari berbagai segi gameplay genshin impact tapi tolong tambahkan fitur skip,4,0,2025-04-01 14:35:10,5.5
d56cb1c3-4150-4a7d-aa53-4b221f0a5fa4,kerenn,5,0,2025-04-01 14:28:30,5.5
584468f2-6eaf-4de9-951d-4f266907536d,GG sudah ada fitur controller di android. sekarang tinggal menunggu fitur SKIP story side quest.,5,0,2025-04-01 14:03:47,5.5
2aefdaf4-f858-4480-8e8b-45d4a5a1866d,"Game sampah, banner character di up buat apa tolol kalau dapatnya gk ada satupun dari banner? yg di up character dapatnya senjata b4 yg gk di up dari sekian banyak item yg di up. artefak juga sama aja. mau farming artefak sampai kiamat lo buat gacha?",1,6,2025-04-01 13:46:38,5.5
453162fc-1e56-4396-98c8-7c93a88c4bf8,xilonen gua knp jadi qiqi!,5,0,2025-04-01 13:09:31,5.5
5e5668d3-304e-4e50-a75a-736cbde36d37,bagus cuman ada bugnya banyak,5,0,2025-04-01 13:00:53,5.5
5f6e6727-4c1c-4e9c-ad1d-ecb2d010fcf2,good good bro,5,0,2025-04-01 12:30:53,5.5
01acb8c6-8cdf-4a95-b2a6-98e606bede76,nice,5,0,2025-04-01 12:25:34,5.5
32ee39f3-10ca-4966-918b-5624d7f4aa1a,genshin gmail verification delayed 5-10 minutes,3,0,2025-04-01 12:15:59,5.5
fc269bd7-d52e-420f-be6f-5177d215c1b5,game God,5,0,2025-04-01 12:15:56,5.5
462945c5-743b-4580-9e8a-88a6afed7f18,Gooner game,1,0,2025-04-01 12:09:14,5.5
cc47c8f6-a16d-4719-8c4b-01d5b0f3cc33,Gamenya sangat seru dimulai dari storynya melawan musuh dan sebagainya,5,0,2025-04-01 11:46:47,5.5
7ecca77d-fd8b-471c-8383-86fac9a5f48b,Good,5,0,2025-04-01 10:31:43,5.5
3133e5df-9615-4627-90a5-8975a3407aa4,"quest-quest baru ini kebanyakan dialog yang super panjang (yang mana gak semuanya penting), tolong diadakan tombol skip di dialog-dialog yang gak begitu penting. terus karakter cowoknya juga makin kesini makin sedikit, sekalinya ada cuma B4 (padahal lore-nya penting dalam cerita). kebiasaan naruh bintang yang salah dan gak sesuai sama lore karakter. tolong dibenerin, design karakter kalau bisa disesuaikan sama kultur regionnya dong. dibenerin lagi designnya buat region kedepan ya.",3,0,2025-04-01 10:30:07,5.5
48de5b03-714c-4238-b457-d34b6da76f39,plis rerun emilie banner,2,7,2025-04-01 10:27:35,5.5
3db7d1b4-28c1-477a-bc51-34fec19a4433,loading kelamaan,3,0,2025-04-01 09:57:29,5.5
9931de54-91a6-4e26-95f4-c6448f4b51ae,gameplay nya sudah sangat bagus tapi update nya tolong agak sedikit dipercepat soalnya kadang aku tinggal malah ulang🥰🥰,5,0,2025-04-01 09:37:56,5.5
1ef4b4ab-8bf6-4ab0-87e3-5f8501395561,bagus,5,0,2025-04-01 09:21:34,5.5
3bbd77f6-4fc2-4ca3-8242-9ad1c9e982b7,seru banget ada banyak karakter dan banyak tempat kayak natlan inazuma itu scene nya gokil banget seru deh,5,0,2025-04-01 07:42:58,5.5
d14c851a-05fb-4b90-8148-ea32c2323c34,game nya asik bagus dan asik bisa berpetualang,5,0,2025-04-01 07:24:41,5.5
bb528db5-dd25-4495-973c-48b0d40e98c2,Game rpg mobile terbaik yg pernah gua mainin?... Nahh bro🙌😒itu dulu skrg ganti bintang 1 aja... developer sombong ngga mau mendengar feedback para player,1,2,2025-04-01 06:22:03,5.5
7b370ef0-ae12-4847-956f-f65112c9553a,nice hoyo,5,0,2025-04-01 05:34:46,5.5
b214257c-ec30-4b7f-ad73-cb567935c0f4,keren,5,0,2025-04-01 04:45:10,5.5
800b6d2e-20cc-4d4b-b037-473d68b10d3d,add skip quest feature,5,0,2025-03-31 23:56:15,5.5
fcefc6eb-b928-4e97-88ae-0b3468b16f54,seru tapi ada lag-nya dikit,3,0,2025-03-31 23:38:00,5.5
9b3fc181-2a0d-4017-a16e-5121b7081272,Sebenarnya Aku Udah Suka Dengan Game Nya. Tapi Risiko Primogems Agak Susah Di Dapatkan Beda Sama Game Sebelah. Jadi Tolong Kalau Ada Event. Event Nya Di Simpan Aja Dari Pada Event Nya Menghilang.,5,0,2025-03-31 23:13:31,5.5
7f7c5ad9-d428-41ce-bbe2-0136f8a05288,"game RPG Ter Ter Ter keren, masuk dunia anime cuyy",5,0,2025-03-31 21:37:15,5.5
ca906d5a-9cbb-478f-b26d-2f16b15b5c49,"tantangan barunya susah2 reward nya dikit, aplah ni game yg main banyak ngasih hadiah dikit bgt, tlol",1,0,2025-03-31 20:51:40,5.5
38ab434f-3743-4576-842e-2fdb53a1ea3f,W game,5,0,2025-03-31 20:03:35,5.5
47de166c-7679-4a4f-9f2b-c3b984b0c27f,wow game kamu terlalu bagus ya,5,0,2025-03-31 19:56:40,5.5
1650f0a0-98b3-4f44-a72a-3866b4dd50ec,seru banget,5,0,2025-03-31 19:41:58,5.5
8ebcd47d-801a-4752-9b8a-6ceb55a8c6bb,ini udah bagus cuma tolong lah pas di unduh data nya jangan lama banget cape nungguin nya,5,0,2025-03-31 19:24:36,5.5
0862263b-bddc-4e54-8916-dcd2bb0d4829,"Game ini seru banget. Ini gamenya cocok kayak game kasual, tenang, karakter disini juga banyak banget seru deh pokoknya Tapi kapan Aether sama Lumine ketemu lagi :(",5,0,2025-03-31 19:04:17,5.5
39c5b8d4-0e53-4f6c-b1a4-6c24ff107ea6,Good game,5,0,2025-03-31 18:54:49,5.5
beb925a2-d807-461b-b458-984a3d95d54f,developer kikir,1,0,2025-03-31 18:31:31,5.5
12d22d45-2595-4776-8768-bf1b78731f1b,gacor kang,5,0,2025-03-31 18:24:38,5.5
5bea3b66-f8f2-4de9-8452-193d127ca528,cihuyy,5,0,2025-03-31 18:14:55,5.5
3fdcbc19-0c4b-4540-82ee-059a411204fa,"berasa game barbie, terlalu banyak char wanita, desain UI dan bannernya juga makin lama makin feminim.",2,1,2025-03-31 18:01:49,5.5
b257f417-aebe-498f-ad23-af3fd5e4e905,bagus-bagus saja,5,0,2025-03-31 17:50:15,5.5
ce911d04-a0aa-4a02-935f-204ef57a6085,Stamina too little hard to activities-_-,3,0,2025-03-31 17:36:50,5.5
83a7cf92-54bf-46fb-ad3d-f7f6b84b9201,gamenya bagus Dev dan grafik kayak di anime real dan animasi bagus dan unik banyak hero ada masalah Yaitu frame ratenya turun dan kadang lag mau beli hero dan masuk ke dunia lain padahal saya cuma dowload game ini aja gak ada yang lain kok masih lag memory saya masih banyak itu aja sih,3,0,2025-03-31 17:08:37,5.5
c61a23ed-30a9-4c4d-9ea9-cfc6d0ada4e9,Oke,5,0,2025-03-31 17:02:33,5.5
c6acf5b9-c6db-4b08-ba1e-b6563fa46e4d,Seru benar benar seru cukup seru,5,0,2025-03-31 17:02:13,5.5
f285e1fd-566a-4e02-b85c-4bf3779e36e5,kikir apalah,1,0,2025-03-31 15:56:19,5.5
d70c95c9-2259-4fe1-9510-47eed5f6444b,fitur skip nya mnaaa,1,2,2025-03-31 15:00:04,5.5
cee64fc5-c187-4c76-b1a5-72e733d7b159,"please, it's wasting my lifetime... the story is too long",5,0,2025-03-31 14:28:04,5.5
62c02787-6a7f-43e3-ab78-c9efbac8837e,tutorial tolong bisa di skip,4,0,2025-03-31 14:24:11,5.5
3389a3c5-6650-4f8f-b370-4247a32c267d,game ini seru tapi game ini harus like dan subrek nama nya hasbi ahsan zeroid,5,0,2025-03-31 12:59:13,5.5
57739623-2014-4a41-9538-7ac43f7c495e,"account saya tidak bisa ganti gmail, game aneh",5,0,2025-03-31 11:53:39,5.5
f3ec3d83-45fd-401a-a0a6-dd2a88bc17fb,Gamenya bagus dan playernya ramah ramah,5,0,2025-03-31 11:28:46,5.5
c4896013-6a8a-4206-809b-91a7cc61792b,"tidak bisa di buka, hp saya tidak ada masalah tapi tetap tidak bisa di buka",1,0,2025-03-31 11:08:02,5.5
c2a9406f-8140-4eab-865e-3398e9304dc1,Tolong untuk sanctifying elixir jangan dibikin jadi satu patch bikin aja jadi 2/3 minggu waktu reset nya. atau engga satu patch bisa dibikin 2 itu aja udah ngebantu bet,5,0,2025-03-31 11:04:20,5.5
7753205e-d45a-4063-b2c7-e38a37039e79,keren,5,0,2025-03-31 11:03:24,5.5
bb83dffd-7a9e-4cb6-97bc-68cd90fd85e9,berad amat anjay,4,0,2025-03-31 10:16:34,5.5
1397746b-f116-4e32-81d2-2f4f19425bf1,game kikir,2,0,2025-03-31 09:06:35,5.5
b557fac7-c9d2-455b-801b-c81c57f225bd,BRO I WANT TO PLAU GENSHIN BUT XIAOMI CANT,1,0,2025-03-31 09:06:10,5.5
6afc240c-f14f-4772-991a-ef5c31885b42,loadingnya kelamaan padahal jaringan bagus... belum main udah kecewa duluan anjinggg,1,0,2025-03-31 08:30:47,5.5
2c37ea6a-bc84-4360-91e7-a9bf32156c1d,"SUKAA BANGEETTT, best deehhh pokooonyaaa! !!! MCNYAAA JUGAA MENGGOda😈😈😈",5,0,2025-03-31 08:29:21,5.5
1de876a3-05a3-4874-b8b1-54d613cea0fe,oii min kasih b5 nafa pelit bet dah aing dah habis Primo 10.000 njir masa satu pun gak ada b5 nya 🥲,3,0,2025-03-31 07:40:32,5.5
dff7ab08-69a0-4ec6-b395-268f61ddd402,Ada banyak my istri di dalam gamenya,5,16,2025-03-31 07:21:24,5.5
bf8ed1e7-865b-4a00-92da-94f56719e2ce,"muanatap, besok"" ringanin lagi ya biar ramah perangkat low-end",5,0,2025-03-31 06:51:50,5.5
2748011a-df56-4ff3-b399-a2d5828fe8c4,perfect,5,0,2025-03-31 01:54:30,5.5
3cb904ff-4320-4d98-ab30-acae373f2e7d,"males banget sama ini game, setiap update patch pasti download 8 GB terus",1,6,2025-03-31 01:47:49,5.5
a5add3e1-ca07-42f5-a736-a498bec9c13e,memuaskan,4,0,2025-03-31 00:47:04,5.5
25c1843b-71bd-4b77-8f53-77ed90897b33,GAME RAKUS AKAN UANG,1,0,2025-03-31 00:31:51,5.5
5445fb24-a3ca-47f0-bc65-a39960bdaffe,"keren grafik nya,, mantapp",5,0,2025-03-31 00:04:06,5.5
938c3050-d8b0-43d9-b8cb-434439c083af,hancur hp aku Wak😹,4,0,2025-03-30 22:54:59,5.5
9b56fb99-166b-4c67-838f-b664e5e22ab5,wuwa more better,1,2,2025-03-30 22:12:00,5.5
1c0def62-1572-4640-9649-0772247b68b4,game kikir 😏😏,1,0,2025-03-30 21:26:34,5.5
6d6720cb-7fdc-4d19-913d-7d601573b9c2,saya suka dengan game ini,5,0,2025-03-30 21:18:12,5.5
4a3e3d42-97ad-4651-a281-8a8729f6356f,so good,5,0,2025-03-30 21:04:40,5.5
8e097e27-e758-49f8-b71e-c72951ff895c,game gabut gakjelas,1,0,2025-03-30 20:38:51,5.5
c555a2cb-0ecf-48bb-8fb9-15f1e50dc49b,love it,5,0,2025-03-30 19:12:12,5.5
7fe5680d-1cab-437e-b341-bb8952a8c7c1,kasih lah artevak yang wangi,1,0,2025-03-30 19:07:09,5.5
744007ef-5a8a-403d-9beb-d4caa5b8f074,"Genshin impact, gemes faforit",5,0,2025-03-30 18:55:07,5.5
dcd4b269-0b8c-4af3-8a45-2d15762297d3,developer yang diskriminatif,1,0,2025-03-30 17:42:54,5.5
731b1721-1310-4682-80d1-9564950f1193,bagus,5,0,2025-03-30 17:12:09,5.5
a5ef1b54-0797-48bf-84b1-9e09221376e8,mantap gamenya bertema open word game nya bebas berpetualang dan bisa di costume character nya pokonya the best mantap 🤩🤩🤩🤩🤩 ⭐⭐⭐⭐⭐,5,0,2025-03-30 17:06:02,5.5
9049a090-ead4-4adc-962c-22f868254c55,mendonlot nya lama,1,0,2025-03-30 16:59:36,5.5
f1b54918-4bea-4938-8ca3-4b497aca95a5,game bodo.... masa data Awal download 32 GB,1,0,2025-03-30 16:38:46,5.5
6d2da2ca-3c4a-48e2-b10e-0df0dff6eb89,enak,4,0,2025-03-30 16:34:50,5.5
05384b11-3b66-4333-b58f-6ecfa05e3c9d,Kompilasi shader terlalu lama,3,0,2025-03-30 16:10:41,5.5
eacfdf6f-721b-488a-90e6-72558db3231c,gak sabar nguli buat b5,5,0,2025-03-30 15:50:27,5.5
326dbf3c-48aa-4658-9899-d6e05641e511,min sekarang ki suaranya gk ada mulu tolong tanggapan nya soal jadi kurang seru,5,0,2025-03-30 15:35:00,5.5
427f4c94-ae87-4529-8837-8b264e0d23d0,tombol skip mana,1,1,2025-03-30 15:02:24,5.5
998ffb17-feb4-44b2-82bf-b4bdba82a17d,"Makin update makin ketagihan main game ini, map makin luas lagi hoho 2025",5,2,2025-03-30 14:37:24,5.5
1e6c5645-7a24-49e5-b774-19e7f5779058,"game dan alur ceritanya bagus,grafiknya juga,tapi sedikit kikir aja sih",5,0,2025-03-30 14:34:25,5.5
0ea6b867-4ce0-455b-8e9e-3e13aece8329,Map di Natlan ngebug jadi berwarna hitam😢,1,0,2025-03-30 14:18:08,5.5
312d4b2b-cd8c-488e-a3f1-4c8638073329,"gameplay ok bngt. game bagus. grafik keren. quest nya banyak, map luas, event sangat bersahabat. cuma di quest story ceritanya kepanjangan ga bisa di skip, ngabisin waktu bngt 😁, bos spiral sekarang gampang di kalahin asal pake karakter baru😆 maksa banget buat topup sih luu hoyoo🤑",5,0,2025-03-30 13:35:47,5.5
2cf62211-d6b6-4be3-a7c1-d94783a45e50,bagus tapi mahal²,5,0,2025-03-30 13:32:01,5.5
9e269f58-18fb-4ce7-9c1a-0413b2a9b474,varessa bini gw titik😡,5,0,2025-03-30 13:16:09,5.5
48bb8925-8cb7-43bd-a8f5-7155d289ffd5,"game yang mudah dimengerti, jelajahi dunia tanpa batas, kemajuan teknologi dalam game, cerita yang amat imajinatif, kompleks dan menyebarkan semangat para player nya, memang mantap ini game!!",5,0,2025-03-30 12:10:05,5.5
57a3fc88-fff3-4153-b190-c442224b7c76,game membosankan,1,0,2025-03-30 12:05:16,5.5
b4fa4a09-fd3f-40bc-a7d0-9dfd2095efce,masa mau main harus download 10 GB🗿🙏,1,0,2025-03-30 11:30:08,5.5
dd43d311-125e-492b-ae67-0499fe1b2705,game nya sangat seruu,5,0,2025-03-30 11:25:39,5.5
9ced9fd7-e08a-4b97-b229-4b92f8ab1ec0,very nice game,5,0,2025-03-30 11:16:10,5.5
012d1e9f-9be9-4aae-bc3e-118541897cd3,game nya seru bet jirr,5,0,2025-03-30 10:19:56,5.5
ddfcb274-b949-4c28-99a8-d6fae01a483e,"kbanyakan bicara di alur cerita, tolong di bikin tombol skip dia setiap scene kecuali scene utama yg memang sebagai inti dari main Quest dan di buatkan secara singkat dari cerita yg sedang berlangsung saat kita ingin mengklik tombol skip scenenya.. game sebelah pun bisa dan itu bikin kebnayakan player nyaman ketimbang dengarin setiap scene dan ahrus memilih pilihan jawaban yg ujung2nya ga ngaruh di Quest yg dijalanin jadi ga guna juga.. tolong developer di bikin permudah",3,20,2025-03-30 10:16:12,5.5
beef7cb9-7d0a-474d-bc5e-cac6fdf28b2d,seru dan bagus,5,0,2025-03-30 10:01:53,5.5
ef9644f3-1fe1-4110-89da-7986ac46b885,berat nyo💀,5,0,2025-03-30 08:27:45,5.5
cc64e0b2-a92e-4a13-9fa0-74c276ee88ff,just better,4,0,2025-03-30 07:23:27,5.5
fbcd2c38-6956-48bd-8672-774b87e334be,mantap,5,0,2025-03-30 06:23:17,5.5
1ed078a5-9780-4bf1-ae3a-b908c2883054,Kenapa rekomendasi artefaknya di hilangkan padahal sangat membantu😭,5,1,2025-03-30 06:06:59,5.5
12c69145-0e37-4788-b35f-ed7e44ba902c,"best game, i have been playing it for 2 years and until now. genshin impact has filled my free time after work. thank you hoyo.",5,0,2025-03-30 04:49:42,5.5
a324b40c-6978-4e6e-b998-bcce6fb197d2,ada bug gak bisa masuk gamenya,1,0,2025-03-30 03:51:57,5.5
e82a5cca-2d44-4484-a309-2e28430e3adb,"ehh kunyuk kalo jadi game gak usah pilih kasih lah, cuman telat download shader doang malah nambah jadi 10GB, dasar game KIKIR!!",1,0,2025-03-30 03:41:42,5.5
f7368cce-9666-4b71-af61-723f0dc0a38b,Game ini sangat bagus,4,0,2025-03-30 03:39:43,5.5
e38f948a-a03d-4439-be6b-e039f9a53f7f,game nya bagus dari segi grafis adan alur nya yng seru tapi kalo mau login harus butuh jaringan yg kuat,5,0,2025-03-30 02:08:35,5.5
071a8b1e-c1d3-45f8-8a34-5b93ce046fd8,hell nah kirain size nya 20-25gb ternyata 32gb an,3,0,2025-03-30 01:23:45,5.5
dbc8c352-25c2-4cac-b668-5ed063971bdc,ga bisa berkata-kata,5,0,2025-03-30 00:17:02,5.5
7aac1492-f607-4c01-ba2a-fb443c6cf1f7,Perfect,5,0,2025-03-29 23:59:04,5.5
de5b2cdd-6b35-4f83-9555-a419bcc5dc8c,cukup,5,0,2025-03-29 23:40:21,5.5
6e18306f-abb6-44cb-a004-19c54254ab47,"quest in natlan too much story, it can take for 15 min watching their dialogue. please add skip story button, i think not all of us enjoy the story. some ppl jst want adventure not watching a story. if we want story, we will go on netflix and watch a movie or anime.",1,0,2025-03-29 23:11:40,5.5
06834dc5-55a1-4323-80ee-2b81da1debc1,mantap,5,0,2025-03-29 22:37:56,5.5
a41c9d6d-829a-4cb7-951e-9af445927ea4,bagus bngt,5,0,2025-03-29 22:10:50,5.5
edc7d3aa-b873-407e-a5c2-64adc75cd7f0,MASIH PEMULA,5,1,2025-03-29 22:05:39,5.5
7866456f-78aa-4e9f-936d-f822b72dae3c,game bagus,5,1,2025-03-29 19:53:46,5.5
eccb298f-2619-49b6-888e-d7ced5834ffd,game terbaik sih menurut saya,5,0,2025-03-29 19:38:26,5.5
ec52d870-5346-4ab9-829a-19aa89f1b921,keren,5,0,2025-03-29 19:05:22,5.5
dab89f9f-8ccf-4242-89d9-5b13a8f9507a,thanks setelah update 5.5 akhirnya bisa pakai gamepad aku suka....👍👍👍👍👍,5,0,2025-03-29 18:59:56,5.5
0c812726-734e-4cab-ac2d-0dd707909c0c,"eh admin bisa indo kan?,menurutku oke2 aja cuma yang perlu dibenarkan adalah quest story dibagian fountain dan natalan,permasalahannya adalah belum sampai difountain tapi udah disuruh ke natlan,gitu",4,0,2025-03-29 18:47:11,5.5
a2df57af-c9e4-4f1c-a88c-010111bdcb07,kalo ga kikir bintang 5 sih,3,0,2025-03-29 18:46:13,5.5
71f4b4f1-384f-4680-86ac-d3a59e2ea5a8,Bagus banget ni game terpercaya ni game bagus hd juga,5,0,2025-03-29 18:42:50,5.5
d5eb1189-001f-46e2-95ff-65af16e422a6,"sudah bagus, rekomen banget cari husbu sama waifu, tapi terlalu banyak char cewek di banging char cowok.",5,0,2025-03-29 18:35:26,5.5
b5a391c7-a8aa-43ea-a189-78d29bdbad71,"nda waras ni game, masa baru download malah disuruh download lagi 32gb. anjir menangis nih hp ku, mana penyimpanan cuma 128gb.",2,0,2025-03-29 18:08:39,5.5
5dd894a7-3a38-4e2d-bcd2-d9603c409f92,"game nya bagus dari segi grafik,animasi/adegan saat melaksanakan Quest yg paling ku suka yg quest penyamaran sang pendosa agak kebawa gitu lah cuma satu yg belum aku bisa cara ganti voice karakter sama NPC nya",5,0,2025-03-29 18:07:08,5.5
483f436c-4b16-424f-9920-e7989f4b2ee7,"game nya developer nya kikir, tapi gw suka bgt sama genshin ini, secara map,visual bener bener memanjakan mata, cuman kekurangan nya developernya agak pelit buat Primo gems",5,0,2025-03-29 17:43:22,5.5
a91b287f-e4ab-4374-85c9-06c726ad169c,Anj banget gak ada fitur telanjang,1,0,2025-03-29 17:19:39,5.5
11da9a68-e4c5-40e5-8819-33a713f63451,Min kenapa ga bisa di download padahal ram gw 16,1,0,2025-03-29 15:36:20,5.5
7ba66b3f-cd26-4e12-9b8b-79cb3026adc1,bagus tapi makan ruang,5,0,2025-03-29 15:34:22,5.5
c58ee1be-7558-418d-b7a1-00e071f3b462,game nya seru bgt banyak Question nya+ bisa gacha gacha,5,0,2025-03-29 15:33:01,5.5
999afa9e-f9da-4edf-afbd-ffcbf820a8a5,game kikir dari awal main gak pernah ngasi bansos bagus,1,0,2025-03-29 14:58:38,5.5
21c89223-f4bd-4727-a2f3-1f43dbbbac1b,cutsene nya jelek animasi bibirnya sama suaranya gak nyambung grafiknya juga b aja gak ada yang spesial malah bagusan sebelah tuh (honkai star rail) gak niat banget bikin game. udah sizenya gede 30gb cutsene nya jelek tampilan karakternya juga b aja kayak tamplete bngt gamenya sulit lagi kayak elden ring udah gitu bansos nya dikit banget.,1,0,2025-03-29 14:53:36,5.5
703dc85e-7bda-4470-b68c-c28d52a0eb21,game nya hd,5,0,2025-03-29 14:53:24,5.5
c0253a72-2725-49ad-bc13-dd3a6c641a29,"dah mantap, dah bisa main di gamepad bagi pengguna Android, kl bisa ksh tombol skip di cerita nya, atau paling ngga ya kl nge gacha hoki in lg hehehe",5,0,2025-03-29 14:26:51,5.5
291f496e-f8bb-489e-8b0a-7be0a054bf5e,seru banget tapi game kikir,5,0,2025-03-29 13:53:12,5.5
b741999e-e94f-4f4d-b7fc-0f979e47e551,Game terbaik yang pernah ada!,5,0,2025-03-29 13:42:09,5.5
db4dffef-86cc-46cd-82e9-8fe3cdded7ee,game kikir,1,0,2025-03-29 13:19:13,5.5
0eca306c-6099-40cc-9a5b-cfd2907d9db4,apa coba fitur QoL dikasih paywall macem gamepad & 120 fps yang exclusive buat iphone doank sama explorasi di karakter limited,1,0,2025-03-29 12:50:50,5.5
b85fca33-e25e-4ae1-9d16-98a95699569a,game Kikir bjirr,5,0,2025-03-29 12:47:39,5.5
3dd3d306-dcc2-4b5f-8464-930bcced031d,"Dari story, gameplay, karakter, semuanya udah bagus tapi tolong di bikin tombol skip story nya karena semakin update quest"" sangat panjang, blm lagi terkadang jaringan hilang sendiri terpaksa harus ulang quest nya",5,4,2025-03-29 12:45:16,5.5
862dc0eb-906a-4963-892e-9017964390f8,kebanyakan nunggu.,1,0,2025-03-29 12:06:41,5.5
d1f4e1b5-6d60-4692-94d2-d3942c068ce4,"Sudah bagus, tapi design karaternya perlu ditingkatkan lagi dan alurnya juga ditingkatkan lagi",4,0,2025-03-29 11:42:40,5.5
bc6a9a32-9362-4376-b81c-2e39eb2fb994,"kok di hp ku ngecrash ya? padahal biasanya ngga ngecrash, aman² gitu.. tapi pas mo ganti server dr amerika ke asia tiba² ngecrash gajelas.",1,0,2025-03-29 10:59:01,5.5
01e26104-2324-4080-8da1-5c33fd827da4,I love gunship impact but this make my phone .... 🥔😮‍💨,5,0,2025-03-29 10:43:55,5.5
7ac3c960-3830-49ae-8dc7-b4a1d21e96c5,"bagus sih, tapi gatau ini ngebag atau emng sinyal tapi setiap kaya mau ngerjain misi setelah bicara sama npc tiba kaya ngefrez diem ajh di satu background ga gerak"" udah di tungguin ga lanjut "" misi nya jdi mohon segera di perbaiki biar bisa nyelesain quest nya🙏🏻🙏🏻🙏🏻",3,0,2025-03-29 09:45:36,5.5
7e5eb0c8-676c-40a8-bc30-fdb419aa4026,seru banget sumpahhhhhh!!!! 😁💞,5,0,2025-03-29 09:28:59,5.5
b8675bc1-8a90-4b87-b35e-8a876ebf27cb,Mantap Pokok Nya,5,0,2025-03-29 09:12:25,5.5
1c81f280-264d-4bb9-a48c-37e56b23f0a5,"kenapa habis update selalu ada Gagal mengunduh data, atau jaringan error, silakan coba kembali Code:-9909 sudah pakai wifi pakai data tetap sama, liat di youtube tidak ada caranya, mohon bantuannya Hoyovers 🙏🙏",2,1,2025-03-29 05:14:23,5.5
07285b1d-60bd-4c23-99ca-9796afd99d1c,"buat mang hoyo!!! buatin dong kontrol yang make mouse keyboard, yakali cuman gamepad doang yang dbikinin 🙏😭 pliss mang moho buatin kontrol buat mouse & keyboard, skalian banyakin event primogem 😙",5,0,2025-03-29 04:49:35,5.5
ddaac6a3-abda-4f49-8c83-9b7c74a7dd48,"The longer the enemy gets here, so it's hard to build hard to damage junk, but Wuthering wave doesn't matter.",5,2,2025-03-29 04:39:07,5.5
ddc43275-bd95-4040-a2d5-7db4bfe8e78b,"Jaringan tolong dioptimalkan,padahal untuk aplikasinya aman tapi saat untuk main Genshin Impact ngelag parah",1,3,2025-03-29 04:09:25,5.5
d7c1a224-72ca-41ad-b186-e11b44285101,sekarang lebih menarik bgt... makasih genshin,5,0,2025-03-29 03:07:23,5.5
04d364e9-9881-4c18-ab08-193d47690aed,semua aspek hampir sempurna cuma mungkin tambahkan Animasi Elemental Burst khusus karakter bintang 5 seperti di Honkai Star rail biar pengalaman main lebih menyenangkan.,4,0,2025-03-29 03:00:58,5.5
edd51b95-3b00-432e-a3d5-28fb520cde38,game nya sangat seru semoga gacha nya gak ampas,5,0,2025-03-29 02:26:07,5.5
96cbcfc1-92c4-4dc5-82cb-21c93a07dfd1,"Game terbaik yg pernah saya mainkan, tetapi tolong untuk menambah persentase mendapat artefact bagus",5,0,2025-03-29 02:20:34,5.5
426344fa-6eee-4868-84c1-76d1540c69a0,AAAAA KNP FARMING ARTIFACT BUSUK MULU 😭🥰🥰,5,35,2025-03-29 01:46:08,5.5
7a9a765f-b6eb-4b85-b3a8-6bc9a7623fde,"seruuu bangettt, sumpahhhhh, like it verymuchhhhhhhh",5,0,2025-03-29 01:40:58,5.5
024365ff-4b08-455c-afa8-f3e262ce1baa,gamenya bagus dengan grafik yang memanjakan mata,5,0,2025-03-29 01:11:50,5.5
178456d4-0342-4416-82f4-b91a18cc6d97,Qualcomm® Snapdragons 8 Gen 3 Elite Saya bermain genshin ini di red magic 👄💅jadi aman kan Mimin @Hoyoverse_id ???,5,0,2025-03-28 23:08:10,5.5
7d6db2e8-961f-4646-a889-28408d886cfb,"apa apaan setiap rate off kalah Mulu trs di pity 79 trs,g pernah di ksi menang lgi cape cape farm malah di ksi standard",1,0,2025-03-28 22:39:25,5.5
09c5dcfa-8695-410b-931f-5dc37f3f20bb,salah satu game kirik pelit banget di kasih hard pity Mulu itupun di kasih kalakter standar. dulu tapi karena game ini bagus aku kasih b5 kikir sih cuman gak papa aku terima,5,0,2025-03-28 22:31:49,5.5
57064b6e-cdfc-4305-888b-ab4407aecc9d,data apl di kecilkan agar yang lain juga bisa merasakannya,3,0,2025-03-28 22:22:18,5.5
478c822b-05aa-4de8-a222-a7f245646158,game nya burik :b,1,0,2025-03-28 22:02:45,5.5
debd9487-5242-4f85-811c-44129ace516a,"baru update besar kemarin eh besoknya update lagi maksud, udah tau updatenya lama banget dikit² update kompensasi yang di dapat juga cmn 300 primo pelit banget emang game kikir",1,0,2025-03-28 21:59:42,5.5
a47909de-a90e-412a-a8e9-8959f2cb6017,"Game banyak Yapping, ga bisa skip story, minimal kalo bisa skip di kasih ringkasan story.",3,0,2025-03-28 21:57:26,5.5
c3a0ed41-a06b-432b-b032-ccb1c47eebc9,intinya saya sangat menikmati game yang seru ini.,5,0,2025-03-28 21:47:02,5.5
e2950260-a880-4407-a61a-11c690fb5dcf,"Cukup bagus tapi agak P2w, sehingga banyak konten di game yang kurang dapat dijangkau",3,0,2025-03-28 21:38:37,5.5
9d753707-b4b7-47c8-b413-8ccee4d56a26,"game nya ngak ngelag sama grafik nya aku suka banget ,wajib sih mainkan",5,0,2025-03-28 21:18:17,5.5
4096acbc-3b7f-4104-aba2-068ba9dbb839,"Semenjak patch 5.3 lebih tepatnya banner karakter Mavuika muncul, semuanya mulai dari event pertarungan sampai Spiral Abyss pasti buff nya untuk karakter yang khusus mengandalkan Nightsoul Blessing. Gini ya, Genshin udah mulai dari beberapa tahun lalu sedangkan Natlan muncul Agustus 2024, kamu taruh Nightsoul Blessing di Spiral Abyss itu ga adil karena ga semua orang mau dapetin & punya karakter Natlan, aku saranin marketingmu ganti aja, udah gitu bug ga pernah dibenerin dari tahun ke tahun.",2,313,2025-03-28 20:37:46,5.5
0b79211a-98dd-4493-ae03-f3316829cdfb,"saya kurang tahu apakah ini juga terjadi pada player lain, tapi keluhannya adalah saya sudah mendownload data ketika update patch terbaru, akan tetapi ketika saya ingin memainkannya lagi kenapa ada update lagi?...dan itu tidak sekali dua kali....hal tersebut takutnya membuat player tidak nyaman karena waktu yang diinginkan untuk bermain jadi terbuang karena download data yang kurang pasti apa itu dan juga menghabiskan banyak penyimpanan, mohon developer untuk memperbaiki hal tersebut.",2,7,2025-03-28 20:33:32,5.5
d021102b-5612-4715-9249-e4f12d362247,bagus cma lagi bosen karna hard pity kalah mulu 🗿,5,0,2025-03-28 20:32:42,5.5
2977d0e5-7263-47cb-9eb0-2b2fbb5f64b5,woi min hoyo kikir kasi lah fitur sekip bangst,5,0,2025-03-28 20:17:18,5.5
a2683111-1566-41f6-bead-d18fcf625227,"salah satu game gacha terbaik. sekedar saran untuk developer, untuk event tolong reward primogem nya lebih dibanyakin lagi. soalnya kalo eksplorasi dan achievement udah full 100%, spiral abyss dan imaginarium theater complete, sebagai player F2P jadinya cuma bisa planga plongo ngerjain daily quest doang tiap hari. mending kalo gacha nya wangi menang rate off terus, lah ini wish gacha karakter bintang 5 limited eh yang keluar malah Qiqi 😭😂 sukses terus genshin 😁",5,0,2025-03-28 20:03:08,5.5
b63713ed-bf7f-4dd6-9f3d-9dc60a26cd46,"world building, story, karakter, smua udah BEST bgt cuma tlong lah genshin buat rewardnya lebih di gedein/banyakin, syg bgt game old ini msih stuck disitu2 aja👊😭",5,0,2025-03-28 19:24:10,5.5
b9172f4f-a69e-49cf-b673-992f5bfd2c81,keren,5,0,2025-03-28 18:44:40,5.5
1e3a3186-49be-4319-a735-06a59e100443,"bagus banget, grafiknya bagus gameplaynya seru juga, mantap lah👍👍",1,0,2025-03-28 18:44:38,5.5
149bfd33-fa3d-4754-a1f9-f637878aff72,lumayan lah tapi kalo bisa tolong dialog nya di skip,4,0,2025-03-28 18:32:15,5.5
c57bf6d2-e929-4262-bc9b-f3186939aa6c,Seru,5,0,2025-03-28 18:06:32,5.5
d877689b-229f-40b5-a7e1-c8088360df6f,game ya sudah bagus tapi tolong tambahkan fitur skip udah ma kikir tambahin la fitur skip setidaknya,4,0,2025-03-28 18:02:49,5.5
369bffb8-b885-497d-90cd-98a5cf38cd97,ini game rpg terseru aku seharian main sampek tiba tiba udah azan,5,0,2025-03-28 17:42:56,5.5
955c0375-9afa-4f6b-8d7c-ec3815ad8374,"sinyal padahal lancar, tapi suka ngelag. jadinya pas main ke reset terus",3,0,2025-03-28 15:43:03,5.5
214788fb-b3de-4926-9b08-9326abbccf1f,sangat seru,5,0,2025-03-28 15:27:10,5.5
1414dee0-e5f0-4ab7-a83b-1a69a6d53f4b,This is masterpiece... tapi susunya kebanyakan min,5,0,2025-03-28 15:21:36,5.5
9be0ec98-095c-4e4e-bb92-372115f4c33f,"Love you banget genshin, tapi plis lah. modelnya ganti dikit kek, masa ga bisa nambahin people of color? kalo emang mau pake culture orang itu minimal emang ada karakter yang jadi representasi. emang buatan cina, tapi contohnya game kayak reverse: 1999 punya karakter beragam. Masukan player bukan untuk di biarin ngumpulin debu aja, implementasikan dong",3,0,2025-03-28 15:12:32,5.5
890746cb-25cf-48ec-b347-f8ff99f6abab,game nya bagus genshin impact lura biasa,5,0,2025-03-28 15:05:19,5.5
25ee8c5f-057b-4324-9b43-8548623df212,veryy good,5,0,2025-03-28 14:52:14,5.5
8ecc91e8-ae90-4264-a536-1827dda231ca,"seru banget, nyaman dimainkan, bagus banget deh pokoknya 😁😄",5,0,2025-03-28 14:35:48,5.5
15f29824-c77b-481a-bed1-fda7b188222e,lebih baik anda memberikan puzzle sulit daripada tantangan sulit,1,0,2025-03-28 14:04:01,5.5
7b2140fd-16fe-43fd-a716-689d8c298ed3,bagus,5,0,2025-03-28 13:59:20,5.5
e4a1ebb8-4018-4ce2-9ef8-58db739ba330,gacha kek tai,4,0,2025-03-28 13:36:53,5.5
84462b59-2166-4eed-85b6-807ab0c9fd1a,sangat bagus buat game mropg,5,0,2025-03-28 13:27:40,5.5
9b552d17-b895-4234-9e92-3b72f33c85a3,"kasih tombol skip lah, game kebanyakan dialog quest ga sampe 5 menit dialog panjang kaya tol..",1,0,2025-03-28 13:05:05,5.5
9559e241-5663-4538-98cb-904c0b71f268,saya suka gamenya karena grafiknya sangat memanjakan mata,5,0,2025-03-28 12:43:14,5.5
7c29172c-524b-404d-ad24-c4c56b2367b2,BAGUS,5,0,2025-03-28 12:43:02,5.5
bbfcd38e-85e0-40a0-b164-1af0a2bf6b32,beh gak salah download game walau pun gb nya banyak tapi game nya bagus👍,5,0,2025-03-28 12:38:13,5.5
6ad8d1b9-9675-4743-9903-70c81ec98194,"Makin ke sini makin gak jelas ini game mau ke mana. Apalagi Natlan, jomplang banget apa gue nya yang kegedean ekspektasi sama region yang satu ini. Dari segi desain karakternya terlalu terbuka dan a little bit WEIRD. perbandingan antara karakter cewek dan cowok nya astaga wkwkw. Masih heran, kenapa Iansan yang sepak terjalnya banyak justru jadi b4 gak tau lagi lol. Sama official fanart, tolong CANTUMKAN lumine juga (meskipun gue pake aether) tapi kasian MC cewek di anak tirikan.",2,0,2025-03-28 12:20:49,5.5
07b5d20a-1e29-4b31-83d3-ba99b97b914c,mantap,5,0,2025-03-28 11:29:04,5.5
e659261d-0e32-4edb-b182-a54710eee181,grafik coba rata kanan behhhhhhhh gacor kangggggg,5,0,2025-03-28 11:25:40,5.5
1525aa7e-aa8e-43c3-91c3-b3455ad40eef,mantap gamenya. kayak main di PS.,5,1,2025-03-28 11:17:37,5.5
6932cdfb-7014-4e68-b750-910fd605334d,game nya seru sih. tapi sekarang kenapa gak bisa dimainkan ya? ada bug katanya. tolong dong solusinya apa,2,0,2025-03-28 11:15:06,5.5
c1ef6590-b146-45dd-a0f8-0a062eea8b56,bagus,4,0,2025-03-28 11:00:42,5.5
7921b2b1-cda4-4e1c-8c43-033155e01c3b,"The best deh yang buat gamenya, walaupun unduhan datanya agak banyak, yah sedikit saran kalau bisa tambahkan char cwo yg berbadan tinggi dan tegap, sy muak liat femboy terus",1,0,2025-03-28 10:52:05,5.5
33c5b15d-c500-40b9-9531-616f9e2cca63,"the game is already very good, but it would be better to add a Skip conversation button. so that those of us who create a new account for the second or umpteenth time can skip character conversations, please",5,0,2025-03-28 10:46:01,5.5
41341ef0-ae36-48e1-b5fd-07e6c48bfc40,"baru update kali ini setiap mau login game selalu "" mengompilasi shader"" terus. makan banyak waktu jd males main. nunggunyablama banget",2,0,2025-03-28 10:09:14,5.5
b0052b3c-a526-4f36-a859-cea7c2bddd71,bagus,5,0,2025-03-28 08:54:02,5.5
7a57d225-ce9d-4627-8623-0bd128575395,"ngapain jir, 1 jam cuman liat dialog doang, mending game sebelah bisa skip dialog😹",1,7,2025-03-28 08:44:51,5.5
29f97a57-aed9-4a61-b9a7-9f42c65e61a8,game is full of gooner people many people make bad things about this game make me piss me off pls don't make the character can ruin the fandom of this game,2,0,2025-03-28 08:42:34,5.5
5d7bb759-9159-4f2b-bfb4-c2ca5ed639e3,"Hey,we need 5Star male character",1,0,2025-03-28 08:28:01,5.5
d4a948c3-6249-4aad-bb73-93ea1d0b4bd9,okelah,5,0,2025-03-28 07:44:56,5.5
4c3fff27-f27c-43d7-9200-6668d9766397,anjay,5,0,2025-03-28 07:34:56,5.5
0dc5e6ba-6498-4992-a868-ed0307bf7362,"Jujur gue suka same game nya. Tapi saya kecewa😭 sama sistem gacha nya, kenapa akun aku sial trus dapat karakter b5 yang jelek trus😭😭",5,0,2025-03-28 07:23:24,5.5
e7b9cebc-6fd5-4fc6-b4c7-22b45b135133,kelamaan dowload data 2-4 jam tolong di percepat dowload data aku bakalan nunggu jawab 🗿,3,1,2025-03-28 07:07:27,5.5
603359e5-ad2f-46d9-acf3-40d2f14e05bd,kasih aku primogem hoyo!!!!!!!,5,0,2025-03-28 06:46:14,5.5
2b3af39a-38e2-4bbe-ae37-350c20fd874b,sangat bagus dan menegangkan,5,0,2025-03-28 05:13:01,5.5
f2bc65b7-fd77-4dd0-9040-f357f633add0,mantap man kau memang terbaik man,5,0,2025-03-28 04:38:37,5.5
192eabce-fd65-43c7-b9ce-e7c869df5d5a,bagus gk ada jelek nyaa sama sekali udah game petualang top nomor 1 tapi boleh lah tambang sedikit bansos hehehe,5,0,2025-03-28 03:50:01,5.5
4000bf8f-9cd9-4807-bc35-d83f27ce20bb,kok gak bisa di HP ramen,3,0,2025-03-28 01:04:12,5.5
93f2a673-7242-4bd9-bfa9-c66724221bac,mntap,5,0,2025-03-28 01:00:03,5.5
664832f3-3869-4ee5-b810-71acd44bc669,Jir nih game seru amat dah! walaupun gede ukran nya🗿,5,0,2025-03-28 00:50:22,5.5
992257cb-a50f-4d23-9492-55e99ddb65a5,Game Bagus,5,1,2025-03-28 00:49:59,5.5
b1028825-556e-4dc5-9ea6-28eaca62807b,bnyak bnget pnyimpanan,1,0,2025-03-28 00:41:48,5.5
62c8d18c-e20c-46f8-9df8-b465898615aa,keren,5,0,2025-03-28 00:18:56,5.5
a71c348c-3944-45e4-9373-0d0f2a89b610,"seru banget, ga nyesel download lama, lu harus cobain, btw Paimon you are so cute!",5,0,2025-03-28 00:14:02,5.5
745af997-0df5-49bf-bce5-437e0e933ade,petualangan yang sangat seru,5,0,2025-03-28 00:11:34,5.5
8bde808e-a427-4ad8-86c0-ffc8dd5725a4,ini harus ada fitur skip yapping sih😀,3,0,2025-03-28 00:04:23,5.5
bb5df49e-ba7c-4bd7-8c16-fc47ffe67d0a,"The problem is only in storage and centuries-long shader compilation :""",3,0,2025-03-27 23:28:38,5.5
5e0edacf-9290-456c-8945-f539555b464f,makasih mihoyo berkat ini game aku ada jadi semangat,5,0,2025-03-27 23:15:04,5.5
a9edd747-5445-4ffa-80fd-1c6cf788e182,ok,5,0,2025-03-27 22:19:31,5.5
fa895f7a-3988-45c3-aa94-186560b67af6,Dottore and Azhdaha playable when??,5,0,2025-03-27 21:52:10,5.5
a7c87aed-f124-41b0-9f55-b62ea06a62be,MAP BARU BANYAK BUG KOOOOONNNN!!!,1,0,2025-03-27 21:20:23,5.5
126e182d-eaaf-4287-bb3b-c7042b68b506,gamenya bagus👍,1,0,2025-03-27 21:14:59,5.5
079af44d-8591-4238-aa0b-667f50b47692,mantap.. download datanya si kurengnya.. banyak bat.. overall game bagus.. lop it,5,0,2025-03-27 20:55:44,5.5
c84f64e4-fbbe-4fdc-bad3-ee1047f39cce,kikir,1,0,2025-03-27 20:30:55,5.5
2b0ddf8d-3767-4fd1-9fd7-a9475ee90eae,Akhirnya Genshin Impact android support gamepad,5,0,2025-03-27 20:13:02,5.5
57d37424-4482-42c5-a2d6-7a957918dc8d,"male character lebih dikit daripada femalenya, selain kinich udah gk da lagi muncul male 5*",1,0,2025-03-27 20:12:19,5.5
6f6478a9-cded-4fbc-8f20-7195fa7479a5,seru aja,5,0,2025-03-27 19:46:25,5.5
f9ffcc53-6180-481c-ab7a-14d148a6dec3,akhirnya sdh support gamepad di android,5,0,2025-03-27 19:41:04,5.5
3687f190-0dec-415f-aaa7-fecc913d4603,cakep grafik ny dan dll,5,0,2025-03-27 18:18:21,5.5
99c67bf9-75a2-46ca-a57f-d58be10570dc,update update ga ada fitur skip story,1,0,2025-03-27 17:31:35,5.5
170e04ad-b5f3-476a-a392-31e002361009,apdate nya bagus dari animasi lancar dan jaringan nya ok tapi masih ada beberapa bug mohon di atasi tapi benner 5.5 dah mantap,5,0,2025-03-27 17:30:24,5.5
d1dd06ad-a00e-43cb-93f0-d07d133cb0b0,"tidak bisa ini terlalu bagus, udah.",5,0,2025-03-27 17:17:27,5.5
62a032b5-d04f-4dc8-9b34-73fd40784f14,"segini dulu, aja game bagus banget ,tapi pelit , buat hapus akun susahnya kek orang mati banyak bugnya, KLO udah ada solusi baru kasih b5",3,0,2025-03-27 17:01:53,5.5
1a380363-e044-4a39-b359-08ef0d53c030,"apala ngmngnya update 1,5 gb malah jadi 3gb gini gmn si,udh mah nungguin sedang mengimplikasi shadernya lama bgt lagi,cape nungguuu",1,0,2025-03-27 16:56:24,5.5
4f7150c9-cc96-4a7d-8828-193944d45f76,"bintang 4 dulu karena masih game berat, kalau sudah game ringan saya kasih 1 bintang lagi",4,0,2025-03-27 16:39:15,5.5
91bc38fb-bff4-44c8-aa5d-6d13a61467db,Saran sih permudah sedikit untuk cari artefak yang bagus,1,0,2025-03-27 15:57:17,5.5
287bbc57-c821-4f36-8720-7ad0d4471a6b,"Genshin menawarkan banyak cerita menarik dari berbagai region dan character. Sayang belakangan ini genshin kurang bisa memuaskan player dalam design character , mekanisme tidak ada perkembangan sama sekali , dan juga tidak mendengarkan masukan player. Semoga kedepannya semua bisa diubah menjadi lebih baik dan menyenangkan.",1,14,2025-03-27 15:19:25,5.5
15b1f9fc-d2e3-41ba-85a2-3d51a19c1e23,kerennn game nyaaa asikk player nya baikkkk,5,0,2025-03-27 14:53:40,5.5
a99a5988-7fb6-4e2d-ae93-d08c1941192a,Game yang bagus dengan story yang panjang dan banyak nya map untuk bisa dijelajahi,5,0,2025-03-27 14:46:57,5.5
92aea5c8-7ee9-4380-9015-5f069ccb2ff4,game mantap👍🏻,5,0,2025-03-27 14:27:45,5.5
7eea61a6-c6a7-40e2-91b1-668d160efc53,sangatbagus,5,0,2025-03-27 14:26:16,5.5
3bd9a446-6948-4d36-a689-10b8f5611922,bagus banget meskipun agak ngeleh dikit tapi bagus👍👍👍👍👍,5,0,2025-03-27 14:20:26,5.5
3ed84730-2516-4802-808a-87d9a3c1eb0b,"woy hoyo, kalo mau tambah karakter baru itu yang cowo, bukan cewe mulu, udah bosan gw cewe cewe mulu, sekalinya di bikin karakter cowo malah di jadiin karakter b4. org lebih menantikan karakter cowo daripada cewe tau lu gak....",2,7,2025-03-27 13:58:01,5.5
ca80906c-79a9-47bd-b64e-5c7987eb73d5,seruu,5,0,2025-03-27 13:45:16,5.5
238cfbd1-ec63-4595-9293-2b697be93037,game hama,1,0,2025-03-27 13:31:27,5.5
1ab442a3-83e8-43cb-a712-ed2e383f8435,game bagsu banget grafik nya hd ini nih game yang aku cari cari dari dulu 👍,5,0,2025-03-27 13:20:14,5.5
b62ae883-e9a4-4046-b4d0-13a4fa9e6d95,harus di unduh dulu tolong jangan di unduh dulu agar tidak lama lol,2,0,2025-03-27 13:15:43,5.5
55fcfa89-455a-4f9e-9a1f-05130081c468,Game nya bagus banget story nya keren,5,0,2025-03-27 13:01:24,5.5
bef2f817-7bb1-4fc4-9214-20653739fbcf,lumayan critanya seru,4,0,2025-03-27 12:30:18,5.5
4f7586ab-5c3e-40e3-888b-0388cc49b4af,mantap dah support controller 🗿👍,3,0,2025-03-27 12:18:50,5.5
8edddc7a-f31c-488f-aeb5-7d761e0a44a3,gamenya bagus,5,0,2025-03-27 11:46:14,5.5
e0faebb3-4632-4499-90a8-6dfaab197362,nice!!,5,0,2025-03-27 11:39:26,5.5
d06ff442-285a-4600-b2c5-fd0282d136a3,"seru banget, hd pemandangan nya",5,0,2025-03-27 11:37:47,5.5
44ad7d04-cc3f-46d4-baac-11b47b3e4bb4,apaan dah download data nya sejam lebih mau main aja harus nunggu sejam lebih pengen di tinggalin tapi nanti ngulang nasib nasib,3,0,2025-03-27 11:37:35,5.5
e34ee643-87c1-4d1e-8c38-d2ac5e414f52,ok,5,0,2025-03-27 10:59:56,5.5
f8cdc388-dc8e-4849-a196-0d060ac26eef,bagus bagus aja,5,0,2025-03-27 10:47:02,5.5
8f48c89b-c4cd-4b9a-946f-2052d44ac512,"Ini game dengan alur yg bagus walau banyak yg ngeluh karena, design char, natlan, quest dan sistem wish. Menurutku ini game adil untuk orang² Ngajarin kita untuk sabar juga. Love Dawei💍",5,0,2025-03-27 10:37:24,5.5
4600693a-1a20-4854-bb2e-0bd03ee2b664,aku ndak tau dalam gem nya nanti ku kasi bintang ulang,4,0,2025-03-27 10:29:26,5.5
8aea54ed-c37b-430b-9873-260f21da8d36,sugoii kerenn bagus,5,0,2025-03-27 10:28:31,5.5
7534f02b-3ab0-45eb-9636-771175f93010,cari artifact yang bagus susah banget.,1,0,2025-03-27 09:48:41,5.5
e4975722-35d2-404a-8357-b5b5040a13b4,"ukurannya besar tapi grafik kek kartun, game apaan cobak udh gitu lawannya monster, karakternya buriq, buang² memori penyimpanan gw aja.👎👎👎👎👎👎👎👎",1,1,2025-03-27 09:33:32,5.5
3d3d26df-d885-4b65-afc2-5fbd592a5d1a,"aku suka genshin TAPI tolong minimal dengerin fans mihoyo. adain fitur skip story, males bgt bikin boring kebanyakan cerita ga penting yang ga masuk ke lore utama. cerita nya juga di bikin jadi lebih menarik dong jangan kebanyakan ngobrol gajelas, buang buang waktu. bikin karakter cowo kek, di banyakin yang b5 yakali gue cewe mau ngelesbi? trus juga jangan kebanyakan fanservice. desain karakter makin kesini makin jelek, karakter b5 splash art nya b aj. pantes aja pada sering komplain.",1,8,2025-03-27 09:15:56,5.5
8a9b7edd-23cb-45b7-8c5b-83cf03a21c19,"hanya karna device saya sudah beroperasi 7 tahun, device saya tidak diberi akses update untuk versi 5.5",1,0,2025-03-27 09:03:00,5.5
46e48d4d-b7ce-4a60-ad3b-0cd61e2e531a,keren,5,0,2025-03-27 08:47:05,5.5
e32c5424-e858-4240-afe2-5bf22128bd89,"Game lawak kebanyakan yapping doang isinya lawak su, lu bisa kagak yapping kasih jeda su ganti perang aja lawak ni game yapping su buang waktu 40 menit liat karakter npc yapping su su, udah kikir penghasilan kemana kagak comeback ke game aja lawak",1,0,2025-03-27 08:30:26,5.5
63dc55bc-4dfb-40cc-bca5-08da9e2d31b1,kalah rate off njir,2,0,2025-03-27 08:29:26,5.5
1487addd-341a-4fea-9300-80f2c2d73659,I need a crite rate. But this is already good,5,0,2025-03-27 08:08:27,5.5
79e76bd2-01f2-4981-9156-188181ffd8b9,"sizenya ga ngotak, pikirla bwat hp kentang, cloud lama",4,0,2025-03-27 07:13:10,5.5
a8851026-5d4f-4915-9135-6a600c12007d,bosan,1,0,2025-03-27 07:01:58,5.5
e274a80b-1911-49c5-acb1-c3bcd4d07b6a,"hoyo tolong ukuran gamenya agak di rampingkan,",5,0,2025-03-27 06:44:37,5.5
4c8d1403-9efa-49de-a8bc-e71af787d18f,bagus sih tapi buat HP kentang gak wor it,5,0,2025-03-27 06:29:48,5.5
71bbf078-a664-4ffb-bf9a-4c2c4eaad1e4,gamenya bagus buat device bagus aja tapi 🗿🗿🗿,5,0,2025-03-27 06:27:34,5.5
39d1fd6a-063f-424c-93f2-4ce9e9bdc34a,saya sebagai wibu sangat suka,5,0,2025-03-27 06:13:47,5.5
e743d4e8-7cc4-4555-854c-70c4136ef614,"Terlepas dari reward, GI udh melepaskan rasa bosan saat ppkm :') Edit: Udh 1 tahun mainin genshin, selalu support ngasih review sejujur2nya, endingnya skrg kenak hack. Udh dilapor tp sampe skrg blm ada kabar. Pdhal susah payah farming segala macam. Di kls org main game lain, cmn aku yg main genshin. Karakterpun udh hampir semua lvl 90, talent udh 6 keatas, artefak udh wangi wangi. Waifu udh banyak. Gk terima dan kecewa tp gk bisa apa apa, bye paimon :( aku terpaksa uninstal, see you next time..",5,2,2025-03-27 05:38:11,5.5
0292dba0-5d97-49d4-8220-23d757260781,BARU MAIN LANGSUNG DIKASIH KARAKTER QIQI LANGSUNG AKU UNINSTAL LAGI,1,0,2025-03-27 05:29:54,5.5
789f6c2b-22f1-4fdc-9ae9-e0cc611001df,kikir,3,0,2025-03-27 05:13:40,5.5
0711e6e8-1c74-48c7-9853-6527b8974e6b,👍👍,5,0,2025-03-27 04:35:12,5.5
7a2c1ed0-ffb3-49bf-ab69-e982e4600bf8,masih relevan kah rating untuk genshin 😞,5,1,2025-03-27 04:29:45,5.5
714b4775-2b93-43ba-8e42-0da96f7661fd,"just talk to much, bad game",1,0,2025-03-27 03:31:31,5.5
29974c80-e10f-4ce7-af4d-62b3bac8ade3,Tambah in fitur skip story nya biar enak gak lama nunggu story yang ke lama an pencet pencet sampai bosen gw main in ni geme awal-awal aja enak pas udah lama main in bosen bet alur cerita nya yang ke banyakan bacot doang 😭,1,4,2025-03-27 03:29:00,5.5
fcccb248-b514-4145-80d1-60494ef71fe5,Game nya sangat bagus saya suka,5,0,2025-03-27 02:24:59,5.5
5310cfd3-1fd4-46de-ab3d-66abd1ee4a90,Devnya masih nggak dengerin keluhan player,1,0,2025-03-27 02:01:01,5.5
43218e14-386e-45a1-aca5-305b6556aaef,pliss kurangi ngobrolnya,5,1,2025-03-27 00:55:48,5.5
3df1a4cb-af60-4100-882f-d291332dd423,bagus,5,0,2025-03-27 00:46:34,5.5
37de72ef-1509-4edf-b76b-132e031ffe93,"kenapa bintang 3? ok kujelaskan, memang sih GI (Genshin Impact) itu bagus tapi 3 masalah besar! 1. update jadi setiap update itukan nguras memori lagi,nah sekarang itu updatenya udah banyak berarti semakin berat jadi tolong kurangin 2. ukuran diplays tore hanya menampilkan 311 MB tapi kalau mau main full butuh 34GB?! memori hpku auto habis!!! jadi tolong juga kurangin",3,0,2025-03-27 00:42:49,5.5
f7824338-9649-49be-87cd-885e930b2d79,mantap,5,0,2025-03-27 00:14:51,5.5
ed922974-a1f8-4842-a5e8-4655e9a262c5,"why do you always release female characters to be B5, where the boy or man??",2,0,2025-03-27 00:01:27,5.5
eb94fc17-5c65-4f39-9518-419e9f71015e,baru download di hp baru karna di hp lama udh leg bgt,5,0,2025-03-26 23:47:33,5.5
c54a67f4-b13d-4310-a0f0-0cfae81041de,suka eksplor,5,0,2025-03-26 23:20:32,5.5
815482a8-87c6-4cdb-887e-8c23bb15b5b4,tingkat kan lagi untuk sinyal,5,1,2025-03-26 21:14:07,5.5
2835db74-ef68-4dc1-8000-1ac91e229e64,mang hoyo agak pelit primo skrg,3,0,2025-03-26 21:06:16,5.5
c16d8320-0f3d-4a8e-8672-ee3e30b193b6,"game ini sangat bagus dan sangat mengasah otak, strategi dan kesabaran,, namun dialog yg terlalu panjang dan bertele tele dapat primonya cuma seuprit, mungkin ini cara supaya pemain belanja",4,1,2025-03-26 21:04:38,5.5
fe9601f4-657b-461a-86e4-a6b038452d6d,Nice update... can play with joystick now,5,1,2025-03-26 20:57:09,5.5
ad7cc2a7-5c52-41ae-af38-95574eb4b99b,kereen bangett,5,0,2025-03-26 20:55:11,5.5
a48ee66f-a45f-4550-bbea-50dfb7badccf,Very Job Good Job 😎😎😎😎🔥🔥🔥🔥🔥,5,1,2025-03-26 20:54:50,5.5
8b9a0716-7c95-4cd0-9f83-953710551a31,"bagus bgt cyuk, bisa ketemu banyak husbu/waifu. dari game ini aku bisa dapetin temen dari luar sana, jadiny pemgalaman aku untuk berinteraksi sama mereka lebih banyak, and game nya ""ramah🤨""kok🤭 apalgi klo misalny ngegacha karakter buehh low pity terus ni boszz(ngga selalu si cuma seringnya low pity)and then game nya bagus buat kalian yang suka berpetualang, ada storynya quest dll. pokokny best lah ni game, cuma ya tambahan aku jangan kikir"" amat ya , klo mau kirim 1600 primo perbulan ok sekian",5,0,2025-03-26 20:43:03,5.5
c9c809e9-58ee-45eb-99a0-500c4d73943e,game terbaik buatku..,5,0,2025-03-26 20:13:35,5.5
3f0ef5ab-e4a9-4129-bc57-e1e548763385,game nya keren,4,0,2025-03-26 20:09:38,5.5
88f7dc3b-5d0c-40f0-93d3-a3b01e9e0363,"Dev bapuk, event nya gitu"" aja, selalu kikir+TIDAK ADA FITUR SKIP DIALOG",1,0,2025-03-26 20:04:56,5.5
a4bc0acc-74e9-4714-aa43-ad769156c936,I Love This Game 🩵,5,0,2025-03-26 20:02:39,5.5
571d0188-6671-49c4-8b84-830ad4fb3438,sangat menarik bagi player genshin impact,5,0,2025-03-26 19:50:08,5.5
8603d2dc-2691-42be-ba0c-f81974289d11,"terbaik, asik mainnya, event nya byk, primogem byk, seru puzzlenya, explore map seru bgt",5,0,2025-03-26 19:38:28,5.5
f0a14f83-9355-4aaf-adf7-577a28655bd4,saya beri bintang 5 jika sudah support controller,3,0,2025-03-26 19:16:11,5.5
7092b180-b0a3-44a0-bf8d-2a8c4a059070,Permainan ini sangatlah menyenangkan!,5,0,2025-03-26 19:00:55,5.5
620b9e78-3462-4010-999e-1bb2f92c7070,"untuk update kali ini kenapa gw bisa 2 kali updatenya admin genshin impact?, pertama udh sizenya 1,5 gigaan sekarang update lagi 1,5 anjrit",2,0,2025-03-26 18:54:14,5.5
f68dca68-be0f-4cf6-bb37-054532c564ea,"untuk artifact susah banget dapetinnya,dapet malah artifact yg lain dah level tinggi sama aja rewardny jelek",1,25,2025-03-26 18:47:31,5.5
3c066f4e-268e-489f-9cd9-320969430a24,kebanyakan update,1,0,2025-03-26 18:19:57,5.5
5b67c716-6523-4936-8910-84272f0c95e3,pelit banget di gacha promo ku habis 2000 gk dapet² tapi seru,4,0,2025-03-26 18:15:53,5.5
dc9c8b64-2db0-4a73-b30f-bde9b59ccbc3,Keren,5,0,2025-03-26 17:58:21,5.5
8b0047dd-dcaa-439e-9396-a169f665f9fd,"saya sangat suka ❤ dengan permainan ini, open world nya yang luas dan karakter nya yang bagus membuat saya memiliki pengalaman bermain yang keren 😎 saya setiap bermain game ini selalu lebih dari 2 jam karena permainan nya yang seru dan menarik membuat saya bermain dengan lama. saya sudah memainkan game ini selama 1 setengah tahun btw",5,1,2025-03-26 17:42:41,5.5
12d9f512-6d12-46b7-859d-31d7c5455e32,SAYA SANGAT SUKA BISA KETEMU CHILDE :D,5,0,2025-03-26 17:37:27,5.5
8b437ad4-ea28-4b07-846e-4c47ac9a8914,"- FORMAT RESIGN GIM KIKIR TAPI SIKMA • sayee jaki sekibidi +90 aura mewing,rizz,punya 1000 mantan,pernah naikin kuda kaki 7,punya BMW menyatakan;akan resign dari gim sedikit butut karna pelit tapi asikkk.... asik bikin stres sepanjeng harii jee,gim yg gabakal pernah dimainin kalo gada bess hadi dan bess yoga,gim butut kedua setelah HOK dan gim yg bikin wajeh saye jadi pamarah👿",1,0,2025-03-26 17:36:31,5.5
e04cf33a-c2b3-436f-8510-fa4da3ec1510,Keren,5,0,2025-03-26 17:30:04,5.5
12399ba9-4b5c-41b2-821b-efd7cd9b97bf,"akun kena hack 3-4 kali ngisi form kasus gak diterima, dah ngirim email juga ke pihak hoyoverse tapi dapet balesan otomatis.",1,0,2025-03-26 16:50:50,5.5
b1f46240-223b-4387-b937-7e84a8f929de,Game kikir,1,0,2025-03-26 16:38:11,5.5
a83ffdfd-156d-4afc-bc4d-51bb1b3d6eff,seruuuu,5,0,2025-03-26 16:36:28,5.5
f17c167e-4357-49f0-b323-7fc572f26d69,sangat bagus,5,0,2025-03-26 16:16:51,5.5
8f504579-b527-4ad2-8b4c-d85992d79c6a,"Kebanyakan dialog yg gk on point sama story quest, minimal dengerin keluh kesah para player lah gimana para player mau betah kalo gamedev sendiri kayak gk peduli ama player nya sendiri, update nya monoton kebanyakan nya jiplak/rerun event trus",1,3,2025-03-26 16:12:28,5.5
c0ae1bf3-dcaa-4c98-a353-dc2aa749c381,bagus,5,0,2025-03-26 16:01:07,5.5
b34d1e42-ec4e-405e-9168-24fbab4306ad,hore versi 5.5 genshin impact sudah support gamepad oh my god 👍🏻👍🏻👍🏻😉😉😉🥳🥳🥳,5,0,2025-03-26 15:31:04,5.5
a11ff267-a8f5-404f-8100-7cd766e9886c,"saran kalau ga mau bikin fitur skip story, quest nya jangan di bikin panjang × lebar bikin ngantuk oy",5,0,2025-03-26 15:17:47,5.5
f1223a03-310e-4040-add7-d4f2683b2021,Memori game nya terlalu besar,2,1,2025-03-26 14:55:36,5.5
ffdc2f1d-d2a1-41ac-863a-4b557cb0f7c1,"Kenapa sih setelah di download udh lumayan lama dimainin, pas mau main lg malah ga bisa main? Loading masuk nya lama bgt lg, tolong donk diperbaikin:(",1,0,2025-03-26 14:49:43,5.5
c52043bb-e2e2-48a2-a6b2-b768c7478dca,seru bangett,5,0,2025-03-26 14:49:23,5.5
386cf686-713d-44d6-96de-2fb93b35b30a,sudah pra unduh data disuruh update lgi. GAJELAS,1,0,2025-03-26 14:45:53,5.5
a8140b32-7b2b-4142-8718-80c1eea1f963,Josss,5,0,2025-03-26 14:44:50,5.5
7237f99a-5317-4e24-833f-470de563f947,"Game nya seru bener... semua petualangan nya gk bikin ngantuk. banyak adegan lucunya saat memulai cerita. Tapi yang bikin pusing pasangin build nya,aku udh 3 bulan main genshin tapi gk tau build yang benar. semua damage ku kecil kali,cuma sampai 400 demage paling besar di level 40. Aku rasa kalau mau demage nya lebih besar harus banyak belajar deh. tapi untuk lore cerita sudah sangat bagus kok",5,159,2025-03-26 14:41:19,5.5
bde66284-3038-40fd-ba5a-acdc314606c4,sangat seru,5,0,2025-03-26 14:38:39,5.5
583e9eba-21f5-42fa-ab0d-d96ea578f4c3,gmn si hoyovers masa updte 900mb jdi 5gb ngotak apa ngotak ajr game rusak updte rusak,1,0,2025-03-26 14:37:33,5.5
0337d098-11b0-49c2-9581-19737a620aea,eeeeee ga tau mau ngomong apa :v,5,0,2025-03-26 14:35:54,5.5
6d40cca2-9ebe-4ec8-9f19-8c418a2cfb07,NICE TRASH ROLL ARTIFACT,1,0,2025-03-26 14:30:58,5.5
e81e8d8d-8338-45cd-9aab-fbd89ba7ae52,"gamenya bagus banget, tapi gachanya agak bau😅",4,0,2025-03-26 14:05:31,5.5
d37c048e-081d-4f2a-afbf-49541689bca6,"Gameplay untuk sekarang terasa monoton dan membosankan tapi akan sangat tertutupi dan lebih menarik apabila developer lebih mendengar feedback yang di minta para pemain terdahulu, seperti Fitur Skip Story, Artefak Loudout, Reward yang sesuai dan tidak sedikit, sistem Gacha yang lebih ramah untuk F2p, konten endgame baru dan juga sistem Resin yang lebih leluasa. semua itu telah diminta sejak lama tapi tolong loh yaa untuk developer jangn tuli/bebal amat agar bisa membuat banyak perubahan menarik.",1,822,2025-03-26 14:01:33,5.5
9369d59a-0db1-4e47-9628-f82a34bee02c,emangnya mengunduh datanya harus 32 GB boros banget soalnya,2,2,2025-03-26 13:48:05,5.5
572796d5-2df0-44cc-8d6e-873c90181012,"saya kasih bintang 5 soalnya sudah dapet Hero bintang 5, archon pula. semoga rajin-rajin ngasih sedekah kayak gini hoyo asw.",5,0,2025-03-26 13:45:03,5.5
68aa675d-d27e-4f71-91bf-fd2b2d79b4ed,"Saia sangat puas😋👍 Saran aja buat pihak developer ,kalo spiral abyss misalnya lantai x ruangan x bagian pertama tolong disimpan di waktu berapa kita selesai ,jadi semisal kita karakter kita mati di bagian ke 2 tidak harus repot repot mengulang ke bagian pertama",5,0,2025-03-26 13:44:48,5.5
9f59446a-4153-4ed3-b760-ebda2af16895,Bagos banget coy wajib di download ya GG parah op bet ni game,5,0,2025-03-26 13:30:48,5.5
a9c87492-c3ce-400f-8b16-4356c81c7929,Game nya butuh banyak gb sehiga gabisa main sebanyak 30 gb dan tolong disedikit tin gb nya 10 gb dan tidak pake kebanyakkan internet,1,0,2025-03-26 13:28:48,5.5
9d30014b-eb15-44bf-90c6-a19dbdc8d701,hoyo kirimkan saya primogem 200k please🥺🙏🏻,5,0,2025-03-26 13:09:21,5.5
1d0ddf0a-3db9-4caf-a4b2-b2bd1a4f59b2,"ini sih buat sekadar kritik yaa buat hoyo, kenapa sih sekarang quest makin hambar kata aku walaupun story nya bagus dan grafik nya mantap tolong yaa dari pihak hoyo nya di perbaiki lagi😮‍💨😩🥲 kenapa harus di perbaiki gara² quest nya aja yg terlalu kompeten dan dialog nya terlalu banyak jadi waktu ngerjain quest nya itu ngak bisa ngenikmati suasana game nya dan story jadi hambar,males, + aku jadi pingin pindah game aja dari pada ngerjain quest😮‍💨🥲🥲😔",3,4,2025-03-26 13:05:28,5.5
039c1e55-6ab2-418b-b885-e5b986cd0811,bagus banget wakkkk,5,0,2025-03-26 13:05:02,5.5
b9ffe6d4-7aaf-4a57-b8d7-0137a09028ae,"tetep pasti ada kekurangan di game ini, tetapi game ini sangat seru dan membawa kita menjelajah di dunia teyvant. dan pliss bikin plotwis di cerita biar aku kaget :). huh sudah 5 tahun aja",5,5,2025-03-26 12:51:33,5.5
41bc3583-379b-463c-92f1-4976d8995857,"gw udah senang mainin ini game meski dialognya yang sangat membosankan genap 3 hari main tiba² gw harus update dan harus nge download lagi data 30gb ,auto unistall",1,0,2025-03-26 12:49:34,5.5
dd8e87e8-1b60-479e-9f0a-f0178f487741,gamenya bagusss rekomend buat yg nolep,4,0,2025-03-26 12:47:08,5.5
d1ac4b4d-9b1e-44b4-84cf-78fa21c7a276,"kmrn 5 sekarang 4 ajalah yaa, battle event nya menjadi bgt hp nya. tapi ya asik gt lah",4,0,2025-03-26 12:45:28,5.5
bd5bd992-ba70-49b3-acf3-f8d8f48b44b9,seru,5,0,2025-03-26 12:31:14,5.5
5f3f81fc-5dd3-49d5-a68f-6b0e6cf9ba4d,IM so happy,5,0,2025-03-26 12:07:12,5.5
bb2f5b70-9b18-41b0-b481-238747d2fa96,"game kikir,plis adain tombol skip dan juga alur story nya harus sesuai primo yang kita dapetin, primo dikit alur panjang + gada Tombol skip.",2,0,2025-03-26 12:04:36,5.5
2c03325a-c51c-48d1-a4ea-f96ae5574047,Buff Xiao!!!,1,0,2025-03-26 12:02:50,5.5
989ed971-bf27-4e6d-b26e-683a3d85c134,"setelah update 5.5 pun, naikin substat artefak masih scam!! tidak ada perkembangan! game bodoh.",1,5,2025-03-26 12:02:47,5.5
1a730d3b-99e9-4131-88ef-a29c8bbd312d,love you genshin,5,0,2025-03-26 11:59:09,5.5
140920ef-8765-4f82-9229-954e646670a1,"game nya keren, bagus, dan cocok bagi para jomblo😁😁",5,0,2025-03-26 11:54:07,5.5
15822ea7-a3a8-46c3-9bef-e28cd289a8b0,"story bagus aku kepancing karena story sumeru, powercept nya ngga terlalu kuat karakter ver 1.x masih meta, desain karakter bagus cukup detail tapi tolonglah masak pity 150 baru dapet chara limit, reward quest/event sedikit gak sedikit bgt , dapetin arte yg bagus juga susah apalagi sub stat selalu miss",3,0,2025-03-26 11:52:59,5.5
cabdfd7b-8860-4fc6-8f52-cd44dbde78e3,"Y, bagus jok along ikak download",5,0,2025-03-26 11:50:27,5.5
4d778544-eaed-4043-966f-a5e0b60417fc,"woilah game banyak yaping nya, kikir, wes puwaket lengkap lo cik, ku kasih b1 karna varesa ku jadi qiqi🗿",1,0,2025-03-26 11:50:05,5.5
56786b26-ec91-4799-a13a-8a898dab0228,Game open world dengan pemandangan yang indah dan story nya sangat bagus. Ini yang menemani saja sejak 2022 sampai sekarang. Andai tau game ini sejak 2020 mungkin aku sudah punya lebih banyak karakter dan senjata event limited huhu 😞.. tak apa lah.. aku tetep senang main game ini.,5,0,2025-03-26 11:49:39,5.5
bb18ae79-b424-4550-8527-2c69c2529416,lov it,5,0,2025-03-26 11:38:42,5.5
d04ddd88-78a3-440c-b7b4-10f59b653c77,"sebenarnya saya senang mau main game ini, tapi download datanya sampai 30 ribuan,jadi saya hapus",4,0,2025-03-26 11:34:43,5.5
16f392cd-10a7-456f-86bb-bd4ca99d8e21,Varesa gede banget,5,0,2025-03-26 11:30:51,5.5
24e8aa1f-e65c-4592-8d1f-186fbe6c624b,Mantap😁🙏🙏,5,2,2025-03-26 11:27:04,5.5
7bd6ad35-1249-432e-b458-d0a66dceb2b7,bintang 6 karena ada nahida😎😎😎😎😎😎😎😎😎😎🗣️🗣️🗣️🔥🔥,5,0,2025-03-26 11:26:28,5.5
1841e6f6-9fed-49cf-8d25-370eb12bcccd,"FOR ME, INI WORTH IT BANGET UNTUK DI MAININ PLS. dari segi karakter, story, exploration, visual dll THIS GAME IS FIRE (imo) KEEP IT UP MIHOYO🔥🔥",5,0,2025-03-26 11:26:05,5.5
d9c83568-7a2b-40d8-a31c-316402468c00,bagus,5,0,2025-03-26 11:21:26,5.5
5d4d7740-4825-4aff-ad21-e35af8750ac2,"ini game gila sih, udah dari grafik nya bagus, bisa eksplorasi kesana kesini, bisa ngobrol bareng Waifu, intinya ini game tuh bagus buatku, ya walaupun kikir dikit waktu itu ga dapet arlecchino, tapi seenggaknya dapet furina, makasih mihoyo udah baik ngasih banyak primogem sama mora+buku exp. moga aja kedepannya bisa di terusin kaya gini, kurangin kikir nya juga sekalian",5,1,2025-03-26 11:15:02,5.5
ee7595e3-0b95-4b43-88a9-9f5facd786e1,"plsss kasih fitur skip all pas dialog, yapping ny banyak banget anjir mana yg penting cm dikit ,ga semua ornag wibu coyy😭🤟🏻",3,0,2025-03-26 11:14:47,5.5
7db025c7-5e26-4858-80b1-b65b3c04d884,bguss dari segi grafik maupun gameplay nya mantap hoyoverse,5,0,2025-03-26 11:01:28,5.5
ecb195cd-3602-4d3a-a102-5ee71d541228,game kikir,1,0,2025-03-26 10:59:18,5.5
88108bfd-4eb5-476d-8782-8601933149a1,best game ever. saran saya adalah untuk menyediakan fitur replay quest yang bisa memainkan kembali quest archon yang sudah lalu itu sangat bagus pasti,5,0,2025-03-26 10:58:02,5.5
3544259a-b534-48fb-bf72-403290ccd71e,masih seru sih tapi akhir akhir ini GI tidak memberikan gameplay baru bahkan terkesan membosankan bahkan teman saya sampai berniat untuk pergi ke wuwa ( ya andai hp saya kuat sih saya juga mau pindah sih ),3,0,2025-03-26 10:46:36,5.5
187a3c97-f064-4df0-8e9f-a171577941d9,"rate pity tinggi rata² di 75+ dan blom jaminan dapet, material drop terlalu sedikit, artefak RNG parahhh sulit banget dapet yg bagus, resin ngisinya lama walaupun 200 dengan droprate yg segitu berasa kurang, sekarang buff spiral tergantung char rate up 😂😂",1,3,2025-03-26 10:33:14,5.5
b02e11bc-717c-40b1-abbc-f60d68313e52,"Chika lu bisa ini karakternya dibikin kayak azur Lane,browndust2,nikke,dan kaya game erolabs lainnya lah gitu, dan juga player baru atau player yang nggak tahu atau promo itu dikasih tutorial dikasih petunjuk atau biar lebih interaktif aja lah antara komunitas developer sama si pengguna gitu biar kita itu sama-sama enak aja gitu lah biar sama-sama mengerti dan makin sayang sama ini game jujur aja gua heran sesama game hoyoverse aja lho kok pada ribut pada game nya padahal kan satu developer kan",5,0,2025-03-26 10:32:48,5.5
7089b6e9-0631-4879-b8a0-f80bb6c84689,"sukaaaaa bgtz sm genshin, trutama tampilan gamex, jalan ceritax, animasix, semuaaaaxx deh",5,0,2025-03-26 10:27:03,5.5
1b0527b4-3641-49fa-862b-979870c1d12f,"bagusih game nya tapi tolong fps kurangi dikit yaa sama tambahin juga fitur grafik, biar yg hp nya kentang kayak aku bisa main juga",3,0,2025-03-26 10:24:42,5.5
697658cf-7aa8-4c4b-8620-8f4a19aa1bd8,"dari segi game bagus ,sayang itu ngobrolnya lama bet,harus adain fitur skip",5,0,2025-03-26 10:22:00,5.5
4258f987-33ce-46a7-a407-adca4d8ef29c,Gamenya seruu aku suka sama ceritanya ☆,5,0,2025-03-26 10:21:51,5.5
f85b00ea-84e8-4e35-9531-86fcbb52261a,"tolong untuk fitur yang berhubungan dengan quality life nya di percepat, jangan di cicil",5,0,2025-03-26 10:18:16,5.5
00729e21-8245-4c58-bc5a-b32b6647ab6f,sangat baik aku suka sekali dengan grafiknya bagus dan karakter nya menarik perhatian ku terutama karakter laki lakinya sangat tampan aku sangat suka gamenya dan juga game lainnya seperti hongkai star rail itu bagus sayangnya kenapa ga bisa lompat intinya genshin bagus banget,5,0,2025-03-26 10:14:40,5.5
0b755fd3-b54d-4181-b87b-1139024bdd00,mantapp sudah support controller di android.Tapi tolong tambahkan fitur voice di co op biar lebih enak kalau co op sama orang lain,5,0,2025-03-26 10:13:53,5.5
dde13681-93da-44b6-9a38-52a110f7065d,"game nya bagus banget dari story sampe grafiknya, rekomendasi banget buat di download pas lagi bosen cocok juga buat orang yang suka sama game petualangan dan fantasi",5,0,2025-03-26 10:13:05,5.5
48fc27f0-a164-41a3-8a34-17629685f932,ts game ahh🥀💔,1,0,2025-03-26 10:07:14,5.5
fdaaf8bb-207c-4f3f-a6b3-88259da45cbc,"aku dah kasih bintang 5 ni, kasih aku varessa dan xilonen",5,0,2025-03-26 10:02:25,5.5
1e631441-d163-4cb5-9372-f5fc36b45d30,Bagus sekali gamenya dan bersahabat sama pemain gratisan (F2P) yang bukan sulthan,5,0,2025-03-26 10:01:18,5.5
8386b57b-dc78-4314-8735-356d199895ed,Terimakasih game baik🥰🥰🥰🥰,5,0,2025-03-26 09:59:27,5.5
76498709-02ad-46d8-a457-dfce28de5190,Seru bgt jir tapi gacha nya gua ampas mulu,5,0,2025-03-26 09:37:49,5.5
6a54d3cd-46db-4840-93be-2ecd4711db7f,kikir,4,0,2025-03-26 09:37:14,5.5
0f579d86-87ee-440d-8ee0-7e96bfdf26ee,"aku tarik kata"" ku",1,0,2025-03-26 09:35:35,5.5
2124cfc5-7c1c-4fbc-9b97-b3b415426729,"Gamee nyaa baguss si, cuman terlalu banyak karakter perempuan, hoyo buatla karakter laki laki setiap banner baru",5,1,2025-03-26 09:35:11,5.5
621d2d95-d7ba-485d-9b73-70e1c48e97a5,best mmorpg anime,5,0,2025-03-26 09:33:29,5.5
51c3d861-a6e9-4f19-bd50-6760b9902085,CHARA COWO NYA MANA NJENG,5,0,2025-03-26 09:29:34,5.5
e9d60d7f-659a-45cc-8199-d08d009e161e,seru😋,5,0,2025-03-26 09:24:36,5.5
9605754b-2c5d-4710-a39b-36f5b10f7944,"Game yang sangat seru dan menarik, dengan banyak adengan yang tak terduga membuat game ini menjadi sangat seru untuk di mainkan oleh para gamers untung keseruan semata atau untuk menjadi sumber cuan💸💵, tapi saya sarankan untuk kalian yang menggunakan hp dengan penyimpanan sempit,ram kecil,hp mudah panas dan ngelek jangan main game ini karna data dalam yang berat bisa membuat hp kalian duarr💥, ya memang sih kalau ada harga ada kualitas hehe",5,0,2025-03-26 09:19:51,5.5
e0b851c1-203e-459e-8a1f-aa2cf0a75318,Game bagus dunia indah ada quest harian grafik kaya versi PC kalo apdate ada pra unduh jadi kalo apdate gak perlu unduh gede,5,0,2025-03-26 09:08:12,5.5
cd374b62-e739-4563-b44e-23258c3cf708,game bagus,5,0,2025-03-26 09:05:29,5.5
b58c8fec-bfdd-4f94-b2d3-8a8f1e8bc60f,"tolong bikin hoki, kalau ga jadi bintang ⭐ 1",5,0,2025-03-26 09:02:07,5.5
60daa898-d0b6-4e3a-b289-4aa83fcf0922,so cute,3,0,2025-03-26 09:01:00,5.5
81cdfab3-bf0c-4e68-ab20-e10684fbf485,yang kurang di game ini cuma fitur skip dialogggggggggggggggg,5,0,2025-03-26 08:59:23,5.5
1a7e3166-e359-4ab2-a09b-35b360b829e3,Gamenya bagus dan ampas,5,0,2025-03-26 08:58:51,5.5
5c5307dc-6d7c-4376-b38e-3833f9929cbf,update dikit kok harus di update lagi sih lama tau saya males downloadnya ya boleh juga game seru,3,0,2025-03-26 08:57:19,5.5
d7f33205-e3b2-4b06-8092-be1343dbe3ea,lov lov buat furina🥰🥰😍😍,5,0,2025-03-26 08:49:55,5.5
929deda5-3a92-4e0a-bc3e-4cf714de9c17,Keren abis mah cuma mau saranin kalau gacha character tu yang murah lah gw mau nya dapat hero bintang 5 😁,5,0,2025-03-26 08:49:45,5.5
b3f555b1-5913-4e25-b790-281ef219b009,habis update malah gak bisa main,3,0,2025-03-26 08:47:36,5.5
29efd937-511b-43c3-b77b-b536b7ca9509,bolehlah,4,0,2025-03-26 08:39:37,5.5
1e654581-95b6-441d-878b-b0611aae1bb9,"Hm, makasih hoyo, gachaku cuman 1 kali ampas :3 lainnya 50/50 atau malah langsung dapet di 10x gacha :D semua langsung dapet karakter yg ku mau ><, awas aja kalok gachaku ampas lagi, ku kasih b1 kau -_-",5,189,2025-03-26 08:38:38,5.5
87002231-7f20-47d7-8c8f-d06660b24478,"Saya ga habis fikri sama sistem pity di genshin, apa maksud dari saya kalah rate on yh? sudah 3 kali berturut turut di 3 banner woy🤬🤬😡😡",3,0,2025-03-26 08:37:04,5.5
701eb582-d977-4826-9abe-d1403cb49718,saya suka,5,0,2025-03-26 08:28:28,5.5
b0724209-d438-4f77-a359-7ef4243ff6d1,"Waktu riset spiral abyss nya terlalu lama, tolong waktu risetnya di perpendek lagi",5,0,2025-03-26 08:16:52,5.5
4dbad9a1-526a-46c8-9172-478975023359,game nya bagus,5,0,2025-03-26 08:10:04,5.5
164a5e82-ea28-4924-902a-495154680bba,UPP!!!,5,0,2025-03-26 08:04:53,5.5
c49f5ddc-97ee-45a5-92b0-add697a6958d,ternyata gamenya overrated .,3,0,2025-03-26 08:02:24,5.5
b2b30541-3a11-4fd1-8003-0281af5aa0a6,"Sementara Bintang 3 dulu dari segi open world keren banget tapi masih banyak kekurangan nya yaitu dialog cerita yg berkepanjangan kasihan player yg waktu nya cuman sedikit buat log-in mana hadiah nya tak sesuai lagi terlalu sedikit sedangkan quest nya panjang banget minimal kasihlah sesuai jerih payah player dan jumlah batasan resin diperbanyak lagi minimal 500 atau 600 lah dan waktu isi ulangnya dikurangi ini sangat dibutuhkan di berbagai macam build mau itu dari karakter, weapon, artefak, dll",3,0,2025-03-26 07:59:05,5.5
26785ec0-06a7-4232-b6db-b3d77b2027a0,game kikir,5,0,2025-03-26 07:58:25,5.5
fc0d1523-473b-44b2-aca6-bb42e8b8d5d3,game keren tapi kikir,4,0,2025-03-26 07:52:27,5.5
a5f635ee-31fa-4f47-a0cd-c387f85460e5,nice,5,0,2025-03-26 07:45:43,5.5
e69e6e7f-dde2-401b-b864-c96d426aec3b,"buat yang ngasih bintang satu ke game ini, BERSYUKUR BRO. ini tuh game kayak movie, novel, di perpanjang biar berkesan. Ya kali kau nge-dialog, terus baru 1-8 dialog langsung cutscene??? ya kan enggakkk. Buat yang komplen sama karakter Natlan, ini tuh game CINA, di cina standar kecantikannya itu ketat BANGET harus putih blablabla. maklum lah bro. honkai dll aja banyak yang putih. sekali ada karakter item itu bersyukur, kaeya, cyno, sethos. BERSYUKUR BRO.",5,1,2025-03-26 07:35:14,5.5
67bcd5b8-fd65-487a-ba5f-4b0b4516e2e5,Kebanyakan Update jir udah lama hp Rom 256 hanya karna game ini aja hbis hampir setengah Gb,4,0,2025-03-26 07:34:49,5.5
af59a5ad-2c91-41cb-866a-a8b9519bdab6,game nya seruh dan menantang,5,0,2025-03-26 07:32:44,5.5
c06f6d61-33b3-4070-8bfc-7d1de9b069e2,"game nya bagus dari segi grafik dan gameplay,pokonya game nya bagus banget dah",5,0,2025-03-26 07:25:51,5.5
7349b902-a9eb-471b-acc7-d23e39e5eb78,adain skip percakapan/sceen la banyak bet,3,0,2025-03-26 07:22:07,5.5
b55b53ac-765f-4daf-a980-6076ab81e1ba,"pengalaman bermain saya cukup bagus, sebenarnya tombol skip di quest tidak terlalu butuh, karena banyak makna tersirat di semua questnya, kalo quest di skip kalian nikmatin gamenya gimana coba, untuk para pemain yg berkendala saat game play penuhi syarat minimum untuk bermain, gabisa main nyalahin dev ga lihat devicenya, untuk yg tidak hoki saat gacha yah wajar aja sih namanya game gacha, mau ada resource yah top up lah, dev buat game untuk jualan bukan amal terus, gaada untungnya buat apa coba",5,133,2025-03-26 07:21:35,5.5
b7e974a7-781c-4c11-ad9a-ef420f2086ef,"fix bug di area switch akun, alhasil jadi 2-3x login. lumayan meresahkan",4,0,2025-03-26 07:10:55,5.5
13b73b70-a092-4c37-92d7-a90a210e2dde,THE ORDER!!!,5,0,2025-03-26 07:09:45,5.5
469853f4-41c5-4511-9e0d-8cc892eae15a,"menyenangkan,semoga bisa update kedepannya bisa lebih bagus lagi",5,0,2025-03-26 07:02:52,5.5
91920ad5-22b1-4146-b052-69f4686dd16a,"AKU MAU RAIDEN,btw game nya bagus",5,0,2025-03-26 06:41:27,5.5
1f301f55-ad8a-46c3-adfa-573dac545237,game bagus banget serasa main di dunia anime rasanya jadi aku rating bintang lima😋,5,0,2025-03-26 06:38:26,5.5
ce6e9818-e3f5-430f-b0b5-e883b8689b44,update nya maksaa bangettt,1,0,2025-03-26 06:25:46,5.5
82e8146a-93a5-4624-92ee-46b0d9e9a51e,ga ngotak pengunduan datanya anjir 32gb. gw pas lagi di dowload ud mau 3gb malah ke reset,1,0,2025-03-26 06:23:12,5.5
a9f42bd6-8c8b-4732-8281-680055c1b36e,bagus sekali lee,5,0,2025-03-26 06:16:34,5.5
b450083c-9dfb-4142-8e16-8bfc20d46ca7,"banyakin char cowok woi, ini bukan game barbie",2,0,2025-03-26 06:12:09,5.5
5e7f84c5-c6a3-45ee-a9a3-fc9290016995,ini sih game terbaik sih gameplaynya bagus terusss tapi kalo kalah ret off nangis sih tapi jujur gameplaynya asik bngt karakter nya juga lucu lucu,5,0,2025-03-26 06:08:28,5.5
19be504b-2332-484d-86bf-e29366fed423,"Tolong dengarkan feedback dari player, cukup itu aja",1,0,2025-03-26 06:05:22,5.5
41ebdd49-818d-48ac-a30c-2544f651bdff,"ini satu satunya game yang paling lama ku mainkan bayangkan kurang lebih 5 tahun masih belum tamat.. untung game nya bagus, cerita bagus, tema nya bagus jadi masih excited dengan update setiap patch nya. update yang paling ditunggu pastinya quest archon atau map baru🔥..",5,5,2025-03-26 05:58:58,5.5
51092a23-51f1-497d-83a6-97eff7e78328,seru,5,0,2025-03-26 05:39:44,5.5
f10decbb-7a00-4609-b5e9-0b6bd4b03c09,"game best forever, meski kadang sinyal agak ngelag tapi.. ni game, game pertama yang buat gw se amazed bgt",5,0,2025-03-26 05:36:56,5.5
cfe90f73-15f9-42ab-b25c-88dff0b6c03e,Terlalu panjang ceritanya bolak balik ke tempat yg sama loading lama eh tiba tiba disconnect,2,3,2025-03-26 05:35:03,5.5
6306d5b5-1a87-404f-8c02-d263183df74d,"game ini bagus banget, pemandangan nya sangat cantik, tapi kalau f2p Ar tinggi pasti genshin mulai boring karena gak ada lagi yang perlu di kerjain",5,11,2025-03-26 05:30:51,5.5
302f0fba-1b00-4362-9e4b-e9485cc840fc,"Dari segi explorasi itu yang paling memuaskan,semoga bisa di improve dari segi lain karena menurut saya dari segi selain explorasi masih kurang",4,0,2025-03-26 05:24:29,5.5
f4d29f3b-7e01-42c3-8a3e-58f841307b13,lumayan lah,4,0,2025-03-26 05:17:03,5.5
346d33c7-9986-4e29-8396-e5f112bd0c43,ini game bukan sembarang game ini kek ceritanya yang bagus ada world quest nya terus misteri belum terpecahkan tentang traveler jadi hoyo please bikin genshin impact yang ke 2 biar bisa tau gimana tentang karakternya riset tapi nantinya ada pilihan yang mungkin boleh lebih 1 terus nantinya ada satu traveler lagi buat kita klo kita milihnya keduanya nanti karakternya pke topi Cowboys yang pasti bukan chasca jadi please bikin lagi satu traveler buat milih karakternya itu lebih 1 gitu hoyo,5,2,2025-03-26 05:06:39,5.5
d316d03b-019b-4946-b45c-f54f025a5c41,"lorng pda klo ngeluh gda tombol skip, ga support, mengompilasi shadernya lama mah itu emng device lo yg kentang, mikir dkit knapa? dikira genshin game ringan segajat raya apa yg size nya 30+gb gitu? lo klo mau lancar main genshin cloud, msih ngeluh jg ngntrinya seabad? ydh buang aj hp nya slh sndiri hp nya kntank, mslh gda tombol skip? emng iya bnyk dialog nya cuma cerita gini nilai utama dri game ini nyesel jg klo di lwtin aja, gda wktu? ya nunggu wktu luang kan bisa, gosh di paksain orng FOMO""",5,0,2025-03-26 05:06:08,5.5
ad0c559e-1a67-41cb-a2f9-5212de347b8b,Huhh pilih kasih minimal kasih karakter b5 standar lah,5,6,2025-03-26 03:49:13,5.5
