ReviewID,Username,UserImage,Content,Score,ThumbsUpCount,ReviewCreatedVersion,at,ReplyContent,RepliedAt,AppVersion
873f5b86-5b5c-46fd-b63a-68ce04b88eed,muhammad hafiz Baihaqi,https://play-lh.googleusercontent.com/a/ACg8ocJx7ooHEdG23OKbyvaSYnC4YmV75tOznkNcHhNFqLaPV-7M-w=mo,sangat menikmati story quest nya,5,0,5.4.0_30057195_30231699,2025-03-24 23:50:10,,,5.4.0_30057195_30231699
fcae916f-4999-43b2-bf2f-03787cb2242e,hamzahjr 1111,https://play-lh.googleusercontent.com/a-/ALV-UjWTwo8F6sQBQ4-mmpL3Zv30ivLyYUqcOdaLqXmW_ZtPGB-FqMAj,"seruuuu.. udh cocok ama ni game drpd ww, tpi untuk bansos nya lah ama banyakin event primogem nya aja",4,0,5.4.0_30057195_30231699,2025-03-24 23:47:34,,,5.4.0_30057195_30231699
b91228ca-5049-49f2-afe6-e40be87c9b65,Rehan Kun?,https://play-lh.googleusercontent.com/a-/ALV-UjUlcB2q-uvwjrL4esBZ3eMSZ3mDZrVaFtVGRr_CCUeDH8db-yMr,Untuk Saat Ini Bagus Lah Gw kasih Lima⭐🤭😹,5,1,5.4.0_30057195_30231699,2025-03-24 23:40:09,,,5.4.0_30057195_30231699
2739b656-641d-4709-ab23-7a8e821ddeaa,Silva harnawi Raisa,https://play-lh.googleusercontent.com/a-/ALV-UjUucfagL-jbglw3XnFZ7KQAGLHcr8UEbA1wgc3s3T5xzpmPdB4,"Sebenarnya game nya sudah bagus, grafik yang memanjakan mata dan story' nya enggak kalah seru juga,cuma game ini kikir dalam mendapatkan Primo dan juga susah mendapatkan artefak yang bagus untuk karakter,tolong dipermudah untuk mendapatkan artefak yang bagus untuk karakter,seperti game adik nya (hrs)🤡🤡, dan juga tolong diperbaiki jaringan nya, pliss dimudahkan untuk mendapatkan ARTEFAK YANG BAGUS, KARENA GUE UDAH MUAK SELALU MENDAPATKAN ARTEFAK YANG JELEK! tolong dibaca",1,391,5.3.0_29183395_29332470,2025-03-24 23:06:12,,,5.3.0_29183395_29332470
18a28284-8ca6-4fa4-a26b-1a36b346eb88,Dodol Jeli,https://play-lh.googleusercontent.com/a-/ALV-UjWTNOtm3d6Sf3FH6-lvvhoWG9vpLZ4HPAV60jlQz2o9v4TsrpM,Supri mujidin agus dan sugi kurang menyukai geme ini,2,2,4.3.0_19705728_19706476,2025-03-24 22:50:52,,,4.3.0_19705728_19706476
fcec75fb-6be6-448f-949f-59f08f3fea97,MIRAI Voin,https://play-lh.googleusercontent.com/a-/ALV-UjUXxD76O0fCSWeLU9Se84kWsmzZIG9VJ6saYJ8YK8rJH7v1ZAM,semoga hari ku win rate off terus,5,0,,2025-03-24 22:31:46,,,
c86e248c-acbb-4987-98a4-89c0cf67cd84,Ayuk Curup,https://play-lh.googleusercontent.com/a/ACg8ocLuHEB8VqDbZ_rzgk9ZRF4wIruDE5NygHc6rd9jxhJV7zP9UQ=mo,game nya bagus banget game yang paling ku suka tapi unduhannya di cepetin sedikit ya seharian aku nunggu nya jadi aku kasih rating 4/5,4,0,5.4.0_30057195_30231699,2025-03-24 22:24:43,,,5.4.0_30057195_30231699
27f7b0bc-ad91-421c-8cd1-c4ec6e990138,Rahmad Dogiel,https://play-lh.googleusercontent.com/a/ACg8ocLzuHEgdiwUZIWfzkrGVasTA1SxVOZ--CsIKK8wGe73M1zauw=mo,gamenya sangat seru cuman akan lebih seru lagi kalau bisa emot seperti di game batle royale,5,0,5.4.0_30057195_30231699,2025-03-24 22:10:29,,,5.4.0_30057195_30231699
318bf1dc-4fdd-42ac-9848-67ee2697aae8,Muhamad Jafar sodiq,https://play-lh.googleusercontent.com/a/ACg8ocL0I-5NAQbgr97TO9HtA3GzG-TjxkP4hqq8vf1lQnuQcF5EXg=mo,Nice,5,0,5.4.0_30057195_30231699,2025-03-24 21:54:22,,,5.4.0_30057195_30231699
263509bf-4092-4091-9ce9-b2dda4046ade,Muhamad Faris Al-akbar,https://play-lh.googleusercontent.com/a-/ALV-UjW4gQ8XzAA9tBY3Dubt6Wqhe44lt5MlnodvrCZAMqrWeBnW-9o,absolute cinema,5,0,5.4.0_30057195_30231699,2025-03-24 21:45:47,,,5.4.0_30057195_30231699
d3ae0b70-17ce-44a3-89aa-cdf6e8068887,YT_ Orisama,https://play-lh.googleusercontent.com/a-/ALV-UjXlFTGqtlE-KMYkvI-IGovn82WP3PGxY8gq_lkjSJ0rb9EboALf,"progres building karakter kayak nya perlu di permudah,dan gk ada limit mingguan buat material,,terlalu lama,belum lagi kedatangan karakter baru yg harus antri buat di build.",3,9,5.4.0_30057195_30231699,2025-03-24 21:40:10,,,5.4.0_30057195_30231699
23ec9637-4c7e-4383-a17f-37ea120481a9,ROBBY OBIE,https://play-lh.googleusercontent.com/a-/ALV-UjUBE_KcalxrfExpKJVok89lo53akzY948Gkv9EGGYkB2MBdgern,masih pemula,5,0,5.4.0_30057195_30231699,2025-03-24 20:55:58,,,5.4.0_30057195_30231699
dab63e45-5564-439f-8460-a0dc0c87dfb0,Black Shark,https://play-lh.googleusercontent.com/a/ACg8ocLWyidC4r5VjFQfYKXAdQjEuGZcOdIzpT-idurMC3kmB87YMg=mo,good,5,0,,2025-03-24 20:33:22,,,
c60d7c02-5f4d-42ee-8a57-9433b8231385,F Hibatullah,https://play-lh.googleusercontent.com/a-/ALV-UjUvfwx1oNHRROIokQmYB5UW5gOHkXwrfkzu9Su2YAMmaCxEEfdX,menarik,5,0,5.4.0_30057195_30231699,2025-03-24 20:22:50,,,5.4.0_30057195_30231699
d3cef952-abb8-4417-b975-02b9800a24e2,7A nailisya putri shafira,https://play-lh.googleusercontent.com/a-/ALV-UjVEOZwJm6kvTk4eyQOzH_Moxmzk3Z3CC9iQYpanI4J6O8fcNQUW,"genshin tolong perbaiki bug pada game kamu , saya sedang mengerjakan quest ""kembali ke pemilik aslinya"" saya juga sudah menunggu pada waktu yang ditentukan , tetapi tidak ada yang keluar, saya sudah 1 bulan menunggu tetapi tetap tidak ada perubahan sedikit , kalau begitu berarti saya tidak dapat primogem nya ..",5,0,5.3.0_29183395_29332470,2025-03-24 20:16:26,,,5.3.0_29183395_29332470
728f5773-b301-4cba-8429-2f9c90ee19c5,Clairine Pelamonia,https://play-lh.googleusercontent.com/a/ACg8ocJ0R06p6Ym3Rw8PtCHvk9iLCQJs156csQSuz5Lal0sCVxDJjA=mo,bagus bangeet,5,0,5.4.0_30057195_30231699,2025-03-24 19:48:45,,,5.4.0_30057195_30231699
d0337861-a8de-47cc-9137-14d73a5d1883,Ghani Marwan adaf,https://play-lh.googleusercontent.com/a/ACg8ocLgD2QP6zzw-jKeI0qXBpIpmS3gcASiMc8MNqqerWFPBt4Gig=mo,gacha nya gacor Alhamdulillah dawei baik,5,0,5.4.0_30057195_30231699,2025-03-24 19:47:35,,,5.4.0_30057195_30231699
9a71aa30-1300-4089-8faa-15f7e078b187,Nazmian Slowedz,https://play-lh.googleusercontent.com/a-/ALV-UjW44V8tzcTaRnaYjpLCdmQCxC8q0cQn1ZxPiMqdt5hqw_F-mcav,"Cih. Mantap coy tapi tolong hoyoverse tambah fitur skip di dalognya, seperti zzz",5,0,5.4.0_30057195_30231699,2025-03-24 19:20:01,,,5.4.0_30057195_30231699
7894cd76-cda8-414b-b83b-4d1b269b0689,Michi Cute,https://play-lh.googleusercontent.com/a/ACg8ocLBKln4sQmbR6_jf3JWNS36XvUSJMRyMnVolc1sajx6LmkjIw=mo,karakter saya hilang yang saya gacha sebelum di hapus pas di download lagi hilang :'(,3,0,5.4.0_30057195_30231699,2025-03-24 18:56:14,,,5.4.0_30057195_30231699
d4413be6-4d0e-4ac7-9ead-b98a618a69a6,Muhammad Ikhsan,https://play-lh.googleusercontent.com/a/ACg8ocLQLqnxBs2hzx6-fki5hGZJb0fRYF2irulFZZSyCN4GrHfgfA=mo,gen nya bagus gak ngebosenin cocok buat Ngabuburit nih gwu request in nih gem worth it buat gweh mainin dan loh juga,5,0,5.4.0_30057195_30231699,2025-03-24 18:20:54,,,5.4.0_30057195_30231699
dbdd7128-e9de-4fd4-8721-2639bc9867bd,AI Ititi,https://play-lh.googleusercontent.com/a/ACg8ocJaSEAnpnEGl4rP0F-ZBLs1dqE4T7WcppMJM7ASXkfBjZBamg=mo,mengompilasi shader lama banget segala ngeframe gamenya semoga diperbaiki lah jangan ngeframe game nya,1,14,5.4.0_30057195_30231699,2025-03-24 17:44:37,,,5.4.0_30057195_30231699
6d9d7e51-d51e-4dcf-a1dc-a6123b7e2753,Fikri Rahmadi,https://play-lh.googleusercontent.com/a/ACg8ocKlylRuVp2BusNP-tP1OQqMa1F6vlx-dfLpjSZnGEhT6852FQ=mo,keren,5,0,5.4.0_30057195_30231699,2025-03-24 17:20:41,,,5.4.0_30057195_30231699
7e834be2-40f4-4c0a-a251-59d943d49e38,Ryan Ardhiansyah gaming,https://play-lh.googleusercontent.com/a/ACg8ocIg3sSioAvWdqVDR12B6RC14tjcPjcvnSTgvZ7Ws9l9xKv3lg=mo,good,5,0,5.4.0_30057195_30231699,2025-03-24 17:04:30,,,5.4.0_30057195_30231699
6b1b2796-71b4-448d-bed5-45e69ff3470b,Alby,https://play-lh.googleusercontent.com/a-/ALV-UjWG5jjuaJqcbEiCKmglLIPPm6VD8NdAwSGWRQpLDnnMohUCke8,semoga samsung a16 5g ku kuat 😀,5,0,,2025-03-24 16:44:40,,,
a8005ad4-5c2f-4a66-9b51-7b1add7ac4d0,Irwan Hayadi,https://play-lh.googleusercontent.com/a-/ALV-UjVGxOAFvdJwCNwJguBShV0V6poHAlRAxtPes1PjKtNzAgyOt_0,game nya udah bagus grapis bagus tapi download data nya bikin kesel anjir bisa sampe 31ribu tolong lah di kurangi,1,1,5.4.0_30057195_30231699,2025-03-24 16:37:03,,,5.4.0_30057195_30231699
f75ecf24-0aa9-4556-b8b3-d36e2d91529e,Fiiqhu,https://play-lh.googleusercontent.com/a-/ALV-UjVm0PkQ026hHccZFx-uvmKMx6EIg0Cax07NNBsxHZPYYbpL6GY,Fitur crafting item agak ribet harus ke crafting bench dulu. Fragile resin juga dibatasin 5 jadinya harus bolak baling crafting. tolong dipermudah aja lah. udah Artefak busuk nguli harus bertahun tahun crafting item malah dipersulit.,3,0,,2025-03-24 15:09:00,,,
7ada66d8-2808-4290-8dc5-b5c332028f7b,R,https://play-lh.googleusercontent.com/a-/ALV-UjXsbA8lj-NDydQGblDrUZ1uf8ObXcuuo-ImDascN2PM747QakcX,"Game nya memang berat tapi terbayar sama Gameplay dan grafik nya,bagus lah kalo kata gw ni game.",5,0,5.4.0_30057195_30231699,2025-03-24 15:04:26,,,5.4.0_30057195_30231699
ce487956-5c25-4f49-b750-62ccdb1ffce0,agus widodo,https://play-lh.googleusercontent.com/a-/ALV-UjVRHE5Q91jfTVBOHM2PriW4pN_s9fXVGzUJxsJVObWamfvrvX8HXQ,👍,5,0,5.4.0_30057195_30231699,2025-03-24 14:41:29,,,5.4.0_30057195_30231699
155f962f-800a-491d-afbe-ff6aac4af7af,sun alfaridzi channel,https://play-lh.googleusercontent.com/a-/ALV-UjXs7Zz1VP7Dt0H1RXGtE6k7Dr7TfhuHcKWLUjz0gNumicLfTls,keren,5,0,5.4.0_30057195_30231699,2025-03-24 14:33:07,,,5.4.0_30057195_30231699
097ba2e5-cd87-4187-8ab6-af65e7f7ea3c,Набила bozovic Bozovic,https://play-lh.googleusercontent.com/a-/ALV-UjUBcZ-G_vMwf2fGFEUAP8FCpeAW2nPDpPB8URY8aq2aLQ0WZGCo,boleh gk loding nya agak cepat?,4,0,,2025-03-24 14:31:31,,,
9a5f4ef8-2b49-4922-bc07-7025a9cb6822,Denis Putra Dian Anugrah,https://play-lh.googleusercontent.com/a-/ALV-UjXE6sG67886Wye26-hjU0jPMfKQ2sd8YCr9X_SgWR1WP61wnGx2,masterpiece,5,0,5.4.0_30057195_30231699,2025-03-24 13:34:06,,,5.4.0_30057195_30231699
d2a47e95-2762-42e5-a48c-3d11263aca0a,Muhammad Reyhan,https://play-lh.googleusercontent.com/a/ACg8ocL8m5MWuf-5bf9sVwPQmO0k-XS_r-J5X9GqwbBVTYd6DaQtqg=mo,sangat seru sekali,5,0,5.4.0_30057195_30231699,2025-03-24 12:53:18,,,5.4.0_30057195_30231699
1521a423-a498-4973-bf62-d7a8f68d60d2,Ivan Master,https://play-lh.googleusercontent.com/a/ACg8ocJoG-sIkoYQXuYv1qJwqGbKmPvDJoHdh4JNMHO0khOqvdXkRg=mo,kapan fitur skip dialog sama kalo buat event yang lebih niat lah hadiah nya biasanya GK sampe dapat 1000 primo atau lebih di zzz setiap ada event pasti lebih dari satu dan hadiah yang di dapat double lagi,1,0,,2025-03-24 11:50:07,,,
56cd0ce9-9709-4765-b294-6a137420c8c3,Ilham Arsyil,https://play-lh.googleusercontent.com/a/ACg8ocKF1Av6LEeL8D99tHKPnCkoymD6SGONGi5IDmSL6znQjPIT3A=mo,seru dan story nya bagus,5,0,5.4.0_30057195_30231699,2025-03-24 11:47:07,,,5.4.0_30057195_30231699
b091a77f-163c-4d51-ba25-df8937e08800,ALFIAN,https://play-lh.googleusercontent.com/a-/ALV-UjUYki7tH94JzrW03QJtgaBlybjN7aaVQcTPlEsaIA3fdvcj9Zn2,Sangat menarik untuk di mainkan dan seru banyak tempat tempat luas,5,0,5.4.0_30057195_30231699,2025-03-24 11:41:14,,,5.4.0_30057195_30231699
121d3d89-2fdc-4364-b662-79f4c3f9c350,Risky Plantonk,https://play-lh.googleusercontent.com/a-/ALV-UjW6yEkODz0JV2v8Hco5KDPLQi3rx0l_49i6bPBWwtNAjvZhTC8h,sangat menyenangkan,5,0,5.4.0_30057195_30231699,2025-03-24 11:24:11,,,5.4.0_30057195_30231699
6d81b7d5-3c11-430a-842e-3942406a67fd,Duwi Aryansyah,https://play-lh.googleusercontent.com/a-/ALV-UjVkUBuKncBzJ0hCAqPD-wbbMbW-okXLhzsm3vo8947lLSYlqAM,game bagus kalau bisa ditingkatkan tolong ditingkatkan lagi gamenya ☺️☺️,5,0,,2025-03-24 11:18:24,,,
9279a226-cf2e-4349-a090-c6cb7629e321,Raulin Kenta,https://play-lh.googleusercontent.com/a-/ALV-UjWaMweUhq7nVgq6R5i6RcvUtzMDBf8Z6PTwgkewvucXGLOt1hg,Nice game,5,0,5.4.0_30057195_30231699,2025-03-24 11:02:59,,,5.4.0_30057195_30231699
7d0bcf47-9455-4917-8011-d9e22fc3e496,fauziyyah pratiwi,https://play-lh.googleusercontent.com/a-/ALV-UjWODD7bgQAYdwwgm5XQMjKg-cvMQn2b1sMxI1cYpWIairW41la-,"gajelas banget, padahal udah nunggu sampe 10034 MB, ditinggal keluar bentar eh malah ulang 34 MB, gimanasi",1,0,5.4.0_30057195_30231699,2025-03-24 10:47:46,,,5.4.0_30057195_30231699
f7e265b4-94a6-4670-a336-b655d5d96a21,Adellia zahra Adel,https://play-lh.googleusercontent.com/a/ACg8ocL7AXwRSbYsEYRQeXmXUBWovUX6Bi32YgRbbAJPb7gdJrjJwQ=mo,waktu itu aku liat hame ini di youtube game nya kayak seru gitu tapi karena berat aku gak dowload dan swkarang karna banyak yang main gensin inpact aku jadi tertarik buat dowload dan sekarang udah bisa dowloaf dan nyoba main aku harap game ini bagus karna udah berharap banyak soalnya,5,0,,2025-03-24 10:16:41,,,
7e2e2e32-42ef-44b4-ba18-32a2bcfbcb39,Kiel Prastya,https://play-lh.googleusercontent.com/a/ACg8ocIVuBaqNG5Fs1IzwksEOlfdfkm-CjZYlrRP8ZbJITSps5QASR4=mo,game baik berikan aku 10000 primo,5,0,,2025-03-24 09:33:54,,,
af308fb3-6631-495c-a8d2-73eae19d4889,Dafi savero Tsanie,https://play-lh.googleusercontent.com/a-/ALV-UjUd9cAOTbw_P49ru7IZ8eS2-_qq4RHhAZuy4PgfTWxuBrkMXd8,"game nya sangat bagus,tapi kalo soal story memang agk membosankan karena NPC nya itu yapping mulu.Dari segi yang lain .ah bagus bgt note:kalo bisa di gacha weapon di hilangkan sistem rate on rate of nya supaya gk perlu dikecewain am senjata langit lg🙏🙏🙏",5,7,5.4.0_30057195_30231699,2025-03-24 09:24:15,,,5.4.0_30057195_30231699
5eeb34e4-2786-477d-aea3-5b0cb6b85000,Dzaki Nur aqli,https://play-lh.googleusercontent.com/a-/ALV-UjVC6ULGzNwgkV1DtP7l7H3Bz_k3CXkp_pv8kDWTzCrF6aA7f0lD,Best MMORPG Game In The World!!!!,5,0,5.4.0_30057195_30231699,2025-03-24 08:35:07,,,5.4.0_30057195_30231699
15e1cc0f-f6e3-4cdf-b15c-23a52bd9afc3,Ozan Saputra,https://play-lh.googleusercontent.com/a/ACg8ocJbM-0XR8wmRqd4Vq6ITNf8b9QVBTjs4vsGryBw0lR-uapt-g=mo,hp kentang gausah main,5,0,,2025-03-24 08:14:01,,,
66beccda-9541-4b58-bba9-8a9219f8c7c4,Es Teh,https://play-lh.googleusercontent.com/a/ACg8ocI3bZdMxxS8xzTTy-24SrHWGn1e191A3AwSJWOVnILjM1YJ3g=mo,"game terbaik yg pernah saya mainkan mulai dari world building, story, musik semuanya saya suka kecuali 1 yg bikin gw kesel yaitu gacha nya yg ampas terus",5,0,,2025-03-24 07:01:51,,,
15e9767a-481c-45ed-a792-1d4f399aa12c,Handika Putra,https://play-lh.googleusercontent.com/a-/ALV-UjXALYyQ-e7q1eCVC0Q1YRTSLq_vK-HpJxNeQsjxu0L1PmwkavGj,kikir tapi terbaik,5,0,5.4.0_30057195_30231699,2025-03-24 06:43:12,,,5.4.0_30057195_30231699
070550b1-b551-4d8f-a132-a214cf678a79,Muhammad Ilham,https://play-lh.googleusercontent.com/a/ACg8ocKv2IuXW01nvpJP6AJ70pp0k8WME98K18YRDPNPNUK-uKZWlg=mo,grafisnya lebih di optimalkan lagi biar agak ringan,4,0,5.4.0_30057195_30231699,2025-03-24 04:45:27,,,5.4.0_30057195_30231699
8ca38c69-bd45-49ca-bd51-e5f682851928,Reza Priyono,https://play-lh.googleusercontent.com/a-/ALV-UjWC64GCfvcHLxWhIgHBGHqH0jKNbWpxdX5icpaBbCB9_k7EnVE,suka aja.,5,0,5.4.0_30057195_30231699,2025-03-24 04:34:55,,,5.4.0_30057195_30231699
7750b240-43ff-4718-ab1a-113545669cab,Fasa Pahlevi,https://play-lh.googleusercontent.com/a/ACg8ocLE-F7MPqmTQGwx1hxhdGRsqz7j6WY4KS1ZUSWRF9HpQoM4mw=mo,alur game mudah di pahami,5,0,5.4.0_30057195_30231699,2025-03-24 02:04:15,,,5.4.0_30057195_30231699
f70e716a-49a4-4c1a-a0d2-83e076f6bec0,Putra Else,https://play-lh.googleusercontent.com/a/ACg8ocLW7_g74cP0fqGoj5kQyJHc3M6KkzcQdaxBsLcG38QL6vznfQ=mo,menyenangkan sekali,5,0,5.4.0_30057195_30231699,2025-03-24 00:25:03,,,5.4.0_30057195_30231699
020413b0-06ce-4bf1-81c1-3cbe97685507,Leo Agusta,https://play-lh.googleusercontent.com/a-/ALV-UjVWilas9mjuYE5NfXj9z-Zd2NNPUeQO4DznImUtoPKLKaBhqDED,Adventure Terbaik,5,0,5.4.0_30057195_30231699,2025-03-24 00:23:34,,,5.4.0_30057195_30231699
2cc3ddee-9df3-4342-921b-5f436aa9cdf1,YouTube Gaming,https://play-lh.googleusercontent.com/a-/ALV-UjWp63WumvOrW9i8KwMCHvUaru29vclf2hxbb6bpPIU35OzJcsk,"yahh, meskipun handphone saya kentang masih bisa main,I like,,hehehhehehehe",5,0,5.4.0_30057195_30231699,2025-03-24 00:01:45,,,5.4.0_30057195_30231699
205af55a-bff1-49f4-8cb3-39123215e0c1,ARIF SN 13,https://play-lh.googleusercontent.com/a-/ALV-UjUUH_DRaqQMjaq_n8ZCOg98-gQBT7f0ppdxoLwMfBNzoom8_-0,"developer hoyoverse gak ada otak. masak map muluk di gedein tapi konten di setiap map gak ada yang bagus. map kosong explore buat cari chest doang. seharus,nya kayak wuthering wave lah. map di isi dengan musuh yang bisa bertarung sendiri antar musuh. biar player ada yang di tonton pas explore. dan di map tambahin kendaraan kayak pet kuda atau naga atau apalah. jangan di natlan doang tapi di semua map biar seru. Ama bug ce hilangkan jangan jadikan ciri khas game",1,0,,2025-03-23 23:54:19,,,
427ce1da-c883-4cfe-af5d-07dc71d5aa1f,Rony D. Pradana,https://play-lh.googleusercontent.com/a-/ALV-UjW12JYKVl_BgQuNNAWf19CqWib2w0pGPnyvPH6Qeg6fQ6Y89G4CvQ,need gamepad support for Android,3,0,,2025-03-23 23:09:56,,,
2a849650-505b-4d8b-a637-93666447e40a,Ky Zinx,https://play-lh.googleusercontent.com/a-/ALV-UjXKGEPNZQeJbPsaDopKtG3meL7z2iYvmBn3HAuQ7WPi2ZHh9mVn,Banyak bug jadi tolong di perbaiki supaya saya bisa mendapatkan karakter zhongli dan nahida secara gratis🗿😏🤑🤑🤑,5,0,,2025-03-23 22:28:07,,,
589e89de-50c1-44e9-a60c-21e137412578,Kuuhaku,https://play-lh.googleusercontent.com/a-/ALV-UjUNpvNrT6frMCE7VzG4ni-5PgMllNDxRnw_oeJWIFgkEXCb7kBq,I rest for awhile coz my phone can't play.. now I comeback to play .. my account has been deleted.. and admin not gave feedback how to find my account...,1,0,5.4.0_30057195_30231699,2025-03-23 22:03:50,"We sincerely apologize for your unsatisfactory experience, Traveler. Please contact our Customer Service team via email for specific help with this issue.",2025-03-25 23:49:14,5.4.0_30057195_30231699
0c4ada1e-7411-4e4c-84bc-09286eac3a2b,Desi Ratna sari,https://play-lh.googleusercontent.com/a-/ALV-UjUPDcY-_FuhUzy-slNNbuTpYbKJT6HlgXj9BhFviy2J5hHLlunV,njir download datanya lama sama nguras kuota sampe 25 gb an,2,0,5.4.0_30057195_30231699,2025-03-23 21:02:30,,,5.4.0_30057195_30231699
c0c675b6-b40d-4808-9c5f-ead285131555,Yuko,https://play-lh.googleusercontent.com/a-/ALV-UjWyYAQovv_I50eRFuQt5TE3toNnPX01fF8zj-3AZrwBu1_2PChz,"bagus banget! cuma... waktu gachanya itu loh, hehe, tapi overall bagus banget!! story nya bagus, visual nya bagus. tapi sayangnya ni game berat 🙂‍↔️🙏 ( bahasa indonesia nya kueren pol!, also dub japan nya 🤭 )",4,0,5.4.0_30057195_30231699,2025-03-23 21:01:55,,,5.4.0_30057195_30231699
22d8b213-f096-4d1e-8bf8-a1fade86e0b2,Alfadh,https://play-lh.googleusercontent.com/a-/ALV-UjV1XG_WCp3Ahuj39_X3gpPJr-mK8Ly8HYzQErBtlBJ7wxmh2h7Y,game genshin impact ini cukup keren sekali dan dapat melihat perjalanan seorang pengembara dengan paimon,4,0,5.4.0_30057195_30231699,2025-03-23 20:53:51,,,5.4.0_30057195_30231699
33081cf6-4e19-4a73-897d-d1527b989c20,yusuf pauji,https://play-lh.googleusercontent.com/a-/ALV-UjW3mcn8jisAryh0qjLHp7yo9cnDt6dGpT_VLmq1JWSAtVcujFF6,game edan paling mahal topup nya tolong juga kalo reconect itu ada fitur skip dialognya masa main game isinya dialog mulu terlalu banyak karakter perempuannya juga tambahin juga voice over Indonesia,4,0,5.4.0_30057195_30231699,2025-03-23 20:20:10,,,5.4.0_30057195_30231699
ba989551-a4b9-4293-840b-78531358a1e7,Munawarah 323,https://play-lh.googleusercontent.com/a/ACg8ocLSvEjilDgfUIvgNdkuKCw2eAKQrIbnLikVKe3SFbcW_dgYQQ=mo,aku suka gamenya tapi kenapa setiap kali gacha di acquaiant fate dapetnya selalu diluc dan kalau rate on dapatnya juga diluc tidak ada Hero lain apa jadi kesal jadinya main game ini,1,0,,2025-03-23 20:09:03,,,
da5f9c5b-793f-4da5-a635-95318731520c,Rjb Danis,https://play-lh.googleusercontent.com/a-/ALV-UjVQjbCRt026rLwRIQTnqD2T1L7qBhzT_oZyJVJRjo8Mil0LiL4,"game kikir dah nabung Primo 2 bulan buat furina malah dapet keqing c2 sama tighnari c2, kedepannya kalo Baner nya karakter itu dapet nya karakter itu bukan karakter lain.mau aneh tapi game cina",1,0,5.4.0_30057195_30231699,2025-03-23 20:03:14,,,5.4.0_30057195_30231699
8bb0aa6d-b204-40ed-b560-7d575c30f940,Re,https://play-lh.googleusercontent.com/a-/ALV-UjWKfkIosYWySn-GWjokph8f2MKyyOTfq0bOTiZ6EHFOqzW06kfM,"ini game seru, aku menang rate off 8 kali",5,0,5.4.0_30057195_30231699,2025-03-23 19:05:23,,,5.4.0_30057195_30231699
50ff4ed3-7e73-4060-9b0a-e99fff728ea1,Denn.,https://play-lh.googleusercontent.com/a-/ALV-UjWSnKUbwcmK6CcAkCvBqo_uEgDy5YoezIHMXRSAWRPv9g5MwYuF,jelek,1,0,,2025-03-23 18:57:59,,,
f1175abe-911b-46d4-9a7c-1cd0b997b19d,EL GAMING,https://play-lh.googleusercontent.com/a-/ALV-UjXsRyaZzebkKvqXYz2cUrNEGparA3YKHw1hkNS5GgrUbZHGvUlL,banner hutao plzz dan game bisa lebih baik lah jangan kikir kikir amat,5,0,5.4.0_30057195_30231699,2025-03-23 18:45:27,,,5.4.0_30057195_30231699
49eb047a-b657-44df-b835-e66ba64417be,Faris Ainul Y,https://play-lh.googleusercontent.com/a/ACg8ocJuzxjzj0fbf1np5wG8QBA9HCXDprA121p-8Utzt03Y9IaI5A=mo,mantap,5,0,5.4.0_30057195_30231699,2025-03-23 18:44:17,,,5.4.0_30057195_30231699
a646527e-cde1-4dd6-a81d-2a1863e8e46b,yours amaaa,https://play-lh.googleusercontent.com/a-/ALV-UjXF2I1luHBWe9mrI512rTZnDkLQd-UihAJyj3TUnfEjzpt3xXQ,"seru kok, tapi sistem pity masih terlalu tinggi buat f2p kayak aku, hadiah juga ga terlalu banyak, jadi susah buat dapetin char yang di pengennin (AKUN GENSHIN KU ILANG ANJIR, TERPAKSA BIKIN LAGI😭😭)",4,0,,2025-03-23 18:15:43,,,
4c5bd19b-1eb7-4d13-bb61-d1e84ae11e77,Emyr Aether,https://play-lh.googleusercontent.com/a-/ALV-UjXrSNpXjDHDj9Ks6hf-zPzxXZB2-jHFTxx5MIhSLpeSwkwZxRzY,"game paling bagus sedunia game paling the best of the best dah, aranaranya lucu tapi quest nya enggak🗿",5,0,5.4.0_30057195_30231699,2025-03-23 18:12:37,,,5.4.0_30057195_30231699
f80a4873-dde0-4f47-8f9b-43acc3cb0378,deva pradnyana,https://play-lh.googleusercontent.com/a-/ALV-UjWVtCZtbGEO45DfO0e8Snd9Kk0uGE_WDHSd1pgpB4hwo48jJ2Nf,game babik,1,0,5.4.0_30057195_30231699,2025-03-23 17:56:33,,,5.4.0_30057195_30231699
4d9b0bae-2ae4-4ef4-a09e-14a37b3461f1,Prince Aldtand,https://play-lh.googleusercontent.com/a/ACg8ocLClfhZxd7B_lpOJSo0IRs7KoKev-dQidTnkqZDiGODmszWHQ=mo,game jelek loading sangat lama sampai ber jam jam,1,0,5.4.0_30057195_30231699,2025-03-23 17:08:14,,,5.4.0_30057195_30231699
e646a735-ed1c-4516-b54e-c1a571648d68,Heri M.heriapdilah,https://play-lh.googleusercontent.com/a-/ALV-UjVIhWmp-ZguUK6unAibozTvHcsJfJ8BinhpAHAGr7Ngko-KRzk,ok,4,0,5.4.0_30057195_30231699,2025-03-23 16:45:09,,,5.4.0_30057195_30231699
59c9fdaf-cebe-45c0-b64a-021e3913e215,Ga,https://play-lh.googleusercontent.com/a-/ALV-UjUJZkWDMZApIYzOOwX5-fv3RGQBap2O7EQ6nDwglNcIiamJjFUD,gem kikir nomor 1 setelah ml,1,0,,2025-03-23 16:42:10,,,
d783a9ca-ee3a-4fb8-9525-4beb3a4294af,Sdn Karngwuni,https://play-lh.googleusercontent.com/a/ACg8ocKA9FUAoCyRRL2-9_dp_CL9jyQ2o0gpw-9-rcAns9PU9_8zew=mo,game nya bagus cuma minus nya pas dowload data lama dan pas lag / jaringan eror pasti harus dowload ulang dah lama dowload nya malah suruh ngulang,1,0,,2025-03-23 16:41:29,,,
543f749d-30c0-4626-92c5-ab96ca97e891,taufiq Opx,https://play-lh.googleusercontent.com/a-/ALV-UjW9sqQen86lbGVYhC5gm5t4gRF9xZiAsNBuWGk19cLroDrWkfIo,good job optimasi buat user² kentang biar makin bayak playernya,5,0,5.4.0_30057195_30231699,2025-03-23 16:00:40,,,5.4.0_30057195_30231699
484d2692-3425-45a0-9b0d-ae3ac31347b6,Nares123_,https://play-lh.googleusercontent.com/a-/ALV-UjVQLCZokRqyjjwX9Y0yOa-9k6MzaD3mRI_k83sKP9IOWAMV0Zci,"genshin makin kesini makin kesana. banyak bngt fanservice dr chr cewenya dan chr cowohya tuh kurang bangett, pls lah player cewe juga banyakk. bansos kurang lagi, gacha ampasss. natlan udh mulai keluar dari topik genshin bgt. DAN WOY CAPITANO KENAPA MATIIIII??! Ya tp game ini bagus sih, open world nya bagus, desain chr nya jg bagus kecuali varessa. questnya tuh ga bosenin. yaa gua hatap sih genshin bakal ngeluarin banyak chr cowo, soalnya tuh chr cowo kurang bgt malah ganservice dibanyakin.",3,0,,2025-03-23 15:55:16,,,
307f9b51-45a3-4a66-85fd-8e8c8f1fa384,yandere simutor6577,https://play-lh.googleusercontent.com/a/ACg8ocLfRQtJ-5U9DXtiknpeaBKHtnrQMCpLrM-OESoM-yG1GzzH=mo,YES I love it I love it!!,5,0,5.4.0_30057195_30231699,2025-03-23 15:26:50,,,5.4.0_30057195_30231699
ee9ed4f8-f7da-40f0-b376-2171af89085c,Kayla Syaharbanu,https://play-lh.googleusercontent.com/a-/ALV-UjUoUN0-h6VOD77ikwJ02h4SQCWKW2ZNofzSI93ESlVz0NKVzXs,"game nya sih bagus, tapi tidak disarankan untuk HP kentang (seperti saya :3)",4,0,,2025-03-23 15:11:38,,,
75c57962-c59e-4f2b-a236-35b58360331d,Muhammad Ramadhan Gobel,https://play-lh.googleusercontent.com/a-/ALV-UjUhSZLvIIBY-Jw4yAoBi9zoXU-mPTsAlKT3QjEIGssosGguoUAT,sangat 👌,5,0,,2025-03-23 15:10:00,,,
372bc6d9-a9f9-487f-b260-7371d976b865,Habsyi Ahmad,https://play-lh.googleusercontent.com/a/ACg8ocLKT-jmtwCgDfE0nlsrgom94AXTI3qgpiDLfOabsY0lEUiElg=mo,apalah login lama banget 😡,1,0,5.4.0_30057195_30231699,2025-03-23 14:50:39,,,5.4.0_30057195_30231699
78bc5c02-ea62-4c62-8ed1-50051358fe4b,FM Project,https://play-lh.googleusercontent.com/a-/ALV-UjVubMCXQYxYudP6gwV5AY_MUgTV27fSxm22zO15-mFGfJFtLzsw,nice,5,0,5.4.0_30057195_30231699,2025-03-23 14:33:27,,,5.4.0_30057195_30231699
84faf291-71dc-4bb0-8da2-40417bc1d1dc,Carissa Sarah,https://play-lh.googleusercontent.com/a-/ALV-UjXlFvMrb7pxUel-JOFUohUHjLmZMPvGJwr1LEE-YzPcKttbNtVW,love u genshin🫀🫀👉🏻👈🏻,5,0,,2025-03-23 14:17:10,,,
de38c1b0-5b4b-4235-b2ac-3ca18d8b78d9,Husin gemes,https://play-lh.googleusercontent.com/a/ACg8ocK7jO96cSEIQm49XXUNxDLGrmf3P39PO4D7XG95b5Ljcs2orA=mo,Grafik mantap tapi Download Data nya lama kalo pas update lagi download Datanya di kurang ya Jangan terlalu lama,5,0,5.4.0_30057195_30231699,2025-03-23 14:14:51,,,5.4.0_30057195_30231699
cca7e128-d4bb-45cb-bb0d-c79c14021f5b,Marcello Rafly,https://play-lh.googleusercontent.com/a-/ALV-UjUPZ_C2o9nyC3liOXr4wYv_6AB0MDL8O0HhvsQ491MfZWPV4p0,bagus,5,0,5.4.0_30057195_30231699,2025-03-23 14:09:29,,,5.4.0_30057195_30231699
ba84f3d3-89c1-42a8-a96f-f00fb9edc83d,Riii,https://play-lh.googleusercontent.com/a/ACg8ocKSC7hK6utgo4ojIrJCkgv34mH3QmGAwyTnhA9KI6Q7HbmrEA=mo,"hoyo buff hu Tao please, passive (added crit rate besides hu tao) , c2 and c5 hu Tao so useless",3,0,5.4.0_30057195_30231699,2025-03-23 14:05:35,,,5.4.0_30057195_30231699
ea70a751-bbe3-4dd4-ab12-270b12b3df5e,Putu Andika,https://play-lh.googleusercontent.com/a-/ALV-UjVLNgwFVmAbtqVl4deMXXeX5zp1qbZ0gsxjJYhXo45WcBoq_CQ1,hp gue meledak jir,5,0,2.4.0_5199000_5224067,2025-03-23 13:15:54,,,2.4.0_5199000_5224067
9243ad40-ca20-41bb-835b-b7eb28c69e5e,Kharisma Ima,https://play-lh.googleusercontent.com/a/ACg8ocJIs0oN5s8MXezaah-3tjMtqpUBBM6ZlKJQTr4zpC1bQ3PIYg=mo,mengunduh datanya lama banget hampir mau 1 jam,3,0,,2025-03-23 11:42:31,,,
6393befa-d766-4c14-a5b4-308d8f56710d,Elia Bima,https://play-lh.googleusercontent.com/a-/ALV-UjX7Z3fNI5cGrlwC5CgWxbokBNldN36cf3-kkrmqYzFZO27UQ9c,"saya sudah download data,tetapi saat ingin download berkas nya hp saya sering mati sendiri dan mengulang mohon perbaiki jika tetap seperti itu",2,0,5.4.0_30057195_30231699,2025-03-23 11:42:16,,,5.4.0_30057195_30231699
115d4334-0916-45ec-b733-92c721fb1602,Syahrir Syahrir,https://play-lh.googleusercontent.com/a-/ALV-UjV-5dNdsecS9-5BC5jLZAXHHQVRMtoRzThdWUAzqmpEriZfC92z,sangat memuaskan.,5,0,,2025-03-23 11:05:57,,,
4f0a9b3a-cda5-4077-8cd4-a08df85f96e9,Azra No 18,https://play-lh.googleusercontent.com/a-/ALV-UjVjTq2fpJ6ZTxWTm-jB4AbZes6jQR8ShfV7TIyqO5Iciiy4KpYA,MANTAP,5,0,5.4.0_30057195_30231699,2025-03-23 11:03:29,,,5.4.0_30057195_30231699
06edd36c-0079-49de-aee3-528d110cfb70,Anatama Farhan,https://play-lh.googleusercontent.com/a/ACg8ocL8XikAJEVk0qqJmsRQv64mkDWoau-uX-OhY7TaOu_BhxGKYA=mo,bagus,5,0,5.4.0_30057195_30231699,2025-03-23 10:53:31,,,5.4.0_30057195_30231699
751f4fe6-0207-420e-a13c-ea515e793c6a,Dafaillyas Mulyana,https://play-lh.googleusercontent.com/a/ACg8ocLmjoRWTrrYhn-bhU-rovs9PLS9KVw7MMo_2rsSJSCLTwjMKA=mo,"berjalan dengan baik di settingan low-medium-high 60fps di poco X6 5g. sangat recommended bagi teman yang suka petualangan, hack n slash, dan storyline. bagus banget, optimasiin lagi performanya yaa, atau bisa ngurangin render distance",5,6,5.4.0_30057195_30231699,2025-03-23 10:06:51,,,5.4.0_30057195_30231699
75c4ff0e-6555-47a0-9acf-a76cd4e20768,Kiyanadira calista husna,https://play-lh.googleusercontent.com/a-/ALV-UjVO9mL3w70LfU6cj-3xYcC-taEw7QwNdf8tr0ROmpoV-gs34pQ,nicee,5,0,5.4.0_30057195_30231699,2025-03-23 10:06:17,,,5.4.0_30057195_30231699
ad24c846-28c3-4a43-bac4-0a09b0f917ad,Ummi Faizan,https://play-lh.googleusercontent.com/a-/ALV-UjUpBnbBHEiCF1124Y1PW28XLMHCxRR5IxY2nERyOmNssqbo0RgE,bagus,5,0,,2025-03-23 09:27:39,,,
79456d22-b28c-4e09-aaf8-d6c9aac3d64d,Moh Zul,https://play-lh.googleusercontent.com/a-/ALV-UjV1bm6yb6NKIeFhFw-SmbC8149u4T-j1COdxaNhgy0GhjQ2xnVL,lumayan bagus walaupun fpsnya sering drop pdahl pkae setinggan low dan hp ram 8/128 helio g85 tpi alhamdulillah msih bisa main,4,0,5.4.0_30057195_30231699,2025-03-23 08:57:06,,,5.4.0_30057195_30231699
92a11a16-258c-4987-9bb6-8955797976b8,muhammad fakhrurreza rifai,https://play-lh.googleusercontent.com/a-/ALV-UjWEhPPA8mMyoV8b1uGGUQo39W0GxCK5csEzoC2pxsTZgAYFZM6-,"kata mama,aku belom boleh msin genshin,katanya ceweknya seksi seksi kata mama aku belum boleh main",1,0,5.4.0_30057195_30231699,2025-03-23 08:46:41,,,5.4.0_30057195_30231699
f5f3e950-63e6-468f-b487-35a4beac5539,Redhaayu MahaQueen,https://play-lh.googleusercontent.com/a-/ALV-UjU_ZdxrfeMqEhv4lMOSMBuzkv65rECIiEbNJ_TAkXd69N1rzAVp,"game nya gak jelas tiba tiba download data lagi, padahal tadi pagi bisa",1,4,5.4.0_30057195_30231699,2025-03-23 08:35:31,,,5.4.0_30057195_30231699
6d0a07fc-babd-4915-9b2c-4ee7fba56abe,Fall in Angels,https://play-lh.googleusercontent.com/a-/ALV-UjU-oJ7hfb71_EGL0j6K2BPbcdRY8svKFEKTAxMx4cmE3cKXcI-a,Overall game nya bagus.... enjoy your Journey,5,0,5.4.0_30057195_30231699,2025-03-23 07:10:39,,,5.4.0_30057195_30231699
21188b65-8eae-424a-8365-1c8acfa7542e,Radit gamer,https://play-lh.googleusercontent.com/a-/ALV-UjVLYy8rE9sv32T6Jejz3nAVSpJpUtBj4CZ7HoO25aaGUYoNiNY,bagus banget sih,5,0,5.4.0_30057195_30231699,2025-03-23 07:01:08,,,5.4.0_30057195_30231699
eb7070fb-7ed8-487f-8d07-34ffe0525bf1,Enin Greed,https://play-lh.googleusercontent.com/a/ACg8ocLJ954xYWC4wnWTc6OT5fcgEKW5QcANKYMpaHj9fLux38ONXg=mo,cool,5,0,5.4.0_30057195_30231699,2025-03-23 06:26:13,,,5.4.0_30057195_30231699
166dc333-8ed3-470d-a662-a02f4d982b03,Haikal Proo,https://play-lh.googleusercontent.com/a-/ALV-UjUBdxQhaY8sTXVbsfLVEXHb1VbXaS_6ZMjAIUANbLjBzqaCg1Y9,"g99 Masi kuat medium,EMG bagus bet nih game 🔥",5,0,5.4.0_30057195_30231699,2025-03-23 05:43:48,,,5.4.0_30057195_30231699
e80ea5ac-5c26-4a15-b726-d1d337998e53,Akun Coc3,https://play-lh.googleusercontent.com/a/ACg8ocK6N-MvpKnMVUBNGUQCwzZQSbqkgy8qLU2wCZwqVhHKkD9-PA=mo,"untuk game nya bagus bgt karena gw dah main cukup lama. cuma di versi saat ini tuh gamenya berat bgt ,berat ny di mode co op pas event dan itu sangat menggangu yg dimana yg harusnnya skornya tinggi malah jadi paling bawah gara2 co op mungkin tmn2 juga yg main game ini dan hp ny dah gak ngedukung dan pas2 an grafik rendah ngerasa kalo setiap event yg ad co op ny itu pasti berat. Sedikit masukan ya kalo ad event mending co op ad tapi yg solo juga ad biar g terlalu berat efek samping nya",5,0,,2025-03-23 05:36:55,,,
e65056f1-690a-4112-9acf-9d0e84c10dfe,Zahwa Abidah,https://play-lh.googleusercontent.com/a/ACg8ocKekTU2uLTy_5_caID9lRmEGNDCpvB2F38n1iWKUyvF4-0irg=mo,mantap👍👍👍👍👍,5,0,5.4.0_30057195_30231699,2025-03-23 03:04:54,,,5.4.0_30057195_30231699
c887a1ed-7a2d-4788-8142-e070898a6a20,Agung Dino Pangestu,https://play-lh.googleusercontent.com/a-/ALV-UjWpxorKcE0AtYLBBIurO0Ol4BeYD5qHxBUHSFSls8Xv3S8ZZmaX,👍👍👍,5,0,,2025-03-23 01:52:00,,,
4216bb21-ece8-4443-8c2f-4b7b5818bebe,MR BLUE,https://play-lh.googleusercontent.com/a-/ALV-UjXe6G9iKIhFtVzaJ-12TN9AHQZU86anT2Xy8TJ4x6nWL4GGf1MY,seru side quest dan misi misinya seru tetapi ada yang kurang dikit tentang... side questnya tolong kasih fitur skip karena setiap perkataannya seperti ada yang penting ada yang nggak penting jadi tolong kasih fiturnya,5,0,5.4.0_30057195_30231699,2025-03-23 01:38:31,,,5.4.0_30057195_30231699
a3c9657c-d499-4224-8c6a-0652e8dd7ddb,Felix Marciano,https://play-lh.googleusercontent.com/a/ACg8ocL86wI2keuQQ0OGKX1uAi0d5ZYnvA8AxeKLi1FydG_wMy-U3Q=mo,谢谢,5,0,,2025-03-23 00:34:21,,,
50940efb-5c4e-4a43-b8b0-fde447bfa23f,Secondary,https://play-lh.googleusercontent.com/a/ACg8ocKBhZWmg5rv1rIDR_J-4qv0gIPqwQzr5DsF2YspuoerDH_y5w=mo,absolute story ✋😐🤚,5,0,5.4.0_30057195_30231699,2025-03-23 00:04:59,,,5.4.0_30057195_30231699
0566963f-bb39-4a0c-a458-d5977528e23f,Syifa Can's,https://play-lh.googleusercontent.com/a-/ALV-UjVRdwEQ9_YhYfk6gm49Pn0n-4XWqSLibinU5e5zkRyiBJTO-0Nf,"HOYO...tolong lah... bansosnya jangan dicicil...kalo bisa kasih Primo itu 300 kalo ga 400 lah...biar ga pelit banget...dan juga...dimohon ya hoyoverse...tambahkan fitur skip dialog...dan juga tolong lah...jangan kepanjangan kalo buat dialog...download datanya dikecilkan sedikit ya.... minimal 17 GB kalo ga 15/13 GB an...yang normal aja...hargai yang ram 4 lah HOYO...tolong banget... download datanya juga jangan besar banget....sudah segitu saja keluhan saya,semoga dibaca sama hoyoverse...",2,5,5.4.0_30057195_30231699,2025-03-22 23:59:43,,,5.4.0_30057195_30231699
a0b4d388-f995-42d9-ac1a-80ee5bb21bf5,Galak Tron,https://play-lh.googleusercontent.com/a-/ALV-UjWRH4LiM6TiovrtpZxiGjN89iooP8tt-JuMorgAnzxIZ7Uo4UI7,Ambashin,5,0,,2025-03-22 23:45:14,,,
027adc6c-f672-4d44-bedf-75c34f8cb898,Elza,https://play-lh.googleusercontent.com/a-/ALV-UjUUKAbk30hdcokIH_Oz_Ue23v23nYpkRRN1KdXBOrH8EiVzrOcu,makasih game baik,5,0,5.4.0_30057195_30231699,2025-03-22 23:25:19,,,5.4.0_30057195_30231699
f3f78b3d-06d1-4e07-bd02-1a3d3bc94cb9,danu prasetia,https://play-lh.googleusercontent.com/a-/ALV-UjX4J24vG8PeNhz_11ivc0bHS1hUfPtKPMM-hdODwo7xtsIoq-O-,"min tolong dong adain fitur tuker senjata sama temen ataupun akun ke 2,soalnya gacha senjatanya suka kebalik",5,0,5.4.0_30057195_30231699,2025-03-22 22:30:13,,,5.4.0_30057195_30231699
3a4f2b70-a43f-44f9-8a74-687d71d55160,Evindra Agustina Herawati,https://play-lh.googleusercontent.com/a-/ALV-UjX_4qCVzvjS-OhyyMh5zfzxLKnf2x-lf2oWhL49Yfz213s8V4k,Game ini bagus walaupun pas update loading nya lama.satu lagi mihoyo tolong rerunin klee🙏🙏,5,0,4.8.0_24603909_24822834,2025-03-22 22:18:12,,,4.8.0_24603909_24822834
e09c46a9-5806-464b-8f94-eea148da5f69,R N,https://play-lh.googleusercontent.com/a-/ALV-UjVTH8oBcZ2a12twUe5zELYqhus8Ubr6baOVym8GBo_brDlEye4,"updatenya terlalu besar, malas download",2,0,,2025-03-22 22:10:20,,,
08f16d45-891a-461f-bd94-754659455918,Abyan Genta,https://play-lh.googleusercontent.com/a/ACg8ocIXaC2Ij97HDi9fD3VbxqSHGA7kFrTbKXY5uI0QDHwKnxp_3s0=mo,game nya seru,5,0,5.4.0_30057195_30231699,2025-03-22 21:45:44,,,5.4.0_30057195_30231699
4c7bad59-583b-4649-a838-ab4dc8ff41db,Acha Yuhendra,https://play-lh.googleusercontent.com/a/ACg8ocIxcABEGeVP93-s5x_qgyAJEJrkB_vRDYTBwknt-ruWd_0Tbg=mo,ini game nya enak seru,5,0,5.4.0_30057195_30231699,2025-03-22 21:38:09,,,5.4.0_30057195_30231699
2645d8d2-6b13-401d-bccc-6497732c214b,Andyka Ndyka,https://play-lh.googleusercontent.com/a/ACg8ocKDgsCAQ_bFxmcKfO8nlIgGPrUxhRCzbKUq1WovOHxn6DJ_Sg=mo,game nya udah bagus tapi kok susah banget dapatin primogem tolong dong cari primogem lumayan gampang,5,0,5.4.0_30057195_30231699,2025-03-22 21:28:23,,,5.4.0_30057195_30231699
868d30f0-7816-473f-a0bf-dbdb4f03d2e9,Inayah Arsy,https://play-lh.googleusercontent.com/a/ACg8ocIxL6WqHVJTav8wzA-p6eJRL-IgJuZBJGtZtiok55CnIJPKHw=mo,i hate the gacha sistem!,1,0,5.4.0_30057195_30231699,2025-03-22 20:44:13,"Hello, Traveler! You can view the Wish System rules in the Details section of the Wish screen. If you have any questions about the details of the relevant rules, please feel free to contact our Customer Service team via the in-game feedback channel or email.",2025-03-25 23:52:24,5.4.0_30057195_30231699
f8b1c69a-1fe2-4188-aef4-5374d144b788,Akun Moonton,https://play-lh.googleusercontent.com/a-/ALV-UjX6B9MMuUi_ar2RzevkBL7whKQrUdFWjiMs8V5TXF1q_k5Dfig,gak bisa skip storri quest plus rate off 90 bjir,2,0,5.4.0_30057195_30231699,2025-03-22 20:42:39,,,5.4.0_30057195_30231699
8ba85aa5-4c1a-4204-b330-0c610d0f2949,Eka Aliya,https://play-lh.googleusercontent.com/a-/ALV-UjUxx_NM5iybEologeeCSKshg6JIGYsGy0tIHwwjfxXOfrsq5-uh9w,game nya keren dan bagus untuk grafis nya keren 10/10 😹,5,1,4.8.0_24603909_24822834,2025-03-22 20:30:42,,,4.8.0_24603909_24822834
697502fa-81ae-47e2-abf8-0072d8e11eac,Rizal Fernando,https://play-lh.googleusercontent.com/a/ACg8ocLz-D1JCpMlOF5OnmuStA03NHSRvE2hMnUSfZJZoxvRIyLOBw=mo,"game ampas, ini game memaksa kita main quest lebih dari 30 menit dan tidak bisa ditinggal, kalau tinggal ulang lagi harusnya ada peringatan dulu tidak cocok untuk anak"", karena akan melawan kalau disuruh andai questnya belum kelar jika koneksi internet hilang walau sebentar mereka akan memaksa anda untuk memutar ulang video menyebalkan yang menyita waktu anda andai ada bintang minus 10 saya akan berikan, bintang 1 terlalu banyak",1,12,5.4.0_30057195_30231699,2025-03-22 20:08:53,,,5.4.0_30057195_30231699
c7b40bd1-d5c6-4a41-bd1a-566ba9529a55,Ikhsan Suniba,https://play-lh.googleusercontent.com/a-/ALV-UjXUsFOVEJ7C8FBOAuNK3iAxLSu1AzA8mJIXoquTRHC0qoacRv0C,Game yang punya banyak sekali kenangannya,5,0,5.4.0_30057195_30231699,2025-03-22 19:16:30,,,5.4.0_30057195_30231699
bafd7153-92b8-4fcf-8bf3-a04b7ba10d37,flah puding,https://play-lh.googleusercontent.com/a-/ALV-UjWwlVuL0Bhki9aRwPZe2uOUt1_yxFLWmhcq-WrCDvuqD8Xa3c5g,"sungguh baik sekali game ini, terimakasih telah memberikan saya furina dan artefak yang gacor gacor 🤩",5,0,5.4.0_30057195_30231699,2025-03-22 18:41:52,,,5.4.0_30057195_30231699
ed792f88-e73f-4ce4-a638-243f09b65457,Hari Desy,https://play-lh.googleusercontent.com/a/ACg8ocLyJb4VcGC5W4uk0DK8YIYgDn-r4rS6ZJrsMlUkNbrrw5YaGw=mo,bagus bangeettttt,5,0,5.4.0_30057195_30231699,2025-03-22 18:39:32,,,5.4.0_30057195_30231699
9de9ff68-de50-4eb7-b5d3-1e7fe028275f,brigitaa (gita),https://play-lh.googleusercontent.com/a-/ALV-UjXsC_X82xZChMyTK68X5ngHPTGjE5UGFKPWOQni91bShWuWOZzT0A,"gamenya bagus, dengan paparan grafik yg manjain mata kita, menurut gw ini bagus bgt buat orng yg main game ini mangkin di bikin betah apaalgi gw.. btw updatenya tiap ada karakter baru ataj region baru pasti updatenya besar besaran dan juga makan gb bgt tp overal bagus thx genshin for your gameplay.",5,0,5.4.0_30057195_30231699,2025-03-22 18:20:06,,,5.4.0_30057195_30231699
4dd33c22-1015-4440-b43c-82d645ac3395,Tio Febri,https://play-lh.googleusercontent.com/a/ACg8ocLatjSXNF1sh9ADFUQdT9Wk_q0E3FGP0AaUv_baP1gGfOn0Kw=mo,kalah rate off Mulu dikirain nyari primo mudah GPP sesekali lah gw kalah mulu,1,0,,2025-03-22 18:11:06,,,
fcebf53a-65da-4be6-b78a-4cdd31015a80,Rigio Jacinto Guterres Da silva,https://play-lh.googleusercontent.com/a-/ALV-UjU7QC2Xm80ifp3ficTspxt1qoOx-exPJEAv9e3Z_ELcd2ihyVkC,game nih yang terbaik 👍👍,5,0,,2025-03-22 17:36:48,,,
b27b95b9-f64a-4f6c-b3f2-9cebe60ee6ff,Nur Fakih,https://play-lh.googleusercontent.com/a/ACg8ocJ4gv1reZdwLUENlU9R-ouv0gopP8BOfZHECNXUQtApvCEtOQ=mo,best,5,0,5.4.0_30057195_30231699,2025-03-22 17:32:07,,,5.4.0_30057195_30231699
3738c603-aec9-40cd-9859-dd0fd04aac63,Dafa,https://play-lh.googleusercontent.com/a-/ALV-UjV2sUjMNfLGyaJ6OcMDYNKNMzpPNORQDTCg00K1dCnGigQ-ZL8g,Terimakasih game baik,5,0,5.4.0_30057195_30231699,2025-03-22 17:27:51,,,5.4.0_30057195_30231699
11537bce-fb4d-4392-9d39-aedf5398e38f,Kardjosono,https://play-lh.googleusercontent.com/a-/ALV-UjX2EnWKuev7KBtyAkKb-R_9QWwfpOE7InXuXVP8xeA9bJuk0w,game nya sangat bagus update menjadi ada Mizuki,5,0,5.4.0_30057195_30231699,2025-03-22 17:21:36,,,5.4.0_30057195_30231699
a180c27a-9169-4a99-9e01-b8107894166a,Fariz Firdaus,https://play-lh.googleusercontent.com/a/ACg8ocL14rrcHXgFZzYoBn9whN9377oPo4hwMmS2sj7wMhdBftPT8A=mo,apik🗣️🔥🔥 ini,5,0,5.4.0_30057195_30231699,2025-03-22 17:05:09,,,5.4.0_30057195_30231699
3bf16e30-8a0b-4a1b-9337-547574c466dc,Kembar Tiga,https://play-lh.googleusercontent.com/a/ACg8ocI1fWXAIhXoG6G0L9vJugeXWVEg92nqIXlN7eaqUJYAzQvb0A=mo,"ada masalah saat masuk ke game nya langsung force close gitu , padahal sudah main game 1 thn masih baik-baik aja saat main game . tiba tiba kok sekarang ada bug ada di versi 5.4 , mohon dev perbaiki bug ini untuk update baru nya 🙏",3,0,,2025-03-22 16:59:55,,,
ac52f7a6-b2be-46e8-8297-3fd80c7645c4,Shelly Akk,https://play-lh.googleusercontent.com/a/ACg8ocKbgomFgo8xstuITXfsdXxxnb5RT8ZHx1s_gE8lHZSSMvwlWQ=mo,game yang bagus aku suka,5,0,5.3.0_29183395_29332470,2025-03-22 16:33:20,,,5.3.0_29183395_29332470
5d6e93d5-c847-4236-8cce-282fbf82981a,Rizky Ky,https://play-lh.googleusercontent.com/a/ACg8ocKpimVb5Qpq0RH5ZzKZaM4T0XRNyqF_uc42AoJAyJqdFH3n5w=mo,grafik ggwp,5,0,5.4.0_30057195_30231699,2025-03-22 16:30:39,,,5.4.0_30057195_30231699
e39d33fc-0df5-483a-abaa-2a35610eff81,Sinar Bias,https://play-lh.googleusercontent.com/a/ACg8ocJ8khZbv_w2DF1sHB9FWXZgjkA-CvhDqR9nLD2RjXEQMuQbBA=mo,bagus,5,0,5.4.0_30057195_30231699,2025-03-22 16:22:30,,,5.4.0_30057195_30231699
54e09068-f06e-496f-88f8-4ff2bfb049b4,Amiira Ramadhani,https://play-lh.googleusercontent.com/a/ACg8ocKBko4l94c9vXIMysfk9XZYcEofIkFQWHAPJitGnhY4RZyrPw=mo,"bagus banget coy sebenernya, cuma makin update makin makan penyimpanan 😔😔😔😔",5,0,5.4.0_30057195_30231699,2025-03-22 16:12:37,,,5.4.0_30057195_30231699
3ec21c4a-f88a-4151-9507-08a142f0ba8f,Aksa Xavier,https://play-lh.googleusercontent.com/a-/ALV-UjU0a8mN6V51dpICXK0YV44HJlPH5DfENuyOy3RUqNkcJV8PnHE,sedikit pelit😹,3,0,5.4.0_30057195_30231699,2025-03-22 16:09:19,,,5.4.0_30057195_30231699
3aab16de-f773-489b-8f00-7e2d445aeedc,kiki mary,https://play-lh.googleusercontent.com/a-/ALV-UjWmACLHPyr1g6gBzF7P5RIPc2dkKfNCg6GMUr1IKdhSpJ9HcChK,"grafiknya bagus,Mayan lah main santai santai sikit,tapi gachanya tolong dipermudah yaa😘",5,0,5.4.0_30057195_30231699,2025-03-22 16:07:14,,,5.4.0_30057195_30231699
aee7a12a-3714-483a-bc04-bbaf475e1666,Potakilain Joestar (Potakilain),https://play-lh.googleusercontent.com/a/ACg8ocI7KeAHmQjLrBInRjkpCnCj8invbvy8h6MP_hZ5QVeWDcUwlg=mo,Dulu saya adalah seorangyang berangan angan mendapatakan hutao di rl,1,0,5.4.0_30057195_30231699,2025-03-22 15:15:48,,,5.4.0_30057195_30231699
b407d23d-5567-4563-a46d-645c762db175,Sumirah,https://play-lh.googleusercontent.com/a-/ALV-UjV0VomThE_EdlrKlITQbKMyD6M2pvkindjFoORdoFz4_AjzyEM,"baguss bangett game nyaa, grafik nya juga di luar nulur pokoknya bagus dehh, apalagi buat nyari husbu atau waifu",5,0,5.4.0_30057195_30231699,2025-03-22 14:48:31,,,5.4.0_30057195_30231699
bac41153-3fe4-4660-a56e-607c0142a37e,M.saipul Fahmi,https://play-lh.googleusercontent.com/a/ACg8ocJQPp00WIS9lLAwp2yaYWhksW9r__4D5WL2h9jb5P3-UIkltA=mo,good,5,0,5.4.0_30057195_30231699,2025-03-22 14:41:16,,,5.4.0_30057195_30231699
5b01ae4b-5969-4bba-b463-b3372db4fc2f,Nadz Boy,https://play-lh.googleusercontent.com/a-/ALV-UjVC67jfWVKffC5ojmDy4RQOGgrl4_PuWDjuhoJAEIkhQR8cLzHn,mantap,5,0,,2025-03-22 14:16:29,,,
ffdda276-da7c-4b2f-8df4-1e8a68826e05,Mutia Diah,https://play-lh.googleusercontent.com/a-/ALV-UjXI9L8XNM7yaLbdwjEo6ZJ8KEvBPaJttiWt33nj2HSZVzK5WM20,aku suka game ini karena quest story nya bagus dan map yang memanjakan mata. jadi game ini sangat rekomendasi buat kalian yang suka game petualangan ☆☆☆☆☆,5,0,5.4.0_30057195_30231699,2025-03-22 13:30:37,,,5.4.0_30057195_30231699
fb5b8473-6676-43b2-b5dd-c001a5116395,Rhёin,https://play-lh.googleusercontent.com/a-/ALV-UjUd8WV2LsZZJIpnTjovf4HkK1jvXXXQwlMmjeh3d4W8uPYk0dWx,"Secara keseluruhan si, udh bagus.. cma tiap dialognya terlalu panjang gk bisa di skip, sistem gachanya juga terlalu pelit untuk para player f2p yang rata"" dpt char di pity 70+ itupun kalo gk rateoff.. next mungkin harus di rombak lagi dan hrs dengerin keluh kesah dari para player... dan karna gua juga bayar joki kmrn buat maen gk taunya akun gua kena ban skrg, sedang aju banding semoga bisa.. klo gk bisa balik akunnya otw PENSI dari ini game kikir..",1,0,,2025-03-22 13:11:39,,,
f942ee58-a0bf-46eb-aee7-4467cee366b9,taufik hidayat,https://play-lh.googleusercontent.com/a/ACg8ocJn0Kf0W4jxsYUQQ2bPGXathbQTdENFMuFZjS8f6jHD8CeBRw=mo,tiba2 force close gak bisa login trs plis perbaiki.udah 2tahun main aman aman aja kok kluar gak mau login,3,7,5.4.0_30057195_30231699,2025-03-22 12:54:19,,,5.4.0_30057195_30231699
26eadd2f-5041-4fa6-8fc6-223c9e4e12b2,Oki Syahroni,https://play-lh.googleusercontent.com/a-/ALV-UjXlsAvcYOmwKfNG8ypeVP_NPf_GruQ5w1Qy5ysewssoxLj7LWnn,"game kikir, gada kemajuan KOL",1,0,,2025-03-22 12:49:36,,,
abd25f4d-28c4-479c-86bf-24de30976b88,Kayla Adri ani,https://play-lh.googleusercontent.com/a/ACg8ocIBu52Rh2J9142MKV6-HWGYNVyT0S6oGNXkYCYw1meWoRc7Iw=mo,game kikir!!!!!!,3,0,,2025-03-22 12:19:19,,,
3aca942a-da64-4255-a81a-9870ba8c7202,Yusuf Chauza,https://play-lh.googleusercontent.com/a/ACg8ocIwxmdc6rcE6Oqeo37zQ4Ycj1Q0Qzop_tSKdFkbhnsQ63QlKg=mo,gak ramah untuk player no top up,3,1,5.4.0_30057195_30231699,2025-03-22 12:18:04,,,5.4.0_30057195_30231699
df6b8fa5-bbb7-45c2-ad88-91221e855475,idk,https://play-lh.googleusercontent.com/a-/ALV-UjWOmKnRzsZ8W5kLQEu_5VNmjqXu3QSv6fFC00RouW3zx_yhnWi4,"grafiknya mantep poll, lore sama story chrnya juga mantap tapi tolong bikin tombol skip dialog aku males denger yappingnya npc",5,2,5.4.0_30057195_30231699,2025-03-22 12:02:39,,,5.4.0_30057195_30231699
9d6fbf20-de4f-42c0-ac42-5e3035628706,irvan,https://play-lh.googleusercontent.com/a-/ALV-UjXGmZ_qfjexAHWTW4kRkZcE0U90Zlfs4h2v2YTO_wQ0g47ixRk,"aku sudah memainkan nya dari awal rilis sampai sekarang, walau banyak tantangan seperti account di hack atau semacamnya, aku tetap senang memainkan game genshin impact ini",5,0,,2025-03-22 11:09:18,,,
855b48db-4f9c-4339-ace7-7c299b410176,It'z Alffred Alffred,https://play-lh.googleusercontent.com/a-/ALV-UjX_rf1HXc4u3CCwMeLHmne48LM5WyFB4euusFOJDbvKZisdt64,seru,5,0,5.4.0_30057195_30231699,2025-03-22 10:58:54,,,5.4.0_30057195_30231699
3d024219-bc96-47fe-88e8-c5ed592ba116,— fyorine,https://play-lh.googleusercontent.com/a-/ALV-UjXb61pmPbA361tA8N_7D9kn8RU_uCvbNEYrXwCJx3NekCkhzEWt,udaa bagus,5,0,5.4.0_30057195_30231699,2025-03-22 10:04:59,,,5.4.0_30057195_30231699
5d501b93-cf84-46f4-a3ca-72efab62de85,aldiano adzan,https://play-lh.googleusercontent.com/a/ACg8ocLnEtFRrcBfHVL5QqZMeALbo6VTQYxheEXyYyiEvRTU4lNPsA=mo,game seru tapi buat chipset helio g99 agak beratt,5,0,5.4.0_30057195_30231699,2025-03-22 09:44:07,,,5.4.0_30057195_30231699
7aabe96e-3881-45fb-aeb7-3fb33cc738cf,Aily,https://play-lh.googleusercontent.com/a/ACg8ocL9e1kUE40SjAJBLEKY4St4K8BNdti67x_qYmfYjSoeGz5xJQ=mo,"Kebanyakan karakter cewek, ini game RPG apa game harem sih?",3,0,,2025-03-22 09:15:27,,,
9341fecb-8824-47ea-86b0-a6528adcee03,Mochammad Rico,https://play-lh.googleusercontent.com/a-/ALV-UjVcqoqnkhqmvioSbCpvWsufJx4QMgWfXSavErCjLWMf39lPBwY,"game bagus banget sumpah ini geme yang paling gw suka, tapi sayang nya blm suport kontroler di Android, semoga kedepan nya di tambahin sistem controller Android nya makasih",5,0,5.4.0_30057195_30231699,2025-03-22 08:16:11,,,5.4.0_30057195_30231699
95020b3b-dab0-4c9c-a2b5-8924444520ba,Ren Elaina,https://play-lh.googleusercontent.com/a-/ALV-UjUK9XrgxzIVU2uF6gLWS1H688mGEMsCVya6SDlgeoFQLXCEu9s,"perfect deh, tapi pelit dikit 🗿",5,0,5.4.0_30057195_30231699,2025-03-22 08:12:37,,,5.4.0_30057195_30231699
8fdf3d37-61d8-4a61-a79f-b33e90062ff7,Ricardo Steven,https://play-lh.googleusercontent.com/a-/ALV-UjV-Q_wCXFWSo5wXvdhK25MQVUhr9KbfbpcNkH_dKOO1B2nvFGxc,gud,5,1,,2025-03-22 07:55:53,,,
89a165b6-7966-4a15-ba98-328634b46925,Fabio widian susanto Dio,https://play-lh.googleusercontent.com/a/ACg8ocJkw5_slhyEkJjZBovJteP8wBxbgoDTKlHmeZQWQgaN3ZLNkw=mo,mantap cuy langsung dpt furina cihuy,5,0,5.4.0_30057195_30231699,2025-03-22 07:36:56,,,5.4.0_30057195_30231699
70bc7355-0a62-4c66-b94c-e731dee647e1,Muhammad Afif Desayev imam s,https://play-lh.googleusercontent.com/a/ACg8ocLVD1mkb_au92Pc6r-zfV7e2laJY-rZ84rTQOVXTUeQ8G8mD-E=mo,good job,5,0,,2025-03-22 07:06:41,,,
a94b0fb0-2b33-469b-84ad-1a2d40785c3e,WILLSS,https://play-lh.googleusercontent.com/a-/ALV-UjXyy0R9rCjVhGDU6q65rqnF6LIo9NCN9HsoJp-zlgtU-m_QaUc,baguss cumaa berat ajaa gem nya,5,0,,2025-03-22 06:35:17,,,
34058c3a-db5a-4612-b1ae-aaddacc08005,Udin Pluto,https://play-lh.googleusercontent.com/a/ACg8ocJ9BfevSDwnuMy1C3O7_dVwyj4KLVykYGIuM3wNW0aXUSR9qg=mo,tolong dengarkan keluhan player🙏🙏,3,0,,2025-03-22 03:57:10,,,
0c6980be-acd6-4245-a84c-d1bc970fd1a0,StokGenshin01,https://play-lh.googleusercontent.com/a/ACg8ocI36pwrTHHT2cF4jdnfVCqpxDYriAKhpYvUwAbQtzvPid_k7Q=mo,saya sering kena bug jaringan kalo bisa di perbaiki 🥰🥰🥰,3,0,,2025-03-22 02:31:16,,,
097de1d7-78ed-467f-a9ad-ed41fe27430e,Amira Syafitri,https://play-lh.googleusercontent.com/a/ACg8ocJp_HEr8RAWBsd5kG_rU-CAYSc3iYM5r2ecfCFBnXstDzay9g=mo,bagusan,5,0,5.4.0_30057195_30231699,2025-03-22 01:43:59,,,5.4.0_30057195_30231699
3b1c77a2-e4c6-4e02-9843-22f0cab38754,WE,https://play-lh.googleusercontent.com/a/ACg8ocI0Z-sUh9BmlcwV9uIBhHsgtv6_WYjeO8IMluBuFywUVOrYPQ=mo,"Infinity Nikki game, the characters are more realistic.",4,0,,2025-03-22 00:48:01,,,
b9bb4c28-1d67-45d6-b336-39bb4688b176,Yeni Mariani,https://play-lh.googleusercontent.com/a/ACg8ocIUMBACojtrG4b_CqC5WRuH8tmmIfQdA_cVSF2NKhLlDt3QTQ=mo,doakan saya semoga saya menang rate off dapat Xiao🤭,5,0,,2025-03-22 00:08:45,,,
486d2d73-0b09-469d-bf6c-06e1ccf6bc3d,Asal Trabas,https://play-lh.googleusercontent.com/a/ACg8ocL-8tih_0SoHI00fn6Ihrj7qH3b35G6BKFTTba8RjOoRHUnrg=mo,bagus,4,0,5.4.0_30057195_30231699,2025-03-21 22:59:32,,,5.4.0_30057195_30231699
1f62d9f7-76c2-4c64-b3e6-7e86c94f9b9f,RANGGA Aditya pratama,https://play-lh.googleusercontent.com/a-/ALV-UjUtQLfDM1GmXjO3VH0XekhtxRcdjtps9wPbip4SJDcMDcg1fSg,game nyaa bagus banget dari segi grafik nyaa juga ga kecewa aku dowload game ini sampe aku ketagihan hehe aku kasih bintang 5,5,0,,2025-03-21 22:35:29,,,
6f400f18-f0a3-46af-bd1e-5686ddcd1348,Nova Anggerini,https://play-lh.googleusercontent.com/a/ACg8ocLVDc0NPRnEwtgDXqRnTb1vrYneXyAUjh5KDVljRUMw-LpyjtE=mo,hydro dragon never cry,5,0,,2025-03-21 22:01:55,,,
14af977c-7f7c-4707-8a11-be86310f38e2,Aditya Naufal,https://play-lh.googleusercontent.com/a/ACg8ocKmK8aR8Ltdyd29r49Fh2KueYK1qeGBgwkNc8z_RVWUcb77Ww=mo,mohon kecilin lagi size gamenya soalnya terlalu besar,1,0,,2025-03-21 21:34:35,,,
1e4baab6-9242-4213-ae0c-ad03216b6441,Habib Mudhofir,https://play-lh.googleusercontent.com/a/ACg8ocJWI9LHaMc88QpDEFVOfzvSdFtWZsl8-U9oPCymxj7isQaD-To=mo,mantap,5,0,5.4.0_30057195_30231699,2025-03-21 21:20:25,,,5.4.0_30057195_30231699
a5d1b6bc-1910-49ab-b83b-56f53ea7a2db,Alfaeyza Shakil Abdillah,https://play-lh.googleusercontent.com/a-/ALV-UjUtX75m2syQ-jvbcbyZvyHotre9IGmzchvhYKFGmi3MFaLwctI,game nya bagus kaya di isekai beneran,5,0,5.4.0_30057195_30231699,2025-03-21 21:09:31,,,5.4.0_30057195_30231699
a1039036-d9e6-4c33-bac5-32518602e5ea,All Banie,https://play-lh.googleusercontent.com/a/ACg8ocIGVApDPHjBtX7wMz5uyxdLa9wBY5vyINsffxtJSM3ZMvKnNw=mo,pengalaman yg seru dlm bermain game,5,0,5.4.0_30057195_30231699,2025-03-21 20:56:14,,,5.4.0_30057195_30231699
07733de0-b647-4a2f-b4cd-5116b26888dc,Diky dwi laksamana,https://play-lh.googleusercontent.com/a-/ALV-UjU-xD3xTR7qdsAyW4c-wxwjzsSH5-V3HqTr2_j23xG_IFBEzNc,aku sangat menyukai game ini,5,0,5.4.0_30057195_30231699,2025-03-21 20:12:20,,,5.4.0_30057195_30231699
05893056-b3fa-4c1a-b1a0-739719a6abce,Faruq Dp,https://play-lh.googleusercontent.com/a/ACg8ocJ6jjZrDPf-TkldKLnJhTEHW0L8CNLidiTp-5wejuH7yE7cWw=mo,"kebanyakan dialog yang gk penting, misi nya berjam jam hasilnya gk setimpal,",1,0,,2025-03-21 18:37:03,,,
c9ae0404-2052-45c8-b625-cb6cdf58d7b9,Aynur Rofiq,https://play-lh.googleusercontent.com/a-/ALV-UjW0bJqPlkWEH7DfA-KPR27U3KpILtoAjoVZjBEiVH2xObSdbec,sedikit saran nih dari saya gimana klok genshin Impact di kasih on mic agar lebih gampang bicara sama orang lain 🫡,4,0,,2025-03-21 15:29:52,,,
6c8e0471-2497-443d-a7ee-32d59994cc44,ReffStore (ReffStore),https://play-lh.googleusercontent.com/a-/ALV-UjUwJNoEUMGW0E0wsOfchIAZXiJyjn5IQun4BfjMwXRNaJRxqH7b,nice game,5,0,5.4.0_30057195_30231699,2025-03-21 15:09:24,,,5.4.0_30057195_30231699
45616ffe-37d0-425b-ae67-ec5aa9ce94e8,Kenzie Aditya,https://play-lh.googleusercontent.com/a/ACg8ocLkS0L5OomNJSD8VoFPXZ4BJhHMOE7_5y7X0JAv9rm_lPe1_Q=mo,game nya terlalu susah buat bikin akun lama,1,0,,2025-03-21 14:19:21,,,
618b7558-0096-4d24-90d6-a248346008d0,Ode Odee,https://play-lh.googleusercontent.com/a/ACg8ocKYHSHE63-LbZOj2rnNn3zAOc589l_zGOL9MWnFHvYMVs9QXA=mo,petualangan yang sangat seruu san menarik.. di tambah pemandangan yg bgtu indah,5,0,,2025-03-21 13:37:50,,,
2e9598a0-1c1b-4e23-91e4-df8947694b7c,Muhamad danil,https://play-lh.googleusercontent.com/a-/ALV-UjUKtgF6i8HSCyQ89O20M9yRgIFGh2fi1F2_7MVOtUWty98cMFQ,bagus bet cuy,5,0,,2025-03-21 13:01:12,,,
3534d7d1-fc64-4464-8dfe-bc1efbbbda14,Kael Saja,https://play-lh.googleusercontent.com/a-/ALV-UjV2C2GE7ApZ1lkF7HDZvhKcoKMIVVOZF7XPbunrpAwP1D1AzAfB,"Hi Hoyoverse, I have a suggestion. How about providing a feature to change Traveler? And it might be useful, each traveler has a different scene, etc. Please providing a feature to change Traveler, I kinda regret taking Lumine. I will give five stars if you provide that feature. :)) Thanks, Hoyo.",4,0,,2025-03-21 12:36:18,,,
03efb4dd-4139-488d-a76f-96182300dfab,Zhafran Abqari Ramdani,https://play-lh.googleusercontent.com/a-/ALV-UjVLAV-AlQ2AufGvaHPwVIRz_96dUA7rR2UyVw4ykAr9z06_0fcH,game kikir,5,0,,2025-03-21 12:20:47,,,
53c8d69f-cc4c-44b4-bdbd-a61df3e71ccd,Vidia_ deeva,https://play-lh.googleusercontent.com/a-/ALV-UjXPxg7IEaZ0J3IwVGawuFzKtsvbT5LwAyOm2316yFFQpR5KfYHH,Bgus gamenya tpi agak grafik ny direndahin soalny suka ngelag nge freeze pdhl yg lainnya sma tpi ga ngelag tpi gamenya bgs,5,0,2.7.0_6933856_6989239,2025-03-21 12:11:13,,,2.7.0_6933856_6989239
d2fdd0d9-b245-4b57-b039-78e011c42058,Mustafa Kemal,https://play-lh.googleusercontent.com/a-/ALV-UjV0eYbtnGuJc3SpyFr46_wEEC_0YzzntaxpZ7Gnlsk_r-BhFTk,"bagus, kontrol nya aj yg susah",5,0,5.4.0_30057195_30231699,2025-03-21 11:54:55,,,5.4.0_30057195_30231699
d984af25-580c-4b20-a36f-c94a53fc9462,R,https://play-lh.googleusercontent.com/a-/ALV-UjWMkyRnItff-XM-YJu4UXXI2RjiLKiMwg_Ykyrv6AfU8yMRjw0t,Grafik nya bagus cmn sering lag,4,0,5.3.0_29183395_29332470,2025-03-21 11:41:24,,,5.3.0_29183395_29332470
2fe7f84a-e16f-4e62-9263-085c22fa04fa,NUR KHOIRIN NISSAK,https://play-lh.googleusercontent.com/a-/ALV-UjUGmzYWKlq9N82uDHhYxGXFzibqdf5CsCaZ63_ZVvPkFERpIQw,bagus sih cuma loadingnya lama banget,3,0,5.4.0_30057195_30231699,2025-03-21 11:23:15,,,5.4.0_30057195_30231699
fab54b63-030f-489c-9b1a-280751593175,Jauharr Uharrramin,https://play-lh.googleusercontent.com/a-/ALV-UjXmUf-o5trpS77UYDuQBXlJwECq7t-lKFVxK4BfDPpslaMn8s0,game ini membuat kegabutan saya jadi hilang,5,0,5.4.0_30057195_30231699,2025-03-21 08:16:41,,,5.4.0_30057195_30231699
e9ff4aa3-fc9a-4f1b-9a80-20ec84cb5b1b,raja juara,https://play-lh.googleusercontent.com/a/ACg8ocK-8r7UgV6XorvWk3UbBRyDnZjcmsIxCF0DmfeuurnGCF6V1g=mo,game ini bagus tapi tapi gacha ku busuk,4,0,,2025-03-21 08:10:22,,,
74613522-fd80-4631-9530-2529b5756fd6,Iwan,https://play-lh.googleusercontent.com/a-/ALV-UjXFB-SSzXzIpKw8RehThltVv24JnPquehDqi1Oia1ULPvx510KU,Good job,5,0,,2025-03-21 08:07:26,,,
72ef3b6e-db83-4331-8e78-8a919e81bb76,Arbiyansa Jiwangga2011,https://play-lh.googleusercontent.com/a/ACg8ocJ9qeBcCysQY_I5piuMW4pJ3omGKTFE5o9cplFzmdeOGJSDKg=mo,pas gacha kasi hoki plis,5,0,,2025-03-21 07:54:16,,,
b3aae993-8acf-49a0-baeb-5be32084de98,Kizenkaze Omgmen,https://play-lh.googleusercontent.com/a/ACg8ocK6hIBOf0J3m_DBtl9DdpUW7_Gu0bdlOtW2LiUAQ1wfQRvNkw=mo,"waktu download di PlayStore 300 MB waktu login nambah lagi 30GB kalau nambahnya 200 mb mah masuk ni nambahnya udh GB anjirr kuota mahal boss ya gw tau sih game ini bukan pasar gw tapi gak masuk akal 30 GB untuk HP yg harganya cuma 1,7 juta gw nih",1,0,,2025-03-21 07:52:58,,,
8f272804-693c-4581-bcbf-6d6ad9ce19c6,Faresta Yoga,https://play-lh.googleusercontent.com/a/ACg8ocL7NKArMC0MZ0B1CDg1uZYpsDoEyHFeEegbnkNCl_ePzp1CbQ=mo,saya bisa udah main beberapa hari tapi kok pas coba main lagi malah keluar pas logo hoyovers,5,0,5.4.0_30057195_30231699,2025-03-21 07:22:29,,,5.4.0_30057195_30231699
9e7e697f-58c0-43e9-8a0d-b79233c608d5,Ridwan Fauzi,https://play-lh.googleusercontent.com/a-/ALV-UjWn3AAf1qm4UR82BwXeEH5kFYdddeW9fMEiPZ3nOhHokyUZ3ak,SENENG BANGET JIRT KALAU DIMAININ PAS PUASA,5,0,5.4.0_30057195_30231699,2025-03-21 05:31:25,,,5.4.0_30057195_30231699
54f157ed-b841-42c4-9de7-9ec7532131ee,Mrudy Irwansyah,https://play-lh.googleusercontent.com/a-/ALV-UjXNxXXhX6svm5Mavl9qxFRiAHnP9Y6D4R3jiP1IfMNCn0gzTO0j,gg parah,5,0,5.4.0_30057195_30231699,2025-03-21 05:18:05,,,5.4.0_30057195_30231699
da166316-0002-4214-9660-ff14801807b0,ray doang,https://play-lh.googleusercontent.com/a-/ALV-UjXzDZX6V4EEFealNhCmFNCq_CWxDbXgaaqx8fjxgd8OgYqDkd0,"bagus banget! grafiknya sangat membuat mata manja, yang kurang hanya mendownload saja, soalnya lama",4,0,5.4.0_30057195_30231699,2025-03-21 04:59:27,,,5.4.0_30057195_30231699
40e511c2-e187-4ede-9384-18e8dd9b8f29,Slimy Rock,https://play-lh.googleusercontent.com/a/ACg8ocLImAqwxx_tZwP-avfk_sjFkn0deVlvuiAgWNe2bqoIqAcfYw=mo,"jijik bgt. tiap kali banner karakter incaran muncul dan ingin didapat, malah ngasi ampas. mau sampai berbusa farming primogem tetap gagal. tapi giliran asal pencet malah dapat karater 5*.",1,0,5.4.0_30057195_30231699,2025-03-21 01:32:15,,,5.4.0_30057195_30231699
3283cac6-48f5-43c4-be00-34a2c45560f8,Julia Tan,https://play-lh.googleusercontent.com/a/ACg8ocLw-sM3eAp-Jcxdx-KaEHYHVdE5GwbIsRDuVbwyEXgjL0z34g=mo,gim baikk 🫶 semoga kedepannya makin makin sukses yakk biar para traveler dapet reward nya juga owkowkwowkwkw,1,0,5.4.0_30057195_30231699,2025-03-21 00:40:21,,,5.4.0_30057195_30231699
049f2326-858b-455c-819d-72fd9a41a619,owel ssyrc,https://play-lh.googleusercontent.com/a-/ALV-UjWNByFEbotUTsPsye2h8nvkHI_U-ov3gKn1QdG23rP-VGoY44QE,"ayolah kasih fitur skip, terus Ada rangkuman buat quest dunia, Dari dev nya jg gada ngasih suara di quest dunia, ngak usah naggung nanggung sekalian aja kasih fitur skip, menurut gua game nya udah bagus, minus ngak bisa di skip jadi pegel tu jari",2,3,5.4.0_30057195_30231699,2025-03-20 23:00:43,,,5.4.0_30057195_30231699
013270e0-804b-4d39-827b-31089f90b41d,thori endora,https://play-lh.googleusercontent.com/a-/ALV-UjVLT-SofUPFizn6n9pzYcrMQG0akZ0V6cRilFo2o8ZEe-reUus,saya kasih b5 karna dapet furina 😁,5,0,5.4.0_30057195_30231699,2025-03-20 22:49:40,,,5.4.0_30057195_30231699
a6fb97c6-157d-4bca-9cbe-c2129699ca4b,レイナ,https://play-lh.googleusercontent.com/a-/ALV-UjXhLeF84pTtx5N33HjjSBtu89rkEdRJryBr_2P93PoMUYL-3Nna,"dari awal rilis saya sudah ngikutin, tapi makin ke sini makin ga jelas, apalagi dengan MINIM nya karakter laki laki sekarang, di tambah makin banyak karakter perempuan yang tidak terlalu penting, dan juga dialog nya tolong buat yang sesuai lore saja, desain karakter juga semakin mengurang 'kualitasnya', developer tolong dengarkan kita, YANG MAIN GENSHIN BUKAN LAKI LAKI SAJA, jika begini terus player akan semakin kecewa dan pergi satu persatu.",1,0,,2025-03-20 22:28:03,,,
b22da6f2-89da-4331-93b1-a3faf9e793a8,Tyas 02,https://play-lh.googleusercontent.com/a/ACg8ocJttUNKAa7Bd24t5EIXczUbHI9N3nSTdkcvYG9EEKzILfqQhQ=mo,ok,5,0,,2025-03-20 22:25:15,,,
c576cf55-4ac1-44df-8800-fe726a58e573,PQU King,https://play-lh.googleusercontent.com/a-/ALV-UjXB5uwhUNmsSZVeVRCNNrd8PAqqAY9tQ-JC0jY0vB_rQDpfHR3E,sangat wow dan tidak bisa berkata,5,0,5.4.0_30057195_30231699,2025-03-20 22:16:58,,,5.4.0_30057195_30231699
f95424f5-f469-4fc8-a1c4-2e61c9bc8595,Al Zleon,https://play-lh.googleusercontent.com/a/ACg8ocIL0jMkjWiQnpxivi4gMOjHKvx7NL72snhK1H6gvyz_EAHXaQ=mo,gg bgt ni game serunya gk ad obat deh grafik dan cerita yg bgus mna hero ny bnyk dn bgus2 pkok ny sru deh klian wjib download.,5,0,5.4.0_30057195_30231699,2025-03-20 22:01:33,,,5.4.0_30057195_30231699
cb919f50-650d-42bb-a361-020d355d7f8f,GcProject,https://play-lh.googleusercontent.com/a-/ALV-UjUxzmUaC9cVM7LHjFhSZnUc_LUymGidcWzAhGTeQPoxdG-f0TYD,kebanyakan ngebacot gak ada tombol skip.(tidak semua orang punya banyak waktu),1,37,5.4.0_30057195_30231699,2025-03-20 19:25:31,,,5.4.0_30057195_30231699
e75f4dfc-36f6-4008-9e7a-eca7d6ad48a6,alip firmansyah,https://play-lh.googleusercontent.com/a-/ALV-UjVq65TqLo0hjMiLYtwG3lUoVG1MzQWHpaT-541cDG39Xw2ReT_K,buatkan fitur skip dialog,4,0,5.4.0_30057195_30231699,2025-03-20 19:17:35,,,5.4.0_30057195_30231699
849943ef-6d49-4ecf-88fb-cb3df3665505,al,https://play-lh.googleusercontent.com/a-/ALV-UjWprhNWiJ6lI228mS8ZuTH58amL_AbwzImVHwFV_TagGIQjPj0,fanservice 😔💔🥀,2,0,,2025-03-20 18:44:24,,,
989b3da5-8792-48a4-af31-f7a7e0126ff8,Dazai,https://play-lh.googleusercontent.com/a/ACg8ocI2SSnpRxiiOIsvhw-93w3UsnFvHnwB_MlJopQzUeL-GCCl-Q=mo,sering sering kasih menang rate off,4,0,,2025-03-20 17:31:24,,,
ef12d26f-dc88-4b70-8fa9-b822a102c42c,Nick Mul,https://play-lh.googleusercontent.com/a-/ALV-UjWpxmBU0TpsJlQHXCsJt37aNTt_LsU3MdDCf4tphNS61NdqrQaJ,The best adventure game forever! ☺☺,5,0,5.4.0_30057195_30231699,2025-03-20 17:13:18,,,5.4.0_30057195_30231699
ea3ac5cc-3c76-4ff3-8041-7010114426b3,Muhammad Fadilansyah,https://play-lh.googleusercontent.com/a-/ALV-UjWEYDaMETqUnbKpXUmfm94gauTYJ-O-BkFenUCD5WQT5nt_zRI,"Story bagus, gameplay santai, cutscene gokil, minusnya cuman kikir",3,0,5.4.0_30057195_30231699,2025-03-20 17:08:09,,,5.4.0_30057195_30231699
83964a39-0c8f-4098-ba84-b28c3f0d30d6,watashi tomoe,https://play-lh.googleusercontent.com/a-/ALV-UjWYisotqWnSIWZCUkeeTwdAzy9WL7ZFrqH5gwmMSqpJjVcFzG4,😍,5,0,,2025-03-20 17:00:18,,,
2d057ec9-4170-4be2-a899-3cb0518c1a4f,Azzam Khairan,https://play-lh.googleusercontent.com/a/ACg8ocLpfb4sPI0LSnyfg5gSBHfxfpLplKOWwGXk0OvG5Bd0dxMq8g=mo,mimin hoyo kalo sistem rate of nya di hilangin aku kasih ratting 5,4,0,5.4.0_30057195_30231699,2025-03-20 16:53:27,,,5.4.0_30057195_30231699
a2f57f47-ecae-4dea-96f1-1816f50aa46b,Ahmad Ary,https://play-lh.googleusercontent.com/a/ACg8ocJyK2TSDp_seZKp1pXvXs9rhcsyBHOnyaH6LL-ZJfvxJ37iBg=mo,kara gw mengunduh datanya buat PHP gw rela ketiduran malah GK jadi jadi eh pas udah lumayan banyak jaringannya leg mana harus ulang lagi cape Mun lu dengerin lah pemain lu yg sering ngeluh di mengunduh data,2,0,5.4.0_30057195_30231699,2025-03-20 16:17:43,,,5.4.0_30057195_30231699
b983914e-21c2-4dfe-980d-ce24e9dd588c,Safrudin Saf,https://play-lh.googleusercontent.com/a/ACg8ocK3Th6lplJge0DQ9TGypJxD-m8n1Cb9DUiVzpl4ut5dz_5kNQ=mo,game nya bagus,5,0,5.4.0_30057195_30231699,2025-03-20 15:42:36,,,5.4.0_30057195_30231699
bfa60a52-d28e-4332-91f4-257cd6428e14,Dini Nuraini,https://play-lh.googleusercontent.com/a/ACg8ocLfjmUHN7amT8P2ZjI4QfPGYjtEu8Bj5cGxr8s5pD3IsLrBdw=mo,"Gamenya sangat bagus 🤩, dan grafiknya juga oke, gamenya bagus banget buat lagi gabut atau bosen😊🙏",5,0,5.4.0_30057195_30231699,2025-03-20 14:54:22,,,5.4.0_30057195_30231699
2db64680-43ef-44e1-87f1-4f5cf6663e1e,Ivan Prayoga,https://play-lh.googleusercontent.com/a/ACg8ocJ5ffjD0Cn0q_5UOM3Q1F_e1xdMC0teqKeduw1VUwSGEQ3LRA=mo,mantap,1,0,,2025-03-20 14:42:00,,,
bd0c80e4-c882-4c60-b91b-d6ebb1718cd8,Miguel Peter lorenzo,https://play-lh.googleusercontent.com/a/ACg8ocJbF3GdUJHkAWJL1oeQ6Wf-hFQ0ybH6mOfgl4I6IaYPfvcN6g=mo,Game nya bagus di petualang seru menyenangkan Karakter nya bagus quest archon quest menyenangkan,5,0,5.4.0_30057195_30231699,2025-03-20 14:15:17,,,5.4.0_30057195_30231699
d4ee168e-d851-4581-9f4d-2086d6698b52,Agus Sitompul,https://play-lh.googleusercontent.com/a-/ALV-UjXKTcxwRZAlBkzLpvUzsz-3WAdFMoQKmLYq8gBJ8c2gUaGrWWk,"Lebur artefak yg dapat isinya sampah semua,,gacha nya sulit minta ampun,,pelit luar biasa,,harus punya modal besar buat main game ini,,game busuk",1,14,5.4.0_30057195_30231699,2025-03-20 12:49:54,"Kami mohon maaf atas permasalahan ini, Traveler. Silakan hubungi kami melalui email atau feedback in-game untuk mendapatkan bantuan lebih lanjut tentang masalah ini.",2025-02-19 17:43:19,5.4.0_30057195_30231699
3cb5151e-36b2-440f-9950-e6651a0ff56f,Akmal Attarayhan,https://play-lh.googleusercontent.com/a-/ALV-UjWmfuR2wKfm0fGTj1oD0KSJpi0MwmgLeP0vyjO7dei4sz7M0g,"Min kasih transfer data dong, males download data nya lama banget",1,0,5.4.0_30057195_30231699,2025-03-20 12:13:01,,,5.4.0_30057195_30231699
9279c76e-d2c7-42c7-921d-678f0d6eb7aa,dandy nugraha,https://play-lh.googleusercontent.com/a/ACg8ocIeTTppd39QHslfwdg2tjckgEQ0UKVGkZO7x04-EcLnB6YTHQ=mo,game pay to win,1,0,,2025-03-20 12:10:46,"We sincerely apologize for your unsatisfactory experience, Traveler. If you have any feedback or suggestions, please send us an email or contact Customer Service via in-game feedback to help us improve the game.",2025-03-20 14:30:59,
faf02002-fa7b-429a-a484-f5680c8d57af,Imam Muhtadi,https://play-lh.googleusercontent.com/a-/ALV-UjU3gzyXphLbO4DTNKGWtJfVyrMPbk4GcigiuQMKnSVJ5sSyqQfj,"tolong ini kenapa saya gacha furina dapetnya diluc, ini posisi 100%dapat B5 atau rate on di banner, tolong gimana ini sudah jelas di riwayat tidak ada tandaa kurang",1,0,5.4.0_30057195_30231699,2025-03-20 11:51:04,,,5.4.0_30057195_30231699
14af708b-ed02-4f98-a213-3a9b7d432b99,Nazha2010,https://play-lh.googleusercontent.com/a-/ALV-UjVpROmPTEhF1O3YEJEGNq4dEVTc62hg_cJsooVSgbbz2z837Ww,masuk ke dalam game nya kelamaan,4,0,5.4.0_30057195_30231699,2025-03-20 11:21:29,,,5.4.0_30057195_30231699
a95396ad-a054-4c6d-93dc-7b7af7002a04,haydar altamis,https://play-lh.googleusercontent.com/a-/ALV-UjVh2PMjTyaqVFbg07_ZUepGFV6VgV-wwCQTW8XfMyxpbQWTv2uK,rada kikir/maruk,3,0,5.4.0_30057195_30231699,2025-03-20 10:53:41,,,5.4.0_30057195_30231699
e169262a-98c4-45c6-b04a-e3c131c7ea9a,Bilz Genshin Impact,https://play-lh.googleusercontent.com/a/ACg8ocIZMCs9qiZMLTG0XiZ08eH3JhOcGAhlmtcK-A0La-FGgzJDmA=mo,👍🏻,5,0,,2025-03-20 10:38:09,,,
20c29bba-1656-40d9-a5f8-95663a6699fb,Fathurrahman Rizal -san,https://play-lh.googleusercontent.com/a/ACg8ocInuXyt7lpUOzmZZtBsMaoOOjkoyZYX8FsJ3j-m8FAY08H-hO4=mo,mantap seru anjay,5,0,5.4.0_30057195_30231699,2025-03-20 10:24:15,,,5.4.0_30057195_30231699
2a975c1a-f30f-4414-9351-c094e7a7a41b,Legendszacky Zacky,https://play-lh.googleusercontent.com/a/ACg8ocJ1WKUkfGEs2CwHXmRLlA9YDOdAF-I1jQJEnfRBfKEtWb_E6Q=mo,game kikir,3,0,5.4.0_30057195_30231699,2025-03-20 09:58:39,,,5.4.0_30057195_30231699
4f8d3ffa-9ff7-489d-abd6-00adbdebc78e,Feizz,https://play-lh.googleusercontent.com/a/ACg8ocK6QHsreHCeokN9J8L-vTZ3kGm3_YRcwI-kHJHLGZzUh0LoLg=mo,😎🤟,5,0,5.4.0_30057195_30231699,2025-03-20 09:17:29,,,5.4.0_30057195_30231699
07cbf6eb-b5ca-410d-9bf4-394bc4c35963,My PAT!?,https://play-lh.googleusercontent.com/a-/ALV-UjX9_cdCllvgcBl7qK-Ci9RaMYAAdNbq6Jcl9Vpx8jQrNq96oWsh,"banyakin character cowo dong, ini kebanyakan cewe buset, eneg juga liatnya kalo cewe terus, mana bentukkannya begitu lagi",4,0,5.4.0_30057195_30231699,2025-03-20 09:00:40,,,5.4.0_30057195_30231699
20c4db08-e463-42bc-8121-82a57b9de660,Rasya Raden,https://play-lh.googleusercontent.com/a-/ALV-UjXoBPa2u7p_GpC1w2qEFNVt-r-v-Kon7dQKnILzT0hToKjsGHXV,"sakit mata klo udh biasa main wutwuring trus pindah kesini ya udh, menurut saya sinyal saya ga pernah hijau lucu juga sih",3,0,,2025-03-20 08:12:59,,,
9fe54d81-eb54-4afc-9ad7-3c17d654de81,sheiint r,https://play-lh.googleusercontent.com/a-/ALV-UjXpyKzMEUEVwcnDXp5TZCmlWniQBJ7aEz8MDzjkdUbV658wYQI,pantas untuk mendapatkan BINTANG 5,5,0,5.4.0_30057195_30231699,2025-03-20 08:07:04,,,5.4.0_30057195_30231699
a9a28b82-3458-49a8-848d-c553999f1bfa,Zinggis,https://play-lh.googleusercontent.com/a-/ALV-UjXE4pc9d61gfoKzqRtOFMatL2kKW9mmLTWPW1iwmyMF_VaS87mq,is good,5,0,5.4.0_30057195_30231699,2025-03-20 08:06:34,,,5.4.0_30057195_30231699
d90835aa-75f7-4419-a933-249063931e46,Papay EDTZ_,https://play-lh.googleusercontent.com/a-/ALV-UjVhNnShVrWy4FUroHRQnSNpxtbs3pGTQljJoJsHIJrG29xUL_75,i like ir,5,0,,2025-03-20 05:46:02,,,
642323a8-424e-4da0-a08d-4cfbf691a136,Silvi Devi Listiyani,https://play-lh.googleusercontent.com/a-/ALV-UjXGmGDMGDpDDRQ0uPNZZAghKWe6qnwyfOrY3MG6GfmsqF76pbo,"Sebenernya game ini udah bagus sama seru. Grafiknya juga udah bagus tapi sayangnya pake waktu tolong, tolong untuk permainan ini kasih lah bebas jangan menggunakan waktu.",4,0,,2025-03-20 05:26:20,,,
c7bb9943-1550-4a70-9fc1-4e7c61ac45e4,Dzakwan Saabiq,https://play-lh.googleusercontent.com/a-/ALV-UjVfWU7DPUozAKxEH3kNjxi4UOnvuYeCv_Vo9UHEMWOPjXszBnSD,seru banget sih wajib coba in,5,0,,2025-03-19 23:36:02,,,
e106da57-e730-4bbc-beda-9991fc112707,Ardhi Melodika S.,https://play-lh.googleusercontent.com/a-/ALV-UjVzF4Xeil1wmo1Z0ckXl1S13548aevdSLLAmYw_s0d3LKVczi-q,"Terima kasih telah muncul di tengah gim agar aku bisa mengulas gim ini, Hoyo. Jujur gim petualangan ini menarik sekali, bisa melompat bahkan memanjat, menyentuh hal kecil seperti menghancurkan semak membuatku berpikir gim ini detail. Aku masih dalam tahap percobaan mingguan, semoga bisa betah dengan karakternya. Jaya terus!",5,1,5.4.0_30057195_30231699,2025-03-19 23:33:23,,,5.4.0_30057195_30231699
1d1256db-ab60-4df3-b450-63a5f34e7280,ilham Syahriji14,https://play-lh.googleusercontent.com/a/ACg8ocISMQZLxN5XPwhM5S2DngvtryJLIHJblj9pauyuRXIWycnKQg=mo,Game nya seru banget tapi size nya bisa dikurangin ga,5,0,5.4.0_30057195_30231699,2025-03-19 23:00:37,,,5.4.0_30057195_30231699
b6ec428f-304a-4c46-bf0b-946487c69b11,Ryan Agasha,https://play-lh.googleusercontent.com/a/ACg8ocK1jojVNin1tiU2CPjTk41NHgJR5wA2hEcSmgZzpkOdJAaLXA=mo,jangan pelit pelit,5,0,5.4.0_30057195_30231699,2025-03-19 22:23:49,,,5.4.0_30057195_30231699
5c72c555-f606-4fe2-8801-2e74edf26c06,Muhamad Riswanto,https://play-lh.googleusercontent.com/a-/ALV-UjXwfso2aw9r45s6n_y4qZClf8w7FBROhsK9yZ97nk94lSXV62g,sejauh ini masih menikmati,4,0,5.4.0_30057195_30231699,2025-03-19 22:19:45,,,5.4.0_30057195_30231699
a02f4223-176c-425a-b815-98750a089f19,Sandika Santosa,https://play-lh.googleusercontent.com/a-/ALV-UjXNiTc4F10QbBlf5nB14N0zfR4zEfmIT__4gF3b6tJj-d8MIjP7,"Selalu setiap setelah update, mengompilasi shader lama banget, patah patah lemot, framedrop",1,39,5.4.0_30057195_30231699,2025-03-19 21:55:51,,,5.4.0_30057195_30231699
719062ae-3110-4fad-acf3-6b771544fcc0,Sung Suho,https://play-lh.googleusercontent.com/a-/ALV-UjWkiQoxC2kmwlqYub1-CLjSYnMWi9Hx3yshjC1eWL4xATN-f6M,g bisa d skip dialog nya dapetin primonya juga susah males mau maen,1,0,,2025-03-19 21:52:45,,,
aac0653e-07ce-40ec-a063-9392ca7c5d31,Kian Adimaulana,https://play-lh.googleusercontent.com/a/ACg8ocLkab5b0IkrM-AtgRBRY9LE59uL3x482weiw2z09p03s0gWWA=mo,"gamenya udh bagus apalagi grafik, kurangnya disistem banner character limited aja soalnya hard pity dan dapet char b5 standar mulu",4,0,5.4.0_30057195_30231699,2025-03-19 21:34:39,,,5.4.0_30057195_30231699
ad6c4f6c-1a5f-4c48-beba-3bd89fe71234,Hadi Rispriyanto,https://play-lh.googleusercontent.com/a-/ALV-UjUxc84E4kIK5-NfdVkw5JwlCqN-d6gRkIKopEVQC2URlqfuZkY,seru dan menarik,5,0,5.4.0_30057195_30231699,2025-03-19 21:01:43,,,5.4.0_30057195_30231699
4cdf26bd-8e95-4dd5-ba2c-469ffc98490e,Anez Montana,https://play-lh.googleusercontent.com/a-/ALV-UjUMOolut06S53oik6lfchtdl8JOcl7eAw_E4b5I_QVs5VaNo2g6,baru kali ini gacha ku wangi 2 kali menang rate off makasi hoyoverse. dan kalo 3 kali aku akan spam pake akun google lain nya,5,0,5.4.0_30057195_30231699,2025-03-19 20:04:50,,,5.4.0_30057195_30231699
ff2dbddf-e8d3-4ace-b6a6-1b75d13a8530,Ari Bahri,https://play-lh.googleusercontent.com/a/ACg8ocKwqp7VeC6rGr0VnG9_D2GfdhClnUtI-LmjkqeErtELuA7EAA=mo,bagus tapi plit ret of mlu,5,0,5.4.0_30057195_30231699,2025-03-19 19:57:53,,,5.4.0_30057195_30231699
b22987ec-87ea-44d2-85fa-45d9aab3f0da,Farel,https://play-lh.googleusercontent.com/a-/ALV-UjVRYeiYhvYHJPKukqAcMCZkE6mwTWcNhQaRIKqDv2vMyuXAI6ai,sangat cocok.. 😐 cocok buat HP kentang..,5,0,5.4.0_30057195_30231699,2025-03-19 19:39:53,,,5.4.0_30057195_30231699
1b7d41b4-5d02-43c9-bc26-4484457c7c06,Mrfn Ndree,https://play-lh.googleusercontent.com/a/ACg8ocLyotWCgOrT4zD8C7YyS4v4OUsZuGYsI-XRJH74EbTSvEPgug=mo,"percuma kalian komen atau ngasih ulasan apapun, ini developer tidak pernah mendengarkan suara kita",1,10,5.4.0_30057195_30231699,2025-03-19 19:14:52,,,5.4.0_30057195_30231699
29d2d1df-61c4-4971-88bc-f46736ad6af2,Rey altheza,https://play-lh.googleusercontent.com/a-/ALV-UjVJiRLl1Fv0mvVL6wAwNCMa8s7_fmrVxrYL9dRrKfDSOQaOm3Vk,game ini sangat seru dengan cerita yang baik dan grafik yang memanjakan mata,5,0,5.4.0_30057195_30231699,2025-03-19 19:02:03,,,5.4.0_30057195_30231699
c683d2f1-0c44-4c48-ab82-50a6baccde6a,Mr C,https://play-lh.googleusercontent.com/a/ACg8ocID8JAZeFtZYJiWh2TuWWL8e5BZiA8XmJHxkxkFQawz2HD1hQ=mo,Cool Game,5,0,5.4.0_30057195_30231699,2025-03-19 18:55:15,,,5.4.0_30057195_30231699
aab3aea2-01ea-4505-8a6e-6cf6b25ca8d6,Samanta Rudiyat,https://play-lh.googleusercontent.com/a/ACg8ocJsdapd8x_8CksFp0UwKiNwVLidCcOZKRwbdpm_e8r8T_e6Fg=mo,game yang sangat cocok buat berpetualang,5,0,5.4.0_30057195_30231699,2025-03-19 18:36:46,,,5.4.0_30057195_30231699
cbde095a-4bcb-47a0-a995-61c31630eac9,Kanjeng Yoru,https://play-lh.googleusercontent.com/a-/ALV-UjXzKTT_ARO8uK8hTScldQov0vOqzQxBwD4GO-r0IPTsfmh395jw,Tolong farming arte dibuat enak atau mudah klo gk buat serulah minimal biar gk gampang bosen,5,0,5.4.0_30057195_30231699,2025-03-19 18:35:29,,,5.4.0_30057195_30231699
cfc10198-753f-4361-a7dd-512a73f64c69,Devrin Central,https://play-lh.googleusercontent.com/a/ACg8ocJZk6L_3o2Mph6IY6fZkcOZK5RtviHpS24bAKiTMj8q-CazAQ=mo,coba si genshin buat event Rerun kaya di honkai star rail pasti banyak si yg pada comeback,3,0,,2025-03-19 17:12:50,,,
e8e34e88-f993-4d06-9c51-8fd6b52e871f,Azwariza Jandwika Putra Abdullah,https://play-lh.googleusercontent.com/a-/ALV-UjUAvRGWsYenBY9HVgZmb5cCgsuPtBHF3LzzMlLt2VUX8knbSf3t,ni game apaan ya? kalo lagi diluar natlan malah lancar jaya sedanglan didalam natlan malah ngefreeze. ni game kebanyakan objek kayak pilok sih,2,0,5.2.0_28336591_28351161,2025-03-19 16:53:14,,,5.2.0_28336591_28351161
d1e0f92b-cd59-4993-8eb9-5ba25c839a12,Jaya Konstruksi,https://play-lh.googleusercontent.com/a/ACg8ocKVXD3hyFgIUJoEYpJph6xiQEtqMWcQDX-6oJZx8O27rwjNEA=mo,kalah rate off trs tpi gpp laa,5,0,5.4.0_30057195_30231699,2025-03-19 16:19:58,,,5.4.0_30057195_30231699
ca950692-f3e6-4d0e-b894-52e1cab14aa5,gehart gege,https://play-lh.googleusercontent.com/a-/ALV-UjV7vFOUZ6Xc8e680G7PhIJdzIQWcRv7DWZiVuumOQrgAbQJng,"Tidak ada fitur skip story, bosaaaannn dengar ceritaa, contohi WUWA dia bisa menyediakan fitur skip story,",1,25,5.4.0_30057195_30231699,2025-03-19 15:58:20,,,5.4.0_30057195_30231699
03f1eb55-17df-4823-bcea-eb6b592e8b04,Ruhada,https://play-lh.googleusercontent.com/a/ACg8ocLLaiSYFH3Y16uJI4qxX-eSdbBVYko6W7Wr6ZOULsptVTblCw=mo,Mantap,5,0,5.4.0_30057195_30231699,2025-03-19 14:55:50,,,5.4.0_30057195_30231699
ee8973a0-6988-4c33-9960-48e292e64082,rahmad diyanor,https://play-lh.googleusercontent.com/a/ACg8ocJKfmYGzTabP9P7AvTD2mfbSuQTsD_bOPyBRT8eQiwj6LuIiQ=mo,gema yg bagus,5,0,5.4.0_30057195_30231699,2025-03-19 14:48:11,,,5.4.0_30057195_30231699
9f07b8c3-ea77-47ec-82c1-2d1f2c285acd,Mohamad Delvinrusviandi,https://play-lh.googleusercontent.com/a-/ALV-UjXnin7eNCROIUYuuF06aZmvPRkNXj2r7YIWuFpxnCTqXhPYwjc,gamenya sangat bagus tapi sepertinya harus ada fitur skip agar banterai tidak cepat terkuras,5,0,5.4.0_30057195_30231699,2025-03-19 14:19:07,,,5.4.0_30057195_30231699
b72190d5-9fac-41ec-b61a-da2914cf702f,Gede AK9,https://play-lh.googleusercontent.com/a/ACg8ocLNvM4ZwN15gnptst8rxW6VsxQKc1avAadwO_CbbLVrchgdzg=mo,game bagus dan menarik perhatian banyak orang,5,0,5.4.0_30057195_30231699,2025-03-19 14:13:35,,,5.4.0_30057195_30231699
3977ab8f-bc92-49e0-88bc-4154d4443697,Aulia Shafira,https://play-lh.googleusercontent.com/a/ACg8ocJUKPds-JPytsGYW8VM8FNSGR_4e5mWw2Uv78U2EPg2P9KdgQ=mo,bagus,5,0,,2025-03-19 14:05:48,,,
ace69bba-ab8b-49ee-89db-6a018f183a32,Naif Abdul Malik,https://play-lh.googleusercontent.com/a-/ALV-UjVzyTFJX7aIbAdoXDZI1lyyTfdLvSSyMFaRuiY-kDLfJoVKWi4u,gift me character 5 star and equipment 5 star please,5,0,5.4.0_30057195_30231699,2025-03-19 13:36:31,,,5.4.0_30057195_30231699
8cc41929-c8b7-4529-9921-3f03a932d693,Haz Anna,https://play-lh.googleusercontent.com/a/ACg8ocK3h2-Z4ydKdWt7CVpM6mrk0ivbqWhfEXbyWR-6zqCoa-HxWg=mo,Wew,5,0,5.4.0_30057195_30231699,2025-03-19 13:21:17,,,5.4.0_30057195_30231699
08f6024b-5ca6-4fc0-beca-3d776a08a3bd,Restu Kumala,https://play-lh.googleusercontent.com/a-/ALV-UjVglT3RwyCbHONIAEoJW2dxzqkuZuPvZ8KJULMI5rSanItg3uk,"Gamenya udah bagus grafiknya nyenengin, tenang, adem, juga bgmnya itu sedappp mantap, cuman dari semua hal itu yang gak nyenengin, downloadnya 1 hari gak cukup",5,0,5.4.0_30057195_30231699,2025-03-19 13:19:09,,,5.4.0_30057195_30231699
54a0ba68-4e25-4014-ba8c-c9960756beeb,Naufal Hafizh,https://play-lh.googleusercontent.com/a/ACg8ocIu4X0bTq86s7KpCgdYvsMz59v8508SO0vZjJpU4Csh6QnfQA=mo,"kadang keluar"" sendiri",3,0,5.4.0_30057195_30231699,2025-03-19 12:47:04,,,5.4.0_30057195_30231699
c6b54867-ee36-47f8-9934-b615de584992,Yunita Angelique,https://play-lh.googleusercontent.com/a-/ALV-UjUDBE1JXoBntV4ZCCmQhxTBkCrNclIwpR8MkzOtqA36c3iOsxE,Dari entrance tidak bisa loading jadi tidak bisa dimainkan.,2,0,5.4.0_30057195_30231699,2025-03-19 12:43:24,Mohon maaf sebesar-besarnya atas terganggunya pengalaman bermain Traveler. Silakan hubungi Layanan Pelanggan kami melalui pelaporan masukan dalam game atau email untuk mendapatkan bantuan tentang masalah ini.,2022-11-24 20:44:10,5.4.0_30057195_30231699
d00107ce-0f42-4d5c-b586-eb3193cd6c8e,MHD SYAWAL,https://play-lh.googleusercontent.com/a-/ALV-UjVnmoS3o_6E4lafKFwOFb12J2JzpcfJPynQSL60ZkIjw6yuPvDg,"Grafis yang Memukau,Gameplay Seru & Variatif,Karakter dengan Latar Menarik,Sistem Elemen yang Unik,Update & Event Rutin,mungkin karena ini game MMORPG pertama saya,saya keusahan untuk mengerjakan setiap questnya",5,0,,2025-03-19 10:54:53,,,
a6137cc5-b394-4948-8ef6-6403be8a9f3a,W Dora,https://play-lh.googleusercontent.com/a-/ALV-UjVjBk2xzsnGAJHUIrlPTnVaZXJid4JJqoR_fDrmWtCfxk6rJZQ,harus yaa download 31gb baru mulai main 😂... gk bisa gitu sebagian...,4,0,,2025-03-19 10:25:58,,,
6a1787ed-83fc-41a5-ba47-6b277b72b770,Ahmad Zarkasyi,https://play-lh.googleusercontent.com/a/ACg8ocIyK0pWbTwXhsi60zrCPi85R9OKcxwkIHSUkJWd-hGQilbF-A=mo,ok dah,5,0,5.4.0_30057195_30231699,2025-03-19 09:38:07,,,5.4.0_30057195_30231699
fd7ccd44-f733-4649-b708-f57b1f97d902,Jongkok Cuma Kentut,https://play-lh.googleusercontent.com/a-/ALV-UjXEEMbvd1L8GmGUj9ZcrdSUYybk90Ked_fkUvg0Delf0AHX1-SI,"gamenya sih bagus, tapi gw yakin 97% playernya itu cuma nyari primogem sebagai P.O.V player gratisan, yang bikin males tuh kenapa karakter utama juga harus di farming, dan dan farmingan talent nya juga termasuk susah, mendingan sih saran gw pribadi kalau untuk karakter utama gak perlu di farming biar lebih keliatan proses perjalanannya",4,0,5.4.0_30057195_30231699,2025-03-19 09:15:01,,,5.4.0_30057195_30231699
f40d1fff-f640-4baa-bc6a-601a81ac6d3c,Lionel Cornelius Turangan,https://play-lh.googleusercontent.com/a/ACg8ocJBr7c8lzKm4mIibsFxKp-AtZ5YDW5k2z-3PgjmbA_FO7LK5Q=mo,ini giman ya gensin gw tiba2 gk bisa login padahal gw udah ar 56 terus pas mau login ada tulisan gensin impact di tutup di karenakan bug,2,0,5.4.0_30057195_30231699,2025-03-19 07:31:19,,,5.4.0_30057195_30231699
1047b7d0-8e32-48fe-88d3-0eae4d12a8ea,Muh Arif,https://play-lh.googleusercontent.com/a-/ALV-UjVNHEmh8ps1ZANyONTuyGLun9jghgAkWMC4USNHpXqTvQxDng,Bagus,5,0,5.4.0_30057195_30231699,2025-03-19 06:33:08,,,5.4.0_30057195_30231699
e29690c9-2a4f-4eeb-8a1e-541a26cdf81f,FurFun ny,https://play-lh.googleusercontent.com/a/ACg8ocIyYYl7SNFrkz6yrl8uTaQF7ubMrzCvj9OuQ7lUy5h2qN4XoQ=mo,Game bagus,5,0,5.4.0_30057195_30231699,2025-03-19 06:30:02,,,5.4.0_30057195_30231699
2184eed1-74b9-432e-94d4-e8fd3f081957,thifalazmy Baihaqi,https://play-lh.googleusercontent.com/a/ACg8ocL2SQeQSrjVSUt52aV6-JK30-8RaxF35azoCtCdZh0pGskgjQ=mo,game nya sangat di rekomendasikan,5,0,5.4.0_30057195_30231699,2025-03-19 05:44:10,,,5.4.0_30057195_30231699
5f0ab7fd-20f2-4a85-8fbe-f40012d7a375,No Name,https://play-lh.googleusercontent.com/a/ACg8ocJRTGrdn92ClDx-4w-THmOIavmU8Gm5mslHr0W7lVrnVZnmRA=mo,please fix it in the fontaine area it always stacks on the loading screen genshin fontaine area,3,0,,2025-03-19 05:14:18,,,
6536bfb8-2bba-48fd-9636-16444af782cb,翠翠,https://play-lh.googleusercontent.com/a/ACg8ocJExp7aszI4FnzZo34MRY055eiFXwH_8-N3PWQjUS5_Ac2vBg=mo,"2 jam story quest dialognya tidak on point, banyak basa basi, semakin banyak waktu yang terbuang. Masuk dongeon pas quest story dan kalau reconnect/disconnect malah ngulang dari awal, mana ga ada fitur skip nya.",1,0,,2025-03-19 04:18:49,,,
4754d83d-65a2-4915-81fb-c818c52e9834,Rizky Pratama,https://play-lh.googleusercontent.com/a-/ALV-UjWndd5gsnI0rQSGi7dfkCdNO0p2b24d7Hwn-58m4KkdT0PLvPfA,Anjir gua tunggu datangnya sampai 5jma setengah brok gilo,5,0,5.4.0_30057195_30231699,2025-03-19 01:59:09,,,5.4.0_30057195_30231699
e2dc5f0c-fcff-4ab0-864a-48346980477f,Billy R. A,https://play-lh.googleusercontent.com/a-/ALV-UjVM49q2BYota7irYF1PaMskvy4talnI7naQ3cMljdfZ29VQKqA,"keren, grafik HD, banyak waifu🗿",5,0,5.4.0_30057195_30231699,2025-03-19 00:05:55,,,5.4.0_30057195_30231699
4f249e7e-82e0-4043-b7c0-104ca1d5411d,akm adaa,https://play-lh.googleusercontent.com/a/ACg8ocJAEGmj6uLHyV-q2AfdlayB-hh-CdHqfskyX1OxB8vWgPYthQ=mo,Gensin impact sipaling pilih kasih hero gua kok gak pernah dapat hero bintang lima yang bagus gitu parah Padahal udah abis berapa kali spin,1,0,,2025-03-18 22:35:32,,,
db3f1eac-83f3-4cc4-b084-415b95580c1d,Andrew Sandika,https://play-lh.googleusercontent.com/a-/ALV-UjXeott8vB-OC-cBkfTlxtlwCCDNz7W1HxGDrkWaXn3U7_78uII,Sangat bagus,5,0,5.4.0_30057195_30231699,2025-03-18 22:29:17,,,5.4.0_30057195_30231699
d3446ed4-d29c-4891-b05f-2f602d57db39,Sylus,https://play-lh.googleusercontent.com/a-/ALV-UjUslNetvcVPyNx40T9XzXdOva4zGFVTJstgoL4WVVuNIdtu6_qe,"nnti aku bintang lima, kalau dapet furina👻",1,0,5.4.0_30057195_30231699,2025-03-18 22:26:21,,,5.4.0_30057195_30231699
58eda148-ce6f-472f-93b3-2ecbf35c53cc,Fhyan Chang,https://play-lh.googleusercontent.com/a-/ALV-UjWEdyrNtcrV246PcNNKmI6XqnHNQESzFkSuO6HRkC8GXo5aVmQ,sangat menarik.,5,0,5.4.0_30057195_30231699,2025-03-18 22:08:42,,,5.4.0_30057195_30231699
6f107ab7-5e7e-4e56-859e-142e11ca1340,raditya bagas solichin,https://play-lh.googleusercontent.com/a-/ALV-UjUWLfJEGQvRaGK8Xz6ujIe1yjOtOA4k-cXx0kdpsl7Wly4bH7A,"Gamenya Bagus, Grafik Memukau, Storynya Tidak Membuat Bosan, Gameplay Kurang Lebih Sama Dengan Game RPG lain... Kekurangannya Cuma 1, Yaitu Gachanya Busuk... btw game ini lancar dimainkan rata kanan di Poco x7 pro",5,0,5.4.0_30057195_30231699,2025-03-18 21:01:46,,,5.4.0_30057195_30231699
0decad32-8e34-4c79-a89b-8580775e9b7b,Arif Pradana,https://play-lh.googleusercontent.com/a/ACg8ocIJJcYjsR_kz35aRE1LkIOVhSPfXV7APDvebtiLNoW531JvvQ=mo,"Sangat playable sekali, dan sangat friendly untuk hp kesayangan saya, namun saya coba bermain selama 3 jam nonstop mengapa hp saya berasap? Info dong yg pernah ngalaminky gini, hp saya smasnug j2 optimus prime",5,0,,2025-03-18 20:53:29,,,
8e9c71cc-20d0-49ff-a612-227ab0bf12b7,Jafitz Muwaffaq Althaf,https://play-lh.googleusercontent.com/a-/ALV-UjXmC4fd4PfLRGGQPT0rYkMnYpqJExClz_mmKmNwM9fSKbXuf28,The best open world,5,0,5.4.0_30057195_30231699,2025-03-18 20:50:13,,,5.4.0_30057195_30231699
ffd1be4f-e8af-47f1-8bf4-ee2537419a2b,Reinhad Az,https://play-lh.googleusercontent.com/a-/ALV-UjU8wIaayVuH6FBHwAuYAFlU8qCwKETmZCKXWCuYC-TscodGAYAd,"game merepotkan, coop tergantung quest ga ngotak longor, hapus aja sistem kek gini, nganggu aja, tau knp? yeah jelas bro, quest yg kalin buat panjang panjang ga bermutu buang buang waktu aja, game sebelah aja ada fitur skip dapat rating positif, lah ini dah rate 3 masi aja ga dengerin kata player, sadar otak lu ada di pake lol, kalau mau berkembang jgn nyusahin player gua kasi b5 setelah fitur skip tersedia",1,2,5.4.0_30057195_30231699,2025-03-18 19:13:23,,,5.4.0_30057195_30231699
02ad2c01-e656-4d2c-8ea0-892db989e7d3,Zii Zii,https://play-lh.googleusercontent.com/a/ACg8ocIY2kwUvbl-LVGHdxuVlRhtmxNuTcDgCb68bYEZLnoxwDM6Ag=mo,bagus,4,0,,2025-03-18 19:03:55,,,
3d178015-dce0-4da6-a14a-73f188973869,Rynzxx,https://play-lh.googleusercontent.com/a-/ALV-UjX2vJl2WnzMnqL12e3sLse-LG1QHxoWDPeBfN-hAiLluxQ_DSQ,gema bagus,5,0,5.4.0_30057195_30231699,2025-03-18 18:28:52,,,5.4.0_30057195_30231699
1aa281eb-4e42-4cfe-a84d-aa4cdc31a08f,Albar Aulia Rahman,https://play-lh.googleusercontent.com/a/ACg8ocKWVVW1U6cyLexJ9t6_XQcHbqVXBbk8_sjUYBwCoKORn2-n7w=mo,kikirrr dasar kikir,1,0,,2025-03-18 18:26:07,,,
29a8696e-d534-47ab-ad92-7151643596fa,Frastlah,https://play-lh.googleusercontent.com/a-/ALV-UjUbJ543DPAgunWX9pYwxhb-xhULIOGeDepCGHTKnI5bkZAzPRWr,game bagus tapi ngelag banget jing,1,0,,2025-03-18 18:15:22,,,
66028cf6-d57f-4163-9871-14a09a561d73,Bazari,https://play-lh.googleusercontent.com/a-/ALV-UjXwKU5sdwO3Z69EpthykFKkeaeL-m8qvh5pcORvoc_HJN5rIImQ,game yang sangat menghibur,5,0,5.4.0_30057195_30231699,2025-03-18 17:52:47,,,5.4.0_30057195_30231699
56b82937-c345-4cf2-af89-49c03f17350a,Shailene Anderson,https://play-lh.googleusercontent.com/a-/ALV-UjUKooGoVFrAl0NehqMvVuoTxYFhGC2ssa2jVCdYF4IiswUM3ds,"Game p2w njir, kikir amat",1,0,5.4.0_30057195_30231699,2025-03-18 17:52:40,,,5.4.0_30057195_30231699
2b031865-15ad-4870-9bfe-9e66497af65c,Andromeda,https://play-lh.googleusercontent.com/a-/ALV-UjUF0nPmOYr3ckssiFJgNcGjN39X2oVYqHlYKTj3_2LDrf-dG0M,kikir bgt jir,1,0,,2025-03-18 17:43:07,,,
5ff5b037-8d92-42b4-b539-9c5e65ccc065,Ziera Noerman,https://play-lh.googleusercontent.com/a/ACg8ocK7IhejQQ_Fu0Wr_WQ0aTGL2sHtxBVEzFmfC3sHp8BJdsBtKg=mo,MIHOYO PLS BIARKAN AKU DAPET SENJATA FURINA KALI INI,5,0,5.4.0_30057195_30231699,2025-03-18 17:18:22,,,5.4.0_30057195_30231699
67cc3e01-e27d-4a68-9521-ac4f33b5f827,juna ida,https://play-lh.googleusercontent.com/a/ACg8ocJDg-aq1cwfyUkDY4N6-zxUnNP1keEOBHVZHsKhvN-uDvEreg=mo,game ini sangat bagus dan grafik nya hd tapi ada kekurangan download data nya jangan lama banget kalo lama jadi cepat habis batre hp tolong di perbaiki yah developer game nya tolong,5,0,,2025-03-18 17:14:37,,,
eba561bc-37ad-424a-bc73-baafba51528d,DAVID YT,https://play-lh.googleusercontent.com/a-/ALV-UjXX_EzzZMokaHHHiOJO59zyAaAUygo9gVUGr2b4UNjbNJa6YzJi,seruu banget gilaa,5,0,5.4.0_30057195_30231699,2025-03-18 16:42:41,,,5.4.0_30057195_30231699
77fd93f2-4684-4080-901d-f0d95bd55ff8,B.D.A,https://play-lh.googleusercontent.com/a-/ALV-UjWWYLhFT-UGMMT2ontGUCmp_tx1BklyXmP2HmlyDmTfpDvK9ReA,"akun saya kena hack, dan email di ganti padahal di email tidak ada notif sama sekali, dan untuk pengembalian akun sangat ribet,. kecewa aja tks. gak lagi deh main game dari hoyoverse, apa lagi ini game gacha ilang akun ilang semua aset nya.",1,1,5.4.0_30057195_30231699,2025-03-18 16:41:27,,,5.4.0_30057195_30231699
c13e2aef-0cda-4b43-b3ba-6777e6b97255,Haikal Zeedan,https://play-lh.googleusercontent.com/a/ACg8ocJsHt0mXKtzsx4aIFRTFBdqRP10cIEjahFGun87DdKxzoTifg=mo,"2 words,""Absolute Cinema"".",5,0,,2025-03-18 16:30:45,,,
a8459324-ba33-4b1c-99b3-3f0fac7cf81a,Choirul Anam,https://play-lh.googleusercontent.com/a/ACg8ocJ5mLPmtoluqq80PEVTm-fIYQsZ2KAPCNgm5gfLnNs9BaGbsQ=mo,Bagus,5,0,5.4.0_30057195_30231699,2025-03-18 15:28:07,,,5.4.0_30057195_30231699
21730d8f-8e71-4758-a651-333cc6654556,kucing laut,https://play-lh.googleusercontent.com/a/ACg8ocInEHb2AAX0mZRlaJQrwJtba2nXnMZ8l2yHMzsVY6zFZM9igQ=mo,"bagus sih, lore utamanya bagus banget, cuman masih ada kekurangan dari fitur ceritanya, kenapa tidak ada tombol skip dialog? padahal world quest ga ada hubungannya ke quest archon, terus juga kenapa charnya kebanyakan female? tolong dong dibanyakin character male nya",3,0,5.4.0_30057195_30231699,2025-03-18 14:26:49,,,5.4.0_30057195_30231699
365121fb-1667-450d-8535-0352371ce52e,Asmiana smia,https://play-lh.googleusercontent.com/a/ACg8ocKv_is2i1O2rWIN9dQFYcesmbknHQLixcgajw4fP0H2i0Yckg=mo,"seru, cocok banget gamenya",5,0,,2025-03-18 13:35:31,,,
b9d8b92e-5987-491d-88f5-e2e27778ed87,praditya putra,https://play-lh.googleusercontent.com/a/ACg8ocJG5c1WSqAgGMthiVT33k3vfum31bFMbt1HTkA52W1HEuCl5A=mo,bagus,5,0,5.4.0_30057195_30231699,2025-03-18 12:59:30,,,5.4.0_30057195_30231699
e7ec7a4e-2068-4ac7-9df2-8779de668633,Nana Putri,https://play-lh.googleusercontent.com/a/ACg8ocL6iK3wPTR_xJ6ecXt7rsngR0ytip-fa_BullcnjzYRI-pTAg=mo,bagus,5,0,5.4.0_30057195_30231699,2025-03-18 11:34:25,,,5.4.0_30057195_30231699
93588d13-a0f9-4d19-a74e-c3238ab0c38e,Hardi Kadiman,https://play-lh.googleusercontent.com/a/ACg8ocJyk-VEp5OIPIcMcv0SJ88nRVm10K9VyFTsAzklrYVqK3j_gA=mo,Ok,3,0,5.4.0_30057195_30231699,2025-03-18 10:34:00,,,5.4.0_30057195_30231699
3d75ca3d-91e8-4f31-8c7d-dd999e7f8542,Laswardi Nasution,https://play-lh.googleusercontent.com/a-/ALV-UjXs0mTTKDShBs9-3YQZudK5FToRhrhixOC4dgBQ192Nkacr_j8,game yang sangat keren. sayangnya gacha terlalu sulit dan kebanyakan dari gacha ampas semua,4,88,5.4.0_30057195_30231699,2025-03-18 10:14:20,,,5.4.0_30057195_30231699
c62249be-15ea-40a9-ba60-56f7371dc7ed,Hello Puh,https://play-lh.googleusercontent.com/a/ACg8ocIrhPGlHzhkQu8wmksu2SKKsdAkoFmL3cgJAyil2C0znNdL=mo,Udah jadi genre Game Story Telling,1,0,,2025-03-18 09:23:06,,,
2b383f86-dab1-4b26-ac88-797373e22dfe,Joffa Room,https://play-lh.googleusercontent.com/a/ACg8ocLOfJtyEIQTJ6KhbdHpkP5nWO4zhErPP8oMcBYYQ1qDEXtLZw=mo,seruuu,5,0,5.4.0_30057195_30231699,2025-03-18 08:56:32,,,5.4.0_30057195_30231699
a3a932c8-0bff-4230-95be-6235cf36d6aa,didit jamawan,https://play-lh.googleusercontent.com/a/ACg8ocICkUlcq8k8SF8vcyGNynH_6t8cmE2MtECmpWvh3l4ZNvP5mg=mo,moga kaliini dikasih low pity karena saya swjak awal maen genshin kagakperdah dapat low pity under50 mesti di atas itu terus yg hoki dlu kazuha pas 50 pity sisanya hard pity terus padahal sama2 player f2p ny kenapa sangat jauh perbwdaan nya akun teman saya kebanyakan low pity kmaren banner arlechino aja cuman 7 pity dah dapat sedangkan akun saya sangat hard pity sekali semoga saja sudah tidak hard pity lagi,5,0,5.4.0_30057195_30231699,2025-03-18 08:51:12,,,5.4.0_30057195_30231699
46ea8f07-f37c-4556-ae18-2169d650d94a,EgiAdityaNrhmn,https://play-lh.googleusercontent.com/a-/ALV-UjWZ0BN5PL04cpe5JdxfeyxQ7rbpYgSBYwkWeaBrUNdlIQIkOyE,SERING RECONNECT MULU TAII TOLONG PERBAIKI LAH JANGAN MALAH DIALOG YG DI PANJANGIN,1,0,,2025-03-18 07:38:28,,,
ec4c2a70-0d20-4e2c-916a-d77a126094ae,Alby zahy Alfarezel,https://play-lh.googleusercontent.com/a-/ALV-UjU4e--G9ccHtvHNL3pn9Ojwxr1TiGcTmIRtnupawLyhzMv7lnnC,Asik,5,0,5.4.0_30057195_30231699,2025-03-18 07:13:36,,,5.4.0_30057195_30231699
6f4286ca-3c16-443d-8515-47aa22992061,Loveyou,https://play-lh.googleusercontent.com/a/ACg8ocI1fetqpb9exrw_K8Jo5N3qT-JjbhJTYDBd6jlVeWp_cCPmIukP=mo,"Gamenya bagus, dari segi Grafik sampai cerita semuanya bikin menikmati, saya merasa enjoy. Namun tolong gacha dan bansosnya di baikin lagi",5,0,5.4.0_30057195_30231699,2025-03-18 06:41:34,,,5.4.0_30057195_30231699
9bcb3c04-8438-49e7-bad3-cec748a6fda9,Rani Yuniar,https://play-lh.googleusercontent.com/a/ACg8ocL5Gr9ksNfpZlCQe6Qut75zSLgv9Z2-cessNEP919Jk5WMWTw=mo,teruntuk developer tolong tambahkan fitur swap gender,5,0,5.4.0_30057195_30231699,2025-03-18 06:35:45,,,5.4.0_30057195_30231699
bafad6b2-b995-4767-a3ff-ad6ce18cb4d0,Zafrand Legend,https://play-lh.googleusercontent.com/a/ACg8ocJg5qCwvOF5PDE1cw5WiGjs4WkAAw282YPuL_ZWvWoNTnX3zA=mo,Bismillah tidak ngeleg,3,0,,2025-03-18 06:17:05,,,
d74855d9-275f-4484-aa42-52bd30d7a4bb,Ariana Heranitha,https://play-lh.googleusercontent.com/a-/ALV-UjX01FdD85Mr5c-cLs1HoM-6yKcTGo5z9e585nXbPz4AeVlOstEs,kikir,1,0,4.2.0_18831865_18963989,2025-03-18 04:30:56,,,4.2.0_18831865_18963989
bec70fc1-d2c4-4c35-bee8-ccb045e07216,Rahdian Aljufry21,https://play-lh.googleusercontent.com/a/ACg8ocJinXknGVc8OpJh4iPip3JfuC6vc2sWrPrVeOIakvglC-usDg=mo,"game anda sangat bagus,saya sangat senang ketika memainkan nya",5,0,,2025-03-18 02:34:45,,,
8aa47f21-b651-4348-acf6-3fc3fdf4fa62,Franzz Hentaii,https://play-lh.googleusercontent.com/a-/ALV-UjX5U9iicYKTex3Eq2VmGkW2wjH4lAaGNdafkkuuasUyTCyuOYId,"Genshin.. saat ini saya sangat ingin mencoba game ini di android 14 saya.. namun sayangnya pihak pengembang masih belum merilis kompatibelisasi untuk perangkat android 14.. yang saya baca kini genshin impact hanya support android 10-13, untuk keatas nya tidak bisa memainkan game ini.. sayang sekali.. saya kira genshin impact akan secepatnya merilis kompatibelisasi untuk android 14.. padahal di hp saya pubg mobile sudah bisa dimainkan.",1,0,4.6.0_22174900_22378599,2025-03-18 02:10:58,,,4.6.0_22174900_22378599
5e70c83c-0c3e-4404-b0d8-056e03b46699,Galih Saputra,https://play-lh.googleusercontent.com/a/ACg8ocIZiVfHkbuaQ1htYC2Ij7aDg0tw2JUCk3TPj4UoCXOQtvqyIw=mo,bener weapon selalu sesat.,1,0,,2025-03-18 02:07:04,,,
b34a1ec7-9fd9-4e7d-ad84-0423d6ed45b6,Putra Ariyanixbkp1,https://play-lh.googleusercontent.com/a/ACg8ocL78JBmp06F9AF4eXvEof3jRN4VTiVvhVFhggHAynC_PCNYwQ=mo,Min tolong size kecilin aja ke 20an biar gw bisa main :),4,0,,2025-03-18 01:23:07,,,
00fdb5cf-f330-41ad-b992-32d4e7159e24,Candra Setiawan,https://play-lh.googleusercontent.com/a/ACg8ocLcbhMEzqt_KoZf0QXJmzOQ3KtI4pGEkfREiZ677kkUvfNQMRY=mo,"untuk download keseluruhan nya lama , tidak bisa di mainkan langsung kalo belum terdownlod semua. ukuran nya 27gb . gila gila. coba download nya sambil bisa di mainkan",1,0,5.4.0_30057195_30231699,2025-03-17 23:27:20,,,5.4.0_30057195_30231699
783b8413-6c20-475a-86ef-9bffdad159a0,Fernando Satria,https://play-lh.googleusercontent.com/a-/ALV-UjVwXd893J1qi1pn9-APHVMazKuebfH2tvvkMMqA7Toe_mJsA0Vm,"Saya berharap karakter karakter kembali dapat berbicara di Genshin, karena rasanya bosen jika cuma denger suara Paimon terus",3,0,5.4.0_30057195_30231699,2025-03-17 22:31:00,,,5.4.0_30057195_30231699
749c6c36-3a66-437c-9f0c-b9e39b4ff1d1,Kristova Wicakseloga,https://play-lh.googleusercontent.com/a-/ALV-UjV0GvhgUeNgNt9PzbIjArqCa_l0fRfqW6CvBheVAtk-NFOwaTs,Bagus,5,0,5.4.0_30057195_30231699,2025-03-17 22:16:17,,,5.4.0_30057195_30231699
5ce47377-9a4e-41b5-bf68-b27bb9b452ca,Mis Aji,https://play-lh.googleusercontent.com/a/ACg8ocKli-Y53sLdZVredPoLezDpBi5rHD-xjhVNRd0z5q5LX9CvCA=mo,mantap,5,0,5.4.0_30057195_30231699,2025-03-17 21:40:24,,,5.4.0_30057195_30231699
f60a7b3a-67f5-437a-8d24-8cb365255223,Robinson Adenston,https://play-lh.googleusercontent.com/a/ACg8ocJf0JPRoqwbe4D5VadfVA-Ke3HiIl_KjFZSmD_8di_BcX8MTg=mo,Lama download data njing,2,0,,2025-03-17 21:24:13,,,
6abd3a30-954a-4454-9478-9b1455e2fd8d,Rian Syah,https://play-lh.googleusercontent.com/a/ACg8ocI048C4ElkogZ9yfKPW3G1lXonhxTSRzT-pSuHQtqdTIMQbWw=mo,sangat bagus,5,0,5.4.0_30057195_30231699,2025-03-17 20:13:34,,,5.4.0_30057195_30231699
3e449239-1b3b-4c62-b751-39b292b9c179,Muhammad Fajri,https://play-lh.googleusercontent.com/a-/ALV-UjW48LxILIkhoLam_WNwjKmas-8wp_cNjaRdcZYK-g46EReneeQF,makasi,5,0,5.4.0_30057195_30231699,2025-03-17 19:25:08,,,5.4.0_30057195_30231699
37c7b9f7-da90-48c3-bf4e-f75fc3cbf0af,VMPR VENOM,https://play-lh.googleusercontent.com/a-/ALV-UjVIDmKkYi8Dj3CV_4nvNyiTXwsqDtioOlcAN1x524sf--mJ0kU6,nice mantap,5,0,5.4.0_30057195_30231699,2025-03-17 17:25:34,,,5.4.0_30057195_30231699
7bcf5be9-e89e-4a80-b7e7-b580e63c442e,Asrul Art,https://play-lh.googleusercontent.com/a/ACg8ocLxa6FoV-tGNqBBVFG_bwHUXc_yUd85e25dSVQ3kIvbapqymg=mo,Game yang menarik,5,0,5.4.0_30057195_30231699,2025-03-17 15:57:43,,,5.4.0_30057195_30231699
2e5dc0b7-e28d-47f1-b557-adcfc4211ca8,auranethia victorine,https://play-lh.googleusercontent.com/a/ACg8ocLneYnOew_0jAwmcMg0U39gbOCoJY45UkkYpqVs8PhRLsThtw=mo,game nya bagus sih tapi pas masuk antrian nya lama udah sampe 4 jam nggak selesai,3,0,,2025-03-17 15:50:06,,,
a5e42c94-b6b5-4434-bcf6-0f3a30d44114,Muhammad Abizar,https://play-lh.googleusercontent.com/a/ACg8ocKuE0W3qHlIyY1pSlylGiPjqX1QYiF8YXnmogkiSilhkQ4q4w=mo,game ini sangat bagus dan sangat ringan cocok untuk hp iPhone seperti saya,5,0,,2025-03-17 15:45:14,,,
1038e1b4-39e6-4ade-80ba-8e3d7b1bdf4f,Najwa 12,https://play-lh.googleusercontent.com/a-/ALV-UjXl3vU7UNRkrNdemnMh1zc1L_r7tOvDai-ATA1bKuQ7GwgkIvG_,"Udahhh bagusss bangett!! Tapi pliss tanbahin fitur on mic buat co-op, player kadang malas ngetik panjang ataupun malas buat ngetik jadi penambahan fitur on mic akan cukup berguna bagi player. overall semua udah bagus ^^",5,18,5.4.0_30057195_30231699,2025-03-17 15:13:47,,,5.4.0_30057195_30231699
aa4116f5-fa81-4895-89e0-7261b0ef2e3d,Castelvania,https://play-lh.googleusercontent.com/a-/ALV-UjUBee_VnuUDIWi4auPbPb4z9BKyKyycOgWA-EaFv7Hd49PmCQw,the best game,5,0,5.4.0_30057195_30231699,2025-03-17 15:00:00,,,5.4.0_30057195_30231699
9a61b79e-11f3-4a53-929b-cce4d8419649,Muh Suryanto,https://play-lh.googleusercontent.com/a-/ALV-UjVDE7sDePiHMZ1S2n3S4VvsZ1662pYXamDD7HX1VEzPFYhj8-o,Bagus gitu aja,5,0,5.4.0_30057195_30231699,2025-03-17 14:27:55,,,5.4.0_30057195_30231699
fa00af39-910d-4d17-9097-2ab8e112e373,Tommy Dimyati,https://play-lh.googleusercontent.com/a-/ALV-UjUpatGFLIXlvZsHTDosPBRd3m3Q7o4pE1V0sA8XkYEHCJaGzU-p,"Bagus sih misi daily sekarang dipermudah, tapi kikir impact, ditambah lagi makin kesini sistem update nya ga jelas, download ga stabil, nih dihp gua Android 10 masih lancar 45fps, tiba tiba ngikutin min spek meningkat serasa Grafik Wuwa, gua masih maen Genshin ini dispek HP Low lancar, laen kalo Wuwa emang Unreal Engine jadi pake HP High End nya karna emang detail..",3,10,5.4.0_30057195_30231699,2025-03-17 14:17:16,,,5.4.0_30057195_30231699
9a7a81f6-04d9-46d7-8363-5a2ac8608f4f,Baiq Muslimah Qaaimatuddaulah,https://play-lh.googleusercontent.com/a-/ALV-UjUp1hkTVqf9qmSUZMj6mn6aXf5WsyCIBznLgsYJz1YB8TN2mk3B,"noo miHoYo i love you so much udah bikin game sebagus Genshin Impact. menurutku ini game yg sangat bagus dan menarik. krn aku suka bgt game petualangan&RPG, aku baru2 main sih, karakter2 nya juga cakep2. iya emng dikit char cowok, tapi yg cewek juga cakep, aku suka. eksplor seru, walau kadang sulit wkwk. Oya tolong sistem gacha dimudahkan yah, pleasse... grafik bagus, cerita menarik. Oya, yg protes download lama, pls kalian liat deh spesifikasi hp yg oke dipake main kek gmn, dan ini game santai",5,2,5.4.0_30057195_30231699,2025-03-17 14:04:16,,,5.4.0_30057195_30231699
e6342fa9-e129-416e-a142-4612e3b96948,Ryuken,https://play-lh.googleusercontent.com/a-/ALV-UjVUmYb4AjcRA1xjNZ2sBFB_81sUo6jqFzJGmsb6IKk7wnnkSZc,Menurut gua mulai dari story sampe grafik udah mantap banget,5,0,5.4.0_30057195_30231699,2025-03-17 14:03:25,,,5.4.0_30057195_30231699
25fe4c9d-7743-40da-923c-9eaf08def698,Adib Elek,https://play-lh.googleusercontent.com/a/ACg8ocJLBDUE_YkNgtx3WsgI07a3UbQefWb4cua_F9_hiTXO3zgWSw=mo,"Bosen njirr tiap hari login, daily, gacha ampas lagi, grinding lagi. Dahlah",1,0,5.4.0_30057195_30231699,2025-03-17 13:55:51,,,5.4.0_30057195_30231699
5a8cf071-7b50-4932-ae9a-8c42b9cd1d29,Rayhan Sihab,https://play-lh.googleusercontent.com/a/ACg8ocIfrLp-V_4OILOLu3TCgt6pJUoxT0_CxnkjP0sg0rOkWxZA5w=mo,"Gameplay bgus grafik ok, tapi pas loading unduh data itu memperlukan banyak memori seperti 20GB+, tapi ttp bagus kok",4,0,,2025-03-17 13:50:08,,,
3f40b41d-f5da-425d-b753-dd09cc17b437,Caesar Assyauqiemuhammad,https://play-lh.googleusercontent.com/a/ACg8ocKhKJybwBPoMCTIJ3NCrFvLKhRrGwkjGKasmBGiz2ohvErCBQ=mo,Good game,5,0,,2025-03-17 13:25:36,,,
d84833ff-0a24-4851-9294-ec67eddde152,Agus Pupuk,https://play-lh.googleusercontent.com/a-/ALV-UjXVvrEyQYzZfsmJ72hxqY5n_umM3Im8fddoZZrebPSu8gnDfL8,mahal kuota,1,0,,2025-03-17 12:59:03,,,
718f8275-de6c-4e86-93a2-f20fdfc358d1,Rehan Firmansyah,https://play-lh.googleusercontent.com/a-/ALV-UjVLZOAB-9-LJ1A4TWPlhuiIGdaSY5mVwGMd5OPd5WyvKkRvl04,kuota gw abis gara2 download data,3,0,5.4.0_30057195_30231699,2025-03-17 12:49:38,,,5.4.0_30057195_30231699
0007f153-528a-4014-b674-896fbd4f9533,Sabrina falisha Azzahra,https://play-lh.googleusercontent.com/a-/ALV-UjUl-8HUBzvhe1OPyrejZaiZU4eSKgjMe17mwkM8RGh-De6nKJw,"Gamenya bgs bgt cutscene nya bgs desain karakternya bagus. Tp feedback dari aku nih , maksimal resinnya ditambahin, jgn 200 kedikitan. Sama kalo ada karakter free yg bgs.",5,0,5.4.0_30057195_30231699,2025-03-17 12:40:04,,,5.4.0_30057195_30231699
897b27c5-ff88-40ef-b154-e63b039b4537,zamantibot123 zamantibot123,https://play-lh.googleusercontent.com/a-/ALV-UjUtsV3rzr29lqeWwWzl5goZaljYJztRTeVbjSOtQEb9qHY31OY,Sangat seru,4,0,,2025-03-17 12:32:22,,,
a7759398-d0dd-44d2-90f9-a11c9da02443,Lynnzi Ye Li (Li Lyn),https://play-lh.googleusercontent.com/a-/ALV-UjXIZdAJcDNfIPIloCbkSmlWTCuGnwu_9Y93s09kwTLY4LNXBXFY,"kenapa setiap buat akun baru gak bisa mesti tulisan nya ""terlalu banyak login kembali beberapa menit lagi"" padahal baru main game ini tolonglah sistem nya di perbaiki lagi kembalikan seperti dulu agar bisa main lagi",2,59,,2025-03-17 12:10:44,,,
da0cac3d-66bf-446c-ac96-bd677b2636c6,Konten Bebas,https://play-lh.googleusercontent.com/a-/ALV-UjVrYZYhXDzRCQ6EDnvF410qzmlDsMOxaKGuDeCL-GfOB6Maj_GP,"kena akunku gak bisa di buka hoyoo, padahal sinyalku bagus"" aja dan gak ada kendala",2,0,,2025-03-17 11:41:35,,,
46359400-7d01-48f5-8e58-57c09164e84a,Bintang Fajarulloh,https://play-lh.googleusercontent.com/a-/ALV-UjVqCYFc-YowTdSmub_JMPHhjsj1jkthiRALVGtchedh_-HtTgQ,Lumayan bagus adventure sama alur cerita gua suka di tingkatan lagi game ya,5,0,5.4.0_30057195_30231699,2025-03-17 11:03:13,,,5.4.0_30057195_30231699
fd3285ba-61a0-4eb2-bbf3-2d63f986ed8e,Muhammad Didikalfares,https://play-lh.googleusercontent.com/a/ACg8ocIlg_AM_2hz4XGsMiE8OKTAdc9VrnBSDUhsodMlJpdj7ygvWw=mo,Aku suka,5,0,5.4.0_30057195_30231699,2025-03-17 10:13:45,,,5.4.0_30057195_30231699
5bacc851-5bdb-4978-b736-d7652fcd9668,Aji Sucipto,https://play-lh.googleusercontent.com/a-/ALV-UjVQ462MqH3LcbLNfSZldBVWP4mYHLqivH7Jw4hlT8L1bbciQAqt,Perbaiki bug dan optimalkan gamenya,5,0,,2025-03-17 08:54:34,,,
0362eeee-dce9-4b9a-8a78-e588047e8b59,Yahoo,https://play-lh.googleusercontent.com/a-/ALV-UjW9yYz5bqhM0SdW0kur0fNhjDqzPvaDXv3Oo2R8sflf6_PpxNI,Neng hu tao cakep banget jir,5,0,,2025-03-17 08:30:33,,,
52c9b621-1e86-4ce3-aa53-28a1dff9727d,Kyuu,https://play-lh.googleusercontent.com/a-/ALV-UjXI4t0SEdSLoyl1sEYQPtr2zinCpKfzqU_cZCxObSragDo-QOz8,"Game sampah, selalu gacha diatas 85+ dan lose 50/50, sampah kali nyari duitnya,bikin males top up",2,2,5.4.0_30057195_30231699,2025-03-17 08:26:41,,,5.4.0_30057195_30231699
26b22538-d7a5-4c3f-9e03-2795e1035f8a,Naufal Syarif,https://play-lh.googleusercontent.com/a/ACg8ocLRFaWVTuNH7cMwsmWWUD-Tps1kvkXieqnoWtK_AMvqUv2sfQ=mo,Gw kasih b5 kalo gw bisa dapt furina di pity 65,1,0,,2025-03-17 05:53:58,,,
994f67df-c503-4321-bc5b-801652cb54ba,M syahir Azka,https://play-lh.googleusercontent.com/a/ACg8ocJ7BL7mtwGzOPOGXV5myaAWXT4iefqXCp_NBtjS4U-54plkqg=mo,bagus bgt,5,0,5.4.0_30057195_30231699,2025-03-17 05:46:58,,,5.4.0_30057195_30231699
bf76f32c-2362-4cc7-b224-b225591cb726,Yuni Kartikasari,https://play-lh.googleusercontent.com/a/ACg8ocK8QFO-sr8VQ-Lv5IoPirvgJ4_78uM2iKrHLDfYMdxHl8vUdg=mo,keren,5,0,5.4.0_30057195_30231699,2025-03-17 04:19:00,,,5.4.0_30057195_30231699
4483de36-de70-460d-81a8-0a52cae589ff,Fajar Sidik Tri Widodo,https://play-lh.googleusercontent.com/a-/ALV-UjXjIA42R5NBrJfqsuQUCEOl9kZEMgVfp3IVsTa_hDz4_lUb3HmS,"Saya membuka akun yang sudah lama saya mainku dulu, mengapa hero kuning saya hilang semua? Progres juga hilang banyak. Sangat mengecewakan.",1,0,5.4.0_30057195_30231699,2025-03-17 04:09:08,,,5.4.0_30057195_30231699
242063d6-6111-43c4-bed0-af6e69bcbaa9,MadMad,https://play-lh.googleusercontent.com/a-/ALV-UjX4LBrsuWWkxlpWsERCKeZuq1js0UUR_Bou8fQWiK999LKQGT0,good rekomendasi banget,5,0,,2025-03-17 03:31:26,,,
55d160ca-9f7c-4e91-bd87-b7887d8b522d,Heri !,https://play-lh.googleusercontent.com/a-/ALV-UjWVoQDquFatVGGWJeaKUWNwT-4x-VnUBeN2t1h9F7BP1TQXwEB4,game lama,5,0,,2025-03-17 03:31:24,,,
39852db7-f45a-4646-a79e-bd594b89951b,FzBajrie02,https://play-lh.googleusercontent.com/a/ACg8ocKmKF2pUWCTJV62R6CLvC5DPufunPs55iThGZM9ShsLD_eorNk=mo,"Ada apa dengan game ini?!, selalu stuck berhenti saat bermain, muak bener gw, tolong diperbaiki lah cuk, hp bagus koq stuck berhenti, game sebelah aja ga 🫵🏼",2,0,5.4.0_30057195_30231699,2025-03-17 02:58:24,,,5.4.0_30057195_30231699
e59a36ff-4c38-4be9-868f-e2362fc880cc,Reva Lion,https://play-lh.googleusercontent.com/a-/ALV-UjVW5VSp_XIU1OsYStgf2HXD2SWKoyfLX1NFVU3t6rFEVSLWLBwb,"GAME JELEKK GAME CRINGEEE GAME KIKIRR, CHAR COWONYA DIKITTT SEMAKIN LAMA GA ADIL DAN STORYNYA BORINGGG SKIPP, HUUUUU",1,2,,2025-03-17 02:49:50,,,
b2e2203a-d11f-4f49-a491-bdc80db9be6d,Ngab Reza,https://play-lh.googleusercontent.com/a-/ALV-UjXqNmGiNeXsJZDK3pX-Lb6JQmNfHi2v_4YQPLIHTrWrMcEmemqQ,turunkan fitur auto skip,3,0,5.4.0_30057195_30231699,2025-03-17 00:37:14,,,5.4.0_30057195_30231699
f5a90769-ae80-498b-a7e2-924c3a399e43,Zikri,https://play-lh.googleusercontent.com/a-/ALV-UjVa3va2ionN28beo7B3tBQbUGsp1nDhIawWpCVEa2Kug11f43EF,"menarik gamenya, berasa main ps 4",5,0,5.4.0_30057195_30231699,2025-03-16 22:18:12,,,5.4.0_30057195_30231699
3348e545-b760-4af6-b834-046c07cf2c34,Valentino Febriyan,https://play-lh.googleusercontent.com/a-/ALV-UjUM_mmcmBTiwBUOVsomUFibUBhYCvAXfJjBtkXkyzrmXAdmlwU,"I don't know if it's my network or what, but please help me when I'm in the abyss spiral, it's as if my network is immediately cut off and I automatically exit the domain, even though I'm about to win, my network suddenly disappears, I've tried it 5 times and it keeps going like that, maybe this is a bug, so fix it quickly.",3,0,5.4.0_30057195_30231699,2025-03-16 22:12:31,,,5.4.0_30057195_30231699
04091caf-d13e-4622-b721-527ba353be10,Mukhtar Jaelani,https://play-lh.googleusercontent.com/a/ACg8ocLhNd238M5MF7GWdOZJMnUe_tKlxtmJ9GN-AtM-i8n0PzHl0A=mo,keren,5,0,5.4.0_30057195_30231699,2025-03-16 22:07:40,,,5.4.0_30057195_30231699
882a2363-f604-4cb5-9e03-c7b1133f364a,Andreas,https://play-lh.googleusercontent.com/a/ACg8ocLvToXQU0R9wvbS3riPJf525WyMVhl6zKF8Lg740wyB5cQhWQ=mo,game yang cocok untuk dimainkan kapanpun dan di manapun,5,0,5.4.0_30057195_30231699,2025-03-16 21:54:16,,,5.4.0_30057195_30231699
0039e5ab-e8ca-44b5-af4b-55e6d4b8e17f,Abdul Aziz,https://play-lh.googleusercontent.com/a-/ALV-UjXeXqbGVXVAbJsIAbtaY6kLic4hcySbLOaQ8KbJ14e5QrX7GKpM,bagus sih gamenya cuman keberatan doang entah hp gw yang kentang😮‍💨,5,0,5.4.0_30057195_30231699,2025-03-16 21:01:39,,,5.4.0_30057195_30231699
98adb867-3beb-4507-ab4c-a68925c1fac6,Akun Aoa,https://play-lh.googleusercontent.com/a-/ALV-UjVQBT1CS3KQR9yursGs2inf8dAm3XgrcQ6Vg5b0qip5HvSX1XjN8w,gimnya sangat seru yagesya banya story nyee hi takotnyeee,5,0,5.4.0_30057195_30231699,2025-03-16 20:17:48,,,5.4.0_30057195_30231699
21a2d01e-0cbc-47f5-95a0-dbc08c5079b4,Lalu,https://play-lh.googleusercontent.com/a/ACg8ocIIulQBeNI2lferICMDe8uI52RaSOMeNbT2RF8_VTPb9KyuIQ=mo,- reward,4,0,5.4.0_30057195_30231699,2025-03-16 19:53:41,,,5.4.0_30057195_30231699
909d9804-1664-44a3-8d60-7c7053a352a6,yovan juniarto,https://play-lh.googleusercontent.com/a/ACg8ocJtJ91sl2EBYuJ1cR9PWnG8D25FeplA3YMM8MfBX7KWjQA2tg=mo,bagus suka,5,0,,2025-03-16 19:47:46,,,
08fff1d1-ce08-4f01-a377-3c714780fffd,HATEMUJAN333,https://play-lh.googleusercontent.com/a/ACg8ocKFclqGp8v5W7uPkvEmBsTgLOO9FRF5wfgb898LWWUy7V-B4A=mo,"ada bug lagi, tiap mau reedem kode, atau ngelawan boss, biasanya suka layar hitam terus keluar sendiri. tolong di perbaiki lah MiHoyo, jangan di kasih fans service mulu 😔😢",2,0,,2025-03-16 19:21:26,,,
a583bc11-8fcc-4349-8d66-7f443a5d3171,Dirlhi muh Saja,https://play-lh.googleusercontent.com/a-/ALV-UjWBbSmu1MTzKpMtBl3AZ8vFoiZ0Ke3dlryNhU2iBIQLIuSETv61,keren,5,0,5.4.0_30057195_30231699,2025-03-16 19:12:10,,,5.4.0_30057195_30231699
818ad4e6-a70e-4b93-8da0-817ae8c71fbc,muhammad akbar,https://play-lh.googleusercontent.com/a-/ALV-UjW_DmZE9-zdHXFfTLdiImi7hC2mPQQyOI1NM6wKAxKG1DtjMYaY,"Di map natlan sering eror.. di.map lain aman2 aja.. ada apakah ? Dan kenapa bbrp karakter suaranya pada ilang ya ? Ini hp sy yg trouble atau gimana ya ? Padahal game ini dari segi cerita, grafik, event, udah ok..",4,4,1.2.0_1565149_1627898,2025-03-16 18:52:03,,,1.2.0_1565149_1627898
b1415213-43f8-4f95-bb3c-6191ffdca2b4,Ryuu_ Zenn,https://play-lh.googleusercontent.com/a/ACg8ocIQP0FKuxj8Oc1P0B2xR3IyCoqqN_0P0VEyRQnfEv2rMMcHtw=mo,game udah bagus dari segi permainan sama game play nya tapi bisa gak jangan ban 50 th gara gara login pake apk pembantu itu ngerugiin banget bagi yang hp kentang terus pake apk pembantu biar bisa log in malah ke ban 7 day dah tuh main lagi ke ban lagi 1 dah tuh main lagi ke ban 50 kalo bisa kurangi hukuman nya lah kihoyo jangan kek gitu lah,3,0,4.4.0_20481013_20559831,2025-03-16 18:42:47,,,4.4.0_20481013_20559831
0b28cae9-1f90-4798-88d7-b8c1868e33b4,Agung Akbar,https://play-lh.googleusercontent.com/a/ACg8ocKggIR_DSo8_ujF-tpT66zJNMlu7fRCAdBe0YLa5tF3rwRCfA=mo,Tolong gacha saya di bagusin ekwkk,5,0,,2025-03-16 18:36:48,,,
72c2eafe-5d91-4a98-91bb-fdbd05f76ea2,Cloud,https://play-lh.googleusercontent.com/a/ACg8ocIfUJrnKxWcg_JNSVv-GtznbwTH4pU7EhqlNdkTDxEcvEt5hA=mo,kapan sethos rerun? 😀,5,0,5.4.0_30057195_30231699,2025-03-16 18:12:20,,,5.4.0_30057195_30231699
a475baa2-05bd-40cc-b92e-3bfb8fc2e295,Ame Ame,https://play-lh.googleusercontent.com/a/ACg8ocJLhAIstuhUPao06d5XjWreUMGcVdK2oDfESsYfccHRmB-Mmg=mo,Bagus banget,5,0,5.4.0_30057195_30231699,2025-03-16 17:29:05,,,5.4.0_30057195_30231699
d7704959-3221-452c-ac27-adc517e2ff3d,[ REXZ ] X MIYA,https://play-lh.googleusercontent.com/a-/ALV-UjUgbCLCYEGPgau42WLYv8AjbEZEE1dIUOmAjOPZC1nTxGGt7u0,Gamenya seru dan asik,5,0,5.4.0_30057195_30231699,2025-03-16 16:55:03,,,5.4.0_30057195_30231699
cab3e4c0-8cdc-47f1-8903-a624cd2b9148,Putu Kantasila,https://play-lh.googleusercontent.com/a-/ALV-UjWMMsxQh_uhCJCSc5FOdKV0hOvGnx7TC94pLnH2Yq0dfGo3N3Va,baizhu wangy 🤤🤤🤤🤤,5,0,5.4.0_30057195_30231699,2025-03-16 15:59:02,,,5.4.0_30057195_30231699
10df49dc-418a-4659-a832-e5c711fa99ae,Arixu.u,https://play-lh.googleusercontent.com/a-/ALV-UjWcARXsJXyQ-Vx5kvFkg-U7t_gnts4E9iWpYb4wm41UKRQnnyOR,"Hoyo why u always released girls characters, where's my new male 5 star",5,0,5.4.0_30057195_30231699,2025-03-16 14:25:16,,,5.4.0_30057195_30231699
da054603-9b75-4ed9-9f85-019732ce4e98,Lathif Laferda,https://play-lh.googleusercontent.com/a-/ALV-UjWBMWBU87fJFf-vMylZLFq3qOXQvGMrnSMgKl__N3syKV5CFVD-,"game ampas & gak selalu bikin emosi!!!!!, gak ada kesempatan buat menang rate off, udh 7x gw kalah rate off sama Drop rate artefak yang selalu ampas kalo ada yang bagus pasti pad di up selalu melenceng kalo gak def% pasti hp%",1,0,,2025-03-16 14:02:53,,,
b607f9e7-6d75-4899-b873-a0ef48655bf5,Bisma Aji,https://play-lh.googleusercontent.com/a-/ALV-UjWEhrZlZQ2jlXfWBA7GDQaAXJZBogghZEkNjq9j3Bv0ZsTftgM,coba aja klo ini game ini donload isinya itu pas di dalam game nya aja atau ga kasih game play yg buat nunggu donload kek demo gitu sumpah gw donload isinya bosen banget njir 31 gb sekaligus plus masang shadernya lama banget gw dari jam 7 belum kelar loading donload ampe jam 1 siang gila ga sih itu sih klo di tambahin itu gw rate bintang 5 deh semoga di baca ama dev,1,1,5.4.0_30057195_30231699,2025-03-16 13:09:02,,,5.4.0_30057195_30231699
8240134b-fbb4-48ad-9121-657a9432dde3,Benny Yusuf,https://play-lh.googleusercontent.com/a/ACg8ocIyXEPmDpqfzYxeb1FkKkRCVYf_TvwdRM-zwQ9mDH47bgjt6A=mo,"Pokok nya mantap,bukan buat HP kentang",5,0,,2025-03-16 12:46:27,,,
a24e0d02-2e89-4029-8f86-f33e3f4318ef,Van Dzakwan##,https://play-lh.googleusercontent.com/a-/ALV-UjVTimTI97s9Dc4ZvuoT1yildM7H38_VhrFEbWHG0NCXwm_FGsc,Game seru grafik bagus gameplay juga agak seru tapi kalo bisa memperpendek dialognya ini cokcok untuk orang yg suka santai event nya seru seru pokonnya bagus untuk orang santai bukan untuk orang yg males baca dialog terus aku tidak sabar nunggu event baru lagi dan map baru juga karakter baru semangat bg hoyo,5,0,,2025-03-16 12:43:50,,,
8e3f43f9-329d-4a46-87eb-802ffcdb0163,Harfan Taqi,https://play-lh.googleusercontent.com/a/ACg8ocJ9_WZoc6rTk1FlWX9NRs3ygpHVda4bwLCVSVzZNXrckkFEsQ=mo,gamenya seru grafiknya bagus dan reaksi karakternya itu realistis,5,0,5.4.0_30057195_30231699,2025-03-16 12:22:07,,,5.4.0_30057195_30231699
77bfe32c-ae6c-4365-94fa-3b1cff172ed0,Sahrul Ramadhan,https://play-lh.googleusercontent.com/a-/ALV-UjVbWM76JmkaBmmWfEUGASgW04E5LGf5HJE2nxcjy6FLD6x0EnDwRA,Seru,5,0,5.4.0_30057195_30231699,2025-03-16 12:20:05,,,5.4.0_30057195_30231699
92b8dcd7-11d2-4b05-acd8-1a0cbc691681,Kevin Avin,https://play-lh.googleusercontent.com/a/ACg8ocKY-HNwVz9TmF2crsKNAVM_RGKpIZSrTf-lonWdMBQvTmUqHw=mo,Mantap,5,0,5.4.0_30057195_30231699,2025-03-16 12:19:10,,,5.4.0_30057195_30231699
8703ac5d-69f3-42ce-b680-e7492f8374bb,Ria Annisa,https://play-lh.googleusercontent.com/a/ACg8ocJagtqREgIJRlcXEglasESgyLS8LSac0W0Cg5dvMXRaqQ0SMg=mo,"seruu bngt plz, cma besar bngt gb nyaa ak habis 32gb",5,0,,2025-03-16 10:43:33,,,
6b737e23-3a77-4bcf-b512-69a4d03207d9,Elaina,https://play-lh.googleusercontent.com/a-/ALV-UjVy0nePtOEKGKtdb4p8BDIR2WpqZWaedINrTLdyiQLyFAB4mcM,Game apa ini coo gacha selalu mendapat hard/extreme pity sampe 100 pun tak dapat cihh,1,0,,2025-03-16 10:41:30,,,
4c62d6b4-7e48-4ee2-aa37-3495ef85b177,Naqib Muhammad,https://play-lh.googleusercontent.com/a-/ALV-UjVJl7JgaXFs7WnZ0HyxrFttRtU7qNKvScgr8TfK1zDchACorw,Ini game yang bagus,3,0,,2025-03-16 10:22:54,,,
51dda049-7f0c-47e4-bdd3-44579c0248b1,Icha Icha,https://play-lh.googleusercontent.com/a/ACg8ocKPHgArykiIUQJsaIuDAItLQj5JLj5YTLlqZchwXDn3dAIBrw=mo,bagus,5,0,5.4.0_30057195_30231699,2025-03-16 10:18:07,,,5.4.0_30057195_30231699
58c5f47e-f491-4dd1-b1aa-4d949ac39f62,Dean Guanna,https://play-lh.googleusercontent.com/a/ACg8ocI96NxxMt6d5hLs3Qdyl7iSGvhQ-vofbNAmeJpYMb-7AZt_aA=mo,"Suka banget sama ni gameee..tapi tolong dong dibanyakin karakter cowok nya, soalnya cewek udh kebanyak,,,CMIWW",5,0,,2025-03-16 09:40:02,,,
28457916-5c56-4f1e-abf4-bea0d3602df7,Tryasbaru,https://play-lh.googleusercontent.com/a/ACg8ocIVF2l_dR_l41BOm13KnyMJbRMBKwXUHqlGGRj0_SlERdzQuw=mo,"bagus, seru cuma CAPEK pas lagi kerjain misi terus out dari game misi nya malah ulang",5,0,5.4.0_30057195_30231699,2025-03-16 08:18:40,,,5.4.0_30057195_30231699
fad13eff-5279-4ce4-b739-2f0b2dc5b6cb,Prasty Awanzz,https://play-lh.googleusercontent.com/a-/ALV-UjVUY5uigkkAZpJNJnwoiBg-IbyDRnkQI-bJp93MHhUlUuoEt8L3,"developer kikir jarang ngasih bansos ga kek si anak emas hsr itu,selebihnya bagus,story bagus,tapi lama,karakter cantik cantik beuh,tingkatkan terus hoyo🙏",5,0,5.4.0_30057195_30231699,2025-03-16 08:12:10,,,5.4.0_30057195_30231699
0e83e7d8-f1ac-48cb-aca2-8228e875f296,Saya Aku,https://play-lh.googleusercontent.com/a-/ALV-UjWo3JWbvbee4Lj-IHoFlg9JR6DI_Zw2WgVwtM2sd1HPok6Gq00,jangan download game ini udah lama loding nya suka lag lag sendiri padahal sinyal udah bagus dasar game Kon baru 10menit 2GB,2,0,,2025-03-16 07:17:34,,,
32bb0ccb-17b0-4fc2-8ef8-a678a03669c7,Raffa Raditya,https://play-lh.googleusercontent.com/a-/ALV-UjWfP1cpyHd70L22vIs1-MxWAj--B6l2yMHKHBclig_HDUsTDojZ,game mantap cerita mantap grafik mantap,5,0,5.4.0_30057195_30231699,2025-03-16 06:44:02,,,5.4.0_30057195_30231699
c16d07a7-7314-4234-bf0f-570fb056a5c6,Fathi,https://play-lh.googleusercontent.com/a/ACg8ocL4i1AfNILYZ_Lr7u37BT2swZJrNLFAYoYzrmXq8BIHdhHCSQ=mo,game yang sangat seru,5,0,,2025-03-16 06:24:25,,,
ee1e38a0-a996-44c7-9fb6-91a6682dc101,Ucup Geming,https://play-lh.googleusercontent.com/a-/ALV-UjUVASFS5HKjJW3tZhRLDb15bywQ-K0wgV-VXc5NbmAvcz7behmB,Ga guna loading nya 1 abad,1,0,5.4.0_30057195_30231699,2025-03-16 06:16:08,,,5.4.0_30057195_30231699
a36a69ee-d1b3-4142-8e74-1cd6f75ad1b8,Penyihir Airr suci,https://play-lh.googleusercontent.com/a/ACg8ocI_T7KtumJIpvUKPUCRozIxuZXqwzi_rj3bT8Z0khyYL1tCiA=mo,Bagusss bangat,5,0,5.4.0_30057195_30231699,2025-03-16 05:34:08,,,5.4.0_30057195_30231699
1bc04d43-b3d6-471d-85d8-89dc26a41c5d,Alfandy galuh Putra ramadhan,https://play-lh.googleusercontent.com/a/ACg8ocIillH-dAAw9YKbfz0T82NRZF_JFTxCansh-UjkSewbDpTQpA=mo,game RPG terbaik:),5,0,5.4.0_30057195_30231699,2025-03-16 04:43:53,,,5.4.0_30057195_30231699
b3c69585-54b7-46f5-97e2-d056afeabb19,RUDI PFM,https://play-lh.googleusercontent.com/a-/ALV-UjXkt6h9kBswQr4mz1KVJCbKUubrMscenkeAMuWd465l4o7S8A,"Bagus, namun player baru sulit kali dapatkan hadiah gaca yg bagus, s4 doang yg paling tinggi, itupun karakter burik. Apalagi senjata Jan tanya, paling tinggi s3🗿",5,1,5.4.0_30057195_30231699,2025-03-16 02:51:43,,,5.4.0_30057195_30231699
1aa92004-d231-46a8-a6b1-13f9e64dc4e9,Ady Purwanto,https://play-lh.googleusercontent.com/a/ACg8ocJMkBpcxM-nR0oT589in-J4bSXfQP5uhMXgiSidFBAopbJNVA=mo,keren sh,5,0,5.4.0_30057195_30231699,2025-03-16 01:11:02,,,5.4.0_30057195_30231699
b937facd-7e64-41e5-be49-b74eccff925b,KADEK KAKA,https://play-lh.googleusercontent.com/a/ACg8ocKbpFtDLstpZonxh_HuJmTI6DM6dESedBpMKPCt6hg4DsYztA=mo,Keren,5,0,5.4.0_30057195_30231699,2025-03-16 00:35:23,,,5.4.0_30057195_30231699
1effb406-a7b5-4a1f-bd48-079fa0f401f8,Restu Roman syah,https://play-lh.googleusercontent.com/a/ACg8ocJtnOLdDLeHaf8fFjRrsBjhmA41PjHfPefiHcff5-Q8BTDHLw=mo,game ny seru TPI bingung nyarik jalan nya,5,0,5.4.0_30057195_30231699,2025-03-15 23:47:52,,,5.4.0_30057195_30231699
de79641f-b7b2-4daa-8c54-85c6ff9b5c7a,Aulia Izzatunnada,https://play-lh.googleusercontent.com/a/ACg8ocLZD4j2vpZt1EMPoqtKnr22PzzVPDxhLrWSH5L34SJG5NmMWA=mo,hoyo beri aku char laki laki jan cewek trus 😿😿😿,4,1,5.4.0_30057195_30231699,2025-03-15 23:36:07,,,5.4.0_30057195_30231699
19bb7603-4079-4674-b789-7886e2a37503,Roihan Erfan latief,https://play-lh.googleusercontent.com/a-/ALV-UjVr7qCWbRX3ovTpbNzZFHHRkGHGrCd-2VRH0wXrkw1YPRGPFqlz,Game jelek gw mo log in ke akun lama aja G bisa trus udh chat ke cs nya bilangnya ga bisa di benerin apa sih mau nya gw udh top up padahal,1,0,5.1.0_27118081_27297621,2025-03-15 23:30:36,,,5.1.0_27118081_27297621
4267748c-3d87-432a-9a34-286b7147a89a,Anto yuli,https://play-lh.googleusercontent.com/a/ACg8ocLO91TvIhM4TTltFxRUVy9skHtWDVhmB4mw6E5vkU4J5oCqYg=mo,"Genshin mobil: Saat switch karakter dalam pertempuran , terkadang karakter tidak bisa di ganti? Nge bug?",1,3,5.4.0_30057195_30231699,2025-03-15 22:54:57,,,5.4.0_30057195_30231699
d67f43e3-578e-4195-82ed-07433506a85f,karizki wardani,https://play-lh.googleusercontent.com/a-/ALV-UjW4yboS9y4sN5H_CVilldIocpa3i8Xs0Ocq7qjblRBEloL95jc,give me win rate of 50 for damn mavuika dude,1,0,1.0.0_1112729_1135452,2025-03-15 22:39:38,,,1.0.0_1112729_1135452
a38e4e85-c05e-4b02-ba09-353f96a11b67,Azzahra Bilqis,https://play-lh.googleusercontent.com/a-/ALV-UjUjYEcIcM1DeG1zcstdbI_n1uWLxANEk9hkKDEJMOcHNeC2Ig7o,seruu!,5,0,,2025-03-15 22:32:49,,,
4ffaeb3e-72f8-41fb-a961-222d9bcb4a49,Toufiq Hidayat,https://play-lh.googleusercontent.com/a/ACg8ocJSfVmqGPfvlWjBfod7DetIbz0l5QmUVQQ7jB4Ejhw50tbpkA=mo,"gamenya bagus grafik jd ultra realistis,alur game yang menarik",5,0,5.4.0_30057195_30231699,2025-03-15 22:19:35,,,5.4.0_30057195_30231699
2137e7f4-20c7-4e80-8e2b-86f04c03f37f,Wilma Liem,https://play-lh.googleusercontent.com/a/ACg8ocIcZsILAx2UuxxJ_P-mMDINOPlEVajmSkSzEkJwXlZ4GClsHw=mo,wow would recommend playing this game if your a grinder,5,0,,2025-03-15 21:54:34,,,
0b5f0c66-72fe-4f55-931a-584d6030b63b,Farhan Paan,https://play-lh.googleusercontent.com/a/ACg8ocKh41YnDlop0LAgF0n8cFTq0IMERBTkLytvnuIMvJn17JvAxg=mo,mantap tapi device saya mengahalangi saya untuk mencoba grafik rata kanan,5,0,5.4.0_30057195_30231699,2025-03-15 21:05:45,,,5.4.0_30057195_30231699
dcd41a18-a3b0-4253-9bf8-acb390972be2,vin deserve better,https://play-lh.googleusercontent.com/a-/ALV-UjVA7lZU1JSttfLvZBEzLjpTFbnk95eeVNHSXTLcQY0BjqVhGJQ,GAME KIKIR KALAH 50/50 DI 77,1,0,5.4.0_30057195_30231699,2025-03-15 20:54:56,,,5.4.0_30057195_30231699
95d2cbe3-2320-4f0c-8734-b0c4572eaaf5,Indra Yudhistira,https://play-lh.googleusercontent.com/a-/ALV-UjVW06xj55z5NdAyXnVEjgGxncdsf7nplJpCc9197qTZY59-292W,game kikir kurang bansos,1,0,5.4.0_30057195_30231699,2025-03-15 18:57:37,,,5.4.0_30057195_30231699
9939e09b-d27a-4234-b2e1-82bb09d12161,Michael Kleden,https://play-lh.googleusercontent.com/a/ACg8ocJPB447B8xJgvMHNrFHcWtEatFo_7IWSqV-_0VccPOSLkYAYA=mo,loding nya lama bet🫤 tolong dicepetin,1,0,,2025-03-15 18:53:35,,,
aad4955e-49ac-4e39-8af2-864069a94797,Enzy Zahrian hadi,https://play-lh.googleusercontent.com/a/ACg8ocI3QdlEnZFpanMaD19gdJ38dMgQ98H-yb9vX8wycPs_g8sU1w=mo,"Gamenya seru open world, bisa explore luas banget",5,0,5.4.0_30057195_30231699,2025-03-15 18:30:31,,,5.4.0_30057195_30231699
1e8e7ad4-7bf7-47e2-ba76-fb6d455b3dee,Rini Karini,https://play-lh.googleusercontent.com/a/ACg8ocJdDMKxCohd7DaEu79y7bncGXFlUF8fy1ue93N8MB4V67xrFQ=mo,GENSIN GW MAU KASIH TAU NIH KALO BIKIN GAME DONLOAD DATA NYA NGAPAIN JADI 2 GB GG LU GW UDH NGULANG 6x masih belom bisa Saran gw KECILIN GB NYA,1,0,,2025-03-15 17:48:38,,,
a75cbf2d-9529-4c44-bfe0-adadca846cb8,ZA KURO,https://play-lh.googleusercontent.com/a-/ALV-UjWxk6GAxR6VmxTnOwsS6fCJyNvwDFahNr48UiW6MXvnTK7zFeu8,Terlalu Kikir,1,0,5.2.0_28336591_28351161,2025-03-15 16:58:00,,,5.2.0_28336591_28351161
03da8b28-3d6b-4b6d-989b-6c519a448e94,Andi Aran,https://play-lh.googleusercontent.com/a-/ALV-UjWjsKjyvsmbaz4xtpIyjZyg5VE2QxM4EKYswS_RRb7cYIliDZzU,Gadikasih white tessel membuat frustasi,1,0,4.4.0_20481013_20559831,2025-03-15 15:26:23,,,4.4.0_20481013_20559831
516f021d-43e9-477e-a77f-917fe4828dd6,Candra Wardana,https://play-lh.googleusercontent.com/a/ACg8ocK3xjZXE7Ra2KNL6HEbQk0cJx05WZOfZON9MYV7VosGHY2pbh8=mo,game nya bagus banget map nya juga luas,5,0,5.4.0_30057195_30231699,2025-03-15 15:10:06,,,5.4.0_30057195_30231699
7707a3b1-9908-4374-b0f3-39e25b541a52,ceyyiie,https://play-lh.googleusercontent.com/a-/ALV-UjWlV8Acs9AyWUPOoIJIfcbULjdmm4y2rA4qwHoqyXGq53bBFJUz,"tolong lah hoyo bikinin char cowo juga, jangan cewe mulu",4,1,5.4.0_30057195_30231699,2025-03-15 15:06:03,,,5.4.0_30057195_30231699
6f6d0ebc-b923-4cc5-9d82-e734d4af418b,Gwen G.S,https://play-lh.googleusercontent.com/a-/ALV-UjUiAMiBU_RXYjI7hICS5oGe0G1thm9YQ_mRdGt9pdPlvsXftDDhHw,GAMEEE NYAAA SERUUU💗💗,5,0,,2025-03-15 14:54:03,,,
97e8f8d2-1a55-4f34-9e5a-fc903cc4ff13,Hazel Alkafi,https://play-lh.googleusercontent.com/a-/ALV-UjW-I9NfIlb_VAElcY0uCKP4T3s0Co7rz7W1jP5b01lMjXTcst3A,"game nya sudah bagus, tapi tolong tambahkan fitur main pake controler/gamepad di android",5,0,5.4.0_30057195_30231699,2025-03-15 14:15:08,,,5.4.0_30057195_30231699
a669df8c-ed73-41a8-b02d-2f9f9c42e7d3,Dika Mahardika,https://play-lh.googleusercontent.com/a-/ALV-UjV_0M1gDpIe3pF3YQQ3-yZ38eDGScN4srQ66rrB0WN4pgcZAP8,good,5,0,,2025-03-15 14:13:51,,,
9b204d33-f095-43d2-84a6-7049ae31d30f,Dikzz Store,https://play-lh.googleusercontent.com/a/ACg8ocIbBh-JvoJdt5pvLxcdcJYSZ_EGGL9q-BdZEPgUBZQ5FVWx1w=mo,bgus sih cmn ada bbrapa yg bingung du quest nya kadang ngk keliatan,5,0,,2025-03-15 13:17:16,,,
50ea10aa-db97-4bdc-b1b8-e7910e66e1aa,Nofal Nurhuda,https://play-lh.googleusercontent.com/a-/ALV-UjXNmacsa0Q3rDBQ6pNjN2cLC5FYYeuiIluBQdutEgLLYziYguo,"seru cuyy alur ceritanya,tapi gak nyangka hp kek gua bisa mainin nih game😭",5,0,5.4.0_30057195_30231699,2025-03-15 13:12:23,,,5.4.0_30057195_30231699
b0a4e5ba-f5c7-4ccb-b8e2-9b5a1bfa7851,Lynie,https://play-lh.googleusercontent.com/a-/ALV-UjUOoay2nBgSfBRWjLOygwfecV6e03-PVaVye-_tRhQTI0-MldX-,Semoga saya bisa hoki terus.,5,0,5.4.0_30057195_30231699,2025-03-15 12:40:06,,,5.4.0_30057195_30231699
16da6b85-778c-4aa9-a90c-2cb9ade0b93e,Yun秒 “SuryaAdiKencana”,https://play-lh.googleusercontent.com/a-/ALV-UjXkAf5Jk7fLm3I1nTy-lWh0mWv0wyx6RkZnaZv6kuzeikEw5Nuo,trash,1,0,4.4.0_20481013_20559831,2025-03-15 12:39:27,,,4.4.0_20481013_20559831
b7052f18-7434-41e5-8769-0f94f6ca241f,Mukroman Arifin,https://play-lh.googleusercontent.com/a-/ALV-UjVgiLAKZD8IHbjYb38Cm4Oy_iB5v2U2TzBkd4UfZ2VynD2H1ZM,いい ね,5,0,5.4.0_30057195_30231699,2025-03-15 11:57:19,,,5.4.0_30057195_30231699
c92490aa-7fa8-4e00-943a-aaf6912a79c3,Salak,https://play-lh.googleusercontent.com/a/ACg8ocKxYfPbgNWayALMcmXvvhQ0R0x5qkcn0CjrpnK0LtBC8UJLew=mo,Game kikir tolol,5,0,5.1.0_27118081_27297621,2025-03-15 11:46:01,,,5.1.0_27118081_27297621
db5f78e1-9de4-49df-9758-c538722fdb78,Dinar Shofiana,https://play-lh.googleusercontent.com/a-/ALV-UjVQyZiaMDru6Kjuc-znqBJX-jK7m78Wf2gQmw44AK4g9QvtE1Sa,"sudah lama aku tidak main.. jujur aku kangen dengan genshin impact, aku tidak main game ini selama satu tahun lebih dan baru kembali. jika ku ingat-ingat terakhir kali ku lihat genshin masih berada di region sumeru. tidak terasa sudah sampai natlan. by the way.. makasih neuvillette nya. anyways update aku males main",5,0,5.4.0_30057195_30231699,2025-03-15 11:02:51,,,5.4.0_30057195_30231699
b321aa6b-b733-446f-8e01-a673629c8511,David Alimah,https://play-lh.googleusercontent.com/a-/ALV-UjWW4G3lrqLBO-Zm_iXNfThdToWcQg5XtmviRzYi9q8WG9b0nKI8,"Game yg sanget bagus untuk sementara ini , tidak membosankan",5,0,,2025-03-15 10:24:45,,,
48116175-cddf-4d3f-b841-f78f83635b9a,Irman Firmansyah ST,https://play-lh.googleusercontent.com/a/ACg8ocJA9q-kNLZ4PN64eR6eST_XsU20VzvgjW8KGhwYmj1cpdZv5g=mo,seru sekali,5,0,5.4.0_30057195_30231699,2025-03-15 10:13:36,,,5.4.0_30057195_30231699
009445ba-4f09-408c-b1c5-c4a9a3b0d173,Raqi Dalton,https://play-lh.googleusercontent.com/a/ACg8ocJTRSf1DuK0EVUwIjaB_YOKB74Tqje5H7OSHe0KbxzzR2Q52A=mo,Kenapa aplikasi nya tiba tiba ga bisa di buka?,1,0,,2025-03-15 10:07:55,,,
db989fb5-5deb-4e28-a40d-e2f4f941738f,Shafiq Izzat,https://play-lh.googleusercontent.com/a/ACg8ocKuFO7Hv-zfToLrxRJT3K-FtobJUonp3FyAtoDTp9qWkttAOQ=mo,i cant log in?,5,0,,2025-03-15 09:16:52,,,
dc905913-5dcc-4314-b668-ee1926ff482c,Arya Bima,https://play-lh.googleusercontent.com/a/ACg8ocJlDjXbOBmOYJ-_iLSJ0p2LTU8yRMJeC4xmO0iljmgsca8k3Q=mo,sangat bagus dan mengasikkan,5,0,5.4.0_30057195_30231699,2025-03-15 08:16:37,,,5.4.0_30057195_30231699
63c811b4-a3c1-4004-9044-029949e6e470,Yehezkiel Praditya,https://play-lh.googleusercontent.com/a-/ALV-UjWQvuvZSCEksV-jlZn0EIFke3xrBHgdl-X0Szkg7NTGWTkqEExU,anying lah dah hampir kelar aku hentikan pengunduhan ulang dari awal,2,0,5.4.0_30057195_30231699,2025-03-15 08:11:36,,,5.4.0_30057195_30231699
65b36432-880f-4299-9af7-7bf06575f8b4,Nayra Aqila nafisha,https://play-lh.googleusercontent.com/a-/ALV-UjU0VLowoHQI-u9rkOEIagxT4fRXspQZ6Kq7b_r2_9GUDt0cNnA,Game nya bagus,5,0,5.4.0_30057195_30231699,2025-03-15 08:05:10,,,5.4.0_30057195_30231699
da749e98-ca3e-480f-86ca-444378cf5a15,Ikan Mati,https://play-lh.googleusercontent.com/a-/ALV-UjX-fiB4qND2O92LeQqhN1rDv3hUwdkd-HFguE0j7LxjI_k1CO0g,"Saya pemain Genshin di HP, saya sering merasa pusing atau sakit mata ketika main di HP. Jadi saya hanya bisa menberi 4 bintang saja 😅😅",4,0,5.4.0_30057195_30231699,2025-03-15 08:03:36,,,5.4.0_30057195_30231699
9b489fb1-a251-455c-94a3-09a41f8ce11e,Desta Saputra,https://play-lh.googleusercontent.com/a-/ALV-UjVRBJms_5KRjS4GQOUVmzKBDj80im3qd0jEVu5tWqsPVMpBaqw,Game rpg terbaik🤙,5,0,,2025-03-15 04:44:54,,,
ed0b4894-f684-4f89-be07-093558f88f89,Guruh Anjar Nugroho,https://play-lh.googleusercontent.com/a/ACg8ocJT8r6IHJaIcdgLEHCov7h_VHnnoxyT4GOKFT0Wtjfd5_y9-A=mo,Genshin emang good💪🏻,5,0,5.4.0_30057195_30231699,2025-03-15 03:47:12,,,5.4.0_30057195_30231699
7d9aabef-59dd-4d4d-b144-d3dc95b796ac,Purna,https://play-lh.googleusercontent.com/a/ACg8ocJ8-cti6auHs6JuUdVmwMHxFvdhkiXgk2s_Ta9ZgYNh9HWoIA=mo,best,5,0,5.4.0_30057195_30231699,2025-03-15 02:03:46,,,5.4.0_30057195_30231699
6b53dff5-0aab-455c-babd-bc09d3076422,Jiwo Prayogo,https://play-lh.googleusercontent.com/a-/ALV-UjUtAh6cpXMUC3DZH0Y8IdJC27c1ngcrXI8Khd55UJRzc6ebQw,"HP ku kentang hehe, gamenya sangat bagus dan menarik, semoga taun depan bisa ganti HP yg lebih mempuni buat game ini..",5,0,5.4.0_30057195_30231699,2025-03-15 01:52:08,,,5.4.0_30057195_30231699
48ee05aa-b7e5-4544-b062-754a295d9dac,EM-S_696_RADINGGA AGLASETA,https://play-lh.googleusercontent.com/a/ACg8ocKijZdx3sX7jj_y7X9BlItYCrHYfZWvG4vgTVNLGwU5DXGCGQ=mo,Gamenya bagus 👍 karakternya bagus Tolong Hoyoverse wangykan gacha saya akan saya kasih bintanglima!!! Sudah saya kasih bintang 5 karna gacha Alhamdulillah wangy🔥🔥🔥,5,17,5.4.0_30057195_30231699,2025-03-15 00:29:24,,,5.4.0_30057195_30231699
894e1d6e-605c-4bcf-8a91-d75c30e2c014,Night Reverie Ryder,https://play-lh.googleusercontent.com/a-/ALV-UjXlZw38NpTGTmnb2gQVZhshTRH7a8hITAynt77XirZTtUxiYM25,Beuhh graphic best,5,0,5.4.0_30057195_30231699,2025-03-14 23:58:05,,,5.4.0_30057195_30231699
550515ad-2dfd-46e8-a0ce-f82c6f3aee2d,Maman Suparman,https://play-lh.googleusercontent.com/a/ACg8ocJvuO_WFpTVD8YZY-0lONiveIshxZhtN-ZHZOXjK8N232_5fQ=mo,Bagus,5,0,5.4.0_30057195_30231699,2025-03-14 23:01:06,,,5.4.0_30057195_30231699
ed0b1d47-2f65-4bde-bcea-2ee3b278312a,Muhammad Rafa,https://play-lh.googleusercontent.com/a-/ALV-UjWeCs2rT5pT35IVjXQKXjuEWrUmG48f2N6gdRW3Y28iH4u0hDo,"Gamenya bagus tapi saya gacha gk pernah dapat char b5 jadi saya kasih bintamg 4 dulu,kalo saya dapat char b5 saya akan kasih bintang 5 juga",4,0,5.4.0_30057195_30231699,2025-03-14 22:14:24,,,5.4.0_30057195_30231699
136a4134-09ed-406f-abde-ccd6ed3bdac8,Muhamad Ridwan,https://play-lh.googleusercontent.com/a/ACg8ocKDGO4GmiWO0K79g4yB7EvORySnISCYQeRwcUKFGV6aA9sImw=mo,Monetisasi yang sangat tinggi jadi agak malas sekarang main nih game masih bagusan gacha game sodaranya Honkai (ngak ada yg namanya rate off),1,0,5.4.0_30057195_30231699,2025-03-14 21:23:08,,,5.4.0_30057195_30231699
9696a1a1-beed-4709-b93b-e777088ff1e6,Azzrilfadly Mulyana58 (Gozill Brong's),https://play-lh.googleusercontent.com/a-/ALV-UjUCL9tzTCg5DcwbUVgE3LKTZioXVBA07X4L6fC7SUxONMS27AEd,Wow,4,0,5.4.0_30057195_30231699,2025-03-14 20:58:16,,,5.4.0_30057195_30231699
894116a7-6e27-4eb5-b09d-7f99f4ba1562,Aiko Fujika,https://play-lh.googleusercontent.com/a/ACg8ocKGK_xFnaaJCB-ktpmCr8tJdv7PzR6swNbFRhsZE-c0P6Kp3A=mo,Udah capek saya sama genshin. Kalau gacha ni salalu pity tinggi padahal udah rate off. Kalau sudah rate off ya rate off aja ini malah high pity banget udah event dikit tolong lah untuk pity diperbaiki lagi kalau sudah rate off langsung dapat jangan dapat nya di pity tinggi itu saja,2,0,,2025-03-14 20:56:40,,,
cdd4abdc-c1ce-4f05-b35f-1186395de917,Itz mochi Chxnzx,https://play-lh.googleusercontent.com/a-/ALV-UjXUvkS1n5ywHgc6zT0dPwLy9xDXMScVhc_Wu0PLbylHQbFY0bXx,Mengapa saya di suruh mengosongkan ruang dan ada code -9907 saya hanya ingin memainkannya tetapi tidak bisa,5,0,4.5.0_21307647_21321795,2025-03-14 17:11:36,,,4.5.0_21307647_21321795
df2d1473-d2d1-4b47-baad-977274fb05d7,chalief chalief,https://play-lh.googleusercontent.com/a-/ALV-UjVgrFVpKE7fYSVON8kH1CEfW2E0AtzzpcBq_6amv_KXRYK_s8Mj,Game nya tidak bisa masuk saat sedang mendownload data keluar saat aku coba lagi keluar lagi,3,0,,2025-03-14 16:47:38,,,
00c3a4f4-2221-4d97-b91b-aba87e5f51b7,Wahyu Akbar Kurniawan,https://play-lh.googleusercontent.com/a-/ALV-UjUSP5Vrp_Za-kfai8D3X-CBONTW0RpY-6R7JkM9Rn3-GGwK6R0,"I cant change email and its too lpng time tp get verify code, pls fix it!",2,0,5.4.0_30057195_30231699,2025-03-14 15:03:17,"We sincerely apologize for your unsatisfactory experience, Traveler. Please contact our Customer Service team via the in-game feedback channel or email for specific help with this issue.",2022-11-30 18:53:31,5.4.0_30057195_30231699
9678aa3f-c08c-42de-aff0-e22f08a79626,Jerry Vodka,https://play-lh.googleusercontent.com/a/ACg8ocKL10-j6uMD8q95C-z3SKshhfUbjUtQqBuBVqKMiH2bqRDJJA=mo,"Sekarang sudah bisa main game ini, sekarang hp 2 jutaan sudah mampu main genshin, dulu harus di atas 5 jutaan baru bisa",5,0,5.4.0_30057195_30231699,2025-03-14 14:40:23,,,5.4.0_30057195_30231699
683de46b-4bd1-4385-9150-1cf243ecfc84,Fahmi Dwi ananda,https://play-lh.googleusercontent.com/a/ACg8ocKm9sIxDG4UaQOo23JBkVYp5TP-Sr7NsAmzP8w66SzWMMwz=mo,Loading nya lama bet dah tolong cepetin malas nunggunya😒,2,0,,2025-03-14 14:02:44,,,
de3d71b1-5673-46cd-bfc9-c6ce8a1d487a,Adiheb Miawmiaw,https://play-lh.googleusercontent.com/a/ACg8ocJd9ZAoSf89pz4pf7NOaU8E1NkXXiDmiIGbbw65BkP8zzuFBQ=mo,Mantap,5,0,5.4.0_30057195_30231699,2025-03-14 13:46:36,,,5.4.0_30057195_30231699
cafa1607-05bf-41dc-b62d-29465207d74f,Abil lapendi Abil,https://play-lh.googleusercontent.com/a-/ALV-UjV--cG9iTtcLJPFnA3qmotWbP0Fm0ZdNOcHoXUnYe1wJIRmOjM,"Gem nya sangat bagus tetapi soal gaca nya malahan lebih hoky akun Facebook daripada akun Gmail atau akun google karena apabila gaca di hakun Facebook bisa menang 3 kali dan kalah sekali jika akun google atau email malah menang satu dan kalah satu (seperti akun saya :( ), gak imbang kali kehokyan gaca nya tuu ketimbang akun , jadi saya mau ini sedikit di perbaiki sisa nya sangat memuaskan . saya sebagai player mohon maaf jika ada yg salah atau keterlaluan 🙏",4,0,5.4.0_30057195_30231699,2025-03-14 11:18:23,,,5.4.0_30057195_30231699
4576b546-b3e4-4f8d-b1b6-4d5cb592ce28,Mikael Valintino,https://play-lh.googleusercontent.com/a-/ALV-UjVbZlpH7szhlgKSf0Qj8_0roWUz8h0hc0s4-Mde93k2CdRZaYk,Kapan support gamepad versi android 😭😭 Males main karena pegang hp panas kalau support gamepad/keyboard ngebantu banget dah Ios sama Windows udah kapan android?😭😭,2,0,5.4.0_30057195_30231699,2025-03-14 11:15:34,,,5.4.0_30057195_30231699
eb0c676a-f870-4960-a40f-c343a465ba3c,Ghh Napi,https://play-lh.googleusercontent.com/a/ACg8ocLf3woVhM0oNAS0otKMYA7AUTADcNdYm7S9IqmofsJVfbX7rQ=mo,woii furina gw mana udah pity 76 blom dapat b5,1,0,,2025-03-14 11:07:15,,,
a91c19d2-2b22-4b9e-8a2e-b4f2bd70ea1c,Nuril Huda,https://play-lh.googleusercontent.com/a/ACg8ocI_vfm6MJOoAbCxdAlkxjM6qrEh6wdiSpM6MQ7CYV0mss2noA=mo,Game yang sangat menghibur dan bagus,5,0,5.4.0_30057195_30231699,2025-03-14 10:13:43,,,5.4.0_30057195_30231699
0c6e50e2-6497-4e31-9007-82a5339f9f1c,Ferdyan Angga,https://play-lh.googleusercontent.com/a/ACg8ocJITpgjJQFzvaqUQhQ5BHTm4h3xIwdPhpIpqpuEq4poJD6mTw=mo,Gak ada improve yg wah bgt huft😮‍💨,3,0,4.0.0_16983586_17100363,2025-03-14 10:07:50,,,4.0.0_16983586_17100363
0df03d27-2da2-4ee5-84d0-91368d9ab2fd,Aditya Ronal pambayu,https://play-lh.googleusercontent.com/a-/ALV-UjWaVPmGN9dqQo2XbFNkBCxbYiYL7syMIJPClIHNmoxDd7wDXZ0Y,Tolong tambahin fitur skip,5,0,4.0.0_16983586_17100363,2025-03-14 09:36:04,,,4.0.0_16983586_17100363
47149235-47ed-4ba0-91e6-a3a4d8a4fcb3,Maulana Yusuf,https://play-lh.googleusercontent.com/a-/ALV-UjVpDtoKytXy0sA2SVcbs_z_OPNkwpbBxDuGhzQlub1dXjPcWeUr,Good,5,0,,2025-03-14 09:17:24,,,
86d0d440-bbf5-4130-a2bf-14661769e8f5,siti fatimah siti fatimah,https://play-lh.googleusercontent.com/a/ACg8ocLXVoJ-BI-LVO5vvqC5hYpwdiAmqIJ5PUWb22rX6IQH0ZtUqQ=mo,"Game nya bagussss banget, karakter nya juga kuat kuat, walupun kadang seri Nge lag tapi baguss ko,intinya the best lah ❤️🤗",5,0,,2025-03-14 09:12:58,,,
c875229e-c4fc-4faa-8f27-0c81de485747,Farisz,https://play-lh.googleusercontent.com/a/ACg8ocKahAzV8Kwd3kQogSF1Ek-EJc99ksw_iv5ybntarnthIMsdHw=mo,Boleh banget dah,5,0,5.4.0_30057195_30231699,2025-03-14 08:35:19,,,5.4.0_30057195_30231699
e4c8acf1-d742-4054-948e-ea067640404b,Fhrina iin,https://play-lh.googleusercontent.com/a-/ALV-UjXKzZgdDRfi4zJGfnBV301pjV6Bi6dXotCa8spSo092xCDbgI3y,Seruuu,5,0,5.4.0_30057195_30231699,2025-03-14 08:33:47,,,5.4.0_30057195_30231699
5f1905ed-97b2-4e92-9dd4-fee1208c2ed9,Ruby,https://play-lh.googleusercontent.com/a-/ALV-UjWK4UBbvQH8h7pai4Jonlf_0MYDssr6hwFevhIHfGyF_O1Fx-s1,Developer kikir,5,0,5.4.0_30057195_30231699,2025-03-14 07:48:58,,,5.4.0_30057195_30231699
1eec8897-43d4-4fee-9b38-db64e072b2b3,Kyuriu Eirvvyu,https://play-lh.googleusercontent.com/a-/ALV-UjV-6lpRHxGKq4IgbwrJAStFvaFRP9KEsLjXbcJ21Iot2pc414o,best of the best,5,0,,2025-03-14 06:28:21,,,
b1ecfede-700b-4d0b-aa92-76a15a26f157,Panji Kumara,https://play-lh.googleusercontent.com/a-/ALV-UjWMtEcySnzus71pFgyKcMLu8q3jCU0WRAHBqlhmww6Z52n9B9g,"Tambah tombol skip napa, di game hoyo lainnya ditambahkan sedangkan di GI gk. Dikira semua player suka baca story, maksa amat",1,1,5.4.0_30057195_30231699,2025-03-14 06:24:15,,,5.4.0_30057195_30231699
bbcfaec2-65da-4371-a771-d111fef687d7,Athar,https://play-lh.googleusercontent.com/a-/ALV-UjVsIl7VFwgPyZ2MjhTecLlVJxZRU3RIGPsWIk-2bMaelC-GzDJ4,KURANGI KIKIR NYA,5,0,,2025-03-14 06:13:49,,,
26585db2-a45c-4c0c-924d-a9fb117e734d,Xyvile Miamor,https://play-lh.googleusercontent.com/a/ACg8ocJO8eNWnZEHBJvmCILewkytotA16FM2EWqjH6S_rZKcXD7Kiw=mo,"🗿 dih pas region natlan char cowo b5 limit baru dikit bgt,char ciwi aja trs",1,0,5.4.0_30057195_30231699,2025-03-14 04:45:11,,,5.4.0_30057195_30231699
a438eb64-ff07-45f9-8100-98a69bccdbf4,Kucing Sihir,https://play-lh.googleusercontent.com/a/ACg8ocIFjQWIL-Qe_QMXK6dvjNmWE3EGUGpymhwV3ejHbD5L95zMZA=mo,Bgs tp sayang MB nya gede banget kalo boleh saran MB nya di kurangin biar hp kentang bisa pada coba 26 atau 25gb aja,5,0,,2025-03-14 04:31:13,,,
b16d68dc-75e8-46d8-997a-667e19c2e3e9,Dimas Hip,https://play-lh.googleusercontent.com/a-/ALV-UjWJGzFo_xXvL32kFnfvC-uaubCMInz52rMP3CavW3c1SWHR4eU,"bagus,",4,1,5.4.0_30057195_30231699,2025-03-14 03:24:48,,,5.4.0_30057195_30231699
951e6b12-c082-41c9-b4f8-a9e4fff10300,kyouka `,https://play-lh.googleusercontent.com/a/ACg8ocJ1AeHUCFwkXK3-nX4gvVYdT8tVdVIo-rzTzhVNYIldOqkbcQ=mo,Bagus cuman agak bingung... Its okey,5,0,5.4.0_30057195_30231699,2025-03-14 03:03:00,,,5.4.0_30057195_30231699
bcf6b0a0-f1ce-43ea-9877-44627ac511e5,Forever Always,https://play-lh.googleusercontent.com/a-/ALV-UjX9Fb14inuUu_Ntn_9p2r1J2q0YQB0SCVxTcXcwmJ277WTXLai5,Kasi Setingan Highest kayak dulu min biar enak buat kentang,5,0,5.4.0_30057195_30231699,2025-03-13 23:44:16,,,5.4.0_30057195_30231699
fa9a8476-3898-41a5-a24c-8fb59a0a975e,Muhammad Adira15,https://play-lh.googleusercontent.com/a-/ALV-UjWK74hPqVwzLMEfE8fZHfwjTKJcD3n7Ha6DzyRmaznLQ1meYlwqVg,i like this gane,5,0,5.4.0_30057195_30231699,2025-03-13 23:02:07,,,5.4.0_30057195_30231699
acce2bd6-4036-4697-983a-1e6c9dbb750f,Hafizh Saputra,https://play-lh.googleusercontent.com/a-/ALV-UjWiPz2rQlrYCYCMUoukaFFF6b2EWYvHq5-QbV4hHYIWR5MIEiI,grafiknya bagus tapi kalo mau masuk ke dalam game lama banget,5,0,,2025-03-13 22:58:15,,,
43f8c2aa-603f-4419-82b6-e725ccd60186,muhammad Raphael,https://play-lh.googleusercontent.com/a-/ALV-UjXp8DixyrLO_gxpDmShfiSHld9CuMosjRN3G-kQ16yh-CwsLgU,Cuma 300mb kok 🗿,4,0,,2025-03-13 22:24:28,,,
43875984-9d91-4cf8-862a-6983f555e282,sandi Putra,https://play-lh.googleusercontent.com/a/ACg8ocIJtzwXGoR3_0l_npXvQy4bPxtoP2bsGBiQnP9aFgZfI4PSbA=mo,Raid boss nggk dayang bagus rank dan level susah ditingkatkan dapetin carakter pun susah apa lagi buat gacha susah minta ampun bosen dah maen,2,0,5.4.0_30057195_30231699,2025-03-13 20:02:11,,,5.4.0_30057195_30231699
afd84542-a5fc-4c1c-8fa8-7575546bca38,Alfi,https://play-lh.googleusercontent.com/a-/ALV-UjULOOJNjvKGyQgyvTzA9z-hvgALxLujH90GeBrKGBaxn68xYbaC,"Ini game dari dulu cuma milking player doang, susah loyal di game ini karena ada game ber-inisial ""W"" yang memberikan gameplay yang unggul dari segala aspek, mulai dari rate gacha yang lebih ramah, worldbuilding yang realistis, event yang lebih banyak, sudah memakai unreal engine 5 dan bukan unity, juga lebih peduli dengan komunitas, lelah rasa nya muncul video compare antara game lain, game ini selalu kalah, jika di compare dengan game multi company semacam ini, terasa tidak layak dimainkan",1,2,4.8.0_24603909_24822834,2025-03-13 18:29:55,,,4.8.0_24603909_24822834
b91660cb-89cc-4756-9b22-551671770c42,Mikaila 23,https://play-lh.googleusercontent.com/a-/ALV-UjXV1EDMld_HrXi4ZSZ2E7ZL8gaRF2Y8yY7GT-HMcmdw4eZb3yEw,Aku suka game nya tapi tolong kurangi hal yang ga penting kaya ngomong nya terlalu banyak itu bikin aku jadi aga bosen mainin,5,0,5.4.0_30057195_30231699,2025-03-13 17:10:30,,,5.4.0_30057195_30231699
092ad134-e3b4-4d95-8149-571844480208,Akun Ke 2,https://play-lh.googleusercontent.com/a-/ALV-UjXx8CXjvKSErd-lhlY35ZgB02V0YjC5ow4LrtY8SNhkBhr7xTY,"Padahal akun saya kena hack pada tanggal 4 Januari 2025 dan saya bermain lebih lama dari yang hack tapi karena saya sudah tidak tau kapan akun ini dibuat dan via apa , akunnya jadi ndk bisa kembali kecewa aku.",5,0,5.4.0_30057195_30231699,2025-03-13 17:07:49,,,5.4.0_30057195_30231699
dd949b64-488e-49df-af05-e2024eb63265,Okta Panderiki,https://play-lh.googleusercontent.com/a/ACg8ocLgV5aYdZYsJzUu3Wfou_u62Htvm4n5sGc_jZv_znPq2q1lZg=mo,Bang pls lah bang Jan kikir bang pull udh 50x pun ga dapet bg hasil nguli f2p minimal kasih 1 bintang 5 la bang ato bansos buat new player terus bikin ascend questnya gampangan dikit plz kayak setiap bunuh monster dapat tambahan waktu,1,0,5.4.0_30057195_30231699,2025-03-13 15:42:34,,,5.4.0_30057195_30231699
c61d7208-bbfc-4582-ad03-3f515ae00aab,Claris Reiss,https://play-lh.googleusercontent.com/a-/ALV-UjXlxbRvpFFbLFbEPn-8teBc0PzYqSclXbyK8ILt0UPW4PnNraw,Nice,5,0,5.4.0_30057195_30231699,2025-03-13 14:17:21,,,5.4.0_30057195_30231699
df3002a6-962a-4ab6-b838-04dbc8a0846f,Agung Bastian,https://play-lh.googleusercontent.com/a/ACg8ocK-gdnW3j-zSq1pFmgwjO7AGLJ0r3kfzfkcgW_uCAP9fcw4ig=mo,Uduh nya terlalu lama,1,0,,2025-03-13 13:48:49,,,
696a38fd-9667-4eb1-a743-ab852f4c0043,Mm Mm,https://play-lh.googleusercontent.com/a/ACg8ocJLq_YP8glyw7Ox4DFijAjOxDWPG_iNRqMcFD9t3kFriiFSoA=mo,Game nya bagus,5,0,5.4.0_30057195_30231699,2025-03-13 13:24:02,,,5.4.0_30057195_30231699
7e1ce400-084a-43a4-990c-e59437430744,Mushaf Alfatih,https://play-lh.googleusercontent.com/a-/ALV-UjXnJ3TLV9WiTZ5MWcDjHnGEd2L2whHGa1jxqIs0CaFiBYb_VUdw,So amazing,5,0,5.4.0_30057195_30231699,2025-03-13 11:54:49,,,5.4.0_30057195_30231699
c5087980-7629-453b-9bc5-93019f886a13,Febriyanti Putri,https://play-lh.googleusercontent.com/a/ACg8ocKCEUIzMvYOKIQG7mWeZnDbPHj5h_LdgdxT9JeJYKWO2xJd7g=mo,"akhirnya aku bisa main dengan lega, aku download genshi pertama kali rilis tapi karena saat itu HP lama sulit banget mau main. kalaupun main pasti selalu eror tapi aku suka banget jadi walau sulit aku tetap maksa main, tugas sekolah dari HP terpaksa aku hapus. padahal pas itu aku udah dapat raiden, zonglin, nahida. dan akhirnya setelah bertahun tahun masukin bisa juga beli HP baru 😁. dan walau aku masuk akun sebelumnya sepertinya pencapaian ku sebelumnya gak kesimpan. sayang bangettttt😅",5,0,,2025-03-13 11:48:55,,,
ad7980d1-c4f2-4b5d-8ce9-02a114e22579,aldo hermansah,https://play-lh.googleusercontent.com/a/ACg8ocJLFbgap8kUo9XrspxgR8g3cz3cFaDtM4-WQl7U7PjR1BAiyQ=mo,mantap,5,0,,2025-03-13 10:46:31,,,
e1960275-d838-41cc-b358-f57c2f324148,kyaaahh!,https://play-lh.googleusercontent.com/a-/ALV-UjWcROdpiPX1U9oKMEeftikn2utl721NwaGMp4PBKEYY6a_vpT5L,game nya sih oke tapi kalo bisa Hero aether traveler di revamp menjadi lebih gagah dan armor nya tidak terlalu mencolok,5,0,,2025-03-13 10:31:29,,,
f03034f2-9e24-485f-94b6-256ab317ff10,Yasmin Afiqah,https://play-lh.googleusercontent.com/a-/ALV-UjWXkAc60Sm7qv2LJyLwBRrV2IC_6eQ2lWe3cUwsQqgoYYjOqSU,Game nya bagus tpi kadang suka ngeleq dan loding nya lama banget,5,0,,2025-03-13 10:26:40,,,
d95ba983-9821-432d-aeda-475db2021996,ywenna Be579,https://play-lh.googleusercontent.com/a-/ALV-UjXhV4RVLDE6Zg1htf1QjCachDYqUEd_Lv63tcUj2NPQ1iLy5A,i likee this gamee !!!,5,0,5.4.0_30057195_30231699,2025-03-13 09:21:36,,,5.4.0_30057195_30231699
4caefd22-7625-4424-9d28-f03801d33387,Alvisah,https://play-lh.googleusercontent.com/a-/ALV-UjXBIX7lzyitcPRupvZ3uky5jQ_sIJwh3QzjqgXnOq9AA3Y72mWu,"Halo developer, gamenya sudah sangat bagus, untuk segi grafik dan lain lain, grafiknya udah bagus dan memuaskan mata, cuman untuk segi optimalisasi nya aja kurang, saya berharap semoga update kedepannya game ini semakin ringan dan tidak memberatkan kinerja perangkat kentang, terima kasih",5,6,5.4.0_30057195_30231699,2025-03-13 08:58:35,,,5.4.0_30057195_30231699
53aa1c30-9520-4277-ad12-a997833dc7e4,Rafi Mu'iz,https://play-lh.googleusercontent.com/a-/ALV-UjWG9aYpEZhiUzyAjkWRgMr6z3X-p6VqedSUQc2UfsmHe7np0TtDZQ,Seru,5,0,5.4.0_30057195_30231699,2025-03-13 02:09:46,,,5.4.0_30057195_30231699
55a3d8e8-5290-4dd8-9f3e-ef886cbc81de,Gunawan,https://play-lh.googleusercontent.com/a/ACg8ocI0fg5aFeS5JIa3GcLOkjkeFyXjqKivZ5TMmvZ4via9UnOgx3g=mo,game petualangan terbalik yang pernah saya main kan sih mantap lah pokok nya,5,0,,2025-03-13 01:19:02,,,
49ec2022-bc42-4ecc-b50b-42c6852ec352,SI SOK Beduit,https://play-lh.googleusercontent.com/a-/ALV-UjXpfdk9gqe1DninAvuNJRQ2LrpNk64ud3hUKHVfKyel8kKODl8,"Mihoyo, bisa tambahin fitur skip dialog sampe selesai gak? Soalnya mau main cepet² sama kalo story ada tempat simpannya jadi bisa liat story kapan aja, itu aja Mihoyo kalo bisa bikinin ya trims.",5,0,5.4.0_30057195_30231699,2025-03-13 00:46:08,,,5.4.0_30057195_30231699
753745eb-6ee0-4932-a851-cf74633e32ea,Kelvin Aditya,https://play-lh.googleusercontent.com/a-/ALV-UjXxZk2FWFcq_u4Lb87ZfWcE8oqafjdNH1pfwP3SBm4HDvm10Mw,Bagus,5,0,5.4.0_30057195_30231699,2025-03-13 00:38:05,,,5.4.0_30057195_30231699
b109a60f-a0cc-4020-9363-a39dc36ba079,Febiana,https://play-lh.googleusercontent.com/a/ACg8ocK_jzxCVfhlMKamuXKAOeqzfIhsvdfPZtOpQj70VJ1yby4X1Q=mo,Gemnya bagus,5,0,5.4.0_30057195_30231699,2025-03-12 23:48:25,,,5.4.0_30057195_30231699
a07f72b5-31a1-429c-9d17-bddc3484d555,Nafi Cilongkrang,https://play-lh.googleusercontent.com/a-/ALV-UjVbnJNHpEXwqbcDRAs_WZHxWbu08DmnuaDUciwP22MaeZuoNxjq,Berikan paimon untuku,5,0,5.4.0_30057195_30231699,2025-03-12 22:47:05,,,5.4.0_30057195_30231699
5232bff3-2b2d-4a54-bd93-32b97ebc7cb7,Dewo zii,https://play-lh.googleusercontent.com/a-/ALV-UjWnurk1vC_GRygPpEA5yiORA-J9YRyQyg0YmYIe2sOCGlrLPhdU,Good,5,0,5.4.0_30057195_30231699,2025-03-12 22:40:15,,,5.4.0_30057195_30231699
9b06ca08-3857-47d9-9001-f162167a48e7,Raden Sopa,https://play-lh.googleusercontent.com/a/ACg8ocKMex6HIiaTr3xBnXPxF0Vd44LqQYvbG6c2rTP_GdBAwtSM4A=mo,Min tolong rilis archon cryo,5,0,5.4.0_30057195_30231699,2025-03-12 22:39:12,,,5.4.0_30057195_30231699
b1e32448-a901-49d7-94a1-e5a5df9b932b,Zul Fikar,https://play-lh.googleusercontent.com/a-/ALV-UjUl08umoBDBhWP3BTR1d6y3cZHwfIzOBChknRoONPMSzPKWn20,"Game open world terbaik yang pernah saya mainkan, btw Xilonen Phase 1 dong di Patch 5.5🥹",5,0,,2025-03-12 21:18:36,,,
341686d5-2811-4887-a15d-832db7ad2ca0,Andhika Hima,https://play-lh.googleusercontent.com/a/ACg8ocKBJsPCupf_0xJ1IWdaKUABA5hK7DnngxaZmLMMZ4cHNRzYyg=mo,kelasss king!!,5,0,5.4.0_30057195_30231699,2025-03-12 21:08:38,,,5.4.0_30057195_30231699
9d71f696-d937-43f4-9a64-8b3e7b9d5375,Reihan Gilang Ramadan,https://play-lh.googleusercontent.com/a-/ALV-UjXMDOWRuoWhP0PtXsFx4UUPvhgAYTQ_ZQS7ud5p7nS_GktI_l1l,Bagus sih bagus tapi kurangkan lah ke pelitan kau itu😔🙏,5,1,,2025-03-12 21:02:34,,,
aa716174-d088-43e2-9b80-96e973820330,FOX Cah Ponorogo,https://play-lh.googleusercontent.com/a-/ALV-UjU1wWD5Pa80UGXmMBv7OJZrmgCZLQj4eQiNyu150g41LSkB9cM,Sebenarnya game nya bagus aku suka. Cuman masalah sistem rate off nya yang bikin sebel. Harus spin 200 kali baru 100% bisa dapet yang diinginkan.,5,0,5.4.0_30057195_30231699,2025-03-12 20:50:47,,,5.4.0_30057195_30231699
2f905bb8-f88e-4265-8c91-79ce72151999,Kamaludin Zamzam,https://play-lh.googleusercontent.com/a-/ALV-UjV2hbiBsiarwz_iYGDuQ0upMoRSglt1yMZ6pK_NNKSft0GdDU-8,"Saya butuh karakter berpakaiaan rapi, Berbusana dan Berbudaya",3,0,,2025-03-12 19:33:44,,,
7753b38b-ac81-4c25-9ccd-2ce51a6b0cfe,Faqih Nufail,https://play-lh.googleusercontent.com/a-/ALV-UjVcz7aAfl6Bwjy977WumdX2lTi5egOzSjyhzPUYLZiTt31X6hsf,sehat sehat game kikir🥰,5,2,5.4.0_30057195_30231699,2025-03-12 18:26:15,,,5.4.0_30057195_30231699
db288c01-e138-4bd4-834e-2d815b1b8ad2,fathurrizky adam,https://play-lh.googleusercontent.com/a/ACg8ocLXTU56rcY5yxd7rEiW3c2yq91XJAekv31WOqzgkbwauIdRRg=mo,good game,5,0,5.4.0_30057195_30231699,2025-03-12 18:00:27,,,5.4.0_30057195_30231699
0d403f2f-74d6-4695-bf1b-73e84a95ba78,Marvel Dwi fatanah,https://play-lh.googleusercontent.com/a/ACg8ocLyQy6eT9pRLbuGM7lF8uVK7eoHxNNFYE2vLVWWl-e25BLCBw=mo,Padalah gw suka game nya tapi pas lag malah ngulang jauh bet co Ga jadi ngulang wkwk,4,0,5.4.0_30057195_30231699,2025-03-12 17:38:52,,,5.4.0_30057195_30231699
f0b07309-15d9-400d-9151-b2ad8a5d4fe9,Man Se,https://play-lh.googleusercontent.com/a/ACg8ocIqLNoNKGyqtLVDrBt9MjaygPFaY55ZbnGdfCHbVB1k2fOPXA=mo,Mantap walaupun patah patah helio g85🗿😹,5,0,,2025-03-12 16:50:53,,,
19c3ba76-212e-4ea7-a0e4-5b44cf96f687,Lanzz Aja,https://play-lh.googleusercontent.com/a-/ALV-UjXxBTnnuK-pSeBRHOpkeSy7uvjZ-OMMfGx5NZgBC0dmkui1pTM,Game yang sangat ramah di hp kentang,5,1,,2025-03-12 16:46:31,,,
03cc893b-e943-4d7a-b010-c2ee0c6d1544,Agas Stya,https://play-lh.googleusercontent.com/a-/ALV-UjXX13F8ht-8cgY8RPSsmY9JB0Gyt0KTNx8KZB4IaixDwOesKaak,Buset bagus banget cuyy Kecanduan sama Genshin jadi nyeeee,5,1,5.4.0_30057195_30231699,2025-03-12 16:45:29,,,5.4.0_30057195_30231699
bd4b49c1-d909-4d77-b442-421a2b0a38fb,Nnminn cynn,https://play-lh.googleusercontent.com/a-/ALV-UjVhvhc3jJ0Mui6rDpmNZDmb6kAPogiC0i2RQmwoRxyAsPRJtKg,Banyakin lagi karakter pria nya,1,0,5.4.0_30057195_30231699,2025-03-12 16:35:52,,,5.4.0_30057195_30231699
a3ec21d0-2665-4178-b813-a7dded26c8fd,Narianti,https://play-lh.googleusercontent.com/a-/ALV-UjVUnza8kaO0Er1rSx0bYRTLrzJUVmgIGGU8q3LF3cgGHLakhiY,Game nya bagus,5,0,5.4.0_30057195_30231699,2025-03-12 14:43:45,,,5.4.0_30057195_30231699
9196ea1e-322e-4b8a-aadf-6c84489bbd71,Est _D.,https://play-lh.googleusercontent.com/a/ACg8ocL1iIR8X6dj29ENI_ehRxrAbXMGJF5TblhgZoMasFJEK_UEtA=mo,😎,5,0,5.4.0_30057195_30231699,2025-03-12 14:41:11,,,5.4.0_30057195_30231699
558ff74e-c38b-433a-b75c-2e82b95ceec0,nanna ryan,https://play-lh.googleusercontent.com/a/ACg8ocLMgkwdIJ5TaiAmzbkl1pw8AwoE9LDeZ4HVXEsLBHIxs2S77A=mo,Nice,5,0,5.4.0_30057195_30231699,2025-03-12 13:57:41,,,5.4.0_30057195_30231699
37455051-ae0c-4779-bf62-f01a4b0fd688,Rehan,https://play-lh.googleusercontent.com/a/ACg8ocLJBsXYHPgl1oBhR3Y3KC9AFG9GrcIO-_TIVGdY-w4h-4TZEg=mo,Game nya bagus story nya juga sangat bagus cm,5,0,5.4.0_30057195_30231699,2025-03-12 13:38:05,,,5.4.0_30057195_30231699
5e4e8f0f-6f8f-4166-9054-24b784f151a3,Andra Juniar Kaulika,https://play-lh.googleusercontent.com/a-/ALV-UjWzt2NdRv9YoymU2hvgS6vDlHYmaK5f1lQCUgsEzhcFgLcEqqyj,Gambling impact Will cost your -social life - time - energy - sanity - in debt,5,1,5.4.0_30057195_30231699,2025-03-12 13:12:32,,,5.4.0_30057195_30231699
708d31b9-7158-47ae-b59d-fd0eed4f6c35,Shin,https://play-lh.googleusercontent.com/a-/ALV-UjXTbs2RlDwG-cbb22DEzJMssnHrNIp4nPFG3-spPxTE8G22f3zbUg,"Nah,PGR",4,0,,2025-03-12 13:10:21,,,
1be45a2e-2eb5-4266-b313-8e68bd1eb56b,Bagas Firmando,https://play-lh.googleusercontent.com/a-/ALV-UjUWAANNZ431YvCF3TbGDWAqWK44paoTW6s_5Yio18FkNha_GFsZ,"Semua sudah bagus, tapi tolong tambahkan kontrol gamepad pada android",5,0,5.4.0_30057195_30231699,2025-03-12 13:04:38,,,5.4.0_30057195_30231699
a9a747fa-1391-4ec3-9143-a475534ae4bf,Dante Pratama,https://play-lh.googleusercontent.com/a-/ALV-UjVf0uHhYuwUgFFumXmzP6eDrDRctxjjhSqU6dEGVtlGGg3N1YM,Game 4no,5,0,,2025-03-12 13:02:34,,,
fec8ab5e-21d1-4603-ad20-900bdb56e3ef,Rico Hendrico,https://play-lh.googleusercontent.com/a/ACg8ocLp01Ka3w7sq_MB7BQ5ik0JqZDm6W6UmwA9gzUNTCOpv5iynw=mo,Bagus banget udah gak kikir lagii😘😘😘😘😘,5,1,,2025-03-12 12:21:34,,,
18f29d94-05be-41d8-9481-224a0390dee7,WalMan,https://play-lh.googleusercontent.com/a-/ALV-UjVodGIbD8d2BS9tbxbxCzHQoXc1Y8mcTrtqMfYxziAjX8TQUU4,Speed text pliss,5,0,5.4.0_30057195_30231699,2025-03-12 12:10:03,,,5.4.0_30057195_30231699
017659e3-ad69-4e5c-b387-927094cbdeeb,Sad DIMSS,https://play-lh.googleusercontent.com/a-/ALV-UjVQvUj5bEoRrWTk6gqlUfQqpkw52AK2XjhOBp5e0VaIYf2TofuK2w,Seruu,5,0,5.4.0_30057195_30231699,2025-03-12 12:08:36,,,5.4.0_30057195_30231699
1387b78e-8884-4123-8c11-4713cff8164a,Tamam Munjir,https://play-lh.googleusercontent.com/a-/ALV-UjXe6yL_KUsJtY8gZHw9rAyxW4LO0ZYqIPg9YFQGQVqWH9PvSOBl,hoyo tolong kasih feedback yg bagus buat player nya dan lebih flexible untuk event nya dan tambah kan reward ny lebih banyak kyk zzz atau hsr,5,0,,2025-03-12 11:19:20,,,
a6e4e2ed-e90e-485a-a21b-72e3831631b7,Javier Javier,https://play-lh.googleusercontent.com/a/ACg8ocIbG-DLImBM3HTpdB3jLCgT9HVx6k9srNyk_zclXzAvOheVxA=mo,"Game nya bagus, sampe HP gua jadi kek kompor 😂",5,0,,2025-03-12 10:47:58,,,
9bbaeeef-317d-4a3b-81b2-b615b8f5659a,AD pratama sempurna,https://play-lh.googleusercontent.com/a-/ALV-UjXQmNMLuolWFuL13pJUzFCxZYr4PV_R98o8pcjt-2DQ2_fuqXhy,mantap sekali,5,0,5.4.0_30057195_30231699,2025-03-12 09:28:25,,,5.4.0_30057195_30231699
17efefb8-e0f6-406b-947f-5a833bf88b36,Fachri Alzufri,https://play-lh.googleusercontent.com/a-/ALV-UjVN-FM9LzhUdE9r7aX3jVtrOsKc-mhPxoLM07hQThNA5EXrrS4,Kalau hoyoverse engga ngasih furina ke aku pas aku gacha next nya aku hapus genshin,1,0,5.4.0_30057195_30231699,2025-03-12 08:13:51,,,5.4.0_30057195_30231699
73d83f1c-bb3f-4cbf-8812-29c6af7962a5,Wayan wira Ananda,https://play-lh.googleusercontent.com/a/ACg8ocKY0huamCAFN7OZqTz14fIJjwRhdglV5rl78GomI_oA-Z5Vuw=mo,Semoga di kasih 2000 primogem,4,0,5.4.0_30057195_30231699,2025-03-12 07:53:11,,,5.4.0_30057195_30231699
ba1c76cc-8c05-44c4-8c35-84a27b95b579,Black Heart,https://play-lh.googleusercontent.com/a-/ALV-UjW9CLVEgnb2EHrPFXS39Dt8LHAvmxUF2IBQVdtk9YnM71deev0,"upgrade character yang terlalu susah and ribet mahal jugaa, kalo bisa upgrade character dipermudah dong...selebihnya oke bnget nihh game cuma minus itu aja",1,3,5.4.0_30057195_30231699,2025-03-12 06:37:42,,,5.4.0_30057195_30231699
34bd3d5d-2b01-4763-a447-002189e28318,Naufal Farras Arrahman,https://play-lh.googleusercontent.com/a/ACg8ocL5wagx8kQIg0XBoC_Z34MnuvjV8r2F08fqeYr9ybG_0w_0Cw=mo,Apakah normal memasukan username dan password setiap kali bermain?,4,0,4.3.0_19705728_19706476,2025-03-12 06:37:13,,,4.3.0_19705728_19706476
c426b4a1-dee4-48b3-8af4-47159622fec1,HeseSare Official,https://play-lh.googleusercontent.com/a-/ALV-UjVnhv-fs_pZNJklvWetYjI7UGqqi_zQDZZ81PEmeYlGcmfa0oxn,"Bagus grafik nya, map nya luas",5,0,5.4.0_30057195_30231699,2025-03-12 06:14:12,,,5.4.0_30057195_30231699
5eaf502f-d3ae-4318-bdd7-275279ab1e58,Fathinnabilpoliteknik,https://play-lh.googleusercontent.com/a/ACg8ocIIUeLLt6AxZjRnQ1BeuipBEEOQEsjSsl4T12oxd2BxLgU0kw=mo,Kikir,1,0,,2025-03-12 05:12:03,,,
3d3905c8-22a4-4b7e-82a2-4b094adf9c8f,Rizki Ramadana,https://play-lh.googleusercontent.com/a-/ALV-UjXvUzqsHuXqf8dT-FWhMAeX50csTVoij3_Ps3QTHWD9K-KXdac,game tolol,1,1,5.4.0_30057195_30231699,2025-03-12 02:27:37,,,5.4.0_30057195_30231699
9ab91fec-f1ed-46d8-8240-405b752e8ec1,Riski Yulanda,https://play-lh.googleusercontent.com/a/ACg8ocIe9zh3y1-_m7aW0mvxKsRFFUCJ2tP_o6Bq6K0Cm-7JdLvc4AY=mo,Still game terbaik,5,0,5.4.0_30057195_30231699,2025-03-12 00:46:56,,,5.4.0_30057195_30231699
eea8a955-055d-4ae0-888c-3570de6ffabb,AHMAD FITRAH SYAMDI PUTRA,https://play-lh.googleusercontent.com/a-/ALV-UjUreIyvy16J5werHyGW0frMMuzubOdAqf3oCEX2SXb73C9EAzng,"Masih bermain, tapi bosan karena karakter banyak yang lama rerun sekali rerun dibanner terpisah dan gacha pun pity sering hard. Semoga bisa lebih baik lagi kedepannya!",5,1,2.8.0_7997424_8078355,2025-03-12 00:23:41,"Terima kasih atas dukungan Anda terhadap Genshin Impact, Traveler! Kalau Anda mengalami kesulitan apa pun yang berhubungan dengan Genshin Impact, silakan hubungi kami melalui email atau feedback in-game untuk mendapatkan bantuan.",2025-02-18 17:31:53,2.8.0_7997424_8078355
0ad715e6-0fe8-49a0-b68a-e570f480ca5d,AchmadFutuchurRobani,https://play-lh.googleusercontent.com/a/ACg8ocLvmx6_bFnOLzW2CTWSFIxC99436rWS-7_8ruBJzYDxLpCASw=mo,Keren sih gak nge bosenin... Quest nya banyak plus story nya keren²,5,0,5.4.0_30057195_30231699,2025-03-11 23:02:25,,,5.4.0_30057195_30231699
609c2db1-48e1-4d66-8d9a-d468f6319e04,Op Po,https://play-lh.googleusercontent.com/a-/ALV-UjUKPZUFH-XVIk77zgxqO06Kek98WJFUSFv_Q2RrJ_5_g8uCDWAe,Game nya sangat bagus,5,0,5.4.0_30057195_30231699,2025-03-11 22:26:34,,,5.4.0_30057195_30231699
ba726fa7-d23e-4ef8-af51-44b7a9613a41,Puput Septia,https://play-lh.googleusercontent.com/a-/ALV-UjW9VFuegsyGXtBgic3IafeNVFA-effKRbcRF5ScMGMFOCDLXzk,Seru banget permainan ini,5,0,5.4.0_30057195_30231699,2025-03-11 20:05:53,,,5.4.0_30057195_30231699
2e16d024-f425-4e95-b1cb-f33e07a0d35a,Abdan Tsabit,https://play-lh.googleusercontent.com/a/ACg8ocK6TO8GLPOYhAZdkUUXCAGIPSo_qnSmHnpM0i1AdAm8El5eCA=mo,Bagus banget gerafik hd gak ada bug,5,0,5.4.0_30057195_30231699,2025-03-11 19:53:48,,,5.4.0_30057195_30231699
ad12f7f6-ae22-46c0-b008-8e02bc25659c,dap 01,https://play-lh.googleusercontent.com/a/ACg8ocKySLxC_dsQARr06QIpKshNLoDqZuPyGiHaRcA_bfFCGXGccw=mo,genshin impact please kembangin game nya biar bisa di sambung gamepad di android pelase 🙏,5,0,,2025-03-11 19:44:28,,,
8b3f2f0b-2c4c-450e-ae10-41fb9d52f434,Fahri Suluh,https://play-lh.googleusercontent.com/a/ACg8ocKKu2skm7AkAVAmzhVBvPHb546YDG7HfaedNsfEddyfnDT1hg=mo,Game nya lumayan,4,0,5.4.0_30057195_30231699,2025-03-11 18:54:26,,,5.4.0_30057195_30231699
02d246f2-1def-4259-bd38-8d5a92882825,Aji Bugi Wugi,https://play-lh.googleusercontent.com/a-/ALV-UjWtf0DWXeTr_7L3EH-JGfzAPQlKXpIZeCSvIMyB_IcFg_hKpmNA,Gem nya bagus(serius) cmn krna ga dpt furina bintang 1 im sorry🙏,1,0,5.4.0_30057195_30231699,2025-03-11 18:50:44,,,5.4.0_30057195_30231699
dfc9fa15-54be-48ae-a1cf-78a361fb5693,Abyan Maulana,https://play-lh.googleusercontent.com/a/ACg8ocIXzZtZxPHxtjn4D49nM0U-1qZRCYPFzuMOL4mPgat7UX262A=mo,Waifu nya cantik poll,5,0,5.4.0_30057195_30231699,2025-03-11 18:29:11,,,5.4.0_30057195_30231699
ec9c49a9-3fc7-441c-961a-4eaa1ee607a4,Fatha Rizqi Ramadhani,https://play-lh.googleusercontent.com/a-/ALV-UjVO9w9kcTI6JBdiCg_kNgeVrc52p5FZyDbL6QGQQNLi_VaGQjFc,Download karena Tepe46,5,0,,2025-03-11 18:10:32,,,
980d489d-00c1-426e-a212-590999e9e547,Ratu Nafitri Yusanti,https://play-lh.googleusercontent.com/a-/ALV-UjXOzDsz9W52N6dJ_7ghzEyqe1ZNoK5S94yWVg1IR-jCHXF24vcbLg,"Tolong untuk welkin, primo tetap masuk walau tidak login, kasihan bagi orang yang berhalang login bahkan hingga berhari-hari dan ujungnya rugi. Tolong perbaiki, tidak semua orang bisa selalu beli welkin dan sekalinya beli malah nihil (tidak login, tidak ada primogems). Sedih aku.",4,0,,2025-03-11 17:54:19,,,
9a6c4dc3-9db6-4b4d-aee2-fbfbd161a81d,tika Tika,https://play-lh.googleusercontent.com/a/ACg8ocIzsQGYDzoNsuWUWgWg_QiVjd_F8lSi19JhPA9ojqDeysiAUw=mo,game aneh ga ngotak gb nya,5,0,,2025-03-11 16:54:24,,,
cb22ab67-add8-481d-801f-733846bbb51c,Erick Law,https://play-lh.googleusercontent.com/a/ACg8ocK9JMJQ71iJwVcwyIo6wUYzzE6VK19t7w9gTGQaGplc9blPRg=mo,"Sering menghubungkan server padahal maen zzz ataupun Hsr aman aman saja, mohon diperbaiki....",4,0,5.4.0_30057195_30231699,2025-03-11 16:35:58,,,5.4.0_30057195_30231699
033282b1-2faa-4421-bbc4-a9ade69e222a,M arifa Fadli,https://play-lh.googleusercontent.com/a/ACg8ocL9ye8dvq2eUCac8Qs1gEUsqmeo_HBX_ZIIeAvZABnXSloFwA=mo,Apalah ganti akun dikit kena tmr,2,0,5.4.0_30057195_30231699,2025-03-11 16:03:53,,,5.4.0_30057195_30231699
12658fe9-5e3d-4b07-9400-61b09a684afb,Fellix Fellridick,https://play-lh.googleusercontent.com/a-/ALV-UjWCA32AYXc-Wj3K-KQH_PrI7draqIekzDDUwj8rMin5jf2r2B0-,Game lebih susah dari pada hok 🥶🥶🥶🥶,5,0,5.4.0_30057195_30231699,2025-03-11 15:51:25,,,5.4.0_30057195_30231699
490a209a-fd79-411b-9be1-37bd57268585,hutama angga saputra,https://play-lh.googleusercontent.com/a/ACg8ocLcW4tkVIBJkguvvEVpeUffy3Hi9irZaxJNncQX6CP2UgV3Zg=mo,Minta tolong akun saya hilang min,4,0,5.4.0_30057195_30231699,2025-03-11 15:38:59,,,5.4.0_30057195_30231699
2153369f-812a-4e3f-9d2a-0af913f2f85a,Zeen Zeen,https://play-lh.googleusercontent.com/a/ACg8ocKs6t71kNVDn4forbDk4TB19t30bIyvbCAjsJHbM4sxZS1MdQ=mo,Game kirir,1,0,,2025-03-11 15:14:31,,,
83b08639-6032-4dbd-bf38-48ccf29fbcf3,Indah Pratiwi,https://play-lh.googleusercontent.com/a/ACg8ocKi_yocXOeP01tpNOeQtLbjI0LEVrytFp_RP-Rb6e9gt-4aNg=mo,game yang menyenangkan,5,0,,2025-03-11 14:32:22,,,
7ae033bb-271a-42a4-acbd-0afaaf5abaa5,Fahmi Azmi,https://play-lh.googleusercontent.com/a/ACg8ocKDFwJrOuH2DB1qrztiaQE5W7VoyHg7q4lteulrh_klQ9QeRQ=mo,grafiknya bagus,5,0,5.4.0_30057195_30231699,2025-03-11 13:21:48,,,5.4.0_30057195_30231699
59221219-bb0f-4d5d-a5ef-a1435be9ca91,Entitas Tidak Dikenal,https://play-lh.googleusercontent.com/a-/ALV-UjWRo5BTGL8yCk7sybsmqv7bKSpDYCcY4ufrPzSb8TZXa5Ig97dh,kalah rate off mulu konto,1,0,5.4.0_30057195_30231699,2025-03-11 13:12:32,,,5.4.0_30057195_30231699
e8261f91-b367-42d7-ac43-65765453a042,Eko Waluyo,https://play-lh.googleusercontent.com/a/ACg8ocIJ2hz4ICD65KlJ6_E15Gi47bQRujgpuf08SiRJR87JwUJaCQ=mo,Gamenya bagus grafik oke tapi gachanya ampas gaada bansos kikir juga pls ksh b5,5,1,,2025-03-11 13:06:01,,,
8a05dafe-5e62-4c4d-8ca5-aec1131ea10a,Ilham Gadget2022,https://play-lh.googleusercontent.com/a/ACg8ocICxgZX7nVUGC0ecx9BCXsTDKFYFxUt8XUaOAN9JbdXnOzxkA=mo,game ini,1,0,,2025-03-11 12:47:17,,,
b01ded82-090f-4fed-9889-7b6eabbf250b,Nohara Shinosuke,https://play-lh.googleusercontent.com/a/ACg8ocIS1H50H8yb4AYQO20Z1CSoIS_liGNgP9cXU1m73NFY5Jz69A=mo,💯,5,0,,2025-03-11 12:19:49,,,
cb626504-955f-4772-ac29-3c210e2b143d,Aliyyaaa,https://play-lh.googleusercontent.com/a-/ALV-UjX81wTIVPV0ab_oib8vuhv82x7LT5X4yClwvgDZfZMXbAjQIIQiOw,🤩🤩,5,0,,2025-03-11 11:43:00,,,
425a4920-5340-4bee-a103-0e482d5981ec,bayu alamsyah,https://play-lh.googleusercontent.com/a/ACg8ocJ2QfuCWO3oqN5dcfyAInb4VuxDAcMFxG-JqoAbTPV9KBNdU7A=mo,Mantap,5,0,5.4.0_30057195_30231699,2025-03-11 11:05:50,,,5.4.0_30057195_30231699
c75fb78a-5841-43de-bfa4-8270681f096b,wisnu syahputra,https://play-lh.googleusercontent.com/a-/ALV-UjV_PJwIFdLM7P7mgAkOGPNNYqume9SfNSi3qJQHDY3fY-CAO9ji,Keren,5,0,5.4.0_30057195_30231699,2025-03-11 09:47:49,,,5.4.0_30057195_30231699
15731ca4-607f-4d64-9ac3-f8c81970f0c5,Haikal Amii,https://play-lh.googleusercontent.com/a-/ALV-UjWpSQzk0L7Euc_98z-qH-DLAayXxgF3PgFYORaWQbJwXhoQvzGb,Hoyoverse tolong buat fitur PVP tolol,5,4,5.4.0_30057195_30231699,2025-03-11 09:33:06,,,5.4.0_30057195_30231699
a6779203-82d6-4411-ab4b-d4c549c976a7,reaven last call 1 year ago.,https://play-lh.googleusercontent.com/a-/ALV-UjVbFjC75s6hX61BM5dwfaX9PNQC4wMcRlsOhKd57Sxo4yoOUuQ5,"serunyaa game storyy,saya hanya berharap gamenya makin berkembang,semangat bang dev🔥",5,0,5.4.0_30057195_30231699,2025-03-11 09:02:06,,,5.4.0_30057195_30231699
e973df9c-1602-44f3-884a-fd4d24b75628,Tian Lee99,https://play-lh.googleusercontent.com/a-/ALV-UjUnCOHiTXaEJlT4BJ3z7-FtxL6MEOdcWDvbmO95XSroTbGyJE8t,recently playing another game makes me realise how little hoyo really gives for genshin's players. it's not just those petty pulls but the overall gameplay experience. this company gets MILLIONS each month from players yet everything feels like junk now.,1,0,,2025-03-11 07:31:03,"We sincerely apologize for your unsatisfactory experience, Traveler. If you have any feedback or suggestions, please send us an email or contact Customer Service via in-game feedback to help us improve the game.",2025-03-26 16:16:20,
b7a4e90c-6b38-412c-a0d8-7f5a8dd75b16,Grittha Hendra,https://play-lh.googleusercontent.com/a-/ALV-UjUL6K6ijzChFqGMtPf7WTnIxBxS9sSsSCEmjnsx9OIjlvOipjE,it's going downhill?,2,0,,2025-03-11 06:50:03,,,
483ea09a-6c51-4146-a9e4-99302c527795,Adnorp,https://play-lh.googleusercontent.com/a/ACg8ocK5LvctlGE3PNwIAkS8xr9j9lH9uLpG5bdOYdU_bVyBlKAF=mo,"Plis laaahhhhhhhhhhh ini kenapa selalu ada kata ""too many request"" saat unbind akun hoyoverse selalu aja gitu. Tolong fix lah",1,0,5.4.0_30057195_30231699,2025-03-11 04:18:45,,,5.4.0_30057195_30231699
1a6622bb-5a92-4512-a82a-4233da14607c,ardfurin ardzusa,https://play-lh.googleusercontent.com/a-/ALV-UjX6tFlsbm7FNb5_kyoFCPUyxE-2ujFG1YZi9X-Yp4vJ-FIGD-m-,"I was just disappointed because my account was hacked, but when I asked Mihoyo for help, Mihoyo couldn't help me restore the account, even though they had sent all the evidence along with the account ownership invoice, the top up payment price did not match the service.",1,0,5.4.0_30057195_30231699,2025-03-11 03:50:27,"We sincerely apologize for your unsatisfactory experience, Traveler. Please contact our Customer Service team via email for specific help with this issue.",2025-03-14 12:36:16,5.4.0_30057195_30231699
738156a4-e96d-42f6-a7f2-3d563b65e985,Adit Prasetyo,https://play-lh.googleusercontent.com/a-/ALV-UjV_1r4el5dhlQFSn5JGMk5RhdwSLfY9wAIhulBBHtl_EOcUG205,Mantap,5,0,5.4.0_30057195_30231699,2025-03-11 02:32:27,,,5.4.0_30057195_30231699
565b72d9-fcc7-4e23-ba57-35457622dfa5,Viky Wicahyono,https://play-lh.googleusercontent.com/a-/ALV-UjVgPuxY5kznS2zI5PDfyahxXBgzsWvM9GADCkUAMCx5pdh_7G2p,Data yh terlalu lama,1,0,,2025-03-11 00:38:19,,,
20d65dd8-018b-438c-b175-95fdfa03a2a8,Saya Siapa,https://play-lh.googleusercontent.com/a-/ALV-UjXsQYHdriNzN2r_IEKQSxZOcvGiM-l__pbfzIGNW4sVN1C4JXY,"Kweereennn dan realistis ringan juga, jangan lupa donlot😱😱",5,0,,2025-03-10 23:23:42,,,
2b9d4f98-be10-4a21-9074-07a1c041c4df,Dara,https://play-lh.googleusercontent.com/a-/ALV-UjU7pc6rO0j08kWV87kSQSzPdb7doGkMbDKe_51AaystK3XF20wV,"Gatau harus gomong apa njirr🗿, yaa pokoknya game ini bagus dan keren sihh..😃👍🏻",5,0,5.4.0_30057195_30231699,2025-03-10 23:15:37,,,5.4.0_30057195_30231699
13760956-c65f-444f-b604-37ef15868273,Raafid,https://play-lh.googleusercontent.com/a-/ALV-UjWFE0e3aRXpmsvsGFmiEN0iSDqYeValIrY6LVhilsFP7MKw1Idg,"Saya mempunyai saran, tolong rubah penampilan NPC di genshin impact karena semua NPC di genshin impact mempunyai muka yang sama, hal ini membuat para pemain terutama saya merasa bosan, jika NPC di genshin impact dibuat lebih bagus, mungkin genshin impact kembali menjadi game dengan reputasi yang baik",5,0,5.4.0_30057195_30231699,2025-03-10 22:22:16,,,5.4.0_30057195_30231699
33084843-ed4f-477d-8442-eaecfd2a69ec,Riskia Azalea,https://play-lh.googleusercontent.com/a-/ALV-UjW7y0b4xd-zlJZ2VoiDLuFxZFPL13CdzdIldXz2pa95W0GPllg,"baru main jadi lumayn puas.. mudah"" tidak terlalu nyari duit ini game nya...",5,1,5.4.0_30057195_30231699,2025-03-10 21:57:59,,,5.4.0_30057195_30231699
74aa72c8-1b2c-49eb-a494-d93bc2a4f0a0,Mikami Saikou,https://play-lh.googleusercontent.com/a/ACg8ocK5XQwxcz8-Oi1GxDdsQ8W6mjpNTvokeMPWJJ2RJhojgBptXw=mo,Sangat keren tapi aku kehabisan promogem untuk gacha furina 😔,5,0,5.4.0_30057195_30231699,2025-03-10 21:00:27,,,5.4.0_30057195_30231699
b2803d74-09c4-4834-ba14-7a20fb090950,RAKA CIL Erlangga,https://play-lh.googleusercontent.com/a/ACg8ocI6FWh-8q98-QNu0EQZt1FmVC0FTgok4OFahpJE9HHAdbopfg=mo,👍👍👍,5,0,5.4.0_30057195_30231699,2025-03-10 19:20:52,,,5.4.0_30057195_30231699
5b3bdfdb-8903-4521-86a3-43bc4619ee3f,Meysha Alvionita,https://play-lh.googleusercontent.com/a-/ALV-UjUzlZAUblIA8ewz7D1t69hLZ2K6xL9Tgnl_BE0RvXBgdx86g503,"very good, very well",5,0,5.4.0_30057195_30231699,2025-03-10 18:26:06,,,5.4.0_30057195_30231699
248e1091-567c-4d9c-8560-f10abe3a09bc,Adrian Sutioso,https://play-lh.googleusercontent.com/a/ACg8ocLywayQrJqJ-qvovljDL2cwubyQBi-f8V3J7ASFcLztYUmGUg=mo,Tolong hadirkan fitur skip percakapan lama2 bosen terlalu lama percakapanya,3,0,5.4.0_30057195_30231699,2025-03-10 17:52:40,,,5.4.0_30057195_30231699
fc936164-0c79-40f7-9d64-356e0a674811,niena ahmad23,https://play-lh.googleusercontent.com/a-/ALV-UjUyTOisANZWI0AO9EUF00hF8FXa_UVEnd5jVvayDwC4hCBj7VQ,bagus bgtt aku suka sama animasi di genshin dan gameplay nya dan ada update terbaru natlan itu menjadi lebih baik dan juga hoyoverse kasi kita Primo event yang banyak sekali aku menyukainya,5,0,5.0.0_26041933_26161852,2025-03-10 17:24:38,,,5.0.0_26041933_26161852
b939115f-e2c2-4563-8c2d-e391ca2e2683,Saputra Dodo,https://play-lh.googleusercontent.com/a-/ALV-UjXRtjvu1YJdASaXBRzTw9X8HxNt-GrWl_2c5LUGJ1HJ3GG0UjkJ,Game baik,5,0,4.8.0_24603909_24822834,2025-03-10 17:19:35,,,4.8.0_24603909_24822834
3645b199-b05f-46ee-ae7e-d28f0552b4f8,R 2,https://play-lh.googleusercontent.com/a-/ALV-UjXmuTnPyQAjGa0Vw_cKBqQPktRDsgmLTm2NsUdNMJ23kC2AZeMl,Smoga dpt wrio,5,0,5.4.0_30057195_30231699,2025-03-10 17:12:04,,,5.4.0_30057195_30231699
5f44e988-4ec3-4196-a6f6-10847d9bbf06,gunners indo,https://play-lh.googleusercontent.com/a-/ALV-UjXXwq16Gd6PLE87oW1oqfhi3HV-H0H63menV8mSwiBokbEglQcK,"Great adventure game, good job",5,0,5.4.0_30057195_30231699,2025-03-10 16:57:10,,,5.4.0_30057195_30231699
cb2dbd38-f2d9-4855-98ce-c94fb2858287,SYAHRIL Al DIANSYAH,https://play-lh.googleusercontent.com/a-/ALV-UjVvVsi_b2GVZ4fpTXDbxKrqeqskstWGQx_CsXiWNmMZMWuECz6o,"sangat suka game ini saya dikasi char yang sama mau dan game ini sangat enak dimainkan bersama kawan"" saya sering main karna gamenya santai (aku mau furina plis)",5,0,5.4.0_30057195_30231699,2025-03-10 15:49:08,,,5.4.0_30057195_30231699
8f3a368b-1f53-415e-84a2-b5742d5980e3,Fabian Jatmiko,https://play-lh.googleusercontent.com/a-/ALV-UjXQ1bVjYzUioMJ0W5lFQyz8MYjc2zWZcguOS7WSGaM62f8NL0MU,I'm gacha 90 times why can't I get a 5 star character,1,0,5.4.0_30057195_30231699,2025-03-10 15:10:42,"Hello, Traveler! You can view the Wish System rules in the Details section of the Wish screen. If you have any questions about the details of the relevant rules, please feel free to contact our Customer Service team via the in-game feedback channel or email.",2025-03-21 14:26:27,5.4.0_30057195_30231699
40961e4c-d254-4476-8be3-baf66ed29200,Narasya Zacharya Wafiy,https://play-lh.googleusercontent.com/a-/ALV-UjW3887fHg51puD2FeT1IZXejM_l9OTAGiWKtqyPrSauNTqCT0A,"Bang tolong pendonwoltan data gensinnya di percepat masak 1 setengah hari baru sampe tengah mana kalok di matiin HP nya gak lanjut ndownlod data lagi ram juga masih sisa 4 g an wifi juga sengaja ku sandi ulang buwat donwload data gensin masak masih setengah pakek data sama aja 1 menit baru kedonwlod 500mb cba mana harus donwload 314,528 lagi gpp kalok cpt la ini lama nya pakek banget cba di benerin ya developer.",3,0,,2025-03-10 14:46:52,,,
723db13e-ee2d-4b47-8613-f0f7e704bf1d,Redstone Me,https://play-lh.googleusercontent.com/a/ACg8ocKwpPcmSD_mXYFa2Q265fWKaTTjSJJ_IMcOg-Z-JoL-W0RksA=mo,Nice,5,0,5.4.0_30057195_30231699,2025-03-10 13:57:20,,,5.4.0_30057195_30231699
f30a1eec-49ab-4dfe-8aa7-027805e54b38,Citra Widiastutik,https://play-lh.googleusercontent.com/a/ACg8ocIOLeMYdRBtTWcFkGpacNJKKX_AmKWMGAhefUJxvZTxpWXYkQ=mo,game nya bagus tapi sayang nya alur dari game nya itu kayak ngebosenin banget apa lagi karakter nya itu lebih dominan cewek dan gua yang sebagai player cewek sedikit sedih karena karakter cowok nya sedikit banget dan tolong developer kasih karakter cowok untuk para player cewek nya dong dan masa player cowok doang yg diperhatikan sih kalo game ini khusus cowok saja yang bilang game nya khusus cowok aja dan cewek gak usah main. apalagi primo nya sedikit banget gak kayak di sebelah,2,0,5.4.0_30057195_30231699,2025-03-10 13:53:25,,,5.4.0_30057195_30231699
eddda734-3ad1-4f86-a29f-bf9da220032a,Nia Nia,https://play-lh.googleusercontent.com/a/ACg8ocK24zTb856ondQx2NjbDXfA1ms9hcffO8TKIxw2cn24hVlXNQ=mo,permainan sangat bagus tapi lebih bagus chat nya gratis buat aku dede Rani gemoy🫶🏻 kita harus kenalan ya mimin muahhh,5,0,,2025-03-10 13:23:25,,,
3487ff13-7bd3-44dd-85be-f4ea14a53ec1,Zidna 13,https://play-lh.googleusercontent.com/a/ACg8ocKZyjyucJSVnHLJIsbziEP7n6nVzmnXRulKvXZN7FJDELxT1w=mo,Furina free,5,0,5.4.0_30057195_30231699,2025-03-10 13:10:00,,,5.4.0_30057195_30231699
de9654c9-d997-42a1-8cae-e414c9285b93,Lionel Wilfy,https://play-lh.googleusercontent.com/a/ACg8ocIvAQdj9g8KHPFoEOuCmvzeSQ6BXqCAjvyELFq-m-oRJJjVkA=mo,Grafiknya bagus karakternya cakep cakep dan bahasa yang lumayan mengikuti zaman,5,0,5.4.0_30057195_30231699,2025-03-10 12:47:17,,,5.4.0_30057195_30231699
61249b73-f3b5-48ad-924e-3fdd2996841f,fathur rozi,https://play-lh.googleusercontent.com/a-/ALV-UjWmO-_3z8Tj9G-AGuoN_R7dL1zLWhsg9skB0RB2Wbb8m-3SdWmy,Game terbaik grafict nya mantap,5,0,5.4.0_30057195_30231699,2025-03-10 12:47:15,,,5.4.0_30057195_30231699
6581553f-da79-4a03-83b5-3f85dae0b1f5,Agnes,https://play-lh.googleusercontent.com/a/ACg8ocJDBwt8vzjpWD9036WUK3LQyQYV0dW_1UPQyvk-ZOax9VZ_UQ=mo,"Sedih deh gak bisa main yg ori walau sama yg ori dan yg cloud hnya cloud terbatas waktunya, entah kenapa banyak yang bisa download walau android 10.. pengenn download cuman gak bisa ihiks gak bisanya gtw dari hp atau dri sistemny yah. Tapi gpp gamenya bagus, seru, grafiknya keren, kalau ngeleg nya mayan yah. Yah hanya segini dulu terima kasih, moga bisa di ubah dikit kalau yang cr download yg ori 🥲, pengen banget soalnya ehe. 😊🙏",3,0,,2025-03-10 12:34:54,,,
6350420d-35e7-4712-9075-b35807350eaa,Nadya Sasanti,https://play-lh.googleusercontent.com/a-/ALV-UjVSkx1F0NSDNhunZRBd-bmOvqqbb7nAWlWQgGjdCVd_xHRrOlM,"Gacha artifactnya tolong ditingkatkan lagi peluang dapetin cr cdmg, cape nguli terus di domain emblem busuk mulu",2,94,5.4.0_30057195_30231699,2025-03-10 11:29:19,,,5.4.0_30057195_30231699
52c1ba24-945c-47d9-a855-30def496f66e,keken fahira,https://play-lh.googleusercontent.com/a-/ALV-UjUxio3AjiiLP5bUfvMasAUJX6wEzMm8T6rUtXJKSUySPYgmstA,"dear developer, Please for the snap dragon 800 chipset, adjust the graphics resolution to the type of cellphone, many people like this game but sometimes it also makes it difficult to play because the SD support does not support it.",2,0,5.4.0_30057195_30231699,2025-03-10 11:21:32,,,5.4.0_30057195_30231699
9acdd7a4-84f1-415d-aa3c-4d9a727b4e60,yuriekaa,https://play-lh.googleusercontent.com/a-/ALV-UjVPBDTTxqH3ELV0qx-PDu9y5QLpf6xXs_3G1cuqj8BcLmN_YFQ,"1. sistem gacha ampas, mau itu gacha chr ataupun artefak 😠. TIDAK RAMAH F2P 2. design chr makin memburuk, apaan design natlan, berharap design region selanjutnya ga ampas juga y 3. fanservice. masa monsternya dihantam pantat varesa, kan galucu. dan lagi tiba"" aja varesa b5, pdhl ga penting dan ga di mention di archon quest, mending iansan noh 4. mana chr laki"" hoyoo. masa cuma kinich doang b5. TOLONG DENGERIN HOYO🤓💔",2,1,5.4.0_30057195_30231699,2025-03-10 10:30:52,,,5.4.0_30057195_30231699
e24a8e54-366a-4674-a153-d9fb1673092a,Dek Agus,https://play-lh.googleusercontent.com/a-/ALV-UjWHvsCaYYM_l2sZa1Z1ZvLmsgqKwEeszAW1Nu6o48Qxa2hYOM0,Tolong kasi aku hoki pas gacha,4,0,5.4.0_30057195_30231699,2025-03-10 10:28:57,,,5.4.0_30057195_30231699
481ebcb5-8ea4-4754-abc3-440632b9efe2,Idha Elza,https://play-lh.googleusercontent.com/a/ACg8ocLFjvEfT18WoDJqasS4YpatQ6dsk3HiemGaH1fgvpS2yBCCPQ=mo,"give me primogems, please 🥺",5,0,,2025-03-10 09:35:44,,,
cf9bc4f5-1838-4004-87ac-36a0801a9bf2,Devinacanti,https://play-lh.googleusercontent.com/a-/ALV-UjX7I-gDfawbPMJV5lK5ToO1KFBgSNTmwWzXuD7IcaDBL-va4E0,Bagus banget tapi loading 31 gb lama wakkk tapi seru,5,0,5.4.0_30057195_30231699,2025-03-10 09:27:52,,,5.4.0_30057195_30231699
e928323b-b076-4a14-8b15-a399ab4149ba,Muhammad Iqbal,https://play-lh.googleusercontent.com/a-/ALV-UjUGqyq06Rsc1bM3HM-9VuOkLkGDUlPqjZi5wxqjqlqJeMSO8Nwo,"gila ya gua uda ngumpulin primogem biar bisa gacha 90 kali tidak dapat apa2, dapat karakter bintang lima cuman satu itu pun yg uda didapat qiqi game gilak",1,0,,2025-03-10 09:24:21,,,
a98e86e7-418e-4c6d-ae73-3a3534e4d36f,Dion aldiano,https://play-lh.googleusercontent.com/a/ACg8ocIJt_Dje8T5VCx0-wBQnc416-lGlLfTJn5rxglnA0Xu7PX3yQ=mo,Game yang sangat bagus untuk dimainkan,5,0,5.4.0_30057195_30231699,2025-03-10 09:19:58,,,5.4.0_30057195_30231699
8faaf277-e379-4b70-ae68-d24627693bb6,Rizky Setiawan,https://play-lh.googleusercontent.com/a-/ALV-UjVbXA6iPcV9aeyP0g1l8NDNAZ96wGFKAboaBATUtm2uVjLHQ7qc,👍🏻👍🏻👍🏻👍🏻👍🏻👍🏻👍🏻👍🏻👍🏻,5,0,5.4.0_30057195_30231699,2025-03-10 09:19:31,,,5.4.0_30057195_30231699
33c99827-b423-481e-b582-e5bd737c982e,dream beryl,https://play-lh.googleusercontent.com/a-/ALV-UjUuNBHXJ7xFO8FUrQeL3zS7jU9mjKpLTH2wwyl7xFoGynhWPSpM,Jiggle Physics kapan,1,0,,2025-03-10 08:40:26,,,
b582aca8-144f-40f5-9f11-a3458ea5cd42,VIRGO SYAID,https://play-lh.googleusercontent.com/a/ACg8ocI2IDvfkT_d3fQ9WwioMadJE7OjZvgaC8cRT4Vdi-AgtcRnSA=mo,Keren sekali,5,0,5.4.0_30057195_30231699,2025-03-10 08:06:52,,,5.4.0_30057195_30231699
d0e81d23-1fbd-4844-836f-15dd1ee38eda,Unggul Rastian,https://play-lh.googleusercontent.com/a-/ALV-UjWZUNb4EczeTtDKcszk7nIoK7x06eo39Rcz_G0WgybYmFG3I2Sf,nothing improve,1,0,5.4.0_30057195_30231699,2025-03-10 08:04:48,"We sincerely apologize for your unsatisfactory experience, Traveler. If you have any feedback or suggestions, please send us an email or contact Customer Service via in-game feedback to help us improve the game.",2025-03-21 14:26:36,5.4.0_30057195_30231699
5f9d49b8-7aea-4bdb-aa08-d31cc4f22a2e,Alviano Saputra,https://play-lh.googleusercontent.com/a-/ALV-UjUY9oyXkVwyAYesk55oxndtVUVI8xHAMyO-2c5EDSWmA3QgmK_h,gamenya baik gak kikir :) menang rate off Mulu makasih game baik,5,0,5.4.0_30057195_30231699,2025-03-10 08:02:50,,,5.4.0_30057195_30231699
08f1de1f-7f20-4c79-9700-ef75620c263d,Dara,https://play-lh.googleusercontent.com/a-/ALV-UjVfpAkUVh9mgSM9JvyMPMzrl-DyXAHCr3agfO-_bmqBVsqMMGEH,"Game kikir, cmn ada Waifu, tidak ramah f2p apalagi buat event event sekarang... dan aku minta perbaiki design char yang lama",1,0,,2025-03-10 07:07:34,,,
44dde9f0-6b35-480d-906c-d33870e26090,Utuh,https://play-lh.googleusercontent.com/a/ACg8ocIjS-qCN23Q_mqCoSdcQHkD0BJQ91OHfUMTXpYExvalkK3QKQ=mo,Cuman gatca aja yang kurang,4,0,5.4.0_30057195_30231699,2025-03-10 06:30:13,,,5.4.0_30057195_30231699
5c2a321c-55a4-4584-a52f-26af7d22016f,David Perdana K.p,https://play-lh.googleusercontent.com/a-/ALV-UjW88t3UD3du2IbWJAECPFFZefqI0PgS0u-KLW_MXuCQ6s3nk2tV,Rate gacha trash,1,1,4.8.0_24603909_24822834,2025-03-10 05:18:57,"We sincerely apologize for your unsatisfactory experience, Traveler. If you have any feedback or suggestions, please send us an email or contact Customer Service via in-game feedback to help us improve the game.",2025-03-14 12:36:34,4.8.0_24603909_24822834
ba9a6666-f079-4e5e-9d30-b48ae1d5f6b7,Awaludin Musthofa,https://play-lh.googleusercontent.com/a/ACg8ocIyXRApJhRHszxK_sJXmJMtpAg1-8TTvFVf-_BrzCwJIQeoSg=mo,Gamenya sangat bagus apalagi shadernya,5,0,5.4.0_30057195_30231699,2025-03-10 05:15:44,,,5.4.0_30057195_30231699
ad5dbf40-33ad-4a99-b012-91d19a8a04dd,Akbar Syahk S,https://play-lh.googleusercontent.com/a-/ALV-UjXTpfUCWSEMGiWgLhTIUhs_uOLoewZ-HIUPJj5doWqjdBY8zbk,Boring,2,0,4.0.0_16983586_17100363,2025-03-10 04:42:00,,,4.0.0_16983586_17100363
20c086ac-307c-478b-9294-f47544f0f1c0,Aulios,https://play-lh.googleusercontent.com/a-/ALV-UjUiT1oabsGSRqPkTr-ZP7rSvVJ_jyGPiUJdk87rAWvHPSFnzjcY,Kikir impek,1,0,5.4.0_30057195_30231699,2025-03-10 04:06:26,,,5.4.0_30057195_30231699
38394d56-db97-42cc-b2b6-da40066b10af,Fadhilah,https://play-lh.googleusercontent.com/a/ACg8ocKqqhldqgZUK-wMICxxmM348y5rjSy-6-rdb8Zx4_Mv9ndUTQ=mo,selalu lambat mengirim kode verifikasi keamanan,1,0,3.3.0_11741873_11806263,2025-03-10 03:41:18,,,3.3.0_11741873_11806263
de68e997-da4d-4e65-9308-427e09daebcc,eka fatmawati,https://play-lh.googleusercontent.com/a/ACg8ocIeIqCl-o0UIjDk5L9X9HijH9j1JsE-0VArwQaMB5ajJrfJlA=mo,game bagus banget,5,0,,2025-03-10 03:29:19,,,
6b2885ea-72d8-4ba1-b392-90b782448884,Android Killer,https://play-lh.googleusercontent.com/a-/ALV-UjVuGt_3HYVceTm0pVIc_d38geAiNoW0KPcQIgWHDo_VSNdIAwx-,"Tetap seru dan penuh petualangan, hanya saja mengumpulkan primogem terlalu susah untuk free player",5,0,5.4.0_30057195_30231699,2025-03-10 01:13:53,,,5.4.0_30057195_30231699
67df6cc2-3310-4b0b-947b-dcc5f07301d2,Bazakstars,https://play-lh.googleusercontent.com/a-/ALV-UjU2ZI50uWQbOnHvJVU2cpKZ9B4VPIpG-G-I3Sac_aXBQjSaG507,Please Aloy Rerrun,5,0,5.4.0_30057195_30231699,2025-03-10 00:48:17,,,5.4.0_30057195_30231699
7839fe94-477b-4309-9406-c4cfb8847453,Samsul Maarif,https://play-lh.googleusercontent.com/a-/ALV-UjUD9hQ1FwFd1-wD6XBuFNVu4OZIcFP3IHU6QiMjFzV8bKY0p26J,Butuh hadiah pemula,5,0,,2025-03-10 00:33:35,,,
f75904cf-965d-4f32-a646-4428aa838e7c,rian sulton,https://play-lh.googleusercontent.com/a-/ALV-UjXLy31UHhOkkFCL7MuR4u4EcR-D0Nl7QMJOp8tcWs6vSpq-lts,Akan saya tambah bintang bila menang rate off,1,0,5.4.0_30057195_30231699,2025-03-09 22:49:41,,,5.4.0_30057195_30231699
25944a0a-9454-49b5-990d-105b9b88d72f,Nathan Nathan,https://play-lh.googleusercontent.com/a/ACg8ocL4FRuqdjRg1K0s8PeVOOlmL-r1l_k2T-AwdLObb6kEwxAJBA=mo,"Dapat mengisi waktu luang ku, gamenya seru banget",5,0,5.4.0_30057195_30231699,2025-03-09 22:38:25,,,5.4.0_30057195_30231699
75e8b2bc-5001-4380-b064-8342e52c4013,Riswan Suwandi,https://play-lh.googleusercontent.com/a/ACg8ocKdRMu0ycfd-PBYdNCzmzx963uxV-RKu1NCe5X_5IUNSuoGZg=mo,lama bgt mengunduh nya sumpah g beres beres!! tolong di percepat pengunduh han nya padahal saya pakai wifi!!!,1,0,,2025-03-09 21:44:19,,,
2ef22e9a-2466-4a1e-b12b-20e01013f793,Riski Pratama,https://play-lh.googleusercontent.com/a/ACg8ocLwqPh67evPVSO3ghMqU8d_INM12sVvRnhhIIarQY8skV1ARQ=mo,Kurangi dowload data nya karna banyak yg ingin main tetapi tidak bisa mendownload data yg sangat banyak,3,0,,2025-03-09 21:21:24,,,
d57c3a27-9b18-4d16-8249-fce73ba688a5,Apribanjar,https://play-lh.googleusercontent.com/a-/ALV-UjUm5sPqvg13H6dzDFQnRIFL972MmA2X0b7j4MlcSYeepC-X0P4,Semoga sukses terus mihoyo,5,0,5.4.0_30057195_30231699,2025-03-09 21:18:59,,,5.4.0_30057195_30231699
eea8817b-f5e0-45de-a600-e0ce228816ee,maizah b,https://play-lh.googleusercontent.com/a-/ALV-UjV_mQP_Fv-v8QcJxwVnnjwW77LznPCsdV1NLHnE-2ndqcAspsv-,KAPAN SUPPORT GAMEPAD NYA WOI HOYO,5,0,5.4.0_30057195_30231699,2025-03-09 21:06:26,,,5.4.0_30057195_30231699
968577cc-6684-455d-9e26-964bf1d5bd81,Pengguna Google,https://play-lh.googleusercontent.com/EGemoI2NTXmTsBVtJqk8jxF9rh8ApRWfsIMQSt2uE4OcpQqbFu7f7NbTK05lx80nuSijCz7sc3a277R67g,tolong tolong kecilkan size download data nya kecilin,2,0,,2025-03-09 20:31:21,,,
6a5076cd-6bf6-41bc-9007-a6cfe3f4c2a0,Nurkhalifah Azzahra,https://play-lh.googleusercontent.com/a-/ALV-UjWLlYmlbPUrBzYYWeoOCmlP2AMztC8jWwLI8fjYDOTX-MTdZDkQ,"terimakasih banyak hoyo di saat ar ku masi 34, aku mendapatkan furina saat 10 pull pertama. iloyo so mac",5,0,5.4.0_30057195_30231699,2025-03-09 20:24:41,,,5.4.0_30057195_30231699
4f76510e-286e-4712-951d-5a89b01b23eb,Surdi Bin safaruddin,https://play-lh.googleusercontent.com/a/ACg8ocL_eUZkGtZZTS0y7cHAASYZiA2m7ey4mbEVX_y9hcCRyxn0vg=mo,Sangat suka,5,0,5.4.0_30057195_30231699,2025-03-09 18:56:10,,,5.4.0_30057195_30231699
44aaf3af-073e-4e40-a0fd-3268432b6a44,Arifsurya Hidayat,https://play-lh.googleusercontent.com/a/ACg8ocI2-YoI8QwQFRD3Beh-ObGOfvuYynEgQCwUiS2Pfk539LKa2g=mo,Tambahkan fitur skip= b5,4,0,5.4.0_30057195_30231699,2025-03-09 18:28:42,,,5.4.0_30057195_30231699
7a1d6842-9bb1-49ac-b736-3f2a7acf2777,Hilmi Anggara,https://play-lh.googleusercontent.com/a-/ALV-UjVOk6LC_psr0VpILcmCGB9GLNLCpOw0cGPiCBbgDhq1ybpjEyJu,"dari segi grafik, visual, semuanya sudah sangat bagus tapi ada 1 kekurangan tolong lebih di ringankan kasihan yang player main di ram 4/128 6/128 tolong lebih di ringan kan semuanya sudah bagus hanya ini kekurangannya saja",5,14,5.4.0_30057195_30231699,2025-03-09 17:38:28,,,5.4.0_30057195_30231699
27de2966-1317-4054-a1eb-dc45becf83b2,Galang Haqi permana,https://play-lh.googleusercontent.com/a/ACg8ocI6379Z3zoq5lYx09_eyPCNzqwRi6NAC8Q-g8bGxc2v2vATwg=mo,Terlalu mahal untuk item itemnya,4,0,5.4.0_30057195_30231699,2025-03-09 17:22:44,,,5.4.0_30057195_30231699
6dbb22a3-dafb-452c-8eb3-39036fee51f2,Aoya_,https://play-lh.googleusercontent.com/a/ACg8ocIU1vfTCSfsOOMKL6GKWC6xhbeflC_cNGCMQboTrkYdOuvqeOM=mo,"kepada dev Dawei tercinta (kata player lain) tolong sediakan fitur skip dalam quest dunia ataupun quest story yg bukan bersifat undangan, dan keuntungannya bisa membuat para player merasa lebih baik lagi dalam bermain game RPG ini terlebih khususnya yg bermain di device android -_- ~salamolahraga🗿",5,1,5.4.0_30057195_30231699,2025-03-09 17:15:38,,,5.4.0_30057195_30231699
d54afb06-b52e-48cb-b7ab-72a0617d1f38,Syeilani Arifin,https://play-lh.googleusercontent.com/a-/ALV-UjW2hAWmYIPSpxzPEQahlhi5bGF7TOA8mhx49MccrDN7E9BdLwXe,"game bagus pokoknya, tpi msih game kikir rewardddddd, inpokan primo 1600😋😋",5,0,5.4.0_30057195_30231699,2025-03-09 17:14:27,,,5.4.0_30057195_30231699
f3a6ebb2-4396-4b9e-b6b1-1c62bcdb0151,Wildan Mubarok,https://play-lh.googleusercontent.com/a-/ALV-UjWjqkZuCAnvvM7wZbSJvCGREdAX7Kjy3R0d390XM2Zo7r8Cq-Fb,Bagus...dari segi grafik nya bagus ceritanya juga bagus tapi ga ada skip nya😅 sama aku sebagai cewek yang main kekurangan karakter cowok nya. Dan yang paling ku suka itu menjelajah nya. Jadi lumayan lah... Recomend 👍,4,0,,2025-03-09 17:07:29,,,
d9d1ba37-6e4e-43b0-8879-20199d67edc8,Saya Tahu,https://play-lh.googleusercontent.com/a/ACg8ocJ2Yp2pEZQ1T6IKpFWCYkNHVxHMnUWp3udiyJDLU5AOyP7JoA=mo,nice game 300MB setelah masuk game 30GB nice,1,0,,2025-03-09 15:44:53,,,
45529136-e3c0-45f6-a453-f2b1ff321740,Agus suka Ketoprak,https://play-lh.googleusercontent.com/a/ACg8ocIqCqkI3v90QsL6bM-TbKZYVgSorx8w1qGhiEhb038nnUqKllQ=mo,"Untuk hoyo tolong lah, kalo aku mau ganti email ke email lain itu lama banget notice dari gmail nya. Kadang telat 4 menit. Dan kalau berhasil ganti email ada ""terlalu banyak permintaan"" Plis lah perbaiki di bagian pusat akun",1,3,5.4.0_30057195_30231699,2025-03-09 15:33:37,,,5.4.0_30057195_30231699
7a3c8827-ce7e-430d-b229-bd94784ca249,Surya Kusuma,https://play-lh.googleusercontent.com/a/ACg8ocJmUHnRiZyFBIMXlgTn9oOYkKSpdONHmbS1DsNLYInwT0tK-A=mo,"login nya lama padahal gak ada update dari game, padahal sudah pakai wifi",1,16,5.4.0_30057195_30231699,2025-03-09 15:16:10,,,5.4.0_30057195_30231699
6d4ff216-095f-4f1d-82c6-de0e90215d9c,Zoro Zuroo,https://play-lh.googleusercontent.com/a-/ALV-UjW6Fwo-ovEQNBzLcVGTo_n3_pcpHCsPbvWc9v3W_u2tK5wPuxBA,thanks for the furina!,5,0,,2025-03-09 14:59:34,,,
108aef42-84a7-40ed-aba9-461e3061fcbd,Sultan falah Albana,https://play-lh.googleusercontent.com/a-/ALV-UjUlZzRv5IvUD2An27q6TNwwghazLDCipCPuwJhwRkR0ZhACstk,Grafik nya bagus sekali ccocok untuk hp kelas menengah ke atas👍🏻👍🏻,5,0,,2025-03-09 14:43:34,,,
416cba5a-aa57-42be-967e-751d959bb7d8,Dhariel Walker0,https://play-lh.googleusercontent.com/a-/ALV-UjVliyMBhsO_cBaFHlVfBIndp_zTZgkzuA7J4enoXC0oCyfg8Q,"Game kikir player pada pensi,udah Kiki gak bisa di skip lagi...mampu rating turun...!",1,2,4.2.1_18831865_18963989,2025-03-09 14:06:16,,,4.2.1_18831865_18963989
e802de56-7885-4f99-a4d0-55258dc459a4,Amin Rais,https://play-lh.googleusercontent.com/a-/ALV-UjWsVh_mUwjeniZNYQ3RpT_9DYLTfAwwrz3LhxH22IIHkuu12s0,Lama bgt loading nya sampai 5 jam,1,0,,2025-03-09 13:59:04,,,
a6d94d9b-d2f2-4793-83e4-a157393b13af,White Kyurem,https://play-lh.googleusercontent.com/a/ACg8ocKhY2bKvjovDJ4mz3YHbv5vFBozl4Kj4DEmDu0S9yRYA-zzS8c=mo,"Event,expedisi latihan pemberani terlalu sulit,hadiah utam harus selesain 100poin,kebanyakan player AR rendah hanya sampai 80poin. Bintang 1",1,0,,2025-03-09 13:56:31,,,
6ae61275-41d4-426f-84bf-fc4faf553bcf,Affin Pratama p,https://play-lh.googleusercontent.com/a-/ALV-UjUVodgur5gTcY8L56SUOzuexyyFzJ2ElaGl_YZNC4cb_Q_O5Wam,Bagus,5,0,5.4.0_30057195_30231699,2025-03-09 13:48:03,,,5.4.0_30057195_30231699
edc3d9ea-4205-4d58-add4-8d8325479e48,Louisa Angelina Putri Pranolo,https://play-lh.googleusercontent.com/a-/ALV-UjXBq8IX9Spck-2DJ9fU4EvWwOFimqQhFX-StK2dIlc266j-GcBv9A,pake ai buat survey 😂🙏,1,0,,2025-03-09 13:35:16,,,
d88b5d28-fbdd-43e9-a073-eb4d012f44fe,septian rohili,https://play-lh.googleusercontent.com/a/ACg8ocKxV79r5RZMZjjGCb981REwaa9EsqVswuu4ccPoBa18TLY=mo,Seru sih,5,0,5.4.0_30057195_30231699,2025-03-09 13:00:38,,,5.4.0_30057195_30231699
75fde425-3582-4345-a135-5820d0da4d3c,eibrahem ibnu s.,https://play-lh.googleusercontent.com/a-/ALV-UjVDCDSAfGDtEQx1vDJHld0RlO3kPZRbv5FYwtylYZt6grWQusY,keren jir minusnya jarang hoki,5,0,,2025-03-09 12:56:11,,,
dcb0ec41-7f02-411f-8a44-7caec04bd430,Slamet Priyanto,https://play-lh.googleusercontent.com/a-/ALV-UjXMxtavjlyArsJTXuFsOYnSkhvB7fuBudCKnDSBlO9mbZXYoeI,Gem baikk,5,0,5.4.0_30057195_30231699,2025-03-09 12:53:40,,,5.4.0_30057195_30231699
a4d19189-b4b0-4953-854c-94bb5169b38b,Arya Dwipa,https://play-lh.googleusercontent.com/a/ACg8ocIuqydjZViVfWEmAeCWBZz-ZE9VlC9MTVzEk8E0w375maLkJw=mo,"Saya ralat untuk genshin impact saya benar"" Memohon untuk rate drop artefak yang bagus nya dirombak lgi saya sebagai player dri mulai region inazuma sampe skrng sampah mulu dapetnya udh ad fitur selector juga ttp ampas dptnya astaga sesusah itukah, bolak"" Game ini saya kira bakal ada perubahan soal artefak, daripada char terus yang diperbanyak tolong drop rate tolong char saya ga ada yang bener dmg nya kyk digigit semut rasanya astaga genshin 😮‍💨(lagi 1 , banyak yepping🤢)",1,7,5.4.0_30057195_30231699,2025-03-09 12:36:59,"Terima kasih atas dukungan Traveler terhadap Genshin Impact. Kami menerima secara terbuka semua masukan/umpan balik dari kalian. Jika Traveler memiliki saran atau masukan, jangan ragu untuk menghubungi kami melalui feedback in-game atau email.",2025-01-11 17:27:07,5.4.0_30057195_30231699
2c55a07d-0ee4-470e-a609-57c50368520c,KHIAR NAKHLAN,https://play-lh.googleusercontent.com/a-/ALV-UjUPHjNMCNDCxTBoI4F8bTVzghcpCbOmd1BKZ-erj-QvUu1jBEA,"Bagus, tetapi kenapa kapasitas memori yang di pakai besar dan misinya lebih di perbanyak agar bisa naik rank lebih cepat sama primogemnya agak lebih di banyakin ya🙏",4,0,5.4.0_30057195_30231699,2025-03-09 12:04:56,,,5.4.0_30057195_30231699
c2ce8107-a34e-4e68-865d-bb9af421011b,si Paling,https://play-lh.googleusercontent.com/a/ACg8ocLtGGoTSxp6m9uTpJsUpcW88wlU96U6HtFu16lZE4reAvIxaw=mo,hebat,5,0,5.4.0_30057195_30231699,2025-03-09 11:42:50,,,5.4.0_30057195_30231699
95c9067c-152c-447b-b57d-ac92cb39c462,Sopia Latjuba,https://play-lh.googleusercontent.com/a/ACg8ocJQ56wccNynjPyiX1aId7SEU92QXFVHj2Sh95aUi6Ai9DROKg=mo,Mantap tapi harus banyak kasih bansos ya,5,0,5.4.0_30057195_30231699,2025-03-09 11:31:21,,,5.4.0_30057195_30231699
51be4261-1525-4f7e-964c-ed0069c8240b,Me and you,https://play-lh.googleusercontent.com/a/ACg8ocK3vGwUqQCdMhrCYMOzEkJs0IsXxCt6EiHqDYuPED4jJaOt-w=mo,"suka sii, tapi aku gak suka sama sistem gachanya.. parah banget, udah susah² nguli malah dapet qiqi, kecewaa 😭, juga dialognya itu lama banget... bisa ga sih di tambah fitur skip dialog??",1,0,,2025-03-09 11:10:20,,,
c8ffe4ab-b716-4fd3-8ae2-f139fe342959,Al Hidayah,https://play-lh.googleusercontent.com/a/ACg8ocL26-7Cu9dTQO26GIqYb01NweJ28GmkZNaZCbLDHY-h0Bo7Ag=mo,Kenapa mengunduh datanya lama😠😠,1,0,,2025-03-09 09:43:31,,,
14896a62-130f-4960-8273-bc9353d35eed,Denis Putramuara,https://play-lh.googleusercontent.com/a/ACg8ocLP0yXaMTzd89beYZrBdFpyBqZr84Rijpx2EDp6Q5XcsCiQ_A=mo,Seru banget,5,0,,2025-03-09 09:35:16,,,
95ae99be-98c7-4c5f-a770-a8e38a68bdd4,bombom dats,https://play-lh.googleusercontent.com/a-/ALV-UjUbXdYOjyvMpQoqnL-w4-wnqLvz3cBIQ29aOvuJ_DLxGoT6tg,Kalau bisa ada skip buat quest,3,0,,2025-03-09 09:14:07,,,
afa0277a-cb4d-45a3-b801-9f3844fb8614,Putra M.H.S,https://play-lh.googleusercontent.com/a/ACg8ocInfLyVyCiCcRWr0PJn9ndNIxKfrZDsTTRsuQTCNO_fIp99dA=mo,"Gw udah muak ngespiral, masa setiap salah rotasi ngulang dari bagian 1 padahal posisinya lagi di bagian 2 kenapa gak langsung ke bagian 2. Kenapa kalo keluar sesaat gak bisa klaim hadiah sama cek musuh, harus nyerah dulu dan ngulang lagi di ruang 1. Ruang 1 dan 2 full star ruang 3 b2, Masa harus ngulang ke ruang 1 kenapa gak langsung ke ruang 3. Saya Tahu Hp sama Energi charnya nyambung tapi emang setimpal sama waktu yang di buang. Knp g kyk hsr langsung ke note 2 tanpa ngulang note 1 di AS HAH!",1,0,5.1.0_27118081_27297621,2025-03-09 09:00:49,,,5.1.0_27118081_27297621
fe2560b5-bf2e-4b17-9f22-8e4085bdaa0e,Avin Pratama Putra,https://play-lh.googleusercontent.com/a-/ALV-UjVLIx-SX92iQotFnalKN3nk-n579EJ1cempdjCPlC-pFf7UiFw,Game nya asik saya sangat menikmati game dan alur cerita game the best GENSHIN impact,5,0,5.4.0_30057195_30231699,2025-03-09 07:17:29,,,5.4.0_30057195_30231699
94aea208-6e2e-4946-b0d1-ebbe253547fb,Semzz Okta prasetya,https://play-lh.googleusercontent.com/a-/ALV-UjWG3bb6o8V0kRaJ8gO-9maZ3GzCJjUsfSqeZWdGmvOXb2KOPETg,Gem play seru MENARIK DAN KEREN Tapi GEM INI SUSAH DI MAINKAN DI PHONE Harus beli pc ADA HP YANG KUAT SAMA YANG GA KUAT GEMPLAY MENARIK TAPI YA GITU LODING NYA LAMA BGTTT,4,0,5.4.0_30057195_30231699,2025-03-09 06:10:56,,,5.4.0_30057195_30231699
075a5565-4351-44a6-8ae2-1a84e785aef4,ArufaDesuYo,https://play-lh.googleusercontent.com/a-/ALV-UjWNtM5_XHKoncG0UbMxDcWJGAVxkKAqqYqZlf7T607WfIg0APjk,Mantap,5,0,5.4.0_30057195_30231699,2025-03-09 06:02:12,,,5.4.0_30057195_30231699
015c4f7f-edda-4191-9c2b-d431d87fbfda,Fiernando Qesarrio,https://play-lh.googleusercontent.com/a-/ALV-UjW7ROpBpYRZA7xSUMmCPFuuIK36684LddbYH3J1CGpFig-XnZ8E,"Drop rate kecil, pity tinggi, event pay 2 win, dawei dawei",1,0,5.4.0_30057195_30231699,2025-03-09 05:33:57,,,5.4.0_30057195_30231699
5c36ae2f-3583-4f87-a80e-d9bee878b664,Yurni Uni,https://play-lh.googleusercontent.com/a/ACg8ocI-VPoOP-4AcTOPltf5knxTrj1kPbRdzbBiFacaxszmNQUyPiY=mo,Menyesal kalian download game ini,1,0,5.4.0_30057195_30231699,2025-03-09 05:10:23,,,5.4.0_30057195_30231699
f5de2d21-e0f4-4314-9b9d-5f61fe7a7c60,Aether,https://play-lh.googleusercontent.com/a-/ALV-UjUnh4m9Ok0XbT0RlbAu9X0wvFGEy7yP-Hn6v--m1WCVuBhOz_lY,Game bagus,5,0,5.4.0_30057195_30231699,2025-03-09 04:48:04,,,5.4.0_30057195_30231699
a79f10ac-dfba-427b-b16e-5e21662735e7,YPPK 'S,https://play-lh.googleusercontent.com/a/ACg8ocJWcwI4w1-as2XaoPKm0KDL_8PYjzqPEocsJZiJW483Wv-frA=mo,😹,5,0,5.4.0_30057195_30231699,2025-03-09 04:26:37,,,5.4.0_30057195_30231699
67f08823-2361-42b0-b57e-6bb09a0b87ab,Sayril Reis,https://play-lh.googleusercontent.com/a-/ALV-UjUw6F3tmLoXpk2D71-8zCsFy_rm75wypiP3__FOVbqRrPbMzWxS,Keren banget,5,0,5.4.0_30057195_30231699,2025-03-09 03:21:06,,,5.4.0_30057195_30231699
43382beb-4840-4c40-bff5-2f680e686e84,Chairanda Putra,https://play-lh.googleusercontent.com/a-/ALV-UjWvkmq01yco_rre_RXjioktjMlIDR3nnBCwxN8JVxWkCFJ7UNT2,Keren,5,0,5.4.0_30057195_30231699,2025-03-09 02:28:56,,,5.4.0_30057195_30231699
844ca690-81b2-492f-98f0-b88d6e95c1af,Rahmat Herlambang,https://play-lh.googleusercontent.com/a/ACg8ocKM3X0xj7J2DYVDjVawvI-JW_prXx38ejXE8w9B0TkvLHxGaQ=mo,Mana keberuntungan ku,5,0,3.6.0_13833164_13951843,2025-03-09 01:20:09,,,3.6.0_13833164_13951843
e4d45e23-e150-4a29-900a-167ead66c1da,e x,https://play-lh.googleusercontent.com/a-/ALV-UjU2UeRq7JLU5g0NInYCY2gvcJNb6Lw8ODTvuM9T0-0VBX_mBFc,kikir impact,5,0,5.4.0_30057195_30231699,2025-03-08 23:43:51,,,5.4.0_30057195_30231699
b65166b8-7d20-4ccf-90e0-d1b63877179d,Zievylia_ Way,https://play-lh.googleusercontent.com/a-/ALV-UjWW_MfbTwpHYT0_Ih_ONLGHLb8CY1SNoQdpEPdSOk-6-_Mu-mA3,Jangan pelit pelit ngasih promag nya developer. Ya trimakasih kukasih bintang lima nie semoga panjang umur aminn,5,0,5.4.0_30057195_30231699,2025-03-08 23:37:40,,,5.4.0_30057195_30231699
3173988d-1824-4566-b539-5c4cf08eb750,Lynnzx,https://play-lh.googleusercontent.com/a-/ALV-UjWbf1yUzNScZsCwcOATrv13tnm_CLgUg6uBSi-V0-JaKhhjBws,waw sangat bagus waw sangat tidak membuat stress sangat menyenangkan kalau bisa ayo kasih saya furina saya pity 80 blom dapat ni haha makasi gamenya bagus,5,0,,2025-03-08 23:26:10,,,
c82d08e0-17f8-4ae2-8836-cc17bb4c73be,Erik Alvian,https://play-lh.googleusercontent.com/a-/ALV-UjVJHPwasZfHVqOH6pduhDZUQVe5mNZVLscqZ2GRRWLzcsxYBw,reconnect terus padahal jaringan bagus,1,0,5.4.0_30057195_30231699,2025-03-08 22:25:17,,,5.4.0_30057195_30231699
875a9a56-fde7-43c1-9e72-f550e2360f3f,Yuzura Kozugami,https://play-lh.googleusercontent.com/a-/ALV-UjU-aNvtM-VH9D4oYE8WqqZr2kVQofqkL9Jkwv71tslfFSclgtV0,Bagus bangett,5,0,5.4.0_30057195_30231699,2025-03-08 21:40:19,,,5.4.0_30057195_30231699
e29effcf-dcd6-4826-99be-b855fb5822ee,Heru Handayani,https://play-lh.googleusercontent.com/a-/ALV-UjUMmqhJVpqCF3kE6lfGIeXY7jxHI76rCkCXFg9_amQNNKZHgh0A,Makin gajelas. Makin mesum. Game tolol,1,0,4.2.1_18831865_18963989,2025-03-08 21:21:43,,,4.2.1_18831865_18963989
1f1208a4-f2dc-4bbe-bd0a-1fbfeb450001,Hermawan Sanzayya11,https://play-lh.googleusercontent.com/a-/ALV-UjX2mdMwEF1muxNEnoKqmAyqZVqI1pLHCL1pRItkzHdCpnMT1NlM,Gaca suka kurang hoki,5,0,5.4.0_30057195_30231699,2025-03-08 21:09:33,,,5.4.0_30057195_30231699
eee9fc9a-4067-4f9b-8ba9-8d7ac0df90ca,Hiori 4You,https://play-lh.googleusercontent.com/a-/ALV-UjVBY8yHacrZX46DWDKaSLC0yHDeph1rL8oSrE9FMt-qy4KGlUTe,I love it!!,5,0,5.4.0_30057195_30231699,2025-03-08 20:25:34,,,5.4.0_30057195_30231699
5a33993a-a985-4731-a8fd-f1fd5011657f,dellarahvyra 86,https://play-lh.googleusercontent.com/a-/ALV-UjVaeQD0GfF-7Q1Ub-0pJq6TfNHPnV3jIGl0V6IUMPFEQBBVK5o,Hoki!,5,1,,2025-03-08 19:35:50,,,
48795c13-0237-4a7a-b2e4-1a821acc467e,Yuzu Mizu,https://play-lh.googleusercontent.com/a/ACg8ocIbrQIhs5zH3ZhXPMZvTTcTdVPz8_udKXXtVWpepteP3MQa2w=mo,"Sudah 10 bulan main game ini ada banyak fitur yang PERLU ADA seperti: 1. Setting layout button (kadang salah click burst sewaktu geser kamera) 2. Setting camera sensitivity dari 1-10 menjadi 1-20 (sewaktu geser kamera terasa lambat) 3. Artifact loadout 4. Ubah resin replenishment dari awalnya 26h40m menjadi 24h (hari ini main jam 19.00, besok full lagi jam 21.40, besoknya lagi jam 00.20. Yakali gak tidur nunggu sampai penuh lagi) 5. Deconvert condensed resin menjadi original resin 6. Etc, etc...",2,0,,2025-03-08 19:28:33,,,
8277cf50-8775-4731-b441-43fd0557bee1,ardhani 2013,https://play-lh.googleusercontent.com/a-/ALV-UjUxAZN_W_ilM_LbnDRNTTof0xGq2__KnkMk-gzU-ihLo-wTklyu,Ok .,4,0,,2025-03-08 19:28:02,,,
7b24647d-51b4-4d9f-af8c-c126463259c9,Aira amelia,https://play-lh.googleusercontent.com/a-/ALV-UjWD3R8rj2vxGqcz4IL3Gu-Y5DJ9Rxp_Sb5p7yT3RWjhP9OzJeE,game macam apa ini mau daftar aja di persulit harus pilih gambar dulu dan setiap gambar yg di pilih ga ada yg bener salah terus. bikin males mau main,1,1,5.4.0_30057195_30231699,2025-03-08 19:16:48,,,5.4.0_30057195_30231699
59804b26-26ec-4c23-98b2-1f1e9349fd39,Gwen Alesha kandra setiawan,https://play-lh.googleusercontent.com/a-/ALV-UjWHX5apiIBSpcuBZKDDwGekWxjfLYHZZmi5m4lwQ6E3YUrJYKj-,Seru,5,0,5.4.0_30057195_30231699,2025-03-08 19:04:12,,,5.4.0_30057195_30231699
3a94a7d3-92bf-44b3-aee5-db0d50c5a719,Kainan Rahlil putra,https://play-lh.googleusercontent.com/a-/ALV-UjXEYUBj25v7zS1uvycablbmotOJzF3MuwHdtjtzasRg1rQAin8,"BAGUSSSS BGT, berat aja si game nya tpi BAGUS",5,0,5.4.0_30057195_30231699,2025-03-08 18:22:52,,,5.4.0_30057195_30231699
db1dfa42-d6df-41f9-84db-2e4cd05a19e7,Mukhammad Angga,https://play-lh.googleusercontent.com/a-/ALV-UjUNI1K8YE7dRshHJvsWqih4GbDyAFbCCihFyed58ycPTaGQBTtB,"Game gacha,... Tapi system gacha.nya broken, toxic, dan kurang jelas",1,3,5.4.0_30057195_30231699,2025-03-08 18:20:45,,,5.4.0_30057195_30231699
147ccd85-cc64-4d77-8da9-db77da91667f,Roronoa Zoro,https://play-lh.googleusercontent.com/a/ACg8ocLCkVxrGtGfqi34i3cNHwZuwr5EyxIWoYXxlwOAv9dI_aCUYw=mo,Padahal blm pernah d hapus akun udah lama GK main pas download lagi hilang akun jadi males ngulangin dari awal,1,0,,2025-03-08 18:17:09,,,
7d86ccbf-beb1-4d44-9333-eb98305668de,Cipta Wahyudi,https://play-lh.googleusercontent.com/a-/ALV-UjU_8R_BxEzpW0s5eLJ8P10r4gqMAJFPk3jePqI_UEl5KuRnPqg,Bagus . Grafik memanjakan mata,5,0,,2025-03-08 18:06:36,,,
87178b8a-a5b6-4a92-b001-102cac3f19b9,Agus Ripandi,https://play-lh.googleusercontent.com/a-/ALV-UjUFLO3DMT3Qrynvn4zzBZ-1EgCniEj5HJOLEYrbsk0u8ny2d7k,suka banget sama ni game kaya anime gitu genre game nya juga menarik ada story dalam adventure ini & main sama temen itu yang bikin seruu nya lagi (⁠≧⁠▽⁠≦⁠),5,1,5.4.0_30057195_30231699,2025-03-08 17:58:05,,,5.4.0_30057195_30231699
208698e3-b7ba-4aff-9076-2299e53f9b5b,Muhamad agus ari Ilham santoso,https://play-lh.googleusercontent.com/a/ACg8ocI4KMHGFCeYq3OM2zMw3ckIpxQ3kNqxEdUqWeh622Omo92nh4s=mo,Game nya bagus banget,5,0,5.4.0_30057195_30231699,2025-03-08 17:37:16,,,5.4.0_30057195_30231699
ab7d13ec-24c2-487a-aac4-f64f3e2d10e5,cavin png,https://play-lh.googleusercontent.com/a/ACg8ocKeLf-4lb4lCuxpMpbTMD71YsmTDAjsoULu0legplW-gnFEhw=mo,best game,5,0,5.4.0_30057195_30231699,2025-03-08 17:33:28,,,5.4.0_30057195_30231699
a0233825-dd56-489b-96ef-9f448005a380,M Djohandra,https://play-lh.googleusercontent.com/a-/ALV-UjXj_WeiIls13HeM1yeXg5Rk3_Wghc0ky-1IyxTjnNGb1ZW8fx0w,game Bakhil.,1,0,5.4.0_30057195_30231699,2025-03-08 17:24:27,,,5.4.0_30057195_30231699
966be7a0-ac1a-4143-acdb-95e5372a6d43,Rizki adittia yusup,https://play-lh.googleusercontent.com/a-/ALV-UjV2prf6YVyl_XKQMD7WK62sgcXRXzCINDhAPRCRCfXE2u-kjdcb,"Game nya bagus, grafik oke, dari segi quest story, archon, dunia, eksplorasi, event, dll oke bangett cuma yang gasuka cuma satu adanya fitur rate off sedih deh kalo kalah bikin sakit hati banget🥲",5,1,5.4.0_30057195_30231699,2025-03-08 17:21:04,,,5.4.0_30057195_30231699
3df66389-6913-4764-a71d-55493f03d7c9,Ga Gu,https://play-lh.googleusercontent.com/a/ACg8ocI-ihnqHfZB2JvIWqRs7_cQzC0wcKGpd31GdjchfUS5Q9feIg=mo,😱😱😱😱,5,0,,2025-03-08 17:01:10,"Kami mohon maaf atas ketidaknyamanan yang Anda alami, Traveler. Kalau Anda memiliki masukan atau saran, silakan hubungi kami melalui email atau feedback in-game.",2025-03-08 16:13:42,
f4f1a89a-2800-49c3-b6a5-8f6756cffc87,Bayhaqi,https://play-lh.googleusercontent.com/a/ACg8ocJDMxFAqicdmp66siHPxDXvBmjktjSvHpUI9TqwEaByQByBFA=mo,Banyak bug,3,0,5.4.0_30057195_30231699,2025-03-08 16:50:11,,,5.4.0_30057195_30231699
bbe67e92-ac84-46a5-9047-c91b61f52ec2,Raisya Fiana,https://play-lh.googleusercontent.com/a-/ALV-UjWNEFWlfoLS582PVahfduAwpglVdD2kF1Q6awAnZ252eLgfttg,"tiba tiba keluar game pas lagi login, padahal internet bagus sama memori masih memadai",4,0,,2025-03-08 15:53:43,,,
86b314f8-4fc0-4469-84d9-56d6d142eccf,Yulio Akhmad,https://play-lh.googleusercontent.com/a-/ALV-UjVzNw0tBNAFBM-hjvb1TrTM7K67IkxHUt760GTvONMj-ciDScEV,biasa aja,4,0,,2025-03-08 15:41:31,,,
92cfc4dc-f55e-484c-979e-c6a1afa4f76a,gavin aidan,https://play-lh.googleusercontent.com/a-/ALV-UjX9LXRF3oq7LzdHw7C1LWTWqt2HnLCLiPulh04XHf299TaEMAJA,bagus game nya tapi dibagian mengompilasi shader kok agak lama ya tolong diperbaiki!,5,0,5.4.0_30057195_30231699,2025-03-08 15:28:40,,,5.4.0_30057195_30231699
36a1b902-3ff0-4506-8fcd-7f9751e3e87a,Only Dzz0,https://play-lh.googleusercontent.com/a-/ALV-UjU37ghTEDYp8HD7Z6gVebfFiPtWTLlUOlux_-ves7nYGh-vbA,Mantap hoyo walaupun gak hoki mulu🤗,5,0,,2025-03-08 14:40:05,,,
f423c5b5-530a-407c-a6cc-c8b5d7af2d66,Hanzz Keren,https://play-lh.googleusercontent.com/a-/ALV-UjU81cyWE2-fmc-NCpZUpy1TsrbAfy4dDJa7LFz6_YnWvQVeOe9O,"Game Kikir, Kasih aku primo 100000000 baru game baik😡😡😡",2,0,5.4.0_30057195_30231699,2025-03-08 14:36:32,,,5.4.0_30057195_30231699
0ff7f78d-bc55-4592-94f1-e1a72c861d9e,Gana mahardika,https://play-lh.googleusercontent.com/a/ACg8ocL3K3HP1XaasxRQlaIfzMrN0vt_an6z9wAyc06CbZTFhkEwLA=mo,Nice,5,0,5.4.0_30057195_30231699,2025-03-08 14:30:46,,,5.4.0_30057195_30231699
3e9b3367-3440-49a5-ae3f-ba10542bda77,DUTA Blink,https://play-lh.googleusercontent.com/a-/ALV-UjU6nQTSXwHa5Nvk2trqhsqL6nwBy1fiMIDisMU4XF34bkFJeG4,OI TOLONG PERBAIKI BARU AJAH DONWLOAD LODING KE STAR GAME LAMA BANGET MENGUNDUH DATANYA GAME BAGUS TAPI KAYA GITU MOHON DI PERBAIKI,1,0,5.4.0_30057195_30231699,2025-03-08 13:58:44,,,5.4.0_30057195_30231699
875d3434-e1d8-4662-b49a-635333af6159,Ulbert Alain Odle,https://play-lh.googleusercontent.com/a-/ALV-UjVUwkQFPXx9CFv9H9sRdy6LTq8_BBsLfDwtydhH3Y-r50bNYxs,"Banyak fitur yang belum ada, belum lagi ada batasan saat coop dan lainnya, seperti mengerjakan quest event dll",1,0,,2025-03-08 13:36:01,,,
4d49b830-f2e9-4763-a66b-63bb90ddd8fb,Alan Indra M,https://play-lh.googleusercontent.com/a-/ALV-UjXYLaNw-Dq4prf-7bA0xKE5jf4J5FYBDvKI45SK2WBhHvoDAVlw,natlan kurang epic sih,5,0,5.4.0_30057195_30231699,2025-03-08 13:21:12,,,5.4.0_30057195_30231699
fc33a63d-e4e6-485d-8695-6d50aae4b35e,Hariz Faizullah,https://play-lh.googleusercontent.com/a/ACg8ocKI5IAz5tC292YZcROnyOmHzB7t1trC-EsCgnI9rzN-KKzhAg=mo,masih oke aja sih,5,0,5.4.0_30057195_30231699,2025-03-08 12:59:58,,,5.4.0_30057195_30231699
de2b10a7-a9ed-43a1-9fb9-d5c0e04968b0,indo gaming,https://play-lh.googleusercontent.com/a-/ALV-UjUTxtIPaCKSjxwMNbEzPhwX0cnIazUKvpB0u3Vq8TUbFc7HsEI,Mantap,5,0,5.4.0_30057195_30231699,2025-03-08 12:57:29,,,5.4.0_30057195_30231699
7aa2a2fc-197d-48ce-b030-8a26e7ef5aeb,Keisha Naura ayu,https://play-lh.googleusercontent.com/a/ACg8ocLCpCumols-bnZyqaHsKm5-ldW_nzIDjymZM4ri7PHQ8rVtfw=mo,Game nya seru banget,5,0,5.4.0_30057195_30231699,2025-03-08 12:44:43,,,5.4.0_30057195_30231699
1bb66dd4-82f1-463a-adf2-ecdc53ea302a,Fandi Cihuyy,https://play-lh.googleusercontent.com/a-/ALV-UjUOZX0v0zWaCeTERcyjho09ClOvCY0wX-nKSYZsXE6DcblXnFyX,bagus,5,0,5.4.0_30057195_30231699,2025-03-08 12:34:23,,,5.4.0_30057195_30231699
fa788b5b-175a-4b09-acee-dcecc50cb1e8,mohammad wahyudi,https://play-lh.googleusercontent.com/a/ACg8ocLcJUWSc4g195cXE3_4MIkG5mDzyd9G1CFCgd2A9kvVCGP9Ig=mo,"Pensiun dulu bre udah nggak asik gamenya, aku udah terlanjur suka bahasa inggris nya tapi malah silence. Kalo udah diperbaiki kasih tau aja, kemungkinan besar aku main lagi, bye.",5,0,3.0.0_9612129_9624836,2025-03-08 12:24:49,,,3.0.0_9612129_9624836
4833dcf8-a6f4-4215-9ab6-f35095d3223f,Zona Rio't,https://play-lh.googleusercontent.com/a/ACg8ocKh0QZ6hSG5EwcJ0bBdxk0A7oUYmuyuha7gq5zd-h9HIOGATw=mo,Akun hilang mau dipulihkan kehalang bahasa yang GK support bahasa Indonesia jadi mau ngisi suka bingung giliran di isi sepaham nya malah tidak di konfirmasi,1,0,4.8.0_24603909_24822834,2025-03-08 11:28:42,,,4.8.0_24603909_24822834
a892d629-379e-467a-b3a6-b12e5ebf5172,RBK 142,https://play-lh.googleusercontent.com/a-/ALV-UjW40A6MdPF8p6-kUREAzq7rLdjYqviDSQk4aes2Df05DsLmmkA,Sulit dapetin karakter b5 🤣🤣😂,5,0,5.4.0_30057195_30231699,2025-03-08 10:51:50,,,5.4.0_30057195_30231699
34039a52-c913-4300-95ab-9d3737570394,Alif IP Yogaswara,https://play-lh.googleusercontent.com/a-/ALV-UjXT33tRMRlAPX2BxLyy7eNdq0GdYlqBuHArQ4a6wdiJs48i80Q,bagus banget👍,5,0,5.4.0_30057195_30231699,2025-03-08 08:40:31,,,5.4.0_30057195_30231699
1a84d386-f937-460e-98eb-d2d7f69cad99,Kipont Ireng,https://play-lh.googleusercontent.com/a/ACg8ocKluL_Nhbksk4FCmPbWMrJEw1jwhvCao-uwnLY3rejU_qIh-g=mo,ya lumayan,5,0,5.4.0_30057195_30231699,2025-03-08 08:30:39,,,5.4.0_30057195_30231699
c813dd96-1f10-4e10-9495-17142b80e47b,frmnptrhmn,https://play-lh.googleusercontent.com/a-/ALV-UjUbpxO9Z9gVozBctFhRfSzfU8b5vuGoAxYkEEQvajyqGvhx9HVD,kalo jaringan jelek gausah ngulang ke awal anj kalo quest sama spiral,1,2,5.0.0_26041933_26161852,2025-03-08 07:47:33,,,5.0.0_26041933_26161852
1281bee7-3f3a-4cdc-b261-72ae42e23db7,Igun,https://play-lh.googleusercontent.com/a-/ALV-UjXx2AJ39SZfE6LsRiTfmzSkIf5YihzoDvSFaLIcVuFaQqZIu4Tt,kualitas downgrade😭😭😭,1,0,,2025-03-08 06:04:03,,,
18cb6a2c-4a92-424a-84b4-390690301dea,Agung Nugraha,https://play-lh.googleusercontent.com/a-/ALV-UjVR_hALkc31NahiliHU9Aj_NGA_jbDJNpkBVQKzv5GG2hMCX1VU,"Sebagai player baru, kalah dalam gacha beberapa kali membuat saya mengakhiri permainan ini. Terlalu mahal hanya untuk mendapatkan karakter bintang 5. Membutuhkan 80-90 gacha dan itu belum tentu mendapatkan karakter yang diinginkan. Aku kira game ini tidak ramah untuk pemain yang hanya membeli welkin",1,23,5.4.0_30057195_30231699,2025-03-08 04:21:59,,,5.4.0_30057195_30231699
fac733f2-ff11-465b-9237-46faa46859eb,GILGAMESH,https://play-lh.googleusercontent.com/a-/ALV-UjUbJiTjdzeaKvgvq6KBOa2LJrliPJVoCdXlN2TLm52nD-N4A3QB,Game kebanyakan yapping,2,0,,2025-03-08 03:46:53,,,
f558bf60-6443-4b82-82ee-87d5ae26303d,Sandi Cinilclik,https://play-lh.googleusercontent.com/a-/ALV-UjW2_JUxjO2VY_dpYYTFuSOPPBljwCXFkFrfGDcD8w7DfCE9DqjV,Menarik,5,0,,2025-03-08 03:38:24,,,
a0dd4ab5-3132-4299-9a46-30ae07cf3ba4,Dodi Suardana,https://play-lh.googleusercontent.com/a/ACg8ocJiidsl6Vk2sQxrsoLZDCP4tDsOZDZZbo9Bij1Dhle3FiwNKBA=mo,Kikir nya di kurangin plis mihoyo,5,0,,2025-03-08 01:17:28,,,
0edf32d7-f165-41ee-898c-30693a8facb5,Micko MaekeL,https://play-lh.googleusercontent.com/a-/ALV-UjVU7cHooHoGmm9QwXGwfJLCi7o1S__UVHbs5KZ8JvHtE0iMhftL,👍,5,0,5.4.0_30057195_30231699,2025-03-08 00:23:49,,,5.4.0_30057195_30231699
1149d246-e142-4e9f-8205-9e003e46db3a,Ferdi KN1,https://play-lh.googleusercontent.com/a-/ALV-UjUU9jAqnPL1HpPDOOViKmH9Q4U5bkyKGVcng4GmSvt5V_TZtl4r,"Farm artefak nya di permudah dong ,masak saya farm artefak berbulan-bulan dapetnya satu doang yg bisa kepake.""SATU DOANG LOH????""tolong lah di permudah 🙏🙏.",2,0,5.4.0_30057195_30231699,2025-03-07 23:34:22,,,5.4.0_30057195_30231699
ea859b1d-2b00-4489-a03e-d8e5d3a20439,Putri rahma Nur'aeni,https://play-lh.googleusercontent.com/a/ACg8ocL2TLcWorph0G7AKc4VEz4uhAwLWzP3pF585dAy7GAQOVKKwg=mo,"makasii bangg hoyoo karnaa kamu aku banyak temenn baruu walaupun aku agakk kesell sedikit kalo soall wish tapi sisa nyaa sempurnaa makasii, sehatt sehatt game baikk🤍💐",5,0,5.4.0_30057195_30231699,2025-03-07 22:57:54,,,5.4.0_30057195_30231699
1ac8773e-6103-4dcf-9334-c9f2e3b2359f,Desyifa Sukma jaya,https://play-lh.googleusercontent.com/a-/ALV-UjXrtqp-OTVvZ52YJwTyoRE6OP-ojD4IeqeS3t394c0JxHmul9umXA,bad,1,0,,2025-03-07 22:52:10,,,
8e61fac1-cada-4328-84a8-285793f5d17d,Jama Ah,https://play-lh.googleusercontent.com/a/ACg8ocLQctfqVgsVaT91Td1vPAStLNTKxeU-rQpxR255JP8ezG0OuQ=mo,Ntap...,5,0,5.4.0_30057195_30231699,2025-03-07 22:27:25,,,5.4.0_30057195_30231699
c1fac676-9c79-4fd6-b992-b8635e1b19d9,RIFQI Fairuz.e,https://play-lh.googleusercontent.com/a-/ALV-UjU--YI6LG_Pi643wby2C6Mt2yjdh6AYJqR-wEOmj65F5eWcRbA,"Gem nya bagus banget tapi tolong dong kalo bisa download data nya di support buat di download di SD card,jadi data nya kedownload nya di SDcard bukan di penyimpanan utama",4,0,,2025-03-07 21:55:36,,,
484cf1cf-ee07-43fa-acec-f76e7cdea184,Mohammad Ariwidodo15,https://play-lh.googleusercontent.com/a/ACg8ocLUNGgtau6PN_bRJ4q4DPTpf0uF1OI8jQlgU-CDSQf8bP8tvA=mo,Lumayan,5,0,5.4.0_30057195_30231699,2025-03-07 21:11:13,,,5.4.0_30057195_30231699
d51c5e58-50da-47be-8e14-a8a75e99a96a,Fellyyku,https://play-lh.googleusercontent.com/a/ACg8ocKdUHxqTyjfIAmleg6P2Sq18IKQM_wXhRMo0VS7iM3B5-kgYg=mo,YEY I GOT FURINA,5,0,5.4.0_30057195_30231699,2025-03-07 21:06:33,,,5.4.0_30057195_30231699
3024cbbf-c0c1-48ce-a703-7f024f902245,Fardeen Arya,https://play-lh.googleusercontent.com/a-/ALV-UjUHA_xEIvYof5jgHMPrbuuunlRNFoQZDZEU37Z5r2PV7GpA5lLV,Can you add a repeat archon quest feature to this game?,5,0,5.4.0_30057195_30231699,2025-03-07 21:05:39,,,5.4.0_30057195_30231699
11aafcea-1aa5-4f4b-b17c-5183f46b99ae,Arbain Syah,https://play-lh.googleusercontent.com/a-/ALV-UjWHkpZwNjURpXD9Kvd6zQkvxcKlECdwr8SSwnaMjdELmdLqbLLZ,"Good gem,banyakin event primo bg",5,0,5.4.0_30057195_30231699,2025-03-07 20:47:13,,,5.4.0_30057195_30231699
3ed6b622-a087-47f1-98ac-b83a4ac764bc,Denis Ska'lovers,https://play-lh.googleusercontent.com/a/ACg8ocL153POwu1tD9WEw9yLm0eqtqlCkVi2j3cvJHnB0JqdfmpTow=mo,Sangat puas dengan permainan ini,5,0,5.4.0_30057195_30231699,2025-03-07 20:32:39,,,5.4.0_30057195_30231699
fafda560-ee19-4d27-a7fe-5991ca0285d6,Seno Kurniawan,https://play-lh.googleusercontent.com/a/ACg8ocITDIpXJyct9YW_r_6Ev5apAuVWdc-pz2WO8CkVgk6vvzs5cw=mo,Saikyou,5,0,5.4.0_30057195_30231699,2025-03-07 20:26:00,,,5.4.0_30057195_30231699
ecbfef89-6f2f-4855-968a-1104f9f77749,oyen,https://play-lh.googleusercontent.com/a-/ALV-UjXfHtOEyAngduIkyPSK1nF5g5St2KEvxxe7C_6vXK_SwYX8m0BX,-10000 kalah rate off dan yap pity 89/90 DASAR GAME KIKIR,1,0,,2025-03-07 20:08:29,"Kami mohon maaf atas ketidaknyamanan yang Anda alami, Traveler. Kalau Anda memiliki masukan atau saran, silakan hubungi kami melalui email atau feedback in-game.",2025-03-08 16:13:34,
370c176e-a2d5-4b0e-824b-8f0a1008cdaf,Maoudy Abelva,https://play-lh.googleusercontent.com/a-/ALV-UjUN8huMZvTvlhALWoLz-gDuT8DHaTImP-sbokAE-j3p08UjtQQ,"story, eksplorasi bagus semua tapi ada satu kekurangan, terlalu mendewakan char perempuan, ayolah hoyo, kasih aku karakter cowo B5 lagi, yang badass laaa",4,0,5.4.0_30057195_30231699,2025-03-07 19:51:32,,,5.4.0_30057195_30231699
39318d58-430e-4780-8653-6a69f5d46b72,Rellyne Repy Arora,https://play-lh.googleusercontent.com/a/ACg8ocK5lDclPLKdcUmLu7kK5YxQmxrJreN7j4tP_szbJoo5jMhCOA=mo,Game ini sangat bagus dan indah saya sangat menyukainya! :3,5,0,,2025-03-07 19:49:58,,,
ab34b0ac-89bf-4bd5-95f5-ec6384cce6e4,handa,https://play-lh.googleusercontent.com/a/ACg8ocI0bY7njpXoYylM1eeoPP9WioD26e1i08fGJqDXfc6hwOrBdQ=mo,Sangat seru serta visualnya keren,5,0,,2025-03-07 19:37:22,,,
c675b5af-fd9f-4658-8ffd-ba56eccc7635,M.RISKI RAMADHANI,https://play-lh.googleusercontent.com/a-/ALV-UjUzP-z4Trv90-0SMlnvj0eVP0MH9US01oKymcWrCshpxunU79o,"Gacor sih, lebih gacor lagi kalo bisa di skip yappingannya",5,0,5.4.0_30057195_30231699,2025-03-07 18:54:07,,,5.4.0_30057195_30231699
54b6a5e9-00fb-4ebe-a4ec-495103116f0d,Ahli Maqsiatt,https://play-lh.googleusercontent.com/a/ACg8ocKahgyYmaqGadaa_J1jxK5an02Xppliuwf-jBvD1dsXvfXmkA=mo,Download nya kuotanya banyak banget,2,0,,2025-03-07 18:44:36,,,
e1fedccd-16b5-4225-9ae9-3a4d23282d93,AMRU FURQON,https://play-lh.googleusercontent.com/a/ACg8ocL_Qv7Tfmqt2xa6X-4ITyL1E4n9AO7j_HSb9zZzKmhsQvBYdA=mo,Udah kikir gak di dengarkan apa keinginan player,1,0,,2025-03-07 17:35:39,"Kami mohon maaf atas ketidaknyamanan yang Anda alami, Traveler. Kalau Anda memiliki masukan atau saran, silakan hubungi kami melalui email atau feedback in-game.",2025-03-08 16:13:21,
699b7b14-9011-4b84-8bb0-20d0d74249d6,Amir Uddin,https://play-lh.googleusercontent.com/a-/ALV-UjW3NPsuWlBCftskN4wscKGRdbWQaT2KwJZK-vF-woQrMebGxe4,Bagus,5,0,5.4.0_30057195_30231699,2025-03-07 17:23:07,,,5.4.0_30057195_30231699
9f71901e-ae51-4774-aece-d3b2dab41584,Kotori Itsuka,https://play-lh.googleusercontent.com/a-/ALV-UjU74f84KY6-P3143v_-mZwkKZIOwDEcRyVrn8Y9JO26OtOto4Wo,Game nya bagus grafik bagus,5,0,5.4.0_30057195_30231699,2025-03-07 17:09:49,,,5.4.0_30057195_30231699
ec9e2f05-c627-42f6-8a6a-fac65760dff7,Anang Zkz,https://play-lh.googleusercontent.com/a-/ALV-UjUQ19yDAOSW5Uwgb8fd0FCtCaieDtTq_ihjVG5Z4zoDAVre7cI,Sangat bagus,5,0,,2025-03-07 16:36:07,,,
0249b2e0-f649-46b5-97c4-5f21d7237b9b,Aditya Dwi Saputra,https://play-lh.googleusercontent.com/a/ACg8ocJraQ6f1EfhAZjyNYP6RJtNdP2f5tgZjF6swpIcqPKRFAJLbA=mo,"Top banget gacha akhir akhir ini, rate-nya memuaskan.",5,1,5.4.0_30057195_30231699,2025-03-07 15:41:39,,,5.4.0_30057195_30231699
c6cc84ec-2246-4a81-b961-e992e9c57b32,LucKyGiVer,https://play-lh.googleusercontent.com/a/ACg8ocI6wUAFMhWymVDdz8biQX0BH-dZZDTwCOJq9OewgVVkz7tPng=mo,"Tidak bisa masuk ke genshin, katanya ""genshin impact berhenti"" pertamakali kek gini, gw udah main setahun. Tolong di bantu!! Udah bisa terimah kasih!!",5,0,5.4.0_30057195_30231699,2025-03-07 15:28:31,,,5.4.0_30057195_30231699
f96de575-8fda-4d1f-91ee-8997c943407a,Kristian Zai,https://play-lh.googleusercontent.com/a/ACg8ocIzfrTfolnHmL6QZAXmMMa2p9i9mdvBmrjdFkH1lpZBByY9ug=mo,Very coolllll😍😍,5,0,5.4.0_30057195_30231699,2025-03-07 14:45:12,,,5.4.0_30057195_30231699
8d1a4ddb-e819-4c58-bf42-e4323cd43016,rorrrpntq,https://play-lh.googleusercontent.com/a/ACg8ocIkj9s8cAk-kiO0NHnjHZKprd3D77hCIQgrVGmvazgYbEXUEQ=mo,5⭐ karena paha hutao mulus,5,0,,2025-03-07 14:42:15,,,
8537def1-baa0-42b2-b639-6cfc23ff5dde,Tokisaki Kurumi,https://play-lh.googleusercontent.com/a/ACg8ocJNVBoMpHwV2rMKAcfi2C9Fy_0JH9i2YpQaQCgkrqn6IroNkw=mo,Sugoi,5,0,,2025-03-07 14:40:48,,,
f3019f59-791b-4a1c-b863-f2dc5a4e97bb,Uiwoi Woiui,https://play-lh.googleusercontent.com/a/ACg8ocKI8cup5xHLTztwLg7IUwbFOgXVY60JqtcqChUucG7cbCTjtTQ=mo,keren,5,0,,2025-03-07 14:34:03,,,
aab65b79-45bd-4423-aca4-1e46f1f98296,bryan hastama,https://play-lh.googleusercontent.com/a-/ALV-UjVmrpxzmKXVMouCpTQfve_RYHVyPtixV9mEfuapKMonRBvM5LR5,Mantap jos grecep,4,0,5.4.0_30057195_30231699,2025-03-07 14:07:41,,,5.4.0_30057195_30231699
eaea84d4-e36f-4bd3-bb5b-ff7525db8ee2,Kei,https://play-lh.googleusercontent.com/a-/ALV-UjWl7GLnO7AtcHcU51t5V-JyfN5995WDBIB6LCR4XfYa8XVq1zU,Bagus sih tapi pas saya nyari lakelight lily nya gak ada yg muncul lagi cuman sekali kay lakelight lily nyha muncul?,5,0,5.4.0_30057195_30231699,2025-03-07 14:07:15,,,5.4.0_30057195_30231699
0705deca-ef32-43a8-b8f4-03efe2f2f68f,Nara,https://play-lh.googleusercontent.com/a-/ALV-UjVpwW80nfSgACD26yv0K7FMnTg9UPYZD-GCAjIHrsGJprVNvz0,"game nya bagus, tpi buat keamanan akun tuh jelek, akun ku hilang gitu aj :( tolong buat bisa balikkin akun ku lagi ya hoyoverse :( lgi nunggu hasil ny setelah isi formulir",1,1,5.4.0_30057195_30231699,2025-03-07 13:59:38,"Kami mohon maaf atas ketidaknyamanan yang Anda alami, Traveler. Kalau Anda memiliki masukan atau saran, silakan hubungi kami melalui email atau feedback in-game.",2025-03-07 14:55:10,5.4.0_30057195_30231699
bcb6c7ac-09d5-44e2-b855-dc830f5fa36e,Supadi Jariman,https://play-lh.googleusercontent.com/a/ACg8ocLzEN0H8rwLnQFeiVD3byrHrVJsAROvgy3vrGkI-8bz9JrrHw=mo,"Game nya bagus seru banget detailnya sangad amad detail, tapi minusnya ngelek, juga susah banged gacha nyaa tapi sekarang aku baru main lagi😋",4,0,,2025-03-07 13:45:36,,,
f671e5b3-ae4c-46ba-8ac6-f22261b78bfc,Prayoga Gaming99,https://play-lh.googleusercontent.com/a-/ALV-UjVZ10FS4WfCaPbkeh61Kriuw0CCOa-ygQD-Ffui-rWcQ5ApPig,"Game ampas, 7 hari farming artefak ga dapet yang bagus, di spam deff mulum",1,1,5.4.0_30057195_30231699,2025-03-07 13:16:50,,,5.4.0_30057195_30231699
bddbb633-79ee-46fc-a14c-89326f4f47dc,dewi yamin,https://play-lh.googleusercontent.com/a-/ALV-UjXv-ksu8xXCClUvBdNazd8Tj4-qbL6H0N3I3UM3adCOY4FlbAjxLQ,Aku suka banget kalak ter nahida,5,0,5.4.0_30057195_30231699,2025-03-07 13:00:37,,,5.4.0_30057195_30231699
63ce537a-359d-45e2-9a9e-3020395cf3e7,Grileya TM,https://play-lh.googleusercontent.com/a-/ALV-UjV1iETWM7Brp7BQ9Z2DQ9Kgq16c8PNDgiS6wdRnd7oaE_7uD9FS,min genshin kapan ada fitur controller di android ni game kek zzz ama hsr dh ada kok genshin blm min,5,0,5.4.0_30057195_30231699,2025-03-07 12:59:22,"Terima kasih atas dukungan Anda terhadap Genshin Impact, Traveler! Kalau Anda mengalami kesulitan apa pun yang berhubungan dengan Genshin Impact, silakan hubungi kami melalui email atau feedback in-game untuk mendapatkan bantuan.",2024-12-14 14:38:31,5.4.0_30057195_30231699
7239f456-837e-4215-a5c6-d586c74afbe8,alif dimaz damanik,https://play-lh.googleusercontent.com/a-/ALV-UjVZ8RYLi1ha1CtKJssp0YyE9nAJXMcKF4ZnadY6vVxczghKTIQ,dari segi gameplay dan desain karakter sangat memuaskan tapi ada satu masalah yaitu tolong perbanyak bonus PRIMOGEM,5,0,,2025-03-07 12:54:54,,,
1a1de689-e830-4474-adc0-2d4a00f7e164,saktiakbar Maulana,https://play-lh.googleusercontent.com/a/ACg8ocJJXJbJ_xNuh_rhXV1n1DuD8HKqVe2dAZpP_KoPmZjkeH5Gsw=mo,Bagus cuma berat banget,5,0,,2025-03-07 12:39:48,,,
023f4aad-24c7-485a-be70-de584a1924a9,Nur zainab,https://play-lh.googleusercontent.com/a-/ALV-UjUGmbd97smjvAgkqkwZ_R0mUX2Y-Yn9R7gYTo6NjGQBCejGPr3K,"Game nya seru dan bagus, tapi sekarang suka nge-crash, keluar sendiri dan ga bisa masuk ke apk nya, udah instal ulang berkali-kali tetap seperti itu 🙏😔",5,0,5.4.0_30057195_30231699,2025-03-07 12:24:18,,,5.4.0_30057195_30231699
022b558d-28bd-4fdc-bfde-3b6d52b07ed2,Alvin Setiawan,https://play-lh.googleusercontent.com/a-/ALV-UjXg4F0oyp2yPUgOGkatYZHdxmtgbzKoOaqFkcwbLJFfzKfJrjQL,Bermain kembali setelah sekian lama vakum,4,0,5.4.0_30057195_30231699,2025-03-07 11:53:19,,,5.4.0_30057195_30231699
dab1660c-7bc8-4a67-8259-16555a6a30c4,Api Koko,https://play-lh.googleusercontent.com/a-/ALV-UjX-AHcEMFhBkcae6HaHD4Odz9IMSWH4AGZo33dQew3RRP4goR4,I love it 😍,5,0,,2025-03-07 11:42:34,,,
b7827416-fe37-44e7-a8a1-bebaf95e4513,alvino alfarizqi,https://play-lh.googleusercontent.com/a-/ALV-UjUYV0y-WlOnqDdmfUYygzpEvu9FAADZ3RJFzmxSaKwvFh-qVC1K,kurang 1 g bsa modif armor,5,0,,2025-03-07 10:53:25,,,
7d3338d2-77cb-4d60-b6bc-e489c121b754,Mantri Glory,https://play-lh.googleusercontent.com/a/ACg8ocLoen3RVRAHPDCvY9g7kLLgV3WMZrIkgU8icN5xAA3Ui4D2bg=mo,"Awalnya bingung sih. Tapi banyak hal yang bisa di jelajahi. Saya belum bermain lama. Tapi sejauh ini, ceritanya menarik.",5,0,5.4.0_30057195_30231699,2025-03-07 10:51:32,,,5.4.0_30057195_30231699
2b8f5b22-8aaf-43b4-a936-6ed131dc3b78,Angga Nation,https://play-lh.googleusercontent.com/a/ACg8ocIa81wpBB6bGnPpzu0HP1VDCDTCI9zzBSRohQDVu3mK5IHx568=mo,Keren,4,0,5.4.0_30057195_30231699,2025-03-07 10:29:32,,,5.4.0_30057195_30231699
8421d30b-6edd-45fe-a9c6-087160f246e9,Yatogami Tohka.,https://play-lh.googleusercontent.com/a-/ALV-UjXi3TKxBhxTeIrVylG8mJo06ikzRf3oTCp_qxy_yk09GCOjxjwi,Damn.... Why can't I download Genshin Impact on my Infinix phone?,4,0,5.2.0_28336591_28351161,2025-03-07 10:10:40,,,5.2.0_28336591_28351161
f57cfd30-0ede-4344-8d04-605e90b7f7d0,Eko Santoso,https://play-lh.googleusercontent.com/a-/ALV-UjWDxt7kCM1ou6aJ_mfiPawej5rqsOaKXjOkeLPfxlSnscfnM2gi,good game,5,0,,2025-03-07 09:48:24,,,
7badb285-226e-4ef6-b5d8-0bc6710621cb,Andi Darma,https://play-lh.googleusercontent.com/a-/ALV-UjXD9MLOduFnrgPUE7nKKTAdT2fgbnzj6OHRy2ukDNGka5bkDYET,Goood banget pertama kali nyoba,5,0,5.4.0_30057195_30231699,2025-03-07 09:20:34,,,5.4.0_30057195_30231699
d6a6eed5-03eb-456c-92d1-5a858f3e3445,M Syauqi,https://play-lh.googleusercontent.com/a/ACg8ocJczILAc-BcOxtZH9AJ8ldOJNHkU8d9GXbe4AoVY2kKw55FgQ=mo,GENSHIN IMPACT! Tolong dikasih bansos yang banyak yak luv luv buat game ini cuma kurang dari segi bansos aja buat pemula sangat susah naikin adventure level dan upgrade hero THANK YOU GENSHIN ❤❤,5,0,5.4.0_30057195_30231699,2025-03-07 07:11:07,,,5.4.0_30057195_30231699
8d4896c8-7d60-4a5e-abc9-068cd6c10997,ahmad rizqi,https://play-lh.googleusercontent.com/a/ACg8ocIov1DgEbrhR_UsP_T6cI_ywwQXhD-Cx3MEcLLwebSeu_Fzsw=mo,Hapus sistem rate off di game ini,1,0,5.4.0_30057195_30231699,2025-03-07 05:59:17,"Terima kasih atas dukungan Traveler terhadap Genshin Impact. Kami menerima secara terbuka semua masukan/umpan balik dari kalian. Jika Traveler memiliki saran atau masukan, jangan ragu untuk menghubungi kami melalui feedback in-game atau email.",2025-03-07 14:54:35,5.4.0_30057195_30231699
9ac1c33a-507b-4c31-8eb3-4a582dbf760e,Dwika Maliki Abimanyu,https://play-lh.googleusercontent.com/a/ACg8ocJoGO_MCIBv0VHcM7UfeYKert6BaUuoRDoJ6JoP4_0U09qCXw=mo,"game apa ini dawg ukurannya hanya 301 mb, kecil sekali",4,0,,2025-03-07 05:43:46,,,
595078f0-bccb-48f3-b8cf-4416fb8c8886,Uchiha Obito,https://play-lh.googleusercontent.com/a/ACg8ocKyC9Iw5MeEgdzbTFwXPA-rt-EUdDtJEx6dzDqw3tEiJ2QYvA=mo,Bagus dan seru,5,0,5.4.0_30057195_30231699,2025-03-07 03:53:35,,,5.4.0_30057195_30231699
d79121ea-b434-4d3a-a5da-379520051972,Dandi Saputra,https://play-lh.googleusercontent.com/a/ACg8ocLC7-zuG_JH02OI1onrNji5mg0ECyRE3EU2Rxst3AMoq--vIQ=mo,"Udah lama ga main, cobain lagi semoga ga bug suara lagi hpku. Tim dev genshin ada solusi ga buat bug suara di hp oppo A78 4G",4,0,,2025-03-07 03:12:41,,,
5e7db8b5-54b0-4ae9-a6cd-53ae58c16a69,Riksen Lori,https://play-lh.googleusercontent.com/a-/ALV-UjUXPQTKz4MOW58u-VjpBLcMK1_w0z6PGCJG-IJlyB_a2QM2rCUj,nostalgic,5,0,5.4.0_30057195_30231699,2025-03-07 02:56:33,,,5.4.0_30057195_30231699
2faf6815-b024-4e5b-aff0-1d66148369c1,Shi Pay,https://play-lh.googleusercontent.com/a/ACg8ocJpKGPb1Vl3lDxHKH9zp_8ii5g8Vlo9M0qN9ONdlcRaLXtu=mo,Mantap,5,0,5.4.0_30057195_30231699,2025-03-07 02:26:29,,,5.4.0_30057195_30231699
643132c0-b781-4a20-afb5-bea84bb7bf94,ahmad nasoha,https://play-lh.googleusercontent.com/a-/ALV-UjWC2CGu_uH8f7k-NigXleiCzft6dyP1uJnxFB8tqhae0aReB-o,"GAME NGANTUK, BIKIN BERANTEM AMA TOKYOO, DASAR GAME ADU DOMBAA",1,0,5.4.0_30057195_30231699,2025-03-07 00:58:56,"Kami mohon maaf atas ketidaknyamanan yang Anda alami, Traveler. Kalau Anda memiliki masukan atau saran, silakan hubungi kami melalui email atau feedback in-game.",2025-03-07 14:53:13,5.4.0_30057195_30231699
8ec98eb5-c6be-4188-b8e6-6facc3adb5ff,revano,https://play-lh.googleusercontent.com/a/ACg8ocLhh852phDOXFdeMgMSe0x-8Tsw0pTzPUsehPEETmOgnFZblQ=mo,Best sih tapi hp ku kentang 🥔🗿🗿🗿🗿🗿🗿🗿🗿🗿🗿🗿🗿,5,0,,2025-03-07 00:38:31,,,
6a860065-28cb-434b-82ff-5019458c866c,Sya Frina,https://play-lh.googleusercontent.com/a-/ALV-UjU8eI3SvLfZy44ozXzfvhR7Y_c4SJ-swsmowMLsX0b3H_lg-fY,"Overall bgus si, alur critanya menarik, grafiknya keren, design karakternya juga keren² banget, 9.5/10. Tapi itu cuman sampe region Fontaine doang. Kalau region Natlan, menurut ku kurang, entah kenapa pas udah nyampe situ ketertarikan ku ke Genshin Impact menurun, mungkin karena alur ceritanya yang membosankan? Sejauh ini hanya Mondo - Fontaine saja yang design, alur ceritanya yang bagus dan menantang.",4,0,4.4.0_20481013_20559831,2025-03-07 00:33:47,,,4.4.0_20481013_20559831
d97cc987-751d-4b50-8076-a279b1865409,muhammad fahrizal,https://play-lh.googleusercontent.com/a-/ALV-UjUKtktCtEkAEV6XAdMh059awn2twN1qzf8XSbO1BWDeNlrxEUA,mantappp meeenn,5,0,5.4.0_30057195_30231699,2025-03-06 23:40:52,,,5.4.0_30057195_30231699
ea6c8e21-9a95-425b-bf8c-d8601fe78491,ghera satya bahari,https://play-lh.googleusercontent.com/a-/ALV-UjWYRk9odfuYlao9hvPiAqliCIEImqmqZRZknN3pBjrMy4CCmtx8,bro from 2021 until 2025 still cant play with controler? come on why is it so hard bro????,3,0,,2025-03-06 23:04:09,,,
e68470c1-a456-4c09-ba19-dabc245c2634,Saipul Galal,https://play-lh.googleusercontent.com/a/ACg8ocKsH73EOj0HC3dDefsokUVfAuu8XsgiHXrultWGFxWUcbQTwQ=mo,Jujur saya sangat suka dengan grafic dan gameplay cuma saya ingin sebuah fitur yang bisa mengirimkan talenta ataupun artefak agar bisa membantu player lain yang ingin karakternya cepat jadi. Sekian dari saya terimakasih,5,1,5.4.0_30057195_30231699,2025-03-06 23:03:21,,,5.4.0_30057195_30231699
b04c1a0c-e808-4b59-a154-e21f8a85e871,האיש היפה,https://play-lh.googleusercontent.com/a-/ALV-UjWd7WospUdAxIqD2y8EYTlUAkJ4-033xWQYYeJk9B9K0iGbGS2q,Game bakhil. Sebanyak itu karakter dapatinnya harus lewat banner dan gachanya pelit banget wkwk. Menang story doang sih menurut gua.,1,0,,2025-03-06 22:37:15,"Kami mohon maaf atas ketidaknyamanan yang Anda alami, Traveler. Kalau Anda memiliki masukan atau saran, silakan hubungi kami melalui email atau feedback in-game.",2025-03-07 14:51:05,
5dba3bb5-04d3-40b4-9010-c0578c566073,Alya Shafira,https://play-lh.googleusercontent.com/a-/ALV-UjW58_V9-I8SevZvBcdAiAi9VE1HVb0mDh7pf3yJFhBBZPgHpCOL,"Behh epic bet gamenya btw lagi nunggu rerun banner Alhaitham nih, terus sama story dan archon questnya muantap banget",5,0,5.4.0_30057195_30231699,2025-03-06 22:01:20,,,5.4.0_30057195_30231699
aea70c28-34ef-4ed4-8a2a-9bb39adc1cb7,Revan Reyvangga Febri S.,https://play-lh.googleusercontent.com/a-/ALV-UjUhgPFWKor7nadB36hVzKHiAwRUtR-MlSt11RU7FJug1JpO1o8g,#GENSHINGAME4NO. kalau dpt wriothesley baru ku bintang 5,1,0,,2025-03-06 21:44:33,"Halo, Traveler! Traveler dapat melihat aturan sistem Wish di bagian [Rincian] pada halaman Wish. Jika kamu memiliki pertanyaan tentang perincian dari aturan tersebut, silakan hubungi tim Layanan Customer Support kami melalui feedback in-game atau melalui email.",2025-03-07 14:49:35,
4030b86f-98d7-4439-904a-200eb590160c,Zezy Kayy,https://play-lh.googleusercontent.com/a/ACg8ocIgqunH5DXwSj_hbu4dMcJfkFdsfsdhmkcGFJyh1uQaIKfQ=mo,Good,5,0,5.4.0_30057195_30231699,2025-03-06 19:36:06,,,5.4.0_30057195_30231699
8a566dba-c2ca-4b53-999c-67b217978bf7,Alif Huhuy,https://play-lh.googleusercontent.com/a/ACg8ocJoaQRKlGwjIuVSMlDLiFS0HX5D44ojp8RfdPqeHR-glGTRsA=mo,baguss,5,0,,2025-03-06 19:21:40,,,
3f65278c-51d7-4838-87e3-019d2029c00d,Kelvin Saputra,https://play-lh.googleusercontent.com/a-/ALV-UjXFsSM1rTjaCmBNYVAp9YNfW3kIP7F355eCeZiUv2SDH29oH5ut,Gk pernah hoki kalok gacha 😭,3,0,5.4.0_30057195_30231699,2025-03-06 17:33:52,,,5.4.0_30057195_30231699
0f45ecce-25a7-495e-9720-71d20cd83f15,Ntse GT,https://play-lh.googleusercontent.com/a-/ALV-UjU57raq3uV06Y4WaVVkN_iUNz7ZrKs2Dtb53FL55FvHN79JTDUi,Sangat seru dan menyenangkan,5,0,5.4.0_30057195_30231699,2025-03-06 15:12:15,,,5.4.0_30057195_30231699
94c41cf6-a3de-47f2-87db-c6aefef88c08,Ryu Kobayasi,https://play-lh.googleusercontent.com/a/ACg8ocJ3M4mivJPJxEr3rakPbGNgbQF0i0TyCJEZ4-OSK_CQPpLVMg=mo,"udh panik banget hari ini karna gak bisa login ke genshin takut bug nya ga bisa ilang terus harus buat akun lagi , utung bisa ilang bug nya , Panik bangt pls takot gak bisa main genshin lagi😞",5,0,,2025-03-06 14:58:48,,,
44a9a64e-5d53-4830-804d-eebe3a2bcf9a,All Aldi saput,https://play-lh.googleusercontent.com/a/ACg8ocKPKYN2qjTcDv7Bg1FfuOZGAJOD30DmHafeyCEzlmCXXS5uoB0=mo,"I love yae Miko but,my phone can't play this game😔 But,I still love yae Miko🤍",5,0,,2025-03-06 14:14:18,,,
b2d35321-b7cb-4831-9699-003894f97f49,Aqsa Khadafi,https://play-lh.googleusercontent.com/a-/ALV-UjXDROvejeNr3ALj4Kl1CtqP7dmwzJ_vZpPfK1H8gq7sWXCmd8PK,Game nya bagus download dalam 2 hari,5,0,,2025-03-06 13:39:22,,,
3e922a4c-d9b4-4e91-9859-4195b3ff50d7,_ “‪Privot‬” _,https://play-lh.googleusercontent.com/a/ACg8ocKUrzDCSs_Euc5wOa68zuxwtNBySWSV_T7SI48g_jLafR3ccw=mo,"If you have a problem with your account, whether it's been hacked or lost, just let it go, hahaha, the CS is bad.",1,0,5.4.0_30057195_30231699,2025-03-06 13:38:38,"We sincerely apologize for your unsatisfactory experience, Traveler. Please contact our Customer Service team via email for specific help with this issue.",2025-03-06 14:54:18,5.4.0_30057195_30231699
cf52356e-eafe-495c-b3f7-95ae4da69822,Hanna Salvia,https://play-lh.googleusercontent.com/a-/ALV-UjWv8-mAnMNLTsjeP8bZJUq3Ye6l0uKMaOU16mUpEZ3Bmko5yUU,saya minta maaf harus beri rating 3 dulu,3,0,5.1.0_27118081_27297621,2025-03-06 13:12:45,,,5.1.0_27118081_27297621
c85ef70d-aaae-4f17-bb66-fe9b5b9f2fb4,reghan lope asanagi,https://play-lh.googleusercontent.com/a-/ALV-UjUSU2vNxXsDFuV6iewnKl7GeZIg8itUbva91KqvRG9fJrpF7cJb,"wth with ""your account has encountered risk""?!?!",1,0,,2025-03-06 12:53:22,"We sincerely apologize for your unsatisfactory experience, Traveler. Please contact our Customer Service team via email for specific help with this issue.",2025-03-06 14:53:00,
545b046f-116f-40f0-8675-416aa2a96fe0,Kalyca Jayhan,https://play-lh.googleusercontent.com/a-/ALV-UjXduWD16UdR644dyVEIyENIZlAxYsMvVZIqoO_ztz-9dN_G63Q,"Tolong lah ya genshin jangan bnykin character fans service dong, org jadi bilang aether harem lah hih",3,0,,2025-03-06 12:08:59,,,
6f097c06-ef13-4237-a3bf-105769622290,Ginanjar kusuma,https://play-lh.googleusercontent.com/a/ACg8ocJ6ZWxJngU9TjD3Af6b3CTzwJFtomBBcUwOWOAAnyDteUD8hw=mo,Good game,5,0,5.4.0_30057195_30231699,2025-03-06 12:06:45,,,5.4.0_30057195_30231699
1860053c-7e79-434e-9ba2-1b1d555ab022,Rian hafiz,https://play-lh.googleusercontent.com/a/ACg8ocILTCoxQUEWMPs9Pti4nVUGVyudUZWqFyhpCMTVoYi9vmXIK3E=mo,"yang bikin g asik itu saat ngumpulin primogame, udh ngumoulinnya susah, trus saat gaca banner yg ada bkm tetu dapet, 160permata/1 bola. sitiap banner 90 bola,, bluk tntu B5 itu yg kita dapet. gila game pelit sedunia.. nguli aja kerjaan, game jualan ini mah berkedok gratisan. gila2..",1,0,,2025-03-06 12:00:10,"Halo, Traveler! Traveler dapat melihat aturan sistem Wish di bagian [Rincian] pada halaman Wish. Jika kamu memiliki pertanyaan tentang perincian dari aturan tersebut, silakan hubungi tim Layanan Customer Support kami melalui feedback in-game atau melalui email.",2025-03-06 14:52:26,
3253c2ff-704c-4bd1-8c0d-a998ee9e5400,Wahyu Nofara,https://play-lh.googleusercontent.com/a-/ALV-UjWIDXp8CqTANbSOAE4rcTcJKrEdRjaRO1oHSNDGxONShZX90sg,Game of the years,5,0,5.4.0_30057195_30231699,2025-03-06 11:53:42,,,5.4.0_30057195_30231699
b6457030-eed5-4df3-a874-93922ab0522b,LAUNA AINUN ADITYA22,https://play-lh.googleusercontent.com/a-/ALV-UjV9oPQW3D_jICGfJSlc2Kcef4zesLqxTl6EBLpe2nlVkmzWPVJx,Luar biasa,5,0,5.4.0_30057195_30231699,2025-03-06 11:48:31,,,5.4.0_30057195_30231699
c6bedd1e-106a-4126-8b4a-76d56da6a90b,Mas Yanto YT,https://play-lh.googleusercontent.com/a-/ALV-UjWwMWZjNns0RkNsxW9-BnmBPvmeibkcmpAk3P068qQCTvQye8rb,P2W hoki giliran F2P ampas mulu,1,0,1.2.0_1565149_1627898,2025-03-06 11:40:41,"Halo, Traveler! Traveler dapat melihat aturan sistem Wish di bagian [Rincian] pada halaman Wish. Jika kamu memiliki pertanyaan tentang perincian dari aturan tersebut, silakan hubungi tim Layanan Customer Support kami melalui feedback in-game atau melalui email.",2025-03-06 14:52:40,1.2.0_1565149_1627898
e3eba8c7-ad78-4f27-8dd2-3aef5ef39c58,Razor Pratama,https://play-lh.googleusercontent.com/a-/ALV-UjVky1ksCRmIZxer8n28E39oycl-9FtcZTIdkIia3ek5qjsnv-8,Karena harus donlowad data 30 giga,1,1,,2025-03-06 10:56:29,"Halo Traveler,
Terima kasih atas support anda pada Genshin Impact!
Untuk mengurangi jumlah size data game, anda direkomendarikan untuk menghapus data Voice-line dan data Quest lama yang bisa dilakukan melalui setting in-game. Jika anda mengalami permasalahan lain atau ingin menyampaikan feedback, jangan sungkan untuk menghubungi tim customer sup...",2025-03-06 14:52:18,
369841de-33ca-45d0-9aff-236f7af10d5e,Edward Kenway,https://play-lh.googleusercontent.com/a/ACg8ocKWWWry6uUTsayw5wyuj70j2fpRB5VOlpSs449j1vUi4Jgf8w=mo,game terjelek yang ku pernah main loading nya sampe 5 JAM abis kuota gw ama batre gw sampe pinjam uang gara gara nih game gw jadi gak bisa bayar listrik air spam kata loading kata nya update trs pembukaan trs malah update lagi gitu trs sampe 5 jam sangat dahsyat tidak di rekomendasi mending main lost saga aja,1,5,5.4.0_30057195_30231699,2025-03-06 10:52:30,"Halo Traveler! Mohon kunjungi website official Genshin Impact untuk mendapatkan informasi sistem perangkat yang diperlukan untuk mendapatkan pengalaman bermain yang stabil dan lancar. Selain itu, untuk menemukan sumber permasalahan ini, mohon hubungi tim CS kami melalui feedback dalam game atau email.",2025-03-06 14:51:19,5.4.0_30057195_30231699
192b878b-37b3-48de-a2e5-f9d023ccf226,Apri Yadi,https://play-lh.googleusercontent.com/a/ACg8ocLaVf4fJpM1uii7390UAJ3t4TWnB8St00d8dJ2x5cva27hiFyU=mo,jelek bgt,5,0,4.4.0_20481013_20559831,2025-03-06 09:50:09,,,4.4.0_20481013_20559831
21066fdd-c5ed-4c44-9094-b397e7fc5c5a,Tino Rachman,https://play-lh.googleusercontent.com/a-/ALV-UjVKoH1RQ8-hl4goi56PuSkKrc-FWtHT6jdZoDTcB6dnBUe3pZIF,Alur cerita dan grafis sangat bagus tapi gacha karakternya sangat susah buat dapetin karakter yang kita mau,3,0,,2025-03-06 09:13:45,,,
b0e3ce75-2540-44b3-8e54-8b89fd51bf66,Reiko Hachiro,https://play-lh.googleusercontent.com/a-/ALV-UjXmGQ3-JV8-rw5_eEk8LWf-yl-Ztk7y1oa0i0guKlPuo1d0MLk,i love it;),5,0,,2025-03-06 08:57:30,,,
89156b64-01e1-46d1-bb2d-87a772640542,Voltric Tempest,https://play-lh.googleusercontent.com/a-/ALV-UjWkEYNg9jE8e5Yd_G5R9gZKQmtW-9Yyzj-jGA6_7AePKV9KASmz,Bagus,5,0,5.4.0_30057195_30231699,2025-03-06 07:59:49,,,5.4.0_30057195_30231699
29ba195b-8e7b-4c61-b896-a7e2e6a3216a,Novan riski Pratama,https://play-lh.googleusercontent.com/a/ACg8ocLFk1zRPE4uHzwjO_Wp3pYVcwesJsYW_yCIGrwmRt8Bp2K5Yg=mo,Wah game nya sangat bagus 😎,5,1,5.4.0_30057195_30231699,2025-03-06 06:50:11,,,5.4.0_30057195_30231699
eed2ec3a-5fa3-499d-bf5a-fa1feefa2abf,Seldiansyah Seldi,https://play-lh.googleusercontent.com/a/ACg8ocLlGn4dMHZkdZyuGrzh8xfNebiEXZByVfe86kxplVg7L7camWU=mo,GAME KIKIR,1,0,5.4.0_30057195_30231699,2025-03-06 06:26:13,"Kami mohon maaf atas ketidaknyamanan yang Anda alami, Traveler. Kalau Anda memiliki masukan atau saran, silakan hubungi kami melalui email atau feedback in-game.",2025-03-06 14:50:41,5.4.0_30057195_30231699
678a8aa7-b7c9-42db-9226-8036a8fbb6de,Vlecrata Cyu,https://play-lh.googleusercontent.com/a-/ALV-UjVGVdVbSZOsIq6uXW3ZKR2FweeXNTEbFJbhS5L3v44HYtWAEqea,"Dialog qeustnya kepanjangan, ngabisin 10 - 15 menit baca baca dialog, main gameplay yang g sampe 5 menit, trus dialoooooog lagi, apalah. Klo kaya gitu malah ngebosenin 😐",3,0,3.6.0_13833164_13951843,2025-03-06 03:48:44,,,3.6.0_13833164_13951843
39ba5b1e-de04-44db-90fc-e92576dbe6ed,Muhammad Aldi,https://play-lh.googleusercontent.com/a-/ALV-UjUYZMIcxpFDPK6oGvbW4CMK2NiGruIfpwAUhVPe08rck14sP-pe,"Dulu have fun aja main game ini,dan sekarang sudah dewasa jadi ga punya waktu untuk jalanin storynya,bisa ngga di singkataja storynya atau bisa di skip,cape tauk dengar paimon bacot terus",2,2,1.4.1_2154667_2147343,2025-03-06 03:45:21,,,1.4.1_2154667_2147343
36c76996-6696-427e-a746-4c0cc246672b,Andrean Pratama,https://play-lh.googleusercontent.com/a/ACg8ocIvIswDuW-q1IMoMz1Ii3CcZzoRxHUPwMIIi1NXKQA9CuO5Fw=mo,good kalo bisa berikan primo lebih banyak lagi,5,0,5.4.0_30057195_30231699,2025-03-06 03:39:13,,,5.4.0_30057195_30231699
83a106db-f539-4e81-9e16-6e478ba3acaa,Elia yusa Da floja,https://play-lh.googleusercontent.com/a-/ALV-UjUfQzl8ahpF2MhLnl5c0e0V6fTG9FPC6MAzLc9yIjD10NINc2Hw,"Game nya bagus, hanya grafiknya kalau bisa stabil di 60, fps",5,1,5.4.0_30057195_30231699,2025-03-06 03:24:29,,,5.4.0_30057195_30231699
2d9fe505-bcd4-4d37-b701-70b3d6310abf,Rizky Tasrif,https://play-lh.googleusercontent.com/a/ACg8ocLxd9L5ROwixS3lkU62LFb-0hBIdgvF7a_ChXZE2ODp-BkewQ=mo,Tolong banget kurangin percakapan Tap Tap enggak jelas.,3,0,5.4.0_30057195_30231699,2025-03-06 03:15:58,,,5.4.0_30057195_30231699
f9d64e8e-d93e-4a4a-8ae7-9997edc81dc9,"I,am fine",https://play-lh.googleusercontent.com/a/ACg8ocLW1UNFBuvTTmfSTa6IESqEq1VdVP9S_qgA_4QjIDneG37YFQ=mo,Grafik bagus,5,0,5.4.0_30057195_30231699,2025-03-06 02:21:10,,,5.4.0_30057195_30231699
c0080123-1f73-4817-af6e-b34c55602895,いかえる,https://play-lh.googleusercontent.com/a-/ALV-UjUE_sMl6MDkKjoJ8kbB0K39In-W0E0rsBZReRAY8wjrH1fMS-c,bro anda harus menambahkan fitur hapus chat di genshin,5,0,,2025-03-06 01:38:11,,,
fb25d7df-3f6b-4ea7-87dd-f4f2ce0b3c05,Abdul Halim,https://play-lh.googleusercontent.com/a-/ALV-UjWGh6RiywotvJwuAOxsoGOArW-jiAeihH1J8fOOsGpFUDvDCXU,Tolong hapus pity on/off dong :' capek ngumpulin promogem :',5,0,,2025-03-06 01:21:57,,,
04b0d01b-7abb-4293-aa39-92c03811d67e,Ridho Rabby Fauzi,https://play-lh.googleusercontent.com/a-/ALV-UjXLnzR1bEmqG4mtZILyL9QFjRwPxTJJGzWqksQBajkgqNxrhIE6,"udh kikir, ngasi high pity terus ke org"" duh bikin males main",1,0,5.4.0_30057195_30231699,2025-03-06 00:26:35,"Halo, Traveler! Traveler dapat melihat aturan sistem Wish di bagian [Rincian] pada halaman Wish. Jika kamu memiliki pertanyaan tentang perincian dari aturan tersebut, silakan hubungi tim Layanan Customer Support kami melalui feedback in-game atau melalui email.",2025-03-06 14:51:36,5.4.0_30057195_30231699
32baefb5-a253-4cf7-9376-330fb18e0a2d,Dirza rizki,https://play-lh.googleusercontent.com/a-/ALV-UjVurErm4zT592fLXuaBK3WQHTtpjJvGAO43MBb4Nxf1Spgl4xd0,Nih ku kasih bintang 5 itung itung sedekah,5,2,5.4.0_30057195_30231699,2025-03-05 23:41:24,,,5.4.0_30057195_30231699
f3094919-0295-46d2-a1bc-d329003c8065,Fadli Arifin,https://play-lh.googleusercontent.com/a/ACg8ocL3ST7JKD0wX7LHVs53UhLo9fzQeiLqZjKAFNN-G3VH6Y2InQ=mo,Seru bgt,5,0,,2025-03-05 23:24:36,,,
c5cdac71-35ac-4777-8782-768f6096f1a9,Naee Hw,https://play-lh.googleusercontent.com/a/ACg8ocJbet8haXpVGALxMmMtX6EbzLQptiXLNySwChXyaNrQcvdTOA=mo,Bagus,5,0,,2025-03-05 23:09:16,,,
1534688d-b013-460d-b61d-ed50723e8c14,WiNyaaw,https://play-lh.googleusercontent.com/a-/ALV-UjV9djp1VQNIzVlhcjjvN-_YzyAcHpfqAXZlJ-akAmKgSSpfHcg,Gachanya msih kikir,1,0,5.4.0_30057195_30231699,2025-03-05 22:30:04,,,5.4.0_30057195_30231699
24c525b2-f957-4856-8c99-e6463a67e291,Angela Keyren,https://play-lh.googleusercontent.com/a-/ALV-UjXOWt-Wlpe3M1JUg3WOudDakbNGDjnFs4rDuhKCIYSYT5ZQ-VDv,"Game nya si menurut saya bagus,tapi pas login itu loginnya lama bangetttttt dan belum coba game nya sama sekaliiii",2,0,,2025-03-05 21:29:24,,,
302dbc94-4d35-4872-81b0-6226532b543b,Rahmat Zaky,https://play-lh.googleusercontent.com/a-/ALV-UjWFOyK1A4gUsrIVGIZntP9KGDvGcTJfWskIZvXvX4JvOiuSYmE,kurang nyaman jadi pensi,1,0,,2025-03-05 21:24:03,"Kami mohon maaf atas ketidaknyamanan yang Anda alami, Traveler. Kalau Anda memiliki masukan atau saran, silakan hubungi kami melalui email atau feedback in-game.",2025-03-06 14:53:17,
0a1499dc-0556-42cb-a5c5-f54ffb0f6732,Kibailham,https://play-lh.googleusercontent.com/a-/ALV-UjUtQ0Ta5xCrO-QsUBGceVk4n_I239pJci8DLIl-BNq3cQ6rzb93,"game nya sangat bagus,aku pikir game ini memang overrated ternyata setelah di coba memang sebagus itu,hanya saja mohon sediakan fitur skip dialog/cutscene di side quest",4,0,5.4.0_30057195_30231699,2025-03-05 20:30:47,,,5.4.0_30057195_30231699
4273d5c4-b0ff-45cc-8798-a5dbb08c69f9,Zivana Az zahra,https://play-lh.googleusercontent.com/a-/ALV-UjVOegX8zcsRKqFgOsg8u0eK9DlZUCmiMoVOuOHronVAMnFLJrGO,asik bet,5,0,,2025-03-05 19:36:01,,,
66b20fd6-8273-4db7-893d-159eb635bb1d,Suami Furina,https://play-lh.googleusercontent.com/a-/ALV-UjV6Rl29Rpsi_6AEWd-7Sh_E7Lo8XhoAzyJZe7XlUaDEaehEtUpP,Dialog yang membosankan menitik beratkan pada dialog yang tidak perlu di kuakan yang membuat gameplay sangat membosankan,1,0,,2025-03-05 19:25:10,"Kami mohon maaf atas permasalahan ini, Traveler. Silakan hubungi kami melalui email atau feedback in-game untuk mendapatkan bantuan lebih lanjut tentang masalah ini.",2025-03-06 14:49:03,
81ce35b3-205a-4c62-9ae9-7e82385dff4d,Andandz,https://play-lh.googleusercontent.com/a-/ALV-UjVqyAtqAn6bW5aoah5QdCQrkCnIGA45gazggL1wxOsZYKaGPjU,"Ngirim kode Verifikasi aja lama banget lu ya, mana kalo udh ngirim ada tanda expired. Mau lu apa sih hah. Benerin dah tu kata gua mah",1,0,,2025-03-05 19:02:04,Mohon maaf sebesar-besarnya atas terganggunya pengalaman bermain Traveler. Silakan hubungi Layanan Pelanggan kami melalui email untuk mendapatkan bantuan terperinci mengenai masalah ini.,2025-03-06 14:48:38,
b76f6f83-f9b8-49f7-8307-2411d9ba5e17,Aria Saputra,https://play-lh.googleusercontent.com/a-/ALV-UjVGPgXEdxVWBVNc6ZzZ16jLJObc9xavyLscYlPctgullhBH-iY,Bagus,5,1,4.2.0_18831865_18963989,2025-03-05 18:55:52,"Halo, Traveler! Terima kasih atas dukungan Traveler untuk Genshin Impact. Demi menemukan penyebab masalah yang terjadi, Traveler diminta untuk mengirimkan masukan tentang informasi yang terkait kepada tim Layanan Pelanggan kami melalui email. Kami akan memberikan jawaban yang terperinci untuk Traveler.",2022-08-10 16:10:32,4.2.0_18831865_18963989
2f373893-6cb3-460b-a195-1e088f8c34df,Hutaoo,https://play-lh.googleusercontent.com/a-/ALV-UjUko28rJ2f_Vo1RoLR5oSyjZDKEiCU_OYSWtS6iY6SsbFzKTV6V,"Seruu tapi kasi Primonya banyakin dikit dong,",5,0,5.4.0_30057195_30231699,2025-03-05 18:51:15,,,5.4.0_30057195_30231699
8f7699e2-6049-4a80-8024-81adcb831c27,Ira Susanti,https://play-lh.googleusercontent.com/a/ACg8ocKgiUjqZEALigENCMDd5Yh6Mub6-nXgW3hpq3A8wtb_g5tK0w=mo,"Saya sudah bermain 1 minggu lebih, tidak ada masalah sama sekali tentang genshin ini. Tapi hari ini, tiba tiba saat mau login genshin nya tidak bisa dibuka padahal baru kemarin malam saya bermain tidak ada masalah seperti ini. sudah saya cari cara memperbaikinya dari beberapa sumber tapi hasilnya nihil, sampai saya re-download pun sama seperti sebelumnya. Akhirnya terpaksa saya hapus padahal sudah jauh AR nya...",1,0,,2025-03-05 18:13:10,Mohon maaf sebesar-besarnya atas terganggunya pengalaman bermain Traveler. Silakan hubungi Layanan Pelanggan kami melalui email untuk mendapatkan bantuan terperinci mengenai masalah ini.,2025-03-06 14:50:22,
a409fb2a-29ae-4e9e-9f45-f3084b602856,Fikri nakhla zaidan,https://play-lh.googleusercontent.com/a/ACg8ocJlegmo62lvGwJ3XJlm0e1MTdCq_uKJNArXPPG4fCWDBBJjkA=mo,Sangat bagus dan ada waifu gw hehehhe,5,0,5.4.0_30057195_30231699,2025-03-05 17:38:19,,,5.4.0_30057195_30231699
9c2e8bf6-95ee-461f-b47c-5456ff2826ba,Angel Fire,https://play-lh.googleusercontent.com/a/ACg8ocLgbRSV_LRz9UWCgjqLx6b9vdC5eA65fP-R6Ujf4urqDKrt0w=mo,Grafiknya bagus dan relistis,5,0,,2025-03-05 16:59:05,,,
76f0d527-6f97-494c-b194-6b16b8f75b04,NAWIR TOHA,https://play-lh.googleusercontent.com/a/ACg8ocJOItXs3pmGsZM5ODt53Govy5koG__5wZxGBy4nrypvU_Fcag=mo,bagus,5,0,,2025-03-05 16:32:50,,,
5e31e17e-2a5e-4375-9af7-498fe60158f0,Tasya Alyza,https://play-lh.googleusercontent.com/a-/ALV-UjUUqTB674gCQBDOxt_Dq8NV6Qy5sP9PKaNjMxestPmuHhJFxoc,"Kalo kita udh nabung pity minimal dikasih b5 lah, masa dikasih ampas mulu kikirla",1,0,,2025-03-05 16:24:45,"Halo, Traveler! Traveler dapat melihat aturan sistem Wish di bagian [Rincian] pada halaman Wish. Jika kamu memiliki pertanyaan tentang perincian dari aturan tersebut, silakan hubungi tim Layanan Customer Support kami melalui feedback in-game atau melalui email.",2025-03-06 14:48:17,
7cd9aedc-198c-4ccb-9057-ff878fb3d436,Sri Wahyuni,https://play-lh.googleusercontent.com/a/ACg8ocID5kip7VaAocjiyt7PhgOvbUGW7qf8EvBr82DiZH6tjRrS1g=mo,Gamenya bagus cuman tolong lah saat mengunduh data yanga ada dalam game tolong percepat untuk mengunduhnya aja butuh Berjam jam mana sekali putus jaringannya harus mengunduh ulang jadi untuk pihak game genshin impact tolong perbaiki ini menyangkut pengalaman bermain semoga di jawab,3,0,,2025-03-05 15:26:09,,,
07d19ed2-6d52-4006-96e0-473f9d4a5296,Nanda Ekoputra,https://play-lh.googleusercontent.com/a-/ALV-UjUYdxD0XI7Qnw90aZuuDyP_2hYYMMExHYHFdr6RHmPYEmkIJ4BZ,Game dialog,1,0,,2025-03-05 15:09:52,"Terima kasih atas dukungan Traveler terhadap Genshin Impact. Kami menerima secara terbuka semua masukan/umpan balik dari kalian. Jika Traveler memiliki saran atau masukan, jangan ragu untuk menghubungi kami melalui feedback in-game atau email.",2025-03-05 16:52:36,
b728130c-3d07-42cf-bca5-70f0e749ed77,Muhammad Diwani,https://play-lh.googleusercontent.com/a-/ALV-UjW-N7phOx9MGNmbf5RM3N3eust0vXcgqfuIgmvC4e3gGuOychk,Masak lama gk main karakter karakter gua pada banyak yg hilang nunggu download aja lama bikin penuh aja ruang penyimpanan sumpah,1,0,5.4.0_30057195_30231699,2025-03-05 15:03:49,Mohon maaf sebesar-besarnya atas terganggunya pengalaman bermain Traveler. Silakan hubungi Layanan Pelanggan kami melalui email untuk mendapatkan bantuan terperinci mengenai masalah ini.,2025-03-05 16:52:22,5.4.0_30057195_30231699
f91c3f36-9db6-4663-b556-32c85c8e910d,Rahmat Yy,https://play-lh.googleusercontent.com/a/ACg8ocKy2AUdS1c32K3LnIqTEJPPglI85cKWHzb3eH60EJHasYYy7g=mo,Tidak ada fitur skip dialog,3,0,,2025-03-05 14:23:01,,,
2df25c19-c50b-431e-ac9c-93ab699921f1,rafka noize,https://play-lh.googleusercontent.com/a/ACg8ocKhdH9bGeHfKMTvKzg6yRDB5aMFLVzAk7ZrnIbbv8djedojCQ=mo,Login nya terlalu lama saya kecewa pada hal geme nya bagus,3,0,,2025-03-05 14:17:57,,,
1e6f278e-bb05-4aab-82ad-6a4194714160,Hazby Faridz Monthy,https://play-lh.googleusercontent.com/a/ACg8ocILRG194WWDdEiohM2uSSVUyq420ogybZvR797llgvcVKy9Eg=mo,Bagus banget game nya tapi tolong kalo gacha jangan kasih yang jelek jelek🙏,4,0,5.4.0_30057195_30231699,2025-03-05 13:53:29,,,5.4.0_30057195_30231699
2a7e5de1-4930-430a-ab19-c6bff662d50e,Afif Jpr,https://play-lh.googleusercontent.com/a-/ALV-UjVIvGxVuUJXhZzzHRgG6Ims2OoxtJZ3AB6asvAgVGWLnFh8Q7DH,bagus nggak ngebosenin,5,0,5.4.0_30057195_30231699,2025-03-05 13:29:16,,,5.4.0_30057195_30231699
aca78425-80ad-4d72-a9e0-843937e06b5f,Khadafi Muhammad,https://play-lh.googleusercontent.com/a/ACg8ocIwP-PGxHIHJuBZy9-r57TcXqF_YGfLBYmn4Dbbvig66kEZ4Q=mo,Kikir lu,1,1,5.4.0_30057195_30231699,2025-03-05 13:22:19,,,5.4.0_30057195_30231699
62a4ffdf-d190-424d-84d6-ce9c28457301,Gunung Khara,https://play-lh.googleusercontent.com/a/ACg8ocJJIwPfw3tcg41nWbiHXrasfAy3FjiMKxA_1pji1v-JQytmyQ=mo,Bagus sih baguss tapi tolong di bener Rin ya kalo pas login pertama jangan harus download yaa download gpp tapi gk pake paket banyak juga kali aku uninstall aja lah maless Biar aku gk uninstall benerin yaaa🙏,2,0,5.4.0_30057195_30231699,2025-03-05 13:16:55,,,5.4.0_30057195_30231699
f1152e80-909e-4845-ad80-2db6c6db521f,Ciko Rifai,https://play-lh.googleusercontent.com/a-/ALV-UjVvWfGv_Bh1wrcgWMGbKGxqYJT6ikajX2LScwVWr5adILsq2y6R,Gacorrr,5,0,5.4.0_30057195_30231699,2025-03-05 12:58:33,,,5.4.0_30057195_30231699
32d57ef8-69e5-4fc3-bde2-de895a03d289,Hchan Qayxriec,https://play-lh.googleusercontent.com/a/ACg8ocJ1Gj-x0K-A4qd6LtWZLSQNxY3-YGt0LvgjVNpizcvlzF6WEA=mo,Game bagus tapi bintang 1 untuk ironis saya,1,0,5.4.0_30057195_30231699,2025-03-05 12:40:26,"Terima kasih atas dukungan Anda terhadap Genshin Impact, Traveler! Kalau Anda mengalami kesulitan apa pun yang berhubungan dengan Genshin Impact, silakan hubungi kami melalui email atau feedback in-game untuk mendapatkan bantuan.",2025-03-05 16:51:56,5.4.0_30057195_30231699
bee5b37c-ad31-453e-87b7-5eafeb4a86a3,YounJE5K,https://play-lh.googleusercontent.com/a/ACg8ocLU8iMd9utin7QjwEqmKo7MeLKbHWT4vgt0-Hab5NWlS4Tg9Q=mo,Tidak kompatible di hp saya,1,0,,2025-03-05 12:00:17,"Halo Traveler! Mohon kunjungi website official Genshin Impact untuk mendapatkan informasi sistem perangkat yang diperlukan untuk mendapatkan pengalaman bermain yang stabil dan lancar. Selain itu, untuk menemukan sumber permasalahan ini, mohon hubungi tim CS kami melalui feedback dalam game atau email.",2025-03-05 16:50:20,
39623346-1e4e-4d62-b721-d6cc3695edfe,Albi,https://play-lh.googleusercontent.com/a/ACg8ocJ7nl19Q2I5onNZDq-RDONjZ1ohIN6lH-0OoFidvqH0-3JsbZQ=mo,"Animasinya diperbagus lah,update ber GB GB tapi animasi kayak nonton wayang",1,0,5.4.0_30057195_30231699,2025-03-05 11:22:21,"Kami mohon maaf atas permasalahan ini, Traveler. Silakan hubungi kami melalui email atau feedback in-game untuk mendapatkan bantuan lebih lanjut tentang masalah ini.",2025-03-05 16:49:56,5.4.0_30057195_30231699
cc8675ce-3bde-4fdd-97ea-8c02ef33f139,Luhur Sugiyatno,https://play-lh.googleusercontent.com/a-/ALV-UjUjE4faDcotIbKN2PJraRqpu6QBQsmjuwu4zvf-nHu_yYvry0JK,"Akun gampang ilang, cuma gak main 2 minggu pas login lagi akun hilang harus mulai dari awal padahal udah habisin bnyak waktu buat bisa sampe level 40, tiba tiba harus mulai dari awal. Ahirnya saya berhenti main dan un instal. Kapok",1,1,2.6.0_6179196_6305792,2025-03-05 10:53:27,Mohon maaf sebesar-besarnya atas terganggunya pengalaman bermain Traveler. Silakan hubungi Layanan Pelanggan kami melalui email untuk mendapatkan bantuan terperinci mengenai masalah ini.,2025-03-05 16:49:21,2.6.0_6179196_6305792
ca583eb6-d146-462e-9392-ff71e81da3e1,insz Kena reset terus,https://play-lh.googleusercontent.com/a/ACg8ocIFRecuVK3LzJQn-b2WozFFz4SH8H44Ze3cTv4mxO9KJsmuIg=mo,Game bagus saya mendapatkan Waifu saya di game ini,5,0,5.4.0_30057195_30231699,2025-03-05 10:42:28,,,5.4.0_30057195_30231699
524a2564-7053-42bf-b40c-536a74839146,Ade Sutardi,https://play-lh.googleusercontent.com/a-/ALV-UjU1P13CF6aQg53ec_lg41xk30v31lKk7LIxr0Kh9958VcW8qzA9,Saya suka game ini,5,0,,2025-03-05 10:30:30,,,
8e35cf94-ff3b-4992-be94-3eb6b68dba76,Ari Putrawp,https://play-lh.googleusercontent.com/a/ACg8ocLhY6823Ba4jGusLkDSTfN46Ty6PKBTaWhI6EkvEPFXEpY3Mw=mo,Saya mengalami kendala di peta Fontaine. Saya tidak bisa menemukan 8 hydroculus yang tersisa padahal saya sudah menggunakan hydroculus resonance tetapi tetap tidak di temukan,4,0,3.4.0_12498014_12591909,2025-03-05 10:20:34,,,3.4.0_12498014_12591909
24b5d6b1-5064-45f6-9252-f00f78f57e48,Dread bil,https://play-lh.googleusercontent.com/a-/ALV-UjUBi4geGHDMHp9c5iyr0IJqKEy_ZSBIPRWoDX0FkQoFXhdTpJQ,GUAH CAPE DARI JAM 9 pagi nguli sampe jam 8 malem hee malah dapat qiqi,1,0,,2025-03-05 10:14:21,"Halo, Traveler! Traveler dapat melihat aturan sistem Wish di bagian [Rincian] pada halaman Wish. Jika kamu memiliki pertanyaan tentang perincian dari aturan tersebut, silakan hubungi tim Layanan Customer Support kami melalui feedback in-game atau melalui email.",2025-03-05 16:48:58,
c8b66ac9-8e42-49c6-bb9a-2ad406790d65,Jericho boru,https://play-lh.googleusercontent.com/a/ACg8ocJW6_ktM3qwmUxvyRojglw512HEGGvnJC3LHGDqZnJMU2d8ww=mo,Bagus grafiknya,5,0,5.4.0_30057195_30231699,2025-03-05 09:48:17,,,5.4.0_30057195_30231699
b01750f1-bd54-4e24-bf8f-40f8241ae4a8,Pansyah Ipan,https://play-lh.googleusercontent.com/a-/ALV-UjWhxTl8Cb3_YKcug7VdD6SuluP8ajcAVenCyitlPVNDRAjlcpk,"Lumayan, tapi kikir",4,0,5.4.0_30057195_30231699,2025-03-05 09:09:36,,,5.4.0_30057195_30231699
1891b8f1-4779-4e69-b381-c10168771644,Kristal Gan,https://play-lh.googleusercontent.com/a/ACg8ocKZv-PyDZhtmC5rOP9_3D0tl04OpMVrMWyJJZZSyhWk3yXp6qM=mo,Aku suka game nya kalo bosan aku main ini seru banget bisa foto seru Banget story nya juga seru bagus,5,0,5.4.0_30057195_30231699,2025-03-05 09:00:11,,,5.4.0_30057195_30231699
2bb362f6-728a-44e6-9db4-56ff0d29acc7,Aranu San,https://play-lh.googleusercontent.com/a-/ALV-UjV_nZU_tlWvUoGI7UNI48Sy98R-7b9J-FjJdMOzLN-c3AhHqEmU,UDAH KAPASITASNYA BESAR CERITANYA TERLALU LAMA GAK BISA DI SKIP PENDAPATAN EXPLORE DIKIT SISTEM GACA YANG TIDAK MUDAH GEMA YANG SUSAH DAN BERAT DI HP,1,7,4.8.0_24603909_24822834,2025-03-05 08:41:49,"Kami mohon maaf atas ketidaknyamanan yang Anda alami, Traveler. Kalau Anda memiliki masukan atau saran, silakan hubungi kami melalui email atau feedback in-game.",2025-03-05 16:48:36,4.8.0_24603909_24822834
d8b1c7b9-14c8-4eba-ba73-bb63c0043a1c,_ Marnata,https://play-lh.googleusercontent.com/a-/ALV-UjU1c1FFUOn5hlKImqFEvoETA_aOSx_wKnGbXlT9ux4Vnf0dkiQA,"Not bad sempet di bilang bakal jadi game mati tapi ternyata masih bertahan,yah setelah lama bermain gw mengerti knp org"" byk pensi 1.story yang kompleks (storinya ada yang monoton dan membicarakan hal yang ga penting mana lama lagi + g ad tombol skip 2.gamenya mahal (emang bisa tanpa top up tapi rasanya jelek bet harus nabung 2 pacth kalo rajin bisa lbih cpet) 3.agak pelit 4.lumayan berat 5.desain karakter yg agak melenceng terutama yang natlan( ""mavuika be like : arcon ya naik motor lah🗿"")",4,2,5.0.0_26041933_26161852,2025-03-05 08:35:33,,,5.0.0_26041933_26161852
73d6e60f-f1a6-4371-af20-c423afa0b632,Suryanata Hape,https://play-lh.googleusercontent.com/a-/ALV-UjWVDCUeyjP3WuN7PZMlj4LUBMj6MTJdmAAeBwvL_PS_BjAWWFE,Bagus,5,0,,2025-03-05 07:59:41,,,
addbcaa6-d8a2-45c7-b53a-82e3029dfe27,KURUMI Gaming,https://play-lh.googleusercontent.com/a-/ALV-UjU7Ivzf8-5TL9cOo9gfUZEZfBkIXVnPT867UTBRUI9xly__AF4,Hutao mantap,5,0,5.4.0_30057195_30231699,2025-03-05 06:43:21,,,5.4.0_30057195_30231699
4dd43b84-526c-4c55-9d49-922b9b980e89,Nabil Rosadi,https://play-lh.googleusercontent.com/a-/ALV-UjXplHvMIp7fquHZLrJnXqNsOG5fmm41BQRWblwWdTzXW9kK-vpF,Meski rada susah di bagian gacha tapi buat gameplay okelah seru,5,0,5.4.0_30057195_30231699,2025-03-05 06:42:49,,,5.4.0_30057195_30231699
ce605b90-27cd-415f-8ba0-92e9bb9be57f,Azmi Ulul,https://play-lh.googleusercontent.com/a/ACg8ocIKxuxSbdp5aiqje7hrcrHjSxGhZ2LvvLaPHbJ__wRCDRVgFQ=mo,Game forno,1,0,3.7.0_14806628_14807925,2025-03-05 05:15:29,,,3.7.0_14806628_14807925
a3a39162-9e37-4767-8adf-5a20fc4c7e89,Muhammad Bayu Rizkia,https://play-lh.googleusercontent.com/a-/ALV-UjXuJ1EZOkwFvioewvuw5-hldKrEsLrzhSJj--7oNDUx2_gfmHs,Bagus semua,5,0,5.4.0_30057195_30231699,2025-03-05 04:22:26,,,5.4.0_30057195_30231699
c247e4e2-69fd-4209-9e02-d4eaf1060200,Rizky Miftahul shidiq,https://play-lh.googleusercontent.com/a-/ALV-UjWZEna7umE_5cthjEPU2MqaIXTSD19KIga1z3LezKQp4-WaMnK5,Nice,5,0,5.4.0_30057195_30231699,2025-03-05 04:16:07,,,5.4.0_30057195_30231699
9811b93f-968c-4e4a-b4d4-bb0a067a8b96,Valen Saleh,https://play-lh.googleusercontent.com/a/ACg8ocLF6Bhg54BWYRZDpL_SFUF_n__E2Jlkj71t-511gYhE9SgBsg=mo,Game yang sangat bagus,5,0,,2025-03-05 04:07:07,,,
c5cf7a4a-c5a0-4122-81e4-90b5926f6804,M zaidan Falahi,https://play-lh.googleusercontent.com/a-/ALV-UjWqtdN9wB7NdSZsGM8ebWp_74JpzH_72lGT-9xiZW0w3sl3JiD7,"Bagi orang yang kasih bintang 1 perkara ga bisa skip dialog ga usah main bst itu dialog biar lu tau ceritnya lol jelek ² in rating genshin aja bst klo jelek ga usah main Itu game buat orang yang punya waktu luang kalo ga punya waktu ada game RPG yang singkat ga usah main genshin , heran gua perkara dialog di kasih bintang 1 emang bisa buat game seluas itu gratis pula , aku mohon kepada yang beri rating 1 di perbaiki rating ,kasih bintang 4 / 3 aja kasian miHOYO nya , sekian dari saya 🙏🏻🙏🏻",5,1,5.4.0_30057195_30231699,2025-03-05 03:59:50,,,5.4.0_30057195_30231699
8cd28514-9386-48f5-a9bc-0355b4192362,naoki kyorinue,https://play-lh.googleusercontent.com/a-/ALV-UjUlIrD9k9StN3fkIaxq8og4YwH7grWrp5Ep1p7au_7wWfCTqyn58g,"memuaskan, saya berhasil pulangin furina di soft pity. terimakasih hoyo🤭🤭",5,0,5.1.0_27118081_27297621,2025-03-05 03:51:04,,,5.1.0_27118081_27297621
c0e61503-7f35-4cf5-972a-4b00a5ef2fba,Ardy Mrna,https://play-lh.googleusercontent.com/a/ACg8ocKYluqaT-_Geiwv4V9XOkWfe7mvA5TkWWOzjV2mWScpD0lRBQ=mo,Mantap,5,0,5.4.0_30057195_30231699,2025-03-05 03:43:16,,,5.4.0_30057195_30231699
6da07f81-a799-4d73-94a0-4c3dfec84b5b,Muhammad Raihan Zaky,https://play-lh.googleusercontent.com/a/ACg8ocKU0Bqh5KpDS_AqcKb5Nlrl58lFMJT5NAfgyJkShw0oszY0xg=mo,🥶🥶,5,0,,2025-03-05 03:43:00,,,
95e051b9-4232-4563-8afc-0fdbb3e0fc04,dammit rama,https://play-lh.googleusercontent.com/a-/ALV-UjVJGni4gv0XcpEbRkXl46yhlHleIxX0keD2-tRAjVf9uGvGXw9c,"New event pay to win banget, harus punya mavuika buat dapetina name card?, that messed up, sesek bener kalah rate off di pity 85, ngotak dong.",1,10,5.4.0_30057195_30231699,2025-03-05 03:25:39,,,5.4.0_30057195_30231699
01f47cbd-2b94-4298-9632-e9ddb709e79b,Muhamad Alfian,https://play-lh.googleusercontent.com/a-/ALV-UjXsSYsvYKv2WKkzA1BnsD7Gt_OE-0Z6glJJWUsmztJwGRW4Ueg,Semua nya bagus gw kasih rating 4 bintang karna anj gw gaca hard pity mulu,4,0,,2025-03-05 02:50:09,,,
1a73573d-d79b-4b3b-b91c-3d51f12cad85,Rizki Rizki,https://play-lh.googleusercontent.com/a/ACg8ocLpkKgNdpRV1SkPXowovI-7XClrfeI9URcBxIjpLU336B-Q0g=mo,berhenti main setelah tidak dapat gacha furina tq,1,0,,2025-03-05 01:04:55,"Halo, Traveler! Traveler dapat melihat aturan sistem Wish di bagian [Rincian] pada halaman Wish. Jika kamu memiliki pertanyaan tentang perincian dari aturan tersebut, silakan hubungi tim Layanan Customer Support kami melalui feedback in-game atau melalui email.",2025-03-05 16:48:18,
850641c3-a05f-4dbc-9c55-f6694eb7f5cc,Rio Rosario Java,https://play-lh.googleusercontent.com/a-/ALV-UjUXTtVIGAv1l8R2fwDbP3XHbnh_n3IkJN29ZW8nohD7CMRGhc4E,Tambahin jalan cerita nya sama kasih luas map.. Kasih buat tidur juga,5,0,5.4.0_30057195_30231699,2025-03-05 00:23:19,,,5.4.0_30057195_30231699
736b4b13-4f47-4fff-a930-56f57e5fcf57,Evos Aldi,https://play-lh.googleusercontent.com/a/ACg8ocJ9aZUThZasoQ5YB0dLLXlXLggxw3_iBemnX_o66imVkt1iEg=mo,sangat berat dihp poco x3 nfc,5,0,5.4.0_30057195_30231699,2025-03-05 00:23:16,,,5.4.0_30057195_30231699
92292835-a231-4210-957a-7833845d8d84,Aldiva,https://play-lh.googleusercontent.com/a/ACg8ocLG7s9A00_VtqZpyHRkSeUatID6d89EaORqWpM6q3YGcDaG_Q=mo,Nice,5,0,,2025-03-04 23:55:32,,,
ac30590a-48b8-4d14-991b-f245b8b4b62a,Danish Sadad,https://play-lh.googleusercontent.com/a-/ALV-UjXABUykDYBIZGcU08V1E4YU6qqs_df1Xml0v5rGil2IC0naHNfF,Ngak jelas pegen reset sandi tulisan nya permintaan terlalu banyak Mulu udah di relog berkali kali masih sana,1,0,,2025-03-04 23:53:41,Mohon maaf sebesar-besarnya atas terganggunya pengalaman bermain Traveler. Silakan hubungi Layanan Pelanggan kami melalui email untuk mendapatkan bantuan terperinci mengenai masalah ini.,2025-03-05 16:47:36,
81ceb6e7-5134-4cfe-8e9d-22cbfbcd5f88,Bambang Parsono,https://play-lh.googleusercontent.com/a/ACg8ocIqnKjUJj9Sad_11sC08wDTkxOXQ7fz-dbXyQlAQAL3-F93Rg=mo,"Animasi jelek, dialog kaku, story ngawur, banner weap scam, qol jadul gada perkembangan, design char ngawur, build char susahnya minta ampun. Ga worth it sama sekali buat game 2025. Buat newbie mending main yang lain aja serius",1,0,,2025-03-04 23:49:02,"Kami mohon maaf atas ketidaknyamanan yang Anda alami, Traveler. Kalau Anda memiliki masukan atau saran, silakan hubungi kami melalui email atau feedback in-game.",2025-03-05 16:46:22,
0e2508e1-f5cd-435e-8f5c-e208a8f13eca,JHØĒ Bāñqszãtsz (R_geminius_xv),https://play-lh.googleusercontent.com/a-/ALV-UjUr8--Ru6XkNJ_wPynqGMrQ_8Z7RAH4ALnmLrOdiYU9Rgpfjdgy,"Tai, banner senjata malah entuk karakter, tai tai",1,8,5.4.0_30057195_30231699,2025-03-04 23:47:47,,,5.4.0_30057195_30231699
52a2507f-ecef-450e-bb0f-7517c12ccc7a,Greicely Kasih Mirah,https://play-lh.googleusercontent.com/a-/ALV-UjUJQ_YINmbknhpV1o_dcuW59yk14ZtJzu7UdM_LnNkhu-gj5QV4,"i never won ANY of my 50/50's on this game. the rewards sucks. i can't believe this game was this stingy. the developers NEVER listens to the players. im quitting this game, i never get any of the character i want because i keep losing and losing and losing ALL THE TIME. this is not funny genshin, listen to your players for ONCE.",1,0,5.4.0_30057195_30231699,2025-03-04 23:24:15,"Hello, Traveler! You can view the Wish System rules in the Details section of the Wish screen. If you have any questions about the details of the relevant rules, please feel free to contact our Customer Service team via the in-game feedback channel or email.",2025-03-05 16:45:58,5.4.0_30057195_30231699
8890cf96-e334-48a1-9d84-c2fba6b78311,just L,https://play-lh.googleusercontent.com/a-/ALV-UjWCiV8wouzRQHO9f0d7DCBaeX4yFb1vyKNjfUoEZDeZa6Z6n1ZeXg,engga tau ah rate off terus :(,1,0,5.4.0_30057195_30231699,2025-03-04 23:23:54,"Halo, Traveler! Traveler dapat melihat aturan sistem Wish di bagian [Rincian] pada halaman Wish. Jika kamu memiliki pertanyaan tentang perincian dari aturan tersebut, silakan hubungi tim Layanan Customer Support kami melalui feedback in-game atau melalui email.",2025-03-05 16:24:45,5.4.0_30057195_30231699
ad5f652a-d7ef-4589-b184-a00a4688e2d3,Galang Pratama,https://play-lh.googleusercontent.com/a/ACg8ocKIjWlk0Q6XsvT224ppoxEh4pl4cXWvuv0hymR6i1yWIyUiQw=mo,Game bagus😁👍,1,0,5.4.0_30057195_30231699,2025-03-04 22:48:17,"Terima kasih atas dukungan Anda terhadap Genshin Impact, Traveler! Kalau Anda mengalami kesulitan apa pun yang berhubungan dengan Genshin Impact, silakan hubungi kami melalui email atau feedback in-game untuk mendapatkan bantuan.",2025-03-05 16:24:33,5.4.0_30057195_30231699
3b74a701-97d7-4fa1-b79e-e6a7af1b2fd5,nindyYy,https://play-lh.googleusercontent.com/a-/ALV-UjVNhPIM2eoPcIqyLhdHZwifY5_u9IKPqKPezq0_WipQJjEMDmJD,kasi aku FURINA pelis :c,1,0,5.4.0_30057195_30231699,2025-03-04 21:44:14,"Halo, Traveler! Traveler dapat melihat aturan sistem Wish di bagian [Rincian] pada halaman Wish. Jika kamu memiliki pertanyaan tentang perincian dari aturan tersebut, silakan hubungi tim Layanan Customer Support kami melalui feedback in-game atau melalui email.",2025-03-05 16:23:52,5.4.0_30057195_30231699
08e7c47a-52cd-4f34-aabe-ff61558ef85e,Lxy Lawliet,https://play-lh.googleusercontent.com/a/ACg8ocLINd4c5lMFmV9Wa53IUXQNvQpXFbhbtX42FrBgllXbhAtDoBQ=mo,"kikir kikir, Dawei d nya durjana",1,1,5.4.0_30057195_30231699,2025-03-04 21:42:42,"Kami mohon maaf atas ketidaknyamanan yang Anda alami, Traveler. Kalau Anda memiliki masukan atau saran, silakan hubungi kami melalui email atau feedback in-game.",2025-03-05 16:23:41,5.4.0_30057195_30231699
4fa967b8-8604-4c73-a59b-08d673dc0c9f,Eben Hezer,https://play-lh.googleusercontent.com/a-/ALV-UjVnfM4YneN2sV2CIwyc-cz-qoOQw_hEQqzsz21UlLcmluUtJDw,⭐⭐⭐⭐⭐👍👍👍,5,0,5.4.0_30057195_30231699,2025-03-04 21:36:43,,,5.4.0_30057195_30231699
619fef88-9013-4230-a9cb-7322ae15a98c,Refania Putri cahyati,https://play-lh.googleusercontent.com/a-/ALV-UjWTqLcb8au7dxSVN0pvn9v8I_9oTMhFhTlkll-QZHDPDtw2EOQ,Enak bgt,5,0,5.4.0_30057195_30231699,2025-03-04 21:34:52,,,5.4.0_30057195_30231699
5f916715-828b-4d27-9428-03cb71237791,ARRIZAL,https://play-lh.googleusercontent.com/a-/ALV-UjVave5zCuThu0Q54JKIBMsWk2G7Z9gBVOvRWJUIS1Z61TncVDExxQ,"Game nya cukup seru, visualnya cukup baik, eksplorasi nya sangat seru terutama di map Natlan dan event kali ini cukup memberikan banyak primogem dan semoga kedepannya akan memberikan banyak event menarik dan seru",5,1,,2025-03-04 21:26:53,,,
d2a89236-8234-4f0e-ab37-92e3015e9751,Jounathan Merutu,https://play-lh.googleusercontent.com/a-/ALV-UjU-g7ZaeaZBQlBBq0tv0C82ehov4LGg0xPYUizrlbgj_9eoqe8h,mana splendor yang kau janjikan,5,0,5.4.0_30057195_30231699,2025-03-04 20:43:00,,,5.4.0_30057195_30231699
2d53ce4d-5bce-473c-9c06-5626dcc61703,Fahmi Aziz,https://play-lh.googleusercontent.com/a/ACg8ocJ9NQFMVHYskW2UdtW2He6AX5FiqGwUzYWvAHd7c3fpLl2VeQ=mo,"Tolong updatenya ditambahkan fitur agar bisa konek dengan gamepad atau keyboard, supaya tidak terkena banned. Terimakasih",2,0,5.4.0_30057195_30231699,2025-03-04 20:31:04,,,5.4.0_30057195_30231699
58738b31-4dcc-4525-b3b6-3e0de1de7ecd,Marnus Marnus,https://play-lh.googleusercontent.com/a-/ALV-UjUYB1mpZBUK5UrajlDaV3Pv4ohdJwXB8N57patrqy_pORIMiBXr,Sangat sangat menarik,5,0,5.4.0_30057195_30231699,2025-03-04 19:50:34,,,5.4.0_30057195_30231699
cc4d7ce3-7a99-4366-ba07-b1c4481f97a7,Rio Ardana,https://play-lh.googleusercontent.com/a/ACg8ocInno1G7DFB_h-ki-7N0VR_w8rhRf16l9U3F6zJ3LNHqrGHTw=mo,Game nya bagus lancar chipset snapdrago 8 elite,5,0,5.4.0_30057195_30231699,2025-03-04 19:48:49,,,5.4.0_30057195_30231699
5a95075a-7651-4a0f-bbf6-7f1b511680f4,Nanda,https://play-lh.googleusercontent.com/a-/ALV-UjWAs7XXTcI_7HpcbBfZAwhVovANu8aPLdGFmTcvrY1xfUWdhfVj,Tolong Qiqi jgn muncul di banner,5,1,5.4.0_30057195_30231699,2025-03-04 19:46:52,,,5.4.0_30057195_30231699
890b915b-98a8-4c7b-8bc2-489bca39a130,Ahmad Ilham,https://play-lh.googleusercontent.com/a/ACg8ocLJPrenQlOzQUKaIIRTSTDntBO9N4F7rm8O_XjQQVs6fGSqKA=mo,Aku sangat suka dengan game RPG ini,5,0,5.4.0_30057195_30231699,2025-03-04 19:41:31,,,5.4.0_30057195_30231699
1ad3f785-1115-4968-8457-e851eab46e22,Dennys Raffael,https://play-lh.googleusercontent.com/a-/ALV-UjV5XPwzusRD6F-5VO_TUQNEXhVsYhx2h5260uvjAYCECvtCmvI,Sudah kalah di rate off kok kalah di rate on aneh nih bener weapon,3,0,,2025-03-04 19:40:35,,,
64eaa70e-39af-452f-8c56-594939974de6,Bilal JK,https://play-lh.googleusercontent.com/a-/ALV-UjUQWFPMM7zvPX2ICusPFqMjJtXlavzwZSOXHG0pmSEkMCaxo0rz,"Mantap 👍 emang dulunya butuh spek tinggi, tapi jaman sekarang sudah banyak hape dengan spek mumpuni. Overall cukup puas dengan gamenya. Apalagi sejak awal rilis dulu suka ngasih bansos. Dan orang2 pada lupa akan hal itu. Untuk ceritanya masih cukup apalagi quest utama/archon nya yang masih ditunggu banyak orang. Moga kedepannya bisa makin bagus lagi 👍",5,5,5.4.0_30057195_30231699,2025-03-04 19:28:08,,,5.4.0_30057195_30231699
f2e293f6-99b6-4757-8e13-298c0341e90e,Dzaki Anwar,https://play-lh.googleusercontent.com/a/ACg8ocLZU5z8PvnF0riM9c7MvqFSpQE9klIxhMMIMPS-JXy5RT2ncw=mo,Game berat GB tapi seru,5,0,,2025-03-04 19:15:22,,,
dc3c389d-c83a-4813-b5f6-92b59bfb1b16,Rado Stres,https://play-lh.googleusercontent.com/a-/ALV-UjXw7aWUSiXDdQWEbCv00O23kItA6YnaXv-tm9JrlvXKBOfwRSA,"jangan mau maen, developer nya kikir tingkat dewa.",1,3,5.4.0_30057195_30231699,2025-03-04 18:53:51,"Kami mohon maaf atas ketidaknyamanan yang Anda alami, Traveler. Kalau Anda memiliki masukan atau saran, silakan hubungi kami melalui email atau feedback in-game.",2025-03-05 16:22:46,5.4.0_30057195_30231699
8498fbb6-8681-4fce-9e1f-e886f553b4c8,ardiona rahadi,https://play-lh.googleusercontent.com/a-/ALV-UjWfMcvVz_U1CAKOrWpeywiLJkYbYJzZzXuchoRsyQLhijfMwNJ0,Game kikir pull di banner senjata malah GK dapat senjata yang dipilih ampass,2,0,5.4.0_30057195_30231699,2025-03-04 18:45:23,,,5.4.0_30057195_30231699
c18502ba-61ce-4cc1-9dba-e1787a6c8fde,Nazwa Azhara,https://play-lh.googleusercontent.com/a-/ALV-UjW9liNqCp-JLBz4_aV7vGZDcIZbi3_crbO1g4mrHW8fS-oZ9juS,"Dear hoyo, I'm sorry for giving only 3 star. I actually love the game sm. But I feel so sad & Depressed. I was excited cuz finally it's wriothesley first rerun and I do pre farming all the mats n primos, but now I got qiqi on pity 80. All my time that I spend and all my welkin, is mean nothing. It's so hard and take a long time to get primo, now I'm just crying in my room and my mom said stop play but I love wriothesley sm. I know everyone will say it's only bad luck, but it's so hurt💔",3,0,5.4.0_30057195_30231699,2025-03-04 17:48:32,,,5.4.0_30057195_30231699
a9e02b64-2441-4daf-9e4b-5e0bea794e00,Random Person,https://play-lh.googleusercontent.com/a-/ALV-UjUnKsiVVsS5FPu_0onwgmrkXXuibo8u_rJTAbxzCohvLan0dH4,"Qiqi anj, gacha ampas",1,0,5.4.0_30057195_30231699,2025-03-04 17:48:22,"Halo, Traveler! Traveler dapat melihat aturan sistem Wish di bagian [Rincian] pada halaman Wish. Jika kamu memiliki pertanyaan tentang perincian dari aturan tersebut, silakan hubungi tim Layanan Customer Support kami melalui feedback in-game atau melalui email.",2025-03-05 16:44:49,5.4.0_30057195_30231699
528df763-5b55-43ca-9793-454ec6c4a529,073_Islamay Shafira Fasya_SK2B,https://play-lh.googleusercontent.com/a-/ALV-UjWn74qV4FR6hMV2MWL9JsiUzY2xIe_CtpDaKqJ-xk_eRaozR6BMBQ,"game ramah, dermawan, baik hati, sistem gachanya bagus bgt, trims semoga jaya selalu -love, eMwaY",5,0,,2025-03-04 17:37:32,,,
f45e7cfb-c3ed-4811-834d-b3273e4cd797,Nadhiira Ardhanareswari,https://play-lh.googleusercontent.com/a-/ALV-UjWYU00itKDyiedsPQlXGqX4wB7wlQGIKelggS023oHcen2RNPzf,"terlalu kikir sama playernya tiap kali gacha pasti dapetnya bukan yang di banner, klo jadi player p2p gampang tinggal beli ini itu klo banyak duit lah ini player f2p udh berjuang mati matian buat ngumpulin primo buat gacha tpi malah ujung-ujungnya ga dapet gmn ini mekanisme gacha nya aduhh aduhh",1,0,,2025-03-04 17:35:25,"Halo, Traveler! Traveler dapat melihat aturan sistem Wish di bagian [Rincian] pada halaman Wish. Jika kamu memiliki pertanyaan tentang perincian dari aturan tersebut, silakan hubungi tim Layanan Customer Support kami melalui feedback in-game atau melalui email.",2025-03-05 16:44:10,
8b560e9b-13cf-420b-a6f0-1a12b7a18816,Nafasat Niari Mawardhi,https://play-lh.googleusercontent.com/a-/ALV-UjX397eymq726DVyR-qXNu5wJRt-9pKaIT_I5nZ7OZSro7ncAces,mantap,4,0,4.7.0_23093867_23435602,2025-03-04 17:33:07,"Kami mohon maaf atas ketidaknyamanan yang Anda alami, Traveler. Kalau Anda memiliki masukan atau saran, silakan hubungi kami melalui email atau feedback in-game.",2024-07-30 16:51:53,4.7.0_23093867_23435602
4c1aa117-b3f6-41cf-aebe-281f97b494d0,Genshin Ku,https://play-lh.googleusercontent.com/a/ACg8ocJc_35fm2Q0i8EMDapWxz-v9w2jCwSkZyXFP40OBOpk_V8ZbA=mo,Game bagus makasih hoyoverse udah ngasi furina di pity 90 double,5,0,,2025-03-04 17:31:04,,,
6350e820-b001-4db7-8e98-35cd550c7c65,Nazril Ahmad,https://play-lh.googleusercontent.com/a-/ALV-UjXPyb5ULyciE90JM-LenAJmtzXK7vUIEki4WEdJXmOLBHtWhxam,Game kikir sistem gacha berpihak sama whales,1,0,,2025-03-04 17:24:11,"Kami mohon maaf atas ketidaknyamanan yang Anda alami, Traveler. Kalau Anda memiliki masukan atau saran, silakan hubungi kami melalui email atau feedback in-game.",2025-03-05 16:42:18,
2cf30402-6dd9-4d22-8ea0-a538e44f9ae4,erix finandra,https://play-lh.googleusercontent.com/a-/ALV-UjWqOdu5j5XGOJEdrUGU9L6UsjfiGfIg8QByzTAQT2kRnmY5mUwY,Tolong berikan fitur ganti tanggal lahir,1,0,5.4.0_30057195_30231699,2025-03-04 17:21:45,"Terima kasih atas dukungan Traveler terhadap Genshin Impact. Kami menerima secara terbuka semua masukan/umpan balik dari kalian. Jika Traveler memiliki saran atau masukan, jangan ragu untuk menghubungi kami melalui feedback in-game atau email.",2025-03-05 16:40:19,5.4.0_30057195_30231699
ad074a12-06de-4e49-b5a1-62eb3bd7a1fd,Azumi -kun,https://play-lh.googleusercontent.com/a/ACg8ocJHYZ6gG2JNu0LFA6Us01-H9cudHYaMEsiYM_55JIn_eVh8=mo,lets the story begin,5,0,5.4.0_30057195_30231699,2025-03-04 17:10:59,,,5.4.0_30057195_30231699
90ecbae9-8643-433a-8d77-06f813fafc06,M.pradiefta damara,https://play-lh.googleusercontent.com/a-/ALV-UjWF0h694oTPbvBhGMqvXKEEnDAb-3OlEboRPvi-KISalSwRQjk,"Game yapping,kikir.tanggal nambahin fitur skip apa susah",1,3,5.4.0_30057195_30231699,2025-03-04 15:53:30,"Terima kasih atas dukungan Traveler terhadap Genshin Impact. Kami menerima secara terbuka semua masukan/umpan balik dari kalian. Jika Traveler memiliki saran atau masukan, jangan ragu untuk menghubungi kami melalui feedback in-game atau email.",2025-03-05 16:39:13,5.4.0_30057195_30231699
54a38ec9-6b37-4b4b-bf2f-9576f0c32e1c,Ahmad,https://play-lh.googleusercontent.com/a/ACg8ocJ-mIG6FpwGs78T6zvcT-z8NiQ8tuguIMcmp8pKcDOefrDg2w=mo,Tambahin fitur duel vs sesama teman,5,0,,2025-03-04 15:47:23,,,
a5fb0702-aa5c-439f-aed3-932fc54bf255,Siulen Ulen,https://play-lh.googleusercontent.com/a/ACg8ocJprcRo02jSe3e6P4wQdyQV6G_dPzL0I98T6n_x-csmpo75qA=mo,Bagus banget bagi pecinta game harus main ini,5,0,5.4.0_30057195_30231699,2025-03-04 15:46:11,,,5.4.0_30057195_30231699
f381e519-afaf-4785-8349-5d268d8b1574,Shrn,https://play-lh.googleusercontent.com/a-/ALV-UjWpTTjsJIWO36ToxQSG28azBse5rQoGVEG7_aEWd4qsdZRghULf,Percepat lah banner rerun hoyo gak ada yang gacha mizuki akhir akhir,5,0,5.4.0_30057195_30231699,2025-03-04 15:37:56,,,5.4.0_30057195_30231699
681e085b-b9d2-43b2-a05c-630ab209bfbd,Salsaa,https://play-lh.googleusercontent.com/a-/ALV-UjVYB6ABYYG9IBvyXIizt86hOzM3fo_8ujYZLrI4pB5-ulLGcPUK,TOLONG HOYO TAMBAHIN VITUR SKIP STORYY PLSSS,2,0,,2025-03-04 15:27:12,,,
0b06910c-d863-4ee9-a9f6-f161ef327e59,Aji Kalijaran,https://play-lh.googleusercontent.com/a/ACg8ocLMbLNCPdrBlc5YoGCBq0j9MA9valZL8jtR1eLEkZQ7GBZo2g=mo,Bagus.,5,0,5.4.0_30057195_30231699,2025-03-04 15:11:11,,,5.4.0_30057195_30231699
6bcda891-fcb5-4fea-9767-36b0e76ee54a,HANIF GAMINGXD,https://play-lh.googleusercontent.com/a-/ALV-UjU_stgBiMhmV-HMgoItk6FVk5-bSb7zuY-ZYghlccKmgI48oLnL,Seru euyyy,5,0,5.4.0_30057195_30231699,2025-03-04 14:58:22,,,5.4.0_30057195_30231699
41442f44-d5c8-46b9-8520-80259ed559fd,Albert Victory,https://play-lh.googleusercontent.com/a-/ALV-UjXJtuvD_cCJqNYscCHMSIb_DH3lflvWVU4u-KlKXKLqQWrMmmLh,Dawg,2,0,,2025-03-04 14:40:36,,,
67661e54-d536-4a8b-b4b5-25e6f417270b,Batara Sinatria,https://play-lh.googleusercontent.com/a-/ALV-UjWCFk3C0HQ-nQWJbDXKVrKdGmq8oDrqW7Zwm-QQ2VXe-u9nFrY,Pihak mihoyo mohon di baca ini genshin punya ku kok gak ada suaranya ya??? Tiba tiba nge crash aplikasi nya,1,0,5.4.0_30057195_30231699,2025-03-04 14:19:38,"Halo Traveler! Mohon kunjungi website official Genshin Impact untuk mendapatkan informasi sistem perangkat yang diperlukan untuk mendapatkan pengalaman bermain yang stabil dan lancar. Selain itu, untuk menemukan sumber permasalahan ini, mohon hubungi tim CS kami melalui feedback dalam game atau email.",2025-03-05 16:38:52,5.4.0_30057195_30231699
0e05cbcf-b88b-41f1-8dc3-ac5b8a790aae,Felicia,https://play-lh.googleusercontent.com/a/ACg8ocLxyrjZGS6I2hfnxgxn3EKf6GiJIc1Qp2jyEoOvKSBuL2f04Q=mo,Bagus,5,0,5.4.0_30057195_30231699,2025-03-04 13:49:16,,,5.4.0_30057195_30231699
db53ab7e-e212-4652-aa1a-c4b265a0bf94,Krishna DJ,https://play-lh.googleusercontent.com/a-/ALV-UjUVc3SXVWq3U08uVdcB1dRlfSzQXx5D0zMZFslwgoi3eIXE2XqP,Tolong kasih fitur gamepad untuk android genshin impact Dan kasih tombol skip,3,0,1.5.0_2574575_2578841,2025-03-04 13:34:32,,,1.5.0_2574575_2578841
b1275298-0aba-4137-aee0-3d2cf6a498fc,Prima Cahya saputra,https://play-lh.googleusercontent.com/a-/ALV-UjU2fsvL7id5IKORe8FCRobgR1_Pv-u5sOnfG2HuCfEhX-BuGEM,Kebanyakan dialog,1,0,5.4.0_30057195_30231699,2025-03-04 12:02:27,"Terima kasih atas dukungan Traveler terhadap Genshin Impact. Kami menerima secara terbuka semua masukan/umpan balik dari kalian. Jika Traveler memiliki saran atau masukan, jangan ragu untuk menghubungi kami melalui feedback in-game atau email.",2025-03-05 16:35:56,5.4.0_30057195_30231699
de5b7ea8-e64c-4fb0-bf29-2b84a7293614,Rohanita Hani,https://play-lh.googleusercontent.com/a-/ALV-UjVNRDUiTWuFviRwVfHIz4V0wbHAF7H-oiYt8qTu_LZGEEGj20cZ,Game ini juga eggk bisa di pakai di hp poco x6 pro 5g saya...!!,1,0,,2025-03-04 11:08:30,"Halo Traveler! Mohon kunjungi website official Genshin Impact untuk mendapatkan informasi sistem perangkat yang diperlukan untuk mendapatkan pengalaman bermain yang stabil dan lancar. Selain itu, untuk menemukan sumber permasalahan ini, mohon hubungi tim CS kami melalui feedback dalam game atau email.",2025-03-05 16:37:58,
94649474-17c2-4b1f-b253-596aee3ade2e,イワシ。,https://play-lh.googleusercontent.com/a-/ALV-UjU837SK-u7pAmQYigcOQjH6TQUVshJMTaf93r2onaFRzBdewyVZ,story nya bagus grafik nya hd,5,0,5.4.0_30057195_30231699,2025-03-04 10:47:36,,,5.4.0_30057195_30231699
a964d823-1474-4dd6-9b99-faea5ed04e0d,Dede Kusumah,https://play-lh.googleusercontent.com/a-/ALV-UjWA2pL3KXcYQu1OMLFP9MO7NnNBBMz-UMAcanitsShm3IyGqIkh,"Gak bisa main. Ada tulisan yang muncul katanya ada bug dan harus hapus memori. Akhirnya harus install ulang dan semua progress lenyap dan harus mulai dari awal. Main dari awal launching jadi percuma, rugi udah keluar duit. Ada cara memulihkannnya gak?",1,25,5.4.0_30057195_30231699,2025-03-04 10:27:15,,,5.4.0_30057195_30231699
3eccdf51-5183-48b3-ac1e-23f11f461bb2,Lionel Henri Lay,https://play-lh.googleusercontent.com/a/ACg8ocJyywZuEPsLioJs1J4xysXT3hPTBxUFw96_YRbVEkM1Wq3YZg=mo,Agak susah upgrade char nya sm cri primogems nya sih tp buat yang lainnya bagus bagus aja,4,0,3.2.0_10872902_11078128,2025-03-04 10:19:00,,,3.2.0_10872902_11078128
5cced949-ef1c-48dc-ae3a-7eb8dbad52c5,Eza Satria wardhana,https://play-lh.googleusercontent.com/a/ACg8ocK7fGjxAqVVtPDNbW9ftpr1QVEUlmdN1643veqwti22uadUEg=mo,Game ini sangat seru sekali,5,0,5.4.0_30057195_30231699,2025-03-04 09:55:59,,,5.4.0_30057195_30231699
ca8bc893-c937-4d68-b2c4-52bfd746881c,Setiapharimewing,https://play-lh.googleusercontent.com/a-/ALV-UjUv8N6WIcAOHNvkp2dkRYuBmZkQxqOi8vPA3eCYjoe222eSVxE,bang depeloper kasih gua furina:>,5,0,5.4.0_30057195_30231699,2025-03-04 09:39:53,,,5.4.0_30057195_30231699
d4010f5b-96d4-4141-b79e-6fc8f5770cf0,A Andi Saputra,https://play-lh.googleusercontent.com/a-/ALV-UjWf5ytoRk9CaAHAgSUTl9InZAHRfw6UuvjFDplQMjDlgKcObAjY,its ok game nya bagus tapi hp gw lemot sekarang gara gara ni game,4,0,,2025-03-04 08:36:18,,,
77e1aeb2-62a1-4b36-b64c-6b6124db3991,Bony Hendro,https://play-lh.googleusercontent.com/a-/ALV-UjUpp1m2FMozo92SnakAtr7qzv3Qk8fKzYLQI1KeWg6tuZejBWno,"Game burik banner xiao malah dapat Mona burik , benner yae Miko malah dapat qiqi burik.benner navia dapet Jean!!!! Jangan di download sistem gacha game ini bodoh !!!!..",1,6,5.4.0_30057195_30231699,2025-03-04 06:58:28,"Halo, Traveler! Traveler dapat melihat aturan sistem Wish di bagian [Rincian] pada halaman Wish. Jika kamu memiliki pertanyaan tentang perincian dari aturan tersebut, silakan hubungi tim Layanan Customer Support kami melalui feedback in-game atau melalui email.",2025-03-05 16:21:38,5.4.0_30057195_30231699
31ca5efc-f449-49d6-8e0f-c3216ddb2010,Ahmad Idris,https://play-lh.googleusercontent.com/a-/ALV-UjUeaZ2bWMLqhakfou488JlIk-HhgYN_i57_Nj4xwRzZwHcmkmMZ,"bagus dari segi lore, gameplay, karakter. cuma kurangin fan service, tambahin karakter cowo, kurangin kikirnya",4,0,5.2.0_28336591_28351161,2025-03-04 06:38:43,,,5.2.0_28336591_28351161
e3d42e5d-77b0-43eb-bdd3-d1ab3ef995a8,M.Fahrul Tahulending,https://play-lh.googleusercontent.com/a/ACg8ocJmzE1IK4dEiEu4MXY8cJwogqddATm9JkAXrqBz_o2gtrUXIg=mo,Lanjutkan bakat mu bang,5,0,5.4.0_30057195_30231699,2025-03-04 06:35:56,,,5.4.0_30057195_30231699
cac3ad3a-f0ed-4e4b-a40c-2f8bab6dd55e,poizyyy,https://play-lh.googleusercontent.com/a-/ALV-UjVL4QOdnK5AaDIoGyOhWtQQRXG2YFSjCbMxc4REAcI6ZS_owHA,menyala hoyo🔥 plis jangan pelit Primo biar mainnya semakin semangat,5,0,5.4.0_30057195_30231699,2025-03-04 05:55:55,,,5.4.0_30057195_30231699
3d465d1a-5e58-44a3-9632-36cae85be231,Aniyah Spencer,https://play-lh.googleusercontent.com/a-/ALV-UjU-MC_RZHP8Gw3kk3l4BYet4NqosRzl9PkzURCIiIeaSsUGA9Rh,Nice game,4,0,5.4.0_30057195_30231699,2025-03-04 05:24:49,,,5.4.0_30057195_30231699
f101cbe4-2d31-4707-9596-1890bb7f8fad,Hakuun,https://play-lh.googleusercontent.com/a-/ALV-UjUVyhjiQZwjHaGr9b7qlYHl67fcNO1XWSObTXWC_onV3oTZuVNW,"I hope on patch version 6 and 7 there is only 2 Female characters only release and make more of Male 5 star limited character more than 5-6 , or I'm out",1,0,5.4.0_30057195_30231699,2025-03-04 05:09:32,,,5.4.0_30057195_30231699
e20c5574-0012-4efa-a340-6988f5bea347,Sofyan,https://play-lh.googleusercontent.com/a-/ALV-UjVjfk0d9DzBvgT9osHi9mKUjhn95Ll-9etf1gGIZOT364li6q9w,Bagus grafiknya.. tpi sayang byk critanya,5,0,5.4.0_30057195_30231699,2025-03-04 04:07:44,,,5.4.0_30057195_30231699
99915ee8-d420-4c67-8a3a-ad6eeeec0299,Ary Keyzer,https://play-lh.googleusercontent.com/a-/ALV-UjUQYIsynibM74UoFSNHPYC6mjL1lCZwPhpVn2rzPKiQbVyllW8f,kecewa sama event name card buat player f2p lumayan susah,1,0,5.4.0_30057195_30231699,2025-03-04 03:56:29,"Kami mohon maaf atas ketidaknyamanan yang Anda alami, Traveler. Kalau Anda memiliki masukan atau saran, silakan hubungi kami melalui email atau feedback in-game.",2025-03-05 16:21:20,5.4.0_30057195_30231699
c230efc6-6f99-4105-96d3-c36f81c3af87,Sukma Ridho,https://play-lh.googleusercontent.com/a-/ALV-UjXn3ZSOH2meUeEwVNRoXWsNRlh4wyKb8veUMB-t_yYyZJdmjrA,Main story banyak suara karakter tidak ada suara 👎🏻👎🏻👎🏻,1,0,1.1.1_1437351_1398019,2025-03-04 02:17:17,"Kami mohon maaf atas permasalahan ini, Traveler. Silakan hubungi kami melalui email atau feedback in-game untuk mendapatkan bantuan lebih lanjut tentang masalah ini.",2025-03-05 16:20:56,1.1.1_1437351_1398019
4dec4a65-82bc-4d1e-be7b-6bb72432dc96,Michael Sebastian Anwar,https://play-lh.googleusercontent.com/a-/ALV-UjWTWgDgFaHpWosax3io8il9qw2OsDhr8OYhBalEE4QdeiRkDBXo,"Nice Game, Storynya ga ngebosenin cuma ya kalo bisa sedikit dikurangi untuk yaping nya, event selalu bervariatif Jos untuk Mihoyo semoga bisa lebih baik lagi untuk patch kedepannya 🫰",5,0,5.4.0_30057195_30231699,2025-03-04 00:37:03,,,5.4.0_30057195_30231699
9364b2e3-03b1-4ba1-847c-84864ff82d2f,No_namedell001,https://play-lh.googleusercontent.com/a-/ALV-UjVS-TY_jvyJwPF7koLRP52mOmaO9RiysKozK1p7ifyssvcEUaML,Menurutku Gamenya bagus banget dari segi apapun,5,0,5.4.0_30057195_30231699,2025-03-03 22:54:39,,,5.4.0_30057195_30231699
e75ecb0c-c78e-44f5-8e63-ff97d5bdc1eb,Moch sans Gntg,https://play-lh.googleusercontent.com/a-/ALV-UjWqTb3AydaJJvz-hdaWWjF-inf3m-G7JMl3A28q350ZPStIgkM,Mantap man,5,0,5.4.0_30057195_30231699,2025-03-03 22:25:19,,,5.4.0_30057195_30231699
1ac196ea-70ba-444b-8615-a071d6831482,Alvin indranata,https://play-lh.googleusercontent.com/a/ACg8ocLsKJ5dzJfXboPzZqO3F_jxvabGxVeOXS0FbIzAqId2IVX5SA=mo,Selama ini oke,5,0,5.4.0_30057195_30231699,2025-03-03 21:46:53,,,5.4.0_30057195_30231699
9a38092b-fb25-4e72-85a2-7d8af46d3564,Indy Andika,https://play-lh.googleusercontent.com/a/ACg8ocI_4jOoWOB4cf9045YXZsYemOShcGHwegFaNYOVqrc-mMQpjA=mo,Keren,5,0,,2025-03-03 21:42:43,,,
d44e4f39-ff4d-4ec8-b76c-8d19f295e8c0,Lubab Najib,https://play-lh.googleusercontent.com/a/ACg8ocKKe3DScEkPMeAPl4IV8cHwExGW6pG3sO4esrpRVYxt8nHBqw=mo,Loading nya lama,1,0,,2025-03-03 20:21:53,"Halo Traveler! Mohon kunjungi website official Genshin Impact untuk mendapatkan informasi sistem perangkat yang diperlukan untuk mendapatkan pengalaman bermain yang stabil dan lancar. Selain itu, untuk menemukan sumber permasalahan ini, mohon hubungi tim CS kami melalui feedback dalam game atau email.",2025-03-05 16:20:42,
d72f508d-74bd-4187-83d3-54054caccab6,Zaki zoratri,https://play-lh.googleusercontent.com/a/ACg8ocLQszfITp8b3wirapzPpfDoKP7NjBGDzoCMrB_8Ir7YSpegPQ=mo,Seru banget,5,0,,2025-03-03 19:06:14,,,
f81c85ae-823c-42d0-a7a6-09c553239a77,Rizqy Ferdian,https://play-lh.googleusercontent.com/a/ACg8ocJajKz2423pf_YuGwOWs1mjCeg4EXg35cnw7Oiec8uGPn3-hA=mo,Bang mihoyo ini kenapa aku stuck putih di loading screen ya? Padahal baru selesai dari domain trus relog dan stuck putih setelah menekan pintu di loading screen,5,0,5.4.0_30057195_30231699,2025-03-03 18:59:55,,,5.4.0_30057195_30231699
a0532a92-d94b-443f-99bc-2a1dcc544850,Delvin Dwinugraha,https://play-lh.googleusercontent.com/a-/ALV-UjUE1ze0VykyPQXoEAHSHVYrY7vzydt4exrUBC5xr_h_otQruYf4,kocak😹,1,0,,2025-03-03 18:57:32,"Kami mohon maaf atas ketidaknyamanan yang Anda alami, Traveler. Kalau Anda memiliki masukan atau saran, silakan hubungi kami melalui email atau feedback in-game.",2025-03-05 16:20:21,
59ad4f20-bbbe-487d-8986-56a020a4408d,Akun David,https://play-lh.googleusercontent.com/a-/ALV-UjVHPFAG9YxQF6cLVP_Db9u8cQOdS-bgDXHJJ_1sNRhmXjqHNU4,Nice,5,0,5.4.0_30057195_30231699,2025-03-03 18:25:58,,,5.4.0_30057195_30231699
a523623b-7b2e-46ff-879d-f60099d4fb09,Alejandro Erviyansyah,https://play-lh.googleusercontent.com/a/ACg8ocIDRXtZdqIB9ICUYrrNXB_T9sfQOgLlYR_OEYaikvRIr8wWiA=mo,Masih banyak kekurangan sama bug yg harus di perbaiki,4,0,,2025-03-03 17:01:02,,,
e8a33a05-90ca-490e-b10a-440ff7819838,neha sherliy,https://play-lh.googleusercontent.com/a-/ALV-UjW801-Dylm7rp4cJiwsp2dJZ-qPP6q5tGJIUXqIBlHPzkyf9MI,GB nya gede bgt anjay😭😓,5,0,4.4.0_20481013_20559831,2025-03-03 16:45:17,,,4.4.0_20481013_20559831
396412f2-6290-4b11-8095-5c2ffc8f96bd,Vaniaa,https://play-lh.googleusercontent.com/a-/ALV-UjV5Mo-0SpBsrn_x4DUgMtak8ODXDQdDT6_MkcC0-oobTxAfJsgE,"dan yap,seru banget bisa explore dan bagian paling seru itu nge pull karakterr dan ngerjain quest",5,0,4.4.0_20481013_20559831,2025-03-03 16:08:57,,,4.4.0_20481013_20559831
48af9bd6-125d-4606-9b0f-16b95427166c,raisya kita,https://play-lh.googleusercontent.com/a/ACg8ocJRwSJS9OtKqrIFzoEMwnmEzKStKLrM-dj1yPpaYVpY8ZeQ8g=mo,my love,5,0,,2025-03-03 15:35:54,,,
9a1718d8-b92f-481b-ad04-c3fc809aa5fc,keenan haidar,https://play-lh.googleusercontent.com/a-/ALV-UjVZU-saiuZixTKwYo28ddD7dBctuDvoUUP-JU-CduYaugy6P7Vc,"Game bagus, kikir dikit tapi ok lah",5,0,5.0.0_26041933_26161852,2025-03-03 15:31:59,,,5.0.0_26041933_26161852
9e9698d7-a683-4995-95ba-ecdfe240e763,Aning Hafidz,https://play-lh.googleusercontent.com/a-/ALV-UjXcUu5c8R9hHoIXo19N_94487xuTNsI2KA8xdzKhzXAeJU3AuZv,"Size nya kegedean😿, tapi tetep bagus😹👍",4,0,5.4.0_30057195_30231699,2025-03-03 14:49:15,,,5.4.0_30057195_30231699
d39c312a-222e-4c37-a1a9-59167f43bef1,mush'ab_ fajrul.k,https://play-lh.googleusercontent.com/a-/ALV-UjXoUjuSQPedVbMrC4mL2B8j1C78NUYwUMfUDgEDDHAFHzW_UXB7,"Krn gw casual player/story enjoyer,pernah donlot adeknya gensin yg turnbase krn katanya g kikir,cma krn gameplayny gw g cocok jdiny bosen wkwk,padahal blm dpt story yg seruny. Jdinya gw lebih prefer gensin,dri gameplayny jg lebih menarik,krn ada elemental reactionny jg.Krn gensin ini gem rpg pertama gw,gw enjoy bgt sama archon questnya,apalagi Fontaine coy asli jgn di skip,rugi,disitu paling bagus wkwk.lore nya jga menarik klo kta gw.Game p2w? gw pke Aloy dri awal main, yg penting buildny bgs.",5,0,,2025-03-03 14:20:06,,,
f1e11442-98b1-4ccf-a2a7-3e4aa749e0af,Wira Setya,https://play-lh.googleusercontent.com/a/ACg8ocLF84Sgno8z1hf8nl6kZgBTuq62qGhK0vbA6fTvy97ampMfzw=mo,Bagus bangett luas banget mapnya tp enaknya mabar sama temen,5,0,5.4.0_30057195_30231699,2025-03-03 14:12:16,,,5.4.0_30057195_30231699
5e6d92e3-0a33-4400-8988-f377338df4a9,Adli fauzan daffa Adli,https://play-lh.googleusercontent.com/a-/ALV-UjUxkCyxLLS52CgHviwsfs-yK_T67kmzGPYiMmEWh171dUsgOEA0,Seru bangat buat isi waktu luang,5,0,5.4.0_30057195_30231699,2025-03-03 13:39:16,,,5.4.0_30057195_30231699
498530fa-34b3-4ea2-b6f7-45368857337c,Felly,https://play-lh.googleusercontent.com/a/ACg8ocKJye7BHIveWz2kKHBrA2kAt7GKVy89JTWCjbx9cCVSnznSLw=mo,Seru uy,5,0,,2025-03-03 13:28:03,,,
b4163b21-c629-45e9-aaf6-0f89ab6af210,Gilang ramadhan,https://play-lh.googleusercontent.com/a/ACg8ocIK5aUTvCBPl8mf2sDR6-FIO0tCX4GmWME3jNC3Y280vas-_g=mo,Bagus,5,0,5.4.0_30057195_30231699,2025-03-03 13:05:36,,,5.4.0_30057195_30231699
f35e2076-8306-4b78-bb3e-ed3578773217,Esa Syuhada,https://play-lh.googleusercontent.com/a/ACg8ocJ0jIlLbw-yosvVQvQS3pLnwCmOe6u0t3yZI93Uq7UqhALZrg=mo,Tolong tambahkan fitur skip saat menjalankan story,5,0,1.0.1_1112729_1135452,2025-03-03 12:11:05,,,1.0.1_1112729_1135452
2359a75a-3b10-4b8a-85d3-895644641b5b,Adi Nurmawan,https://play-lh.googleusercontent.com/a-/ALV-UjVcTLfKMywE333P5jAsyxVsgrUeeZlDbflWjx8sUAYbf82rclafEg,Terlalu lama untuk mengunduh data,1,0,,2025-03-03 11:36:37,"Kami mohon maaf atas permasalahan ini, Traveler. Silakan hubungi kami melalui email atau feedback in-game untuk mendapatkan bantuan lebih lanjut tentang masalah ini.",2025-03-05 16:19:56,
8e747c7e-cd92-4864-9938-cc41a7fa1794,Eko Rizki,https://play-lh.googleusercontent.com/a/ACg8ocI5uXzKl_mfT-SoiE7OPmd_FbDIP5u8g4oskocq0t-g5EdxqQ=mo,"Ndlogok, farming arte kagak di kasih elah",1,0,5.4.0_30057195_30231699,2025-03-03 11:14:49,"Kami mohon maaf atas permasalahan ini, Traveler. Silakan hubungi kami melalui email atau feedback in-game untuk mendapatkan bantuan lebih lanjut tentang masalah ini.",2025-03-05 16:19:47,5.4.0_30057195_30231699
7d0ba884-6522-49b7-9d94-16d6da89fe4d,Faris Alfarizi,https://play-lh.googleusercontent.com/a/ACg8ocKF4qlL0Ob2RcdzE65Wfsnny4NuFPE-ZWTlLuAcsK1ca9xHDg=mo,"game yg sangat bagus misi misi nya sangat seru dan grafik nya sangat bagus ,aku suka",5,0,,2025-03-03 11:11:10,,,
a40e2c94-274e-4296-be52-ca9987ca4db7,Alisha Hafizhah Wardana,https://play-lh.googleusercontent.com/a-/ALV-UjWrWJmpzHAm9LZZ9DVuwSUVLu5MdXaOLSd8q8cf-SVQqrjQkNU,"Bagus ini game, aku saranin main nya di pc atau tab, soalnya klo hp agak gitu lah, asik ini game cuma ga asik klo kalah gacha😃 Tolong ya segera hadirkan nahida atau wandarer soalnya aku mau gacha🙏🙏",5,20,5.4.0_30057195_30231699,2025-03-03 10:37:16,,,5.4.0_30057195_30231699
3c7114c4-7261-42f8-9a08-68d74ee901e0,Aldiyansyah,https://play-lh.googleusercontent.com/a-/ALV-UjU8r0eoDQ5zfWWDOREr0m9naSJARenYoh-kyT5weFg7JEpRAyY,Keliatan nya game nya bagus tapi aku ngga bisa masuk,2,0,,2025-03-03 09:15:29,,,
5df43fae-a185-4b84-9e69-bc72387fed85,Okto Nanda,https://play-lh.googleusercontent.com/a/ACg8ocI7MS6v2PqGhfasNMtCAa3csINy2Z8Yd49tQAoUj87P8CH9Ag=mo,bagus bgt tapi soal grafik tau lah hp kentang,5,0,5.4.0_30057195_30231699,2025-03-03 09:12:35,,,5.4.0_30057195_30231699
720d0b1a-e003-40b5-bde0-96ce7cfbc821,Totok Hari Dewanto,https://play-lh.googleusercontent.com/a-/ALV-UjWYBOEQCTsN4AgKmt5rHgY4HxswSh8aoeraaU0D_hL4wzv19YmO,Terbaik,5,0,5.4.0_30057195_30231699,2025-03-03 08:51:39,,,5.4.0_30057195_30231699
428257d7-8217-4f7a-be06-ff0386655b95,Malika Dwi Nuraeni,https://play-lh.googleusercontent.com/a-/ALV-UjWp-kiSpV1lPg-NfeX1IiEyig1XLZPGkFOUTXw_o-fgXh9FeR0,"Lama bgt menginstal nyaa, padahal saya pake wifi. Saya kasih bintang 4 dulu ajah, karena saya lihat ada komenan yg kurang bagus, jadi saya kasih bintang 4 dulu",4,0,5.4.0_30057195_30231699,2025-03-03 08:43:40,,,5.4.0_30057195_30231699
8aac31a9-95f2-4be2-bf63-859ada23de47,Febrian,https://play-lh.googleusercontent.com/a-/ALV-UjUxIYTQQprYd-nJiC5mDgysLZSt2KxWNugmVRv1FxdEVkP9wplBLQ,Please listen more to player feedback because it will really help Genshin Impact in the future.,4,0,5.4.0_30057195_30231699,2025-03-03 06:53:17,,,5.4.0_30057195_30231699
e47fdc8d-dfdc-49f4-afa9-f2f289236fa6,Syahrir Sanusi,https://play-lh.googleusercontent.com/a-/ALV-UjWrSa8hM2C7owWzFmxUT0vy5jejr8hUs5Cei8DTwk_8_haRTnY,GG gw suka grafik nya sama alur cerita nya,5,0,5.4.0_30057195_30231699,2025-03-03 06:42:29,,,5.4.0_30057195_30231699
3623458a-0cf8-4823-a291-18f27c11cf93,Risiki Adi saputra,https://play-lh.googleusercontent.com/a/ACg8ocIX22vTlyKBCe62CMY2xLmn39Z7GLDWcKYBKhWOlLofCUmp=mo,Sangat bagus ini adalah game petualangan yang sangat bagus,5,0,5.4.0_30057195_30231699,2025-03-03 06:41:50,,,5.4.0_30057195_30231699
bb874723-729b-4954-939c-a9bf91bc92c5,Naufal Nawwarudin,https://play-lh.googleusercontent.com/a/ACg8ocIuvjh_mAj7PQVERKJPFeuuwP2pYTtBAGqY0HpFYUmNWNvtDw=mo,game p2w terus kebanyakan yapping👎🏻,1,0,5.4.0_30057195_30231699,2025-03-03 05:02:36,"Kami mohon maaf atas ketidaknyamanan yang Anda alami, Traveler. Kalau Anda memiliki masukan atau saran, silakan hubungi kami melalui email atau feedback in-game.",2025-03-05 16:19:37,5.4.0_30057195_30231699
8da30b2e-4936-4eab-b4f6-91d1aa221322,Puguh Gambiro,https://play-lh.googleusercontent.com/a-/ALV-UjWtZqhJhLmAEb_bFRCqGeJD6Mb2WbXl3yCUYZaTKQd2ZHW97OeW,Best rpg ever,5,0,5.4.0_30057195_30231699,2025-03-03 04:38:47,,,5.4.0_30057195_30231699
863d51fe-da83-494e-8a0d-a01e427a4761,Joy Boy,https://play-lh.googleusercontent.com/a-/ALV-UjVEZZvdYl3USXsqsPaIr4YDyJkDl46p1Ip6ric9RsbkvbXbsjU0,"WOI ARTE NYA NAIKIN PRESENTASE STAT BAGUS LAH, STRES FARM ARTE BOSOK MULU",1,1,,2025-03-03 04:11:54,"Kami mohon maaf atas permasalahan ini, Traveler. Silakan hubungi kami melalui email atau feedback in-game untuk mendapatkan bantuan lebih lanjut tentang masalah ini.",2025-03-05 16:19:22,
b84deb6b-4240-4dbf-b990-51f5fad9716c,budi miracle,https://play-lh.googleusercontent.com/a/ACg8ocKb7at6r_CQLIkB-0YWrYNqNju09_MkjEoYct8Bt9ozrPe1Ww=mo,rate off nya ampas,1,0,,2025-03-03 02:30:07,"Halo, Traveler! Traveler dapat melihat aturan sistem Wish di bagian [Rincian] pada halaman Wish. Jika kamu memiliki pertanyaan tentang perincian dari aturan tersebut, silakan hubungi tim Layanan Customer Support kami melalui feedback in-game atau melalui email.",2025-02-14 18:22:20,
e7faad18-240f-4416-a3e2-98837c716ca5,ワンディインドラ,https://play-lh.googleusercontent.com/a-/ALV-UjU4shMq7gkw2xsg7ggwAgwuTiudFuTIfhw0wcWDWPbllQjCSVGC,Please skip button story!,1,0,3.5.0_13082099_13156424,2025-03-03 00:28:28,"Thank you for your constant support of Genshin Impact. We welcome any valuable input from you. If you have any comments or suggestions you would like to share, please feel free to contact our Customer Service team via the in-game feedback channel or email to help us improve the game.",2025-03-05 16:18:33,3.5.0_13082099_13156424
8969fda2-444d-439a-961a-7ae2f7cc52fb,Moch Husein Heriyanto,https://play-lh.googleusercontent.com/a-/ALV-UjVJesKu_m2UUVQj56Qx3rW3JrPbtknjq62RAGBYqJsxDkpDAH_y,"Game nya kebanyakan omong (YAPPING), setiap mau menyelesaikan Quest/Event butuh waktu yang banyak karena kebanyakan omong (YAPPING) di setiap Quest/Event nya, padahal sudah 'Tap - Tap' tapi tetap aja butuh waktu yang lama. Tolong untuk Developer game ini Dialog (YAPPING) di setiap Quest/Event dikurangi.",1,0,3.2.0_10872902_11078128,2025-03-02 22:10:05,"Terima kasih atas dukungan Traveler terhadap Genshin Impact. Kami menerima secara terbuka semua masukan/umpan balik dari kalian. Jika Traveler memiliki saran atau masukan, jangan ragu untuk menghubungi kami melalui feedback in-game atau email.",2025-03-05 16:18:17,3.2.0_10872902_11078128
8d0ef749-ce0d-4839-aba5-152da427f763,Lord 0_0,https://play-lh.googleusercontent.com/a-/ALV-UjVc0KHF5MIsqHVY08o-FlfRkc8uRdS_hOHU1twYdbTxJj6vXKo,Grafik nya kren,5,0,5.4.0_30057195_30231699,2025-03-02 19:39:55,,,5.4.0_30057195_30231699
9bddf5b4-5e4c-49cd-8b35-9bb644ead7f1,PuXyz,https://play-lh.googleusercontent.com/a-/ALV-UjVp9i-pJsKAyp8XfuKxGqERDCQ2WSK36PNlJE6UL0i8zM6ST9Q,Gamenya bagus tapi saya sudah bosan,5,0,5.2.0_28336591_28351161,2025-03-02 19:39:38,,,5.2.0_28336591_28351161
a4c17c85-6844-44c5-85e1-06ea26a0c6c6,Khania Nia,https://play-lh.googleusercontent.com/a/ACg8ocKX6WFGFZTWqQvuNloCac2bAUHEM5srjght4fEWSNNuzIjahQ=mo,Seruuuuu,5,0,5.4.0_30057195_30231699,2025-03-02 17:20:39,,,5.4.0_30057195_30231699
6e06c3e3-f974-4378-b8d1-95c710c26416,Dwi_ Haikal,https://play-lh.googleusercontent.com/a-/ALV-UjWULaJB3fy2pwNkYSEdmasEA0vul5K-ehnvhrjCbnWI7v8N06lq,Dari dulu pengen main genshin akhirnya 01-19-25 bisa main udh sebulan lebih. Game nya bagus saya sangat suka -1 aja kalo ret of jangan kasih qiqi udh dpt 1.moga ga c6🗿,5,0,,2025-03-02 16:47:29,,,
39a55211-84bc-4453-9c91-f1e9a3d184ca,Tabibito,https://play-lh.googleusercontent.com/a-/ALV-UjWb41N5y2ie3TyzfRZV4KrTqL1eJREywfJu__cwjMbsH38yarimlw,Bagus udah ngak kikir lagi👍,5,0,5.4.0_30057195_30231699,2025-03-02 16:44:56,,,5.4.0_30057195_30231699
ebecce09-a857-43d5-8a16-2f9ab0b08a2b,Astro Guy,https://play-lh.googleusercontent.com/a/ACg8ocJ9EuKqWH2tUeH-Zx0hJqYmI_R9aj2Tw71vE_ifnI8vg5-5iQ=mo,kasi gw primo yang banyak,4,0,5.4.0_30057195_30231699,2025-03-02 16:43:16,,,5.4.0_30057195_30231699
5ccd6aab-fc5a-4f63-aaeb-5cd26389d0c7,Cybele,https://play-lh.googleusercontent.com/a-/ALV-UjUIiRSRsmfnQVmMCJYO44ZsfZTkxtL_TbilLsIdfBMYfLxkSoo,please make more male characters and make them as handsome as possible XD,4,0,5.4.0_30057195_30231699,2025-03-02 16:29:48,,,5.4.0_30057195_30231699
b75302e7-43bc-4ef4-8b1e-c1b31e32f5ea,My Person,https://play-lh.googleusercontent.com/a-/ALV-UjXVgGw3rRr3Kqw7nkDTR97oe6G2tONGPQ44EIBef2SDJIIWDdk,"Overall saya enjoy main genshin, tapi untuk akhir² ini gamenya ngelag meskipun tidak ada masalah di device maupun internet. Mohon segera diperbaiki kendala saya",3,0,5.4.0_30057195_30231699,2025-03-02 15:21:55,,,5.4.0_30057195_30231699
f40d755c-e2fc-41ac-ba50-822456d90628,maharani g,https://play-lh.googleusercontent.com/a-/ALV-UjWCVGLzFP06xSb64BWSPGhos5kSSKOJSvWfjr8tWndU1JJeUfs,Gamenya cukup lumayan cuman dalam storynyakan ada cerita disitu g bisa di skip jadinya sangat lama.,5,0,,2025-03-02 15:16:25,,,
02e4d348-9206-496e-a961-07f1c6a0878f,0079 MUHAMMAD FERDYNAN ALI SYAHBANA,https://play-lh.googleusercontent.com/a-/ALV-UjXIdbVUUXmygx412o2Q2CkuaCaekmBlGxb4aGsCDlwX0HNgQzQ,"saya ada saran, tolong beri 2 pilihan saat percakapan dialog story, bisa skip percakapan tapi bayar pakai primo, bisa nonton tanpa skip nanti dapat primo...",2,0,,2025-03-02 15:05:26,,,
54fa9f58-4df7-4492-8660-93333216ffa3,Evin daffa Riyandra,https://play-lh.googleusercontent.com/a-/ALV-UjXG8NL-hlQ5jSbA9p7wvmnPSWOoIfbroNc-6FWEA6nbii68zQ-uLA,"Apakah kalian sangat membenci saya? Dari kemarin saya ga dapat B5, ini membuat proses main saya terganggu, saya ga bisa clear misi dan clear quest, tolong dong, apa apa ada yang salah dari cara saya bermain? Ini membuat saya sangat kecewa",1,0,5.4.0_30057195_30231699,2025-03-02 14:54:55,"Halo, Traveler! Traveler dapat melihat aturan sistem Wish di bagian [Rincian] pada halaman Wish. Jika kamu memiliki pertanyaan tentang perincian dari aturan tersebut, silakan hubungi tim Layanan Customer Support kami melalui feedback in-game atau melalui email.",2025-03-05 16:17:12,5.4.0_30057195_30231699
f0d88717-9bc7-49cd-bfba-08edf15efee5,Cs Junior,https://play-lh.googleusercontent.com/a-/ALV-UjX4YyXTIgx9Z4cn1xV0hBXFGpsPvhsit4K9ItvI6IanXQal5ng,"GAME INI ADALAH GAME TERBEST YANG PERNAH AKU MAINKAN. Dari storynya, Misi (sulit dan mudah pun ada), dan karakter. Karena terkendala memori penuh dan ram yang tidak memadai maka aku hapus game ini (bukan karena jelek, cuma meliat performa dari hp gw mending main di PC aja). Thanks developer ❤️",5,0,,2025-03-02 14:48:53,,,
7c98a280-2073-4dc7-bc9f-f2696892b9a4,Farhan Apriliansyah,https://play-lh.googleusercontent.com/a-/ALV-UjWcvwHKZ15GpApGBwPgHTcBB2Ph7utTJUaoht-pnsWHb05DzAM,Versi paling ampas menurut gw dari awal gi rilis ya di versi sekarang (5.4) dan kek nya pensi emang pilihan utama sih soalnya dev nya juga kek udah gak niat ngembangin game nya:(,1,1,5.4.0_30057195_30231699,2025-03-02 14:24:25,"Kami mohon maaf atas ketidaknyamanan yang Anda alami, Traveler. Kalau Anda memiliki masukan atau saran, silakan hubungi kami melalui email atau feedback in-game.",2025-03-05 16:09:40,5.4.0_30057195_30231699
b4929bd4-2565-4881-a520-ea51530ed619,Fiqri Helfiyandra,https://play-lh.googleusercontent.com/a-/ALV-UjUUj50nrlSfsARL8SG7zFZWjXnhUA66BRdSC3MiqPvCfLgIict1,"Animasi kaku,event gitu gitu aja boring",3,0,,2025-03-02 13:54:54,,,
64f45c7b-ec26-43eb-bd47-b2f5b1e500f4,Faiz Akbr,https://play-lh.googleusercontent.com/a-/ALV-UjWdUs8a6WzyJMN2xLiFhLwzSUbllR6OovkcN-mvpf5hU30aIz6z,natlan uptade are p2w tbh,3,0,5.4.0_30057195_30231699,2025-03-02 13:52:14,,,5.4.0_30057195_30231699
2b852100-a72a-4927-b994-54d3e7adef5b,yei jun,https://play-lh.googleusercontent.com/a-/ALV-UjWLVB15TMiKOCNqA3mt7OVKOsVPyiRQYagZLFnlYm4eu0tDxPE,Ingpokan banner 5.5 sekarang🗣️🔥,5,0,,2025-03-02 13:31:29,,,
ba844bad-993f-41d8-9608-0cb9fe853a8f,Sultan Rasyid,https://play-lh.googleusercontent.com/a-/ALV-UjUvqjJ2-a3RHdc7hiyJVTxMK5g4I-vTU8wvX3RmKP5IjAqetQ4,Seru,5,0,5.4.0_30057195_30231699,2025-03-02 12:03:40,,,5.4.0_30057195_30231699
eaa627ad-95bf-4ffe-bd39-f350e5f71cb8,RASYA HAFIZ SANTOSO,https://play-lh.googleusercontent.com/a-/ALV-UjWGnUmbz2vOF46SfMQj1Ri_KBCMUKZ3oTucoZgL9D_ZHODhCDG5,Game petualangan terbaik,5,0,,2025-03-02 11:23:27,,,
38d956e0-7b6a-436b-8a66-ae657f4df552,Rama Dani,https://play-lh.googleusercontent.com/a/ACg8ocLJ6Ffquf-6hk5j2bM359llRy9kI7bQ4XYkGFPlWSDu8dli5A=mo,Wel,3,0,,2025-03-02 10:09:16,,,
7d77e0dc-2326-402d-8f84-4b9d6c5d655a,Raisha Syifa fawwazah,https://play-lh.googleusercontent.com/a-/ALV-UjVRsMd7ubjrc29C9r089hPlAcOdGoBUHeXnmxQIied3vXwsNGO-,BAGUSS BANGETT SUKAAA,5,0,5.4.0_30057195_30231699,2025-03-02 09:49:17,,,5.4.0_30057195_30231699
4666a6f0-f44a-4413-81f3-fddda9ed9338,Nadilla,https://play-lh.googleusercontent.com/a-/ALV-UjWeyLi3q5gAQ_smyT77rXUG2ZyVhmpE4QluU8WyoJUBb9w7RldE,Wishing nya kek ampas,1,0,5.4.0_30057195_30231699,2025-03-02 09:29:45,"Kami mohon maaf atas ketidaknyamanan yang Anda alami, Traveler. Kalau Anda memiliki masukan atau saran, silakan hubungi kami melalui email atau feedback in-game.",2025-03-05 16:13:48,5.4.0_30057195_30231699
53226ef2-210d-46e4-9b33-b95e92536308,Shakira Aqifa,https://play-lh.googleusercontent.com/a/ACg8ocKYWjSYi7_2dsklPw2KeeEXEb3MLo9ArEdAiTE4o9-Nj1C8xA=mo,Gamenya bagus tapi mohon loadingnya dipercepat ya😁 soalnya aku gk sabaran game hoyoverse terbaik,4,0,5.4.0_30057195_30231699,2025-03-02 08:07:22,,,5.4.0_30057195_30231699
fd008009-dc57-42f3-926d-7136c51027c4,Jeffrey Emmanuel,https://play-lh.googleusercontent.com/a-/ALV-UjWmU-qWw_rhwVbvcLM5IUtxoY21G2wSPS6jycEz4seUNA-oQh5T,Bagus,5,0,5.4.0_30057195_30231699,2025-03-02 07:22:08,,,5.4.0_30057195_30231699
3eeb6255-3490-4a52-8abf-0997c0643851,Slamet Danas Woro,https://play-lh.googleusercontent.com/a-/ALV-UjWUZ4C7G5Tr-AcQD3cNmAG-asrLQEPyEwvhrNi2-IN_nNYagTyK,Good game,5,0,,2025-03-02 06:32:52,,,
470ab78d-a2eb-4a49-afa5-ba165ef461d5,WILDAN Chabibi,https://play-lh.googleusercontent.com/a-/ALV-UjXuVlPlosaNlnlpsHLmNRtriRlhyaJjllcYx0swIDiLP9ev7mo,Kukasih bintang 4 karena kurang puas saat main di pc voice aktor Inggris karakternya saat quest bisu tolong diperbaiki,4,0,,2025-03-02 06:26:13,,,
ac47b3cf-6545-4628-b894-703694a4ba78,kenzo 84,https://play-lh.googleusercontent.com/a-/ALV-UjU5ZheMNx7-BqUg7_EX5OTMI2NrrCfrGlNzmyPsH1rWBxt81__o,Seru banget😁😁😁 (sebelum kalah rate of🤓),4,0,,2025-03-02 06:05:29,,,
2a98995c-69e1-499b-b918-9e3b254ed736,M Idrus,https://play-lh.googleusercontent.com/a-/ALV-UjVfwjyCl0GLKno1wqTQDzfeqr6ZWqSzwVrqSUAsGuK4MKzHQVo,Lumayan seru buat nemenin ke gabutan,5,0,5.4.0_30057195_30231699,2025-03-02 04:32:20,,,5.4.0_30057195_30231699
795e7a4f-c4de-4c6a-9bd6-a437be5f1df9,Moh Danandra,https://play-lh.googleusercontent.com/a-/ALV-UjXD4VqyRCcovF_8HHZPnwz8vHDiI_cyv1k0yeMsb2n5wKtanbsB,Saya suka game pelit,5,0,5.4.0_30057195_30231699,2025-03-02 02:45:10,,,5.4.0_30057195_30231699
59dc2413-e95b-4429-9411-00de976e45b6,Andre February,https://play-lh.googleusercontent.com/a-/ALV-UjWYrI0IvG93N8kVwnz_8jg4cawz4QiB2CQMrTa023q3CCJVdgc,"Kalo mau login sering keluar sendiri, itu kenapa min?",4,0,,2025-03-02 02:37:10,,,
07321b08-2428-4aff-952f-eaf3509557ea,Khoiru Amrin,https://play-lh.googleusercontent.com/a/ACg8ocKlINYAQnMDtmyTXTU594_RAJihXN7076KDzRtk-sev8xCNXQ=mo,Bagus,5,0,,2025-03-02 02:18:14,,,
6fa97360-b1c5-43d6-ab63-6c6b3278f0ee,Perahu Terbang,https://play-lh.googleusercontent.com/a-/ALV-UjVKmNW_mJ6zJ3oRQx8RE-RcVpzm3P5VTbhB8ZovB-mP1OyHCsc,"Grafiknya sangat memanjakan mata, permainannya sangat keren, petualangan,pertempuran,tekateki semua ada.",5,2,5.4.0_30057195_30231699,2025-03-02 02:03:39,,,5.4.0_30057195_30231699
13d5b6e1-39e8-47fb-84a1-ffbde48d225c,Mas Ferdy 1679,https://play-lh.googleusercontent.com/a-/ALV-UjU0as0aCWYIAQsXyOIasySjQSN2JDhh-kood5ftFSrJ_v4-Wk_O,sudah bagus. cuma mohon dioptimalkan di perangkat redmi note 13. bair rata kanan semia. terima kasih.,5,0,5.4.0_30057195_30231699,2025-03-02 01:43:29,,,5.4.0_30057195_30231699
852fcec6-d501-4659-8167-66575959178c,KUROGAMI,https://play-lh.googleusercontent.com/a-/ALV-UjXQBK41lZXTd-GiDAIx-oAk9dtW7o8maFBH8Tw_Cfzmk-avhX0,Ping server asia yg tergolong cukup tinggi,5,1,2.1.0_3981765_4073622,2025-03-02 00:05:15,,,2.1.0_3981765_4073622
56b6894a-776a-422c-8040-91b9d417a9d8,BIMA Dwi,https://play-lh.googleusercontent.com/a-/ALV-UjVIexxkcrfCPwfrjjKE1GQUOMC14tPeK6H-bEUPv74oEqBCcrm3,Aku gacha GK dpt dpt 😡😡,1,0,,2025-03-01 23:28:33,"Halo, Traveler! Traveler dapat melihat aturan sistem Wish di bagian [Rincian] pada halaman Wish. Jika kamu memiliki pertanyaan tentang perincian dari aturan tersebut, silakan hubungi tim Layanan Customer Support kami melalui feedback in-game atau melalui email.",2025-03-05 16:13:38,
79bb6860-00c0-4da6-9970-6a3087a971fe,Andreansyah Firdaus,https://play-lh.googleusercontent.com/a/ACg8ocI4TdjOkqOaqtJSw73g93AoplolFcrS3K1ZcbwmIX3S7yM-3g=mo,"Dialog antara karakter sangat panjang dan membosankan, dan tidak ada fitur skip",2,0,,2025-03-01 23:06:19,,,
b643c48f-8ad9-4b9d-9431-99d08278a8f5,Krismas,https://play-lh.googleusercontent.com/a/ACg8ocJeFUYVaELDctnmzSYPQxNwUR9oU5j5lHOd7nj0exynrGReRQ=mo,Aku sangat menyukainya. Tapi semoga download datanya bisa lah di agak di percepatan biar gak terlalu nunggu lama🥰,5,0,,2025-03-01 22:37:13,,,
8e9ba9d9-0cc8-4823-8c77-08df75101f43,Fadel Muhamad,https://play-lh.googleusercontent.com/a/ACg8ocIMRfWJQr17Yu60FI0w8MYJG-9KzBvJ5pZosyLunOE9JVxgWQ=mo,"Plis lah hoyo udah 2025 masak belum ada tombol skip story, terutama story dunia dan cerita, archon mah gak usah karna gw memang ngikutin tapi story lain astaga fillerrrrrrrrrrrrrr jadi muak pls lah hoyo adakan skip story",1,0,,2025-03-01 22:01:53,"Terima kasih atas dukungan Traveler terhadap Genshin Impact. Kami menerima secara terbuka semua masukan/umpan balik dari kalian. Jika Traveler memiliki saran atau masukan, jangan ragu untuk menghubungi kami melalui feedback in-game atau email.",2025-03-05 16:13:00,
84373368-e3e0-48e5-8695-01474e77ef53,Tze J. Loyard,https://play-lh.googleusercontent.com/a-/ALV-UjWioQhSCnnM1uoskf-SohPnQVo5N31avdMTS0892j-voP8j9lng,"sediain tombol skip kalo ngelag kgk enak banget dialognya mulai dari awal, udh gitu percakapan npc yg ga penting aja bisa setengah jam",1,0,5.4.0_30057195_30231699,2025-03-01 21:45:09,"Kami mohon maaf atas ketidaknyamanan yang Anda alami, Traveler. Kalau Anda memiliki masukan atau saran, silakan hubungi kami melalui email atau feedback in-game.",2025-03-05 16:12:37,5.4.0_30057195_30231699
7f514787-fcc1-46c3-ad8e-06b8a7b5fcf6,R Sunandar,https://play-lh.googleusercontent.com/a-/ALV-UjUXNmZcNMV8385za2kwy0zfBJQnm0uSLqBnzuMFhPAeKzGTyjcW,Kenapa saya tidak bisa masuk game. Apakah sedang error?,2,0,5.4.0_30057195_30231699,2025-03-01 21:44:07,,,5.4.0_30057195_30231699
7e73d33c-2a60-45fe-bc2f-9beeed7341fd,Deryzzデリー,https://play-lh.googleusercontent.com/a-/ALV-UjXvnb9-XERPtR6qfOTfofLebI9LMwWh2qTc1hjNWPVHQXs0FAw,The best⭐⭐⭐⭐⭐,5,0,,2025-03-01 21:34:25,,,
de42ff2b-50f5-4867-a948-c2e6459c5a0f,Silviatul Karomah,https://play-lh.googleusercontent.com/a/ACg8ocI38rjp4jrPguRuwwzdpf-QLcfGPcD1_X0CJ0PX5pBk877WMQ=mo,Makin gajelas game dongo,2,0,5.4.0_30057195_30231699,2025-03-01 20:15:02,,,5.4.0_30057195_30231699
6f2809a1-9896-4e35-806a-a7eb0eb9075c,Sycaa rhy,https://play-lh.googleusercontent.com/a/ACg8ocJYBR0ZoMerz5hwIYi3jBp2xZAutVYYr9knXqDLwcUTg7I5DA=mo,Bagus,5,0,5.4.0_30057195_30231699,2025-03-01 19:24:03,,,5.4.0_30057195_30231699
3a56bf3b-6002-459a-82d7-8d4c53f7b3a1,accml bns,https://play-lh.googleusercontent.com/a/ACg8ocKlWXCZJhnUe-3cAftC_6hg6_q49HpxxKI5uBpM2AuTrNTw4Q=mo,Nice i like the game,5,0,,2025-03-01 19:21:31,,,
d0ed23fa-bd13-488f-8e4e-5ced76cd3856,Dety,https://play-lh.googleusercontent.com/a/ACg8ocIVESnFzgGy7v7JFe8I1Mk48djOYuJ1kWEJ7R_iZO6CTJRmxA=mo,Game nya bagus bgt gegara ni game temen ku banyak bgt game nya juga menantang pokoknya seruuu,5,0,5.4.0_30057195_30231699,2025-03-01 19:03:34,,,5.4.0_30057195_30231699
01e90bf8-1a86-4225-a9f6-420db25641a5,IU n,https://play-lh.googleusercontent.com/a-/ALV-UjXTN7b1xFhExSehIiFexKV67I6lN8dUZuD8b5Bg7ufeeZYqtyRB,"asik banget nih game, ya walaupun kadang artefaknya ga bagus",5,0,5.4.0_30057195_30231699,2025-03-01 17:28:26,,,5.4.0_30057195_30231699
d3c8ef8f-ad9f-411f-8588-520834051885,Beni Krisma,https://play-lh.googleusercontent.com/a-/ALV-UjVaMU57MkGhGCM1TJCc1QxQpdXV5ZCPh_n_xepzkQJGW-SMa5U,terlalu besar makan kouta,1,0,,2025-03-01 17:23:36,"Kami mohon maaf atas ketidaknyamanan yang Anda alami, Traveler. Kalau Anda memiliki masukan atau saran, silakan hubungi kami melalui email atau feedback in-game.",2025-03-05 16:11:58,
d12bf37c-4524-432a-b488-3a79307809be,Cholis Muhibudin,https://play-lh.googleusercontent.com/a/ACg8ocIGMKa5XJIRrhkdlfvIUFPOdawmznrr4YDmVcoGC9DyC1rp3g=mo,keren,5,0,5.4.0_30057195_30231699,2025-03-01 17:11:15,,,5.4.0_30057195_30231699
f48b0938-10a4-4aec-9cd4-42bf783e1f25,Bigdon sweet paradise,https://play-lh.googleusercontent.com/a-/ALV-UjX3z58EIoMGgRsNUC4oxWtVD1ghLBot5NVjl8avUG3bZ3YehX4,Force close infinix hot 50,3,0,5.4.0_30057195_30231699,2025-03-01 16:50:53,,,5.4.0_30057195_30231699
ef3419eb-873a-40f3-b858-f84e404a6a31,yuuta kenichiro,https://play-lh.googleusercontent.com/a-/ALV-UjXmmTxMWqsyJnAgQ9Xnw5HLC9E8cUeB-kxWdWEi3mf42E975zvg,"game kikir, cape nguli terus ujung ujung nya rateoff, even memang sistem nya gitu, alangkah baiknya kami di permudah demi kenyamanan bermain.",3,0,5.4.0_30057195_30231699,2025-03-01 16:03:00,,,5.4.0_30057195_30231699
bae7ba35-fb94-424a-b833-ed612867bbd4,ilham ilhami,https://play-lh.googleusercontent.com/a-/ALV-UjWU5PKfi1ktnZwJ-39ykfIey5ub4O7CZzZJ6nFmVgnmIJsXR1Q,Game nya bagus cocok buat explore semua map,5,0,5.4.0_30057195_30231699,2025-03-01 15:04:09,,,5.4.0_30057195_30231699
66ee4cee-19ce-484e-8792-eee2589bf59b,Bobby Febri Nugraha,https://play-lh.googleusercontent.com/a/ACg8ocJzOkyUDY74JQRR7bwQf8SH8KUgPhq-nr--5txUNmKaJ8A0Vg=mo,Asikkkkkk bnget grafik oke,5,0,,2025-03-01 14:46:35,,,
5306894c-e293-4de2-b164-b3853cc74114,Andy Trizmayadi,https://play-lh.googleusercontent.com/a-/ALV-UjUzrZpLgZ__rOIEs6QuHFdGMKQs1ZUdZBxSNNKXPgx0Yp8pbyzZ,Cerita bagus grafik bagus pokonya keren,5,0,5.4.0_30057195_30231699,2025-03-01 14:04:39,,,5.4.0_30057195_30231699
2650c357-bbaf-4f5c-921d-5dab026f10ed,yohannes manurung,https://play-lh.googleusercontent.com/a-/ALV-UjUTaDQ9Mqybw4y2DkGlg4EDFWI5_0YJRjXLEmIT5YACq5qunI5LJw,Good,4,0,5.4.0_30057195_30231699,2025-03-01 13:50:56,,,5.4.0_30057195_30231699
703e9272-1fea-4bcc-9c27-617a3c35e5dd,Bhima Almajid,https://play-lh.googleusercontent.com/a/ACg8ocJ7xYqR_Xo-60gbp0YQQKx9EEWONIN85gd15ZsENjVgkmInuQ=mo,"I got none to say... Its either good or bad... Sometimes its chicken, sometimes its hotdog and most definiently... Just try, i mean TRY having fun on this game",3,0,5.4.0_30057195_30231699,2025-03-01 12:56:03,,,5.4.0_30057195_30231699
196b299b-09a2-498e-8bdb-ab88121096a1,Esty ayudilla,https://play-lh.googleusercontent.com/a-/ALV-UjWGtFyPibuLPtGD6MIRtMX5IH7G_xRGFc0FJMjPsLy9gdGaGdv2,"y bgus, char nya cakep(termasuk alhaitham) aku tambahin kalo capitano nya playable(agk maksa)",2,1,5.4.0_30057195_30231699,2025-03-01 12:44:39,,,5.4.0_30057195_30231699
079c6db0-1191-4fd2-9340-b31cae405ff5,Ozzillo Nugroho,https://play-lh.googleusercontent.com/a-/ALV-UjUfEWYAwCU6JmCz7izOrMWg_JMTXM-2VXrlNInEeybes6fTmnw,Seru bangett,5,0,5.4.0_30057195_30231699,2025-03-01 12:17:18,,,5.4.0_30057195_30231699
f44835ed-f252-4a1b-a505-32b60ca5f9ed,Nofrandi Ryota,https://play-lh.googleusercontent.com/a-/ALV-UjURlUjk93_p_ec0d6Oxt5_weDTU0NqTsmd5R_xylwll5WN10CvL,Asik sih berasa masuk Isekai,5,0,,2025-03-01 11:28:56,,,
9407aa8b-166a-410f-9e56-c253d15ad4d2,ririka,https://play-lh.googleusercontent.com/a-/ALV-UjXoQOtzM1ZUPwhVSCUwJyf0CvnJRiBW7F7R1U9ucKRtULtSSmlE,didn't like natlan.,1,0,2.5.0_5517525_5674503,2025-03-01 11:03:21,"We sincerely apologize for your unsatisfactory experience, Traveler. If you have any feedback or suggestions, please send us an email or contact Customer Service via in-game feedback to help us improve the game.",2025-03-05 16:07:17,2.5.0_5517525_5674503
6829e79b-8ac4-41a6-b0e3-16e435fefcbc,Raska Yusuf,https://play-lh.googleusercontent.com/a-/ALV-UjUtPdeR1LtmRBkzMjQJM2vwmed-1NW21UitRdNC4OyTVsNMp8Y,Bagus game nya tapi karakternya dikurangin yang seks seks nya soalnya keponakan saya main ini jug,5,0,,2025-03-01 10:30:21,,,
061f53bc-017a-4138-8e6a-538c471bb8be,ディカDika,https://play-lh.googleusercontent.com/a-/ALV-UjW9eNde4TX3MUZ44mRyZwBWjsfrqEJKBQEIKPcOlOLMChd-0SlS,♥️,5,0,5.4.0_30057195_30231699,2025-03-01 10:28:53,,,5.4.0_30057195_30231699
d4842399-726c-421e-ba01-05674adeb83e,Yami Marik,https://play-lh.googleusercontent.com/a/ACg8ocI5bWfbN0iROOdChJZgMb-8zmV7J5WeijlQBWchwb4cabVFhQ=mo,Makin seru,5,0,5.4.0_30057195_30231699,2025-03-01 09:37:01,,,5.4.0_30057195_30231699
9ba0316b-bceb-432f-afa2-33e8b63394b1,B' Three,https://play-lh.googleusercontent.com/a-/ALV-UjVO380Rye5_BCglXOk9IGf0Rp01tiHuTHWklNwxv2lQD6pBIW5L,Bad Server,1,0,5.4.0_30057195_30231699,2025-03-01 08:59:35,"We sincerely apologize for your unsatisfactory experience, Traveler. If you have any feedback or suggestions, please send us an email or contact Customer Service via in-game feedback to help us improve the game.",2025-03-05 16:07:07,5.4.0_30057195_30231699
e84b7851-31d3-481c-bf1b-25a9b67d96fa,David Gunawan,https://play-lh.googleusercontent.com/a-/ALV-UjXzjWuLOULR7Wn1AOGdhg_yZdCTLii0tYHuSVAPYwBnXT0EhhI,Woi min kok game tiba tiba suruh topup min ini gimana ya 😄 Kalau di benerin di kasih bintang 5,3,0,,2025-03-01 07:03:08,,,
5f834ba6-8a27-40f1-8470-edf16d5f3c7d,faiqstorestore faiqstorr,https://play-lh.googleusercontent.com/a/ACg8ocL9lty5cbWtZxX395wl4w7qIxeHXyOurfn3Szk870TngBFB7A=mo,Sangat seru,5,0,5.4.0_30057195_30231699,2025-03-01 06:45:22,,,5.4.0_30057195_30231699
dff3989f-1e9d-443a-9c8a-90ecd6873fc2,Dea Purnama,https://play-lh.googleusercontent.com/a-/ALV-UjXlQ2JgUf7i0lPjk3288vciKagO0TwA38I2J7WPcXDiGS2tF6V6,game ini sangat seru ! 🫶🏻,5,0,5.4.0_30057195_30231699,2025-03-01 06:39:59,,,5.4.0_30057195_30231699
527de9db-277b-4000-9889-863db836327a,candrew,https://play-lh.googleusercontent.com/a-/ALV-UjWGbUeGMNUgT3YBFOdwkIgre7ysKFpVIZgdSRen1WuYRbXxQ1LR,"Dialog panjang, lawan musuh sampe sekarat + makanan habis tapi reward nya dikit, ga setara. semoga kedepannya reqardnya di banyakin.",2,3,5.4.0_30057195_30231699,2025-03-01 06:12:26,,,5.4.0_30057195_30231699
949e7d21-4517-4a26-9912-9adc4d2653d5,Novan Ardiansyah,https://play-lh.googleusercontent.com/a-/ALV-UjXUmiGOdJgvOkkFvCh8qASBgTvLrNVvpKLgBXmEw5cCtT7QMsYe,mohon ditambahkan tombol skip,5,0,5.4.0_30057195_30231699,2025-03-01 06:08:49,,,5.4.0_30057195_30231699
0ed92f6e-cc73-4202-b96c-786d062a4e78,Aldiyansyah TE (Aldi),https://play-lh.googleusercontent.com/a-/ALV-UjV-rOPjJY0jYx6EyaV8cW68dF9tuKLmC_T0wy5tOcrFAwlhbVA,kikir,5,0,,2025-03-01 06:07:20,,,
49658653-ce2c-47a9-8030-a0b51fcf2349,Serli Serli,https://play-lh.googleusercontent.com/a-/ALV-UjU81FaVUZhOsg1DZG2kMDxqytWITjNl9wxbB7tYGS7bXOQ0DNfO,Saya mau kasih coba ukuran aplikasi lebih dikecilkan karena cuman sedikit orang yang bisa main hp yang 4gb,5,0,,2025-03-01 06:00:48,,,
c1465206-3807-4c14-88bc-0bd6a534bde2,Lufita Sari,https://play-lh.googleusercontent.com/a/ACg8ocIx22M-sA6duvwNI19PbtI2neuml6UEVx-e9nnDQS3ogB44GQ=mo,Lumayan lah walaupun datanya besar,5,0,5.4.0_30057195_30231699,2025-03-01 05:56:39,,,5.4.0_30057195_30231699
ee7cc9f1-d60a-4817-9870-7bd5caaef946,Maul Kun,https://play-lh.googleusercontent.com/a-/ALV-UjWrRKbgoBIMgKOkse-xFAGOM4QOcPBZpOQaWG-OJ93PYYFUczFd,Mengapa sih harus ulang data ulang padahal ada suuara bahasa jepang tapi masih ada diganti ke suara bahasa inggris jadinya harus unduh ulang tiap kali install ulang Windows apalagi gak disediain fitur pengaturan di awal login dan harus masuk buat ngatur gak kayak Honkai Star Rail yang bisa atur gitu soal atur setting dan pilihan bahasa dan pilihan suara bahasa di awal login belum masuk ke gamenya,1,0,,2025-03-01 05:33:45,"Kami mohon maaf atas permasalahan ini, Traveler. Silakan hubungi kami melalui email atau feedback in-game untuk mendapatkan bantuan lebih lanjut tentang masalah ini.",2025-03-05 16:06:41,
b13e05e4-16d8-4eb7-9123-795e89f74906,Ethan Alki,https://play-lh.googleusercontent.com/a-/ALV-UjUt0lJ09ntFV6i9ipEMwnhD5CzxlAvP8ydciaT31862zXedZJtu,"Saya bener bener kecewa banget karena cuma modal internet terputus doang akun saya hilang begitu saja, dan sudah login ke akun google bukannya balik lagi malah di ulang petualangannya ini tolong nih mohon di perbaiki, tapi masih lumayan grafik dalam game nya dan saya berikan 2 bintang saja",2,1,5.4.0_30057195_30231699,2025-03-01 05:12:21,,,5.4.0_30057195_30231699
618b5767-45a8-4c4d-9701-6d9ffe086193,Daffa Al zahwa,https://play-lh.googleusercontent.com/a-/ALV-UjVtHOnaIynkYOSsvIF0jtBn2LlH1BahVcbNUa48RUOc7Tg59Sw,Game nya mantap banyak pemandangan yg memanjakan mata yahhh walaupun gua gacha gak dapet² tapi Yoes gak papa sumpah gak papa🥲.,5,0,,2025-03-01 04:44:44,,,
9ec7f8f8-2290-4e3f-80ea-5e919886613c,anggra ganteng,https://play-lh.googleusercontent.com/a-/ALV-UjV4ODw2PolWlPqbLkv9r9NXxLFWcKgI0XS8KyxROfQcQAc2P9Y,"I lost my main account, I have been playing for a long time and have been far away and have completed many missions, can you at least give me a primogem or at least add another feature or something?.that's make me so bored to play that..and that's the best game i ever play..before i lost my account...so..do it...before we hated you!!",1,0,,2025-03-01 04:32:14,"Thank you for your constant support of Genshin Impact. We welcome any valuable input from you. If you have any comments or suggestions you would like to share, please feel free to contact our Customer Service team via the in-game feedback channel or email to help us improve the game.",2025-03-05 16:03:48,
aaaafd72-5e48-44a7-83a0-558d08b35736,Asep Gugun gumilar,https://play-lh.googleusercontent.com/a-/ALV-UjWZJmME0_YcraR8MsKDj5fDV8Fv8zF0zV-Or8rkedyOjDcvnPUo,dari jam 2 sampai sekarang susah banget login,3,0,5.4.0_30057195_30231699,2025-03-01 04:07:59,,,5.4.0_30057195_30231699
55feb4e3-850a-4027-8984-e2a180e9bf2f,no name,https://play-lh.googleusercontent.com/a-/ALV-UjUhEGFftuO1TWOCFg7bnxmyte4yHbviQA45_a1YhG_aTVmpEpo,"Apalah co habis main ml 3 kali pas main genshin ke trigger dialog langsung kotak² njir penampilan char nya, tolong diperbaiki masalah nya apalagi tentang dialog sampe animasi nya karna setiap main suka delay kalo ga ya patah² meskipun itu udah sinyal naik turun kek dosa lu pada:v",2,0,,2025-03-01 03:28:30,,,
e1d5a4b2-f263-447f-8712-46429a9ecda2,Riku Zen,https://play-lh.googleusercontent.com/a-/ALV-UjUQW6RF2DiIOiRtfuaPQgvCORBbXgEaya8vhFN2l3clBjnwDIDN,"event end game ampaz,lagi lagi event khusus meta (buff only natlan character) orang yg gapunya chara natlan kek mavuika jadi ngampas bgt di eventnya,emang game kikir",1,3,5.4.0_30057195_30231699,2025-03-01 01:07:36,"Kami mohon maaf atas ketidaknyamanan yang Anda alami, Traveler. Kalau Anda memiliki masukan atau saran, silakan hubungi kami melalui email atau feedback in-game.",2025-03-05 16:05:56,5.4.0_30057195_30231699
284bde0b-e8d7-4c41-8e83-8e3173796f78,Waduh hudaW,https://play-lh.googleusercontent.com/a-/ALV-UjVaYWVAOGkkTPfwwak1cei176PjYRRoSlGuhIoxLT4AR8p3orNa,👌,5,0,,2025-02-28 23:41:53,,,
5e5b3207-7751-427f-b76f-1b55f2b93e03,Taky,https://play-lh.googleusercontent.com/a-/ALV-UjXou8ziflvAl5Zx5iV0CWzpzY_xH2Mm7t4nYsKM5FbfKwSrhHtb,this game is very stupid,1,0,,2025-02-28 23:41:25,"We sincerely apologize for your unsatisfactory experience, Traveler. If you have any feedback or suggestions, please send us an email or contact Customer Service via in-game feedback to help us improve the game.",2025-03-05 16:04:55,
935c149d-ce0c-441a-8bb1-f521f84acf31,qibran setiawan,https://play-lh.googleusercontent.com/a-/ALV-UjU7bBWM-Xltn5py2mMiCAXiTFbRtirbuVl_U0LGy4XpxVJ8BvQ,Pokoknya kalau ga dalat furina gua pensi soalnya gua f2p,3,0,,2025-02-28 22:53:45,,,
97111672-6047-4244-952d-1128d23441db,Defina Nanda Kirana,https://play-lh.googleusercontent.com/a/ACg8ocKCJw_Pt9suDEyuvmqtVY3xBtaD0DMRuK4B5-hIEm55FUxnjw=mo,Pengunduhan data yang sangat lama,1,0,5.4.0_30057195_30231699,2025-02-28 21:36:53,"Kami mohon maaf atas permasalahan ini, Traveler. Silakan hubungi kami melalui email atau feedback in-game untuk mendapatkan bantuan lebih lanjut tentang masalah ini.",2025-03-05 16:04:18,5.4.0_30057195_30231699
63782b77-f394-46c8-81e0-d06dd3cbb184,LAZIALE INDONESIA,https://play-lh.googleusercontent.com/a-/ALV-UjXsnm_pYf0m7qPd1EqDMPhBplCw2BYgu7TUWl0_pYrXSRL-gwo,game terbaik,5,0,5.4.0_30057195_30231699,2025-02-28 21:30:05,,,5.4.0_30057195_30231699
1d93354b-9f85-444f-b7d5-7a0e4816d978,Airanazwa Salshabilla,https://play-lh.googleusercontent.com/a-/ALV-UjVsj-vc48IPFqwfYLsJC_U18resMfMdM6qlxrYxmJesc0ldFeA,Nyebrang doang dibikin ribet,1,0,5.4.0_30057195_30231699,2025-02-28 19:32:13,"Terima kasih atas dukungan Anda terhadap Genshin Impact, Traveler! Kalau Anda mengalami kesulitan apa pun yang berhubungan dengan Genshin Impact, silakan hubungi kami melalui email atau feedback in-game untuk mendapatkan bantuan.",2025-03-05 15:07:17,5.4.0_30057195_30231699
a2aa140e-37fd-4178-9555-80725c953495,Azel Aja,https://play-lh.googleusercontent.com/a-/ALV-UjVHvkdk4I7tqsI6B93PH5AIiPJOm9sO1KRgbGE4JHaiRlLEgLU,Saat asik dan seru sekali,5,0,,2025-02-28 19:23:32,,,
2ff192f4-264a-480a-b767-6e731cff6671,Jack Ripper,https://play-lh.googleusercontent.com/a/ACg8ocKoOdkR2M5bwdpTYQTfn_wk14V5Q8DwOOm3OAdkpNl1aQY_wQ=mo,"PLSSS, GW CUMA MAU MAIN GAME BUKAN DENGERIN STORY YANG KAGAK PENTING. KASIH TOMBOL SKIPPP APA SUSAHNYAA!!??",1,1,,2025-02-28 19:12:02,"Kami mohon maaf atas ketidaknyamanan yang Anda alami, Traveler. Kalau Anda memiliki masukan atau saran, silakan hubungi kami melalui email atau feedback in-game.",2025-03-05 16:02:27,
4c9ef1cd-d2db-47aa-98a7-fca5644aa543,Teja Nur Ilman,https://play-lh.googleusercontent.com/a/ACg8ocJsSR3WFsATcF2YU-rFSRkHOh5Tzi-XN_WZwpuV4sNSAEF4pg=mo,"Gamenya bagus, tapi tolong kasih tombol skip!!!!!",4,0,,2025-02-28 19:00:02,,,
ecb3fcaa-7692-408a-bdc0-400f72c7a7d2,Jonathan 6A,https://play-lh.googleusercontent.com/a/ACg8ocICfjZoU2eQbpe--dzSuwrzwVnvMQ-9zkpKaOl6i1WeMfr_7g=mo,Gem lu ribet,1,0,4.3.0_19705728_19706476,2025-02-28 18:55:51,"Kami mohon maaf atas ketidaknyamanan yang Anda alami, Traveler. Kalau Anda memiliki masukan atau saran, silakan hubungi kami melalui email atau feedback in-game.",2025-03-05 16:01:48,4.3.0_19705728_19706476
45fb2cf9-7619-4dc6-84ed-f8044469c5a6,Ikhsan Febrian,https://play-lh.googleusercontent.com/a/ACg8ocJ0OrgAzl6TQ_CM80xMiNUCqyhtmaHJ2G7qgxlyZ-nCTDHzrw=mo,🙂‍↕️,5,0,5.4.0_30057195_30231699,2025-02-28 18:47:31,,,5.4.0_30057195_30231699
bcfc3dd8-f8ea-4f24-a899-9e795bc61698,Rafisqy Debrong,https://play-lh.googleusercontent.com/a-/ALV-UjXmxjppaU4nmUA10jEjv8VJ-m8RrKgfHsNgPEvSd-pqKaRi2CA,Mantep ni game bagus bet,5,0,5.4.0_30057195_30231699,2025-02-28 18:03:07,,,5.4.0_30057195_30231699
dfc9704c-7d2f-4b36-84b0-0a92365441bc,Christopher Jonathan Jamco,https://play-lh.googleusercontent.com/a-/ALV-UjXumEyXVyAyNFO-wG9SQNZYDnrBtV5x0yVgHzArFkfAAFntX70,KEBANYAKAN NGOMONG G JELAS ANEH,1,1,5.4.0_30057195_30231699,2025-02-28 16:31:40,"Kami mohon maaf atas ketidaknyamanan yang Anda alami, Traveler. Kalau Anda memiliki masukan atau saran, silakan hubungi kami melalui email atau feedback in-game.",2025-03-05 16:01:34,5.4.0_30057195_30231699
ad781b62-3340-4f7b-9323-4d264b848cbd,dan ze,https://play-lh.googleusercontent.com/a-/ALV-UjW7mNHY-9V2UOvdF5ocsI9zBAVVVWShoGlvIFx2aHoqrlcAOie9,Nice,5,0,5.4.0_30057195_30231699,2025-02-28 16:03:14,,,5.4.0_30057195_30231699
a1443a18-cc0e-48c5-870a-de41c27e54f5,reiga Novan,https://play-lh.googleusercontent.com/a/ACg8ocIEXiS4o7J0q07SgdUTqIQ4Fj1EjUEa3GWpfDEiztREhILlrg=mo,"Lancar jaya, meski gachanya agak kurang karena kristalnya sulit sekali di dapat",5,0,,2025-02-28 15:55:42,,,
2de05fd4-93bb-4a45-9f19-0e660aa71a02,Juan Manuel,https://play-lh.googleusercontent.com/a/ACg8ocKDlEzPkdZWZEVS9qWOZJuuXjkTOUtUHGwNNJ2AlGihYfybNw=mo,Game sinyal taii,1,0,5.4.0_30057195_30231699,2025-02-28 15:43:09,"Kami mohon maaf atas permasalahan ini, Traveler. Silakan hubungi kami melalui email atau feedback in-game untuk mendapatkan bantuan lebih lanjut tentang masalah ini.",2025-03-05 16:01:25,5.4.0_30057195_30231699
49cb42d5-3f5f-42df-a5a4-69e000a2a41f,amett met,https://play-lh.googleusercontent.com/a-/ALV-UjVXE4FcHxW4GRDm5ridWI_-HQcZ5o3AOMbaMUuPEL666dLTblPN,gamenya bagus cuman data nya banyak bet dh,5,0,5.4.0_30057195_30231699,2025-02-28 15:08:15,,,5.4.0_30057195_30231699
255102ac-72de-487b-b70b-219720d63848,Akungt1333 Oo,https://play-lh.googleusercontent.com/a/ACg8ocKOidp-eth3PrRorFubx6dnKUQ8fK_n9fplOCe5-eWKHyX_fA=mo,Grafik nya bagus,5,0,,2025-02-28 14:52:37,,,
b8bb0ddc-47b3-402c-812f-a2885a375be3,varrel ardiansyah,https://play-lh.googleusercontent.com/a-/ALV-UjVbzocUUlxLbeUS7BHepSbvPnVdO5AXm6nBU_BoQW1lyvh0dVBAPA,SAYA AKAN KASIH BINTANG 5 JIKA PIHAK HOYOVERSE MEMBERI 1600 PRIMOGEMS DI TANGGAL 4 MARET !!,5,0,5.4.0_30057195_30231699,2025-02-28 14:32:04,,,5.4.0_30057195_30231699
3148230c-4476-45e4-97cb-a237d393ca13,Bunda Shaliha,https://play-lh.googleusercontent.com/a/ACg8ocIBbroNT7fFVfMYsZcUaHJD6Zd3zE0wD8o_UmIwED3TptRt9g=mo,"sangat enakkk,saya sampai lupa waktu karena keasikan bermain",5,0,5.4.0_30057195_30231699,2025-02-28 14:08:35,,,5.4.0_30057195_30231699
b6473c6d-aab4-49ad-9066-f2f20f9b27c1,ZelatTo NC,https://play-lh.googleusercontent.com/a-/ALV-UjUhwEhml2oSdjF5_Go8eNrZjFKnbd6iHayPSQ44_bR8HiMuVU_t,"seru,tapi developer jahat,kawan ku gacha sering menang rate off dan ngeborong banner low pity,aku high pity malah kalah rate off malah dapet karakter standar.dahlahhjjj",5,0,,2025-02-28 14:05:33,,,
e5bd0f60-bcac-41c2-b5e9-0ab97e84b16b,Egi juli Saputra,https://play-lh.googleusercontent.com/a-/ALV-UjUimT8EBbe-E5F7Ep1pKzqRcL_o_RscTe27OXYYf1KeI9i5xN9N,Minimal up Arte nggak deff mulu lah,5,0,5.4.0_30057195_30231699,2025-02-28 13:03:42,,,5.4.0_30057195_30231699
d5afb53a-3c8d-4a5b-8281-8f6aa3550026,Alfi Larasati,https://play-lh.googleusercontent.com/a-/ALV-UjWLKUuGOEy7j_jr2sir2INWGtpEIEczCf9iy8JMzk7EnMQ84_1P7w,"Pelit resin, Kikir artf, pelit primo (bgt plis) kdng hadiah primo dri quest yg di jalanin ber'jam-jam itu ga sebanding dengan usahanya, event yapping udh kyak quest archon lama bgt gilaa, 1 lagi.. BNYAKIN KARAKTER COWONYA WOE HOYO! Mang lu kata yg main genshin cmn kaum Lanang doang apa, yang betina juga main kocak... Seenggaknya kalo gaada char cwk yg baru yang lama di rerun kek🙃🙂",1,1,5.4.0_30057195_30231699,2025-02-28 13:03:22,,,5.4.0_30057195_30231699
da8fbb3b-9f8b-44fa-8913-483dc20ce9f7,Viking Indo,https://play-lh.googleusercontent.com/a/ACg8ocL1yIxLGVwFgJQWeo8XhojXYo9cvcqU118ybm_M2xjUWXei5Q=mo,"Genshin used to be an exciting game, and I often topped up to support Genshin Impact. However, the response I got was always hard pity, even in the standard banner. It feels like the developers don’t respect me despite my support. Because of this, I will give the game a 1-star rating, as I feel the developers do not respect me. Additionally, the game lacks a skip feature for daily commissions, which makes me sick of hearing unnecessary NPC dialogue.",1,1,5.4.0_30057195_30231699,2025-02-28 12:19:54,"Hello, Traveler! You can view the Wish System rules in the Details section of the Wish screen. If you have any questions about the details of the relevant rules, please feel free to contact our Customer Service team via the in-game feedback channel or email.",2025-02-28 18:12:33,5.4.0_30057195_30231699
c5a3c372-0add-49bd-821b-36f189d10d50,Muhammad Raihan,https://play-lh.googleusercontent.com/a-/ALV-UjXneZpMMEN0_6MIIWGM_c1KrwNKY0fWxnNWjLcbIcum6O5Yz8Q,Please lower the GB.,2,0,,2025-02-28 11:40:57,,,
094e2569-afc9-4edd-ad60-5184c4c5869d,Rangga Liyansah,https://play-lh.googleusercontent.com/a-/ALV-UjVs4ipXmGur-mb0wq3ZCF_bD4SpeFfWGuKzWICeks91fW_k6w,Game ini keren mengajar kan kita untuk bersabar👍,5,0,5.4.0_30057195_30231699,2025-02-28 11:29:55,,,5.4.0_30057195_30231699
6eeca2a4-960e-4db4-aa11-5dedb3342fda,Muhammad Hadi Nur Sigolgi,https://play-lh.googleusercontent.com/a/ACg8ocIkhKnQ6Ffj8o-FziUbEnsiJPz4iwdJiRxDpw6omPqOVZ7zow=mo,bagus,5,0,,2025-02-28 11:07:27,,,
e3062aa5-169a-4db2-a57b-3bd925bf4966,Ari Aja,https://play-lh.googleusercontent.com/a/ACg8ocKdaX3C5GjiNfjFbgIFJLlbZnq452EF4QcEbg4a4uQ4-7viKw=mo,Aneh sekarang genshin impact kok mau login putih layar pertma nya kok jadi lam sekarang jadi males login gr2 itu,4,0,,2025-02-28 10:33:08,,,
1d82840b-9a38-48c0-bc53-dae15558c792,Kirigaya Kazuto,https://play-lh.googleusercontent.com/a-/ALV-UjUz2zFOPvkZ2pGWb0ct7yuJ_TNuDQgWKPyUDTZdTrilR-3Bdo-r,Bagus,5,0,,2025-02-28 10:18:06,,,
57029438-97db-46ae-95c0-753a450b4e34,Aby Manyu,https://play-lh.googleusercontent.com/a-/ALV-UjVrEHkQIvGjcVfsFKJXd4hNfaRS-otKwZJ_nXrkOmXrwNvmT8M,Semakin berat aja jirr,5,0,5.4.0_30057195_30231699,2025-02-28 10:05:57,,,5.4.0_30057195_30231699
ee137594-84ba-4b24-927a-ffb0bede7bb1,Atha Mafazan,https://play-lh.googleusercontent.com/a/ACg8ocIwuBDGmN7ony7VldlGdzjfL8ZN0wjAirE6TEu538V50A7Lng=mo,Keren,5,0,5.4.0_30057195_30231699,2025-02-28 10:04:40,,,5.4.0_30057195_30231699
a6b40551-cbb3-47db-beb0-23b35dca4dbf,pink mi,https://play-lh.googleusercontent.com/a/ACg8ocJg2MMMjXvBRCHfYl1AglbqmDuP4d5wutUIj2RzRbTwh2kNzw=mo,Seru,5,0,5.4.0_30057195_30231699,2025-02-28 09:50:15,,,5.4.0_30057195_30231699
613da15c-a078-4d3b-872c-0659f84f2eb1,Lisna Dewi,https://play-lh.googleusercontent.com/a/ACg8ocLOJsLD4KG8KhIUArUxzJMZ2LyULyI1Ho0rEhxN2rt32NcVHg=mo,JUAL AKUN GENSHIN!! RIBET MAKIN GEDE AJA STORAGE DIPERLUKANNYA,1,0,,2025-02-28 09:38:30,"Halo Traveler,
Terima kasih atas support anda pada Genshin Impact!
Untuk mengurangi jumlah size data game, anda direkomendasikan untuk menghapus data Voice-line dan data Quest lama yang bisa dilakukan melalui setting in-game. Jika anda mengalami permasalahan lain atau ingin menyampaikan feedback, jangan sungkan untuk menghubungi tim customer sup...",2025-03-05 15:59:36,
48c2dc52-7677-4d56-a43f-15c46eb7610e,Nur Aini,https://play-lh.googleusercontent.com/a-/ALV-UjWyihYrXhBi9jsJyukO7T_X1nFjtR5kCil5uabXYx47Q7Fgta7a,"Krn ada sistem daily reward, anak saya jd kecanduan gara2 game ini. Dia jg dapat kenalan cowok tdk jelas. Sekarang anak saya susah sekali dibilangin. Cowok ini manipulatif, ngga berani vc, beraninya cuma wa dan ngajak2 anak saya hb. Hati2",1,0,,2025-02-28 09:37:45,,,
1c4b6260-ef01-45f7-9090-7600e1eee9d9,Can Aja,https://play-lh.googleusercontent.com/a-/ALV-UjXwZh01GEnq_rBdqCl4NKOJThLl-p4nNHj8rjLmMlaoN3dTnPhI,updatenya gak usah gede-gede,1,0,3.6.0_13833164_13951843,2025-02-28 08:59:12,"Kami mohon maaf atas ketidaknyamanan yang Anda alami, Traveler. Kalau Anda memiliki masukan atau saran, silakan hubungi kami melalui email atau feedback in-game.",2025-03-05 15:55:22,3.6.0_13833164_13951843
c56c8cad-99d6-49ce-9efc-f598b7f0a82d,RINAL RINALDO OP,https://play-lh.googleusercontent.com/a-/ALV-UjWg1GwliJSruuFYYyDVXORejWLFlCbjEWjBKGVYkYn5ep3RSt0,Susah download data,1,0,,2025-02-28 08:56:12,"Kami mohon maaf atas permasalahan ini, Traveler. Silakan hubungi kami melalui email atau feedback in-game untuk mendapatkan bantuan lebih lanjut tentang masalah ini.",2025-03-05 15:53:35,
8ea9d86d-2081-4719-bb6f-27daa02327de,Renarthur Wijaya,https://play-lh.googleusercontent.com/a-/ALV-UjULEEutg6HyOgdNygRCxNSZGjA1aVRxu5PdZ2QC42TRSCSjbKk,"Dulu pernah main tapi langsung ku hapus, karna ya berat dan agak susah. Tapi setelah liat orang orang main, kok kayak seru ya?? Akhirnya mutusin buat download lgi dan ternyata emg seru cuyy😋 kuncinya ya jangan gampang bosen karen quest nya panjang. Intinya game terbaikk",5,384,5.4.0_30057195_30231699,2025-02-28 07:31:29,,,5.4.0_30057195_30231699
a0437d8f-9b9e-4438-a507-14c67bfab370,G_zie,https://play-lh.googleusercontent.com/a-/ALV-UjVP9wwrLY2UEyR0TfJr4smuZkF3CQj8qEO8Fp4piKgNt0ARESIV,"saya suka game open worl kyk gini, dari segi eksplorasi oke² aja, archon quest bagus, dan story character nya keren² dan bagus², tapi sekarang untuk percakapan tolong agar bisa di skip, karena semakin panjang percakapannya, kyk di natlan, omong panjang trs jalan dikit nanti ngomong lagi, sepertinya banyak juga yg gk suka soal itu, kyk player F2P yg butuh primogem dan harus ngerjain quest nya, mana klo sibuk trs kluar bentar nanti harus ngulang dari awal lagi percakapannya",5,702,5.4.0_30057195_30231699,2025-02-28 06:58:12,,,5.4.0_30057195_30231699
ffdbbd78-ca1d-4404-96af-1cdc6ac408a1,Bima Dzakri Ramadhan,https://play-lh.googleusercontent.com/a-/ALV-UjV2Ro_LnCbiXBfN4js9KJfqPZGpkOZ_qn7d1eA1gZVrW5r8jYve,Gamenya kikir bangke tapi untung story nya bagus jadi dapat bintang 5,5,0,,2025-02-28 05:58:47,,,
438d08cb-ed3c-47b0-b577-f735894591dd,Rudi Hadiyanto,https://play-lh.googleusercontent.com/a-/ALV-UjWKh0xK7wxqlkK1e8W61uPs-VOu7H6d_AU5lmRJqJ33erpiHnY,Babi,1,0,5.4.0_30057195_30231699,2025-02-28 00:56:03,"Terima kasih atas dukungan Anda terhadap Genshin Impact, Traveler! Kalau Anda mengalami kesulitan apa pun yang berhubungan dengan Genshin Impact, silakan hubungi kami melalui email atau feedback in-game untuk mendapatkan bantuan.",2025-03-05 15:07:31,5.4.0_30057195_30231699
2fb25f6d-4d69-49ad-b127-180c9b95d377,Skywall 1028,https://play-lh.googleusercontent.com/a-/ALV-UjUvNZ5eJ0tXqpZ-fOFaY8tjJGS1nInR0Cw6rqoHA8JkFD1Jk3w,Sangat menyenangkan... Tapi aku tidak suka saat ada bugnya,5,0,5.4.0_30057195_30231699,2025-02-28 00:38:43,,,5.4.0_30057195_30231699
4d3e8bb4-a8db-4e1e-b716-2e4b91f8aaad,3ID01_Imtinan Fikri Rafsanjani,https://play-lh.googleusercontent.com/a/ACg8ocJ8RRc4LqvtEj6F4C-csmxb7nUDl7JtPUUJWU4gWxVAC5ufhUI=mo,Tolong hadirkan fitur untuk skip story di game ini. Saya bukan ingin skip ceritanya secara keseluruhan. Hanya saja terkadang karakter di alur ceritanya terlalu banyak yapping tentang hal yang tidak terlalu penting sehingga membuat saya bosan.,3,18,5.4.0_30057195_30231699,2025-02-27 23:43:16,,,5.4.0_30057195_30231699
c70a6331-552f-4c6d-ab22-bcb33db57349,Saya Kesenet,https://play-lh.googleusercontent.com/a-/ALV-UjUchcSfYoCMfTZvSEFsI9Y1LrKI13R3N6vcLkEtkMpCzn1oRLuq,Event banyak primo datanglahh!,5,0,5.4.0_30057195_30231699,2025-02-27 23:21:43,,,5.4.0_30057195_30231699
fb346d75-4d7a-494e-9506-da115b839e05,Sultan Adji,https://play-lh.googleusercontent.com/a/ACg8ocK-m2TpDb_hiGmZMKpo6Q0Op9QILndUYY4_o2uLH64-kPmA_IQ=mo,ok,5,0,5.4.0_30057195_30231699,2025-02-27 22:14:14,,,5.4.0_30057195_30231699
5e983ff4-6507-40ce-9a69-de362bf30a3d,But s,https://play-lh.googleusercontent.com/a/ACg8ocLWZVKaK6S-wlilXcAWN_brLmlLcTMTfOTFrRR5d85IUzNxjRQ=mo,Bagus,5,0,5.4.0_30057195_30231699,2025-02-27 20:42:15,,,5.4.0_30057195_30231699
bf78cee2-ab25-42a8-8726-051e1dcb90c5,M humaidi Cumet,https://play-lh.googleusercontent.com/a/ACg8ocKoIRiKe7iGOg7QrNz2yluKqOScy0Nqz5PzieJ-hcdhXvjl3Q=mo,"sangat bagus, ini seperti yang ku inginkan sejak dulu",5,0,,2025-02-27 20:31:35,,,
3b74139e-8d9f-47f9-8739-8a66812a7cd6,Affan Affan,https://play-lh.googleusercontent.com/a-/ALV-UjVG_5DY0C4kyoMYz1HAvHEHVpRFk5sQVUe-PTBOetWTZL9_BcSY,Tambahankan mode battle pliissss,5,0,5.4.0_30057195_30231699,2025-02-27 20:25:55,,,5.4.0_30057195_30231699
8397e724-ecdd-4fca-aa15-3d18e69e4511,Renita Dewi,https://play-lh.googleusercontent.com/a-/ALV-UjVXej3--YPNhnOiL0pB_7RTN0NHYVUE-PE1wabcEYxrLqab30o,Game sangat bagus sekali saya suka bermain ini,5,0,,2025-02-27 20:15:38,,,
3768c73f-5142-4275-b231-77ee53598db9,Naim Firmasyah,https://play-lh.googleusercontent.com/a/ACg8ocJVdoBtaKpeq4Jq41D3oaVElzElmIcRUNiLX0kj-ZNq4wZx=mo,bagus tapi berat,4,1,5.4.0_30057195_30231699,2025-02-27 20:06:02,,,5.4.0_30057195_30231699
75a24ec0-ab5b-49d3-ac1c-148fe35e69db,galih k,https://play-lh.googleusercontent.com/a-/ALV-UjXlRerykLDtSLSlaAbBfqJWYp7-Q0ugdD65bctu5A3VlVyqkCLS,"Jadi males main semenjak 2x pull char event dapet qiqi mulu, xianyun dan mavuika gagal dibawa pulang, temen ane hoki dapet terus tiap event 😮‍💨",4,0,5.4.0_30057195_30231699,2025-02-27 19:00:16,,,5.4.0_30057195_30231699
b598715c-9572-45ef-90ef-1e7d28640bcb,andri maulana,https://play-lh.googleusercontent.com/a-/ALV-UjViikU2ZW2fNZL0_4-MeI4XLFX9xqqHHai8JziJpHP2_aKFUPwx,Best game in the world,5,0,5.4.0_30057195_30231699,2025-02-27 18:45:34,,,5.4.0_30057195_30231699
569443de-712c-4493-95f8-7aa678337067,Arkana Favian,https://play-lh.googleusercontent.com/a/ACg8ocLdvB68FvXYJku3ZHVwDGhRKZiBPAdXdzqq2eMeIpTILntIow=mo,Beratin dikit dong gamenya 😹 game rendahan kasih 5tb dong😹,5,1,5.4.0_30057195_30231699,2025-02-27 18:11:07,"Kami mohon maaf atas ketidaknyamanan yang Anda alami, Traveler. Kalau Anda memiliki masukan atau saran, silakan hubungi kami melalui email atau feedback in-game.",2025-02-27 17:45:24,5.4.0_30057195_30231699
5cc78700-69de-469a-a6c6-e2d553eb920c,Julia amanda putri,https://play-lh.googleusercontent.com/a-/ALV-UjUKgzVTNRhRwo2WKw1fUYXY_blE5gFQkfunYyZ_eB5ZFnXY7J6k5g,Kenapa tidak bisa login hanya menampilkan full putih beberapa menit baru hitam.saya tunggu-tunggu tidak masuk juga ke dalam game padahal ruang penyimpanan tidak penuh,2,0,5.4.0_30057195_30231699,2025-02-27 18:04:51,,,5.4.0_30057195_30231699
4152e6a6-06d1-4953-bb9a-ef654d083281,syifa Adya azalia,https://play-lh.googleusercontent.com/a/ACg8ocJnqKh96pWksS7xAmpygj5m2hC31ub2307stC1aMh9ZfpU79Q=mo,"Lama unduh data ny lelett gak pernah di mainin karena lama kalii, saya login loading nya 0.01 bayangin lama broo keburu habis batre hp syaa",1,0,5.4.0_30057195_30231699,2025-02-27 18:02:14,"Kami mohon maaf atas permasalahan ini, Traveler. Silakan hubungi kami melalui email atau feedback in-game untuk mendapatkan bantuan lebih lanjut tentang masalah ini.",2025-03-05 15:07:03,5.4.0_30057195_30231699
3c21f1c9-f5dd-425e-85d6-97b7e77464c2,Adexphoenix Redmi9c,https://play-lh.googleusercontent.com/a-/ALV-UjV6WfwreF-MR7Ehoo1V2qMp94r9d3J4xkoP--hamGMQMw0zzLw,game kikir no 1 untuk gacha nya.. berbeda ama saudara nya ramah pity.. walau di top up pun pity itu cm gimmic. banner nya apa dapet nya apa,1,0,,2025-02-27 17:54:09,"Halo, Traveler! Traveler dapat melihat aturan sistem Wish di bagian [Rincian] pada halaman Wish. Jika kamu memiliki pertanyaan tentang perincian dari aturan tersebut, silakan hubungi tim Layanan Customer Support kami melalui feedback in-game atau melalui email.",2025-03-05 15:06:24,
770be717-fac8-4e69-bbf0-7e79579ceba2,thusya2 aja,https://play-lh.googleusercontent.com/a-/ALV-UjXMOyeYL4YmlcMaAOKgf9sEXoTqfe8VqEwtKz16FARYgjoeueE,lumayan,5,0,,2025-02-27 17:28:03,,,
7531acdd-de17-4f01-af45-0ea82ff50746,Ipung Cahyo,https://play-lh.googleusercontent.com/a-/ALV-UjUuwJ9ZiD0gQf9C1u8G6N5IAfI6qyVmCubJXqpIq9QC-0GZmlBt8A,Saran: adakan fitur skip dialog,1,0,5.4.0_30057195_30231699,2025-02-27 16:23:43,"Terima kasih atas dukungan Traveler terhadap Genshin Impact. Kami menerima secara terbuka semua masukan/umpan balik dari kalian. Jika Traveler memiliki saran atau masukan, jangan ragu untuk menghubungi kami melalui feedback in-game atau email.",2025-03-05 15:06:13,5.4.0_30057195_30231699
b9e34469-c6d6-4488-84ed-8c80892c3368,Yoga Saputra,https://play-lh.googleusercontent.com/a-/ALV-UjW5XuN79CiK3fu4i4e1wLm_Amq8R9AyOdezdQ8OY4MBBZ21DRES,game udah seru cuma tolong dong buat developer nya tambahin fitur skip di quest biasa ama npc lalu kasih lah si MC pedang yang lebih keren dikit waktu scane bertarung nya lebih keren pkonyaa di tunggu perubahan nya trimakasih.,5,4,5.4.0_30057195_30231699,2025-02-27 15:49:43,,,5.4.0_30057195_30231699
1231d7fa-0389-4cc3-9804-a57339a79334,Muhammad Irham Ramadhan M,https://play-lh.googleusercontent.com/a-/ALV-UjWlLXGpZs8Fp5XaCReVLx65rNjiu51IrX-CL_7K8_oXURZN5z9n,Game kebanyakan yapping 😹,1,0,,2025-02-27 15:29:11,"Terima kasih atas dukungan Anda terhadap Genshin Impact, Traveler! Kalau Anda mengalami kesulitan apa pun yang berhubungan dengan Genshin Impact, silakan hubungi kami melalui email atau feedback in-game untuk mendapatkan bantuan.",2025-03-05 15:05:08,
312f7a96-0be0-405f-a336-39e85e8736ab,Hansel Renyaan,https://play-lh.googleusercontent.com/a-/ALV-UjX9yzpaf8pZ1CmHiESrpvhc0wjYAIDCojyYw7FTSLs4sggD26DX,"I am playing this game from the end of 2021 more or less, now I am retired. Why? because my account was stolen from an account buying and selling case. Is it possible to restore my account? Thank You. And goodbye Genshin Impact, thanks for all the memories",5,0,,2025-02-27 15:17:43,,,
39415cfc-9d25-4542-b80b-ce198834fc73,Adi Noviansyah,https://play-lh.googleusercontent.com/a/ACg8ocJlR4NVOr3_9qlkhuG7LNwvq4tPc7X_Y8NQriI-eC5x61ahcQ=mo,lumayan lah tetapi pelit ghaca red nya rendah Mulu,2,0,5.4.0_30057195_30231699,2025-02-27 14:43:47,,,5.4.0_30057195_30231699
59c2f6ab-334b-47f3-8fd2-4d162583790b,Dhika Ratana kalyano,https://play-lh.googleusercontent.com/a-/ALV-UjVECjJdYyC7j_R4L34aDRTitNaL4Y70Iy8-2FQBuEHX4JOfqeGw,Jelek 👹👺👹👺lama,1,0,5.4.0_30057195_30231699,2025-02-27 14:21:10,"Kami mohon maaf atas ketidaknyamanan yang Anda alami, Traveler. Kalau Anda memiliki masukan atau saran, silakan hubungi kami melalui email atau feedback in-game.",2025-02-28 18:14:14,5.4.0_30057195_30231699
d49a2afd-b5ad-444a-af6b-c37fcb955670,Rino Prayoga,https://play-lh.googleusercontent.com/a-/ALV-UjVJRE0vSHDqOTCTYTnSOKggJcspa2LkQsdGwkCj4spp19Bi3n-s,Makasih udah inget ultahku,5,0,5.4.0_30057195_30231699,2025-02-27 13:51:26,,,5.4.0_30057195_30231699
6b3bda48-de78-4c53-9e2d-e8a6c5972453,Wang YiLian王宜莲,https://play-lh.googleusercontent.com/a/ACg8ocLLOueSiiojfVVagqavJh42Ac-PEBVT7Lhe2bNGavnstoPA5w=mo,ada yg eror pas download data,2,0,,2025-02-27 13:30:04,,,
c591ce66-80ba-41e9-b182-eb4507cbfaea,Rofiq Hariri,https://play-lh.googleusercontent.com/a/ACg8ocICp2hiKruH7RvfTGIUtwmXeo_f9m9dcIbj5KlJMoId7Z1xeA=mo,Keren,5,0,5.4.0_30057195_30231699,2025-02-27 13:16:28,,,5.4.0_30057195_30231699
02fb537b-f8a8-466e-b617-619c530b5af9,Fathin Zaidan,https://play-lh.googleusercontent.com/a-/ALV-UjXPnXVveQ3yf4doAUnWRcev4ACI0_NmjmUHowd-vJePy5aBGMO9,Setelah main langsung ke tagihan,5,0,5.4.0_30057195_30231699,2025-02-27 13:01:16,,,5.4.0_30057195_30231699
42f1b5ef-78d7-47bc-a070-b0a8feb17a97,Fawwaz Ali,https://play-lh.googleusercontent.com/a/ACg8ocJUexpN0MS77O1Yo8b60i0bD_bQ0xTtblrAavONe8jKfj57Bw=mo,"Terlalu sedikit ketika memberikan sebuah primogem dari event, spiral abyss dan quest",5,0,5.4.0_30057195_30231699,2025-02-27 13:00:30,,,5.4.0_30057195_30231699
6f4252c4-726c-4382-863a-40463dbb578e,Putri Karunia anggraini,https://play-lh.googleusercontent.com/a-/ALV-UjXfiQRGa6xD5tzpaZ5G3DwqD-AN4xOPE7vV74XJCxOc-I-702Cu,kenapa akhir akhir ini sering keluar keluar sendiri ya sejak update? mohon masukanya,3,0,5.4.0_30057195_30231699,2025-02-27 12:27:30,,,5.4.0_30057195_30231699
fe656509-1518-4ab7-9def-2c308e413a61,felix fernando,https://play-lh.googleusercontent.com/a/ACg8ocIeBtE90lVEVmb3dFswm9wVtthfb2H5Bj0l7-zIwg0rUnqi3Q=mo,game gacor,5,0,5.4.0_30057195_30231699,2025-02-27 12:22:30,,,5.4.0_30057195_30231699
75984c29-1516-41f1-a821-85ac3c6d6540,Pramudya syahru_Romadhon,https://play-lh.googleusercontent.com/a-/ALV-UjVIGE_tUim321jpnSqTKrhRngG921PAFMhvEovVb8S7gx_q1lr0,Sekaliny update langsung 7gb.,3,0,5.4.0_30057195_30231699,2025-02-27 12:12:58,,,5.4.0_30057195_30231699
79c3a228-4286-4be1-9d69-a215f729e505,Zhafirah,https://play-lh.googleusercontent.com/a-/ALV-UjXzYKe0SN3uMxjurPx094ZSqhVhQu8ZQrHTewDvAr_hkb-PiUWO,Sangat seru sekali. Namun untuk spek handphone seperti saya harus menghapus beberapa aplikasi baru bisa download game ini. Karena sizenya besar sekali untuk handphone saya. Overall bagus sih,5,0,5.4.0_30057195_30231699,2025-02-27 11:16:37,,,5.4.0_30057195_30231699
585e77c1-2041-4f55-962f-16803007ea31,Aspria Nanda,https://play-lh.googleusercontent.com/a/ACg8ocKTXn80eXnecJjQ5MQBImWEqC_YN7mPmZfuAnv44tymRH-Uig=mo,Bagus no komen,5,0,5.4.0_30057195_30231699,2025-02-27 08:36:51,,,5.4.0_30057195_30231699
12d9fb21-2038-4951-ad90-0fbc54c1037c,Wahyu Nur Ramadhan,https://play-lh.googleusercontent.com/a/ACg8ocKrcyQOaWiPYN5tzagP_FxbxYnQLSodE4De_EtIbvjC7ZWysA=mo,"Amazing story line, characteristic, etc But in some condition on the event, some hero (not the main aether/lumin) DOES NOT HAVE sound when the conversation. Thats boring",4,0,5.4.0_30057195_30231699,2025-02-27 08:28:41,,,5.4.0_30057195_30231699
73979785-afd6-409c-8865-fde761e13259,Hardi Tom,https://play-lh.googleusercontent.com/a/ACg8ocLV7ZnvW2eU_OB7_FMj68tNoq1SSpm8ZbfTUSP1PHQGFBqQog=mo,Harvestmoon rasa ninja😎😅 mantab,5,0,5.4.0_30057195_30231699,2025-02-27 08:13:32,,,5.4.0_30057195_30231699
8543b476-1d53-4a89-be0b-a68b13ad45cd,cella,https://play-lh.googleusercontent.com/a/ACg8ocJRtbrObygTMtqlgendRsFbl-E72rMUn2kpkRaimNMiRId1hw=mo,"lama lama boring, imbang dong fanservicenya jangan cowo doang",3,1,,2025-02-27 08:03:03,,,
deb5be99-9ae4-46bd-a3cd-d392544162e5,Haddad Toriq,https://play-lh.googleusercontent.com/a-/ALV-UjW92KMHg8dyd_kPriUtzYvxTncr4A6Y7ogZtbG56v_yG-wfQ3A,🥳🥳🥳,5,0,5.4.0_30057195_30231699,2025-02-27 07:39:27,,,5.4.0_30057195_30231699
ef2238d1-fa6d-4343-9eb1-9d44b0cc393e,Muhammad Qordlowi,https://play-lh.googleusercontent.com/a/ACg8ocIVNL3lb1xG47iuQz9juW_mgOMqSkrQz5qrXZ2pSZaWoYjMWA=mo,Game yang sangat absolute cinema,5,0,5.4.0_30057195_30231699,2025-02-27 07:15:13,,,5.4.0_30057195_30231699
4ebfba9b-c8b8-4d8c-a662-0ba465e6f0ff,Edi Antobrimop,https://play-lh.googleusercontent.com/a/ACg8ocKxm3fKAgI3dZcTW5MiW48Ww0oWWOGvu9Nb46y_VGo1K88VcA=mo,good,5,0,5.4.0_30057195_30231699,2025-02-27 06:48:34,,,5.4.0_30057195_30231699
89536162-1b53-4558-b109-deb71271e7c3,DARK KER,https://play-lh.googleusercontent.com/a-/ALV-UjWMwCL-cWWWAAGHX7iflHhhyIpshcvSe7nTMFrCgZURP0nSVMA,Game petualang yg bagus banget tapi gk berlaku buat hp kentank,5,0,5.4.0_30057195_30231699,2025-02-27 06:23:14,,,5.4.0_30057195_30231699
acb0097b-90af-41e1-91e7-2da406be0fed,Danish,https://play-lh.googleusercontent.com/a-/ALV-UjXDYs3J0k3F7zGMCi7x-vhOWZVfXASkXMnFefki40yCp4eDyN_wdA,kikir,1,0,3.8.0_15672274_15939604,2025-02-27 01:03:50,"Kami mohon maaf atas ketidaknyamanan yang Anda alami, Traveler. Kalau Anda memiliki masukan atau saran, silakan hubungi kami melalui email atau feedback in-game.",2025-02-28 18:12:18,3.8.0_15672274_15939604
63d6a201-a488-4200-8b27-6d0b62e4dc4f,Putu Lesmana,https://play-lh.googleusercontent.com/a/ACg8ocI9NRbm3JfGnTQ_nuxBhdBji4_kbhf9wxuJsLVkfXDjWbVc-Ed_=mo,Saya tidak bisa mendownload karna prangkat saya kompetibel padahal baru beli hp baru aneh sekalai,1,0,,2025-02-27 00:25:40,"Halo Traveler! Mohon kunjungi website official Genshin Impact untuk mendapatkan informasi sistem perangkat yang diperlukan untuk mendapatkan pengalaman bermain yang stabil dan lancar. Selain itu, untuk menemukan sumber permasalahan ini, mohon hubungi tim CS kami melalui feedback dalam game atau email.",2025-02-28 18:11:51,
ee2a717b-5f50-45d8-9b4a-766166ab198d,Wella Pranita,https://play-lh.googleusercontent.com/a-/ALV-UjVSYEJ2CYGrmEK9AP_lkMpJ6kdLtX_qJz6TXrNjGqgQlSBHci0,Lama sekali menghubung datanya,4,0,5.4.0_30057195_30231699,2025-02-26 22:11:33,,,5.4.0_30057195_30231699
d6e556ba-ec6b-47f4-8db2-3321d9a305ff,NIKO NIKO,https://play-lh.googleusercontent.com/a/ACg8ocJwTelyKQxNBc_bsPmF1OAnfC307Bdp5JAAryxD_rgyhWiAhA=mo,Game favorit,5,0,2.6.0_6179196_6305792,2025-02-26 20:43:00,,,2.6.0_6179196_6305792
cc011b0f-87d9-4b48-9e4d-a5784f0186c8,A Di,https://play-lh.googleusercontent.com/a-/ALV-UjWcBjoO-7d_YrH-piDzU5C_njr1Dq0eL_NqGNYcm3nQpOE97vw,"1 kata untuk game ini pay to win,soal nya ini cara dapet karakternya itu harus quest dulu atau BELI! terus equipment op itu harus quest dulu atau BELI! Aku saranin jangan download soal nya ram sampe 30gb lebih. Menurut ku mata uang di genshin itu terlalu mahal jadi kurangin lah karena mata uang Indonesia kecil seperti dolar itu kisaran 14 sampe 15 kalo gak salah jadi KASIH DISKON",3,21,5.4.0_30057195_30231699,2025-02-26 19:55:57,,,5.4.0_30057195_30231699
8cb02ada-9b3b-475d-8f95-235e9799dedb,TeenYs EXE,https://play-lh.googleusercontent.com/a-/ALV-UjWi0ExuPUO9UqpY9SlhylRIEE55O8jZVKKFo49jOvu6pPf8hgI,game kikir anj,5,0,,2025-02-26 19:55:30,,,
dd67bbc0-6de0-48a7-92d2-885db439d30e,Fizz Mode Tecno,https://play-lh.googleusercontent.com/a-/ALV-UjXbdy1ni6DW5ybGaXWFSq7seKM5rZFPYEZj1V9I50VEHNmleK1E,"Pura-pura Lemah, Padahal Aslinya Raja Boti.",5,0,5.4.0_30057195_30231699,2025-02-26 19:27:34,,,5.4.0_30057195_30231699
0b96bb4a-7ece-47cb-ab3c-26b437a5fef2,A.F,https://play-lh.googleusercontent.com/a-/ALV-UjUK1rBB4sU4tS33MLd3B8mwVa7uQboCmpZVAMxsRO-7v0SehywV,kikir impact,1,1,,2025-02-26 19:21:41,"Kami mohon maaf atas ketidaknyamanan yang Anda alami, Traveler. Kalau Anda memiliki masukan atau saran, silakan hubungi kami melalui email atau feedback in-game.",2025-02-28 18:11:27,
8fac80bd-85a0-4ae6-bc71-485b58a0a10d,Genshin Impact,https://play-lh.googleusercontent.com/a/ACg8ocIfeQZmL2WkLT6MVuflmRpPvgAMD2FTkqnxsnJx66P7j_Kvkw=mo,"Please hoyoverse akun saya kena hack main udh hampir 5 tahun karakter sama senjata nya banyak. Sedih banget saya tbtb gabisa login karena password-nya udh di ganti sama org, mau reset password tapi harus verifikasi ke email yang udh di ganti sama orng yang ngehack, ngirim formulir recovery akun ditolak sama hoyoverse. Hancur banget hati ku. Sakit sedih, tolong bantu saya hoyoverse :(",5,0,,2025-02-26 18:07:00,Mohon maaf sebesar-besarnya atas terganggunya pengalaman bermain Traveler. Silakan hubungi Layanan Pelanggan kami melalui email untuk mendapatkan bantuan terperinci mengenai masalah ini.,2025-02-26 18:00:25,
9e0ee603-1f44-443c-a42a-7a3a31b0a1c1,BANG IRAWAN,https://play-lh.googleusercontent.com/a-/ALV-UjUL7Jn5gqeraVZCCcIvDxXXQauDsD9swvkO2q4-PYbyL-3Ha9xc,Untuk grafik bagus dan semuanya bagus cuma ada satu nih harus di pertimbangkan di bagian obrolan gak ada terjemahan bahasa jadi sulit di mengerti kalo dapat random tolongg di kasi fitur terjemahan buat yang ga bisa bahasa Inggris,3,1,5.4.0_30057195_30231699,2025-02-26 18:01:55,,,5.4.0_30057195_30231699
b76e5253-a46a-4ffd-a31c-79aa73bc1e56,Rifqi Nanda,https://play-lh.googleusercontent.com/a/ACg8ocJ5gwwIaPvCQeP7r8rbVHSbc6HigOUd2q4uFYXdP_gttCGwyA=mo,"Loading lama ludu nunggu 1 jam baru selesai tolong lah yaa jangan ditambahin ini 0,10 itu makin lama loading nyaaa",1,0,5.4.0_30057195_30231699,2025-02-26 17:51:00,"Halo, Traveler! Terima kasih telah mendukung Genshin Impact. Fungsi fitur pra-unduh adalah untuk memberikan player akses pada konten terbaru lebih cepat sewaktu versi terbaru dirilis. Jika Traveler mengalami masalah sewaktu pengunduhan, silahkan menghubungi CS kami melalui email. Kami akan memberikan bantuan/jawaban yang sesuai untuk Traveler.",2025-02-28 18:10:45,5.4.0_30057195_30231699
51be8266-6bad-41b9-8814-a0d0a076a7c0,MUHAMMAD RIZKI,https://play-lh.googleusercontent.com/a-/ALV-UjXVEe3_82nXBA81WtqQQmZ-Vz67xpSiilOieHt7AcIIS8ACGuw,"Keren,enak di mainin",5,0,5.4.0_30057195_30231699,2025-02-26 17:37:48,,,5.4.0_30057195_30231699
dfbe8b3e-eb1b-430c-b0f6-a5c75e808717,syifa fak,https://play-lh.googleusercontent.com/a-/ALV-UjX9vA0br3GJk4SDUBBybSBaje2NFUu5pb2z9qg40hGEks2XyxTf,game nya mudah panas,5,0,5.4.0_30057195_30231699,2025-02-26 17:34:26,,,5.4.0_30057195_30231699
7ac4202a-76d2-444f-b20e-7502fdc2ed50,Surya Apri,https://play-lh.googleusercontent.com/a/ACg8ocKrMRMjqZAMZu1A7KLdNZmHEBgAKm6wF8dtw2IXTgb1O_I_Wg=mo,"Reward sangat kecil dibandingkan game lain. Bahkan ketika memenangkan nominasi, seperti tidak ada reward untuk perjuangan playernya. GAME SCAM, MENIPU DALAM GACHA. Tidak direkomendasikan!.",1,0,,2025-02-26 17:25:24,"Kami mohon maaf atas ketidaknyamanan yang Anda alami, Traveler. Kalau Anda memiliki masukan atau saran, silakan hubungi kami melalui email atau feedback in-game.",2025-02-28 18:10:23,
d0fe166d-5c16-4a0a-a0ea-396493fb65bf,Ardani Ariagung,https://play-lh.googleusercontent.com/a-/ALV-UjX7TO8f_va5__IYcPg5iTW-qvAR2vk7Fw-kcw1bxq1KVAXtqw8,"Gameplay wow.. grafic wow juga.. tapi sayang,, manjatnya lama!!",5,0,5.4.0_30057195_30231699,2025-02-26 16:48:46,,,5.4.0_30057195_30231699
d305f1b5-0fa8-4f27-bd6a-ba0a58680725,Ajay Wk789,https://play-lh.googleusercontent.com/a-/ALV-UjWY5FvXn1VX2U0ygIKxXpwYEnQTgnyFxpx4j9kxVCv8RzQ_efw,Mantaaap,5,0,5.4.0_30057195_30231699,2025-02-26 16:42:41,,,5.4.0_30057195_30231699
070001db-882c-490f-a54f-6f48a3cefcc5,"Vinz,y Vinz,y",https://play-lh.googleusercontent.com/a-/ALV-UjW-L8oDBKInMcg3_wzMMi-2qw5VQEcn9nf68LS46yiu4URRxHUi,aku suka game ini,5,0,5.4.0_30057195_30231699,2025-02-26 16:36:26,,,5.4.0_30057195_30231699
136e9a84-3096-44dc-880c-a762c83c3fc5,Revan aditya Pranata,https://play-lh.googleusercontent.com/a-/ALV-UjVjtOQCyioCAIf6oW3mxQZjeY2JCfpl9X1KVxkqw1YEHOkQJjfp,Keren bangettt,5,0,,2025-02-26 16:20:01,,,
acaf5afa-5577-4da2-a822-97f3b6417373,anandita arbi,https://play-lh.googleusercontent.com/a-/ALV-UjVXYZHszB43lkZWWEiOf7RsJJ7jOSq2AqZYcNhQIImGwpLkSnZB,Bagus walaupun game kikir,5,0,,2025-02-26 16:15:19,,,
b8c0cf03-eb8d-4632-89b4-337428c5835b,Lord Kaneki,https://play-lh.googleusercontent.com/a-/ALV-UjUqXx7jbriytT2XTcOzIKRmQ01F0hBfDZny59YYna4-78w5LKRi,"Game Ini sudah masterpiece bagi saya,cuman tolong lah sizenya di kecilkan jangan terlalu besar banget gitu,mohon di optimize juga,sehabis update malah lebih suttering saat main,itu saja dari saya,semangatt Hoyoverse.👍",5,0,,2025-02-26 15:23:09,,,
32626ade-5ede-428e-840d-75368cdd9eb2,ZiiONE,https://play-lh.googleusercontent.com/a-/ALV-UjVdffC8avzGYKWkELrOzfiDeF-z6vbubjE5WnMXX_O5kWuHUNnk,Indah banget!!!,5,0,5.4.0_30057195_30231699,2025-02-26 14:02:27,,,5.4.0_30057195_30231699
01830abe-2825-43bf-82e2-104741fdc722,EVAN CANDRA AGIL YANTO DANZ,https://play-lh.googleusercontent.com/a-/ALV-UjVQQ0tr5KMJgXrz7RUVCWOrPWZPzNUdpwICaZQjaoMIu8xnO10,Game bagus dengan fandom yang tolol game bagus komunitas sampah saran aja musnahkan tuh fandom yang ngatain game lain burik dengan membandingkan pendapat padahal top up aja kaga pernah wkwkkwkw,5,0,,2025-02-26 14:00:49,,,
4b7ae4e4-5415-49d5-8f77-3f141e1e9cf2,Ea One,https://play-lh.googleusercontent.com/a/ACg8ocKFDZvjqepQMAaE8-_sEOYh_PJEI2mYYQmlEHRqJxUzUF5qVg=mo,Kikir,3,0,,2025-02-26 13:00:16,,,
eb1986fe-614e-4886-b5f4-39ba6bd22e89,Initial E Ch,https://play-lh.googleusercontent.com/a-/ALV-UjXnNBeG8Z3K0b2MNYz4Bx3ZzEOBN7m_iRk6ui6DaJIPVwFnAY4,Tambah pelit,1,0,5.4.0_30057195_30231699,2025-02-26 12:42:56,"Kami mohon maaf atas ketidaknyamanan yang Anda alami, Traveler. Kalau Anda memiliki masukan atau saran, silakan hubungi kami melalui email atau feedback in-game.",2025-02-28 18:09:50,5.4.0_30057195_30231699
cf1e906b-c075-4adc-a410-9a7ba042bf5a,Nahida,https://play-lh.googleusercontent.com/a/ACg8ocKzNrLg7iWPO6dwGRUuFgCaKI-BkfBiWzRPJTtweypsUMUT-w=mo,Ya berat sih.. tapi ......,3,0,,2025-02-26 12:21:33,,,
3f0bde77-e8d2-4dd0-9b6a-4e053827ed9d,Asep Supena,https://play-lh.googleusercontent.com/a-/ALV-UjXVV2J8TB6oUoaH-O7NJH16iEoJu9n5yW-irXruThffjQZYBx4,Keren,5,0,5.4.0_30057195_30231699,2025-02-26 12:18:33,,,5.4.0_30057195_30231699
b77f2320-7232-49a6-af81-76f0768ae012,Zynn,https://play-lh.googleusercontent.com/a-/ALV-UjXpbyeBdHkLb_4aTcJfppGein5H0-cxXQD0gObKVHru7fT83Xs3,"Sebagai player yang lumayan lama bermain Genshin Impact, saya rasa semakin kesini update semakin monoton.. Memulai cerita, mendengarkan karakter berbicara, mendapatkan Primogems. Berulang-ulang seperti itu, sangat membosankan. Tolong untuk kedepannya lebih menambahkan hack&slash, itu yang kami harapkan dari game ini. Selain itu, tolong jangan terlalu memaksakan Fan Service, kami sudah mendapatkan banyak karakter perempuan, dan membutuhkan karakter laki-laki baru, Semoga lebih baik kedepannya.",1,11,5.4.0_30057195_30231699,2025-02-26 11:55:29,,,5.4.0_30057195_30231699
2c09f46c-b246-4775-966f-b52885f2986c,Hexa,https://play-lh.googleusercontent.com/a/ACg8ocKiyxm1vtPBCtZ_Jr3udwEqzVxT12To15KJrwatPaeJeh4kWA=mo,"Terlalu banyak update, mana pas update selalu dari awal dengan size besar. Padahal event nya sedikit",1,0,5.4.0_30057195_30231699,2025-02-26 11:50:53,"Halo Traveler,
Terima kasih atas support anda pada Genshin Impact!
Untuk mengurangi jumlah size data game, anda direkomendarikan untuk menghapus data Voice-line dan data Quest lama yang bisa dilakukan melalui setting in-game. Jika anda mengalami permasalahan lain atau ingin menyampaikan feedback, jangan sungkan untuk menghubungi tim customer sup...",2025-02-28 18:09:39,5.4.0_30057195_30231699
7f5685a1-8096-41d8-aece-f2957e1f59b0,alinka Putri,https://play-lh.googleusercontent.com/a-/ALV-UjX4moUhB0hvplBobNUAHIG7IlIr1-NRarh9x9k_CWlzayLj8jRT,BAGUSSS BANGETT GAME NYAAAA,5,0,5.4.0_30057195_30231699,2025-02-26 11:19:43,,,5.4.0_30057195_30231699
b5db6bf7-5fb4-422b-aa4c-a29aeab55a35,Rizky A,https://play-lh.googleusercontent.com/a-/ALV-UjUlYxRymrr_SllRL9xauRy5HNpRoyT1KP7xwaDRAGK2s7HH9eBm,Give me five stars you stingy company,1,0,5.4.0_30057195_30231699,2025-02-26 09:42:11,"We sincerely apologize for your unsatisfactory experience, Traveler. If you have any feedback or suggestions, please send us an email or contact Customer Service via in-game feedback to help us improve the game.",2025-02-28 18:09:14,5.4.0_30057195_30231699
eaff3efa-a938-45d5-b890-2d5e03b97b45,Hawabunga,https://play-lh.googleusercontent.com/a-/ALV-UjUhi1XjQwK071nIWjIhgRvDAsxvwtSIaF14Yzwn4-KlST16N_I,dah ampas pas ke natlan tambah ampas,1,0,5.2.0_28336591_28351161,2025-02-26 09:26:56,,,5.2.0_28336591_28351161
535f7cd8-1671-4387-a1c6-23c77843324b,Achmad Ghiffari Shufi,https://play-lh.googleusercontent.com/a-/ALV-UjVwDezLG2kCNwC-LtDkRSxpgYekmGgnH9DN9rf_pQWH2080Egp9,annive pelit,2,2,3.7.0_14806628_14807925,2025-02-26 09:12:57,,,3.7.0_14806628_14807925
266503b2-92a7-4670-8463-7b07228009ae,Arata,https://play-lh.googleusercontent.com/a/ACg8ocJ2QQEfQIy6PdyGoGIYUHYYRZnubev40ve-DvHuUlkwO88o4w=mo,"quest nya kebanyakan yappingnya sampe puyeng gua denger charnya ngoceh kalo bisa Adain tombol skip lah,gw main ini game cuma buat gebuck gebuck monster",1,0,,2025-02-26 09:08:39,"Kami mohon maaf atas ketidaknyamanan yang Anda alami, Traveler. Kalau Anda memiliki masukan atau saran, silakan hubungi kami melalui email atau feedback in-game.",2025-02-28 18:09:00,
3e8a20b2-6e60-4c15-b7a7-cfcf8e7b4d84,Hanifahnurayunda Hanifah,https://play-lh.googleusercontent.com/a-/ALV-UjW30u2KU3SpNe9N_PvRo0tvJbNiKTQVM9mOltOXBcEDMWef1Fag,Parah ngomong nya kepanjangan kocak,3,0,,2025-02-26 08:49:02,,,
cb3b143c-b07f-465f-a205-4cb584efcc36,Rahayu Kartika,https://play-lh.googleusercontent.com/a/ACg8ocJlX0_wLejKOmKi5TqQJUblEor27l6rN0vTHawzLQiHdZgXT2s=mo,Saya baru pertamakali coba game ini dan ya game ini bagus,5,0,5.4.0_30057195_30231699,2025-02-26 07:03:00,,,5.4.0_30057195_30231699
48e15f23-2a7c-49f0-bc0a-c121a66c0abd,Nabilaa Azzaria7020,https://play-lh.googleusercontent.com/a/ACg8ocLjO1OVvaTOiqJ0_kcAfRz2K2w8cjIToe7fLjeaZxLRIJCnmQ=mo,Mang hoyo husbando nya banyakin dong,5,0,5.4.0_30057195_30231699,2025-02-26 06:29:20,,,5.4.0_30057195_30231699
c1a2d22e-c0ab-4aae-a255-25455e7c62b0,Champ Hh,https://play-lh.googleusercontent.com/a-/ALV-UjUllVsB_RF57XUH9O5AxFz6SCss_Wn4gtWYhp-4LrftZOsIDV1f,Terlalu banyak karakter perempuan saya sudah muak,5,0,5.4.0_30057195_30231699,2025-02-26 05:55:07,,,5.4.0_30057195_30231699
a0efdba5-9b17-415f-846b-3b43e436cb81,Luthfi Zhafran,https://play-lh.googleusercontent.com/a-/ALV-UjXAkgtEYTm7FAO6GpgeV0WLtAckVwaJP4ZF723dMR3-KZt5IgU,Game nya bagus dan seru buat orang yang menikmati game story mah ga peduli karakter nya mau yang keluar apaan trus kalo ada skip button gunanya VA buat apaan tau gitu mending ga ush ada orng yang ngisi suara kalo ada tombol skip mah lagian tinggal main ribet bener kalo masalah reconnect masih oke kesel gw jga cuma kalo masalah skip button ya harus di pertimbangkan sih soalnya buat apa ada Voice Actor tapi ada tombol skip kan jadi ga guna itu Voice Actor nya percuma ngisi suara kalo bisa di skip,4,8,5.4.0_30057195_30231699,2025-02-26 00:17:22,,,5.4.0_30057195_30231699
2e1e30c4-7157-4ad0-8778-106919453094,Muhamad Hufron,https://play-lh.googleusercontent.com/a-/ALV-UjUvZXuC12lpL8_9IzFsPYq48C_51iyacwr5KUOn2pI_ggcEDjzx,"Game yapping, semua update nya cuma narasi doang ga ada mekanik,puzzle, atau hal"" pantas dikatakan seru, semua quest nya isinya ngobroooool aja, ampe ngantuk bacanya, boring, exploring bikin boring, harus dipaksa ngikutin alur lantas buat apa ada opsi, mending ditonton aja daripada dimainin, eh mending tutup aja ga lanjut ke snejnaya",1,4,5.4.0_30057195_30231699,2025-02-26 00:15:07,"Kami mohon maaf atas ketidaknyamanan yang Anda alami, Traveler. Kalau Anda memiliki masukan atau saran, silakan hubungi kami melalui email atau feedback in-game.",2025-02-28 18:08:47,5.4.0_30057195_30231699
8cca0f54-c18d-4bba-b500-17ac514618f2,M.S.G 845,https://play-lh.googleusercontent.com/a-/ALV-UjVI1iVzO7qnIu3BbHoeQhq5P1QvhW5DfW8-nUz8pNYhIpMDfRup,Kapan support controlel,5,0,5.4.0_30057195_30231699,2025-02-25 22:57:59,,,5.4.0_30057195_30231699
894fb3fb-0a90-4f8d-b766-7e41ff6b2f9a,Raizza Sadid,https://play-lh.googleusercontent.com/a-/ALV-UjX_-lRW6TrgsIRCSDaS-3WxswgKuIsKi-COjAFkZbc2Bodk7Gyg,Mantap banget,1,0,5.4.0_30057195_30231699,2025-02-25 22:17:06,"Terima kasih atas dukungan Anda terhadap Genshin Impact, Traveler! Kalau Anda mengalami kesulitan apa pun yang berhubungan dengan Genshin Impact, silakan hubungi kami melalui email atau feedback in-game untuk mendapatkan bantuan.",2025-02-28 18:08:22,5.4.0_30057195_30231699
23982b90-cc7a-4f47-a8d1-1f387f7749c4,Ondeng Septiany,https://play-lh.googleusercontent.com/a-/ALV-UjWkA3gEaTiCAarZE5bU3eQReAvZW8DDCPgr4rDBiuUUk0Z_Tcbw,"game nya udah bagus, tapi wifi ku sering ngelag",4,0,5.4.0_30057195_30231699,2025-02-25 21:51:02,,,5.4.0_30057195_30231699
b8958e72-a231-4239-af32-189240ce83ec,Muhammad Alfaridzi,https://play-lh.googleusercontent.com/a-/ALV-UjUJqwb7xvq8kGzXunqgnO0njXdFHuySMpGfpxIHT3PBTg9HhHMM,"Aku sangat suka genshin impact karena menghadirkan banyak waifu di setiap update🌹🥰, jika perlu karakter cowo di tiadakan",5,0,5.4.0_30057195_30231699,2025-02-25 21:35:34,,,5.4.0_30057195_30231699
8c1a6124-c52d-44f0-931d-96cc72b28a17,Barnabas Edo Sandyawan Elwi,https://play-lh.googleusercontent.com/a-/ALV-UjUvSt84jx4Y-_IKOwiEynVejBdT828K3RehPZS6d5KKr4itXICG,GGWP GI,4,0,,2025-02-25 20:40:44,,,
27d5bc9a-4ddf-4f4d-966d-cbc65e0b71c5,Roland Alexandro,https://play-lh.googleusercontent.com/a-/ALV-UjX0uN99dXbdZRa3aOceCHgDZOGnKMlqkiXBEMTZ9rJW7ktWlBU,"Game g jelas,reward dikit,story bertele-tele,boring,g jelas,banyak omong.terus suka ngerilis char cewek yang g guna,sering ngerilis char yang g pernah di singgung malah rilis(Mizuki)dah gitu desainnya jelek,kit nya jelek.suka ngerilis char yang desainnya jelek,skill nya biasa aja,ultinya biasa aja malah bisa di bilang ULTI char yang baru rilis dari sekarang itu jelek-jelek",1,4,5.4.0_30057195_30231699,2025-02-25 19:57:07,"Kami mohon maaf atas ketidaknyamanan yang Anda alami, Traveler. Kalau Anda memiliki masukan atau saran, silakan hubungi kami melalui email atau feedback in-game.",2025-02-28 18:08:14,5.4.0_30057195_30231699
4ed2f9f5-9f48-40c8-a5c1-eeceae0565f2,Ashafin Saputra,https://play-lh.googleusercontent.com/a-/ALV-UjVMYSyVG5Hh2iup8q3l6zOR_q1iglXPcTFYEeQtOy1Zj1ma9B8,Game nya seru ada mode ceritanya😁😁,5,0,,2025-02-25 19:39:35,,,
c5bffef0-c75b-4ace-9a84-655e90595eeb,Muhammad ijlal Taqvira,https://play-lh.googleusercontent.com/a/ACg8ocI38XyBwiURzh2HlFuULG9sJU9Qy8SvAzeROz0K8qzoz0b7zg=mo,Game seru cuman kikir,5,1,5.4.0_30057195_30231699,2025-02-25 19:38:46,,,5.4.0_30057195_30231699
bad19ee7-c2b6-449d-9dda-649a5550f7d9,devika hardiana,https://play-lh.googleusercontent.com/a/ACg8ocJGc4o2g6SglxuBpm0hcZuyeQHfvhzweRou2A32831oFMGgHQ=mo,Berat Ben,1,0,,2025-02-25 19:32:03,"Halo Traveler! Mohon kunjungi website official Genshin Impact untuk mendapatkan informasi sistem perangkat yang diperlukan untuk mendapatkan pengalaman bermain yang stabil dan lancar. Selain itu, untuk menemukan sumber permasalahan ini, mohon hubungi tim CS kami melalui feedback dalam game atau email.",2025-02-28 18:07:47,
b3cdb52d-fa3a-4211-a5ee-62b110428498,Fernanda Yunias Raihan Akbar,https://play-lh.googleusercontent.com/a-/ALV-UjUAV5BFgux4CM9dcWms8U2V3wrh11QWTxRxHr5qNuZCOXae1qBw,BENERIN DLU TUH JARINGAN KIKIR,1,0,5.4.0_30057195_30231699,2025-02-25 19:11:37,"Kami mohon maaf atas permasalahan ini, Traveler. Silakan hubungi kami melalui email atau feedback in-game untuk mendapatkan bantuan lebih lanjut tentang masalah ini.",2025-02-28 18:07:30,5.4.0_30057195_30231699
ade21d75-cb77-4480-b493-ff24d0fdf70f,Dafa Rizki,https://play-lh.googleusercontent.com/a-/ALV-UjUy_uGeeB8dPHqk7CFkv_X3Um4gYV1v53UU7v-xQkyrAuAD9lU,Mantul,5,0,,2025-02-25 19:07:11,,,
3ae526c2-59fb-445a-8949-3d7dcd5bafc6,Dyyn,https://play-lh.googleusercontent.com/a-/ALV-UjU8or_2tenG56rBBA8JUz2jVaOt0hlOcCyRR-1bUcric77I0TQ,"Game kikir kebanyakan yapping, story ampas monoton jadi babu negara org mulu tolol",1,1,,2025-02-25 18:28:54,"Kami mohon maaf atas ketidaknyamanan yang Anda alami, Traveler. Kalau Anda memiliki masukan atau saran, silakan hubungi kami melalui email atau feedback in-game.",2025-02-28 18:07:22,
3600b559-c7fb-4ce9-912b-5f4792422742,hiyoko,https://play-lh.googleusercontent.com/a-/ALV-UjXjR9EKBPsh7GJ6uy426ZvL0B4oMFkwB9MpgXuAUTNRprX9OkES,"dialog nya BANYAK bgt plss, mana skipnya lambatt, pls adain fitur skip dialog.. apalagi archon quest bnyk banget dialognya 1-2 jam coba, masa 1-2 jam cuma ngebaca dialog doang, langsung ke questnya aja napa😭, ga banyak orang punya waktu untuk ngebaca dialog, kenapa ga ringkas ringkas aja gitu💔. kalo pake pihak ke 2 cuma untuk skip dialog langsung kena ban jadi emg ribet bgt",1,58,5.4.0_30057195_30231699,2025-02-25 18:23:23,"Terima kasih atas dukungan Traveler terhadap Genshin Impact. Kami menerima secara terbuka semua masukan/umpan balik dari kalian. Jika Traveler memiliki saran atau masukan, jangan ragu untuk menghubungi kami melalui feedback in-game atau email.",2025-02-25 18:09:32,5.4.0_30057195_30231699
d9a15b5e-8cef-4122-bbc5-660823fbede2,Stm AxA,https://play-lh.googleusercontent.com/a-/ALV-UjXhSitnYoA7WuDGUfOVMbJsi2DDnLvJ79M1maYmg7cI5jdXEdM,The real game tapi kikir,5,0,5.4.0_30057195_30231699,2025-02-25 17:28:53,,,5.4.0_30057195_30231699
812f546e-7d5f-4cac-bfec-3db2b1832fb0,efan efan,https://play-lh.googleusercontent.com/a/ACg8ocJkWkr9Sgmh-bFjYIf7COr4Q9p-tKUdIK0y_CGrLapFvRs32Q=mo,"saat sampai di natlan cerita nya bagus, karakteroke tapi cuman bacot banget kebanyakan ngomong alias cerita, sayamohon untuk tambahkan fitur skip",3,0,,2025-02-25 16:46:17,,,
2b63d429-7014-4ad6-941c-b484ebe744d0,Bpk Aziz,https://play-lh.googleusercontent.com/a/ACg8ocLkTVumJq9jB8MweMXk9X3NtkpGJ5oDTJh-lVg78JggMcCdOg=mo,Permainan ini udah bagus tapi berat banget,2,0,,2025-02-25 15:03:28,,,
bf5fe66d-e7e8-42a1-9c5b-528a3d91e2fe,Dheril Satria Syaputra,https://play-lh.googleusercontent.com/a-/ALV-UjW3Xm7UvV_hKFWRPBHb7FQYmPT6s6zspOIBzEGqsZBiTnC0MK8,One of the best game I've ever played,5,0,5.4.0_30057195_30231699,2025-02-25 14:20:27,,,5.4.0_30057195_30231699
5d221c3c-c3eb-4792-a844-5c65078731ad,Harrison Moore,https://play-lh.googleusercontent.com/a-/ALV-UjXA53F-9FKvTXjg_UOUxCavX4vSE7UsmM2iEW8iJklfiTZZ4tc,"Loading masuknya lama bet, mengompilasi shader mulu bangke. Tolong dipercepat loadingnya masuk gamenya lah",3,0,5.4.0_30057195_30231699,2025-02-25 14:15:52,,,5.4.0_30057195_30231699
6d445864-182f-4303-ae10-30a4e468bb56,Alexius Jerry Suhendro,https://play-lh.googleusercontent.com/a-/ALV-UjVywSpqVr4R9kusGu3Eax1IaLZ9Mgsks3iMvqfKPVkdOfkBZ6s,Seru dimainkan bersama anak..,5,0,,2025-02-25 14:10:51,,,
a20d9acd-009c-48bf-86cb-e6c1913d61a3,ERLAND Fadilah,https://play-lh.googleusercontent.com/a/ACg8ocKGzcB_sq_ntf1dmy3v-tnt-EaLOfEq-zORcVUnDRUfphUL_w=mo,Game kikir ga pernah sedekah primo,5,0,5.4.0_30057195_30231699,2025-02-25 12:43:17,,,5.4.0_30057195_30231699
a958534d-59a0-4d6f-be84-079289d5ec8d,Arung Zul,https://play-lh.googleusercontent.com/a-/ALV-UjUhcRoQDc3uicaCs3UaZCp1hiMotNMfa5C9-QMNgQXfdvfRNLs9,good game,5,0,5.4.0_30057195_30231699,2025-02-25 12:43:06,,,5.4.0_30057195_30231699
74faddc9-4b15-448f-a4c4-842923608e40,Salwa Eldra Salsabila,https://play-lh.googleusercontent.com/a-/ALV-UjWI2MjkV9KJfEgTjtB6kB7nSkU123p164x1CDLmxsCqsx35Awr5TA,Kgk ngotak,1,0,5.4.0_30057195_30231699,2025-02-25 11:43:41,"Kami mohon maaf atas ketidaknyamanan yang Anda alami, Traveler. Kalau Anda memiliki masukan atau saran, silakan hubungi kami melalui email atau feedback in-game.",2025-02-28 18:05:58,5.4.0_30057195_30231699
332aa0c5-e228-4d91-9ac8-96205708c37b,VULKAN,https://play-lh.googleusercontent.com/a/ACg8ocKpc4di3-Nu6dryRi6x37sKq1JpgNCbpP0ex8IGQq0wk_QcQA=mo,kikir,5,0,,2025-02-25 11:07:40,,,
e3f7c57c-2c4e-4c57-a4e4-67ebd92947aa,Sparkle Honkai,https://play-lh.googleusercontent.com/a/ACg8ocKGw6_Hbk7m3PMEbo9W26bAvYlOxbzEXJWjY63CbLOyxktt_w=mo,Bagus game nga tapi tolong pertemukan raiden ei dengan unknown god agar bisa seperti kiana and mei,5,0,,2025-02-25 11:02:10,,,
cde3d488-24e4-4744-afc4-c5c9881fbcf0,Miftah Al-munir,https://play-lh.googleusercontent.com/a-/ALV-UjVJKE-fgPFXai2N2DuXv-J6_dmCJ469KEfHh0IGDlSvetBtJ4gG,Semoga update yg akan datang ada fitur ganti traveler (lumine dan aether),4,0,,2025-02-25 10:05:15,,,
48f6dd83-8318-401b-8e95-d9a37235d337,14nd Herrscher (2nd acount),https://play-lh.googleusercontent.com/a-/ALV-UjWLK6zyMw1XSTAdg8Irx9mROYB6csWr7AErfcJI9KijXkPbWw,"Game in not supported on emulator Android,and PC version is very very big size file(i need,no we need delete quest features on PC same as mobile features.",1,0,5.4.0_30057195_30231699,2025-02-25 09:56:59,"Thank you for your constant support of Genshin Impact. We welcome any valuable input from you. If you have any comments or suggestions you would like to share, please feel free to contact our Customer Service team via the in-game feedback channel or email to help us improve the game.",2025-02-25 15:44:21,5.4.0_30057195_30231699
be6451a1-98e4-4577-b850-06af8a297c5c,xʏ ぇ Fʟᴀ,https://play-lh.googleusercontent.com/a-/ALV-UjUyuLaExOrJTdEPqvTXhYXBqdXwMtmJBuR2QmpmjrLw-n92GJY,game nya bagus,5,0,,2025-02-25 07:05:30,,,
d9b4762b-8b63-493a-b08d-e4e19507cb17,Bened Cwanthona,https://play-lh.googleusercontent.com/a/ACg8ocKEsg0gMjDiQjHmhrGFmHLdvU-j_vygRFHEAtB26ass924MFQ=mo,"Min hoyo rilis char cowo dong, masa cewe mulu, lama-lama genshin jadi game fanservice",3,0,,2025-02-25 07:01:29,,,
316abefb-a056-4327-8f2f-d58666db46c6,Habibi Habibi,https://play-lh.googleusercontent.com/a-/ALV-UjXPs6GN_M3NriuEVFL52W0hVmmocek8T0ayxIaOb4smdYOVevI5,Wahai admin yang terhormat akun saya via id setelah lama tidak login ada keterangannya terlalu banyak permintaan ndan coba lagi nanti udah dicoba sampe 4 hari isinya begitu terus ada apa ini apa memang servernya udah tutup ya?,1,0,,2025-02-25 06:44:08,,,
9e691c54-bc3c-4994-8a4a-962f1d655362,Arle kabukimono,https://play-lh.googleusercontent.com/a-/ALV-UjWKDgW5emYYmG0pjvXevqcMU9SUYjoKI1T-lzzm6XoysuMIkFWK,"hoyo ayo dong bikin fitur ""ambil semua"" di achievement, aku udah nimbun 300 achievement gara-gara malas ngambil satu satu😭😭😭",5,0,5.4.0_30057195_30231699,2025-02-25 05:09:32,,,5.4.0_30057195_30231699
4e9942e8-ac34-4548-a13b-69cbfa019392,vincent Alvaro,https://play-lh.googleusercontent.com/a/ACg8ocIc7OD3ak92_V6v0crIS49x7V0aGbasKNZ7WuiC2GmHbRLHxg=mo,bagus sekali tapi sayang di hp game ini tidak se realistis di pc,3,0,5.4.0_30057195_30231699,2025-02-24 23:00:59,,,5.4.0_30057195_30231699
799ac344-e3e2-461b-adda-d44238519337,Attar 01,https://play-lh.googleusercontent.com/a/ACg8ocIMJVp4Mqzu_FeTX-p6ucGBlv_YN_rNaNc6qpuKC_dYqs7XkA=mo,Tolong dong mencari primogemsnya di permudah🙏,4,0,5.4.0_30057195_30231699,2025-02-24 21:43:18,,,5.4.0_30057195_30231699
82925e4d-4be9-4a18-9e93-c6c6ce4cc834,Kayla Khosiko,https://play-lh.googleusercontent.com/a-/ALV-UjUugSa04dRzE_eexRzs2dujB1NHwh9IPpd3HH6m1F6KnY2Y0QQ,seru,5,0,,2025-02-24 21:27:15,,,
ce63d1f6-24bf-4ac2-87b4-919ec15248ff,Danil Andriansah,https://play-lh.googleusercontent.com/a-/ALV-UjWSkyoUhzSPi629p1nJYcWoU8QpdZfvJXClVpx08BMGjj9KXljC,Nice game,5,0,5.4.0_30057195_30231699,2025-02-24 20:36:40,,,5.4.0_30057195_30231699
c61d2300-d9d7-4fd0-975f-5d9aa3beb2ac,alfa rizky,https://play-lh.googleusercontent.com/a-/ALV-UjWLInZWcRVn60ELcqyr9QQIIxgAjzHjse1JioKTeAjCNHllQmgc,game pembuat kerja rodi baru kali ini loh ketemu game dengan sistem gacha paling ampas yang bener aja dong masa dapet artefak udah bagus udah double CRIT lah yang naik malah deff apasih maunya developer game ini ingin membuat player semakin lama bermain game??? Yang ada jenuh saran aja mending di perbaiki sistem gachanya jangan menyusahkan player,1,3,5.4.0_30057195_30231699,2025-02-24 19:34:57,"Halo, Traveler! Traveler dapat melihat aturan sistem Wish di bagian [Rincian] pada halaman Wish. Jika kamu memiliki pertanyaan tentang perincian dari aturan tersebut, silakan hubungi tim Layanan Customer Support kami melalui feedback in-game atau melalui email.",2025-02-28 18:05:49,5.4.0_30057195_30231699
fc9a0bcc-4a09-4b9d-9ea0-bc6c827332d9,Aryabagus Sadewa,https://play-lh.googleusercontent.com/a-/ALV-UjX9_7zCLL26Tl_Q-HG1tITA2b0qPfAwZuq2d8rQ1_Ysa0w6hgs,Game seru,5,0,5.4.0_30057195_30231699,2025-02-24 19:32:26,,,5.4.0_30057195_30231699
e2d2b30c-b385-4001-807c-9240633c3d27,YaeNX,https://play-lh.googleusercontent.com/a-/ALV-UjUsDV0pMU6O8K1D6qTMJBDcJKKsFQyourJJ_Yn1m_Ih66WzW13C,"Saya akui Genshin improve buwanget lho ya😹. Udah main Genshin dari 1.0. Gila, berubah banget. Walau archon quest Natlan tidak sebagus dan tidak sememoranble Inazuma, Sumeru, Fontaine, saya rasa gameplay yang ditawarkan tetap ada perkembangan. Jadi meski secara story biasa aja, gameplay banyak yang ditingkatkan. Apalagi di bagian eksplorasi dan gameplay karakter. Dan untuk minigame di versi terbaru, rasanya banyak yang improve. Apalagi di story quest Mizuki. Dan fan service? who care.",5,36,5.4.0_30057195_30231699,2025-02-24 19:22:31,,,5.4.0_30057195_30231699
b586b78d-676a-4667-a236-aec1d9f239f6,Iklima Nabila P,https://play-lh.googleusercontent.com/a-/ALV-UjVN1Okra7LJIIFwRgk_NyHR_LqoUi0NRyEhzYQMZC2RGyDOwQM,"Gem suki anjir , masa banyakan char cewe yg cowo dikit bngt jir lah, mana suka kikir lagi 😡😡😡,setori nya bikin ngantuk jir lah mana ga ada tombol sekip",4,0,5.4.0_30057195_30231699,2025-02-24 18:54:53,,,5.4.0_30057195_30231699
c8eff2c2-7704-4231-ad1b-efeaad9a9b81,Yusuf Rahman,https://play-lh.googleusercontent.com/a/ACg8ocLXg-t8zw-gH2uOY-S6BNYY7CC4LZhavCgFsXa4lKPfTE4MvQ=mo,Game terbaik,5,0,5.4.0_30057195_30231699,2025-02-24 18:48:41,"Halo, Traveler! Traveler dapat melihat aturan sistem Wish di bagian [Rincian] pada halaman Wish. Jika kamu memiliki pertanyaan tentang perincian dari aturan tersebut, silakan hubungi tim Layanan Customer Support kami melalui feedback in-game atau melalui email.",2025-02-24 17:59:48,5.4.0_30057195_30231699
4f8d80ca-e507-42f2-9e1e-4c20c74a5d32,Samsay Saputraa,https://play-lh.googleusercontent.com/a-/ALV-UjUhxlX1Xx8YxjxzATDO302LapB05UW2ewXk36l7z8qM7dXrWpxVLw,"lebih baik dari drive zone online, di game ini meskipun grafik sangat bagus hp saya tdk sama sekali ngelek paling ngeframe dikit jarang pula, sementara drive zone grafik bagus ngelek padahal cuma 2GB dan genshin impact aja 17GB+ Dan itupun tidak ngelek, dan kalau drive zone grafik super rendah malah kayak epep BETA memang lebih baik main genshin impact meskipun bermekanik keras dan berfikir keras , sekian terimakasih",5,1,4.7.0_23093867_23435602,2025-02-24 18:41:34,,,4.7.0_23093867_23435602
a28e490e-4ff9-46a4-a13a-c6732e0ad503,Dewi septi,https://play-lh.googleusercontent.com/a-/ALV-UjUblo5LTjDnzAE6-4b7M-BnUfMzhVDFOF4ek9F1aFD78dcGeELM,TAMBAHIN FITUR SKIP DIALOG NYA ANJENG,4,0,5.4.0_30057195_30231699,2025-02-24 18:31:07,"Terima kasih atas dukungan Traveler terhadap Genshin Impact. Kami menerima secara terbuka semua masukan/umpan balik dari kalian. Jika Traveler memiliki saran atau masukan, jangan ragu untuk menghubungi kami melalui feedback in-game atau email.",2025-02-24 18:08:25,5.4.0_30057195_30231699
7405e372-4436-4877-b22f-e9393059ba9d,Nuryana Mar Nanda,https://play-lh.googleusercontent.com/a/ACg8ocK2o6CCX--3Nn1WBSVHXqUbvSe4ejFnkjPAkS08cSf91uhtAg=mo,anj game kikir,1,0,,2025-02-24 18:22:04,"Kami mohon maaf atas ketidaknyamanan yang Anda alami, Traveler. Kalau Anda memiliki masukan atau saran, silakan hubungi kami melalui email atau feedback in-game.",2025-02-28 18:05:25,
65418291-def3-4f1c-9ce1-ca6e25d797b2,Danu Pratama,https://play-lh.googleusercontent.com/a/ACg8ocIXgjuSnAqj64J-xcW6r9GNyP1tlsal2PDFc08rEMqc7ts06A=mo,wahh admin nya sangat ramah dan fas respon,5,1,5.4.0_30057195_30231699,2025-02-24 18:19:27,"Halo, Traveler! Traveler dapat melihat aturan sistem Wish di bagian [Rincian] pada halaman Wish. Jika kamu memiliki pertanyaan tentang perincian dari aturan tersebut, silakan hubungi tim Layanan Customer Support kami melalui feedback in-game atau melalui email.",2025-02-24 18:15:27,5.4.0_30057195_30231699
67af3391-baae-42a9-8f82-b5b9e47a9bba,Raiden Ei,https://play-lh.googleusercontent.com/a-/ALV-UjVWw24abZw_kdBhWOS0apah5gfRbRt8tCeZ3PZRry9I03DM8-za0g,"Game kikir, gak ada peningkatan signifikan. Milking karakter doang tapi development karakter lain di anak tirikan, animasi kaku dan daur ulang. 4 tahun jadi game beta doang bukan game global rilis ini mah.",1,5,5.4.0_30057195_30231699,2025-02-24 17:35:04,"Kami mohon maaf atas ketidaknyamanan yang Anda alami, Traveler. Kalau Anda memiliki masukan atau saran, silakan hubungi kami melalui email atau feedback in-game.",2025-02-28 18:05:16,5.4.0_30057195_30231699
a0c9c5d3-88f8-4b09-9b15-1834accd4226,siti rubina alfatoni,https://play-lh.googleusercontent.com/a/ACg8ocLW86gfSNhuGb6yX3T1_qG61O5FnvRnlVfOsWMYpB9Qtagljg=mo,Mantap,5,0,,2025-02-24 16:56:05,,,
2983f34b-1c74-4658-9e2e-78bb39cb1aae,Kennan Ramadhan Ataullah Iddzil,https://play-lh.googleusercontent.com/a-/ALV-UjU11MTycj8NnvSSSdHcbNUZ8GYJC7CI5pW-yaLc3zQ4-zGnR7k,Ceweknya cantik banget ya ampun waifuku,5,0,5.0.0_26041933_26161852,2025-02-24 15:55:51,,,5.0.0_26041933_26161852
ea46d211-6e40-4550-a5bf-f770e3846ca4,Muniah HS,https://play-lh.googleusercontent.com/a/ACg8ocJ3gGpTa_ypjOq4fxC_Lb3pAC-g09q4A8YN8nTVKkGtBVKL=mo,Yaallah pengen banget dwld gensin tapi penyimpananku cuma 8 gb:(,5,0,,2025-02-24 15:52:02,,,
a71a6085-2291-4798-afca-882164d67e4e,like a Ridzz,https://play-lh.googleusercontent.com/a-/ALV-UjXO3TeX6RBOl2iNOkNZCLK48pUzFsn47GONlxPgsFZVXDmG-ns,seru abiss gameplay nya,5,0,,2025-02-24 15:26:33,,,
f4ad1661-8a42-43ee-b5d7-f1bb4e5da7c8,Nan Da,https://play-lh.googleusercontent.com/a-/ALV-UjXCNoLlk7JZ68h67_5gHbt_ZtJVDJCfuN1EYI5BwTP7upvJOms,ku kasih star 2 kebanyakan ngoceh,2,0,5.4.0_30057195_30231699,2025-02-24 14:39:02,,,5.4.0_30057195_30231699
e34bad80-ab90-43fb-b862-b7bfcb56a073,it's naaa,https://play-lh.googleusercontent.com/a-/ALV-UjW4JULgoPFF7deS02O_hcmGdVPiLPAw8-aUQAWgSVBofJ6an0A,download data nya lama,1,0,5.4.0_30057195_30231699,2025-02-24 14:29:12,"Halo, Traveler! Terima kasih telah mendukung Genshin Impact. Fungsi fitur pra-unduh adalah untuk memberikan player akses pada konten terbaru lebih cepat sewaktu versi terbaru dirilis. Jika Traveler mengalami masalah sewaktu pengunduhan, silahkan menghubungi CS kami melalui email. Kami akan memberikan bantuan/jawaban yang sesuai untuk Traveler.",2025-02-28 18:04:44,5.4.0_30057195_30231699
103cdd01-bb2b-4309-b2c0-b20b0dd92046,fardan putra fadilah,https://play-lh.googleusercontent.com/a-/ALV-UjWNNbrd0y8EnbasUeRAhgxftf4TafXMNlPOJbT5YK9iI4ItztKW,"loadingny lama bgt😭, nungguny mles",4,0,,2025-02-24 13:55:28,,,
9e71ef81-f940-4b3e-9aaa-bb15f1c20a62,Zulvy Sulthan,https://play-lh.googleusercontent.com/a/ACg8ocJeDLxhqxGztvtzPnpFLYYedZsyNumYGcqF0Vs9YKFhUerH6Q=mo,"sangat memuaskan dan memanjakan mata, cuman skali kali kasih tiket gratis buat gacha"":))",5,0,5.4.0_30057195_30231699,2025-02-24 13:55:04,,,5.4.0_30057195_30231699
dae965cc-1d79-4d5e-8cf2-8b5afe240573,Tahta Ashlamu,https://play-lh.googleusercontent.com/a-/ALV-UjV9M3Q-2CuPEMIwr5M3cYkyKdHsuDQnSXBF4rUlus4bx1XAPGFf,"tolong dibaca ya hoyoverse, jadi gw baru aja comeback setelah lama hiatus, yang gw perhatiin ni game mmm lumayan ada beberapa fitur menarik. jadi gw kasih bintang 3 dulu yak nanti kalo gw dapet furina gw update ke bintang 5 😹",3,0,5.4.0_30057195_30231699,2025-02-24 13:42:37,,,5.4.0_30057195_30231699
ef87f7c5-58c6-4789-b58c-9f2457f0c726,アリア,https://play-lh.googleusercontent.com/a-/ALV-UjWmYcKPwWMlvY8s40GlweGOgxWnw-6oCKZNnksr2iYcWJGOabDP,"Game silit Pantas emang dapat B1 , storynya aja silit gada bagus-bagus, kita dipaksa baca story silit itu",1,26,3.0.0_9612129_9624836,2025-02-24 13:03:21,"Kami mohon maaf atas ketidaknyamanan yang Anda alami, Traveler. Kalau Anda memiliki masukan atau saran, silakan hubungi kami melalui email atau feedback in-game.",2025-02-28 18:04:13,3.0.0_9612129_9624836
9e1adc09-a6e1-4a4a-8cea-3951fe1addff,Chouly,https://play-lh.googleusercontent.com/a/ACg8ocKSnowdgYxaYm_I1Xi8hEOxxrakoa-6K1-fdaPBeApnFBo=mo,"Dear developer. Tolong tambahkan fitur skip untuk story"" nya 30min cuman buat dengerin orang bicara ga ngotak",2,0,,2025-02-24 11:34:58,,,
b1b00cf5-7e55-4528-96a9-600931a122ca,Valkyrie Vall,https://play-lh.googleusercontent.com/a/ACg8ocLhslrhubw5s3BVDDrSA6ORT0fytEmm4v-raRvB93HMTCvxtQ=mo,buat kan fitur skip story,4,0,5.4.0_30057195_30231699,2025-02-24 11:18:39,,,5.4.0_30057195_30231699
a59a9adb-aef6-4a3e-8f73-cbaf39d8c2bb,Lorensius Editiar,https://play-lh.googleusercontent.com/a-/ALV-UjVEyxA_-0iTXVZ8b4MIbY87njN5ixRxzGE8xyknTtLJ3lRRqkI,Best game!!,5,0,5.4.0_30057195_30231699,2025-02-24 11:00:25,,,5.4.0_30057195_30231699
76219c68-796a-4a33-8e2a-c12cf172dd3c,adi ramelan,https://play-lh.googleusercontent.com/a-/ALV-UjXoyub6SJLCmJNnAYRSCYnHpddvg_mpIw45t8xM5yQG1nvb958qHw,Public enemy,1,0,,2025-02-24 10:54:51,"We sincerely apologize for your unsatisfactory experience, Traveler. If you have any feedback or suggestions, please send us an email or contact Customer Service via in-game feedback to help us improve the game.",2025-02-27 18:08:33,
1e678491-9dca-43e0-81c4-f95d3c8abda6,Inisial A,https://play-lh.googleusercontent.com/a-/ALV-UjV-KoSbkDJEEq7WWPTBsS-piqzlA7O1Dp3TcjqpCxnY7ZLHnQw,"game yang sangat seru meskipun awal"" masi binggung tapi game nya asikkk dan sangat menghibur,, cocok untuk di tamatkan sihhh😍😍😍😍☺️☺️☺️☺️",5,0,5.4.0_30057195_30231699,2025-02-24 10:46:22,,,5.4.0_30057195_30231699
2d9ce93e-1b9e-4d02-814a-dadeea79ce88,Nauval Azka,https://play-lh.googleusercontent.com/a/ACg8ocIEaLjjVcHk8oIQgIj8pbHg7BN2g9EDauyy-SBpJY6UHfxOQw=mo,Gokil,5,0,5.4.0_30057195_30231699,2025-02-24 10:19:02,,,5.4.0_30057195_30231699
eeb52b69-cec0-41c6-8c2e-70cd379e78a8,S. Ashley,https://play-lh.googleusercontent.com/a-/ALV-UjXXI1PLRJ_AHTZ-s-NeeMqI0XOy1uALlrsMMBjk5UruzNnpvgiB,"Alright bro, I have a complaint about the web event. What do you mean I have to login? I already did that💀 this bad as hell dude. This never happened in previous versions, so please Hoyovers fix this annoying thing. I don't want to lose 50 primogems again",5,0,3.6.0_13833164_13951843,2025-02-24 09:28:00,,,3.6.0_13833164_13951843
cfd6fe4f-dba0-452d-9162-c32aefb71c70,Dede Hungkul,https://play-lh.googleusercontent.com/a/ACg8ocKRjb2XblvvKkPMZY1Cyc2CND9rcgg-fM_Kgy6jZed1VTHYyA=mo,I like it,5,0,5.4.0_30057195_30231699,2025-02-24 08:49:00,,,5.4.0_30057195_30231699
ca98eff2-45e6-4a10-9255-f1911f1cf2e7,DenyXD,https://play-lh.googleusercontent.com/a/ACg8ocKR0vQodnCDcBoxtAfnnJa4s45WxrWfXU0zQf1Vy_cxXKtcA08=mo,tolong permudah stat artefak yang di mau dan perbanyak bansos primo. otw bintang 5,2,0,,2025-02-24 08:36:25,,,
b7b51599-4f77-47b4-bafe-fdc180a5abfe,MMA2 MMA2,https://play-lh.googleusercontent.com/a/ACg8ocIG0ruTJW4XjTbdDZcVJmdYJ0ZEYznMotUGwLr_huSxMPw2CA=mo,Nice,5,0,5.4.0_30057195_30231699,2025-02-24 08:15:01,,,5.4.0_30057195_30231699
7a3adfc5-9297-4451-b80a-670d8f153343,Aditya Muharman,https://play-lh.googleusercontent.com/a-/ALV-UjVBRX8EzXvm0u9iVMmpoQUTehg4uZ1kOp2-YqczUZCNplrgAns,Sistem upgrade artefak kau busuk,1,1,2.3.0_4786731_4861639,2025-02-24 06:54:23,"Kami mohon maaf atas permasalahan ini, Traveler. Silakan hubungi kami melalui email atau feedback in-game untuk mendapatkan bantuan lebih lanjut tentang masalah ini.",2025-02-27 18:08:25,2.3.0_4786731_4861639
a9e0ca8b-fa1b-4256-b883-60de7958b76a,Ririn Rohmah,https://play-lh.googleusercontent.com/a/ACg8ocKo8ARan1Ukz0BFR6dNJ_tTGp4PoDjRgATtLIaaXiVqlp6P8Q=mo,Now log in quickly and continue the adventure is good too.,5,0,5.4.0_30057195_30231699,2025-02-24 06:08:53,,,5.4.0_30057195_30231699
c839edc7-f4ea-46c7-a7dc-e622416e37d3,Ainun Aisyah,https://play-lh.googleusercontent.com/a/ACg8ocIBJH2ucbD3I6KFRpAOA2SOwryYDkbAlStnQ4PRkqob2cht=mo,Bagus,5,0,,2025-02-24 05:42:25,,,
23cc4585-b76a-47f2-a0fa-eeef6b924afc,Joe Wikwik,https://play-lh.googleusercontent.com/a/ACg8ocIXsD6x0ic6ql28PcUD_pPVGxLecxrx3wjN0v-o_P5hqWTOZg=mo,QOL MANA? JUALAN FANSERVISE MULU!!!!,1,2,,2025-02-24 02:06:56,"Kami mohon maaf atas ketidaknyamanan yang Anda alami, Traveler. Kalau Anda memiliki masukan atau saran, silakan hubungi kami melalui email atau feedback in-game.",2025-02-27 18:08:21,
9e759454-e1ef-4727-adad-e34d9eea6e2a,Khaerul Farhan,https://play-lh.googleusercontent.com/a-/ALV-UjWz_37VtmzYZ-WFuxCR6qkzjE1yej2mtkFFAm4VcEJnOG0VaUZ8,"Overall dah oke yg kurang menurutku di versi android gk bisa make gamepad gk kaya zz ama honkai strail itu bisa dah otomatis ke mapping kalo konek gamepad, tolong kedepannya bisa make gamepad",4,0,5.2.0_28336591_28351161,2025-02-24 01:22:02,,,5.2.0_28336591_28351161
32f7b641-b6fb-4dc6-afd3-3585608330c3,Evita Andini,https://play-lh.googleusercontent.com/a/ACg8ocI7jW1zcKHeXsB0XJAuR2-WQJ85TAIaT4OK8ORJBOqj0F7xmw=mo,game terbaik yang pernah ada,5,0,,2025-02-24 01:04:14,,,
12964ce1-e9b0-4333-bc5d-496986d99af6,Jamal,https://play-lh.googleusercontent.com/a/ACg8ocKNDWDId77GdsRo5m8ZQJ19-TODkyuqiomrljRO55Ml_eX1XoA=mo,Bagus,5,0,5.4.0_30057195_30231699,2025-02-24 00:09:48,,,5.4.0_30057195_30231699
b0752fe8-4ef0-4b9a-b56b-7df5b0bee065,Ramadan nur Azis,https://play-lh.googleusercontent.com/a-/ALV-UjWsNSTk6LnB_2Dz7QvTYlSG1kRHmXcI9L7qfi9KJw-_T-ZmU7F5,Jossssss,5,0,5.4.0_30057195_30231699,2025-02-23 23:56:28,,,5.4.0_30057195_30231699
7f8c6ae3-0d73-4923-9246-972294a20d41,Pasha al,https://play-lh.googleusercontent.com/a-/ALV-UjWsU29Lqbu8lhBZy6zb4QTTLqnAZfOFK3vfkkHV2d2uwrCl9auB,game kikir gw kalah rate of terus cuma 1 kali menang rate off mana di kasih diluc terus sampe c4,1,3,5.4.0_30057195_30231699,2025-02-23 21:36:18,"Halo, Traveler! Traveler dapat melihat aturan sistem Wish di bagian [Rincian] pada halaman Wish. Jika kamu memiliki pertanyaan tentang perincian dari aturan tersebut, silakan hubungi tim Layanan Customer Support kami melalui feedback in-game atau melalui email.",2025-02-27 17:52:32,5.4.0_30057195_30231699
63700620-7281-4196-8c93-259562626aeb,Mira Arliana,https://play-lh.googleusercontent.com/a-/ALV-UjXvtgnVWjyW4KWA9G4q4sR0weke72hpejvrG9s_5Zj4GprC_Io,I like this game,5,0,,2025-02-23 21:34:19,,,
380c7818-370a-423e-90d8-e99326a7afe8,Abimayu,https://play-lh.googleusercontent.com/a/ACg8ocLi4hNTxsGQvzDFS0jjvTshfcT2858BDHWJcirpiA4vhuI24w=mo,Seru game nya semoga semakin di kembangkan gamenya,5,0,5.4.0_30057195_30231699,2025-02-23 21:31:49,,,5.4.0_30057195_30231699
0f262e03-5dee-4ab0-a708-b6d1392c4cc8,RENDY SAPUTRA,https://play-lh.googleusercontent.com/a-/ALV-UjV0dOEYvmn7S85cQg5G3MuMqhr3ncCO-XaGiHECTGA5FbL7sdY,males main gamenya udah ku download datanya malah ke ulang padahal udah ada di penyimpanan nya,3,0,,2025-02-23 21:27:20,"Halo, Traveler! Terima kasih atas support anda pada Genshin Impact! Mohon diperiksa apakah anda telah mengunduh game client versi terbaru melalui official channel yang ada. Dan mohon kirimkan informasi relevant mengenai permasalahan anda kepada CS kami melalui email. Kami akan memberikan jawaban/bantuan permasalahan anda sebaik mungkin.",2025-01-11 17:27:56,
939eba10-dc15-45da-b71d-ca7cf156c722,Bagas Dwiutomo,https://play-lh.googleusercontent.com/a-/ALV-UjXl13mohQFHybVfu-lneqiA29jy7M1Z7O8yTSE2WdcQYVy0kL4,Aku suka banget apa lagi rate off nya 🥰🥰🥰,5,0,5.4.0_30057195_30231699,2025-02-23 20:53:31,,,5.4.0_30057195_30231699
6e8a91fa-a1de-49ef-af55-f93e81ca1c24,Yoga Adnyana,https://play-lh.googleusercontent.com/a/ACg8ocLsyeabydaiLVSNDZkdTkitrtrsA2csi3BnHUezR-YldQt4MA=mo,"setelah nyobain game sebelah, kerasa bgt bedanya, sekarang lebih nyaman sama game sebelah karena fitur""nya lebih enak buat gua",3,0,2.6.0_6179196_6305792,2025-02-23 20:45:58,,,2.6.0_6179196_6305792
3bab644f-4f5b-45fc-a498-7a9a23e4f440,Sayful Fahmi,https://play-lh.googleusercontent.com/a-/ALV-UjW8BXjo8HPof-MbyorUuiudvPFctBqhpndRUDtwOAuGG5iODqNi,Pertama cumn 200mb an Unduh nya 33 gg lebih. Udh maen beberapa hri minta updet lg skitar 200 mb lebih Buat hpe yg memori internalnya di bwah 120 mening up dulu dah. Kyanya tiap minggu yah minta di updet. Skli updet 80 mb 100 mb. Lama2 ini gem bisa 90 gb. Bikin hpe berat aja. Bosen juga gemnya kurang seru. Males ah sy unisntal aja.,1,3,5.4.0_30057195_30231699,2025-02-23 19:15:25,"Halo Traveler,
Terima kasih atas support anda pada Genshin Impact!
Untuk mengurangi jumlah size data game, anda direkomendasikan untuk menghapus data Voice-line dan data Quest lama yang bisa dilakukan melalui setting in-game. Jika anda mengalami permasalahan lain atau ingin menyampaikan feedback, jangan sungkan untuk menghubungi tim customer sup...",2025-02-26 17:23:28,5.4.0_30057195_30231699
d1b6323e-2bc8-41d5-a55c-faec3c89c47d,Sahri Lesmana,https://play-lh.googleusercontent.com/a/ACg8ocJ_Lhn-RsSn2j_IlSKkgOkMljYE_xoArBVHjbu6lqLPBudcqw=mo,Buset bang gw donlot Daleman datanya abis 30gb itu juga blm ke unduh semua,1,2,5.4.0_30057195_30231699,2025-02-23 18:42:31,"Halo Traveler,
Terima kasih atas support anda pada Genshin Impact!
Untuk mengurangi jumlah size data game, anda direkomendarikan untuk menghapus data Voice-line dan data Quest lama yang bisa dilakukan melalui setting in-game. Jika anda mengalami permasalahan lain atau ingin menyampaikan feedback, jangan sungkan untuk menghubungi tim customer sup...",2025-02-27 17:47:07,5.4.0_30057195_30231699
ec8c9b66-2843-4434-83d9-0c807ce3b28b,kenn lier,https://play-lh.googleusercontent.com/a-/ALV-UjVBAgHB2-L8BN_e14xKN2YuA_NMpagoWsBpmt34u3Bco-cX4WI,tambahin hutao,5,0,5.4.0_30057195_30231699,2025-02-23 18:18:36,,,5.4.0_30057195_30231699
0d935130-bb13-4e87-9b2a-9cc75fa903e7,Rahman Wakano,https://play-lh.googleusercontent.com/a/ACg8ocI8n19tucl-lQK_JhAsFZaT46sudE8200PyYSiAmgpHe_uTKg=mo,bagus bangett,5,0,5.4.0_30057195_30231699,2025-02-23 18:15:25,,,5.4.0_30057195_30231699
7c464a5a-e62b-4aff-a1cb-fe1e3d277824,Toshi04_,https://play-lh.googleusercontent.com/a-/ALV-UjVYEGbAuEykc9t_hWahHkOQkmhRqD74KSBw8X3SThVNvGwVL5hi,bosen yang rilis karakter perempuan mulu. padahal lore bagus tapi perbandingan karakter perempuan sama laki-lakinya kaya 1:100. saya kasih rating 5 kalau udah rilis karakter laki-laki yang cukup.,1,8,5.4.0_30057195_30231699,2025-02-23 18:15:10,"Terima kasih atas dukungan Anda terhadap Genshin Impact, Traveler! Kalau Anda mengalami kesulitan apa pun yang berhubungan dengan Genshin Impact, silakan hubungi kami melalui email atau feedback in-game untuk mendapatkan bantuan.",2025-02-27 17:52:23,5.4.0_30057195_30231699
23bccaa9-f1d6-4519-83ac-688259755f37,Ulung Paradigma,https://play-lh.googleusercontent.com/a-/ALV-UjUWUF4V8iIJqSHCHUZklGwCmXbj1LQGew35YTvdw32HOKuLFHE,"terlalu banyak dialog,jalan dikit banyak bacot ,kurangin pembicaraan yang ga penting,kalo terus gini ngerjain quest jadi pening,gacha char dipermudah,itung itung juga sedekah",3,0,5.4.0_30057195_30231699,2025-02-23 17:23:30,,,5.4.0_30057195_30231699
970fec4f-91df-43c0-a0bd-99bd8d707bb1,estungtunggoreng,https://play-lh.googleusercontent.com/a/ACg8ocKFTAdFuiWnPUNsXklAE8QYF2bDIubi_clOQxtRmfuhcMfa2Q=mo,"kuota ±20gb terbuang sia2 buat unduh data, terus pas ngeklik hentikan unduhan ulang lagi dari awal, kenapa jadi kaya gini dah, padahal dulu ga kaya gini. kamu berubah, kamu udah ga kaya dulu lagi 😔",1,1,,2025-02-23 16:25:41,"Kami mohon maaf atas permasalahan ini, Traveler. Silakan hubungi kami melalui email atau feedback in-game untuk mendapatkan bantuan lebih lanjut tentang masalah ini.",2025-02-27 17:48:28,
dca22c28-c70f-4166-8fdd-9b52dc152d5e,MHasbi MF,https://play-lh.googleusercontent.com/a/ACg8ocIMHiYkCpwLAGBfxUx7l_2rciuyv-3BO3rPnAjegSW2DFWIkA=mo,Great game,5,0,5.4.0_30057195_30231699,2025-02-23 16:20:18,,,5.4.0_30057195_30231699
f6546cf1-996b-41b1-ac2c-1983507f5863,I Putu Gerry Putra S. 14,https://play-lh.googleusercontent.com/a-/ALV-UjXCSVfJXSb8kMMRmVlUIWngCfPSx1AdbzguSJHme60_G5WawuTx,W game,5,0,,2025-02-23 16:08:49,,,
b737a28a-f450-4695-a515-516e61de3c7d,Dewi Retno Sari,https://play-lh.googleusercontent.com/a-/ALV-UjU4x8l4xbAbiDg_5XHOioREf61xE-AQFqPkzhHx2_ftX7P5RRovsA,Gamenya bagus banyek kayak anime fantasi atau isekai,5,0,5.4.0_30057195_30231699,2025-02-23 15:43:48,,,5.4.0_30057195_30231699
dc30edce-b4dd-4f4a-ae18-9a075355287e,Mario Teguh,https://play-lh.googleusercontent.com/a/ACg8ocILSnrnZY0NHWbRUdPgMfcaJ-ma3o7Jf1uedSIFt0Ty_aT1-A=mo,Mantap,5,0,5.4.0_30057195_30231699,2025-02-23 15:33:02,,,5.4.0_30057195_30231699
70e77f7d-a367-4454-9ee0-275c56461ed3,Rafandha Tito Pratama,https://play-lh.googleusercontent.com/a-/ALV-UjW9YdeTu6G8pEVqfvDGt3-u_v-ITnmZ0b2T152hCLH42hHYOu1R,Keren,1,0,,2025-02-23 15:32:46,"Terima kasih atas dukungan Anda terhadap Genshin Impact, Traveler! Kalau Anda mengalami kesulitan apa pun yang berhubungan dengan Genshin Impact, silakan hubungi kami melalui email atau feedback in-game untuk mendapatkan bantuan.",2025-02-27 17:45:57,
d502b8f8-27f8-4179-8a22-25a8fa1460eb,Hanggara Prastyo,https://play-lh.googleusercontent.com/a-/ALV-UjVwlP9_QG_DTprTLbRkLsQTD8ScaTKvkybrpqPpLUswBO5SnVa0iQ,"Game RPG yang top dari segi art direction, story, dan gameplay-nya.",5,1,5.4.0_30057195_30231699,2025-02-23 15:05:52,,,5.4.0_30057195_30231699
46eb68ea-51f9-475b-9953-097e469c5a57,Isyana 311,https://play-lh.googleusercontent.com/a-/ALV-UjUjmLPRXbSqsUSj_mECKbM2C1ODxB_pHtwSCk2cW8B8O9nbp86o,"overall untuk genshin udh bagus,apalagi klo bansos lancar yh,dan plss ini yg harus diperhatiin BANYAKIN CHAR COWOK PLSSSSS KITA PEREMPUAN JG BUTUH COWOK TAMPAN😭😭😭😭😭😭😭😭",5,0,5.4.0_30057195_30231699,2025-02-23 15:03:08,,,5.4.0_30057195_30231699
a115e002-21f5-49be-ba4a-af77bef943ae,Bayu Prasetia,https://play-lh.googleusercontent.com/a-/ALV-UjXYO9_Bwk8ULex1NgwUvNOLQXNuZ5nPMQnK4wFeXq0sN_c43_O-,"I tried to get a good artifact for 2 weeks, but I didn't get any good ones. All trash.",1,1,5.4.0_30057195_30231699,2025-02-23 14:39:54,"We sincerely apologize for this issue, Traveler. Please send us an email or contact Customer Service via in-game feedback for specific help with this issue.",2025-02-27 17:45:18,5.4.0_30057195_30231699
7b52707d-c5f5-42c3-bad9-92bb972a5dfe,Delta Mc,https://play-lh.googleusercontent.com/a-/ALV-UjUxpBCaeJ0VNAugJB2pvxSbEKkHAi8M0l8IzJnDHHbdNGinwL0q,nice,5,0,5.4.0_30057195_30231699,2025-02-23 14:15:06,,,5.4.0_30057195_30231699
2a8f40bb-710d-4421-8850-904c4b1cf42f,Rafael pro,https://play-lh.googleusercontent.com/a/ACg8ocIH-GPItODcVwckeyZ0RcmNPnDHgo_MtMOBPA943FrKXSDjxQ=mo,gamenya bagus alur nya juga keren pokoknya keren dah game ini walaupun hp agak menyala tapi gak papa lah,5,0,,2025-02-23 13:44:27,,,
07891e9c-e545-403c-95c0-0b9d39f5e3fd,Walet Zaki,https://play-lh.googleusercontent.com/a-/ALV-UjVfzCLYSrZYIUJ0YXkjU0tQqV9oe_O19XYDzdbebD357KXsL8g,sukaa,5,0,,2025-02-23 12:25:22,,,
2c184581-bae1-4215-9386-4066cf8a5ed9,ERYASA MAULANA,https://play-lh.googleusercontent.com/a/ACg8ocIMN0tjma2kQ0JVxtBeDpS3wiTH8WU6Gua6lVSgYkAmIKQD1w=mo,Game nya mantap makasih hoyo Btw tambahin bansos dong Hehee🗿😋,5,0,5.4.0_30057195_30231699,2025-02-23 11:59:12,,,5.4.0_30057195_30231699
3f1e0f71-0f58-49e2-b4fb-28fd5e8b2286,Muammar Habib17,https://play-lh.googleusercontent.com/a/ACg8ocIX53qL47DUHeHkQpFI2FpdqYHB_y8ZWiLxMvGB_IziF_GL=mo,Sangat luar biasa. seru.,5,0,5.4.0_30057195_30231699,2025-02-23 11:37:17,,,5.4.0_30057195_30231699
bcfce153-f323-453e-8f3e-39d5761483e0,Untuk Melindungi,https://play-lh.googleusercontent.com/a/ACg8ocIBHxBtXpksOmYzHi4E216zeuJB8yX8jLKvWgvbk1RaxLEj0A=mo,"Pls listen to ur player, and add controller to android, i alr buy controller",1,0,5.4.0_30057195_30231699,2025-02-23 11:19:06,"Thank you for your constant support of Genshin Impact. We welcome any valuable input from you. If you have any comments or suggestions you would like to share, please feel free to contact our Customer Service team via the in-game feedback channel or email to help us improve the game.",2025-02-27 17:51:51,5.4.0_30057195_30231699
e845e25a-3762-437e-86a9-b1f033b58a69,Pengguna Google,https://play-lh.googleusercontent.com/EGemoI2NTXmTsBVtJqk8jxF9rh8ApRWfsIMQSt2uE4OcpQqbFu7f7NbTK05lx80nuSijCz7sc3a277R67g,ini cuma bisa di PC apa gimana ya?? di handphone ga bisa 😾,3,0,,2025-02-23 10:24:46,,,
10a433a3-a903-4bde-abbb-feecb165c021,Arkan M.S.,https://play-lh.googleusercontent.com/a-/ALV-UjWdB2MEdF6jn2YVoGxkaHr8-sLIjOLNmhb1o3SR5HC-79Nayy6w,"Wahi Developers berikanlah primogems lebih banyak untuk pemain lama, beberapa versi akhir-akhir ini seakan-akan player baru yang diuntungkan",5,0,,2025-02-23 09:25:16,,,
1e76eb0e-df90-4259-92f2-dc51fd1f424f,Septian Anugrah,https://play-lh.googleusercontent.com/a/ACg8ocLwlwbLTs-hxM7r_seArDrO618MbG5L0RjuVJcZ7QqXZJvQVA=mo,Open worldnya membosankan,2,0,5.4.0_30057195_30231699,2025-02-23 09:21:32,,,5.4.0_30057195_30231699
9399cc3f-0d00-4ddc-98a6-ce5a32d3d777,Awal Saputra,https://play-lh.googleusercontent.com/a-/ALV-UjVMVpzEG7BYJ1ylqm051GF1jI7NbOL4tMEz0ddjykHwULIEObY,oke sii,4,0,5.4.0_30057195_30231699,2025-02-23 09:14:38,,,5.4.0_30057195_30231699
b0ab0019-4ba7-414a-91a0-4b449a3a693f,Shel Sheshelll,https://play-lh.googleusercontent.com/a-/ALV-UjXu0INcQBP8GnzMXMIu6DTj7rgLqrzcESP93jhCxuGSUWYHF4s,udah download data sampe 8000 mb malah balik ke 0 lagi yaelah.,1,0,,2025-02-23 08:31:22,"Kami mohon maaf atas permasalahan ini, Traveler. Silakan hubungi kami melalui email atau feedback in-game untuk mendapatkan bantuan lebih lanjut tentang masalah ini.",2025-02-27 17:51:36,
3b521b1f-00b7-4932-8565-b1067271d6c6,realme adexphoenix,https://play-lh.googleusercontent.com/a-/ALV-UjWLGYRHPmsc4n010bzj0jFzVBK1MoLDXzzkvq0zCV8j90_r_bU,susah nyari element yg di pingin.. gacha 10x banyakan senjata malah dapet.. nyari element yg dipingin nda matok b5 intinya element kyk bannet susah banget stateran,1,0,,2025-02-23 08:24:07,"Halo, Traveler! Traveler dapat melihat aturan sistem Wish di bagian [Rincian] pada halaman Wish. Jika kamu memiliki pertanyaan tentang perincian dari aturan tersebut, silakan hubungi tim Layanan Customer Support kami melalui feedback in-game atau melalui email.",2025-02-27 17:51:26,
1756a9ee-95a2-4ae7-a93e-a68206bf8092,dil_loveyou,https://play-lh.googleusercontent.com/a/ACg8ocI_OIo__gRm4XDuC1_O3aaYPyxXTaZUO22Vxm4aw0u0yvJ6WA=mo,mantap,5,0,5.4.0_30057195_30231699,2025-02-23 08:21:21,,,5.4.0_30057195_30231699
4cd89e71-abc4-4fe0-bc51-f7f62b106d06,Rizki kurniawan,https://play-lh.googleusercontent.com/a-/ALV-UjUWKvWsnB3RvpLbeCNT7fWdl9u0UTxu0DpPY5JSNTycI3YPGg8,"Dari dulu gapernah berubah, penguna HP selalu menghubungkan kembali, karena ini game saat percakapan tidak bisa di skip jadi ketika menjalankan mainquest tiba"" Menghubungkan ulang jadi haru dari ulang lagi percakapan yang panjang kali lebar, saya memainkan genshin di HP dan PC mengunakan 1 jaringan tapi hanya di HP yang selalu menghubungkan ulang dan ini mihoyo gaperduli karena emg dari dulu problem gaprnh berubah masalah menghubungkan",1,12,5.4.0_30057195_30231699,2025-02-23 06:52:59,"Kami mohon maaf atas permasalahan ini, Traveler. Silakan hubungi kami melalui email atau feedback in-game untuk mendapatkan bantuan lebih lanjut tentang masalah ini.",2025-02-27 17:50:54,5.4.0_30057195_30231699
062522ba-4426-4c64-a179-3f187fd3458a,Mysia_03_XA,https://play-lh.googleusercontent.com/a-/ALV-UjXAtmoPHxkeZ5qC3C3CJ89lzwP-IMKzIMHIc3xyUGIqO6epP6Dx,SERUU BANGET GAMENYAA SUMPAHH DEHH!!,5,0,,2025-02-23 04:43:54,,,
5069752c-a3f1-436c-a782-9796ed55df01,muhammad zidan,https://play-lh.googleusercontent.com/a/ACg8ocIQeNOyBP04muToO4fxwQHV7rp-QAObhEgoKeNrf-zGACe78g=mo,Nice,5,0,5.4.0_30057195_30231699,2025-02-23 03:42:29,,,5.4.0_30057195_30231699
9d835473-2b72-4fcf-8b3a-65fc5f43ab78,Raka Aji,https://play-lh.googleusercontent.com/a/ACg8ocJGsJNf_oPh4AoHHyJpUbTQJiUKgJzhrs91Xi0hxAEJ4qijDA=mo,Management buruk,1,0,,2025-02-23 01:37:43,"Terima kasih atas dukungan Anda terhadap Genshin Impact, Traveler! Kalau Anda mengalami kesulitan apa pun yang berhubungan dengan Genshin Impact, silakan hubungi kami melalui email atau feedback in-game untuk mendapatkan bantuan.",2025-02-27 17:45:33,
e825e311-4a53-469d-8b36-467b75f812d1,Blue Sky,https://play-lh.googleusercontent.com/a/ACg8ocJXl2OdUACpf_O-m6xsaWB0_aiepM_uo0AenytDuxINSqyOkw=mo,"Keren asyk, bisa menikmati keseruanya",4,0,5.4.0_30057195_30231699,2025-02-23 01:11:24,,,5.4.0_30057195_30231699
7cee7acb-9a96-47a9-8b46-6314b62d2302,Ade Syahrul,https://play-lh.googleusercontent.com/a/ACg8ocJVYwt7oGqTbGU960_h3hs4bZFERhWGltfmdsQd0zAEI76fiQ=mo,"ini penerjamahan bahasa indo kenapa jadi banyak tah toh tah toh nya bjir,bisa gak gausah pake bahasa daerah buat nerjemahinnya,jadi ilang feel storynya gara2 baca terjemahan yg uh...menjijikan.terus storynya jadi gampang aja ditebak gitu,bikin ilang kesan wah nya,terus si mc aether suka sok care gitu sekarang, jadi jijik gw.bagusan pas masih di inazuma,sumeru ke natlan ampas.mau di hapus tapi sayang karna udah gaxha banyak char.nanggung jadinya,kalo mau ampas,ampas aja sekalian.mending main ZZZ.",1,10,5.4.0_30057195_30231699,2025-02-23 00:37:55,"Terima kasih atas dukungan Anda terhadap Genshin Impact, Traveler! Kalau Anda mengalami kesulitan apa pun yang berhubungan dengan Genshin Impact, silakan hubungi kami melalui email atau feedback in-game untuk mendapatkan bantuan.",2025-02-27 17:48:51,5.4.0_30057195_30231699
b7a3a688-2be8-4e62-b495-cd41cd04d131,Syafiq Pasya,https://play-lh.googleusercontent.com/a-/ALV-UjViXcuF4SrIWNu3EaaPNaDiI8LHygqrSQsSsRyN1RRElBHU1PU,"GAME NYA BAGUSS, TAPI BANSOSSSSSS NYA KURANG OI!!!!!",1,0,5.4.0_30057195_30231699,2025-02-23 00:36:50,"Terima kasih atas dukungan Anda terhadap Genshin Impact, Traveler! Kalau Anda mengalami kesulitan apa pun yang berhubungan dengan Genshin Impact, silakan hubungi kami melalui email atau feedback in-game untuk mendapatkan bantuan.",2025-02-27 17:46:31,5.4.0_30057195_30231699
a4bd9beb-aad5-4913-99f9-c74ae191a118,hujjatul al,https://play-lh.googleusercontent.com/a-/ALV-UjVfvI00Zlrf8A7Y-JWaC5e1GRGCIXj7CChGZg5Txq9-x-QBZNM,Apakah bisa main di ram 4 ? Oppo y24,5,0,,2025-02-23 00:17:21,,,
55d56829-4d52-4e45-9e4b-cf12f6548ff5,Muhammad Hafidz,https://play-lh.googleusercontent.com/a-/ALV-UjXfsBS3F7Ghy1OBu6J5vCth38IayThp823a8fai22KVRmHxKhrf,"Game ampas banyak yapping, kikir, sistem artefak juga gacha hoki""an",1,1,5.4.0_30057195_30231699,2025-02-23 00:10:41,"Terima kasih atas dukungan Anda terhadap Genshin Impact, Traveler! Kalau Anda mengalami kesulitan apa pun yang berhubungan dengan Genshin Impact, silakan hubungi kami melalui email atau feedback in-game untuk mendapatkan bantuan.",2025-02-27 17:50:31,5.4.0_30057195_30231699
ddb68268-85d4-457b-a90d-b0a100fee93e,Reyhan N,https://play-lh.googleusercontent.com/a-/ALV-UjWYnD_s0TdcOwc0N_1wXWVGcoN8JmWXMaTvse6oIxgEx1ULgCMP,"pendapat saya sebagai player, grafik quest SFX sudah sangat bagus, tapi tolong untuk pembicaraan dialog di quest, terutama di side quest tolong lebih DIKURANGI membahas hal² yang tidak penting, karena hanya membuang waktu dan tidak nyambung ke inti ceritanya, daripada menambahkan fitur skip, lebih baik alur quest dipersingkat dan diambil poin² pentingnya saja, dengan begitu player akan lebih memperhatikan dan membaca dialog nya dan mudah paham karena alurnya yang jelas, let's go genshin 🤩🫡",5,0,4.4.0_20481013_20559831,2025-02-22 23:44:38,,,4.4.0_20481013_20559831
625cf896-470d-4af6-8935-ac556d763514,Nyoman Eloxa,https://play-lh.googleusercontent.com/a/ACg8ocK7zpM64g7okg2ONYcpJCnjGt4i86DDlmaJYH5oe18fRvGRJg=mo,nice,4,0,5.4.0_30057195_30231699,2025-02-22 23:13:56,,,5.4.0_30057195_30231699
f8ace098-a3de-4a10-bb0f-7e3af0f75174,AvoCado Oficiall,https://play-lh.googleusercontent.com/a-/ALV-UjXHIE_M0qODvD6Z_XAXDouTaHiKdpql7aCUOeRkC9by1UNlYdSF,bang mihoyo bisa ga bawain kazuha di rumah saya?,5,0,5.4.0_30057195_30231699,2025-02-22 23:05:37,,,5.4.0_30057195_30231699
4b4c425e-d1ea-4a64-b663-27e69d9828f8,Fakir Unlimited,https://play-lh.googleusercontent.com/a-/ALV-UjXAOeWK1b5bLXFv0Tx5asphE01DleSMpO87kB8Blk0VNc1Hv8eq,"Fantasi Menggandakan diri Terlalu susah !! waktunya terlalu cepat.. yang buat challenge tolol !! Belum apa apa waktu abis buang buang waktu buat selesain misinnya.. ini bukan Game teka teki, jadi jangan dibuat terlalu susah !!!",1,6,5.4.0_30057195_30231699,2025-02-22 22:53:48,"Terima kasih atas dukungan Anda terhadap Genshin Impact, Traveler! Kalau Anda mengalami kesulitan apa pun yang berhubungan dengan Genshin Impact, silakan hubungi kami melalui email atau feedback in-game untuk mendapatkan bantuan.",2025-02-27 17:49:13,5.4.0_30057195_30231699
3909b0d0-22d1-4f03-822c-e76e14c8968f,Elul Chelsea,https://play-lh.googleusercontent.com/a-/ALV-UjUcwLvy8Oj_q8TRco4xYIm1D9V46A_HTmbY7iEMpiJiYt0NJPpq,Monster abysnya KURANG KERAAS HOYOOO,4,0,5.4.0_30057195_30231699,2025-02-22 21:04:50,,,5.4.0_30057195_30231699
1d050110-72fc-44a9-9a8e-f664eb22e0eb,Renn,https://play-lh.googleusercontent.com/a-/ALV-UjU4C0YxVUfr_ujWkXYvpBbokVAnpVAcn3K1BhLH7ebAjwX5bJaj,"gaada fitur skip percakapan, quest nya ngebosenin, tambahin endgame gelud dah itu aja",1,3,5.4.0_30057195_30231699,2025-02-22 20:55:32,"Terima kasih atas dukungan Anda terhadap Genshin Impact, Traveler! Kalau Anda mengalami kesulitan apa pun yang berhubungan dengan Genshin Impact, silakan hubungi kami melalui email atau feedback in-game untuk mendapatkan bantuan.",2025-02-27 17:50:22,5.4.0_30057195_30231699
3980e310-2acc-43db-b1a6-19c9037ae8b1,Mauditra Ameera,https://play-lh.googleusercontent.com/a-/ALV-UjVFYZsfxzEOC7Q6F-FDGI3ajDKcXynSMNK5qetkX_5Uun6ifKP-,Ya sepertinya aku suka game ini,5,0,,2025-02-22 20:24:53,,,
6b26d069-65bb-4ff8-82d9-6f651f76f621,Bloboing Rzk,https://play-lh.googleusercontent.com/a-/ALV-UjVZBnqx4f_9rWvJozgNo2dr-X_eTGH2Kmno07_WfYRcPxLIQCM,Game yg bagus,5,0,,2025-02-22 20:12:56,,,
895f4b6a-e255-4c93-86b4-b6f6db548564,tata,https://play-lh.googleusercontent.com/a-/ALV-UjWURgQrSPkW81UqnOB-6nghTX64_mWHM_6QfXZ6XD6EvFPwgikf,"account suddenly hacked. miHoyo team underestimate security? it's really a shame miHoyo is very incompetent with this, they take this for granted.This is worth asking, why wasn't something like this fixed sooner?!",1,0,,2025-02-22 19:33:44,"We sincerely apologize for your unsatisfactory experience, Traveler. Please contact our Customer Service team via email for specific help with this issue.",2025-02-27 17:47:34,
35592306-0282-46e6-a27e-ea845f4fc152,Muhammad Fatir,https://play-lh.googleusercontent.com/a/ACg8ocJSnkWTXZoyLQ0b2G1Pf3U4URPX2bZiymEhTNbJMDvVJ87vlQ=mo,Bgus,5,0,5.4.0_30057195_30231699,2025-02-22 19:19:22,,,5.4.0_30057195_30231699
b0d188af-c645-497c-84ae-b5618c496985,Alvaro Nizam rasyad,https://play-lh.googleusercontent.com/a/ACg8ocJO3RjyToQ5yXkGZbDlmZ3NIByj9zc_52HsOh7ZgjdWsx8Pvw=mo,Males ada unduhan apdet lama banget 🥲,1,1,5.4.0_30057195_30231699,2025-02-22 17:52:01,"Terima kasih atas dukungan Anda terhadap Genshin Impact, Traveler! Kalau Anda mengalami kesulitan apa pun yang berhubungan dengan Genshin Impact, silakan hubungi kami melalui email atau feedback in-game untuk mendapatkan bantuan.",2025-02-27 17:48:22,5.4.0_30057195_30231699
c6f11723-5635-4caf-8a59-f3fa33d80716,Rafael Manurung,https://play-lh.googleusercontent.com/a-/ALV-UjXKmh4S8DvzNRttPbBUIwtEOeFhemwOu3oXhWAoIKtjFtSBsa8Q,sangat keren,5,0,5.4.0_30057195_30231699,2025-02-22 17:28:37,,,5.4.0_30057195_30231699
a6f741b7-a7f0-40aa-94d5-d37cc6b64f59,Agits Mamluky,https://play-lh.googleusercontent.com/a-/ALV-UjUfvhnc4J1SVtCoq1HTq62yVcitCesZFlLFrtIOMRfne3Aer-g,Bagus banget game nya,5,0,5.4.0_30057195_30231699,2025-02-22 17:22:47,,,5.4.0_30057195_30231699
eaa09294-cf6b-432d-a22a-cb98c9d53c87,rizki Langit,https://play-lh.googleusercontent.com/a/ACg8ocIVkaOCipz2XagRFiZM5lssPoeRyJMXlH_Rt9T17IJS5kOKwA=mo,"Game yang sangat indah dengan grafik yang membuat mataku tidak bisa berkedip, aku sangat suka dengan game ini pokoknya kata aku mah keren🥰😍",5,0,5.4.0_30057195_30231699,2025-02-22 17:01:05,,,5.4.0_30057195_30231699
c5ae6b27-3cab-4495-90c0-0660d75b2088,NALURI GAMERS,https://play-lh.googleusercontent.com/a/ACg8ocK6roEs5RTsGHotX7inLBk_zkAS_M8PkyNHW9rymTvgFKrUZA=mo,Terlalu banyak bacot yg kaga penting,1,1,5.4.0_30057195_30231699,2025-02-22 16:58:38,"Terima kasih atas dukungan Anda terhadap Genshin Impact, Traveler! Kalau Anda mengalami kesulitan apa pun yang berhubungan dengan Genshin Impact, silakan hubungi kami melalui email atau feedback in-game untuk mendapatkan bantuan.",2025-02-27 17:44:46,5.4.0_30057195_30231699
4074a3ed-c6d5-4743-81fa-5a4bd8ac4a45,Mhd Zola,https://play-lh.googleusercontent.com/a-/ALV-UjXFnwdflX8ssWtlJt18N1WJGKPGtN3CqseUqhT913GMx-ye4upo,Seruh,5,0,5.4.0_30057195_30231699,2025-02-22 16:45:25,,,5.4.0_30057195_30231699
4fa308f1-df23-42c7-b392-f5dce6a44e8e,Mohammad Pahmi,https://play-lh.googleusercontent.com/a-/ALV-UjVOChfM45yMMI2jLZtiIZxUJQsCv1Pw2opwh9XOvfPdVrt_KJKO,Seru aja si,4,0,5.4.0_30057195_30231699,2025-02-22 16:14:06,,,5.4.0_30057195_30231699
c23438c0-93bd-428c-935e-e3b00e29dd34,Harr 30,https://play-lh.googleusercontent.com/a-/ALV-UjXVB6V_4PIEpzbWJ9rmJ3-tp7_4tFfigfihEO5FB1tfcpOan5w7,Nice game,5,0,5.4.0_30057195_30231699,2025-02-22 14:36:17,,,5.4.0_30057195_30231699
e6ecca20-8ea6-4bf0-a06a-7ce96a5c1092,Keysa Putri,https://play-lh.googleusercontent.com/a/ACg8ocI09j5UxG_xCHm5qWZumnCSF56pRUJ9VJ1FuuJhVcQpobNYSw=mo,Aku suka dengan game nya seru banget dan aku menyukai karakter utama ini sangat lucu dan imut❤🤭,5,0,5.4.0_30057195_30231699,2025-02-22 14:27:09,,,5.4.0_30057195_30231699
76c2e421-950f-4752-9316-8285027e4b0b,irfan choiri,https://play-lh.googleusercontent.com/a-/ALV-UjW3gPHLo2ww7nQcl6_Gl-NAg4dUHN_yxtyVnpRbG0wVMuaIVNMkmQ,Game bagus tapi rusak dibagian Artefak,1,0,5.4.0_30057195_30231699,2025-02-22 14:24:21,,,5.4.0_30057195_30231699
93480823-dde5-4d95-9343-5f898c8f31b5,8BIT Gaming,https://play-lh.googleusercontent.com/a-/ALV-UjUh0uEy64hM4CZ9voXwfYnLWo89YGVIGZSzsyBInFaOiRdAGDxQ,Aku butuh primogem 1000000000,5,0,,2025-02-22 13:16:37,,,
26c10751-6593-4b41-85a6-99f2a1ec62d0,Chaerul amri Abi52737,https://play-lh.googleusercontent.com/a/ACg8ocLzxzTjqrBcRcUJgnssmzax3kf6m4ZnFHTd4sIfSVytynvDVQ=mo,Nice,5,0,5.4.0_30057195_30231699,2025-02-22 13:07:44,,,5.4.0_30057195_30231699
32df3b94-5884-45d4-9be5-801abc3082c3,wawan samanta,https://play-lh.googleusercontent.com/a-/ALV-UjW35_YJiI52KFRfEO3avLoJ_6V6Cclhfr1qnEQPSoI0oyah5ncz2Q,Lumayan game nya seruuuuu,5,0,5.4.0_30057195_30231699,2025-02-22 12:43:10,,,5.4.0_30057195_30231699
e6b7073f-6a6d-409e-94a0-661c35aeab2c,Rizky anjay Mabar Slebew,https://play-lh.googleusercontent.com/a-/ALV-UjXHCtm5IIOvo3oRp5mV_FjEsyEpL9vGq8zM2teAL8xHscK4FTUZ,Tolong adain skip story buat world quest lama bet yapping nya,3,0,5.4.0_30057195_30231699,2025-02-22 12:06:17,,,5.4.0_30057195_30231699
7b89ce07-cdf6-46a9-b3dd-bac2907b1e8a,ZERO 111,https://play-lh.googleusercontent.com/a-/ALV-UjUj23OStS1ExecT8WSXiJ5T0JUPqsVj37wj2WHYW-f10Uk-910,Bagus story oke karakter manteb minus kuikir,4,0,5.4.0_30057195_30231699,2025-02-22 11:59:37,,,5.4.0_30057195_30231699
a5a0d718-ef08-40c7-b568-9c528c6e11ab,AL_BOY .FF.,https://play-lh.googleusercontent.com/a-/ALV-UjWCuEdZ56MdmfeCSd5woYulDXx8ajSLKqROv0KJu9B0KVAQcVTE,Gamenya si keren banget grafik nya si bisa dibah pokoknya bagus deh tapi download nya jangan lama ya,5,0,,2025-02-22 11:50:14,,,
a52cf8c1-87f8-4a76-b765-3642c473e26f,paskalis bernardo,https://play-lh.googleusercontent.com/a-/ALV-UjVy2z6z2k9_2MP9fW91oIc0SYPinrHuQZaxgeP9M1R2mR-SXiGo,Menarik,5,0,5.4.0_30057195_30231699,2025-02-22 10:28:16,,,5.4.0_30057195_30231699
4c6ac50a-8ed2-4ca9-a3c7-8377feec558a,Fazril Abiyu,https://play-lh.googleusercontent.com/a-/ALV-UjVrKSIADdl37uI0MEXoFxTTNYRqgJDmeI10L4xC4RD2Nbz_RWhB,Buat newbie seperti saya sepertinya tidak ramah karena kurangnya konten untuk eksplorasi dan gap cerita yang sangat jauh... Jadi gampang bosen🙂‍↕️,1,0,,2025-02-22 09:23:18,"Terima kasih atas dukungan Anda terhadap Genshin Impact, Traveler! Kalau Anda mengalami kesulitan apa pun yang berhubungan dengan Genshin Impact, silakan hubungi kami melalui email atau feedback in-game untuk mendapatkan bantuan.",2025-02-27 17:42:32,
4a24706b-d5fd-47a4-a68e-6d81affb69e8,devita helena,https://play-lh.googleusercontent.com/a/ACg8ocKbz_UEBlAXeml1MX5u5a1neZctgwdp5tRwHEtcfQVrFSHx-Q=mo,Bagus banget,5,0,5.4.0_30057195_30231699,2025-02-22 08:37:24,,,5.4.0_30057195_30231699
724b77e5-83e6-4e3a-bcc7-a784d2bbed66,Faqih Bahtiar,https://play-lh.googleusercontent.com/a/ACg8ocLIhGoCjr4J58cw384M69umQ7dQi9xGZpyf9OqU2JGyB8_F_w=mo,"Keren petualangan yg seru,tempatnya luas",5,0,,2025-02-22 08:27:39,,,
675d7fa6-fb93-487d-acb9-044fffcaa87f,herman rasul,https://play-lh.googleusercontent.com/a/ACg8ocLsJG9_JW8o_zN3M5dOLFpevNfLIxH0gU2HegIYFnFdO9T5mQ=mo,Gak bisa login akun.,2,0,5.4.0_30057195_30231699,2025-02-22 06:49:04,,,5.4.0_30057195_30231699
8bf2d22c-19f6-4190-b667-e084bf2ac8a0,Mr. Ridh Karim Rasyid [ Primary Private Email ],https://play-lh.googleusercontent.com/a-/ALV-UjVMazFhouSpWT3HhpiOWyt7iGputwTBzg8juVETXV1_gZMg0yGawQ,Very Bad Gacha System. Why weaponry need to be 50/50.. You will lose a lot of player and chanhe to Wuthering Waves if dont set 100 % weaponry.,1,0,,2025-02-22 06:46:25,,,
7d49ff6a-85ac-4901-947e-73c932a67730,Ahli kunci Barokah,https://play-lh.googleusercontent.com/a/ACg8ocIddbjwt8Y_KmNjuH8AeY6VYpxGqPn_4sNyNpa95q1aVwJX4g=mo,tolong jangan terlalu pelit ya.. ini akun ke 3 ku.. 2 akun terdahulu tak ada 1 pun yg mendapatkan hero bintang 5 .. plissss jngan terlalu pelit,5,0,,2025-02-22 06:20:43,,,
6c5c0ac1-2a39-4697-bb33-556162ceb1b9,raka Fadlih prasetya,https://play-lh.googleusercontent.com/a/ACg8ocL-5sF3PbQkRhKV-ipWJTtiUtgXsyrwYjey6gC0PusYZqkO=mo,Baru mau seneng karna udh download eh disuruh download data lagi 🗿😔🗿,5,0,5.4.0_30057195_30231699,2025-02-22 05:43:11,,,5.4.0_30057195_30231699
80d52403-5608-4d9c-8df4-30b8aae7747b,Yoga Wahyu Pratama,https://play-lh.googleusercontent.com/a-/ALV-UjUgwI-TKjo7oOdezcTOtNWhiKqYkYhtwdD9870VNILdaY7eCKM,Semoga game nya bisa enteng dimainkan di semua hp yang standard,5,0,5.4.0_30057195_30231699,2025-02-22 05:32:17,,,5.4.0_30057195_30231699
e070cd69-20d7-411d-94ab-9c32f42e2870,Umar Azis,https://play-lh.googleusercontent.com/a-/ALV-UjWcl0-WnSerqY27z7ZD1v9cjBrC-r9LpuxEA_BbYQCBRYouKYSg,lumayanlah,5,0,5.4.0_30057195_30231699,2025-02-22 03:51:05,,,5.4.0_30057195_30231699
75bbcd24-cbc8-483c-8bc9-eaf262690628,rifqoy gabe,https://play-lh.googleusercontent.com/a-/ALV-UjU96MGltUguyfeohu98qexdu_8419zhcqRMYVyEinW3kRwFHDnp,Bagus sih ni game cuman speknya harus gahar supaya bisa nikmati grafik rata kanan,4,0,5.4.0_30057195_30231699,2025-02-22 02:37:41,,,5.4.0_30057195_30231699
d1f62c50-77bb-450f-aa9b-0dc5fd7aef13,pande gede,https://play-lh.googleusercontent.com/a-/ALV-UjWh9fZLFgN4UUKiVMSVhtJk_GwwVRITEPCzNOSUfilnpPzpBMvK,"Gamenya seruuuuuu, banyak petualangan yg blm terselesaikan, pokoknya baguslah buat game ini",5,0,,2025-02-22 02:15:01,,,
6794ad4e-6650-4734-8c07-037d3dc72b9c,Najil Najil,https://play-lh.googleusercontent.com/a/ACg8ocIh4sTlA2D_lNes-IxUMpa6WyWrK51f4gnChFHQXJJ9UMlTJQ=mo,Bagusko,5,0,,2025-02-22 01:36:44,,,
fa143304-9a40-4e74-a724-73cc4a53837b,EzQi VeiKall,https://play-lh.googleusercontent.com/a-/ALV-UjUWHbtVWopH9MhvdNDfzJRbH__FS0CvltA5slD5lh_oPKxhP0o,game kikir,5,0,5.4.0_30057195_30231699,2025-02-22 00:16:48,,,5.4.0_30057195_30231699
7e46e9ff-258a-4554-954a-67529f871bc2,Patricia Tania,https://play-lh.googleusercontent.com/a-/ALV-UjXlesHfxjCQm3_LDDNFWH9BfjRkEJOae2BSyKoR-odTDyqYnNQ,"apalah pas udah masuk portal teyvat malah loading white screen , ga berubah samsek",1,7,5.4.0_30057195_30231699,2025-02-21 22:53:56,"Kami mohon maaf atas permasalahan ini, Traveler. Silakan hubungi kami melalui email atau feedback in-game untuk mendapatkan bantuan lebih lanjut tentang masalah ini.",2025-02-27 17:48:21,5.4.0_30057195_30231699
f0051efa-fc02-4e6d-a7c5-6f3db7e8db7e,Afi Ludin,https://play-lh.googleusercontent.com/a-/ALV-UjW5vKHDZU81qyFnJc8JpZ0P3yPaDDlljmg2CFhMHwTB_jWesIs,seruuu,5,0,,2025-02-21 21:20:37,,,
49cbe628-2f8c-433d-9742-0aff7362856b,Bilqish chana sasmita,https://play-lh.googleusercontent.com/a-/ALV-UjW1fujnANCOp1nhHp8n-2vAvi_j7Yjg7H6iv02vg_sp6ZsLK5xL,Sangat seru,5,0,5.4.0_30057195_30231699,2025-02-21 21:04:13,,,5.4.0_30057195_30231699
82988d04-03dc-4328-bee2-b6eb405e08f0,geboyz olivera,https://play-lh.googleusercontent.com/a-/ALV-UjX_Oxanl_1Id2LZgSI3PErGOKwjxiNPIFVxrnNnJzdxSoyFJjD4,👍👍👍👍,5,0,5.4.0_30057195_30231699,2025-02-21 20:45:30,,,5.4.0_30057195_30231699
877c4142-b990-4571-82c4-9726d97e9ec9,F U N K Y GMG,https://play-lh.googleusercontent.com/a-/ALV-UjWZPmI-8XoN7WqCrALYsJ78-UMF2OVQZu8XnzoRiTrL-cH1GwXj,"aku taknak gila gra"" main gim ini",5,0,,2025-02-21 20:44:25,,,
3e23e404-1186-4671-9106-899b829dd039,Thomas Pitoi,https://play-lh.googleusercontent.com/a-/ALV-UjUkHECYkZePSzrcm6a2IFwlxOOJkQeTWvgm1mPcGSR43QMnKTI,flop natlan,1,0,4.7.0_23093867_23435602,2025-02-21 20:39:01,"We sincerely apologize for your unsatisfactory experience, Traveler. If you have any feedback or suggestions, please send us an email or contact Customer Service via in-game feedback to help us improve the game.",2025-02-27 17:46:50,4.7.0_23093867_23435602
e0373c25-0e14-4893-bad2-7465faba6e3a,Aufi Rizky R.,https://play-lh.googleusercontent.com/a/ACg8ocIgpIyqHbjeb0xXkdanF5fwE5MMtkPu3kMvpku_8UH97198Vg=mo,Tidak ada tombol skip,2,0,5.4.0_30057195_30231699,2025-02-21 20:30:33,,,5.4.0_30057195_30231699
32c6515c-8776-455c-8683-6e475aaaf286,Yudhi Yogaswara,https://play-lh.googleusercontent.com/a/ACg8ocJp4GeeyjAsE15aBnBpFeIipI_VibO5Le56n2XpUkguP08LTg=mo,Sangat di rekomendasikan oleh saya :),5,0,5.4.0_30057195_30231699,2025-02-21 18:22:49,,,5.4.0_30057195_30231699
b4e4974b-f8a4-4758-b8ea-2eef2c23ea96,Xia,https://play-lh.googleusercontent.com/a-/ALV-UjXxqmYNEKb_nULqC5hdlV0UOLwhqJ-1U9YImVVDHuGFeoXB9bHF,B aja,1,0,1.5.0_2574575_2578841,2025-02-21 18:08:16,"Kami mohon maaf atas ketidaknyamanan yang Anda alami, Traveler. Kalau Anda memiliki masukan atau saran, silakan hubungi kami melalui email atau feedback in-game.",2025-02-27 17:46:33,1.5.0_2574575_2578841
4b058793-3688-4c08-b6cb-4a47f88dcab4,M.NAUVAL MURTADA FASIH,https://play-lh.googleusercontent.com/a-/ALV-UjWCFgMsRt_Z_3XE7TKO6rAdeQSroxp1ZW95PcE3oq8gq3hbm2I,"Game yapping simulator, tolong lah kurangin dialog gak penting dan kasih fitur skip dialog yang gak penting, pencet skip satu satu bikin mual, liat monitor cuma buat skip dialog yang panjang dan lebar sampai satu jam",1,0,,2025-02-21 17:10:27,"Kami mohon maaf atas ketidaknyamanan yang Anda alami, Traveler. Kalau Anda memiliki masukan atau saran, silakan hubungi kami melalui email atau feedback in-game.",2025-02-27 17:46:25,
ba04bee3-a3b7-4008-837c-deb26eeed8fa,Jason Chan,https://play-lh.googleusercontent.com/a/ACg8ocLJnYyhjOdLJY_0RieNAfH870TBGa4OwKZ4lsT4qgCBBHdNdQ=mo,Mau masuknya lama betul jadinya aku unistal muak banget 😤,1,0,,2025-02-21 16:54:28,"Kami mohon maaf atas permasalahan ini, Traveler. Silakan hubungi kami melalui email atau feedback in-game untuk mendapatkan bantuan lebih lanjut tentang masalah ini.",2025-02-27 17:46:18,
bce7b345-8c85-44d0-bcd1-2c1ca434dd57,arina bungatika,https://play-lh.googleusercontent.com/a-/ALV-UjVgTe77UPWjIbozsudGESceBf5ZGjSg4extuKKu_EgniT1JGjCa,Sangat bagus aku sangat suka 😄👍,5,0,5.4.0_30057195_30231699,2025-02-21 16:22:38,,,5.4.0_30057195_30231699
1cdee90b-89da-4d08-9f10-6e4b8fcd93fe,Khal-Khal,https://play-lh.googleusercontent.com/a-/ALV-UjXsPCGFPne9WC5RVlViCF0TuuZzbFDOZ5iGPPEKtFo94B1JqOW0,this game make me disappointed,1,0,4.4.0_20481013_20559831,2025-02-21 15:30:22,"We sincerely apologize for your unsatisfactory experience, Traveler. If you have any feedback or suggestions, please send us an email or contact Customer Service via in-game feedback to help us improve the game.",2025-02-27 17:45:53,4.4.0_20481013_20559831
388472fa-53f3-4b00-a572-bdca24b20f3f,Alfārizy,https://play-lh.googleusercontent.com/a-/ALV-UjVTA7NJzw88eqjPxJuwfOf1lUM600LYC6QirHvv6e8SMsvsHgw6,bagus banget Gi game tercinta,5,0,,2025-02-21 15:26:12,,,
401b7f86-f73a-401f-9286-eb3989f715ab,Syahlal Faudzan,https://play-lh.googleusercontent.com/a-/ALV-UjUZIvMUBAZdT2waLPc1SeGCEyp9iOIJ6zAi-7b2qChflIvIXr4T,sejauh ini bagus,5,0,5.4.0_30057195_30231699,2025-02-21 15:24:40,,,5.4.0_30057195_30231699
e737f229-6946-4e6b-84e9-ebdc20131d5f,Boruto Uzumaki,https://play-lh.googleusercontent.com/a-/ALV-UjVCOAJPUAOIrpMgB5ESGE_kXhmw5J9fqqXdlrggZN4R3dyDJOKp,"LOPE LOPE BANGET SM GAMENYA tapi bansosnya tolong banyakin yaa..soalnya akhir2 ini CHARNYA yang aku pengen semuaa☹️🥀, BTW I LOVE YOU GENSHIN IMPACT!!",5,0,5.4.0_30057195_30231699,2025-02-21 15:19:30,,,5.4.0_30057195_30231699
06a1ae6d-5231-44da-9711-1e90513fe1b5,Muhammad Ahdan,https://play-lh.googleusercontent.com/a/ACg8ocJt-rsrR4bm4YbsUoxXPXKlcEHIRMLT1LPLrw08T_rGafcaGw=mo,Bikin gratisan lebih banyak sih jangan pelit*,4,0,,2025-02-21 14:49:20,,,
8afb4718-32c2-4a3f-a0c1-a1f091d9a20d,Lyr Is Here.,https://play-lh.googleusercontent.com/a-/ALV-UjWueOVmSFCvgajP-07rDNLiNrr5H44w0Y7Tr-T9kcRJm0cBKIfQ,mantap,5,0,5.4.0_30057195_30231699,2025-02-21 14:08:50,,,5.4.0_30057195_30231699
f4bccf35-fc67-4257-b32d-eba700727078,Jatu Kartika Sari,https://play-lh.googleusercontent.com/a-/ALV-UjWB8UZ0pfQOlolfE8nRGs0pLNBForR1V6R-i6K1poIxUR8Ys4og,Sediain fitur skip percakapan story dong. Bikin males main klo kebanyakan percakapan tu,3,5,5.4.0_30057195_30231699,2025-02-21 13:39:57,,,5.4.0_30057195_30231699
f7c23481-f7dc-4fc1-91af-805ce159a02f,Al Jabar,https://play-lh.googleusercontent.com/a-/ALV-UjX8lxDGKDXqzQA-WyCAVEHjXmqcsfQF6jWXPqlmxmpNf0trhkGi,Rip hp kentang ろ,3,0,,2025-02-21 13:39:47,,,
0c4332e8-84fe-4af3-a6a6-44243c8bea59,Ahzar Mh,https://play-lh.googleusercontent.com/a-/ALV-UjWJGIF5nCaSqkZT8D9FTC-AMXB55YjhVUrHjciA2SL3uXkffHN0,Keren sih.. Knp gk dari dulu coba taunya,5,0,5.4.0_30057195_30231699,2025-02-21 13:23:45,,,5.4.0_30057195_30231699
306bf021-af23-4f74-90d2-1a2e9884f336,Marni Ndraha,https://play-lh.googleusercontent.com/a-/ALV-UjXUHVU4QnodDXKysJGwP5u6Cr7hyLLG1cLchbpbN1zjMRUAMV3H,"Game nya cukup menarik, karakter di game nya juga cukup unik², rekomendasi banget buat di mainkan",5,0,,2025-02-21 12:49:51,,,
80189b15-1c35-47af-8ce9-1c1eb6ad9ea3,Alea Azalea,https://play-lh.googleusercontent.com/a/ACg8ocLU7UTiUTy48_ZzLzq1uDFMI_UqYbmu7U1CnSXQR5p3__y4zQ=mo,Game-Nya bagus Tapi Dialog Nya banyak tolong kurangin ya🙏🙏,5,0,,2025-02-21 12:30:35,,,
cbccc99b-51a1-4b5a-ad82-cabf092723dc,4KA07- ChindyWijaya,https://play-lh.googleusercontent.com/a/ACg8ocK5y1ffVH73PLnBiW7LqS--4h7CK_O9WMZXabIJ3PcHQw8Tkw=mo,The game is minimal development and rarely listens to players,1,1,,2025-02-21 12:13:14,"We sincerely apologize for your unsatisfactory experience, Traveler. If you have any feedback or suggestions, please send us an email or contact Customer Service via in-game feedback to help us improve the game.",2025-02-27 17:45:45,
3ff15348-40e0-49a1-a60e-08715eeed487,izzal gaming,https://play-lh.googleusercontent.com/a-/ALV-UjWuBOpcA8q6y3FY38P3I7fFiKnGil0alny8m0TzHc4iQfIFM5g,"Di android kapan suport gamepad ,, platform lain udah support ini android kapan",1,0,5.4.0_30057195_30231699,2025-02-21 12:11:30,"Terima kasih atas dukungan Traveler terhadap Genshin Impact. Kami menerima secara terbuka semua masukan/umpan balik dari kalian. Jika Traveler memiliki saran atau masukan, jangan ragu untuk menghubungi kami melalui feedback in-game atau email.",2025-02-26 18:17:01,5.4.0_30057195_30231699
ca78df89-25ce-43d1-b1b8-89bdb9dba9d7,No Name,https://play-lh.googleusercontent.com/a-/ALV-UjXS20tA9NKwmFbsg1IMjEEkB-sPK9qhAqhVEoOw3yy1VFrLfH5l,Game nya bagus dan hd,5,0,,2025-02-21 11:42:23,,,
a9a6cd78-3587-4db1-9458-4a1cb4dd92ce,Irfan Maulana,https://play-lh.googleusercontent.com/a/ACg8ocIVQ87pnhwbyzLZxaoeglv34OqMlfwHVY7DkREt3RwzIN8C8g=mo,Goood game bro,5,0,5.4.0_30057195_30231699,2025-02-21 11:41:15,,,5.4.0_30057195_30231699
42cc4950-1698-4f93-871b-dbc54468e1d0,zidan nico,https://play-lh.googleusercontent.com/a-/ALV-UjXzP1oy1utwRCdQzRqfbkn_8qjAvy2Cvo5vIuNhNmhliJzGhMyf,Kikir kurang bansos,1,0,5.4.0_30057195_30231699,2025-02-21 11:29:35,"Kami mohon maaf atas ketidaknyamanan yang Anda alami, Traveler. Kalau Anda memiliki masukan atau saran, silakan hubungi kami melalui email atau feedback in-game.",2025-02-26 18:16:39,5.4.0_30057195_30231699
647cbe4a-b106-42de-b67c-372d15d91d35,Kyan Dra,https://play-lh.googleusercontent.com/a/ACg8ocKEHNV6cIkQPvWzCICV15apXqWWKJCwbBvKaA6haafeVGwqmA=mo,Seru,5,0,5.4.0_30057195_30231699,2025-02-21 11:16:23,,,5.4.0_30057195_30231699
69cde543-03ee-459e-ba8b-df7f6ec322b3,Nandym,https://play-lh.googleusercontent.com/a-/ALV-UjXC3fNG3LgqkJMu3aP7ZBVcr6MNqqGR3LJuDMtHgCW0gG-Vi5aT,Terima kasih hoyo telah membalikan 1 dari 2 akun saya yang telah hilang. Saya sangat apresiasi bantuannya. Mohon ditrack lagi oknum-oknum yang dulunya hendak mengambil keuntungan akun orang lain. Karena akun saya yang kembali terlihat pernah dimainkan orang lain.,5,0,4.3.0_19705728_19706476,2025-02-21 10:33:42,,,4.3.0_19705728_19706476
9591335c-331a-47c1-9922-238f0d1324e1,Starfall Knight,https://play-lh.googleusercontent.com/a/ACg8ocKNCM3-eH1Wiib7cD9sWa6aoTJ-2D29ykq6DCeu_wQSORn-NQ=mo,Seru penuh pengalaman bermain pokoknya seru,5,0,5.4.0_30057195_30231699,2025-02-21 09:53:35,,,5.4.0_30057195_30231699
9e2ddbbc-dea2-462c-8a17-72bf8256517a,FathirMohWahid,https://play-lh.googleusercontent.com/a-/ALV-UjUC4qWnzgiuYSnYeBqRINoCsHY1_qMKnCRanaEUaDL7LAEe-0He,Seru sekali,5,0,5.4.0_30057195_30231699,2025-02-21 08:53:19,,,5.4.0_30057195_30231699
1e63562c-ff8a-4264-ad63-56e49e254614,INDAH ISMA,https://play-lh.googleusercontent.com/a/ACg8ocJchINwxqNDS3sU0C5uVQ7PjbFOX3P6fRxNf1KYUJW4lzccQQ=mo,Game ini sangat keren lp,5,0,5.4.0_30057195_30231699,2025-02-21 08:12:30,,,5.4.0_30057195_30231699
2086e860-49b6-46a8-a5c0-d7af07128ca3,Piko Bocil,https://play-lh.googleusercontent.com/a-/ALV-UjWrDEng_IafJUNshNCpX50r2uVvh2JR2RgGAwQJn7w4PGGHeeSG,Dih belum main udah d0wnload nya 31gb mna download nya lama setengah harian blum nyampe 12%persen mau auto unistal,5,0,,2025-02-21 07:37:35,,,
2e80f446-5222-4207-b78a-cfe251cf93b1,Gaming Official,https://play-lh.googleusercontent.com/a-/ALV-UjX-3v73Tv-t78ZIhndFWAJRp0I2cUhAvTNv01T3KrvUVOZQ7a4,Mantap hp j2 gw berasap,5,0,,2025-02-21 03:11:29,,,
676c1fb2-bbd9-41c5-ad24-e4a27ec5b655,Muhammad Imam Muslim,https://play-lh.googleusercontent.com/a-/ALV-UjXo7_liJtJe5oEsPM0EZ4wJ2JX09L7eXSfT5vib3RLSC5I0tc6C,Can you make application alone for TCG genshin I don't want spend time play in genshin make my battery Wasteful and don't want download big size to play TCG only and it's more enjoyable and easy to make popular TCG if you make application but of course progress still same like in the game when I play TCG for now one star until you hear player I give 5 star,1,4,1.1.1_1437351_1398019,2025-02-21 01:57:05,"Thank you for your constant support of Genshin Impact. We welcome any valuable input from you. If you have any comments or suggestions you would like to share, please feel free to contact our Customer Service team via the in-game feedback channel or email to help us improve the game.",2025-02-21 13:21:03,1.1.1_1437351_1398019
5d2375a8-742a-49b8-a970-7c9a6704e322,kenzie karsma,https://play-lh.googleusercontent.com/a-/ALV-UjUP1kgbpKzdSrv3_vUjeaP9YnEj9OCuY6wHUczHCNYmtFoE-eRo,Seru,5,0,5.4.0_30057195_30231699,2025-02-21 01:21:33,,,5.4.0_30057195_30231699
ffa7f48c-5c22-4771-8e61-e707246ba1b3,Andika Edo,https://play-lh.googleusercontent.com/a/ACg8ocJY4Iot1cPzTrK-C0XvRkl7o2wRkO2Iv1IPv0KOrvsg7Rv9-w=mo,mantap,5,0,,2025-02-21 00:15:17,,,
8deba01d-05e1-4193-8d97-f88746f014e4,Zaki,https://play-lh.googleusercontent.com/a/ACg8ocLK1i1wHp7xV_c1RrRC-4H5thNB9mRLXRiMpl0aDvt46L61BA=mo,Loading nya lama banget game burik,1,0,5.4.0_30057195_30231699,2025-02-21 00:00:23,"Kami mohon maaf atas permasalahan ini, Traveler. Silakan hubungi kami melalui email atau feedback in-game untuk mendapatkan bantuan lebih lanjut tentang masalah ini.",2025-02-27 17:40:52,5.4.0_30057195_30231699
689c2198-8975-4a63-8484-f6bab410e289,Tito Muzakki,https://play-lh.googleusercontent.com/a-/ALV-UjWkwpPDtaWxavcI-TQN4n3wx_bJPsBGI94ylVD5RxWyhb67fLww,masuk nya lama,1,0,,2025-02-20 23:38:21,"Kami mohon maaf atas permasalahan ini, Traveler. Silakan hubungi kami melalui email atau feedback in-game untuk mendapatkan bantuan lebih lanjut tentang masalah ini.",2025-02-27 17:40:43,
728e8058-d7ba-4d56-8013-2a6a34bd3fab,ADromiati,https://play-lh.googleusercontent.com/a-/ALV-UjUHkVK2lgZnVKPoSB3C4CCiqYlJq19SxMjW7a3FrOJOpEd9fxKe,Bagus serasa berpetualang di dunia ikeh2,4,0,,2025-02-20 22:30:50,,,
52576446-0fe4-465f-a68f-1fa50be39feb,I Made Guna Yasa,https://play-lh.googleusercontent.com/a-/ALV-UjX0CGnV-VaFos3fScXp8i2b2bperhMiFh0w5LsVXF1OVQys5Ec,"balikin fitur cek username di cloud yang lewat lupa sandi min, kalau ga.... mungkin beberapa minggu kedepan ni rating makin turun",1,0,,2025-02-20 21:09:27,"Kami mohon maaf atas permasalahan ini, Traveler. Silakan hubungi kami melalui email atau feedback in-game untuk mendapatkan bantuan lebih lanjut tentang masalah ini.",2025-02-27 17:40:36,
75f06f79-54ee-4da5-b4d0-384deb7b13c1,Noval Noval,https://play-lh.googleusercontent.com/a/ACg8ocIjgtzEpLNVMgTp1J-rIjESRWA1-azzTq2TT1ysUhwSorPMWA=mo,RPG Keren,5,0,5.4.0_30057195_30231699,2025-02-20 21:04:24,,,5.4.0_30057195_30231699
d9a0aabc-825c-4875-923f-e6a06967a3da,Yass_ Suami Tenka,https://play-lh.googleusercontent.com/a-/ALV-UjW5h0HAClEME2p0Y7dkBtKdoZrtizKreb7IS5UMg6wSi294zG9_,Jangan mainin gamenya guys asli ini tu game kikir kalian kalo mau main haru pikir² dah mending sistem gacha Ama arte nya selalu di bikin ampas supaya playernya di buat untuk mengeluarkan uang lebih banyak untuk game nya Ama setiap tantangan yg sulit yg reward nya gak sesuai dengan sulit nya tantangan nya apalagi buat yg akunnya udh end bakal gak di pedulikan lagi tuh cuman login daily udh gak ada apa² lagi Kikir Miriss !!!,1,0,5.0.0_26041933_26161852,2025-02-20 21:01:04,"Kami mohon maaf atas ketidaknyamanan yang Anda alami, Traveler. Kalau Anda memiliki masukan atau saran, silakan hubungi kami melalui email atau feedback in-game.",2025-02-27 17:40:18,5.0.0_26041933_26161852
e0dad97e-e9eb-4087-a027-88aa2b5be0dd,Haryanti Yusuf,https://play-lh.googleusercontent.com/a/ACg8ocIOQT7z0QdIvnO-gvSavoTZNmJzR50Fo9RnH3Yp-UDAT-RxKA=mo,"bermain 20% Story telling 80%,berantemnya ga sampe 5-10 menit,dengerin ceritanya 30menit",1,0,,2025-02-20 20:43:46,"Kami mohon maaf atas ketidaknyamanan yang Anda alami, Traveler. Kalau Anda memiliki masukan atau saran, silakan hubungi kami melalui email atau feedback in-game.",2025-02-27 17:39:35,
6195e8d1-76ba-43a2-95d2-3b2a1b006d47,Deni Hermawan,https://play-lh.googleusercontent.com/a-/ALV-UjV5IlViR2freBLbeWa2Ri6Ucrr1f-ADeB1eO3UYED6zJkAjNOxmlg,Candu,5,0,5.4.0_30057195_30231699,2025-02-20 20:17:33,,,5.4.0_30057195_30231699
232bbf8a-7bfb-4a00-97ec-12ff78425c76,Winn Aj,https://play-lh.googleusercontent.com/a/ACg8ocJEJNzLUsY5wc1OoDH4pw8iIw-pIxt-z17qeAkaZS9kCKflhA=mo,Mantap,5,0,5.4.0_30057195_30231699,2025-02-20 20:08:53,,,5.4.0_30057195_30231699
9320a956-2ab4-4a86-8b7f-b4f692d15e21,Aril Ays,https://play-lh.googleusercontent.com/a-/ALV-UjUspmZ8z8Oz0687SlJ6JmQPNGxCK8t_mwbZJvWPu8E7utymxDJU,"Game bagus, buat ram turunin dong min ke 15gb , jan sampe 37gb kebanyakan",4,0,,2025-02-20 19:27:53,,,
8a411485-13df-42be-874c-bc80df091983,Mobs,https://play-lh.googleusercontent.com/a-/ALV-UjWMo6CSEqZPVwzx26IwpnsLHeZXr_GO3tDQ9aDJLbrVbQoK5BRl,Please add options to place the data to sdcard storage😓,4,0,,2025-02-20 19:00:16,,,
d634ae77-f8c3-42a5-b810-421489025668,Vin Jut,https://play-lh.googleusercontent.com/a/ACg8ocJg5gNknwMZEpwxOFnai0F2FlbBwJC-FhzY9FXxXOI2z-UO7A=mo,aku main selama 2 bulan dapat bintang 5 chiori apakah latar bintang 5 pertama aku yang limit tapi ini kalau mau unduh data aku harus nunggu selama 16 jam buat untuk data ini bukan masalah internet internetnya lancar,3,0,5.4.0_30057195_30231699,2025-02-20 18:45:20,,,5.4.0_30057195_30231699
1ddd24d0-fea3-4f3e-a935-074a0ba407e7,Fadia Arrayani,https://play-lh.googleusercontent.com/a/ACg8ocK_3qyTfZfn_7rGll66zi7JQy7HuyBsKX_5T2qku9r9uDsN3Q=mo,Bagus banget game nya,5,0,,2025-02-20 18:42:33,,,
23d79efb-c34f-47fb-adba-5bb721b09a0b,Muhammad Hafizh Arasyid,https://play-lh.googleusercontent.com/a-/ALV-UjVS4aPeE01xFhdoWfC0UoCiv0lBEeB-jza0IrOq4OrmKMjOZUY,kerennn,5,0,,2025-02-20 18:24:08,,,
2df9d6ad-f2c0-4c6f-bd85-2eee82b2ae5d,Pubg Pubg,https://play-lh.googleusercontent.com/a-/ALV-UjWb7TF6x0VrdnQ43Gi9Z56NeMB6Pirok6rlEaHPh4MQM6sq9rrR,Ok,5,0,,2025-02-20 18:03:46,,,
75eb8420-6c67-4713-b6a2-61460017bac6,Saprul Ssb,https://play-lh.googleusercontent.com/a/ACg8ocKGRXZpwbHxlPYKYiAE0d0DH39s8KAycwwPo5_h6udWtMFhKg=mo,Kalau ada fitur gamepad pasti lebih seru mainnya,5,0,5.4.0_30057195_30231699,2025-02-20 17:33:58,,,5.4.0_30057195_30231699
a8abf035-5f76-4b3a-86a4-bf56181a6c85,Achmad Danang,https://play-lh.googleusercontent.com/a-/ALV-UjXWk5YqGF1kHOlSONhxpKAh3OFqaxPyeVUoL1MICCLVz7Mj07A,GAME AMPASSS TUTUP SERVER AJA,1,1,,2025-02-20 17:29:53,"Kami mohon maaf atas ketidaknyamanan yang Anda alami, Traveler. Kalau Anda memiliki masukan atau saran, silakan hubungi kami melalui email atau feedback in-game.",2025-02-27 17:39:00,
1fc963b8-9fbc-4114-8cf3-3d86c534be9a,Shuya Surya,https://play-lh.googleusercontent.com/a-/ALV-UjV0tdrbM-sothh4OItqmzZE4jtpWY6tQj_lSqSBIigfyI7NY_s,Bravo,5,0,5.4.0_30057195_30231699,2025-02-20 17:28:34,,,5.4.0_30057195_30231699
f30850e2-0461-48c1-a5e3-2496b25130a8,je'dav,https://play-lh.googleusercontent.com/a/ACg8ocLQklZwWftfmLSgr55D3dvXg4DtGYrZBxYDOYn1Hh52U2xNzA=mo,"bad game's. farming artefak itu sedikit susah, selalu dapat ampas atau artefak yang jelek jelek, jadinya fragile resin itu cepet habis. Dan tolong juga tambahkan maximal conded resin ke 10 atau berapa pun itu. and why is there rarely a male b5 char in this game? also there is a lot of fan service for men, do you think this game is only played by men? don't add more male b5 characters don't just you get more char b5 female.even from the appearance of the char b5 that will come out there no man",1,0,,2025-02-20 17:27:23,,,
6ee6a668-83b5-4428-b380-3cefa5166c99,Diaz Alfa,https://play-lh.googleusercontent.com/a-/ALV-UjWHXv4Crorb_NBEQ9IrB7SrjzvFmAVMBfJfgXFAz1nKsS7tqvC9,GAMENYA BAGUS TAPI PLZ LAH HOYO AKU BUTUH DIALOG SKIPPPPPPPPPPPPPPPPP,3,0,,2025-02-20 17:25:38,,,
46c283b4-0ace-427d-a2c1-cc83b1c3fd44,Yusuf Maulana,https://play-lh.googleusercontent.com/a-/ALV-UjVjF6eGPYZkBeluKWM2pPywu17UUm1BS63Q4EfeHQiKOR93G_nE,👌,5,0,5.4.0_30057195_30231699,2025-02-20 17:15:35,"Kami mohon maaf atas permasalahan ini, Traveler. Silakan hubungi kami melalui email atau feedback in-game untuk mendapatkan bantuan lebih lanjut tentang masalah ini.",2025-02-20 17:08:18,5.4.0_30057195_30231699
40b33297-0dd8-403b-bb91-ebf136180ef8,vabian putra,https://play-lh.googleusercontent.com/a-/ALV-UjVIO9pWn2puap8-kDR2pxODFHcwrtx88hEYBISEIY0SiphvOwc,seru bgt gamenya🤭,4,0,,2025-02-20 17:14:08,"Kami mohon maaf atas ketidaknyamanan yang Anda alami, Traveler. Kalau Anda memiliki masukan atau saran, silakan hubungi kami melalui email atau feedback in-game.",2025-02-20 15:01:41,
8a41f593-a8fc-4e40-af27-2d962e9bfb4c,Domentor Dorm,https://play-lh.googleusercontent.com/a/ACg8ocJmjKE9HSp7lL94M-XWXwr24fUO9oW6BLtmMCjwpAKMdaEEGA=mo,MMAAANNNNNNNNN I HATE THIS GAME,1,1,,2025-02-20 17:07:42,"We sincerely apologize for your unsatisfactory experience, Traveler. If you have any feedback or suggestions, please send us an email or contact Customer Service via in-game feedback to help us improve the game.",2025-02-27 17:38:51,
79a0d886-c1c2-4012-a139-6bc46bd47073,Rohimah,https://play-lh.googleusercontent.com/a-/ALV-UjVcvc6SJRoT8e6spllqKWMhCxFg0yhYjq_PueHnKj4o0V2hsbXU,Game nya yang terbaik bagus dan keren banget pas main atau maim barang sama temen he karetater nya bagus dan emak kalau mau bertarung melawan Lawa sekian dulu terima kasih,5,0,,2025-02-20 16:52:11,,,
f11856b6-6a87-4aa9-b853-77f93f083132,Yati Sri,https://play-lh.googleusercontent.com/a/ACg8ocKN8eWwycINA5ofk8JD0gL3SU_jvYGNGIRBx2NI3KCaKcToXw=mo,Baguslah,5,2,,2025-02-20 16:33:10,,,
1362bcd1-3c38-4ca4-880d-b00a7423908d,Nishikata Kun,https://play-lh.googleusercontent.com/a-/ALV-UjVV8MEaLWgp-feRHikQDISOZagnR80uujGqzNKc2N8EhQASnHU,Game baik,5,0,5.4.0_30057195_30231699,2025-02-20 16:21:16,"Kami mohon maaf atas ketidaknyamanan yang Anda alami, Traveler. Kalau Anda memiliki masukan atau saran, silakan hubungi kami melalui email atau feedback in-game.",2025-02-20 15:23:32,5.4.0_30057195_30231699
5b1f16dc-dc54-4e87-8b01-eded64ac5a1d,Izham Izham,https://play-lh.googleusercontent.com/a-/ALV-UjWCdE6U6zi19ghpfpmJedzwDkk5yK1Id96vPapiuT4KBiLkklGI,"Okelah,dari segi grafik gabisa berkata kata,emg bagus banget walau make grafik menengah ,tapi saran kalo farm material buat talent level 6/7/8/9 kasih batu yang buat ngubah material 1 ke material lain,udh beberapa kali kill boss kayak apep,itu kadang gadapet batu nya,jadi tolong perbesar buat dapetin batunya,masa udah nunggu 1 minggu,pas ke domain eh dapet yang lain,itu aja sih selebihnya buagus",4,1,5.4.0_30057195_30231699,2025-02-20 15:13:12,,,5.4.0_30057195_30231699
e8cd8e97-e545-4be3-8ac7-c2cac0180877,Kurniawan Airlangga,https://play-lh.googleusercontent.com/a-/ALV-UjX_-OwYiMVCCncwGPzn8cgq93FjyXLLqWNqStw_xJnlkzPz66rg,Beh jangan ragukan grafik nya mantap banget,5,0,5.4.0_30057195_30231699,2025-02-20 14:50:23,,,5.4.0_30057195_30231699
ea87fc6f-5e0c-449e-a55b-25f5396e8f09,Lil Yu,https://play-lh.googleusercontent.com/a/ACg8ocKH2MCKs-eFV4cmoejaQIwhLpZz-jcWouNW2_i_b2ponu4JIg=mo,"Terlalu banyak percakapan in game lebih mirip game Novel yg lebih mengutamakan alur cerita dari pada player play, & percakapan pada alur cerita quest gak bisa di skip semua harus satu persatu.",1,0,,2025-02-20 14:27:06,"Kami mohon maaf atas ketidaknyamanan yang Anda alami, Traveler. Kalau Anda memiliki masukan atau saran, silakan hubungi kami melalui email atau feedback in-game.",2025-02-27 17:38:42,
aa3f787a-af45-4c8a-8ae6-9c5a4c84969f,Reyza Mzg,https://play-lh.googleusercontent.com/a-/ALV-UjU3EVKmP3dpo5vRTn08U0yUOHoWjrjDEhnBWby2RXSG46fmxcM,bagus banget,5,0,5.4.0_30057195_30231699,2025-02-20 14:17:39,,,5.4.0_30057195_30231699
2f602927-40c2-4ebd-998e-439dd31ca0cf,Muhammad Tegar,https://play-lh.googleusercontent.com/a-/ALV-UjUf1F1ViNB6kvpitKn7G2Vv8zK12qoyG9yPT-BM8_cxXOHgOwcm,"genshin akhir² terlalu fokus untuk update di bagian fitur,tolong dong update berikutnya lebih banyak ada aktifitas interaksi yang lebih banyak juga eksplorasi yang bikin kita ga bosen,jangan terlalu fokus dengan fitur fitur artefak yang membosankan",5,1,5.4.0_30057195_30231699,2025-02-20 13:25:17,"Terima kasih atas dukungan Anda terhadap Genshin Impact, Traveler! Kalau Anda mengalami kesulitan apa pun yang berhubungan dengan Genshin Impact, silakan hubungi kami melalui email atau Layanan Pelanggan untuk mendapatkan bantuan.",2021-12-15 09:47:52,5.4.0_30057195_30231699
f9f8f5e6-e657-4a22-8548-2ee222a3a61d,Josef Romel Randang,https://play-lh.googleusercontent.com/a-/ALV-UjVWi3MEIbVKSupy2eHCCq9c2NwFU62CCmWkTlaUQ0DjvRewvHsU,3 doang bintang nya Penyimpanan aku Ama Kouta ku sekarat gara gara neeeeeeee -_-,5,0,5.4.0_30057195_30231699,2025-02-20 13:22:29,,,5.4.0_30057195_30231699
e3cea871-7f90-465c-89e1-6bbe4310c3d6,Muhammad Kahfi,https://play-lh.googleusercontent.com/a-/ALV-UjVgTJHtvRZVeTZse6gTKrM1t-E_GWU3W3VlgWbZ-kvws7HCCU8,kenapa sih setiap mau login download shader nya lama banget keburu ketiduran su,1,4,5.4.0_30057195_30231699,2025-02-20 13:07:58,"Kami mohon maaf atas permasalahan ini, Traveler. Silakan hubungi kami melalui email atau feedback in-game untuk mendapatkan bantuan lebih lanjut tentang masalah ini.",2025-02-26 18:16:32,5.4.0_30057195_30231699
8442c3a2-e313-4f8b-94a2-80be26e809d0,Cho takiya,https://play-lh.googleusercontent.com/a-/ALV-UjUOFJnxJ8x9IsxTP59lor4BoNzxsR4ImvuCkqTWyKQ81nemv94_,Aku kembali,5,0,5.4.0_30057195_30231699,2025-02-20 12:50:27,,,5.4.0_30057195_30231699
2f44a398-b919-474d-bc0f-e1cfd273d529,Chey Pattipeilohy,https://play-lh.googleusercontent.com/a/ACg8ocII1VVet1ahnwYVNBtPJkqD9tVxjR1RhB_kyUygBV9VtSjYpw=mo,Keren,5,0,5.4.0_30057195_30231699,2025-02-20 12:46:45,,,5.4.0_30057195_30231699
e401374d-d12a-491a-b7cb-83bdb2292e76,Navi Pro,https://play-lh.googleusercontent.com/a/ACg8ocKdKwEXz2zWdPthkS7Qye84gstH-a5mLUalFg18ib9B4SxxMg=mo,Size nya mulai mengkhawatirkan,5,0,5.4.0_30057195_30231699,2025-02-20 12:33:01,,,5.4.0_30057195_30231699
72681edb-4201-48e5-bab1-3a0e21fb6f69,vian moningka,https://play-lh.googleusercontent.com/a-/ALV-UjWm7LrPCsRbGZ2tHrwvUxIFlALtn-aMU7yYZr1HwOZawBrfHA,Boleh lah masih blajar,5,0,5.4.0_30057195_30231699,2025-02-20 12:28:39,,,5.4.0_30057195_30231699
e8a03ad6-caff-4015-8a01-a76039b0ba2f,Daffa Ichsanalbana,https://play-lh.googleusercontent.com/a/ACg8ocJ9UTPd19t6Fjiy0ffKsW_mEuonclEZAH7u91mdO4afTvKm4w=mo,Good...,5,0,5.4.0_30057195_30231699,2025-02-20 12:14:24,,,5.4.0_30057195_30231699
87f06f29-115f-448c-9a84-eefd095da074,Dou Yin,https://play-lh.googleusercontent.com/a-/ALV-UjU9vyu-_zN2iY0M701U3wycEbeB_zbIda_9w76Kx9OIbxeBSyc,Sangat bagus dan gak bikin bosen,5,0,,2025-02-20 11:24:45,,,
091f99a6-51e7-43ef-8e30-ea6abed85594,Maharani Putri Suari,https://play-lh.googleusercontent.com/a-/ALV-UjUPczUudd8quze6_MYiaAl7uoPzM-fG-wz0Xjuv7IDTvh5ZFsuScg,apalah natlan🤣🤪😂😂,1,0,2.3.0_4786731_4861639,2025-02-20 09:40:49,"Kami mohon maaf atas ketidaknyamanan yang Anda alami, Traveler. Kalau Anda memiliki masukan atau saran, silakan hubungi kami melalui email atau feedback in-game.",2025-02-26 18:16:22,2.3.0_4786731_4861639
7e981251-beb2-4912-b904-46da9d1077a1,AL GIBRAN,https://play-lh.googleusercontent.com/a-/ALV-UjXnMKUxgV3nH4iS-EhU3Go9eAILjwRfhuC0ByJDzraiDUHaKxTm-Q,Good game,5,0,5.4.0_30057195_30231699,2025-02-20 09:03:28,,,5.4.0_30057195_30231699
1ca8e564-2032-48a4-8f91-5261f6bca586,Najril Ilham,https://play-lh.googleusercontent.com/a-/ALV-UjUnNVOcGpgndvndVg5XFHZj0anX23gU8DyLtH5k_iw37BXroeb2,sesuai tapi minus kikir doang dalam segi gacha,5,0,5.4.0_30057195_30231699,2025-02-20 08:08:40,,,5.4.0_30057195_30231699
07ad1854-8fc1-4977-83d9-31659b952ba7,Veri Januar Marianus,https://play-lh.googleusercontent.com/a-/ALV-UjWYivWTbMxghE8a--jcUaCYgNh8WvcKcY0vXF3_mPB5G6q0rOV0,Gacor,5,0,5.4.0_30057195_30231699,2025-02-20 07:47:54,,,5.4.0_30057195_30231699
bf46b54f-ba9d-4d3c-b97c-21fdddbd0740,Jajang Hafiv,https://play-lh.googleusercontent.com/a-/ALV-UjVpY93TMEH2BVowwqbt9OifZwiIXqukssmr5SboynWfQ90rbaK9,Game ini sangat seru dan grafiknya mantap,5,0,5.4.0_30057195_30231699,2025-02-20 06:41:34,,,5.4.0_30057195_30231699
eceeb956-499d-47ca-b30f-9e2b06e44c22,refza daffa,https://play-lh.googleusercontent.com/a-/ALV-UjXSDBBwmv77ESAmv4ConT6AWAARy2LryonByPCFel43Y9OByJY,Tim dev malas,3,0,1.2.0_1565149_1627898,2025-02-20 05:44:52,,,1.2.0_1565149_1627898
842be2fb-1812-49ca-9b2f-67c308ad12cf,Tsabita Nur 'Atiyah,https://play-lh.googleusercontent.com/a/ACg8ocLgiyzJK2_h38wW6giueyy36oCKTfmTPauHNiqpUYNR1hrm2w=mo,"Karakter laki-laki semakin jarang, kualitas design karakter menurun, dan kualitas eksplorasi juga menurun. Desain dan story karakter dibuat terlalu banyak fanservice terutama ditujukan untuk player lelaki. Dev juga tidak pernah mendengarkan player.",1,337,5.4.0_30057195_30231699,2025-02-20 05:04:53,,,5.4.0_30057195_30231699
8990fb8e-4b99-4345-8944-ee96e9518dd8,Koresh K.S,https://play-lh.googleusercontent.com/a-/ALV-UjVJMvEO5gBld68GpwORmuPuJEyahsErzcN72Z1o950ECtm_S8Jz,Sugoiiiii,5,0,5.4.0_30057195_30231699,2025-02-20 02:43:57,,,5.4.0_30057195_30231699
c7279de9-eb0f-4229-8100-83579964ce06,Jafa Ronul,https://play-lh.googleusercontent.com/a/ACg8ocL_H3qEs9Zzu0FB-3Rvj5BsX44LEtnUbSsoR7prFwWTzFVdxg=mo,Seru,5,0,5.4.0_30057195_30231699,2025-02-19 22:08:26,,,5.4.0_30057195_30231699
2c979a0b-d136-43bf-8bf7-4d1189b837bf,Titan Eren,https://play-lh.googleusercontent.com/a-/ALV-UjVoifsD_DH2RQBH6Y8JimN3lRp0dW7RXZTZSC6-lSp7wZGi9uY,Geme nya bagus tapi hp ku lokal mau beli hp red magic 10 pro tapi masih lama terima kasih sudh menemaniku,5,0,,2025-02-19 21:19:52,,,
97030712-2710-4fe0-bdbe-826495ebedf5,C.Puthul Noconter,https://play-lh.googleusercontent.com/a-/ALV-UjVi1Diuc1eOkj2jo44KhvvHE0dsZOYOzyptmhENclxL3UHsByDR,Kekebaen cerito,3,0,,2025-02-19 21:14:05,,,
5c761ccd-fce2-46ce-9173-2c02e7502030,Andriansyah Cekrek,https://play-lh.googleusercontent.com/a-/ALV-UjWYpuKYZ49TUDo5E-D-VIGTjb8G6er2XQhPCpnbdbN6SzDdRp8,mantap,5,0,,2025-02-19 20:55:30,,,
d3b5dc9d-2b65-41b6-acb5-c4e3963fef7e,Rendi Felix,https://play-lh.googleusercontent.com/a-/ALV-UjWv6gDLHjP4TB44X-wbz_VSZWDqG0yl5inTrZEFHI_iVK0r-eX1,Baguss keren grafik nya,5,0,5.4.0_30057195_30231699,2025-02-19 20:42:07,,,5.4.0_30057195_30231699
cbf03d2c-1b42-43f6-a58b-dfca85f04d9d,Moses JRc,https://play-lh.googleusercontent.com/a-/ALV-UjWdvGbVVFl66hLobjDkiZjPisGGzkLMbYbePuXqUrNqmcPjZJcr,Mantap sekali....,2,0,5.4.0_30057195_30231699,2025-02-19 20:18:00,,,5.4.0_30057195_30231699
f3885808-e658-4a4e-bd72-8925a21e1930,Ayam Jago,https://play-lh.googleusercontent.com/a/ACg8ocKI2gFaNnT5PCkmpHmWjyGkQfBnclJXW0tbLHTpkdaTChGkYA=mo,"jaringan selalu reconect,dan kebanyakan cerita dari pada misinya,serasa nonton atau baca komik bukan bermain game",1,0,5.4.0_30057195_30231699,2025-02-19 20:04:28,"Kami mohon maaf atas permasalahan ini, Traveler. Silakan hubungi kami melalui email atau feedback in-game untuk mendapatkan bantuan lebih lanjut tentang masalah ini.",2025-02-26 18:15:39,5.4.0_30057195_30231699
41b5063f-b4fb-4ba7-ac74-4abf5268c73e,Lembu Milk,https://play-lh.googleusercontent.com/a/ACg8ocJTN2YhF5SOv6MbIjoRIkpitoVVAL6a4sX6HkwoVBrQcbsJqQ=mo,Hampir bintang 5 karena bansos nya dikit,4,0,5.4.0_30057195_30231699,2025-02-19 18:51:23,,,5.4.0_30057195_30231699
ca5516c3-3db0-4121-83a9-12f7b6022607,Raja,https://play-lh.googleusercontent.com/a/ACg8ocJatG-WQu5fFqYb6wjHxWCG5TCNxER79KaRBbmsUJz2WZkmKA=mo,Game ini sangat seruuuuuuuu!,5,0,5.4.0_30057195_30231699,2025-02-19 18:41:24,,,5.4.0_30057195_30231699
d611a486-cff4-43d3-97df-a554e13c041c,Kristian Abriati,https://play-lh.googleusercontent.com/a-/ALV-UjXx4Z2A_FfxaOKSORvyavOxAa92Hah-w9v_4ECiZaHD1JwakfQn,Game ini telah menghilangkan jiwa sejatinya sendiri,1,2,5.4.0_30057195_30231699,2025-02-19 18:10:59,"Kami mohon maaf atas ketidaknyamanan yang Anda alami, Traveler. Kalau Anda memiliki masukan atau saran, silakan hubungi kami melalui email atau feedback in-game.",2025-02-26 18:15:24,5.4.0_30057195_30231699
076e50d1-6ebd-485b-af77-7ce3a51dd065,Albert Werimon,https://play-lh.googleusercontent.com/a/ACg8ocJxEuOcfwZGjs3hOK6n1jRSQfC4NvX1kt8H8TEyYTgOXBxbUQ=mo,sangat seru game yang tidak gampang bosan,5,0,5.4.0_30057195_30231699,2025-02-19 18:09:00,,,5.4.0_30057195_30231699
aacf70cf-4e54-4b59-b6e0-91dcd6bc5014,Lucyana Putri,https://play-lh.googleusercontent.com/a/ACg8ocL3nHHVCrasOH65q7hcSaTfrSnk6U7lEGQx7Oq3WO2S11XvCQ=mo,"The game is very good, in terms of graphics, gameplay, etc., but why does it take so long to load the game? Please developers fix this 😭",4,0,5.4.0_30057195_30231699,2025-02-19 17:54:19,,,5.4.0_30057195_30231699
e6153749-db33-47c4-b7d5-73872c959a29,Anggita Adi Purnama,https://play-lh.googleusercontent.com/a/ACg8ocJc24gEJcO5iKSCnFjHZF7gV1AuoU84yZMSI9-tg1Gp8tHsTA=mo,Good,5,2,5.4.0_30057195_30231699,2025-02-19 17:49:14,,,5.4.0_30057195_30231699
3c4e5d8c-4d22-4937-a99a-024c00a70f52,Lana Lubis,https://play-lh.googleusercontent.com/a-/ALV-UjXJ6dsPGkz1s4H06QQNUbof5NJRYxQ64r-SIyxgRe4wzdJ07I3GVg,Mantab,5,0,5.4.0_30057195_30231699,2025-02-19 16:58:17,,,5.4.0_30057195_30231699
aaaf22a4-18e8-4e38-9f0d-458c398f97c3,akira,https://play-lh.googleusercontent.com/a-/ALV-UjXb91UGooyJUJYEJxUXj2NNKXDt3Uv4opJCIXlnyREgdQiDSCE,Make more men,1,2,5.4.0_30057195_30231699,2025-02-19 16:50:33,"Thank you for your constant support of Genshin Impact. We welcome any valuable input from you. If you have any comments or suggestions you would like to share, please feel free to contact our Customer Service team via the in-game feedback channel or email to help us improve the game.",2025-02-26 18:15:11,5.4.0_30057195_30231699
169bf3b8-f110-4e55-ab84-503dc1d9f5cd,Yukiyama Nekoraa,https://play-lh.googleusercontent.com/a/ACg8ocLNPxCTWtEafk6ZFGJU-PKVwxrzKClht8thS0_zm7-Kl4hkUg=mo,"sementara kasih 4 dulu, overall lore menarik, karakter desainnya bagus, tapi yg bikin saya kasih rating 4 itu: 1. Dialog di versi yg sekarang panjang dan bertele-tele. tambahkan tombol skip untuk dialog. Dialognya panjang, nggak penting dan nggak bisa diskip, banyak player yang pake autoclicker buat ngeskip dialog. 2. Karakter banyakan perempuan, dan terlalu fanservice. Di beberapa game seperti Zenless memang gitu, cuma genshin ini dikenal bukan karena karakter fanservice, banyak player kecewa..",4,34,5.4.0_30057195_30231699,2025-02-19 16:16:50,,,5.4.0_30057195_30231699
27b9a8b9-b66b-4883-8bdf-5ebe3877eaef,C Pot,https://play-lh.googleusercontent.com/a-/ALV-UjVynsOuUyEolZuoIMP6unhnT2n_3qRxS1ETkLaBUk8oep26ff0,"Quest terlalu panjang hadiah gk seberapa, malas kalo nyelesain quest",1,2,5.4.0_30057195_30231699,2025-02-19 16:11:36,"Terima kasih atas dukungan Traveler terhadap Genshin Impact. Kami menerima secara terbuka semua masukan/umpan balik dari kalian. Jika Traveler memiliki saran atau masukan, jangan ragu untuk menghubungi kami melalui feedback in-game atau email.",2025-02-26 18:14:56,5.4.0_30057195_30231699
dc666ba7-8a15-449a-820f-c4f65f43c1bf,Galih Ghanim pranata,https://play-lh.googleusercontent.com/a-/ALV-UjXLdaWUsfQyug5hVtL7Rp1y3a2EYTImc59hLQS-jKKWTOgwGSk,Keren,5,0,5.4.0_30057195_30231699,2025-02-19 16:10:35,,,5.4.0_30057195_30231699
58561caf-cee9-4f0a-ac54-074eb8dff5c8,Kygo Synister,https://play-lh.googleusercontent.com/a-/ALV-UjXICWHuTubIw82GbhayHVWO5J4w6Gu8QwWf76qj3fGsK012qTI9,"Dear, genshin Perbanyak chara2 cowo",3,1,,2025-02-19 15:10:05,"Terima kasih atas dukungan Traveler terhadap Genshin Impact. Kami menerima secara terbuka semua masukan/umpan balik dari kalian. Jika Traveler memiliki saran atau masukan, jangan ragu untuk menghubungi kami melalui feedback in-game atau email.",2025-02-19 15:04:37,
66fb6f74-0f3a-4173-b5ec-310fe3c6fa69,Zakfat Bintang,https://play-lh.googleusercontent.com/a-/ALV-UjXbaMBb7LFb-RAO4s96W9dFmgcfuk-pLV3HssjMGjJgS-106w3F,"Makin sini makin kaga jelas jaringan untuk main genshin, padahal maen game yang lain aman aman aja",4,5,5.4.0_30057195_30231699,2025-02-19 14:34:05,"Kami mohon maaf atas permasalahan ini, Traveler. Silakan hubungi kami melalui email atau feedback in-game untuk mendapatkan bantuan lebih lanjut tentang masalah ini.",2025-02-18 17:29:16,5.4.0_30057195_30231699
ffad32b3-cd0f-47e9-a113-85807843b51d,Dimas Saputra,https://play-lh.googleusercontent.com/a/ACg8ocKeOoOZ_y1p1Ipc1j0_ajtAyhTUGvWbxFFNb4qVXUIBVD8Kbw=mo,"Gamenya seru,cuman gachanya aja si yg kapitalis",5,0,,2025-02-19 14:28:23,,,
4ab7b79f-e305-4fe4-8466-5fa66bedd339,Gumelar Raja,https://play-lh.googleusercontent.com/a-/ALV-UjVE4C8WeCJB75hPPkG7NVcLzbtzriPn0u-YnhsC2G2ygyp9XYI,Mayan seru lah walau gchanya ampas mulu,5,0,5.4.0_30057195_30231699,2025-02-19 14:03:18,,,5.4.0_30057195_30231699
a6d26b2d-09ab-46e9-8474-1cc2f6d32794,Dinda Sari,https://play-lh.googleusercontent.com/a-/ALV-UjUz5Z4ByOEksqarRb3k3pXZPUHN5friLFEchKHGD1bymQFoZEnO,Aku suka banget pas eksplorasi tapi malesnya cuma naikin level karakter aja tapi tetep bagus dan kalau kalian suka main game bertualang gitu wajib sih main ini karena emg seseru itu apalagi pas mainin teka teki,5,0,5.4.0_30057195_30231699,2025-02-19 13:36:21,,,5.4.0_30057195_30231699
dc1de61f-c3f3-4660-8467-33206d43a66b,Arka Kimiya,https://play-lh.googleusercontent.com/a-/ALV-UjXJTc7W5BGO1PgNdaQ61365rabv39tKwf1egczeMCmVmuvfJPk2,Any ghensin converting shader player always needs extra patience,2,0,5.4.0_30057195_30231699,2025-02-19 13:26:24,,,5.4.0_30057195_30231699
d79dedc2-c560-4d99-a6d6-6c99467d53d5,FIKIH Bdby,https://play-lh.googleusercontent.com/a-/ALV-UjVdb7SF08NqKs1CCBg5usnqFuHM81cVRd3paUVcR1eHyn8VfACk,kenapa voice dari character suka menghilang dan ada sedikit bug di saat meng-upgrade lvl dari character mohon developer,3,0,,2025-02-19 13:03:46,,,
c45e6b35-5c01-4b79-98ee-4f5e5a1e22f9,Marshy,https://play-lh.googleusercontent.com/a-/ALV-UjUMvtHJRCQN7kYtJBPFAEG99JHUU_ms8_2oPvgNdUFeLDTjcDOUMQ,game full yapping💀💀💀,1,0,5.4.0_30057195_30231699,2025-02-19 12:57:42,"We sincerely apologize for this issue, Traveler. Please send us an email or contact Customer Service via in-game feedback for specific help with this issue.",2025-02-19 21:59:24,5.4.0_30057195_30231699
bb3b6eb4-815c-47fc-b847-6781249a4187,Prima Bernando,https://play-lh.googleusercontent.com/a-/ALV-UjV9uQMvi0gUPS8a72w6gjS0VZXkYp0qYqZr0p2Rd6a4s_DTys4D,Tolong di buat kan tombol skip cerita sangat membosan kan,2,0,,2025-02-19 12:22:40,,,
c4e3d5dc-07e8-4c9a-91af-1bd1736bacc2,La Ode Ikhwan Razak,https://play-lh.googleusercontent.com/a-/ALV-UjWhSKMI_OYEUsq2Yc9MW3K1x1x1tlBGd3RbjxfHmtc_eSQxOMW-,Gamenya sangat pelit saya gacha 5x tpi tidak dapat karakter b5 biar satu padahal saya baru main ini game,1,0,5.4.0_30057195_30231699,2025-02-19 12:13:46,"Halo, Traveler! Traveler dapat melihat aturan sistem Wish di bagian [Rincian] pada halaman Wish. Jika kamu memiliki pertanyaan tentang perincian dari aturan tersebut, silakan hubungi tim Layanan Customer Support kami melalui feedback in-game atau melalui email.",2025-02-26 18:14:41,5.4.0_30057195_30231699
7391f899-4817-480f-b9b3-8c13636c5458,Gagan Gumilang,https://play-lh.googleusercontent.com/a-/ALV-UjUapaY7rUVshUPGfC1tfkgFL_Nm37_DnmyJfSegsXV3x05g4BQD,"percakapan nya tolong lah bisa d skip, lama amat bosen JD nya",2,0,5.4.0_30057195_30231699,2025-02-19 12:06:00,,,5.4.0_30057195_30231699
b5bb66bd-b7b3-4d10-9f8a-2b300fe9d4f3,Aep Saepudin,https://play-lh.googleusercontent.com/a-/ALV-UjVsieS3ilkcvb6khWjg7g7zlUH44gIX-nsDXRIzvi39IpBLn6o,Bagus game nya tapi anime kok paimon ehe kepala bapak kau ngakak tapi paimon anak Malaysia,5,0,,2025-02-19 10:52:22,,,
84e03a51-9c54-4cdd-b8b6-6306c5f92ffc,Edis 29,https://play-lh.googleusercontent.com/a/ACg8ocLX2h3X77EKnteHSGygW0aaeIefCYEFfc584kmn_p3zvNuoJQ=mo,Pelit bgt kochak,1,0,,2025-02-19 09:54:48,"Kami mohon maaf atas ketidaknyamanan yang Anda alami, Traveler. Kalau Anda memiliki masukan atau saran, silakan hubungi kami melalui email atau feedback in-game.",2025-02-26 18:14:33,
1403d789-f184-41b1-9813-8a1b52b54322,Muhammad syifaul Muhtadi,https://play-lh.googleusercontent.com/a/ACg8ocJgiw30Ief5fRXT1fncLdB4EuC0z7bWB-icjX0vknmtRo86ow=mo,Story bagus cuman bansos nya sangat sedikit bahkan tidak ada,4,1,,2025-02-19 09:54:04,,,
82d1de40-e027-40ea-a560-74a6fe3ba0b8,Ignatius Sugiyanto,https://play-lh.googleusercontent.com/a/ACg8ocLMGeoXyeE4-2A7mP5rb1W0Zp1w2tr28LPT8XDTs6U07iX1WA=mo,Geme kikir,1,0,,2025-02-19 09:52:44,"Kami mohon maaf atas ketidaknyamanan yang Anda alami, Traveler. Kalau Anda memiliki masukan atau saran, silakan hubungi kami melalui email atau feedback in-game.",2025-02-26 18:14:26,
8a327760-fe8e-486d-87f0-89e2653c889d,Vallery Bro,https://play-lh.googleusercontent.com/a/ACg8ocJv9FXUqNdRcJ3y1iujTDhm42FLEIhSrfBE2Htg81o3VVgptA=mo,Gamenya bagus kikir dikit gak ngaruh,5,0,,2025-02-19 09:46:05,,,
9f9aafc9-5790-49a9-8e00-3380bfb663c8,Childutt,https://play-lh.googleusercontent.com/a/ACg8ocJgG_TcWuoqb8fNO7l58oeBICj22Pr3wEQ_4uZxecT2O8SNng=mo,Playable in Capitano pliss😔😔,4,0,5.4.0_30057195_30231699,2025-02-19 08:48:45,,,5.4.0_30057195_30231699
824577cb-0599-4135-8b88-1cbf2593af1e,Kenneth spawhood,https://play-lh.googleusercontent.com/a-/ALV-UjWky4yO96WN3qk010GCPWuU8msX0r9K7dSIUJPsIiUWanl-dPYf,Tolong untuk sering adakan bansos kita sebagai player merasa kesusahan kalau sudah grinding susah payah pas gacha malah mendapat character yang tidak di inginkan,3,0,,2025-02-19 08:45:17,,,
78f8a212-b7b3-4859-9963-ef841ba10b27,Keiko,https://play-lh.googleusercontent.com/a-/ALV-UjUkgEM8fGhgjAL7P1tZVFV6ZinfPnu5ON4R_RYXD-CIjgoixjTV,sebenernya ni game bagus dari segi crita maupun char cuma ini game paling bikin gw males dan lumayan bikin boring tuh ya karna ga hisa skip dialog. dialog udah lama bgt ditambah ga bisa skip. kalo bisa ni game bisa skip gw full star sih,1,0,,2025-02-19 07:42:48,"Kami mohon maaf atas ketidaknyamanan yang Anda alami, Traveler. Kalau Anda memiliki masukan atau saran, silakan hubungi kami melalui email atau feedback in-game.",2025-02-26 18:13:40,
f6b5dd75-9110-40f3-a6e3-568aba4daeaa,Rizky Maulana Alfauzan,https://play-lh.googleusercontent.com/a/ACg8ocJonxNj2l7Oy4sVf-3OtgqFcn8OkPl4btEEUt-GJ1COWUdEjg=mo,"Buat kalian yg ngeluh soal resin lama ngisi, itu karna mihoyo nyuruh kalian istirahat dan perhatiin kesehatan dan ga nolep.",2,0,3.3.0_11741873_11806263,2025-02-19 07:31:32,,,3.3.0_11741873_11806263
195846b6-10b5-451a-94f9-ba62cd687c5a,Putra Gaming,https://play-lh.googleusercontent.com/a-/ALV-UjUWZYS7ggGiF2ba6aQPRC9D01W3SnsNH4K9-QXVQZ4233rM0clt,"Bagus sekali ini game, emang buatan moonton tidak pernah mengecewakan saya makasih, saya kasih bintang 5👌.",5,0,,2025-02-19 07:24:34,,,
59636f28-e28d-4b35-ac18-2be12e48167f,Septi Jayanti,https://play-lh.googleusercontent.com/a-/ALV-UjVcg1BLpUmsanCz_p5ZGt21DSYIO0PdHbYHtlv9fpy4bclggFqy,"MANA TALL MALE NYA GOBLOOOKKKKKK GAME FAN SERVISE, DATING SIM IMPACT EW",1,3,5.4.0_30057195_30231699,2025-02-19 06:54:10,"Kami mohon maaf atas ketidaknyamanan yang Anda alami, Traveler. Kalau Anda memiliki masukan atau saran, silakan hubungi kami melalui email atau feedback in-game.",2025-02-26 18:13:11,5.4.0_30057195_30231699
2b1e4d3c-f06b-4b89-9476-221e741b1a1c,Rell Rell,https://play-lh.googleusercontent.com/a-/ALV-UjVpvaslWnT_hb_lDpXfZeSgwg-76nwOiYWZdGV9NWta1XTx4RazVQ,gacha ampas jir😹,1,0,5.4.0_30057195_30231699,2025-02-19 06:48:25,"Halo, Traveler! Traveler dapat melihat aturan sistem Wish di bagian [Rincian] pada halaman Wish. Jika kamu memiliki pertanyaan tentang perincian dari aturan tersebut, silakan hubungi tim Layanan Customer Support kami melalui feedback in-game atau melalui email.",2025-02-26 18:12:51,5.4.0_30057195_30231699
fe23ecea-730e-4e89-9460-95c806cbbc8e,Z or N,https://play-lh.googleusercontent.com/a-/ALV-UjVoecUEuGIT4FxiG4WxJlvEr0tBaJw0UeeHGHOIg8Q2-AJ6jwAK,Keren,5,0,5.4.0_30057195_30231699,2025-02-19 06:16:50,,,5.4.0_30057195_30231699
9d093998-849a-4e85-9160-bc35a30af447,Kirana Ratna D,https://play-lh.googleusercontent.com/a/ACg8ocLZXozmKkJJzSSvg6If91mGazinV60oBx1ENFEVHjkfGs54yw=mo,I LOVE GENSHIN SO MUCH,5,0,,2025-02-19 06:03:39,,,
5f3cf6e7-f694-4e4a-bc3d-7fe11f82726a,Fahri Sitorus,https://play-lh.googleusercontent.com/a/ACg8ocLF7K8-kCR8SohoVu_6VBo4NUxpmoKWDqI5kKe8phkH2YItUg=mo,Menangin rate off lah,3,0,5.4.0_30057195_30231699,2025-02-19 04:50:02,,,5.4.0_30057195_30231699
37493855-849b-4e1a-b5d5-f7087240abdb,Hasan Yo,https://play-lh.googleusercontent.com/a/ACg8ocIjuPcs6y0HNPoYM_k9iKsld_50PWWvsDRvU-g_JNSkIMTMzg=mo,Lumayan tapi tolong bahasa jepang nya di kecilin mb nya tolong yh,4,0,5.4.0_30057195_30231699,2025-02-19 01:06:15,,,5.4.0_30057195_30231699
c2af8d63-d8eb-4a12-9524-272d565e61ee,LUMINITE,https://play-lh.googleusercontent.com/a-/ALV-UjXhgNyeiHasU86JjwgRnfCpj0jlH-r7EfeGPK_-nO7UyNm3VNsz,Kurang mendengarkan masukan,1,0,5.4.0_30057195_30231699,2025-02-19 00:14:47,"Kami mohon maaf atas ketidaknyamanan yang Anda alami, Traveler. Kalau Anda memiliki masukan atau saran, silakan hubungi kami melalui email atau feedback in-game.",2025-02-26 18:12:35,5.4.0_30057195_30231699
a42a0b91-a5ab-496f-825f-1e7e8883ff7a,Chairani Tarigan,https://play-lh.googleusercontent.com/a-/ALV-UjUZL5wQEyHM1cAMm4rTws56l7CGn8KXfxCxA9BIF8oyUhKO-OjU,game nya bagus banget cuy rekomendet.bet,5,0,5.4.0_30057195_30231699,2025-02-19 00:14:25,,,5.4.0_30057195_30231699
2ecadeb2-68d1-41ea-80af-ec4325b383bb,Yesyurun,https://play-lh.googleusercontent.com/a-/ALV-UjU7QmFbMfOWD8a51O74GTD0y2qgpDn96wk22wtryZ-VBN_yyJ_PcQ,Semangat hoyoverse . update terus ya,5,0,5.4.0_30057195_30231699,2025-02-18 23:37:56,,,5.4.0_30057195_30231699
b46ecf8e-f528-44df-9062-1c9b202d593e,Ericka Napitupulu,https://play-lh.googleusercontent.com/a/ACg8ocIkQZMygzd2oBIAgszEX1IJNhwNwcqpZGyXdJUWvL64XrF1yQ=mo,Terlalu seru sampai tak bisa berkata kata,5,0,5.4.0_30057195_30231699,2025-02-18 22:36:12,,,5.4.0_30057195_30231699
86543886-7c8d-451f-85c1-769ccced00c8,VaulinaNA 05,https://play-lh.googleusercontent.com/a/ACg8ocJSYm0Iyz9mbodlKfg_WkuONuK2hIrbJQdg7OpOgoeawOXVnw=mo,Game yg bagus buat membuang waktu 🫸🫷,5,0,5.4.0_30057195_30231699,2025-02-18 21:32:09,,,5.4.0_30057195_30231699
732f34fb-333b-4f2a-9110-6b68f86f0145,Rafka Raffasya A. K.,https://play-lh.googleusercontent.com/a/ACg8ocIOlna1INltbiLcuKYGd7tAViAg9gdIwbrxg6kM2k6rpl8SPQU=mo,"Kalau bisa Adain update kecil² an, buat ngurangin konsumsi jaringan biar tidak terlalu mudah lag di bagian jaringannya, semoga dibales😁",5,0,5.4.0_30057195_30231699,2025-02-18 20:33:36,,,5.4.0_30057195_30231699
544faff2-2167-4fc4-b169-a25b301b34b6,Armand Galih,https://play-lh.googleusercontent.com/a/ACg8ocIUa0fAL6Gi7FG4bdlIAzZioOe1NKqy9WI54FWJJqyvB0bxFA=mo,Terlalu cerah........,5,0,,2025-02-18 20:31:45,,,
314e3c55-3200-41c9-9bde-b75d9afa7818,Faiz Alkhalifi,https://play-lh.googleusercontent.com/a-/ALV-UjWOwvFEz6W2VtC8KTxfChLhl6W8s53WweJo1DuDEO63HWV6IBQ,Bagus game nya karena berpetualang dan bertarung tetapi masalah nya hp gw mulai gak kuat 👉👈,5,0,5.1.0_27118081_27297621,2025-02-18 20:17:31,,,5.1.0_27118081_27297621
902b672d-8df1-4d67-80e3-230cfcf94087,Muammar Rasyid,https://play-lh.googleusercontent.com/a-/ALV-UjUqreHx6-G-xBnCJCz7wp6WtR0QeigxDOq5RY4VnhCuV4OTUNrN,Jangan jadikan Mizuki char standard plssss,3,0,5.4.0_30057195_30231699,2025-02-18 20:02:57,,,5.4.0_30057195_30231699
c219e879-87cd-4f39-891b-24ba589a5528,Lidia Kph,https://play-lh.googleusercontent.com/a-/ALV-UjWCy3WWbzjWfdlZYY8xDEGxNDmfsgVBR5e4nbYrxpUprutSb7Sg,"Saya sukaaa banget ni game, dari story nya, grafiknya dan semuanya sukaaaa kali, tapi tolonglah untuk karakter cowok nya, di perbanyak la, kami mau juga punya husbu baru😭☹️",5,0,5.4.0_30057195_30231699,2025-02-18 19:47:01,,,5.4.0_30057195_30231699
355ad3e0-5311-4a96-93c7-5a809fdcdfd9,Kahfi Abs,https://play-lh.googleusercontent.com/a/ACg8ocJCoxYx5SD-9GmIgZnEkDi2o4p4vqbnv_Y-TA8m8-13tLC3Jg=mo,Nyari artefak bagus susah amat dah game kikir,2,0,,2025-02-18 19:36:50,,,
b2a1a086-dd74-4fa4-bd03-c4b44adba4ee,Qolbi atsir Athaullah,https://play-lh.googleusercontent.com/a/ACg8ocKYRBnhRfrwkQ4DWJMmeRmnoHFKa3FCrxTR0eoonaR1AOMERg=mo,Kikir,3,0,,2025-02-18 19:22:08,,,
56efe1ea-6057-4d44-ace4-bd89fa5464cd,Evandra Juna,https://play-lh.googleusercontent.com/a-/ALV-UjVqBtXOhyAoSqlox41DAOPh725mL-OAymTQIpsH62YP-SyiiMo,Game nya bagus dan asyik,5,0,,2025-02-18 18:50:16,,,
fb92da86-fa08-4c97-9a7b-ce41c4268b5b,elmando mulia,https://play-lh.googleusercontent.com/a/ACg8ocL3n48IBA9uxvXCrR7tAHi4r31tFA1XFdWpWkAE6T8tyCJNCA=mo,"Sudah tidak seperti dulu,sekarang sering kalah rate off,kalau rate on pun pitty nya tinggi terus...rasanya sudah hilang kebahagiaan bermain game ini...seperti nya sekarang saat yang tepat untuk pindah game...merayu player yang lama tidak aktif dengan hadiah ""jalan pulang"" berupa primogem etc...saya sebagai player lama yang yang setiap hari berjam jam aktif dirayu apa sama anda?....yang terjadi semakin buruk peruntungan gacha akun saya...coba belajar untuk menghargai player lama yg aktif",1,16,5.4.0_30057195_30231699,2025-02-18 18:33:21,"Halo, Traveler! Traveler dapat melihat aturan sistem Wish di bagian [Rincian] pada halaman Wish. Jika kamu memiliki pertanyaan tentang perincian dari aturan tersebut, silakan hubungi tim Layanan Customer Support kami melalui feedback in-game atau melalui email.",2025-02-26 18:12:24,5.4.0_30057195_30231699
e78aaf8b-2b51-4b31-98a6-1716c1f62c5e,Ikramul Hasan,https://play-lh.googleusercontent.com/a-/ALV-UjWtlCTLiATNkswIvVjmH_DDO91p49hm24KkLnmRi87yy1dP87w,"Terimakasih game baik, saya mendapatkan gacha bagus hari ini 😊",5,0,,2025-02-18 18:20:11,"Kami mohon maaf atas ketidaknyamanan yang Anda alami, Traveler. Kalau Anda memiliki masukan atau saran, silakan hubungi kami melalui email atau feedback in-game.",2025-02-18 17:56:39,
d0ee65ec-7c20-489f-aeb6-cde514fc8725,Avexz Qanixz,https://play-lh.googleusercontent.com/a-/ALV-UjWFz_AQ_iPFAOLssNXw0WAD2b2TEcuB4nlzf8mpp-4L9u6WNdo,"jarang muncul character cwok playable. Selalu aja cewek bae, padahal yang main juga cewek banyak lohh?? Semakin update sedikit ya karakter cowoknya.",1,3,5.4.0_30057195_30231699,2025-02-18 16:56:26,"Kami mohon maaf atas ketidaknyamanan yang Anda alami, Traveler. Kalau Anda memiliki masukan atau saran, silakan hubungi kami melalui email atau feedback in-game.",2025-02-26 18:11:44,5.4.0_30057195_30231699
e518878d-e190-43ab-9ea9-e56050195700,mhammad ramdan,https://play-lh.googleusercontent.com/a/ACg8ocJceiidIm0ltuiGmrE4PwE90XUzZtvzA8vY2smA3siEr4ioSg=mo,keren,5,0,,2025-02-18 16:48:57,,,
efa57862-7192-4c12-bf39-a0a4901fe5a5,Burung Gagak,https://play-lh.googleusercontent.com/a/ACg8ocI2esfjm1I7LPqIHWgXrS7JpXXYwudlY8uB1iI-9TZfzsmngA=mo,"nice, cuma ya sistem gacha selalu ampas dapetnya",5,0,5.4.0_30057195_30231699,2025-02-18 16:07:02,,,5.4.0_30057195_30231699
8f9d864f-2188-4236-94aa-646d1972f22e,Akuma Poi,https://play-lh.googleusercontent.com/a-/ALV-UjVFDP8aDZipS8Xdy1dXZK2zOiYqXkuBbHd5Zm0V1RmnZVr5LmX5,Nice game..,4,0,5.4.0_30057195_30231699,2025-02-18 15:57:13,,,5.4.0_30057195_30231699
06626c5a-f5b9-4c55-9aa1-132d46079f41,Max Cold Junior,https://play-lh.googleusercontent.com/a-/ALV-UjUMFRO9xdeYprCWRj-gtI4aiGaE9RbGF7pzavOYOshN94Vafa2v,"Game terlalu banyak perbincangan,harusnya ada tombol skip untuk mempercepat,,,, Ibarat game 10 jam tamat, perbincangan 9 jam,yg 1 jam cuma buat aksi",1,1,5.4.0_30057195_30231699,2025-02-18 15:40:40,"Terima kasih atas dukungan Traveler terhadap Genshin Impact. Kami menerima secara terbuka semua masukan/umpan balik dari kalian. Jika Traveler memiliki saran atau masukan, jangan ragu untuk menghubungi kami melalui feedback in-game atau email.",2025-02-26 18:11:01,5.4.0_30057195_30231699
93a7b444-c1c1-4f90-8699-ad7da8af8b52,mas ulah binti yazid,https://play-lh.googleusercontent.com/a/ACg8ocLwwWRo3RRiT57gooG6QNYfTpV9h7xsWT16uCHZASKTIRl3zA=mo,Bagus,5,0,5.4.0_30057195_30231699,2025-02-18 15:09:49,,,5.4.0_30057195_30231699
a82d59bf-58fe-4314-8445-ac4b752c9724,Rauqan R.r,https://play-lh.googleusercontent.com/a-/ALV-UjU6ugLuaklRVH8WLRPhwCGO3PZdidbBeL7i-Q8C7ySHOzObBCg,Well... I just feel like it,5,0,5.4.0_30057195_30231699,2025-02-18 15:03:55,,,5.4.0_30057195_30231699
17ea2a18-17bb-4a53-960a-8c6e2aeaf427,Muhammad Aagam,https://play-lh.googleusercontent.com/a/ACg8ocKkgqYucEIjfisL5vHRQG1G3cDYZlEH-2CrrQtZn-5Y6wu77Q=mo,Sang bagus,5,0,5.4.0_30057195_30231699,2025-02-18 14:57:11,,,5.4.0_30057195_30231699
eb4df95e-342c-484b-a00e-b165a5444953,Faizz ttyy,https://play-lh.googleusercontent.com/a-/ALV-UjW_Ot8AC9B8HEEN3ULjq6k7nuGU4mHPncDeZkmS3YNpCX54Mrzk,"developer GK ngotak,hp gwe sampe ketar ketir main game ini 🥲",4,0,,2025-02-18 14:37:47,,,
519b3e2f-c44e-45de-9ceb-99a504bc3aae,\/ictini,https://play-lh.googleusercontent.com/a-/ALV-UjVFOLBqyNnA1g5XcWzLLKHvwZwtmqltRFqibc5ubFOHdXJhDCtn,Fitur 2x speed story,5,0,4.6.0_22174900_22378599,2025-02-18 14:11:13,,,4.6.0_22174900_22378599
bf9cddb3-d97d-4889-a8ab-6b673d16092d,Kirana Larasati,https://play-lh.googleusercontent.com/a/ACg8ocLYR0aAUXkMX7Q04c4IOai5HvOVJrdot5zmWZLt9lR9Ydd69Q=mo,Lama hrs nunggu 3 jam baru masuk game nya🗿😑,3,1,5.4.0_30057195_30231699,2025-02-18 14:10:43,,,5.4.0_30057195_30231699
038cbc0d-b67f-4f01-bea7-0d487ad3c510,Ivana dwi,https://play-lh.googleusercontent.com/a/ACg8ocKIUWyFVGoKdi9HhonEOGOPB99oLQovlzDnSqf6K9z3ExJ7Lw=mo,"Tolong banyakin karakter cowok!!!!!!!!!!!, muak banget gua liat karakter baru cewek terus",5,1,5.4.0_30057195_30231699,2025-02-18 13:54:38,,,5.4.0_30057195_30231699
79613e9f-32ea-45d5-88ff-a879408bd278,Anna Chan,https://play-lh.googleusercontent.com/a/ACg8ocLikclQ30-Jlsr5Tww6hgCGC6Sj4PxZBrKTHKWjTvx8w55z2Q=mo,"Makin kesini makin yapping nih game Dasar game yapping!, developer yapping!",1,1,5.4.0_30057195_30231699,2025-02-18 13:05:25,"Kami mohon maaf atas ketidaknyamanan yang Anda alami, Traveler. Kalau Anda memiliki masukan atau saran, silakan hubungi kami melalui email atau feedback in-game.",2025-02-26 18:09:49,5.4.0_30057195_30231699
0c83ebf7-f9de-48b2-8e3e-4d1baee73556,Lala Ananda,https://play-lh.googleusercontent.com/a-/ALV-UjXFipx1NYQLDBdE3EcbDhoDEKxFiwLCzSKwH6ZrWxHJfj6pYi8,😔,4,0,5.1.0_27118081_27297621,2025-02-18 13:00:34,,,5.1.0_27118081_27297621
0399d71d-b2eb-49ca-afad-b1e423beb106,Nurul Hanas,https://play-lh.googleusercontent.com/a-/ALV-UjWflIhReTgF5Wh3AN9gz4sMGXso3KbXnH0U_JStm3OelraxUK8,Kebanyakan karakter cewek nya mana karakter cowok nya mihoyo,1,1,4.8.0_24603909_24822834,2025-02-18 12:54:03,"Kami mohon maaf atas ketidaknyamanan yang Anda alami, Traveler. Kalau Anda memiliki masukan atau saran, silakan hubungi kami melalui email atau feedback in-game.",2025-02-27 17:37:02,4.8.0_24603909_24822834
4ce50fb3-34d2-496f-b3a2-c78de59e4f00,Muhammad Rianda,https://play-lh.googleusercontent.com/a/ACg8ocJ9S03fKyabdssjuWVxQilqsszv3hr4Z3cOBY9SIMgvK-nyyA=mo,"game bagus buat saya yang suka petualangan, teka - teki dan misteri. sangat direkomendasikan.",5,0,5.4.0_30057195_30231699,2025-02-18 12:40:42,,,5.4.0_30057195_30231699
721f61d7-7225-4dd9-81b6-f42a1742b665,muhamad khoirul,https://play-lh.googleusercontent.com/a-/ALV-UjXtJhQ7z5eynFqu8QHMbObZQDEe0V9y9tVorOo1rPKH93gNAdhm,"So good, I like",5,0,5.4.0_30057195_30231699,2025-02-18 11:53:34,,,5.4.0_30057195_30231699
5c629279-eca6-4540-af50-411a6a207396,Tri Anshari Muharrami,https://play-lh.googleusercontent.com/a-/ALV-UjXIqooWlK_AeRnGBof4rSJzJSFJi-oqJa8vDxF8itKVQNhLN_b7,"TOLONG rilis lagi beberapa karakter laki-laki, masa region perang yg playable hampir perempuan semua:'). Buat farm arte susahnya minta ampun game ini kasual dan aman buat aku yg f2p krna gak selalu diwajibkan buat gacha chara tertentu walau kadang ya emng rewardnya agak kurang, yang jadi cukup menganggu adalah world quest terlalu bertele-tele dan tidak bisa di skip yang mana cukup membuang waktu buat player yg hanya ingin fokus cerita utama, build sampai grinding artefak nya aja ditiap region.",3,22,5.4.0_30057195_30231699,2025-02-18 11:34:22,,,5.4.0_30057195_30231699
86f5f26c-d472-401d-b9da-7110f7b58ffd,Rizki Saputra,https://play-lh.googleusercontent.com/a-/ALV-UjUtriAYymVpwMhAEnZ31TBei1dIbkvIF1UN6pRO07mqgNCFrc8,Lancar jaya di hp gua coo.. mantap,5,0,5.4.0_30057195_30231699,2025-02-18 10:48:18,,,5.4.0_30057195_30231699
86ad6e90-647d-42e7-9b36-60134c72d92f,coffee tobacco,https://play-lh.googleusercontent.com/a/ACg8ocJGyOQKBHFm3UhAJkM4O8pgAmFlzS9J7Mk0uae51md7tkYD5A=mo,I like sumph,5,0,5.4.0_30057195_30231699,2025-02-18 10:37:39,,,5.4.0_30057195_30231699
7405916f-cf23-44c7-84e0-5631124aedf3,Rizky Abdillah,https://play-lh.googleusercontent.com/a-/ALV-UjUg_740gnumNG2q4povptCkvn5Iri5DqeySsuC6nVaDXpHFMIc,Seru bet coyyy gw main di pc abis sholat subuh gw lansung main ashar terus nahan lapar karna puasa Ramadhan terus makan magrib nya terus tarawih abis pulang tarawih lansung main lagi deh,5,0,5.4.0_30057195_30231699,2025-02-18 09:36:46,,,5.4.0_30057195_30231699
a81fd3d0-98f4-4e0b-bdb6-9bb1f04b8486,toenxz shadow,https://play-lh.googleusercontent.com/a/ACg8ocIOuqMVxwgV_CmeX3dOpmuOIOH0TaNWVpNJHWX7cPZ3_hwxhQ=mo,Biasa aja,5,0,,2025-02-18 09:22:09,,,
1607e697-4a26-41ec-bba8-f02e5cf4f72a,Damar Gesang,https://play-lh.googleusercontent.com/a/ACg8ocJJsZllzkqeI9lIqqjvVy4XpKdQ-_m_MwGVrEXbF2KhPcT9xw=mo,Good,5,0,5.4.0_30057195_30231699,2025-02-18 09:14:09,,,5.4.0_30057195_30231699
064991a2-242e-4c8e-8a0f-103eda925822,Dede rohayadi,https://play-lh.googleusercontent.com/a-/ALV-UjVScAEDsEF-bQ4zBGzTb_S6jKUoTswlsbbDdn97rDm_Q1kJjjYN,"Males main genshin ga ada fitur skip, jadi ngantuk, nunggu ada fitur skip sama naga yang bisa di panggil terus di tunggangi, tapi jangan ada energinya, terus bebas terbang kemana aja.",5,1,5.4.0_30057195_30231699,2025-02-18 07:59:44,,,5.4.0_30057195_30231699
d1cce044-c746-4587-a2b7-60ab6c6cf950,Ardika 05,https://play-lh.googleusercontent.com/a/ACg8ocKHAl1PaLOxVuGFdeacMqr8rksaTF9zYwb5hYvV97nZWoRSG6s=mo,Ayolah min di hp snap 625 ane aja masih suport masak di hp snap 636 kok malah gk kompatibel 😑,1,9,5.4.0_30057195_30231699,2025-02-18 07:44:56,"Halo Traveler! Mohon kunjungi website official Genshin Impact untuk mendapatkan informasi sistem perangkat yang diperlukan untuk mendapatkan pengalaman bermain yang stabil dan lancar. Selain itu, untuk menemukan sumber permasalahan ini, mohon hubungi tim CS kami melalui feedback dalam game atau email.",2025-02-27 17:36:28,5.4.0_30057195_30231699
6bf274df-5058-411f-890a-e0b4cec09ef0,Hanung Prasetyo,https://play-lh.googleusercontent.com/a-/ALV-UjVP3J-eKWJIVaHMMJYFd7nu7mo0b-ThSqo3wwkSLMT9jKgqci8G,game nya sudah bagus sejak awal perilisan namun entah kenapa saya tidak begitu suka dengan desain natlan atau mungkin memang tidak sesuai dengan ekspektasi saya. banyak hal yang menurut saya melenceng dari tema natlan (peperangan) untuk sekarang mau tidak mau saya lebih baik menunggu untuk update region selanjutnya,3,23,4.4.0_20481013_20559831,2025-02-18 07:36:32,,,4.4.0_20481013_20559831
fef67931-f03b-4163-8e03-d6917f493e7d,Teguh Sampurna,https://play-lh.googleusercontent.com/a-/ALV-UjUV5l1gg83J4wMO0KD1KYaBzZYVz-sF9eHEMJWeP-Qb7sH-agLB,Lack of QOLs,1,0,3.2.0_10872902_11078128,2025-02-18 07:21:51,"We sincerely apologize for your unsatisfactory experience, Traveler. If you have any feedback or suggestions, please send us an email or contact Customer Service via in-game feedback to help us improve the game.",2025-02-27 17:36:19,3.2.0_10872902_11078128
1eacfe7f-925b-448e-8053-f1f267fd4b91,R. Khairunnisa,https://play-lh.googleusercontent.com/a-/ALV-UjWnxh6TNVMCG-wE0_4_BcDCZlT1Tnv3PGMi91ZhQ_hkq6JXLUh0,"Game kikir, di kasih kritik malah ga di masukin. Pantes rating nya turun",1,1,3.6.0_13833164_13951843,2025-02-18 06:46:48,"Kami mohon maaf atas ketidaknyamanan yang Anda alami, Traveler. Kalau Anda memiliki masukan atau saran, silakan hubungi kami melalui email atau feedback in-game.",2025-02-27 17:35:58,3.6.0_13833164_13951843
62f649b3-358b-463e-8ffd-ba7d760d0f28,Amin Wahyu udin,https://play-lh.googleusercontent.com/a-/ALV-UjWGwKRniKrXoAlNBfH-SBwbrLKyb8qCi8toGbsWNOlR-wwv_NBo,Kikir Impact,5,0,,2025-02-18 06:42:24,"Terima kasih atas dukungan Anda terhadap Genshin Impact, Traveler! Kalau Anda mengalami kesulitan apa pun yang berhubungan dengan Genshin Impact, silakan hubungi kami melalui email atau feedback in-game untuk mendapatkan bantuan.",2024-12-14 17:36:27,
b9ebe9ff-9595-4e28-8ce3-e2dda2e19a82,Akbar Maulana P.S,https://play-lh.googleusercontent.com/a-/ALV-UjU9vgzNxU_mcKiY09vIO8hqZG7_5II3a5rrjkjxx0xqHjk8loYp,Suka lorenya,5,0,5.4.0_30057195_30231699,2025-02-18 06:28:11,,,5.4.0_30057195_30231699
a58e5b9d-5983-4096-9379-d86a18162132,celes.,https://play-lh.googleusercontent.com/a-/ALV-UjVo7XttL61VbQ7HOr4wWlMpAV61wFk2bs7VBWqbvFRZ-QMWVBdc,Ceritanya ngebosenin,2,0,3.6.0_13833164_13951843,2025-02-18 04:54:44,,,3.6.0_13833164_13951843
d31ba6f7-b55a-4084-b4bf-908ebcdb887e,Xyera,https://play-lh.googleusercontent.com/a-/ALV-UjUMcVgsGyqROVSpPo_jS2PvlB0DGCdSX97VeVE9mU3LKQ4fcxc,tambahkan fitur ganti gender si mc dong admin,5,0,,2025-02-18 04:43:28,,,
526ab6f7-b4ba-4091-bea5-7ae22001cc16,Petra Louisa Sekar,https://play-lh.googleusercontent.com/a/ACg8ocIgSXjNwNH0Hz5lBNmBRZaswsRylP9mt3HD7aMx5S-Av0acHbY=mo,AMAZING,3,1,,2025-02-18 04:27:34,,,
16e7fd30-094d-4894-99bb-69db227e3fda,moccaココ,https://play-lh.googleusercontent.com/a-/ALV-UjUhP-HMd2qj7njnwauvk_xoaAK60L6JpGyar8U45--rNVywMVui,Mantapp 😍,5,1,5.4.0_30057195_30231699,2025-02-17 23:31:03,,,5.4.0_30057195_30231699
3f7145a6-9f97-48c5-9ecb-d3694eef87f4,SQUIRTEL,https://play-lh.googleusercontent.com/a-/ALV-UjV4wBMqZUpxjyh7sXFYM_cIkjCmUnTWTG13FipiPHvcAIWzsm4,"Gamenya sebemarnya udah bagus yang kurang menurut aku banner senjata,aku selalu kalah dan malah dapat senjatanya karakter yang aku gak punya. Kalau bisa banner senjatanya samain sama hsr dan zzz cuman didua game itu aku gampang menang rate off terus di game ini susah, Aku cari primo dimana-mana masih aja dapat hard pity kalah rate off",5,0,5.4.0_30057195_30231699,2025-02-17 23:22:55,,,5.4.0_30057195_30231699
1221d2bd-7b20-4259-ba55-4f3fb96a527f,Raffasyakeanu Oziel,https://play-lh.googleusercontent.com/a/ACg8ocLTQrDHIoz_8pd81nsCt0R1df4SzhNgNukoyXXhgMyERfdXrWo=mo,Seru Dan Keren,5,0,5.4.0_30057195_30231699,2025-02-17 23:15:10,,,5.4.0_30057195_30231699
135fc68c-a741-46d3-b17c-ed2b7bb7c25c,Baiq Gelya Raya Angkola,https://play-lh.googleusercontent.com/a-/ALV-UjXRFDwcaMVDJ1LroqZXPPe8rGe_ARpvlIQQMjQnMIB6hOezo06E,"tolong dong jgn jadiin ni game jdi dating simulator, cringe lama lama aplgi smnjak patch natlan, hadeh. apalagi ngeliat si varesa kocak bat NA nya, pegulat tpi clumsy, gada muncul di AQ, cm di mention mavuika krna sk makan dan jadi b5? dan jg beda bgt designnya sm iansan. tolong stop bikin karakter waifu bait, krinj. survey jg gada guna, keluhan player kaga di dengerin 🙏. Oh ya klo bikin karakter tolong sesuaikan kitnya se op lorenya. aku main 3 tahun bertahan cm karna lore + story doang.",1,48,5.4.0_30057195_30231699,2025-02-17 22:11:38,"Kami mohon maaf atas ketidaknyamanan yang Anda alami, Traveler. Kalau Anda memiliki masukan atau saran, silakan hubungi kami melalui email atau feedback in-game.",2025-02-27 17:35:05,5.4.0_30057195_30231699
fd0995a0-4c6e-4379-bbc8-22b1a005155f,mhd felix,https://play-lh.googleusercontent.com/a/ACg8ocKm5Gsrn2i-qIl3Ls_qv3GTtuZXh-o4jw4SFD6oIJC4h0dtlg=mo,menyenangkan dan menarik,5,0,,2025-02-17 22:10:04,,,
71a58794-8233-49ff-b107-05b4a2282829,Rendy Kurniawan,https://play-lh.googleusercontent.com/a/ACg8ocJAVzGdqu-o2AlP6esJ8Mi0-yuWc70YiJTo04gWokxuFo3Hmg=mo,download datanya lama min hapus aja ni game,2,0,,2025-02-17 22:06:00,,,
b19f0210-435a-4254-b08f-0fe316b28640,Rez Shouto,https://play-lh.googleusercontent.com/a-/ALV-UjVplBIzjAFxxsTqIwDxdKGYtLyJWQJBdLmxZMT-Sa4FXpJSyvFq,"jujur dari segi grafik dll sudah bagus, tapi sayang saat dialog quest nya banyak dialog yang menyimpang dengan quest yang sedang di kerjakan, tidak ada fitur skip dialog, lalu Primo yang di berikan juga sedikit, tidak cocok untuk pemain f2p kecuali jika yang main mau menabung Primo dengan sabar. Lalu wish karakter yang sangat susah, apalagi untuk karakter 5*, minimal mendapatkan karakter 5* itu hoki-hokian, ya kalau sial bisa sampai pity80+ atau bahkan malah mendapat standar 5* karakter.",3,0,,2025-02-17 21:19:43,,,
ef4c7287-9548-4e60-9c86-14d7d3a66189,Range Dream,https://play-lh.googleusercontent.com/a/ACg8ocKYxyJqhFxIQjZa54_UIK0aol-4vfOzw72LF3nhKhV3UTPH=mo,Keren story nya,5,0,,2025-02-17 20:41:29,,,
5b552cdf-dc19-41c4-8b26-3ceb56da438a,Who Cares,https://play-lh.googleusercontent.com/a/ACg8ocK4oyHouKwg2YDTAEzEB1-efJwLSyuBWM4Ho-oWUE06TarlhQ=mo,Game yang sangat Menarik dan miliki grafis yang indah,5,0,5.4.0_30057195_30231699,2025-02-17 20:14:51,,,5.4.0_30057195_30231699
8c71772b-7e29-4cd3-ac61-b0ed7855611c,Aldi Andreansah,https://play-lh.googleusercontent.com/a-/ALV-UjX8mzQ4RqRE-9-imlKGDtLf7uidU4jL3E-C9KW86fjj6ZVsANW6,Game cukup bagus,5,0,5.4.0_30057195_30231699,2025-02-17 20:11:36,,,5.4.0_30057195_30231699
bf57ba30-cb0c-4464-bca4-3b48a202a31b,Angeline Meiliani,https://play-lh.googleusercontent.com/a/ACg8ocJAChgdduluVBVbAFYdwEuPjsXY2HTeFe0Lx4AJhjtxf120Qw=mo,mantab bet,5,0,,2025-02-17 20:09:06,,,
c97823cf-e4cb-43c3-921d-569b351c415f,Suriati Habu,https://play-lh.googleusercontent.com/a/ACg8ocL3puLKJO7HwQYhbXOT6vLiyby_LcribR5bEyn9gj7tLr8WgA=mo,grafik nya kurang maksimal,3,0,,2025-02-17 20:00:06,,,
99c4a356-d6ab-4778-80af-4b0178fc3406,Habib Alfarezi,https://play-lh.googleusercontent.com/a/ACg8ocI4Zl1-lPu905S2veBUlk4w1Men7JOF2XljwOkSd0jjNZXV9g=mo,"katanya game open world yang pemainnya enak buat nge explore kok lama lama gamenya kebanyakan yapping, heh itu si kachina nge yapping doang isinya 10 menit kayanya atau mungkin lebih cuma dengerin yapping gajelas bet, #gameyapping",5,0,5.4.0_30057195_30231699,2025-02-17 19:04:34,,,5.4.0_30057195_30231699
004fc4fd-d819-4874-99ac-337be5143ded,Azizza Haruniswa,https://play-lh.googleusercontent.com/a-/ALV-UjUtVGx_SpSr5WKAuC8IvHeHxUW5iNaTJlee87dcd4Q56dWQxmA,mayanlah🗿,5,0,5.4.0_30057195_30231699,2025-02-17 19:02:02,,,5.4.0_30057195_30231699
338d3d8b-ddc7-44d5-8c98-033215ef15ed,Isabella Anezka,https://play-lh.googleusercontent.com/a-/ALV-UjUU0KknhQY1u7EGaSsMp3vu3E_oDdIH4gm0XsJEKxKwfVjne2s,GAME BAGUS DAN KEREN,5,0,,2025-02-17 18:21:11,,,
13a528ff-b4cb-4380-96d1-32fb4c1ceb8a,ryo,https://play-lh.googleusercontent.com/a-/ALV-UjWojEteO3fxgJ4iYLZ8yDg3tF7UV8oLxb3S79quTpUrLmTKDy0f,"makin update ini game makin fanservice kalau ga character cewe yang terbuka, bisa aja loli cewek, ini udah minus char cowol kah? sekarang story banyak omongnya doang, banyak basi basi, ini kalau di anime juga namanya filler, pake inilah itulah, disini farming susah, hsr aja kalau sudah tingkat 4 keatas dijamin dapat arte bintang 5. terserah mau complain impact, udah main dari versi 2.1 dulu asik karena masih jaman²nya story nya peak.",2,1,3.5.0_13082099_13156424,2025-02-17 18:13:08,,,3.5.0_13082099_13156424
4997b585-cd25-470a-bd62-bf539673685a,StarWalker,https://play-lh.googleusercontent.com/a-/ALV-UjV-aK5cnXJOPOMxovVesWTm5fVsVeESc4SypLhIveMEtQk7LJTC,Satu kekurangan yang keliatan jelas -bansos,4,0,,2025-02-17 17:40:11,,,
691b620b-033f-4ed0-b058-5243e0ddcdf7,Xsall14_,https://play-lh.googleusercontent.com/a-/ALV-UjXwcKc3MS0FLM3Xfys3TcTMEW-46GseB2gB6A9OG-bJMD5Iw7Gm,to much fan service,1,1,2.1.0_3981765_4073622,2025-02-17 17:03:57,"We sincerely apologize for your unsatisfactory experience, Traveler. If you have any feedback or suggestions, please send us an email or contact Customer Service via in-game feedback to help us improve the game.",2025-02-27 17:34:32,2.1.0_3981765_4073622
3266abc8-c4e5-404e-bc97-2f840f38a367,Arga Wijaya,https://play-lh.googleusercontent.com/a-/ALV-UjX6gicR1q5erm5SZINoztCaSwHfL7QBdwzuNxrOIiyVaFHAUp7f,bagus bet gamenya gilakk!!!!,5,0,,2025-02-17 16:38:14,,,
cafa0bc0-41fa-48a1-8b97-7b3f0629d627,Zahra Ardelia,https://play-lh.googleusercontent.com/a-/ALV-UjXmkozVA2lnfY-vdy6XaQhCOgc9lH0U-9mTDzGd3Zp8xldTztSU,"Seru banget hd lagi , walaupun download nya lag banget",5,0,5.4.0_30057195_30231699,2025-02-17 16:03:56,,,5.4.0_30057195_30231699
d0892586-fca5-4378-bdb6-7401a138aa98,Lieonel Richie,https://play-lh.googleusercontent.com/a/ACg8ocJGS3oPW2b1cnVNlez6mWOIkR_Rylo1CeU6_VpNbFIHrEF0ag=mo,Sangat bagus tapi loading terlalu lama saya sarankan memakai mode yang tidak high,5,0,,2025-02-17 15:28:14,,,
f36a0707-6748-4972-a933-bf6babe90e81,Latihan Dev,https://play-lh.googleusercontent.com/a-/ALV-UjW8REk1cj2soR06ksP5K4Gnr8JoOXoRUL-V5VcAGtUBgirgDRto,Asli suka banget tapi perbaikannya yang bug buat gacha ya soalnya pas aku coba bisa padahal aku punya nya 0💀,5,0,5.4.0_30057195_30231699,2025-02-17 15:12:01,,,5.4.0_30057195_30231699
65160039-d6d4-47a8-a27d-9336a8b83f3c,delladella della,https://play-lh.googleusercontent.com/a/ACg8ocKRmqrFpnpxs6Qx9IcdR4w9otkqSpSQQcXxWqkV_BRYlETEAA=mo,"Dah hampir dua tahun main, dan sampai saat ini .asih cukup puas sama perform gamenya",5,0,5.4.0_30057195_30231699,2025-02-17 14:29:19,,,5.4.0_30057195_30231699
1b1d8ae8-87aa-4bfd-84dd-c2cf8f06dee7,Suzume,https://play-lh.googleusercontent.com/a/ACg8ocIHMRrMA6Rk2KcycAnVIJO08prfQZlu6Vis5mPDV7NOBe1Iqg=mo,"I have been playing this game for more than 2 years and this game has become a huge part of my life. It's a shame that the content being shared lately is very disappointing. starting from the 5 star characters released is all female, the story from the new AQ which is not interesting and doesn't make any impression on me. I'm not someone who likes to nag, especially about my favorite game....but the content being presented now is really that disappointing... i hope Sneznaya will get better <3",3,0,,2025-02-17 13:59:24,,,
5f0fed5e-3269-4455-99a3-90d8c7bf24bf,Mulyadi 10,https://play-lh.googleusercontent.com/a-/ALV-UjVFeVQhjIxSuNd1LMP0x9RY8m31plDUmw5pkq1vV486yfQQGzs,Puas laa,5,0,5.4.0_30057195_30231699,2025-02-17 13:50:19,,,5.4.0_30057195_30231699
136c546e-677e-4972-9d93-ef47ccc6d238,Alifiraz Ahmad,https://play-lh.googleusercontent.com/a-/ALV-UjXOvL9dfatUBE8qvG3kxJ-Gey3hPtVfGSNIIt00UQi0aqb0x3eZ,"rate on dapet malah dapet b5 padahal buat furina,game anj awas nanti gk dapet furina 10kali",1,1,5.4.0_30057195_30231699,2025-02-17 13:43:21,,,5.4.0_30057195_30231699
c1c10442-8ddd-4106-aba6-7713b76156e4,TheNov,https://play-lh.googleusercontent.com/a-/ALV-UjVMgyfQk4tMdoWkNAGaCSp-CscRt0CoElUHrO1cJ-D3UTdM91Vu,Give me more romantic moments from all girls' characters,5,2,,2025-02-17 12:58:55,"Kami mohon maaf atas ketidaknyamanan yang Anda alami, Traveler. Kalau Anda memiliki masukan atau saran, silakan hubungi kami melalui email atau feedback in-game.",2024-07-30 15:11:23,
6b1e159b-2702-46b9-9779-326991ac4b73,jovander setiawan,https://play-lh.googleusercontent.com/a/ACg8ocIbedSgfhu-pZFJBuDyVkIgd7I2rhmb1bF4JU96vCvOnatdaA=mo,"mending boikot guys uninstall genshin rame rame, android gak bisa pake gamepad, zaman gini di bikin susahh, game sebelah aja udah pda support gamepad",1,0,,2025-02-17 12:54:22,"Kami mohon maaf atas permasalahan ini, Traveler. Silakan hubungi kami melalui email atau feedback in-game untuk mendapatkan bantuan lebih lanjut tentang masalah ini.",2025-02-27 17:33:46,
6b3658a3-932d-45f8-95ee-947e66a0b553,Syakuur Abadi,https://play-lh.googleusercontent.com/a-/ALV-UjUCMAAimeYT3Gzx-AYrFGdWywt-AkZ6jvTTd0My0fbxKl-9Rd_N,We need 120fps for Android,1,0,5.4.0_30057195_30231699,2025-02-17 12:47:46,"Thank you for your constant support of Genshin Impact. We welcome any valuable input from you. If you have any comments or suggestions you would like to share, please feel free to contact our Customer Service team via the in-game feedback channel or email to help us improve the game.",2025-02-26 18:03:43,5.4.0_30057195_30231699
c511f0f7-e725-4b96-b773-01788c6a9536,Rendra Dwi Cahya,https://play-lh.googleusercontent.com/a/ACg8ocJEgI3WxUZcqVCWhRFxP4oHfSuVRAsxo1SaKP1JT8cZKr1D0A=mo,"Game nya bagus banget, aku suka banget sama ghensin impact, grapik nya juga hd, dan juga engga bikin sakit mata, banyak waifu cakep cakep dan tobrut jirr aku jadi sange makasih ya aku ngaceng teruskemarin aku main di hp lama aku ternyata meledak dan akhirnya aku dibeliin baru sama bapa saya, terimakasih ya ghensin impact jadinya aku dibeliin hp baru, lop lop you 🥰👏😍♥️",5,0,,2025-02-17 11:36:35,,,
e4a772b5-4a5f-4ea0-8575-7793a8c9191e,Dela Kesuma,https://play-lh.googleusercontent.com/a-/ALV-UjWe5NUdddlKjY1gRDEcRuB--8-dIlJiTURMcGGSt2TdihwRz8U,"Makin lama makin ngebosenin, kebanyakan char cewek",4,0,1.5.0_2574575_2578841,2025-02-17 10:31:50,,,1.5.0_2574575_2578841
6092e50e-cfd2-46e2-af93-9317db0b317b,Fuad Rifa'i,https://play-lh.googleusercontent.com/a/ACg8ocJy5TIvL704zStyCwu_eOhY5z2x8ghFRMFjaxDs1zU3Mh9pFA=mo,我购买的物品在哪儿？,1,0,,2025-02-17 09:47:35,,,
779ffaac-6f7e-439a-a453-cc9f31ec511e,Males Beut,https://play-lh.googleusercontent.com/a-/ALV-UjUEwwfOk_Tj6QeZCSlBWCDd0dHPh59gpX13eCtLeVb1b_puB2k,Game kikir,5,0,5.4.0_30057195_30231699,2025-02-17 09:45:00,,,5.4.0_30057195_30231699
5f8288fc-1296-41f9-a574-9a6547675e07,Sidik Pambagyo,https://play-lh.googleusercontent.com/a-/ALV-UjWyQIj2YE8hv4TEWcRrXz8UsThHlbdT70B-fP3y6lWyCYrdRaCS,"sering tiba tiba disconnect padahal sinyal wifi bagus padahal lagi quest mana udah panjang banget dialognya, kacauuu banget lah",1,36,5.4.0_30057195_30231699,2025-02-17 09:18:34,"Kami mohon maaf atas permasalahan ini, Traveler. Silakan hubungi kami melalui email atau feedback in-game untuk mendapatkan bantuan lebih lanjut tentang masalah ini.",2025-02-26 18:06:27,5.4.0_30057195_30231699
f99cbde6-7bc5-403b-993a-2602e931ba2f,Gilang Ramadhan,https://play-lh.googleusercontent.com/a/ACg8ocLn976BTP9TtWSSAzyCyNYMq7wAzRIl-ICd50CDss1-pJum8g=mo,Aku sukaa game inii,5,0,,2025-02-17 05:03:07,,,
9e39bacb-0bae-4451-87fa-3a15643b4008,Fadhly P N,https://play-lh.googleusercontent.com/a/ACg8ocKgh9pq86TbsDvMkd0AyxA176Zm6TRHpKse5pZNxqHvp6LXeX4=mo,Kebanyakan karakter cewek datipada cowok awas aja il capitano ga playable mending pensi kebanyakn karakter cewek dikira wibu apa,1,1,5.4.0_30057195_30231699,2025-02-17 01:44:04,"Terima kasih atas dukungan Anda terhadap Genshin Impact, Traveler! Kalau Anda mengalami kesulitan apa pun yang berhubungan dengan Genshin Impact, silakan hubungi kami melalui email atau feedback in-game untuk mendapatkan bantuan.",2025-02-26 18:06:18,5.4.0_30057195_30231699
3f8b289d-2795-4d05-aaa8-bb195b0e9bcd,Angel Kim,https://play-lh.googleusercontent.com/a-/ALV-UjXdYstnS7xcP9zTybiadg4X5fzfwoaibtX5ARipHOEzM24xN2fv,"bagus ini game, cuma saran aja si dengerin masukan para player, apalagi player cewe banyak yg minta masukan ke hoyovers buatin character cowo lebih banyak, meski kebanyakan yg main cowo, tpi setidaknya kasih keadilan, jangan cewe trs yg dirilis",5,1,5.4.0_30057195_30231699,2025-02-16 23:35:47,,,5.4.0_30057195_30231699
89e353fc-9e6e-4f8a-8c3b-4a09628efcff,Jagad Dhika,https://play-lh.googleusercontent.com/a-/ALV-UjW0j4Yv5wbY2RdM7r7544PNA6onnsLydvKrlUxIiIaGNn-ivNk8,Tolong pindahkan tombol buat pecahin freze ke tombol normal attack aja soal nya jadi susah kalau harus pindah jari di tambah tombol yang kecil jadi kadang gak ke klik dan hasil nya karakter mati karena gak bisa gerak kena freze di tambah damage cc musu dll.,4,6,5.4.0_30057195_30231699,2025-02-16 23:00:25,,,5.4.0_30057195_30231699
aa3badaa-618d-4594-94ac-d8e65943e240,L Chan,https://play-lh.googleusercontent.com/a-/ALV-UjWTl-_INu3-MudhK65a-oI3VoJ2KlkiAjielR3G7bbfmQ1SHoWZ,"Tired of games feeding into goonerbait, Natlan downgrade parah dari segi story dan design karakter. Siapa sangka gua akan ada ditahap malu main Genshin 🙏 Fontaine 🔛🔝 sorry, story bagus, design chara cakep² apalah ni Natlan makin sini cuma ngasih makan fanservice incel, jelek bngt. Udh chara cweknya jelek, chara lakiknya makin sini makin gaada. Males kali gua.",1,1,,2025-02-16 22:54:42,,,
1ec78923-a1d2-45fa-8a54-24d5d4267927,Achmad Move It,https://play-lh.googleusercontent.com/a-/ALV-UjVvVBIPtrj4nf8Sv1nkgCUAovoghHrF2RQVIUXjexhIW3i7UDty,Open World Terbaik!,5,0,5.4.0_30057195_30231699,2025-02-16 22:53:01,,,5.4.0_30057195_30231699
e5f81329-5fc8-42b5-9f30-c51351b6cb8b,Nge Tes,https://play-lh.googleusercontent.com/a-/ALV-UjUZdxilUYWerX_GzueWMQRmkC7lZSXoOysL_IwemCRnEUknAXVl,virtual nya manjain mata banget tapi memorinya itu lohhhh😵‍💫😵‍💫😤😤😤,3,0,,2025-02-16 22:37:00,,,
3dc8ae4c-dcdb-49c9-8bcd-a227951da1d0,Angga Risky F,https://play-lh.googleusercontent.com/a-/ALV-UjVkDRDUegaR_PwKQeEL9F-LIwsxnhhFuU5uqKozqpZzdmmoO1vd,gacor kang,5,0,,2025-02-16 22:35:06,,,
2cb6016d-4651-4327-9221-979287cf47c5,Alvaro Carranzo,https://play-lh.googleusercontent.com/a/ACg8ocIb389aAiFVdplz_kEBXvP1DTFQQ74SYhzlFwyJUMFOwrjbiw=mo,Malah suruh download data 31gb ... Ngawur cik😹😹,1,0,,2025-02-16 22:33:38,"Terima kasih atas dukungan Anda terhadap Genshin Impact, Traveler! Kalau Anda mengalami kesulitan apa pun yang berhubungan dengan Genshin Impact, silakan hubungi kami melalui email atau feedback in-game untuk mendapatkan bantuan.",2025-02-26 18:05:42,
3b8f6593-a63f-43cf-821d-c30ed3de7e08,Ahmad Andela,https://play-lh.googleusercontent.com/a-/ALV-UjVDYDTliQVevzNGuKhqYXPL4-WlNxL4F5_CzZMJD6XIeBWIDSVG,Keren,5,0,5.4.0_30057195_30231699,2025-02-16 22:22:34,,,5.4.0_30057195_30231699
dc6f4660-2ec6-4c0c-8fbe-a0234303d92b,a_lovers,https://play-lh.googleusercontent.com/a/ACg8ocJkbisMy6o09vXhPWQgpuyDmNng4z4LcXyxgIj9s767kqdvIg=mo,"Saya kecewa dengan genshin sekarang ini, karna saat ingin masuk game loading nya lama dan ngabisin 2jam lebih cuman untuk mengunduh data",1,0,5.4.0_30057195_30231699,2025-02-16 21:45:42,"Halo, Traveler! Terima kasih telah mendukung Genshin Impact. Fungsi fitur pra-unduh adalah untuk memberikan player akses pada konten terbaru lebih cepat sewaktu versi terbaru dirilis. Jika Traveler mengalami masalah sewaktu pengunduhan, silahkan menghubungi CS kami melalui email. Kami akan memberikan bantuan/jawaban yang sesuai untuk Traveler.",2025-02-26 18:05:33,5.4.0_30057195_30231699
090f975a-7bf4-4658-a013-9c9baa657626,Rifky Ananda,https://play-lh.googleusercontent.com/a-/ALV-UjUS5UWTMaeVQC_9iMTha6PZfPCns8WSvPf9Xeg83Y-zK9VSJvwuzA,"GAME INI BAGUS BANGET, TAPI SAYA TOLOL, JADI PUZZLE NYA SUSAH, BANTUIN BANG",5,0,,2025-02-16 21:13:32,,,
457bb344-d858-4156-8ed3-8ca6a615a97f,Ahmad Riski Gaming,https://play-lh.googleusercontent.com/a-/ALV-UjUGvD1BF8tzvbZH57G0tkV04dQ7WtmI8m6N-A6dJ9WN2i9fET-i,"Langsung aja Bintang 5 singkat, padat dan jelas",5,0,5.4.0_30057195_30231699,2025-02-16 20:52:30,,,5.4.0_30057195_30231699
2ec219b3-ac45-4320-9ae3-4c7dd0ad7607,Hades,https://play-lh.googleusercontent.com/a-/ALV-UjXp5P9kt6mR1rfHuQwigLDL5TugH2AxeyGZr-9ddAsqhJNQYUu7_g,Tambahkan fitur skip story dong!,3,0,5.4.0_30057195_30231699,2025-02-16 20:52:08,,,5.4.0_30057195_30231699
f57e574d-e5d2-4946-a32c-11e5e99be4be,Heee Noo,https://play-lh.googleusercontent.com/a/ACg8ocKnY1RpBaagr43cDAG9bb_Q4h-tGQXczoR9zMuxn4f78uEXIw=mo,dadi segi game play sih bagus semua tpi untuk gachanya busuk bnget masa iya harus pity 80+ baru dpet char b5 apalagi dpetnya qiqi,5,0,,2025-02-16 20:48:14,,,
1719b9e1-c038-49eb-b9cd-afc4a28283db,Aloysia Alfagrace Ying,https://play-lh.googleusercontent.com/a-/ALV-UjWI-bbqEyoJKw_DuT5Bk6fm8bjl1RtfOjDUcJtqz94JFZbP2q7i,Update and everything just disappointing. Fountaine is peak.,1,2,,2025-02-16 20:43:44,"We sincerely apologize for your unsatisfactory experience, Traveler. If you have any feedback or suggestions, please send us an email or contact Customer Service via in-game feedback to help us improve the game.",2025-02-26 18:04:34,
1ba84413-474e-4d75-9477-ed3d8263f9a0,Adli Hidayat,https://play-lh.googleusercontent.com/a/ACg8ocJbMCWaHd-ua1haDXzGd7TPnu5RiXcGpgFGZQtoqTUM8ynDQw=mo,stop yapping bruh,1,0,,2025-02-16 20:19:09,"We sincerely apologize for your unsatisfactory experience, Traveler. If you have any feedback or suggestions, please send us an email or contact Customer Service via in-game feedback to help us improve the game.",2025-02-26 17:53:06,
c151b0e5-cfd3-46d5-af3c-2c82d687991c,nadira noor aisyah,https://play-lh.googleusercontent.com/a-/ALV-UjVqozQ8WnJWLxpvn5PntfqqBnjfrcPeNxWT3SgnAUBINOU9q9Q,Baguss 😆😆,5,0,5.4.0_30057195_30231699,2025-02-16 19:54:21,,,5.4.0_30057195_30231699
f43ee07d-353a-42b3-9322-82df9caf5f7b,Erlangga Rifandani,https://play-lh.googleusercontent.com/a-/ALV-UjXANVCYLu2EXbjXhDzW-JBAA0E9VrL159mBNVN-GlCIX9Yq48U,Karena Paimon imut jadi ku kasih bintang 5,5,0,5.4.0_30057195_30231699,2025-02-16 19:48:24,,,5.4.0_30057195_30231699
9f63c5ed-0085-4032-b253-41533a38c1d6,Adilagung P,https://play-lh.googleusercontent.com/a-/ALV-UjXNTNYyoGZJoRcWscYzfIphciGNpW5hd0lLGRokGkFkTbk2Nuyk,Game yang mantap,5,0,3.4.0_12498014_12591909,2025-02-16 19:47:50,,,3.4.0_12498014_12591909
fbc6ce51-f5bd-4731-8a47-f2804a78f77d,LennonArdian,https://play-lh.googleusercontent.com/a-/ALV-UjX5xqseFBLKnt6EI_ZQJ7KwORJt9YuPXLr0kBrV0CLNC4QMDCLX,woy gachaku,4,0,4.0.0_16983586_17100363,2025-02-16 19:42:02,,,4.0.0_16983586_17100363
77184f84-62f3-4b3a-b649-831a8a8e3e68,Rama Official,https://play-lh.googleusercontent.com/a/ACg8ocLWhToaKftKokfvJrMJ3GRd7JH4Pdm52nVf70JMTlCxt6a4aB0=mo,"game ampas ga ada fitur skip story, udah gitu ga pernah collab sama karakter lain",1,20,5.4.0_30057195_30231699,2025-02-16 19:38:16,"Terima kasih atas dukungan Anda terhadap Genshin Impact, Traveler! Kalau Anda mengalami kesulitan apa pun yang berhubungan dengan Genshin Impact, silakan hubungi kami melalui email atau feedback in-game untuk mendapatkan bantuan.",2025-02-26 18:02:21,5.4.0_30057195_30231699
99e64edd-8ad2-4035-b96e-bd9b1580589f,Galang Anarking,https://play-lh.googleusercontent.com/a-/ALV-UjVES3Wnel8Ec1lC3xdK_q6bo7pvfljmrcf4ttIRQFUsQD7P4KE,Good,5,0,5.4.0_30057195_30231699,2025-02-16 19:33:59,,,5.4.0_30057195_30231699
2a7ddb4a-1940-4819-9144-22f0eeb01f70,White Gatto,https://play-lh.googleusercontent.com/a-/ALV-UjVQNum772X0u8o0RjElLFbWC_3Yh1NaSZoWtxXATphv4phHcodk,"Terlalu banyak yapping gak penting , tombol skip dialog gak ada jadi buang-buang waktu.",1,8,4.5.0_21307647_21321795,2025-02-16 19:15:33,"Terima kasih atas dukungan Anda terhadap Genshin Impact, Traveler! Kalau Anda mengalami kesulitan apa pun yang berhubungan dengan Genshin Impact, silakan hubungi kami melalui email atau feedback in-game untuk mendapatkan bantuan.",2025-02-26 18:02:17,4.5.0_21307647_21321795
ba36250a-16f2-4a86-81f7-dbe0cc0d0b89,Beras Humor,https://play-lh.googleusercontent.com/a-/ALV-UjVyReouolFzEn9CnUjM8w6zLBkt4GMK2TyiOsVF10JNYF3uV9Q,"Game bagus grafik indah, tapi tolong lah kalo gacha karakter tingkatin hoki nya, kanapa gitu harus mentok pity?",3,0,5.4.0_30057195_30231699,2025-02-16 19:08:52,,,5.4.0_30057195_30231699
08ebfab2-9c17-441e-ae10-d74adf1b1257,Rùñæ,https://play-lh.googleusercontent.com/a-/ALV-UjVf-wvk-SbaLU96jVoOrKSvk9f6qUFxhWO07XR7q84_6o7rqFWt,GAME KONTOL,1,0,,2025-02-16 17:26:15,"Terima kasih atas dukungan Anda terhadap Genshin Impact, Traveler! Kalau Anda mengalami kesulitan apa pun yang berhubungan dengan Genshin Impact, silakan hubungi kami melalui email atau feedback in-game untuk mendapatkan bantuan.",2025-02-26 17:52:51,
713b5470-b486-42b8-b347-368e5567cd74,Cedric Siburian,https://play-lh.googleusercontent.com/a-/ALV-UjUkw6YFh3VeRSaIhB3r0OUiWRBBhlVEM1adOmi52nc60mPSF4kk,Game yang sangat bagus,5,0,5.4.0_30057195_30231699,2025-02-16 16:57:37,,,5.4.0_30057195_30231699
b7f90702-274a-4e4c-bbb1-ec66ae6dd231,Nameless Person,https://play-lh.googleusercontent.com/a/ACg8ocIAjxxl_Br_zy3Ep7adIduPZVov2gfZO2u0O6QqKWb-M-Sp4w=mo,"game gooner, karakter cowoknya dikit, mana banyak fanservicenya. ga usah ngelakuin rencana b lah, Hoyo, makin ngawur aja",1,2,5.4.0_30057195_30231699,2025-02-16 16:42:11,,,5.4.0_30057195_30231699
a79474d2-9342-4d61-963e-c141cada13c6,Satrio Klono,https://play-lh.googleusercontent.com/a/ACg8ocLpWAk-9wlPFU5eJTzPjYKC_ZxqOpmIMyoC8AaO0nnDVxT9AA=mo,Loding nyalama tapi grafik nya bagus,4,0,5.4.0_30057195_30231699,2025-02-16 16:27:10,,,5.4.0_30057195_30231699
ea5e6c10-e0a8-4450-a49b-5b4f54ea4649,Rian dani,https://play-lh.googleusercontent.com/a-/ALV-UjX-GAkb6WMMjWMXbsshfMl_3AmxF-hzE7PdEVnGYV2upihON7SP,Baguss gw samsung a55,5,0,5.4.0_30057195_30231699,2025-02-16 14:49:00,,,5.4.0_30057195_30231699
a81827f5-0659-4c65-a1f5-5e780d7a96e6,Pae Joe,https://play-lh.googleusercontent.com/a/ACg8ocIhxZnNYn-k3klTR5JxBDKPrqUXuqr9TP899TRqU0RNBnPUgw=mo,QOL JANGAN KIKIR JUGA!!!!,1,0,,2025-02-16 14:33:33,"Terima kasih atas dukungan Anda terhadap Genshin Impact, Traveler! Kalau Anda mengalami kesulitan apa pun yang berhubungan dengan Genshin Impact, silakan hubungi kami melalui email atau feedback in-game untuk mendapatkan bantuan.",2025-02-26 17:51:04,
0af18f29-ab20-449f-881f-c2e9c17bad8b,alya khusna,https://play-lh.googleusercontent.com/a-/ALV-UjU2qPmout-QwkBm5u2oqqeQXE6BvQ-nww_BAAJGhcrNFvyqcLw,Bagus bet gamenya sering sering update aja gw gk sabar nieh.,5,0,5.4.0_30057195_30231699,2025-02-16 14:28:26,,,5.4.0_30057195_30231699
917ee0c1-fcd9-45a2-9b32-4fc8d55faf1d,Akun ML BB,https://play-lh.googleusercontent.com/a/ACg8ocI_wG3xM4hBun9LJfqzbZqsn_LD6aBlvjSIdk-pTgE8_Gcv5g=mo,Dari segi story sudah bagus tapi kalo bisa gamenya jangan pelit pelit ya kalo kasi reward,5,0,5.4.0_30057195_30231699,2025-02-16 14:02:01,,,5.4.0_30057195_30231699
96c891cb-7245-41be-97ef-83e2678a68c4,L. wIbU,https://play-lh.googleusercontent.com/a-/ALV-UjVcaZYEvlFCrQnwOUWijqFTQZx9E3UaLSSYKRrvwvezplJlBtA0,"Bagus banget mulai dari cerita dan desain character, menjadikan furina istri saya😘",5,0,5.4.0_30057195_30231699,2025-02-16 13:58:38,,,5.4.0_30057195_30231699
a8ca8502-d0f7-4a7b-8aae-f92df5e49abf,Saip Bobot,https://play-lh.googleusercontent.com/a/ACg8ocIHT5pi8jKpTiXKJCS6vlnGLZdlhCz7j-50Jc1__Z389ivk1g=mo,Nice,5,0,5.4.0_30057195_30231699,2025-02-16 13:10:11,,,5.4.0_30057195_30231699
75f4d30e-ec03-4169-8815-924f25d0dbc3,Adf Fda,https://play-lh.googleusercontent.com/a/ACg8ocLfE0M5y0myEpb0icJLffHYniRrYCdgbCtWZUZdGlptuRssBA=mo,Gblk tebel banget nya,1,0,,2025-02-16 12:16:40,"Terima kasih atas dukungan Anda terhadap Genshin Impact, Traveler! Kalau Anda mengalami kesulitan apa pun yang berhubungan dengan Genshin Impact, silakan hubungi kami melalui email atau feedback in-game untuk mendapatkan bantuan.",2025-02-26 17:50:33,
0589ad47-0743-4697-961f-155f58f34a83,Rudin Din,https://play-lh.googleusercontent.com/a/ACg8ocJWuRzXWR61UzmR9feijnpjcPXJyK4VZ9FPb7uFxmJ1PZoVgQ=mo,Karna loginya lama jadi saya hapus,1,0,5.4.0_30057195_30231699,2025-02-16 12:12:30,"Halo Traveler! Mohon kunjungi website official Genshin Impact untuk mendapatkan informasi sistem perangkat yang diperlukan untuk mendapatkan pengalaman bermain yang stabil dan lancar. Selain itu, untuk menemukan sumber permasalahan ini, mohon hubungi tim CS kami melalui feedback dalam game atau email.",2025-02-26 17:53:30,5.4.0_30057195_30231699
a645f860-7c63-4601-9819-0da5cef409c3,Khalid Jafrisall,https://play-lh.googleusercontent.com/a/ACg8ocKNUoLVynaOF-GynOXlIOqQSJ-v6DMLB1tJwzDZDtK8GZZh31Q=mo,Alur cerita yang bagus dan grafik yg hd👍,5,0,,2025-02-16 11:43:36,,,
721106fa-4dd2-47ea-be6c-7753d7c11416,Sevilla Zarin,https://play-lh.googleusercontent.com/a-/ALV-UjUpRLTg9uF7w_4LFqOYbzoujjjzE5GhkI2ccDciiySmso8ZW5pv,wanderer ganteng,5,0,,2025-02-16 11:14:44,,,
9eac8589-40a4-48c8-a7ae-946e4e55a370,Dea Amanda,https://play-lh.googleusercontent.com/a-/ALV-UjUcdGGDilwnLmBAXss9isVzhxJL6zC1TkWXTuxcTygDyz4TOmz9,"Update yang semakin buruk, menjadi lebih banyak karakter perempuannya, lalu baju mereka terlalu seksi/terbuka. Especially, varesa, sebenarnya dia lucu sekali tapi roknya begitu pendek..? dia seperti tidak mengenakan celana pendek dan hanya mengekspos bagian bawahnya. Lalu, jika memang natlan adalah nation of war/tempat yang panas, setidaknya design dari karakter natlan ini berpakaian yang sewajarnya, contoh seperti mualani, kinich, ororon, dan mavuika.",2,0,,2025-02-16 11:00:55,,,
a61ff1e6-7da2-465f-9168-38f171c42226,HAYA BUSA,https://play-lh.googleusercontent.com/a/ACg8ocKaU7Anfwi72ZqxazubWrPfFGm2aaLFmCz-i2kiHRZzd1FggQ=mo,Bagus,5,0,5.4.0_30057195_30231699,2025-02-16 10:41:12,,,5.4.0_30057195_30231699
1d4e083f-fd48-4ab2-b4fc-aa1050bbba99,Andri Prasetyo,https://play-lh.googleusercontent.com/a-/ALV-UjWyg7CZRss3uUO7eA9Eptk3XovKu6cmWOoCGz7DRJE1O69iJ5Gm,"lama lama bosen main inih, grafik nya udah cukup bagus,tapi sejak ada natlan kenapa desain2 karakter menurun? desain di fontaine lebih menarik dan lucu, hoyo baca ini pls🙏",3,0,3.7.0_14806628_14807925,2025-02-16 10:25:12,,,3.7.0_14806628_14807925
e0c681d6-8626-497a-abf3-a426968ca687,ZYREX Sky,https://play-lh.googleusercontent.com/a/ACg8ocKAWzR5ZpqhiUpbE6HVdMbvSViD8VhTUwb4I6MZYM8Q0kzO5A=mo,Game yg gue suka,5,0,,2025-02-16 10:16:41,,,
4a809614-7286-4575-81cc-38e7b96025c7,Ahmad Nabil,https://play-lh.googleusercontent.com/a-/ALV-UjUiF8qC_f-qZxFdon4wZOxsUVAnHaM4FKn9jOUMuQMdk0lJhG12,ubur ubur ikan lele... lumayan lee,5,0,5.4.0_30057195_30231699,2025-02-16 10:06:22,,,5.4.0_30057195_30231699
83f035cb-2c4d-476d-b84b-bce34525226a,Farel Adiana,https://play-lh.googleusercontent.com/a/ACg8ocLzDwn6ccM6RyUBec0ZMKfkpdQSu9ZpQMQ1uhJAy-VSDWGpWA=mo,Banyak sekali dunia nya,5,0,,2025-02-16 09:53:06,,,
7325cc8f-d5ea-41f8-ba5f-22a0c044f021,Akhd Sam09,https://play-lh.googleusercontent.com/a-/ALV-UjUxAi24Kvh3a9a7gqz0EhJceCjZnrvkBJtFjeho295TSsq6oDo,luar biasa ini game ..,5,0,5.4.0_30057195_30231699,2025-02-16 09:21:18,,,5.4.0_30057195_30231699
7b9233d0-88e0-4935-a248-578ada5be8a9,Reyhan Saputra,https://play-lh.googleusercontent.com/a-/ALV-UjUbjd2gJojk8KWU1Fh7rdb0ZoQFbBjd4YIvvtgczohbzjbKuv4,Bagus tapi loading nya lama 😭😭😭,5,0,5.4.0_30057195_30231699,2025-02-16 08:56:50,,,5.4.0_30057195_30231699
3f29adc0-6b3b-41b5-93e7-7147f5269564,rudi ansyah,https://play-lh.googleusercontent.com/a-/ALV-UjVBLr-faJQnmT9IWz1XtAD9yHt7A3AbQowpWyEoQcHPvTgGuKnE,Mantap sekali gamenya,5,0,5.4.0_30057195_30231699,2025-02-16 08:48:42,,,5.4.0_30057195_30231699
4bda2144-a3c6-4cd7-914b-70953f267542,Adie Pramono A.,https://play-lh.googleusercontent.com/a-/ALV-UjUZKdXNnvIoNiSOqfYG-fawtOYvFJQRFXH5OGdmlgCTDNnb8g_8,"Gamenya bagus, menarik",5,0,,2025-02-16 07:54:05,,,
99e23a82-f7be-40f0-8087-bf35012dd14f,Ricardo Tenda,https://play-lh.googleusercontent.com/a-/ALV-UjWEptnyU-OwMOSxOIWlRKzEOO9P793ge8ZJvYDx8pBzYNnhvvrX,Game yg pling sya suka tetapi loading nya sngt lama tpi visualnya sgt keren,5,0,5.4.0_30057195_30231699,2025-02-16 07:44:59,,,5.4.0_30057195_30231699
63fc6b3d-1630-46b8-b313-99806b7a6e3a,Afrizal Afrizal,https://play-lh.googleusercontent.com/a/ACg8ocKqGiGoohnzK_701x5NPkCXbmLDWOZjn2E8SnFYaDw5V2qV9A=mo,Wangi,5,0,5.4.0_30057195_30231699,2025-02-16 05:05:28,,,5.4.0_30057195_30231699
c2026bf4-e504-471f-8974-5a10ca961abe,Zayanah Zarli,https://play-lh.googleusercontent.com/a/ACg8ocKWcx8c4ptG9Jr3YEQpB1WersgSbGu2MUcPoxAmB2OQXJkidQ=mo,so good,5,0,1.1.1_1437351_1398019,2025-02-16 04:43:25,,,1.1.1_1437351_1398019
bbfb052d-b4bb-420b-a25f-2a0496b82fa6,Andry Pratama,https://play-lh.googleusercontent.com/a-/ALV-UjXj1c6W6tZ1ULGsF47GcotDgGCLUO9SiC60wuaLdCgju6NuoOzS,Mantap,5,0,5.4.0_30057195_30231699,2025-02-16 01:44:07,,,5.4.0_30057195_30231699
a5976d58-156b-4ec2-8eda-647e62d60c1e,akun google,https://play-lh.googleusercontent.com/a/ACg8ocLNZfC0cTjpgAnJwDzLBHQrCqeP-H-TtlZP68CTwJ5vYYAJGA=mo,sangat bagus,5,0,5.4.0_30057195_30231699,2025-02-16 01:25:52,,,5.4.0_30057195_30231699
66dc4487-b41c-4ab2-ab94-0ff0692595b0,garuda pancasila,https://play-lh.googleusercontent.com/a/ACg8ocK55fVdsLD9JLvq4rZkftcCcnOVfYOYXdFjPys5aJpC8K_bJA=mo,Buat fitur skip jika ingin game kembali ramai pemain. Yakin saya jika ada skip maka banyak peminat yg main kembali game ini.,1,0,,2025-02-16 00:52:38,"Terima kasih atas dukungan Traveler terhadap Genshin Impact. Kami menerima secara terbuka semua masukan/umpan balik dari kalian. Jika Traveler memiliki saran atau masukan, jangan ragu untuk menghubungi kami melalui feedback in-game atau email.",2025-02-26 18:00:39,
f939631b-fa39-44f9-af08-9ace5de2f589,Hendra Gunawan,https://play-lh.googleusercontent.com/a/ACg8ocL2wqN8vm_QvAE854kmbq_lGk4ee1iKqteEX1l0Jn5507hKFb8=mo,keren,5,0,5.4.0_30057195_30231699,2025-02-16 00:37:46,,,5.4.0_30057195_30231699
2a8e6dfb-7d50-4925-b457-554247ee325b,Dimas Adi Pradana,https://play-lh.googleusercontent.com/a/ACg8ocJepqAEjGeKIXQJFKFERXq0Bv1HMdFef0gxXYLnl4gH02LaLok=mo,"Gua heran sm ini developer sesusah apa bikin kustomisasi tombol nyampe versi 5.4 ga pernah dibikin udh tombol kecil""...tolong lah dibikin, lebih bagus lg kasih tombol SKIP dialog, karna kebanyakan story di ini game CRINGE dan ga semua org nikmatin story modelan kek gini...",1,29,5.4.0_30057195_30231699,2025-02-15 22:42:20,"Terima kasih atas dukungan Anda terhadap Genshin Impact, Traveler! Kalau Anda mengalami kesulitan apa pun yang berhubungan dengan Genshin Impact, silakan hubungi kami melalui email atau feedback in-game untuk mendapatkan bantuan.",2025-02-26 17:56:53,5.4.0_30057195_30231699
979b8801-4238-4c98-823b-4481e4aa57cf,Fauzi Amri,https://play-lh.googleusercontent.com/a/ACg8ocKKq2x4hBZcQG_K5Emg9Kp3nrMXvdcsjYTU5xUNArtIG0p-Qg=mo,Bagus👍,5,0,5.4.0_30057195_30231699,2025-02-15 22:17:24,,,5.4.0_30057195_30231699
e7a88bc5-1ce0-423e-a9af-4c8f80e6a40e,CALVIN 81,https://play-lh.googleusercontent.com/a-/ALV-UjUhPV0Kxdp9GtN8LjNLgoamArr-6wzzrORaAFSK5ble2cROmFEU,"Spiral abyssnya rasis region natlan, aku yg ga punya char natlan selain ororon sama kachina ga bisa full star, spiral kali ini. Apa daya yang cmn punya banyak karakter Fontaine sama Liyue",2,2,5.4.0_30057195_30231699,2025-02-15 22:17:18,,,5.4.0_30057195_30231699
8a894d77-a825-400d-aa6e-49a1cb333b17,Natasha Nurhikmah,https://play-lh.googleusercontent.com/a/ACg8ocL48FzoypskuC3HSoABnOBW0I0QTpJaSigEUKKWlUQ4oimOlg=mo,"Tolong dengerin complainan fans. Banyak banget karakter yang fanservice akhir² ini. Karakternya terbuka banget. Belom lagi masalah whitewash di sumeru & natlan. Mrk terinspirasi dr amerika latin/afrika/negara timur, kenapa putih amat kyak kertas? 1 lagi, kenapa ada karakter yang keliatan/emang anak kecil. Mana karakternya cwe semua, ketauan bgt nargetin siapa. Di gamemu banyak org aneh, jgn aneh² deh. Gameplaynya seru si, tinggal itu aja.",1,1,,2025-02-15 21:40:03,,,
d4151815-7c89-414f-995b-7fab0f39376e,myuelii,https://play-lh.googleusercontent.com/a-/ALV-UjXHxg-_qpF3mSHi_n3NkVp_X4Pvb3_eDX0qnnWgcQ2ZYibupcc,Are ya having a downfalls or what genshin?? What happened after fontaine bro 😭🙏🏻,2,1,,2025-02-15 21:12:57,,,
1639b3c1-e511-43e0-b970-e349af1496e2,irfan Setiya,https://play-lh.googleusercontent.com/a-/ALV-UjUxV8dl2I-e9YBP9ViSmW79PKm_uwHQVEHaKo51Kt76Se0puEc,"banyak² kasih hadiah lah, dasar kikir",5,0,5.4.0_30057195_30231699,2025-02-15 21:11:29,,,5.4.0_30057195_30231699
09e38749-dd08-45da-9d36-4785ede3755f,Natasha 09,https://play-lh.googleusercontent.com/a/ACg8ocIHAgh2r4gpPDV2cwPDbZiK9_ZeBl7ohZ2RX54otGRkK79Hog=mo,loadingnya lama (gara² wifi sendiri tp bodoamat ngeselin bgt) ngedownload data doang sampe antara 2/4 jam jir🧍‍♀️ btw sarannya mendingan namanya diganti jd download impact mks,1,0,,2025-02-15 21:09:52,"Terima kasih atas dukungan Anda terhadap Genshin Impact, Traveler! Kalau Anda mengalami kesulitan apa pun yang berhubungan dengan Genshin Impact, silakan hubungi kami melalui email atau feedback in-game untuk mendapatkan bantuan.",2025-02-26 17:54:21,
0aaa99cc-658d-4c44-ae42-78af76476053,Budi nugroho Eko,https://play-lh.googleusercontent.com/a-/ALV-UjWPgVJRG9lT0IGgo304RAfYb6ixPmgzykHyM5iJwGXOjCQGJF8,Seru banget,5,0,,2025-02-15 21:07:09,,,
401509c2-7a65-40d7-93db-b3a233874672,Zeroun Sulaiman,https://play-lh.googleusercontent.com/a/ACg8ocJ9lEhTgBMgCLV-wyJoaBkE71F12tSoseSlkkJc8V0wcR3mnQ=mo,tingkatkan lagi 👍,3,0,5.4.0_30057195_30231699,2025-02-15 20:59:28,,,5.4.0_30057195_30231699
34adb088-67b6-4489-b6d7-0ce2f95a5be9,Arthurrz,https://play-lh.googleusercontent.com/a-/ALV-UjXE6CCwg5w3Oo70GgtrGDoBXZ8g_9V_ZzqfoPTz-Li0SpD2cmXx,"Mantap karakter nya montok dan tobrut,yang tepos jelek",5,0,,2025-02-15 20:55:16,,,
a7069fb4-a1c5-4704-8b3e-573294539442,Faeyza Ghanim,https://play-lh.googleusercontent.com/a/ACg8ocLZ1ZtwLQRA4fQJXtHzKMFTccXsYnouKqQfwD7lJ8TgD-Bi1w=mo,Game nya bagus dan grafiknya,5,0,5.4.0_30057195_30231699,2025-02-15 20:18:06,,,5.4.0_30057195_30231699
138b2802-2603-4d35-88cc-8d5f1aeeabba,Ra Apriliani,https://play-lh.googleusercontent.com/a-/ALV-UjUhhDQAEbDd8Z_D3hicBOSURAdgEg4beil-LDYrl2fSZ8bxpVw,"Semakin ga jelas sejak Natlan rilis, terlalu banyak oversexualized character cewek.. BERHENTI MELECEHKAN KARAKTER PEREMPUAN!! minim screen time character cowok dan ga rilis character cowok baru. Dan yang terpenting, Developer tidak mendengar keluhan pemain!",1,7,5.4.0_30057195_30231699,2025-02-15 19:50:55,"Kami mohon maaf atas ketidaknyamanan yang Anda alami, Traveler. Kalau Anda memiliki masukan atau saran, silakan hubungi kami melalui email atau feedback in-game.",2025-02-25 17:56:41,5.4.0_30057195_30231699
3e58658a-32b0-47b9-9e43-745e3ead1320,bagus eko,https://play-lh.googleusercontent.com/a/ACg8ocJGnbRkAqUiyCjbdJAXQTEeELeLGexsdHMzaA55cQEHAhhOMQ=mo,"4 tahun gak punya fitur 'skip' size lebih 100gb animasi qol gitu gitu aja dan masih bangga dengan rumput gosongmu,pengen farming pakai karakter ini, pengen renang pakai ini,,",1,4,4.3.0_19705728_19706476,2025-02-15 19:49:30,,,4.3.0_19705728_19706476
6886c5e7-b556-4ff5-b5a3-6bc4a1e8f24f,Raja Asia,https://play-lh.googleusercontent.com/a-/ALV-UjV_b3p9JWH4H9-Rz_ACX-L9YojbKV2ZTRtpNlYk32oBOiwKMa4,Game kikir,1,0,,2025-02-15 19:03:09,"Terima kasih atas dukungan Anda terhadap Genshin Impact, Traveler! Kalau Anda mengalami kesulitan apa pun yang berhubungan dengan Genshin Impact, silakan hubungi kami melalui email atau feedback in-game untuk mendapatkan bantuan.",2025-02-26 17:49:35,
0d2bdeab-877f-4b0c-bfcc-641e275a8173,andi andi,https://play-lh.googleusercontent.com/a/ACg8ocJHilEV9U3K7xs5m_9-GZy6cdbAex_IjlpMGhfc6Me0FSWdIw=mo,Awal awal saya cuma coba coba lama kelamaan kok enak,5,0,,2025-02-15 18:48:09,,,
134e8200-5c94-4105-9964-296dc6743fa5,Nabil Serepet,https://play-lh.googleusercontent.com/a/ACg8ocJIvxyFxXWTnDrKIh2PDe05Ib0-MOqiciKfd3fBi9HONbEVrA=mo,Tolong developer terhormat di jaringannya agak berat tolong di optimalkan lagi karna saya pake paketan data,3,0,5.4.0_30057195_30231699,2025-02-15 18:38:47,,,5.4.0_30057195_30231699
7dc1162c-4c3a-4545-96b4-ae08ec653132,Imam Bonjol,https://play-lh.googleusercontent.com/a/ACg8ocJCiIf-sz6cK2MqVMdfq0xE0Tc5ZpyOQYMdYMf7BsNEwunOpg=mo,"Akhirnya karakter yang bisu sekarang berbicara, walaupun ada beberapa karakter lain yang bisu setidaknya ada karakter yg berbicara.",4,2,5.3.0_29183395_29332470,2025-02-15 17:58:33,,,5.3.0_29183395_29332470
63fd1dbd-4d86-4a56-8a47-5d7eccff20a3,Shakira Arief,https://play-lh.googleusercontent.com/a/ACg8ocLllkFSb3mSQ6xfg0fARue2dp_RDUY1egEOUW-zmmvNvIShjw=mo,"game nya bagus hehe~, memiliki grafik yang santai dan quest yg gak masuk akal, character yg menarik...aku pengen klee",5,0,5.4.0_30057195_30231699,2025-02-15 17:47:35,,,5.4.0_30057195_30231699
d2f6f1a6-f50a-4717-9b13-d3e1327d7827,Xiao Ciao,https://play-lh.googleusercontent.com/a-/ALV-UjXIZvVBt1LOxwQOpW9JfCePBNsqJnpuxvx_2haoNNmbyBpFSdf5,"Varesa bikin gue pengen pensi dari ini game. Bayangin lu yg berjuang, lu yg dianggap murah sm banyak orang. Nah itulah yg terjadi sm Iansan! Varesa yg cmn dikenalkan sm Mavuika karna byk makan dan dia yg jadi B5? Normal atk cmn buat org sangean! Ga mutu! Coba telaah lagi lore yg lu bikin, itu yg bikin gue bertahan selama 5 tahun ikutin story dan ngehargain chara sendiri aja gabisa!",1,5,5.4.0_30057195_30231699,2025-02-15 17:47:07,"Terima kasih atas dukungan Anda terhadap Genshin Impact, Traveler! Kalau Anda mengalami kesulitan apa pun yang berhubungan dengan Genshin Impact, silakan hubungi kami melalui email atau feedback in-game untuk mendapatkan bantuan.",2025-02-26 17:58:30,5.4.0_30057195_30231699
b958fa65-521d-4c86-b56a-763172bcab00,YouDeadNot BMGO,https://play-lh.googleusercontent.com/a-/ALV-UjUgKTOfpXtw0NQ3ePSLJmXySiNFC-n8KNQdVroADJiBzsdFoKhhmg,"ya grafiknya lumayan bagus untuk di pc rata kanan, tetapi tolong tambahkan 120fps jangan mentok 60fps",5,0,,2025-02-15 17:05:57,,,
58294170-fef6-46ab-af10-206a250c464b,Ardy Saputra,https://play-lh.googleusercontent.com/a/ACg8ocLxszo-HTVCdSDwXxBqNvrBRtoFyKD7CBqcSBzg2G2EvrbAFQ=mo,Game yang beraaat u diuninstal Kalau ada yg tdk suka kembali keselera. Happy gaming G I😁😚,5,1,,2025-02-15 16:58:16,,,
eaa75ee0-f9fc-45b9-9bba-5509669b56fb,Muhammad Sahid Hikam,https://play-lh.googleusercontent.com/a-/ALV-UjUszHZhm7r4P8I2gjtdGB74I-NoylSI0ywPnkYvIuZyqXnjx3vi,"TOLONG PERBANYAK FITUR DAN QOL, DENGARKANKAN PLAYER KALIAN",5,1,5.4.0_30057195_30231699,2025-02-15 16:48:03,,,5.4.0_30057195_30231699
89e58d4a-b8bf-4184-b339-d7b139142ff4,A M,https://play-lh.googleusercontent.com/a-/ALV-UjXQ7dGubAKiobabg9OQjQdFuUYrE1qYh2q8SQkZrKDRmhmrTZ9b,More QOL,1,1,5.0.0_26041933_26161852,2025-02-15 16:31:16,,,5.0.0_26041933_26161852
d881374d-b69a-47b2-b9a5-77954c7945c8,M. Tsany Wira,https://play-lh.googleusercontent.com/a-/ALV-UjU7XpWokcLObd_sFx6TZu6NCm_F7DD6W_N3gd-HFQIbpNNSxOM,Bagus,5,0,,2025-02-15 16:27:26,,,
1f10cf88-5688-4e75-b216-29d57cc0a2c0,Favian rifqi,https://play-lh.googleusercontent.com/a-/ALV-UjUefQYAvZiB8l8OwsLy7tyyeVjNKT84WdR__-kFPpPN-7bHDTX3,Game jelek,1,0,5.4.0_30057195_30231699,2025-02-15 16:15:09,"Terima kasih atas dukungan Anda terhadap Genshin Impact, Traveler! Kalau Anda mengalami kesulitan apa pun yang berhubungan dengan Genshin Impact, silakan hubungi kami melalui email atau feedback in-game untuk mendapatkan bantuan.",2025-02-26 17:48:38,5.4.0_30057195_30231699
339c2031-9ce5-4d69-9ce4-7e8cd2e44606,Alisha Wni,https://play-lh.googleusercontent.com/a-/ALV-UjWIju-cNgSG78JwsQGL82r8dweljLbt6C5mrd4sXLGV5YKkvCh5,"jangan kebanyakan update laa atmin, hp saya hampir tak sanggup 😔",5,0,,2025-02-15 16:08:05,,,
38bd39d0-419c-4da9-955b-8dbfef283899,Michael Steve,https://play-lh.googleusercontent.com/a/ACg8ocKojpN5nZSsiUl-_CJqGl2rwAzq2sFruEjy5Kpd23o-f89lpQ=mo,Game nya sangat bagus dari visual story dan character,5,0,5.4.0_30057195_30231699,2025-02-15 15:54:13,,,5.4.0_30057195_30231699
9eea2171-7b16-4d67-917c-e7b13cff6991,Ahmad Jaelani Azhari,https://play-lh.googleusercontent.com/a/ACg8ocJEV27wBU0CvNvX-hTEomoots_RPj7rUemmQ5NdI-nS_GW8-w=mo,Seru,5,0,5.4.0_30057195_30231699,2025-02-15 15:35:56,,,5.4.0_30057195_30231699
bffab072-4775-4ddb-9946-dc7836f7c828,Muhammad Adhitya,https://play-lh.googleusercontent.com/a-/ALV-UjUUcnjVMz7FfD5AB_EK7rVeF79pAidVtDxESNuZ9WE9kuGjiGWG,Bagus sih seru cuma pls Adain fitur skip story mihoyoo!,3,0,5.4.0_30057195_30231699,2025-02-15 15:27:15,,,5.4.0_30057195_30231699
f896fb13-b0af-4239-9c9b-268e595858f4,Reva akila Aska dina,https://play-lh.googleusercontent.com/a-/ALV-UjUYpR6ktfPPXX1DmIH2wtXo5Lg1hIrDCpPhxvubNWCtWgL6BU4,"Grafiknya mantap, tapi pas main pake wifi reconnect padahal wifinya lancar pas buka youtube, tolong jangan kek gini",4,0,,2025-02-15 14:19:17,,,
a20800fa-00fb-44a6-9c26-5b5a51a736ed,Arfan WF,https://play-lh.googleusercontent.com/a-/ALV-UjUkRmRVDXOsMTUn9TBg9zn7_aJSRHyzTVyyLvfeXQDbF5w75ZVH,gamenya keren cuma sizenya aja yg ga ngotak,4,0,,2025-02-15 14:06:24,,,
564d472a-f9f2-46d0-9927-4e50cf3e2e62,Ramad Hani,https://play-lh.googleusercontent.com/a/ACg8ocL9R-ig-nH6q2VuqEpVyd6h0gm7dOF2yF-79rkVtemR3kv87Q=mo,game nya seru sekali !!,5,0,5.4.0_30057195_30231699,2025-02-15 13:36:35,,,5.4.0_30057195_30231699
815ec2a0-405e-4f70-a611-7b1e677d345b,Maritza Talitha Diwa,https://play-lh.googleusercontent.com/a-/ALV-UjVep3XXBYJHAayJPvt3WGQT1wXNPrZrttJkhtmTA5ou4VbRxkhXjg,"Semenjak trailer natlan rilis udah gasuka banget beda banget dengan game Honkai Star Rail yang bener² kerasa perang, padahal katanya natlan bakal bertema perang tapi di desain & map nya sangat² mengecewakan dan gak ada minat buat balik ke game ini apalagi genshin sekarang lebih banyak rilis karakter cwek dan ya ditambah fanservice, gameplay jelek, desain no banget",1,1,,2025-02-15 13:27:38,"Terima kasih atas dukungan Anda terhadap Genshin Impact, Traveler! Kalau Anda mengalami kesulitan apa pun yang berhubungan dengan Genshin Impact, silakan hubungi kami melalui email atau feedback in-game untuk mendapatkan bantuan.",2025-02-26 17:58:20,
e1324a83-4dcd-4584-85d0-1072a735a5a6,Andre Varelli,https://play-lh.googleusercontent.com/a-/ALV-UjX1RXnV4G17QANKC0ztEcoF6y9-Cz3dpCZcEFfGVN90_d7UJGk,tidak adil dalam membagi keberuntungan 🤗,1,0,5.4.0_30057195_30231699,2025-02-15 13:25:15,"Terima kasih atas dukungan Anda terhadap Genshin Impact, Traveler! Kalau Anda mengalami kesulitan apa pun yang berhubungan dengan Genshin Impact, silakan hubungi kami melalui email atau feedback in-game untuk mendapatkan bantuan.",2025-02-26 17:49:59,5.4.0_30057195_30231699
9ed88751-626a-49c1-a6b2-39f3c6f41c23,Dimas Andika,https://play-lh.googleusercontent.com/a-/ALV-UjXvP6HbOWLYyLC-usO3irIWvaBQuxmVhbpwWtAeLyOEsJ7KneIy,Game kikir udh lagi event gakjelas,1,0,5.4.0_30057195_30231699,2025-02-15 13:16:50,"Terima kasih atas dukungan Anda terhadap Genshin Impact, Traveler! Kalau Anda mengalami kesulitan apa pun yang berhubungan dengan Genshin Impact, silakan hubungi kami melalui email atau feedback in-game untuk mendapatkan bantuan.",2025-02-26 17:49:47,5.4.0_30057195_30231699
f9f1a6ff-af21-4361-a32e-5ab982d25edb,Andy Dwiky Alamsyah,https://play-lh.googleusercontent.com/a-/ALV-UjWMLmmvyzqX_CsRrCS-dvS4GQuDERJZAbPZ7_0unnkywXMYK_Bm,deff pelitt,1,0,,2025-02-15 13:04:36,"Terima kasih atas dukungan Anda terhadap Genshin Impact, Traveler! Kalau Anda mengalami kesulitan apa pun yang berhubungan dengan Genshin Impact, silakan hubungi kami melalui email atau feedback in-game untuk mendapatkan bantuan.",2025-02-26 17:46:26,
f060cec2-8fa7-4d18-bb33-812677175eee,Verneon,https://play-lh.googleusercontent.com/a-/ALV-UjXFxZwIfk2U8LJKMB9QNQ_4CRc0h9u3n0TWekWeGSHW5KMjXxOw,TAMBAHKAN FITUR SKIP STORY UNTUK SIDE QUEST/WORLD QUEST (DEVELOPER TIDAK PERNAH MENDENGAR KELUHAN PLAYER),1,0,2.6.0_6179196_6305792,2025-02-15 12:50:11,"Terima kasih atas dukungan Anda terhadap Genshin Impact, Traveler! Kalau Anda mengalami kesulitan apa pun yang berhubungan dengan Genshin Impact, silakan hubungi kami melalui email atau feedback in-game untuk mendapatkan bantuan.",2025-02-26 17:44:47,2.6.0_6179196_6305792
9b482701-1277-4dca-9c0f-3827c9ef69c7,Uzuki,https://play-lh.googleusercontent.com/a-/ALV-UjUoU6ggdLpxWsOr1Lmx-eHm_9QeZ1C1g74uhpk2IX-wJH3YxihS,"Sebenernya gamenya bagus, cuma berkesan gak adil aja karena jarang banget keluarin karakter cowok B5 :) pls Mhy kalo gak mau kehilangan sebagian Player tolong dengerin keluhan kami para player.",2,1,5.4.0_30057195_30231699,2025-02-15 12:00:45,,,5.4.0_30057195_30231699
b4ed0498-e757-476b-9c57-abc006fcb591,Ricko Akbar Juliansyah,https://play-lh.googleusercontent.com/a-/ALV-UjVjx-HWeZbgPu6bAi3oPSNrDS9FhQcgT3QttlhxVlW_KWwT,Menarik,4,0,5.4.0_30057195_30231699,2025-02-15 11:26:44,,,5.4.0_30057195_30231699
4a2ec22f-1ee5-481b-a311-ff4504e70613,Maisya Zulieka,https://play-lh.googleusercontent.com/a/ACg8ocJr58uUPVRtmRUPBfYW0LyDuv4FfsH42uRxqT-YRRsYBYM0nQ=mo,"why are there only a few male characters while there are so many female characters? do you think that increasing the number of female characters will get very high income? just look at the income of L*ve&deep*pace, their income managed to beat 3 of your games hoyoverse!",1,1,5.3.0_29183395_29332470,2025-02-15 11:19:22,,,5.3.0_29183395_29332470
242afb6f-4dda-41b4-bee0-b9e58f3cb1a1,Widiarti Purwosari,https://play-lh.googleusercontent.com/a/ACg8ocInSE-3XfXFbmJlFblcJzqoN8spSX7nO_wAvwQJmr7sHhM6pw=mo,Dulu pas belum ada game sebelah kikir nya luarbiasa. Giliran sekarang dah kasih bansos malah di tunda tunda. Game isi fanservice semua. Mana quest dialognya kelamaan.,2,1,,2025-02-15 11:15:47,,,
2300a45d-6de3-4439-a68d-50b71184fa66,moza aprilia putri,https://play-lh.googleusercontent.com/a/ACg8ocL3C2EEUxjCLxSiAbaZpSJuMN8h0EBxJ894SJTlPvo-sXaKTuU=mo,gua suka,5,0,5.0.0_26041933_26161852,2025-02-15 10:27:07,,,5.0.0_26041933_26161852
2658d160-7153-4389-b786-d187cc5b38ff,Muzaki Zaki,https://play-lh.googleusercontent.com/a-/ALV-UjX4RGxlfNF5-9h0ghT5SEUvE79F3HJkkt0eniPqbZ2b5aj48LA0,Game nya lumayan lah tapi lebih baik banyakin update,5,0,5.4.0_30057195_30231699,2025-02-15 10:18:17,,,5.4.0_30057195_30231699
dc31233a-ccd6-4f89-9d2e-0de9751e866e,Awan Wahyu Setiawan,https://play-lh.googleusercontent.com/a-/ALV-UjVXV3yLSuAuHj8jbRR_cH8s0LER0WKnB2gKg900uE-mYI5LchVI,Seru sekali game ini,4,0,5.4.0_30057195_30231699,2025-02-15 09:53:24,,,5.4.0_30057195_30231699
9d884a1b-73a5-4520-bdda-e450f6ad5366,Aulia Sulaiman Rizki,https://play-lh.googleusercontent.com/a/ACg8ocL77qc0bgp435HwkMOPnwqy_FS41bY-1VRSY-doDrGmfvqf3A=mo,"Almost 5 years, and you guys never listen",2,1,5.4.0_30057195_30231699,2025-02-15 09:53:22,,,5.4.0_30057195_30231699
fa16dadd-9d13-4d81-80bf-e952ab136a0f,yukkow,https://play-lh.googleusercontent.com/a-/ALV-UjV34WJPiDvA3PojLf19gLRaVbJJSaJqViO1aarsLPOaAIcS4chT,"gemnya jelek tapi karna aku baik jadi aku kasih bintang lima, dasar jelek",1,0,4.8.0_24603909_24822834,2025-02-15 08:56:39,,,4.8.0_24603909_24822834
cceebb96-feb6-4a11-b614-47c5eff8b1cf,Fatih Nuala,https://play-lh.googleusercontent.com/a/ACg8ocLHW8cptTovN7PPocCbk4gyoyxgBw3Rv-WrQHYiTvM_dhozByQ=mo,"kebanyakan fanservice, tambahin char cowo lagi lah kocak, cewe mulu ditambahin",1,0,5.4.0_30057195_30231699,2025-02-15 08:39:22,"Terima kasih atas dukungan Anda terhadap Genshin Impact, Traveler! Kalau Anda mengalami kesulitan apa pun yang berhubungan dengan Genshin Impact, silakan hubungi kami melalui email atau feedback in-game untuk mendapatkan bantuan.",2025-02-26 17:57:49,5.4.0_30057195_30231699
c254ebb7-b599-4801-9643-8f3c9ef8ae11,Lo L,https://play-lh.googleusercontent.com/a-/ALV-UjU99GLscTNxvCHhK6C2XF__SD4e_e6_J6jigKsnGOvR84XiLao,"Mihoyo tolong yaa aku belum selesai lagi ngomong sama mizuki pas di dahan pohon soalnya aku terjatuh kebawah, belum sempat naik ke atas udah hilang, gimana sihh jadi hilang sensii nikmatin ceritanya",1,0,5.4.0_30057195_30231699,2025-02-15 08:08:07,"Kami mohon maaf atas permasalahan ini, Traveler. Silakan hubungi kami melalui email atau feedback in-game untuk mendapatkan bantuan lebih lanjut tentang masalah ini.",2025-02-26 17:55:55,5.4.0_30057195_30231699
bcc42618-724b-4b26-84b3-dcd4d8d28ce8,pierei,https://play-lh.googleusercontent.com/a-/ALV-UjXXUQV2CsQTKBH0O7zKh_ABKQGvhb8i6uStVgNYusc-7CUFISna,"pls hoyo, DROP A MALE CHAR",4,1,,2025-02-15 07:36:06,,,
158a91f6-48d0-481a-886e-03c25a9e4b8f,Shirago,https://play-lh.googleusercontent.com/a-/ALV-UjX9hd9oOCFIR2aPElXzV0GKrDs8SXFFua2tyYbcWX0Dx3NXB8Dr,"Gamenya sudah sangat bagus, apalagi masalah desain karakter, alur cerita, dan grafiknya sudah benar-benar bagus. Tapi tolong dong mihoyo, untuk rate untuk gacha artefaknya di tinggiin lagi dong. Kalo gacha artefak selalu dapetnya stat def terus 🙁",5,2,5.4.0_30057195_30231699,2025-02-15 07:15:32,,,5.4.0_30057195_30231699
5871a4a1-11c2-4469-9cea-78d96bdf18f9,Regina Pangestika,https://play-lh.googleusercontent.com/a-/ALV-UjW1khcKFkryqbzU0N9GsFroIv75Nc_jNem94bxGA6Ymgfxf_KQS,"Gamenya sudah bagus tapi kadang pas lagi main suka reconnect tiba-tiba padahal saya menggunakan wifi, apalagi kalau lagi di domain atau dialog panjang lalu reconnect, itu dari ulang lagi. Tolong juga adakah fitur skip di side quest biar gak dengerin dialog yang terlalu banyak. Sama imbangi rasio karakter yang dirilis jangan terlalu banyak karakter perempuan.",1,1057,5.4.0_30057195_30231699,2025-02-15 07:11:12,,,5.4.0_30057195_30231699
20c10d1c-7050-472b-a0ea-4d5461e2a89a,Brillian Pramono,https://play-lh.googleusercontent.com/a-/ALV-UjXBFQMncfjj_qpPo68HUZEljhgW_6Kti5YFKbrMNsbc5LONu9wV,"genshin sekarang udh bosenin gda tombol skip, dengerin yapping terus, eksplorasi nya skrng makin susah.",1,2,5.4.0_30057195_30231699,2025-02-15 06:55:09,"Terima kasih atas dukungan Anda terhadap Genshin Impact, Traveler! Kalau Anda mengalami kesulitan apa pun yang berhubungan dengan Genshin Impact, silakan hubungi kami melalui email atau feedback in-game untuk mendapatkan bantuan.",2025-02-26 17:55:33,5.4.0_30057195_30231699
fb5e1b57-a126-4302-bec9-7555eebb38b9,Aizar Tv,https://play-lh.googleusercontent.com/a-/ALV-UjVr5zB95kd9JV2QuFsyHQ2g2q8AQf-VSosZwJDkSdYqWRPdP8lk,game terbaik sepanjang masa,5,1,5.4.0_30057195_30231699,2025-02-15 06:43:13,,,5.4.0_30057195_30231699
e0aa4540-d8bb-48d6-bee2-f5087ef42279,Naufa ulya Labibah,https://play-lh.googleusercontent.com/a-/ALV-UjWPr0fa4pPF9kuJiJqFRK4OcPm2v8D6vKRYhB4Bpu2S1UPf4CU,terlalu banyak perilisan character cwe digame.,2,0,5.4.0_30057195_30231699,2025-02-15 06:11:22,,,5.4.0_30057195_30231699
5fba6500-5009-47a2-b242-55ef76e7d2f9,Xin Shouko,https://play-lh.googleusercontent.com/a-/ALV-UjX_aj6H7Pk2E79GfYEU8kdhERyphGVlHMgGqsqiyPMQIxWASvE3,Berawal dari coba hp eh jadi sering main sampe sekarang top lah pokoknya,5,0,5.1.0_27118081_27297621,2025-02-15 04:56:42,,,5.1.0_27118081_27297621
59147dfc-bdcd-4ec0-b3e9-ab9992ae1e42,Diana Diana,https://play-lh.googleusercontent.com/a-/ALV-UjWwvshOiXBfd30MNQH6EvldTFX7G2OGVwQ_TnUYL3hjIcouXFf9Mg,Natlan is their biggest downfall,1,1,2.2.0_4340077_4464168,2025-02-15 04:04:54,"We sincerely apologize for your unsatisfactory experience, Traveler. If you have any feedback or suggestions, please send us an email or contact Customer Service via in-game feedback to help us improve the game.",2025-02-26 17:44:01,2.2.0_4340077_4464168
a3643f8f-5227-4526-acca-05e4855aba5e,Story WA,https://play-lh.googleusercontent.com/a-/ALV-UjWrPNe4eE_dYYgayNrZTQyvcxGLa3Yvy1LHHI9xh6W9geiY177e,Ngoceh mulu kapan maennya 🤣🤣🤣🤣🤣,1,1,,2025-02-15 03:03:31,"Terima kasih atas dukungan Anda terhadap Genshin Impact, Traveler! Kalau Anda mengalami kesulitan apa pun yang berhubungan dengan Genshin Impact, silakan hubungi kami melalui email atau feedback in-game untuk mendapatkan bantuan.",2025-02-26 17:43:32,
6d9be01d-8f36-4c89-a7aa-c9378ce57901,Nico Puji Setiawan,https://play-lh.googleusercontent.com/a-/ALV-UjU1nVzztRgleJbNsopoSV9BmlRJiecP0tJ4EsOAjLlKa3plh31q,"Storyline makin lama makin panjanh dengan mayoritas percakapan yang membosankan. Untuk developer, tolong tambahkan fitur skip dialog agar bisa lebih fokus dalam bermain. kalau sudah di update, nanti akan saya berikan bintang 5",2,0,5.4.0_30057195_30231699,2025-02-15 01:11:41,,,5.4.0_30057195_30231699
97cca711-d032-4f0f-ac8d-1d99234b6103,Revo Ferdaus,https://play-lh.googleusercontent.com/a/ACg8ocJUCBASbLqMFQurAnMMQxciFA0PeyZDohD-yPYBYbm8WcrFzjg=mo,"Tolong tambahkan fitur skip story/dialog nya. Buang"" waktu aja buat dengerin dialognya.",1,4,5.4.0_30057195_30231699,2025-02-15 01:05:31,"Terima kasih atas dukungan Traveler terhadap Genshin Impact. Kami menerima secara terbuka semua masukan/umpan balik dari kalian. Jika Traveler memiliki saran atau masukan, jangan ragu untuk menghubungi kami melalui feedback in-game atau email.",2025-02-19 18:00:00,5.4.0_30057195_30231699
be4341a3-8999-4b71-bf84-d62ec541f7df,stevany angel,https://play-lh.googleusercontent.com/a-/ALV-UjXvQF6pTLLucJxHjnjYhtorU5NOwHuLVFGxnTwiobpwxOJnTrQw,bosen bertele-tele,1,0,,2025-02-15 01:04:38,"Terima kasih atas dukungan Anda terhadap Genshin Impact, Traveler! Kalau Anda mengalami kesulitan apa pun yang berhubungan dengan Genshin Impact, silakan hubungi kami melalui email atau feedback in-game untuk mendapatkan bantuan.",2025-02-26 17:43:08,
3d22bf52-feeb-4c7c-b0ba-bfe9dd4fd158,Moh.A Ghofur,https://play-lh.googleusercontent.com/a/ACg8ocJ1mkzZzpQ1jhpqscl-XLlvhMWoGLDVz2XjfsBhDF-YnQON_w=mo,kenapa voice di beberapa Karakter hilang ya? terutama pada voice karakter (inggris). jadi kurang seru aja pas kelarin questnya.,3,0,5.4.0_30057195_30231699,2025-02-15 00:58:48,,,5.4.0_30057195_30231699
7a04f052-2570-43db-90b1-b58fc1896181,Ari Djohar,https://play-lh.googleusercontent.com/a/ACg8ocILeG_Us2l6x4AgDZxjnMWVOig3axmiSq7KRWvzqQT3Ay2viw=mo,Good,5,0,5.4.0_30057195_30231699,2025-02-15 00:36:19,,,5.4.0_30057195_30231699
210d19cf-db5b-430b-adc6-96c8b52e4e38,Muhammad yadi,https://play-lh.googleusercontent.com/a-/ALV-UjW0SGUnOlz_xc7rHvsh2iZyANuRvosB6OR-pWCehH33LlHzMojE,Can you please fix the compass bug in Fontaine?,1,0,5.4.0_30057195_30231699,2025-02-15 00:29:22,"We sincerely apologize for this issue, Traveler. Please send us an email or contact Customer Service via in-game feedback for specific help with this issue.",2025-02-26 17:42:46,5.4.0_30057195_30231699
1387684e-cda4-4d07-93d5-20f85e18fc4f,Faisal Reza Muttaqin,https://play-lh.googleusercontent.com/a/ACg8ocIJRO2LENpDYSQtloAcP8KWb4keoQo1_HluM6OkZ7OwhT5UVg=mo,"Terlalu banyak dialog, membosankan..",1,0,,2025-02-15 00:19:33,"Terima kasih atas dukungan Anda terhadap Genshin Impact, Traveler! Kalau Anda mengalami kesulitan apa pun yang berhubungan dengan Genshin Impact, silakan hubungi kami melalui email atau feedback in-game untuk mendapatkan bantuan.",2025-02-26 17:42:22,
b7788a08-1660-42c1-a15f-b2022a180adf,Raden Farrel Dharma,https://play-lh.googleusercontent.com/a-/ALV-UjVp9KttCWlhPpIjQu1piEPks48vaaV2IQKb8YY7UEmucuRnDHchrw,Pretty good,1,0,2.1.0_3981765_4073622,2025-02-15 00:02:37,"Thank you for supporting Genshin Impact, Traveler! If you have any issues with your game experience, please send us an email or contact Customer Service for help via in-game feedback.",2025-02-26 17:42:00,2.1.0_3981765_4073622
5c09d258-6633-4b5f-9b5f-785bc6a3a92a,Muhamad Fahmi,https://play-lh.googleusercontent.com/a/ACg8ocLX8QVqh5aP4Wcp8YMyv5LVC5HvWcKrGT0Iou91aeNMxFnANA=mo,Terimakasih hoyo🥰 karna next benner furina 🥰🥰,5,1,,2025-02-14 23:36:30,,,
25188861-acf0-4945-9088-6470c328bbd9,Soni Anggara,https://play-lh.googleusercontent.com/a-/ALV-UjUKQsk6zEFY8ZWOF84dVsIhM0Yh6u4qj6mHNuWVg7RNCgCARHVa,Suka bngt dgn genre yg beginian,5,0,5.4.0_30057195_30231699,2025-02-14 23:17:24,,,5.4.0_30057195_30231699
7b2d63d8-b828-46b7-85e0-6a8afee5cf27,Alpha 2,https://play-lh.googleusercontent.com/a-/ALV-UjXMySTw69gAuDZ_Jtdpw_Dinwv6vzdZUBHPGzO3vAX7zAU1Pnq2,Radak lag,4,0,5.4.0_30057195_30231699,2025-02-14 22:36:06,,,5.4.0_30057195_30231699
99fa9fc7-fccf-4752-8116-0345bc9c9192,Irghi Alfabian,https://play-lh.googleusercontent.com/a/ACg8ocI88CLs9xQng4PzWmho0_fHMRhR1-gecfo5OtWryQjGuCgEo-k=mo,bagus sih tapi tolong kurangin dikit lah itu minim 25gb lah buat datanya jgn 31 GB kasian yg hp kentang wkwk,4,0,5.4.0_30057195_30231699,2025-02-14 22:25:52,,,5.4.0_30057195_30231699
073fd3bb-401f-4816-9e60-7195d4fa405a,Tedi Nugraha,https://play-lh.googleusercontent.com/a-/ALV-UjW5y8m0jwRfsOykwQqE_2xZGBSo1T2exw1-GaTxguJpCF3OIJH1,Tolong banyak kan event nya,5,0,5.4.0_30057195_30231699,2025-02-14 22:12:02,,,5.4.0_30057195_30231699
bdcfb74b-c889-4e52-bdaa-c88675bb3308,11. Ananda surya pratama,https://play-lh.googleusercontent.com/a-/ALV-UjUs1f4l38uYlyNWzvUY579hwJqx8YUBnqOQW-ZNOWu3Ky-x_64,Babi,1,0,5.2.0_28336591_28351161,2025-02-14 22:06:47,,,5.2.0_28336591_28351161
e05ee488-f707-45ab-b391-8d3d1a519530,Nadyashafira Wijaya,https://play-lh.googleusercontent.com/a/ACg8ocLRiulvqVbEvxTLyvuZxx9RsSr9Hf3rslFPvuE0HKtegExAdg=mo,Udh main selama 2 setengah tahun udh nostalgia walaupun udh ketinggalan banyak hal tapi gpp semangat trus hoyoverse,5,0,5.4.0_30057195_30231699,2025-02-14 21:20:55,,,5.4.0_30057195_30231699
926601bf-d165-4d1e-92d2-25d5d34eebb3,Ibnu Daffa,https://play-lh.googleusercontent.com/a-/ALV-UjWikyWihxF1C38VbONDaPPBfDPmJY9UMoev2ka-pomtvhk9Wv2o,"Plisss, ini masukan buat mihoyo untuk adain fitur skip dialog. Gw ga masalah kalo archon quest gada fitur skip dialog, tapi kalo story quest sama event pliss adainnnnn. Gw males dengerin yapping yapping nya kudu pencet pencet, kalo make auto clicker di ban, maunya apa taik",2,6,5.4.0_30057195_30231699,2025-02-14 20:41:25,,,5.4.0_30057195_30231699
72206b09-0ffb-40ce-8023-3390fed2eff7,aziizul jabbar,https://play-lh.googleusercontent.com/a-/ALV-UjUhlRmeLmjiD_VqCNiAn-VogJ3JfuNy8fGpaNW7tw4bfA9jq8c,Saya mohon tambahkan fitur untuk dapat memainkan game ini dengan gamepad controller supaya menjadi lebih seru lagi,3,0,4.6.0_22174900_22378599,2025-02-14 19:57:44,,,4.6.0_22174900_22378599
5cb46d80-b17f-44f9-be11-3579d1d07d80,Kzrf 21,https://play-lh.googleusercontent.com/a-/ALV-UjUsl44t8MHPYAQoVqNHP1o-FW5HKvtG79zqIhGsPyPqZ9SQjPFH,I need more male char :(,1,0,,2025-02-14 19:54:54,"Thank you for your constant support of Genshin Impact. We welcome any valuable input from you. If you have any comments or suggestions you would like to share, please feel free to contact our Customer Service team via the in-game feedback channel or email to help us improve the game.",2025-02-26 17:40:20,
6d42c509-bf47-4784-83a8-0f108582bf96,Yuu Otosaka,https://play-lh.googleusercontent.com/a-/ALV-UjXKT77U7INyatsWyXyElcnqqOKyXT84GQ9PGGb2LwTpSaaoL6w,"sebelumnya mager banget buat misi harian, karna di permuda cuman sekedar lawan bos aja bisa selesai sendiri, itu sangat bagus menurutku, dulu malas habisin resin skrng jadi mau habisin terus, terimakasih developer. ini sangat bagus, kalau bisa tolong traveler aether punya costum juga, saya siap membelinya. saya sangat suka pakai aether ~",5,0,5.0.0_26041933_26161852,2025-02-14 19:46:32,,,5.0.0_26041933_26161852
6c729b50-de12-4895-92e7-f9ae1f0f0c2f,craft gaming,https://play-lh.googleusercontent.com/a-/ALV-UjUYLCKZrdx_qCcSwshuRPOwplbtRgDmPCcCAI8R0A_e-AJRfus,"sempurna bet ni game apa lgi pake divice bgs behh tpi divice aku jlk tpi ttp enak"" aja",5,0,,2025-02-14 19:21:23,,,
d95e7704-8ac8-480b-956c-510f9083c622,Rifki Irawan,https://play-lh.googleusercontent.com/a-/ALV-UjVYmNDtTNqkqfdfh6j59YK6F9ZxoRH4HBxg9BfQDQyl-0027sMK,Grafik bagus setara ukurannya,5,0,,2025-02-14 19:09:14,,,
1f3837e3-0910-44b7-863b-7d4293a1f416,Zidan,https://play-lh.googleusercontent.com/a-/ALV-UjXuVMfWXOAo4iBFziTVr22AUdeE-HEqy37kCyM_18Bh2Tmmj201,Kenapa di region monstadz seperti dilupakan.hoyo buat lah karakter baru di region monstadz,5,0,,2025-02-14 18:49:30,,,
a3d76203-f682-46a7-986a-cf6d61febecf,Aril Mubarok,https://play-lh.googleusercontent.com/a/ACg8ocJG4VqbXn8W-_prDqu-fpQosdLD51Z1qz4cUad3oVDFPX6epQ=mo,Tolong saya ga bisa log in karena ada big kode verifikasi yang ga bisa masuk masuk,1,0,,2025-02-14 18:41:27,Mohon maaf sebesar-besarnya atas terganggunya pengalaman bermain Traveler. Silakan hubungi Layanan Pelanggan kami melalui email untuk mendapatkan bantuan terperinci mengenai masalah ini.,2025-02-26 17:39:10,
88c0b77a-b1af-4e92-a289-13ebe17c3aaa,Nasywa Ranadhiya,https://play-lh.googleusercontent.com/a-/ALV-UjUVUROVOz7wDsCszwcusAqK-x3B90uPksaz_-KDhfBVT43___U,"Semenjak natlan rilis genshin sekarang desainnya jadi aneh², mana banyak pula fan servicenya, karakter cowoknya juga diperbanyak dong, setidaknya kalo mau buat char cewek bikin desainnya yg bagus klo bisa jgn terlalu sexualized, padahal pas Fontaine desain char ceweknya udah bagus loh kenapa sekarang jadi gini, dan juga jangan apa² langsung naksir sama MC mana ada yg sampe ngeblush² gitu apaan banget dah, jujur agak kecewa sih, kangen genshin yang dulu.",4,0,5.4.0_30057195_30231699,2025-02-14 18:39:02,,,5.4.0_30057195_30231699
e0b10e41-637c-4fd3-9427-88112d83a36d,Indera Bowwen,https://play-lh.googleusercontent.com/a-/ALV-UjVO--BVD7fYkKndzX0nL-7BwwJtmOUUYfoVbbyeIGJZ9ieEFAs,Gaca ampas. Cape rerol anjer,2,0,5.4.0_30057195_30231699,2025-02-14 18:26:14,,,5.4.0_30057195_30231699
4c913ac5-33dd-4a4b-9753-9b8886566257,Moh Firgi Hardianta,https://play-lh.googleusercontent.com/a-/ALV-UjVcsUUiXhD3-TnuQehG1ArwZQWvDsLeLQ189Pnq8cPriI_muag,"Saranku dengerin keluhan player supaya gak banyak player kabur. Misal bisa skip story. Karena story genshin itu bagus memang benar saya akui itu,tapi saya punya beberapa akun kalau suruh ngulang story hanya demi primogem lama lama bosen juga ditambah satu story quest bisa sampai 3 jam hanya untuk omong omongan hadeh sampe ngantuk aku nungguin. Itu aja sih saran saya 🙏",5,1,5.4.0_30057195_30231699,2025-02-14 18:22:44,,,5.4.0_30057195_30231699
2f1b07e0-c744-4e34-af10-156ba9342d9c,Dodi Kurnia,https://play-lh.googleusercontent.com/a/ACg8ocKQhqu8N-7lA-GrREsSj9SBLKvMd0bmXlRsUW1UtFo0FV9PcQ=mo,I'm back🔥,5,0,,2025-02-14 18:12:20,,,
a8dc5507-6d8f-49c2-88f2-d072a60b90ea,Syifaa Firmansyah,https://play-lh.googleusercontent.com/a-/ALV-UjXC-lKCtguIZSoj_siKFj5o9yy6BPUW5Q_2t0BQ_DmxhpgeRu28,"The game is very good but there are some quests that are buggy because our character dies,and some of the puzzles are a bit difficult",5,0,5.4.0_30057195_30231699,2025-02-14 17:59:18,,,5.4.0_30057195_30231699
1c92b643-354d-4def-9bdc-f4fce0af7610,keisya aurellya,https://play-lh.googleusercontent.com/a-/ALV-UjVFihyrAFNR0OCQ2ZduOlCDkewlhoYWZ9Qj8q0NxpW7825be6gU,"awalnya bagus ya game genshin ini, tapi makin update makin banyak characters cewe daripada cowo. jujur kecewa sih",3,1,4.7.0_23093867_23435602,2025-02-14 17:50:54,,,4.7.0_23093867_23435602
ac959a06-ef13-4dae-acdf-4cbc09291e18,KC_ Nusa,https://play-lh.googleusercontent.com/a-/ALV-UjXYRgHiajrE2cdJhcp7KAgXn4d_9Z-xeXxYWY7w7kJF8KwW_XY,"Tolong bang😭 saya ga nyaman banget kalo update an sampe 9gb lebih. Kuotaku ada 3gb + beli lagi yg 5gb untuk nyicil ( uang yg harusnya saya pake buan makan 1 hari di asrama ) kuotaku abis cuma ke unduh 1,5gb doang. Dan sisahnya masi 7,5gb kurang dikit😭😭 tolong bang, kalo di update jangan di gede gedein. Saya ga pake wifi soalnya😭...",1,0,,2025-02-14 17:46:24,"Halo, Traveler! Terima kasih telah mendukung Genshin Impact. Fungsi fitur pra-unduh adalah untuk memberikan player akses pada konten terbaru lebih cepat sewaktu versi terbaru dirilis. Jika Traveler mengalami masalah sewaktu pengunduhan, silahkan menghubungi CS kami melalui email. Kami akan memberikan bantuan/jawaban yang sesuai untuk Traveler.",2025-02-26 18:07:21,
2aa95274-fb64-4f31-8c15-8ef6bff6257f,36. Zeezee Aulia Yahya,https://play-lh.googleusercontent.com/a-/ALV-UjXzijFANm1nFjOUk8Q9RcImwPGf4bIZOmuk8FIxIGKlSb6-VKw,"jangan terlalu kikir plz, sebagai anak sekolahan dan kaum f2p, ke siksa bgtt 😞😞😢😢",4,0,2.1.0_3981765_4073622,2025-02-14 17:11:45,,,2.1.0_3981765_4073622
365ed6a1-39d3-49f7-b825-79a669b5a606,LEviaTan,https://play-lh.googleusercontent.com/a-/ALV-UjXJ9X329usOTiSLne0o88U3XfuUXvEoEj-YFSsUcHvhA5Y-0tGt,Bagus cuman f2p harus sabar 🥲,5,0,5.4.0_30057195_30231699,2025-02-14 17:09:52,,,5.4.0_30057195_30231699
c4d433dc-0df6-462e-8956-731e34c8416f,Nila Nur Azizah,https://play-lh.googleusercontent.com/a-/ALV-UjU9JS-_NbFtfmUsEZbgEzEOiHxx7F7Biq0P10aFJOs8Vk6zt_vu,Karakter cowok dewasanya dikit banget,1,2,,2025-02-14 16:19:00,"Terima kasih atas dukungan Traveler terhadap Genshin Impact. Kami menerima secara terbuka semua masukan/umpan balik dari kalian. Jika Traveler memiliki saran atau masukan, jangan ragu untuk menghubungi kami melalui feedback in-game atau email.",2025-02-26 18:06:32,
44941e3d-3ad7-488b-9a34-e823d4f4a219,Eudora Gaming,https://play-lh.googleusercontent.com/a-/ALV-UjVVhqYfP9xvE5OWs1gK_XYa-2-KsNole8Brk7MalWsySdk3Egw,"Saran Tolong grafik pada smartphone khususnya Android di tingkatkan lagi, khusus nya untuk hp² mahal, sekarang sudah banyak hp gaming juga, saya ingin agar ada setingan refleksi cahaya dan jarak rendering biar lebih enak dan juga fps nya kasih setingan 120 fps di Android jangan cuma iphone doank, please Ya Hoyooo, ini bukan hal yang susah untuk dilakukan kan??, please banget ya hoyo. Semoga dijawab dan di apply terimakasih 😇😇",5,67,5.4.0_30057195_30231699,2025-02-14 16:17:30,,,5.4.0_30057195_30231699
a5151187-7cde-47a7-ad14-971149b8a823,Vina Hafizah,https://play-lh.googleusercontent.com/a-/ALV-UjXEmqq9vst0UIqc5kTaBntsFjtD_s9OmC_9P5oNF_GDiju7rDM,Idk its the comunity bruh,3,0,4.2.1_18831865_18963989,2025-02-14 15:00:53,,,4.2.1_18831865_18963989
0aec7e74-41bc-4c3d-9aaa-69c731675a3c,Ahmad Musholih,https://play-lh.googleusercontent.com/a-/ALV-UjU-TNSXPDk_omgd3aKN9EMzJPndXQahjBXV3OdH4x_LOZs3YWgn,"Nice game.. Akan lebih bagus jika ada Fitur ""Skip"" nya :)",5,0,,2025-02-14 14:48:58,,,
2f25f4a4-488b-4368-937b-4eb5d78d7056,GUSTIAN PARAGOL,https://play-lh.googleusercontent.com/a-/ALV-UjVTQ-WleCA1vlARo8PTmpA_lRIc6kKNuzr-_xU-CH3mSui46mFk,Game ya bagus tapi kurag 1 vs 1 deyan teman tolog ya,5,0,,2025-02-14 14:02:29,,,
3d4fcbab-09c6-4f0f-ace4-cd23e2da736b,Abell,https://play-lh.googleusercontent.com/a-/ALV-UjXLvfei0zMTB484K4nFCOg8rFmizmxUOAHaedZeLd-QZi6zvqpQhA,"Stop fan service pls, wheres the new boy character? Why always girls? Is it just for boys? I'm lazy to play this game because of lots of fan service",3,0,5.4.0_30057195_30231699,2025-02-14 13:57:36,,,5.4.0_30057195_30231699
b99d761e-55fb-44a5-8fc4-2d22c98ce3c6,Just Biaa𖤐 ́-,https://play-lh.googleusercontent.com/a-/ALV-UjWkRQSm5dqV-KQsBrzDw3rF263e4MLsstHUqUilIipple-SgFa-,Most of the characters are female. We female players also want the latest male characters.,1,4,5.4.0_30057195_30231699,2025-02-14 13:46:59,"Thank you for your constant support of Genshin Impact. We welcome any valuable input from you. If you have any comments or suggestions you would like to share, please feel free to contact our Customer Service team via the in-game feedback channel or email to help us improve the game.",2025-02-26 18:06:19,5.4.0_30057195_30231699
946fd16b-3a18-4b97-8d1b-58a81f69ccbc,It's me,https://play-lh.googleusercontent.com/a/ACg8ocJRKpvYlX9N7kSxDLhfgq0la3AvBl4wNPWkBvekcWH3_3NE4w=mo,Geme ini sangat keren,5,0,,2025-02-14 13:46:52,,,
97889e48-e34f-41f6-9552-4b15fb8443d3,Fidya Syafa Rachmawati,https://play-lh.googleusercontent.com/a/ACg8ocLUGQoFJzWaPSP47R9gRa0gqnENVdOGmrgrLqJyGGvGU_qAbSk=mo,"Perbanyak karakter laki-laki dan kembali ke story yang mengharukan seperti di sumeru, masih gk bisa move on dari region dulu yang story nya penuh makna dan gak bikin jenuh, sekarang hanya bertuju pada fan service semata",1,3,,2025-02-14 13:32:28,"Terima kasih atas dukungan Traveler terhadap Genshin Impact. Kami menerima secara terbuka semua masukan/umpan balik dari kalian. Jika Traveler memiliki saran atau masukan, jangan ragu untuk menghubungi kami melalui feedback in-game atau email.",2025-02-26 18:05:58,
4b8b96f4-223c-4e50-bdfc-1105d2fc6deb,Ikki Ikki,https://play-lh.googleusercontent.com/a/ACg8ocIEYlrN6A_sXERqlEb7BbErJLOo7T50HIulxt5n0idkKm-Kug=mo,"seru bgt, kurang for no dikit😹",5,0,5.4.0_30057195_30231699,2025-02-14 13:27:44,,,5.4.0_30057195_30231699
a45cee0d-ab2b-4b07-b09b-c8b0d6fc9bba,Muhammad Kosim,https://play-lh.googleusercontent.com/a/ACg8ocLi1OrzQAqIB-0IDk_aGBgSrzvDz287VuYF3gFzRAVXGMjK3Q=mo,Hoyoverse tolong genshin impact saya kagak bisa kebuka ada tulis genshin impact terus berhenti kenapa ?🤔 tolong dijelaskan kenapa genshin impact saya kagak bisa kebuka 😡?,5,0,5.4.0_30057195_30231699,2025-02-14 12:46:15,,,5.4.0_30057195_30231699
8904ecff-c738-4bd6-9f90-f6d1f3ef96af,Shiraori Ne,https://play-lh.googleusercontent.com/a-/ALV-UjVKYxfqmLqD7miFQ24-UuOtvyraW62FjPlLZOqJsF6ZYiOb6aXh,Porn games run out of ideas too many fans service.,1,4,4.6.0_22174900_22378599,2025-02-14 12:41:27,"We sincerely apologize for your unsatisfactory experience, Traveler. If you have any feedback or suggestions, please send us an email or contact Customer Service via in-game feedback to help us improve the game.",2025-02-26 18:05:31,4.6.0_22174900_22378599
fe404773-cd03-4e5c-80b3-f3f37e4fadcc,sulthon hengker,https://play-lh.googleusercontent.com/a/ACg8ocIXiHLp0GBHZqnE3QPa9zV_iPKq8GUf871S9zvyal6SEwYuMw=mo,Bagus,4,0,5.4.0_30057195_30231699,2025-02-14 12:37:05,,,5.4.0_30057195_30231699
6f87187b-c480-4c7d-872a-11de137a4c6d,Firza Fz,https://play-lh.googleusercontent.com/a/ACg8ocKJ0S2V83cfAwde9vrHC7AZnORvbycgXkOGfbAFGUJQf7CZYg=mo,semakin update character nya jdi aneh penampilan nya,3,0,5.0.0_26041933_26161852,2025-02-14 12:33:45,,,5.0.0_26041933_26161852
01d4678d-b46d-4b74-97ab-6ec3a66b592c,Mawar Hasnah,https://play-lh.googleusercontent.com/a/ACg8ocITkEK9aSZB3WnLAPavScN0zGgKldwA3lzO4h-LdUW-Vdm0dw=mo,"Bagus, bangetttt",5,0,,2025-02-14 12:32:00,,,
c313a665-f42c-4516-ac60-ceca34e4405f,Whoo_ Febyy?,https://play-lh.googleusercontent.com/a-/ALV-UjXI-H0BAAQBmUT_UGM_elc_X8pzQvFTGxtTPuxaKEPBkK-phPJv,"karakter ceweknya kebanyakan, dikira yang main cowok doang? game kikir, sumber primo semenjak di pegang itu jadi kayak dulu juga. alur nya muter muter terus, ga langsung to the point. quest 10 jam primo 60 wkwk",2,1,5.4.0_30057195_30231699,2025-02-14 12:15:52,,,5.4.0_30057195_30231699
fa8378ec-40f4-4094-96f1-2eb29dbb1c67,Alfian Yoshi,https://play-lh.googleusercontent.com/a-/ALV-UjUqgtWZcSbhcZo4JgOs4Oa-kLj2DR6CT3YGId4BHVTkC2Ncx8tZ,Gw nunggu unduhan nya lama banget ini game juga berat untuk ngunduh aja gw sampe hapus beberapa aplikasi. Ini game bikin HP gw eror,1,1,,2025-02-14 11:59:49,"Halo, Traveler! Terima kasih atas support anda pada Genshin Impact! Mohon diperiksa apakah anda telah mengunduh game client versi terbaru melalui official channel yang ada. Dan mohon kirimkan informasi relevant mengenai permasalahan anda kepada CS kami melalui email. Kami akan memberikan jawaban/bantuan permasalahan anda sebaik mungkin.",2025-02-26 18:05:18,
9808d05d-ac3b-40d4-9b31-227b25d75dab,Didik Irianto,https://play-lh.googleusercontent.com/a/ACg8ocJWIyezW1pt8d9VFL6AQozKtRaRjUhhqHXgqwiicxdWirtrxQ=mo,grafik ny luar biasa untuk game ini alur cerita ny seru bnyk misteri petualangan pokokkny thebestt😗😋,5,0,5.4.0_30057195_30231699,2025-02-14 11:58:01,,,5.4.0_30057195_30231699
60ed2228-b40a-4cfb-b2bc-5eacda1e1601,ahmad gntng,https://play-lh.googleusercontent.com/a/ACg8ocILLEGxuPz7dMNQVIR2IPxssrK873x4X718bVYLgFqA0rLFPw=mo,Genshin Impact adalah game RPG Ter the best,5,0,5.4.0_30057195_30231699,2025-02-14 10:47:09,,,5.4.0_30057195_30231699
df550f85-f252-4508-9836-d7b53d55509e,Tommy James,https://play-lh.googleusercontent.com/a-/ALV-UjXrT5-2x0ljnfS6Tx3eOuYryq5ll7PKi45UlkMIxFqsgN-ilEA,"game nya bagus + Updatenya itu lohh aduh, gimana ya bilangnya? Pokoknya bagus bgt🥰",5,0,,2025-02-14 10:37:57,,,
89245ecf-3479-4f92-b479-7ec90c805ffa,wawan ari wibowo,https://play-lh.googleusercontent.com/a-/ALV-UjUo3kAhI8HMkEVL7ELf3qGDmP5keeQzHmQahSHJRwhFcOwhpb0,"Belum dicoba,,,semoga oke😁",4,0,,2025-02-14 10:37:23,,,
f0884b85-74f8-4e11-8926-190c0ce77872,xxyxbabygirl_,https://play-lh.googleusercontent.com/a-/ALV-UjU-InHv9JTsMAVRlGhRNrCuEDiaFnfpAdXWAFUloHvI0DlU2MdF,"Hoyoversee, HEAR ME OUTT! edisi mau kasi masukan dong: 1. As Wanderer main, secara 'kan Wawan populer banget ni ada apalagi dikalangan ciwi” nahh gmn klo kalian rilis skin buat Wawan, dijamin laku keras (JANJI PASTI KU BELI!! no fek fek ygy) 2. Menurutku jarang ada character game yang designnya itu ada unsur” tentaclesnya, jd klo bole rilisin character yang berbau” tentacles pasti kecee (klo bisa cowo si karna bakal jadi nilai plus, menggoda iman mweheh tp ak setia ma Wawan kok :3) oke, tysm!",5,0,4.4.0_20481013_20559831,2025-02-14 10:27:04,,,4.4.0_20481013_20559831
14d3efe1-426e-49cb-bb67-f9ad2f89a8a0,miloo,https://play-lh.googleusercontent.com/a-/ALV-UjWt2Zbx2JI7D8vhUlT50kPFNmJ497fIGkAvwcqxtQ5nDjTgTLuk,genshin kenapa sihh dikit banget dah char cowonya,1,2,3.7.0_14806628_14807925,2025-02-14 10:14:27,,,3.7.0_14806628_14807925
5aee7502-d9d8-4834-8ef9-b47cec0b07f7,Bagus Hidayat,https://play-lh.googleusercontent.com/a-/ALV-UjVK4OS7x-88ooWpg2pQJy-NwPxdUnGTTINLFtw01gHrNeZc63J4,"Makin lama makin ngebosenin, ceritanya tolong tambahkan fitur skip ngomong saya bermain game bukan membaca sebuah novel fiksi",1,38,5.4.0_30057195_30231699,2025-02-14 10:07:23,"Terima kasih atas dukungan Traveler terhadap Genshin Impact. Kami menerima secara terbuka semua masukan/umpan balik dari kalian. Jika Traveler memiliki saran atau masukan, jangan ragu untuk menghubungi kami melalui feedback in-game atau email.",2025-02-26 18:05:02,5.4.0_30057195_30231699
53faee3c-847d-45a6-a8a2-01f8f76cb96f,MUHAMAD ZAKARIA,https://play-lh.googleusercontent.com/a-/ALV-UjVKD2bERo1SIP7E9R5kP3P5PN7H1KmUT3H__jkJtet5XFL_OrKN,"Cape"" ngumpulin bahan buat artifact transmuter yang naik malah atk & def , SCAM !!!! Bukan sekali dua kali tapi berkali"" !!!! Player ngumpulin cape selama 1 bulan , tolong hargai , setidaknya nyantol crt & cdm , ini 4""nya yang naik malah atk sama def doang , hina banget sumpah kaya judol !!! Gue suka game ini , please perbaiki",1,5,5.4.0_30057195_30231699,2025-02-14 09:15:15,,,5.4.0_30057195_30231699
aab19bdf-6f26-4388-92fb-47d1e4f24224,Danu Alpriyanto,https://play-lh.googleusercontent.com/a/ACg8ocIRe2WL2hS_wS9Yry3AvLCTdtjgwqUzsSBy-6n6h9nTMIBb1w=mo,setelah update 5.4 kenapa mengalami force close ? setiap menit,3,0,,2025-02-14 08:37:07,,,
ff4a1f8d-0965-41a7-823f-419972026a03,Aqila,https://play-lh.googleusercontent.com/a-/ALV-UjW_JS5A70xHUQwkMeuuz63NLSnv0Pn8nnP06NhjJ86ogol2WxRegQ,"Kasih rating bintang satu, soalnya makin hari, makin kecewa berat sama game ini. Ada banyak, tapi gabisa aaku sebutin semua disini (kepanjangan nanti)",1,2,,2025-02-14 08:14:46,"Kami mohon maaf atas permasalahan ini, Traveler. Silakan hubungi kami melalui email atau feedback in-game untuk mendapatkan bantuan lebih lanjut tentang masalah ini.",2025-02-26 18:02:50,
a742d44f-8136-4a6c-a9ca-236935f02a62,Aileen Bellatrix,https://play-lh.googleusercontent.com/a-/ALV-UjVN4yUKBwT6NgJbQzbYqo51VKFNJIik7uDKjGvSuExzN42qLKU_,"u should listen female players. Playing through ingame is all boring now. U decreased the male chara role here. I regret wasting my money here but nothing change!! besides, THOSE SEXUALIZED CHARACTERS GAMEPLAY & DESIGN RECENTLY ARE NOTHING! THEY WONT MAKE UR INCOME GROWS!!! stop FOOLING around!!! and DO BETTER",1,10,,2025-02-14 07:51:19,"Thank you for your constant support of Genshin Impact. We welcome any valuable input from you. If you have any comments or suggestions you would like to share, please feel free to contact our Customer Service team via the in-game feedback channel or email to help us improve the game.",2025-02-19 15:58:29,
325234a7-49c6-45d9-81f2-cf82fcd657fd,IRSYAD ALFIAN,https://play-lh.googleusercontent.com/a-/ALV-UjV8Dn2hy__ShEg9960AsGTRQWlp-Zl-w10QGwxpHHBOrFuznvM7,Keren gameeeeeeeeee nya 🤭 Apalagi bgmnya auto tidur woilah,1,0,,2025-02-14 07:45:51,"Terima kasih atas dukungan Anda terhadap Genshin Impact, Traveler! Kalau Anda mengalami kesulitan apa pun yang berhubungan dengan Genshin Impact, silakan hubungi kami melalui email atau feedback in-game untuk mendapatkan bantuan.",2025-02-26 18:02:20,
cf0916e1-8907-4f21-8acd-0e20b13f6946,Lia,https://play-lh.googleusercontent.com/a-/ALV-UjXW6JqJ-e0kYWy3k31U5jlXMN29GjDh4Go3p4lye24xXZlT0Rj6,Genshin sekarang karakternya lebih ngawour,1,3,5.4.0_30057195_30231699,2025-02-14 07:12:25,"Kami mohon maaf atas ketidaknyamanan yang Anda alami, Traveler. Kalau Anda memiliki masukan atau saran, silakan hubungi kami melalui email atau feedback in-game.",2025-02-26 18:00:38,5.4.0_30057195_30231699
49c7bb21-f5dd-4ce1-8087-00dbb822cd25,Ahmad Fahmi,https://play-lh.googleusercontent.com/a-/ALV-UjUmcDljjibBRskVawUhwqLL8B9BHBRQhPGbMEbqc7-ony9f07WL,Ok,5,0,5.4.0_30057195_30231699,2025-02-14 07:02:53,,,5.4.0_30057195_30231699
d5f4a43b-f8d3-42ba-905b-6832214f0983,Ryan Ramadhan,https://play-lh.googleusercontent.com/a-/ALV-UjXiowxzRCNFPmaGFaW67ZFNzNP9OzmNgDfxjCEvWWiHef3Qqxv1,G85 ku meledak Wak tapi seru,3,0,,2025-02-14 06:27:37,,,
b3a4b458-1150-41d0-9245-c699b43aae31,Nanda Salsabila,https://play-lh.googleusercontent.com/a-/ALV-UjWQymiOimRlaQdPDZZw0tDdf5BctnVl6ztJ3oEWJNAbJQhv8Iyf,PLEASE ADD SKIP BUTTON FEATURE!,1,0,5.4.0_30057195_30231699,2025-02-14 05:45:24,"Thank you for your constant support of Genshin Impact. We welcome any valuable input from you. If you have any comments or suggestions you would like to share, please feel free to contact our Customer Service team via the in-game feedback channel or email to help us improve the game.",2025-02-26 18:00:01,5.4.0_30057195_30231699
2c8ef39e-ff88-41a2-9ad5-922999204a98,Prasetyo Dwi Wibowo,https://play-lh.googleusercontent.com/a/ACg8ocLSWsMcmMnFYifjKH5EMSsMZNphyootfGDiv7z8uAbjRtL-mw=mo,Dari segi cerita mantap.dan grafiknya mantap sekali,5,1,,2025-02-14 03:29:21,,,
8783016b-85bc-4a87-83f0-37db3b40a0a4,Achmad Rifai,https://play-lh.googleusercontent.com/a-/ALV-UjUxkJGzx32RhEzDGFl9k45BMjdiljkNzajoC_l_HR211ydtlZLu,Please android support control 🙏,5,0,5.4.0_30057195_30231699,2025-02-14 03:06:09,,,5.4.0_30057195_30231699
7c2be45f-4e92-4a39-8f03-cd7faf19580e,Tri Anto,https://play-lh.googleusercontent.com/a/ACg8ocKc8Oa51sXEY2qkPWfaD6XEBrGNakH7SazSafn8ZL4aJXjUNw=mo,Game terbaik dah itu aj,5,0,,2025-02-14 02:24:53,,,
01463c5a-1b53-4cb6-9201-d145645eba51,Erika Alifiana,https://play-lh.googleusercontent.com/a/ACg8ocLy51piQPjfDfgpWiteCp97P1r-zyiXWmfotBlPr1-r-RLzng=mo,"My last hope is Sneznaya would be better than ""that""",1,3,,2025-02-14 02:13:43,"Thank you for your constant support of Genshin Impact. We welcome any valuable input from you. If you have any comments or suggestions you would like to share, please feel free to contact our Customer Service team via the in-game feedback channel or email to help us improve the game.",2025-02-26 17:58:39,
209ee82b-1f01-4820-adef-eaeed24309f0,SANGKURIANG Cinta COC,https://play-lh.googleusercontent.com/a/ACg8ocJuf2N31_yus9Z7XGoTUJ26Xil016Oc1egyPO6DUAdTJSLJTQ=mo,Bagus,5,0,,2025-02-14 00:55:31,,,
cd8186e1-2ee3-409c-aa46-adf2e2133f89,AL VINO,https://play-lh.googleusercontent.com/a/ACg8ocLO7-u52uBeD8D-yDlbqDPEpRdE-XOuZEuiWs73kapJgKFpXQ=mo,terlaku kikir... naikan hadiah nanti gua kasih b5,3,0,4.5.0_21307647_21321795,2025-02-14 00:46:59,,,4.5.0_21307647_21321795
219d5e6d-e1f0-4bc8-8bdc-c3e7e48d450d,Rahma Kyuhyun,https://play-lh.googleusercontent.com/a-/ALV-UjVRJ0UOapKlFjfDHcWsQkM-rPdR2NHJmY4ho55S_O_1TK94zVc,"Tolong lebih mendengarkan keluhan dan masukan para player, kurangi egonya. Kurangi dialog yang tidak on point pada cerita wujudkan fitur skip dialog kami sangat bosan mendengarkan cerita yang tidak on point, setidaknya jika tetap seperti itu wujudkan fitur skip dialog kami tidak memiliki banyak waktu di genshin.",1,219,5.4.0_30057195_30231699,2025-02-14 00:43:33,"Terima kasih atas dukungan Traveler terhadap Genshin Impact. Kami menerima secara terbuka semua masukan/umpan balik dari kalian. Jika Traveler memiliki saran atau masukan, jangan ragu untuk menghubungi kami melalui feedback in-game atau email.",2025-02-26 17:58:22,5.4.0_30057195_30231699
138893f3-71af-4f89-b9bd-af57b9dece70,NYC_ cat,https://play-lh.googleusercontent.com/a-/ALV-UjXQueRyM-CZnKHDZgAjpw4qviGRswhJlyc3Bo4IAn2W4Yel2CA,Bgus soalny dpet arlecino,5,1,2.4.0_5199000_5224067,2025-02-13 22:39:56,,,2.4.0_5199000_5224067
60432117-dfb7-4dad-aa11-0ab1aa460961,Marksman Only,https://play-lh.googleusercontent.com/a-/ALV-UjWgXiH8zqxZhdRBZ6b4Xa6YMTU20srgWQpfpOlZAMvbcnU3LUpQ,Tolong kenapa ketika saya bermain tidak optimal selalu mendapatkan fps buruk padahal hp sy termasuk mampu tolong berikan update optimal,4,1,5.4.0_30057195_30231699,2025-02-13 22:32:17,,,5.4.0_30057195_30231699
cb265525-7628-4f0e-ba92-357c7bed7437,office Ronal,https://play-lh.googleusercontent.com/a-/ALV-UjVTvCQt51tt9NrLlykn5ZxjzoxuZd-8tlgo89aPwUecke9kpmQ,gamenya bagus ow suka banget hutao and yoimiya,5,0,5.4.0_30057195_30231699,2025-02-13 22:02:39,,,5.4.0_30057195_30231699
21a40e8a-7d25-4200-8a0c-5de299798d0b,bayu saputra,https://play-lh.googleusercontent.com/a-/ALV-UjW6g313WNQPhhXKvQAPbVGjQLkVpzT-NrgZYLwkKlLh5v-eKug,"Udah hard poty minim bansos primo,,,,kikir kikir",1,17,5.4.0_30057195_30231699,2025-02-13 21:59:03,,,5.4.0_30057195_30231699
023abdc5-670e-4e3c-80a9-46c607f1db03,Sarah Catrina,https://play-lh.googleusercontent.com/a-/ALV-UjWz3Zt-wFYNvtcERxmUcID7y7DAj7bYxyrv1STJDkcbwE7jSHts8w,"The game is quite fun to play, like us as players like MC or travelers who can adventure in the world of Tevyat, this game is good for those who like free adventures",5,0,5.4.0_30057195_30231699,2025-02-13 21:49:01,,,5.4.0_30057195_30231699
5dcbb816-8bab-4b5a-8b33-e166a2046898,Haiffa Zahrotussita yasyifa,https://play-lh.googleusercontent.com/a-/ALV-UjXs0arARQrih6BHwyihevo74HMvr-ZIb_cUg-xtHxJmvsDdD81t,"Sejak update gamenya semakin lama semakin membosankan! Dan buatlah karakter laki hoyo, dan jangan rasis kau tahu tan skin manis coba lah buat karakter dengan berkulit tan skin",1,2,3.3.0_11741873_11806263,2025-02-13 21:44:55,,,3.3.0_11741873_11806263
242d3f87-6116-4b3c-8162-d46c69441d92,happy ngegame,https://play-lh.googleusercontent.com/a-/ALV-UjVePDFtiyqr_wOgrKLdhjnsI3XwnvmzujaXLkMHoTRpEDeSX5s,game nya berubah jadi game story telling,3,0,5.4.0_30057195_30231699,2025-02-13 21:28:24,,,5.4.0_30057195_30231699
7de6a749-b362-435e-9a6a-27b610994959,TUKANG TENGEL2,https://play-lh.googleusercontent.com/a-/ALV-UjWp32jCo_NgA2cqT8He-2rsYUvui8lSgLZHtNYjAshdkPXmbqU,Gacha dapet ampas terus,5,0,5.4.0_30057195_30231699,2025-02-13 21:20:44,,,5.4.0_30057195_30231699
cdab3e2c-dc8a-4e1d-86e4-efaba1a31b1f,Kiara Lily,https://play-lh.googleusercontent.com/a/ACg8ocJJETuN-iX5QZLK7ScKGPQN6iw5zhwHrB-tD9roA4oeIUw-YQ=mo,"Dlu Traveler fokus cari saudaranya, konten bervariasi.. Tapi makin ke sini, alih² kemajuan ttg saudaranya, hawa-hawa haremnya yg malah makin kental :( Konten di game jg mulai ngebosenin, story selalu ga straight to the point, ga da hubungannya sama sekali dng kemajuan Quest utama, yg mana story terbaru malah serasa main harem. Game rpg adventure ini udah jadi game visual novel + romance terutama ke chara cewe. Itu yg milih lumine ga dianggap??",2,1,,2025-02-13 21:09:44,,,
4b437416-7439-4339-97c0-0e5706f3a199,kamelia nurassifa,https://play-lh.googleusercontent.com/a-/ALV-UjWR1jl2-NmdvJ_KngaDGXPAw8wNyRS1QTXsugKUIpV4qX8D37uZ,"Mohon aja hoyo, bisakah buat karakter lelaki dan juga kalau bikin karakter perempuan desain bajunya tertutup udah kayak game porno aja baju kebuka gitu, kan genre genshin impact kan RPG bukan PORNO",1,3,,2025-02-13 20:49:18,"Kami mohon maaf atas ketidaknyamanan yang Anda alami, Traveler. Kalau Anda memiliki masukan atau saran, silakan hubungi kami melalui email atau feedback in-game.",2025-02-26 17:53:18,
77c2488b-e2b3-40be-857c-f72b37f73539,Bunga Destari,https://play-lh.googleusercontent.com/a/ACg8ocLMKVcxYi0H5LnVU98FMZW-Cbv3aXcVX_ga6Q9dZHUe28DOWQ=mo,Game nya seru dan gak ngebosenin,1,0,,2025-02-13 20:28:39,"Terima kasih atas dukungan Anda terhadap Genshin Impact, Traveler! Kalau Anda mengalami kesulitan apa pun yang berhubungan dengan Genshin Impact, silakan hubungi kami melalui email atau feedback in-game untuk mendapatkan bantuan.",2025-02-26 17:52:46,
6b5c8c9a-050a-4300-9b03-0df5228b2345,Btr Jigen,https://play-lh.googleusercontent.com/a/ACg8ocLq6e7ty1audiHOromagUD2dqxIOwyKGD89rlIbnmFVklIC5A=mo,"Ini kenapa min,pas sebelum update udah ku unduh 1,6gb habis itu di perbarui lagidi play store,pas login unduh data lagi 5gb orang lain kok gak gitu ini kenapa min😭",1,0,5.4.0_30057195_30231699,2025-02-13 20:27:10,"Halo, Traveler! Terima kasih atas support anda pada Genshin Impact! Mohon diperiksa apakah anda telah mengunduh game client versi terbaru melalui official channel yang ada. Dan mohon kirimkan informasi relevant mengenai permasalahan anda kepada CS kami melalui email. Kami akan memberikan jawaban/bantuan permasalahan anda sebaik mungkin.",2025-02-26 17:52:29,5.4.0_30057195_30231699
85520fca-7e45-4252-b4e7-72dd829d1208,Syn Vected,https://play-lh.googleusercontent.com/a-/ALV-UjVYQgWDdPPX4YiQEr-bOK7033u--ES6EiWWHTMJG2FIC07y-Hxp,"ceritanya mulai boring dan banyak dialog ga berguna,hampir dalam 1 scene percakapan cuman 2-5 dialog yang nyambung ke story utama selebihnya cuman dengerin chara ngebacot doang,sama kek pas quest kachina mau ikut lomba,itupun ngabisin waktu 30 menitan cuman buat liat anak kecil latihan doang",1,2,2.6.0_6179196_6305792,2025-02-13 20:04:38,"Kami mohon maaf atas ketidaknyamanan yang Anda alami, Traveler. Kalau Anda memiliki masukan atau saran, silakan hubungi kami melalui email atau feedback in-game.",2025-02-26 17:48:24,2.6.0_6179196_6305792
d9651aed-86d8-4032-ba87-540ad688436f,syakir ulwan,https://play-lh.googleusercontent.com/a-/ALV-UjXHNzsypj-9vi8wxRbMR-VEOD9vmdTMyg3kwQChCbeqZkIMYAOR,Mantep game nya dan semoga gua soft pity,5,0,,2025-02-13 19:44:15,,,
e9be5dcd-50fa-4028-82ed-c7856209d3ba,Safanoza Alpian,https://play-lh.googleusercontent.com/a-/ALV-UjXNQ9EuUp7c-v8ifcB6JEaaOGVRHOBbvOeUNrdwl589BjJnUFd3,"apalah lah ya apalah, kok skrg jadi romance anjir. Dulu tu seruu, ada horror gitu ada misi YA INTINYA KAN NYARI SAUDARA ANJIR KOK MALAH SKRG ROMANCE GITU?? anehhh, karakter skrg aja males nge design.",1,6,5.4.0_30057195_30231699,2025-02-13 19:30:17,"Kami mohon maaf atas ketidaknyamanan yang Anda alami, Traveler. Kalau Anda memiliki masukan atau saran, silakan hubungi kami melalui email atau feedback in-game.",2025-02-26 17:47:54,5.4.0_30057195_30231699
6a9e5b82-2c94-4b47-bf1d-46bff243ca1f,Raihan Nurzaky R,https://play-lh.googleusercontent.com/a-/ALV-UjUUpp4DZ9W4n_qivdQXdff56X-gzWZIhnl0CPHu1uq5Qmqq_-zC,"PLIS SKIP DIALOG, KARNA KEBANYAKAN BASA BASI GA TO THE POINT KE MISI ATAU OBJECTIVE TOLONGLAH MIHOYO PEGEL TAP"" LAYAR BUAT SKIP OMONGAN YG GA ADA KAITANNYA SAMA MISI",1,3,3.7.0_14806628_14807925,2025-02-13 19:29:05,"Terima kasih atas dukungan Traveler terhadap Genshin Impact. Kami menerima secara terbuka semua masukan/umpan balik dari kalian. Jika Traveler memiliki saran atau masukan, jangan ragu untuk menghubungi kami melalui feedback in-game atau email.",2025-02-26 17:47:34,3.7.0_14806628_14807925
891745cb-afb6-4137-b3e8-2776ee463f6d,Eras Li,https://play-lh.googleusercontent.com/a-/ALV-UjUHaDrdKI8VQzh1pa-Y3Ibv4DztXeV-cP_TmYTQoYQIUpkyDCgU,"Game bagus, bikin nagih terus kek gak ada penggantinya, vibe beda sendiri dan grafiknya lumayan, tapi akhir-akhir ini makin ada aja dramanya, banyak fanservice yang gak perlu terus gak pernah dengerin saran pemain sendiri, fountaine akhir dari genshin bisa dibilang bagus, natlan gak usah ditanya.",1,4,,2025-02-13 19:23:45,"Terima kasih atas dukungan Anda terhadap Genshin Impact, Traveler! Kalau Anda mengalami kesulitan apa pun yang berhubungan dengan Genshin Impact, silakan hubungi kami melalui email atau feedback in-game untuk mendapatkan bantuan.",2025-02-26 17:47:07,
392da50b-2b83-4923-ae5c-583e34aa8c4d,Moon,https://play-lh.googleusercontent.com/a-/ALV-UjXvdkUuKRgM9WKpPrCj06i6oJpesfhpXQhasKffy1eSOPRGBXw,gem fanservice,1,0,5.4.0_30057195_30231699,2025-02-13 19:16:49,"Kami mohon maaf atas ketidaknyamanan yang Anda alami, Traveler. Kalau Anda memiliki masukan atau saran, silakan hubungi kami melalui email atau feedback in-game.",2025-02-26 17:46:20,5.4.0_30057195_30231699
03736301-e235-47e6-9a17-89be545a2fac,Imam Permana,https://play-lh.googleusercontent.com/a-/ALV-UjVtN4pcP8NgnwGobT_FDivJWXLfeZY1mvhE55pERKbSTTxbwg2p,kikir impact,1,0,,2025-02-13 18:57:14,"Kami mohon maaf atas ketidaknyamanan yang Anda alami, Traveler. Kalau Anda memiliki masukan atau saran, silakan hubungi kami melalui email atau feedback in-game.",2025-02-26 17:44:33,
edbee2e2-90bf-4ccb-8e9a-64a501d55e56,Khanza Alicia,https://play-lh.googleusercontent.com/a-/ALV-UjXrSjtrngLOY7HX-DE_Bh3-lnTkAnad-vdceojEUDIOJF3kM3A,"HOYO WHY ARE YOU DOING THIS TO ME..I LOG IN TO YOUR GAME AND THE MESSAGE SHOWS UP ""TOO MANY REQUESTS, TRY AGAIN LATER"" YOU ARE EVIL TO ME.. EVIL!.. AND I DIDN'T LOG IN TO YOUR GAME FOR 2 DAYS...and Plan to delete them..please FIX THE BUG OR I WILL DON'T TOP UP AGAIN ON THIS GAME",1,0,,2025-02-13 18:26:03,"We sincerely apologize for your unsatisfactory experience, Traveler. Please contact our Customer Service team via email for specific help with this issue.",2025-02-26 17:44:22,
b8935111-94b5-4ce0-bbc9-2f42677f0bda,D- yan,https://play-lh.googleusercontent.com/a-/ALV-UjUyYTIdCav6xU_ZdHQH9YNMDq1NCbQndQ5dNLiQiX37HILHGWY2,Snap 8 gen 3 lancar banget wow,5,0,,2025-02-13 18:18:04,,,
794f998f-ed1a-4a9d-9d13-c783bf1ef027,RIFAL Gustiandra,https://play-lh.googleusercontent.com/a-/ALV-UjWZ4mTb_5jg9EdpFeJragvKGOJPaKV-eC7eWjB3W_GkD0D4EMGUyQ,"Pelit , sial Mulu gak pernah dapat karakter bintang 5",1,1,5.4.0_30057195_30231699,2025-02-13 18:12:35,"Halo, Traveler! Traveler dapat melihat aturan sistem Wish di bagian [Rincian] pada halaman Wish. Jika kamu memiliki pertanyaan tentang perincian dari aturan tersebut, silakan hubungi tim Layanan Customer Support kami melalui feedback in-game atau melalui email.",2025-02-26 17:43:56,5.4.0_30057195_30231699
2c2d7736-8852-4065-b055-691580bd55bd,Gilang aja,https://play-lh.googleusercontent.com/a-/ALV-UjXWEj3jZ9NVMrqP3l9mnCBtUgnhpTD8Y4go_C_803ZRnGY_HYBX,Ini game jujur bagus bgt!,5,0,5.4.0_30057195_30231699,2025-02-13 18:09:57,,,5.4.0_30057195_30231699
54fead92-c732-40e4-ae3d-b25abd404b0d,Kila zpt,https://play-lh.googleusercontent.com/a/ACg8ocJ9yCvxwrrWlYH4n1up8PSy9aLATnNooZnXcyjUKjCVgBSObQ=mo,"kenapa ya semenjak uptade 5.2 download gamenya makin ga ngotak, di beberapa orang normal cuman di beberapa orang ada yang ga normal, di A 2gb di B 10gb, tolong di baikin ya ak juga kemarin download nya sampai 17gb malah kaya download genshin ulang.",5,1,,2025-02-13 18:03:50,,,
a865cbcb-d7cd-4d57-9da6-51e8dd4c9e85,Amin Rais,https://play-lh.googleusercontent.com/a-/ALV-UjXEezlRRQXHjNNkKHvpZZ8NPxT-TQuflJVg7LuCDcnW4gywkE2qxA,"Rating saya kasih 1, karena lama loading nya pada saat ""sedang mengompilasi shader"" genshin skrng udah ribet, banyak banget peraturan² yg membuat player susah.",1,10,5.4.0_30057195_30231699,2025-02-13 17:43:31,"Halo Traveler! Mohon kunjungi website official Genshin Impact untuk mendapatkan informasi sistem perangkat yang diperlukan untuk mendapatkan pengalaman bermain yang stabil dan lancar. Selain itu, untuk menemukan sumber permasalahan ini, mohon hubungi tim CS kami melalui feedback dalam game atau email.",2025-02-26 17:43:38,5.4.0_30057195_30231699
9a056987-6f4f-4d2b-87b3-194c2e75b56b,Index Mark,https://play-lh.googleusercontent.com/a/ACg8ocI5J3MJ4RutYWEuL5ufYu1JmYfC0pdGqS63s2lmPNn2wKml3g=mo,"Natlan jelek bngtt ew, makin sini dah kek game incel aja. Mana male charanya?!! Ga sekalian ganti nama aja jd another Honkai Impact lu. Model chara yg baru jg jelek² kek game pokeb. Main story jg jauhhh ga sebagus Fontaine, tobat si kata gua mah, udh kikir makin sini makin jelek pula.",1,5,,2025-02-13 17:39:12,"Kami mohon maaf atas ketidaknyamanan yang Anda alami, Traveler. Kalau Anda memiliki masukan atau saran, silakan hubungi kami melalui email atau feedback in-game.",2025-02-26 17:42:48,
d14c3ce5-ce40-4988-bc13-02ec7b28ce86,Enanan Cha,https://play-lh.googleusercontent.com/a-/ALV-UjVwk7fpXEmZQPJD6vxLq7sfJwVMi6Ogg1fuiTqZAmBxMgib_A,"fan service ga main main perkembangan genshin sekarang sampah banget sampai aku pensi, ganti pembuat desain character aja. game Gooners. malah masih banyak pembela nya lagi haduh haduh, jilat terus aja kaki hoyovers ga rekomendasi download buang buang penyimpanan aja",1,347,4.6.0_22174900_22378599,2025-02-13 17:32:32,"Kami mohon maaf atas ketidaknyamanan yang Anda alami, Traveler. Kalau Anda memiliki masukan atau saran, silakan hubungi kami melalui email atau feedback in-game.",2025-02-26 17:42:19,4.6.0_22174900_22378599
72c0a156-3b6d-41bf-80d0-0621d1ac94d8,Denz,https://play-lh.googleusercontent.com/a-/ALV-UjV-snNw3UuL-YWtcHpUj0A60yigbpXNE6tp8t9p5Ld13_i26L-b,Mantap,5,0,5.4.0_30057195_30231699,2025-02-13 17:25:11,,,5.4.0_30057195_30231699
24c1de6c-41bb-4504-a713-957b43cd71fd,Evha Putry,https://play-lh.googleusercontent.com/a-/ALV-UjXBkCZK8BWTsbKURrWP6WWepSJJaxM9mOHhqJHhWq_Io1RCr0nR,Sangat seru,5,0,5.4.0_30057195_30231699,2025-02-13 17:17:45,,,5.4.0_30057195_30231699
092fae12-ad7b-462e-90b0-1ac7acff1d52,Khoirul Candra wijaya,https://play-lh.googleusercontent.com/a-/ALV-UjUuV_CH16EGkoOdUnPt0a77QkPXZ8Ha8Deb97OfrbpCU5i6oa-u,gud game,5,0,5.4.0_30057195_30231699,2025-02-13 17:13:35,,,5.4.0_30057195_30231699
dcbceffb-77c6-4756-89f7-7264538d4b18,Ibnu Maulana aziz,https://play-lh.googleusercontent.com/a-/ALV-UjWaXrklJBumUpY0DMY4oK4tl2m48Kjtfua8epmUw-DEtRg_Xc2T,Gamenya sangat pelit,5,0,5.4.0_30057195_30231699,2025-02-13 17:07:23,"Kami mohon maaf atas ketidaknyamanan yang Anda alami, Traveler. Kalau Anda memiliki masukan atau saran, silakan hubungi kami melalui email atau feedback in-game.",2025-02-13 17:06:33,5.4.0_30057195_30231699
94de1042-9616-4282-80d2-bdc2adcafe9d,Aurora trisha febriana,https://play-lh.googleusercontent.com/a-/ALV-UjWRTjKYZ5g4kFfKckvkSkUHudKpKLk7yLrVhWheGQ_ehHuRhMc,"Kepencet hapus, sdih gua download ulang lagi minimal ada instant download ulang",5,0,,2025-02-13 17:00:04,,,
43851dab-edca-4cc5-a7b3-5ca5d4518d3e,Kharisma Galuh,https://play-lh.googleusercontent.com/a-/ALV-UjXtVp88MKUzC7tItH66x686HAXItMnPZMHQzAsJiVfPF5LVN1sv4A,"It's getting weirder and weirder, only prioritizing fan service, character designs are also mediocre and even seem vulgar, Genshin has really deviated far from when Genshin was first released, very disappointed",2,1,3.4.0_12498014_12591909,2025-02-13 16:33:17,,,3.4.0_12498014_12591909
0b2e6d95-7cc3-4beb-89b5-d745219358d4,Ilhamsyah,https://play-lh.googleusercontent.com/a-/ALV-UjXwQ3o2Emr3ySCmxRIwhfMvNVcMqoLaqTYPNbBrqZRZENGCTOXp,"Kepada developer, tolong untuk mengadakan fitur controller pada Android, ayolah semua Game Hoyoverse yg lain sudah bisa memakai fitur controller kenapa hanya Genshin impact saja yang belum menyediakan fitur ini",4,0,4.6.0_22174900_22378599,2025-02-13 16:21:19,,,4.6.0_22174900_22378599
fe0eeec3-99ef-4456-8a86-23ac06c8218f,kobenitscute,https://play-lh.googleusercontent.com/a-/ALV-UjWRZMeoDM6K3tBEz6OmyvhzPQUW2cejA-k4oi74LszZBCj1lTmW,Hi dev where is the new male character? I'm tired of you only releasing female characters all this time,1,3,,2025-02-13 16:06:19,"Thank you for your constant support of Genshin Impact. We welcome any valuable input from you. If you have any comments or suggestions you would like to share, please feel free to contact our Customer Service team via the in-game feedback channel or email to help us improve the game.",2025-02-26 17:39:50,
a5cb9b38-27ef-4ffc-8922-45473b628d86,aileen wong,https://play-lh.googleusercontent.com/a-/ALV-UjUCVOOXSrfaXBKJX4u1eMWPLy9Sf3AJ6v281yDs4D4U6RWL1RFy,"Bagus bgtt plisss sukaaa, baru main aja udah jatuh cintaaa",5,0,,2025-02-13 16:05:52,,,
d2d4c1c5-7f67-4178-9c0a-a296c66aedcb,Alya S,https://play-lh.googleusercontent.com/a-/ALV-UjVZk0MKeJ-Z3OR1yji-cc5lE-gLqm-EX_LDfvbvej2NpAP8CimH,"kenapa sekarang seperti menjadi game sim date, tolong hoyo tambahkan karakter b5 laki laki. kenapa terlalu banyak karakter wanita. tolong kurangi cerita seperti menjadi game sim date. untuk story karakter dari pada dibuat seperti kencan lebih baik kurangi hal ini",2,0,5.4.0_30057195_30231699,2025-02-13 15:57:47,,,5.4.0_30057195_30231699
cda782d5-9624-4056-a8c9-a3087c9709f8,Leader Gaming,https://play-lh.googleusercontent.com/a-/ALV-UjX8KESAfPvFql3S__AU0-rgedRdf55W4ACh3NP3gZdi9vaLIfo,mantapppl,5,0,5.4.0_30057195_30231699,2025-02-13 15:54:52,,,5.4.0_30057195_30231699
b9a86bb6-eca4-4db2-bbaa-412065fd8026,Sky Bye,https://play-lh.googleusercontent.com/a-/ALV-UjWIO-dPR3-8FWcuGRuU54j0y2gb2Ah8CYCeu15pXDoJUFl4KlNp,❤️❤️🔥,5,0,5.4.0_30057195_30231699,2025-02-13 15:51:16,,,5.4.0_30057195_30231699
e20f1857-eaaf-4453-a98a-26eed18e96c8,Kevin Oki Prananda,https://play-lh.googleusercontent.com/a-/ALV-UjVSu4-O8yCaR1YtWvpowFTAI_c7eCExVWfov8YhedUFZ4yK98Qa,kerja bagus.! saya merasakan pngalaman bermai game yang mendukung segala aspek game opn word yang sangan seru semua di kemas dengan menarik dan niat,5,0,5.4.0_30057195_30231699,2025-02-13 15:46:43,,,5.4.0_30057195_30231699
dda65ff3-c730-43df-b8bd-024cae1f7507,Pino,https://play-lh.googleusercontent.com/a/ACg8ocJV1g8QMaXCq3TIamDMgkaYv_0vskc-DWOoZdzstpzz34XQHg=mo,Hoyo aku pengen Mizuki ku jadi Primo lagi aku pengen furina,1,0,5.4.0_30057195_30231699,2025-02-13 15:36:08,"Kami mohon maaf atas permasalahan ini, Traveler. Silakan hubungi kami melalui email atau feedback in-game untuk mendapatkan bantuan lebih lanjut tentang masalah ini.",2025-02-26 17:39:34,5.4.0_30057195_30231699
72ff8033-b4e0-44c2-aa71-973ce18e6191,"a, dull",https://play-lh.googleusercontent.com/a-/ALV-UjWhTQBP-txdjFcmfJCInyFdB9b-PvhuLeysRGZU9FHkH6Z4wf4L,bagus,5,0,5.4.0_30057195_30231699,2025-02-13 15:33:44,,,5.4.0_30057195_30231699
09008fa2-b1de-4e2c-ab0c-a0263b732067,Feny Anita,https://play-lh.googleusercontent.com/a-/ALV-UjVVj1z3yj6gUjqN0wXrBYcawFuOI4i0RUaaUgtUvj4ZmonIqnV3,"Saya menyerah sama game ini untuk sekarang, ukurannya gak ngotak. Dan kayaknya pacth kali ini gak terlalu seru sama sekali.",2,0,2.4.0_5199000_5224067,2025-02-13 15:28:14,,,2.4.0_5199000_5224067
5250b883-c148-4671-8a50-d3217547000b,Suci sania,https://play-lh.googleusercontent.com/a-/ALV-UjVMApE-_e0kyVJv5dSCbj3XZWT7o6cCAncETQux2lF85XdZUCQ,"Bukanya di perbaikin malah makin parah hadehhh cobaa HOYOVERSE tuhh bisa dengerin saran palyer2 nya ga sih?? Semenjak natlan rilis, Desain karakter ancur parahh , story bertele tele, kebanyakan karakter cewe+ jarang rilis karakter cowok, apalagi karakter cewek nya, makin aneh baju nya, makin di buka²,",1,4,,2025-02-13 15:04:46,,,
ca187723-2976-4357-ac46-596111d04eca,bocah pasrah,https://play-lh.googleusercontent.com/a-/ALV-UjV5-6UzW_9PZAyeaC4nYGijzYKimImONGFNdILz_LXbD0pWoeg,Kikir karakter cowo,1,2,,2025-02-13 14:58:21,"Kami mohon maaf atas ketidaknyamanan yang Anda alami, Traveler. Kalau Anda memiliki masukan atau saran, silakan hubungi kami melalui email atau feedback in-game.",2025-02-26 17:35:31,
5dcc9d2b-a6ac-41ea-bbcd-11a443fed84d,mungcah deso,https://play-lh.googleusercontent.com/a-/ALV-UjWw5bR68291x0nRmYYwoSRcPDxqMw8U3sYPYLUsNG7t4hOZrIc,game nya suka ngebug,3,6,5.4.0_30057195_30231699,2025-02-13 14:56:24,,,5.4.0_30057195_30231699
590a6648-8885-4683-924a-a0164f80c87b,Liaaa Liaa,https://play-lh.googleusercontent.com/a-/ALV-UjXsTeVlqKd7xiYAKHa49iolXkHMr5wZru0EMrT8bWNPgMZnVNn2,"Karakter laki-laki terlalu sedikit bagi pemain berbendera wanita, sangat tidak suka👎👎👎👎 DAN TOLONG, AKU SUKA GENSHIN YANG DULU, TIDAK SEPERTI SEKARANG. AKU BENCI DESIGN KARAKTER NATLAN, TOLONG KEMBALIKAN MASA-MASA FONTAINE! IT'S BETTER THAN NOW!",1,7,5.4.0_30057195_30231699,2025-02-13 14:51:23,,,5.4.0_30057195_30231699
095ec86e-5cc2-46ca-9126-d7cd04f4bb98,Kenal kah Kita?,https://play-lh.googleusercontent.com/a-/ALV-UjUGy_ThQzSJH8r6J3-I1fenP0h9bSTVVkwu8PJKbH1Rq5mDdwQj,"Semenjak Update Natlan Char Male Jdi Dikit Bgt,Bahkan Lebih banyak fan service",1,3,4.4.0_20481013_20559831,2025-02-13 14:46:11,"Terima kasih atas dukungan Traveler terhadap Genshin Impact. Kami menerima secara terbuka semua masukan/umpan balik dari kalian. Jika Traveler memiliki saran atau masukan, jangan ragu untuk menghubungi kami melalui feedback in-game atau email.",2025-02-26 17:35:10,4.4.0_20481013_20559831
b6d44084-cae9-4e6d-ad73-8e34f816dcda,joanna,https://play-lh.googleusercontent.com/a-/ALV-UjU29L4XfvY-oKXpS8TwdNMvx_tCPopc8Quj1Vrrn_uxzr8fyZg,fanservice,3,0,,2025-02-13 14:41:46,,,
961b33f3-25fd-4771-adf2-92c87f5250b2,Raga Jailani,https://play-lh.googleusercontent.com/a/ACg8ocK0bMP7L7h2G7iP4yEhfZd0VuPLjCI1Jm702xdJJSaUgPfBTg=mo,"overall sudah baik kecuali 1. yaitu pada eng voice banyak karakter yang bisu pada quest archon,story maupun event. itu sangat tidak nyaman untuk saya. mohon segera di perbaiki",2,1,5.4.0_30057195_30231699,2025-02-13 14:17:29,,,5.4.0_30057195_30231699
dc4d7032-9a1c-429c-94c0-e5619b3aeb1c,AssyifaP _kawaii,https://play-lh.googleusercontent.com/a-/ALV-UjXw1VDdLK9ZaNwva8D8F4u3KDvAr5WgpOqGHr69qwvkR1RXGck,Saya tidak suka update genshin terbaru. Pliss desainnya downrage bgttt,3,0,,2025-02-13 14:06:47,,,
f3c3d00d-2902-439a-ac07-689b0accd777,Khairul,https://play-lh.googleusercontent.com/a-/ALV-UjUR3EGKgzfQihyNyUfEBCZUv9Rs3_ULb7RFXArDbbOa61wSuQVA,"Sebenernya ini adalah game yang bagus, Lore nya bagus banget dan menarik, gameplay nya yg santai dan pemandangan yang indah bikin gw chill. Cmn yang jadi masalahnya itu pembawaan cerita nya yang terlalu banyak pembicaraan gak penting, ini yg buat gw bingung Ama story utama nya. Trus reward eksplorasi yang gak sesuai, yang bikin orang males Explore.",5,119,5.4.0_30057195_30231699,2025-02-13 13:54:29,,,5.4.0_30057195_30231699
93f6a065-e86d-48bb-9c22-45dab0fe469d,Rain Arimor,https://play-lh.googleusercontent.com/a-/ALV-UjVCGx5AMhMb42WFqbN5ierXbdI4QGLjo6dGTwkES-ONf3khA3o,Kocak,5,0,5.4.0_30057195_30231699,2025-02-13 13:47:57,,,5.4.0_30057195_30231699
66b240e3-354e-4142-bc34-9090413ab592,Restu Wijaya,https://play-lh.googleusercontent.com/a/ACg8ocIgqha9AVsLaoV39SYZFp-yE0-yPWLby9Sw8emm6yjr_fWgRw=mo,"Game terbaik lah, yang gw mainkan",5,0,,2025-02-13 13:44:50,,,
ad657941-7d3e-4cc7-8226-5cfdb30d141f,Vishnya Chernikha,https://play-lh.googleusercontent.com/a/ACg8ocLjACB_bgHTqBSyA4iEaJ6K09snAYWeo2SU_0tqsZnm-Ev9ug=mo,I WANT CHILDE,5,0,5.4.0_30057195_30231699,2025-02-13 13:44:44,,,5.4.0_30057195_30231699
9b97c3fc-2cc4-4b75-b6a0-b183b99879c9,David Hotlas,https://play-lh.googleusercontent.com/a-/ALV-UjVhKPwovNclmyEZcScjqO7Zpo5om237cTBk6q2EzV40rcMAdCI7,"Makin berat gamenya, dialognya di pendekin aja",4,6,,2025-02-13 13:34:43,,,
048d0b15-5ae1-4682-b3c6-e0003ff36531,Muhammad Sidiq.A,https://play-lh.googleusercontent.com/a-/ALV-UjUfPxDExGXl8a5AKyQGErYFrlMzAvdzRkfHPWr-tCU0HZBvMMi4,Game ini menemaniku di waktu luangku yang sangat banyak :v,5,0,,2025-02-13 13:22:59,,,
ce2c0952-7706-41d6-8b06-109c5e63e98b,Khairunnisa,https://play-lh.googleusercontent.com/a/ACg8ocIzQW56fnjeE7dFRZUMNciyZYYaUrX1_Tx5Na15MF31sh6nuQ=mo,"story cuma banyak yapping, isinya full fanservice cowo doang dri patch lalu ampe sekarang. minimal ga bertele tele lah, walau quest panjang imbalan harus setimpal! (contohnya banyak, merem juga ketemu)",1,2,,2025-02-13 13:19:03,"Kami mohon maaf atas ketidaknyamanan yang Anda alami, Traveler. Kalau Anda memiliki masukan atau saran, silakan hubungi kami melalui email atau feedback in-game.",2025-02-26 17:44:49,
e9c2456f-8333-4cdb-b270-07d8a56ba82c,Christofer Geraldine Tanjaya,https://play-lh.googleusercontent.com/a/ACg8ocLH63WOhXJD5gWV_aOntQSijhX9sdynwoPRHIaztWCGogoBMw=mo,"Gamenya Seru Dan Lancar Banget. HPku: Samsung Galaxy N54 5G, Exynos 1380, Ram 8 GB, Internal 256 GB, Layar 6,5 Inch, Charger 25 Watt, Super Amoled Plus (SA+), Refresh Rate 120 HZ, Layar Datar (Flat), Berat 197 Gram, Baterai 6000 MAH, Harga 3.3 Juta (baru). HPku Enak Banget Buat Main Genshin Impact, Di Settingan Highest 60 Dapat 58-61 FPS... Btw Aku Main Genshin Impact Sejak 12 Oktober 2020, Dan Sekarang, Aku Gak Sadar Udah AR 59... Mantap Mihoyo, Dan Aku Sangat Suka Game Genshin Impact...",5,0,3.0.0_9612129_9624836,2025-02-13 13:07:31,,,3.0.0_9612129_9624836
cf81c912-795f-49fa-95db-d4fd665d4453,Agive Sinaga,https://play-lh.googleusercontent.com/a-/ALV-UjVSjsxCSFsi1Vvr3PQNNHYQzrVenFv0Us10bS_1oZjLOH-wrTQ9,Kurang²in fanservice yg jadinya bikin geli bukannya senyum² sendiri,1,4,5.4.0_30057195_30231699,2025-02-13 12:27:55,"Kami mohon maaf atas ketidaknyamanan yang Anda alami, Traveler. Kalau Anda memiliki masukan atau saran, silakan hubungi kami melalui email atau feedback in-game.",2025-02-26 17:44:23,5.4.0_30057195_30231699
cc43b594-ba83-46cc-911d-fc88bf8b6756,Juanda Juanda,https://play-lh.googleusercontent.com/a/ACg8ocLZPaDlcLpO2ieAmevBGktrayjFnHhrJznQifGPg0NYhfn-1Q=mo,fitur skip,1,0,5.4.0_30057195_30231699,2025-02-13 12:25:58,"Terima kasih atas dukungan Traveler terhadap Genshin Impact. Kami menerima secara terbuka semua masukan/umpan balik dari kalian. Jika Traveler memiliki saran atau masukan, jangan ragu untuk menghubungi kami melalui feedback in-game atau email.",2025-02-26 17:43:58,5.4.0_30057195_30231699
6bb9c05e-7476-4c7c-9e45-754fe97780ee,UDEL BodonG,https://play-lh.googleusercontent.com/a-/ALV-UjWJL0N_n47MH1bC6AIgsHI9jqDt-q4f82WL6L6xVFI6GqD-0Gk,Sangat indah,5,0,5.4.0_30057195_30231699,2025-02-13 12:19:02,,,5.4.0_30057195_30231699
52590cb1-dc2d-4e67-8160-d09bc16dad63,Anggita elsa h,https://play-lh.googleusercontent.com/a-/ALV-UjWPAadDz1sVJpQFK6WvieKzlcC2GTSALtAzlUI7i189e2VI2rUw,"Awal aku main itu buat bersenang senag karna rolenya rpg tapi jujur ya genshin walau bansos mu itu makin meningkat, gameplay mu itu semakin menipis kek kita kalau eksplor itu hadiahnya itu itu aja ,ditambah kelamaan stuck di quest nya jadi mau eksplor dan menikmati kek jadi bosen ,ditambah karakter nya itu kebanyakan cewe yang bajunya ga sesuai plis lah gua sebagai player itu juga mau karakter cowo bukan cewe Mulu ,plis kecewa berat",1,4,4.3.0_19705728_19706476,2025-02-13 11:53:34,"Kami mohon maaf atas permasalahan ini, Traveler. Silakan hubungi kami melalui email atau feedback in-game untuk mendapatkan bantuan lebih lanjut tentang masalah ini.",2025-02-26 17:43:42,4.3.0_19705728_19706476
a474be87-eef0-479a-98d8-12c26fde3390,Ndori,https://play-lh.googleusercontent.com/a-/ALV-UjV7EV3kZAQsIrHQDnaSKSlyf6dfZfSGNCBczvuoLx67cqP-J7fO,"kalo bisa ak mau kasih 1 bintang bjir, game paling budeg gamau dengerin saran player. mo ku antar ke spesialis telinga ta?",1,3,5.4.0_30057195_30231699,2025-02-13 10:53:53,"Kami mohon maaf atas ketidaknyamanan yang Anda alami, Traveler. Kalau Anda memiliki masukan atau saran, silakan hubungi kami melalui email atau feedback in-game.",2025-02-26 17:41:42,5.4.0_30057195_30231699
3a3f3510-6397-4b3e-aeae-c3b8c55217d1,Muhammad Revan,https://play-lh.googleusercontent.com/a/ACg8ocLbUaaMBcLt0FHoPn2PrXhl36-kWWwCKcjGt8xSh1Yfqw-jRA=mo,hilangkan yapping pada saat quest dunia,1,3,,2025-02-13 10:23:44,"Kami mohon maaf atas ketidaknyamanan yang Anda alami, Traveler. Kalau Anda memiliki masukan atau saran, silakan hubungi kami melalui email atau feedback in-game.",2025-02-26 17:41:22,
0b6c9038-35a9-4a0c-bc09-55c3440402fb,Mutia Tri astuti,https://play-lh.googleusercontent.com/a/ACg8ocKOXzuw4qfx1YZYPT3ZxbkkS1w3Fnbxfcv-Uwe-j2TWe3ChLQ=mo,"Makin kesini questnya makin ngeselin, musuhnya juga makin ngeselin, karakter playbenya juga makin aneh, bikin ngakak mood main lagi",1,4,5.4.0_30057195_30231699,2025-02-13 10:14:43,"Kami mohon maaf atas permasalahan ini, Traveler. Silakan hubungi kami melalui email atau feedback in-game untuk mendapatkan bantuan lebih lanjut tentang masalah ini.",2025-02-26 17:41:07,5.4.0_30057195_30231699
5624a666-dc14-44ff-8220-42ac7d7fc589,Teguh Ahmad Alfan,https://play-lh.googleusercontent.com/a/ACg8ocLpx7M35qyxDWp62tFXz3l9BlYeJ_V8z4wvihbXJBfDANqpGW0=mo,mantap bisa main sma cewe manizzz,5,0,,2025-02-13 09:26:26,,,
ed7709b3-cd69-4121-8ba8-67e5ca4af827,Fawwaz Akmal,https://play-lh.googleusercontent.com/a-/ALV-UjUz_uny373aD9I5LaFHSd8mmt18SkNXgxqD-tfwVwWMTbWWG9O1,game kikir qol,1,1,,2025-02-13 09:12:43,"Kami mohon maaf atas ketidaknyamanan yang Anda alami, Traveler. Kalau Anda memiliki masukan atau saran, silakan hubungi kami melalui email atau feedback in-game.",2025-02-26 17:39:59,
9d16f0e9-dfe6-469a-93a9-806ad502a74f,Rizky Bintang,https://play-lh.googleusercontent.com/a-/ALV-UjWowWkMR8IDuVIcn4I2jcpT_xs9752rZKd5VAda0ZzLQOfYOdQ,Game kikir,1,1,,2025-02-13 09:03:38,"Kami mohon maaf atas ketidaknyamanan yang Anda alami, Traveler. Kalau Anda memiliki masukan atau saran, silakan hubungi kami melalui email atau feedback in-game.",2025-02-26 17:39:30,
25934794-3cbe-4849-86fb-4b8cbef4f772,Good Boy,https://play-lh.googleusercontent.com/a/ACg8ocLgCfUnzDuNiO4kYeCygHB9H6IRcTW_BTNvjMTU8A-t7RY0FA=mo,the only thing i hate about this game is theres no skip button. banyak game story lain yang ada skip button nya loh? ga semua orang punya waktu buat main genshin.,4,0,,2025-02-13 08:58:01,,,
0cd72af1-8a1d-481e-a1b9-05aa0ff62d9e,Nadhira Viola Renisya,https://play-lh.googleusercontent.com/a-/ALV-UjXmmQVJut8ujfM6CH1cxy2ZhDhC4Va-WyIvDyvaYop1Q9nnI5YA,story nya mulai bikin bosan,1,1,5.4.0_30057195_30231699,2025-02-13 08:32:26,"Kami mohon maaf atas ketidaknyamanan yang Anda alami, Traveler. Kalau Anda memiliki masukan atau saran, silakan hubungi kami melalui email atau feedback in-game.",2025-02-26 17:39:20,5.4.0_30057195_30231699
d03b5ee2-45d6-40d4-90c5-0b7e95e24abf,B1_ Ayb,https://play-lh.googleusercontent.com/a-/ALV-UjX01ZytSuruTiXMVvyZ2sBdVYj65pbayGqcJWCAOIs_DahFQS1C,"As a player, I can't demand too much, especially since I'm a F2P player. However, I hope that developers can learn from other games so that in the future Genshin Impact can have the strength to compete. It's sad to see a masterpiece become the object of insults by their own fans. Hopefully Genshin Impact can still survive this year.",4,26,5.4.0_30057195_30231699,2025-02-13 08:13:03,,,5.4.0_30057195_30231699
c9f3df46-6c6f-4979-9d3c-ab9e03ff6f68,Marcelo Pranata Parinsi,https://play-lh.googleusercontent.com/a-/ALV-UjWKr4YspjZY0bOh33Q65J7XEdyAw_uUXYVNSki98VktUTHDmD3O,ANGJAY GAME RATA KANANNN,5,0,3.5.0_13082099_13156424,2025-02-13 08:05:23,,,3.5.0_13082099_13156424
fb9e79f7-bc15-4e87-9b09-56b00ec76171,said al-maridany,https://play-lh.googleusercontent.com/a-/ALV-UjVfoZrfmVnk9D7gs6l5lZ5U1I5SmSueK8EroIBYJhUwpeiHgzU,My world now.. thanks for all....,5,0,3.8.0_15672274_15939604,2025-02-13 07:25:27,,,3.8.0_15672274_15939604
14ac362b-774c-4521-b303-2cf44d550174,Rem Chi,https://play-lh.googleusercontent.com/a/ACg8ocLGkuFJtippivn7l6hzWdjmaOAy0U54JLJQVAEV9UmeJFO0aw=mo,Game kikir,1,0,,2025-02-13 07:16:56,"Kami mohon maaf atas ketidaknyamanan yang Anda alami, Traveler. Kalau Anda memiliki masukan atau saran, silakan hubungi kami melalui email atau feedback in-game.",2025-02-26 17:39:11,
6d7a7b22-4ae5-42a1-839f-da40717d0d1f,Awal Wasis,https://play-lh.googleusercontent.com/a/ACg8ocJSWHSgDTwOLrbG5eMfMyO-KQCPj_dlxf0ySb3Ovbnz59FOOmc=mo,Good,5,0,5.4.0_30057195_30231699,2025-02-13 06:44:40,,,5.4.0_30057195_30231699
5bb61d5c-6b41-482a-9d7a-742cdaf3c9df,Fatur Rahman,https://play-lh.googleusercontent.com/a-/ALV-UjUWpHH4CWrFor1Jji5L1cEm8LoLqW5hLgE0WAbmtlvACzQpx8XO,Kurang dikit aja saran yah min kalo bisa tambahin deh fitur voice chat jadi mudah aja gitu komunikasinya sama teman mabar.. Fitur chat jadi agak gak guna kalo semisal pas lagi bertarung gitu... Please min tambahin fitur voice chatnya 🙏,5,0,,2025-02-13 06:38:17,,,
59998fbf-3bd8-412b-a77b-5fd3fd23a24b,Megumi Livi,https://play-lh.googleusercontent.com/a/ACg8ocJh5Tpcey3lqyouRi_5CEK-0OOYE3KG1JDc3koItOuE47Fabw=mo,"sorry genshin, karakter cewe dan cowo ga seimbang kebanyakan cewe. story telling nya bikin ngantuk, animasi sama ekspresi karakter pas story tuh biasa banget bikin ngantuk ditambah lagi gaada fitur skip. design karakter makin jelek setelah natlan jadi banyak fan service, untuk lore negara natlan pun biasa banget saya kecewa. semua story pun kebanyakan dialog ga penting yang ga nyambung ke lore",1,3,,2025-02-13 06:17:02,"Kami mohon maaf atas ketidaknyamanan yang Anda alami, Traveler. Kalau Anda memiliki masukan atau saran, silakan hubungi kami melalui email atau feedback in-game.",2025-02-26 17:39:00,
24fc7634-0549-4712-b97c-172a0228d3b6,Muh Restu,https://play-lh.googleusercontent.com/a-/ALV-UjVm_nvcyXVzCYpZixZUDTgi-T6bn7hGfsAokoBUA6v4tsX9Q05S,Spiral abyss 3.7 Ngak ngotak susah banget,5,0,5.4.0_30057195_30231699,2025-02-13 06:13:31,,,5.4.0_30057195_30231699
b5176a5f-4928-487b-857b-c2b3f21e78f3,Arif Arifin,https://play-lh.googleusercontent.com/a-/ALV-UjV0nnhFsrYNM87KjluKlVjqo89Fa5aW5PaHh2MxJL43PjVAjtry,Tambahin fitur skip dialog,5,0,5.4.0_30057195_30231699,2025-02-13 05:35:43,,,5.4.0_30057195_30231699
4bd6fe5e-6034-4a1a-b209-aecc150016ad,hackers cheater,https://play-lh.googleusercontent.com/a-/ALV-UjXIFt_gLCfPqssFnyHqjDCfRToCSwaQs6WUsrPK4e4jsQLJnA,pelit bansos,1,0,,2025-02-13 05:35:11,"Kami mohon maaf atas ketidaknyamanan yang Anda alami, Traveler. Kalau Anda memiliki masukan atau saran, silakan hubungi kami melalui email atau feedback in-game.",2025-02-26 17:36:26,
5a0c1ec5-c69b-4807-9ede-1ac77d653de1,Vhicka Rasta,https://play-lh.googleusercontent.com/a-/ALV-UjUvnfBcjVEoH0o8_yrrC6tK81aNNl6iOdXfITZl5xtEzWZU4ec,mantap kalo bisa tanpa ada skip atau auto play jangan di kasih kebiasaan usaha sendiri good game,5,0,5.4.0_30057195_30231699,2025-02-13 05:17:24,,,5.4.0_30057195_30231699
a62d1075-0f9b-4463-9547-1e66bb7a38ed,Fabil Fadilah,https://play-lh.googleusercontent.com/a/ACg8ocL4iCc665KG3f0t5cQFBpeSi2XahDZq4R0lXzWAyLBRJwCbMw=mo,Story nya bagus cuman animasi char pada saat berbicara kurang terlihat hidup,4,0,4.4.0_20481013_20559831,2025-02-13 05:05:59,,,4.4.0_20481013_20559831
896574e1-f33c-4b9e-b40e-c2718490759b,nami kento,https://play-lh.googleusercontent.com/a-/ALV-UjWBGtq99WlKr-ati6wQXCRF93wAYsXBPglO9aUgkuEwrxiZi-la,"perbanyak char cowo nya, sekali nya ada char cowo yang baru malah di bikin b4, ada char cowo keren kayak capitano di bikin mati, char cewe yg baru rata² di bikin terlalu terbuka😂 genshin service wak😹 lucu loh ya",1,3,,2025-02-13 04:35:17,"Terima kasih atas dukungan Traveler terhadap Genshin Impact. Kami menerima secara terbuka semua masukan/umpan balik dari kalian. Jika Traveler memiliki saran atau masukan, jangan ragu untuk menghubungi kami melalui feedback in-game atau email.",2025-02-26 17:34:30,
6ef6b022-c6b5-4a87-a521-e3efa69c6877,Senior Clubber,https://play-lh.googleusercontent.com/a/ACg8ocLjxaV2-xtbRQobUZFD4khXSSqJ17lsS52fKHa8laQBrhYFUQ=mo,"Download ini ekspetasi gw bakal petualang sama ada actionnya dan multiplayernya macam MMO. Ternyata oh ternyata malah kayak game visual storytelling, mana gak bisa diskip pula. Terus system build char dan itemnya pake metode game Facebook, energi abis jadi gak bisa kumpulin material. Tapi masih bisa dimaenin buat bertualang, sayangnya actionnya kurang kebangetan. Udah main ini mungkin lebih dari 6 bulan. Mau kasih rate 2.5, tapi gak bisa, ya kasih 3 aja deh. Padahal punya potensial nih game.",3,9,5.4.0_30057195_30231699,2025-02-13 02:48:38,,,5.4.0_30057195_30231699
a7b488c5-1c7e-4b68-b8f8-8bf2f2288ff0,Hanif Zulha,https://play-lh.googleusercontent.com/a/ACg8ocJUXJFlaaa2GFW-QpcgDXYRGjGGQEJ3VLRYlug9cDZc6HPLow=mo,"KALO BIKIN DIALOG TUH YANG JELAS JANGAN DIBIKIN PENJELASAN BERULANG-ULANG, KALO GA TAMBAHIN TOMBOL SKIP BUAT ORANG YANG GA SUKA DENGERIN YAPPING YANG GA PENTING-PENTING BANGET SAMA STORY, APALAGI CUMA QUEST DUNIA",1,0,,2025-02-13 02:32:05,"Kami mohon maaf atas ketidaknyamanan yang Anda alami, Traveler. Kalau Anda memiliki masukan atau saran, silakan hubungi kami melalui email atau feedback in-game.",2025-02-26 17:34:21,
1d34c854-23a5-4135-99cf-86aa49704b7e,Dimas Hardiansyah,https://play-lh.googleusercontent.com/a/ACg8ocLeYew9wXyqp5ep_gzqvApC__sEvB2DLaTrQuVVFZC5U1CvLQ=mo,Bagus banget gamenya tapi kikirr bjirt😭,5,1,4.5.0_21307647_21321795,2025-02-13 02:22:44,,,4.5.0_21307647_21321795
ad4a3503-7bd0-467b-b581-d54f9c1d8da2,18_Risqin Zakiyyan A,https://play-lh.googleusercontent.com/a-/ALV-UjVYXHxUXqeEFJYgEuqQOQFvB4yB7ZuTXlKnRQSvm4h9FxgTwlc_,Area baru nya sangat keren tapi masih banyak bug di area nya tolong lebih dioptimalkan ya,5,0,4.7.0_23093867_23435602,2025-02-13 02:13:27,"Terima kasih atas dukungan Traveler terhadap Genshin Impact. Kami menerima secara terbuka semua masukan/umpan balik dari kalian. Jika Traveler memiliki saran atau masukan, jangan ragu untuk menghubungi kami melalui feedback in-game atau email.",2024-08-08 18:01:51,4.7.0_23093867_23435602
847c6f07-5dde-4710-8608-4622a6ece8f7,Irman Infinix,https://play-lh.googleusercontent.com/a/ACg8ocKywn1MIspZXO0buM8pAgVGor4oYZe7V1279nIKHD3lXl85Yw=mo,Kurangi yapping nya,2,0,,2025-02-13 00:53:52,,,
631ff223-65da-429c-92a2-01e066d715f7,Riva Riyaldi,https://play-lh.googleusercontent.com/a-/ALV-UjUJA8aDAfjCKvHztG_y0KrHKQTpuqe7eUjURZprWLhctE0JYxTV,Good,5,0,5.4.0_30057195_30231699,2025-02-13 00:29:13,,,5.4.0_30057195_30231699
eda3f890-e4e4-4f63-a671-86ae7831b61c,Fathurrahman Wodi,https://play-lh.googleusercontent.com/a-/ALV-UjUCZ2WPZ1iMayockD3E3VQG76k8My0uP0YIUiLNZNzeOiiWuVCJ,I liked exploring...even tho my device is potato like 🗿,5,0,5.3.0_29183395_29332470,2025-02-13 00:23:03,,,5.3.0_29183395_29332470
9c98cb4f-2712-4f97-96a6-8546df1abd3c,Ahmad Bukhori,https://play-lh.googleusercontent.com/a-/ALV-UjUYeqNjnVflbzl14lShi3ZZGDrtV3QREzDJuySsOMUA9l1ecwE,"One of the few Hoyoverse games I play is the best on my phone, and the progress of my account is also very very conditioned right, although there are only problems with the timing but that's not what, what matters is the result and hard work to take care of it. Thanks Hoyoverse !!!",5,0,5.4.0_30057195_30231699,2025-02-13 00:05:26,,,5.4.0_30057195_30231699
169690b3-913b-4ad8-8bb2-de559d3ce371,Aksay Malinta,https://play-lh.googleusercontent.com/a-/ALV-UjWB3HPW0lHQgUDgVoaQIbZly8LUfXYvCivJ54noh7hyODGcPPI,"Game nya udah bagus, tinggal sediain fitur skip dialog nya sih",5,0,,2025-02-12 23:57:37,,,
5183a879-6d8e-40b7-a122-d1950284fc91,Bintang Zikri,https://play-lh.googleusercontent.com/a-/ALV-UjVmfF1dYgU0V-v2HMwBoBicKBoT15sGh11_AlkRrb1fWgSzsgg,"Gamenya bagus bet🤯, saran gw nambahin controller gamepad agar permudah buat nonton di smart tv😁",4,0,5.4.0_30057195_30231699,2025-02-12 23:39:52,,,5.4.0_30057195_30231699
50dccc3d-925a-49d1-aae3-7eaeb8b6ea9a,Bilqis Amelinski,https://play-lh.googleusercontent.com/a-/ALV-UjW-V6mDZBPiTZEtnUeEGtN4SgPSJmjqi8WGgJjFKOubPAq8qrs,lag parah padahal jaringan udah on point,4,0,5.4.0_30057195_30231699,2025-02-12 23:33:08,,,5.4.0_30057195_30231699
ad509dfa-3b75-44c6-baff-20fafdc5e063,Yusuf Fauzi,https://play-lh.googleusercontent.com/a-/ALV-UjUKEjiPSZOrWarIZBmj8KTKwepGixkSETRL8VkuptoCOcuvWPoT,Sayang banget ngga ada fitur skip dialog Setiap kali keluar aplikasi kalo belum selesai Jadi harus ngulang lagi dialognya yang panjang banget,4,0,,2025-02-12 23:10:24,,,
92f84c94-8669-4b53-ae29-be8c73067d76,zsze,https://play-lh.googleusercontent.com/a-/ALV-UjUIp6-d1O4gK6fBz1IioPL8Sb9lAKIoQ-c9Qy9yZm9WDQMu2M8s,lofyu venti sayang,5,0,,2025-02-12 22:52:59,,,
8dfa3ed7-7437-4bb0-9931-9e98cf7aec89,G. ADISTIAN,https://play-lh.googleusercontent.com/a-/ALV-UjWnicYBMz0Z7wpa0S37ffAq5pnD39cdILm2y3yCVJKlEUlOy-tN,Kaya main ps,5,0,5.4.0_30057195_30231699,2025-02-12 22:44:52,,,5.4.0_30057195_30231699
6d0f03d0-f495-46c9-8c6c-20bb026fcbf9,Muhammad Lutfi Ramadan,https://play-lh.googleusercontent.com/a/ACg8ocJy3Hf1JCru2iipbAO4t23ikO5GHLhmOT1VgTiUDqmjkmvU_g=mo,"kasih tombol skip lah pas lagi cerita panjang cape mencet"" mulu",2,0,5.2.0_28336591_28351161,2025-02-12 22:41:09,,,5.2.0_28336591_28351161
090797b4-daff-41ca-a58e-86d3a3b9fac1,Achsan Basri,https://play-lh.googleusercontent.com/a-/ALV-UjW1CWkNApXUAv0vkD0hb1yRLF4h_fvT0mJ4OkHflk2xqBLIN_UT,Bagus siih tapii saya miskin,5,0,,2025-02-12 22:39:51,,,
152e4e9c-b4de-4120-a280-814b087f9432,Ade kurniawan,https://play-lh.googleusercontent.com/a-/ALV-UjVYjb5PhYqh84yvsU9sEY4x_DKoAtf--jDukNsMbUcCySg4iV8S,Pas baru download download data nya lama banget cok jadi males buat lanjutin padahal pake wifi kenceng,4,0,,2025-02-12 22:29:59,,,
2324597e-8703-4a8f-b5b8-14751c5bcb93,Alby Pratama,https://play-lh.googleusercontent.com/a/ACg8ocI8UN645BLe50nCcs9ZTL9WMf6T3EwPOnAGYy-WNYUBRdq9og=mo,Mantap mediatek helio g99 lancar 120fps 😍,5,0,,2025-02-12 22:23:43,,,
0882ccb0-56c7-4250-a8c0-10fcb0cf3968,Fachry Al abrar,https://play-lh.googleusercontent.com/a-/ALV-UjV4J6TUFRka7I2T6H3HgCuCDI6gGQMg12OUeVD9qltpR9l1xzw,game gampang,5,0,4.7.0_23093867_23435602,2025-02-12 22:21:12,,,4.7.0_23093867_23435602
45cdb1eb-a908-4dfa-b94b-bdcbb2b61f2f,Bintang Haidar Ammar,https://play-lh.googleusercontent.com/a-/ALV-UjX-w9QHaKYZfB2eFqfwqBtoJAsP3t5a07bLkxNwIdYNDWv62oqw,"Sangat perfect nih game , udah gabisa berkata2 apa lagi aing , OIYA BUAT KLEAN YG NGELUH NGELAG2 GARA2 HP KENTANG , SADAR DIRI COK HP BAGUSIN DULU , JANGAN NGELUH AE KONTL , HP KENTANG AE GAUSAH SOK KERAS COK",5,0,1.0.0_1112729_1135452,2025-02-12 22:12:55,,,1.0.0_1112729_1135452
5529b166-9922-4866-a680-076167b7546f,Seruni Althaaf Maahirah,https://play-lh.googleusercontent.com/a-/ALV-UjU2m7NXD41uMKhQ0ukEq0JhMoaT_KzEKnL2--NfVWManAxj-kk,Maaf kalau aku kasih bintang tiga soalnya setiap gw coba update genshin dan pas nunggu di screen loading nya tiba-tiba hp gw mati jadi gw bingung padahal memo hp gw Masih banyak,3,0,,2025-02-12 22:08:13,,,
ad8a1fa4-fe83-4128-83ba-495daabcfe1c,Soleh Soleh,https://play-lh.googleusercontent.com/a/ACg8ocL1gu9nNMHpi3U1yj5MwI1-oZcxjiajnhMvXtmJ2Na4--2T1Q=mo,Gamenya sangat bagus dan menarik cuma saya mohon untuk adakan filter pengulang quest agar bisa dinikmatin lagi👍,5,1,5.4.0_30057195_30231699,2025-02-12 22:07:46,,,5.4.0_30057195_30231699
d5feb2aa-0a8e-448e-ad9e-77b33647c3cd,Ragil tampan,https://play-lh.googleusercontent.com/a-/ALV-UjWyw-1v2shnQ7YyEN4tfrxErIpA9R26phfZ4uoZqmiRqm3xCLpY,Menarik event,5,0,1.4.1_2154667_2147343,2025-02-12 21:53:05,,,1.4.1_2154667_2147343
221105d5-3c0c-4bd3-a939-199e412f4a2b,quit,https://play-lh.googleusercontent.com/a-/ALV-UjUnpfs1ZjDbOwzdpDjQjOUk4pdG1tOehgjrrM1jEf7LAtlV2Bfu,Baguss karena aku bisa liat kazuha my love,5,0,,2025-02-12 21:50:21,,,
e511cb51-5aeb-4b4e-a168-e49559efa83f,Nal,https://play-lh.googleusercontent.com/a-/ALV-UjV3aSL_FiEuvpmNMhsfhEZ40dkzUskD8xPUKdD8-iiVcV1VsxOr,"banyakin lah karakter cowo nya, jangan cewe melulu.",2,0,,2025-02-12 21:47:28,,,
a1ce0452-225a-49a7-a342-7f4dba9b8e75,Muhammad Rahmadenta,https://play-lh.googleusercontent.com/a-/ALV-UjX7EiryCAVrzN7erWBtgySMzKH0zQvWp-kMXGLACnk8OxP-p7EaWQ,"GAME BAGUS WAJIB KALIAN MAINKAN CUY. APALAGI KALAU AKU BISA GABUNG HOYOCREATORS,EHE.",5,0,,2025-02-12 21:43:06,,,
e5bb39a7-e8f7-4210-ae4a-305bb8c88705,Not Know,https://play-lh.googleusercontent.com/a-/ALV-UjWOCQ4jlYezbuzp6sW15hNHN_IenjnsOQtidrK6O2BcYyEbx2A,Buat admind genshin kalo ngasih rate off karakter kasih Mona :) belom ada mona,5,0,4.3.0_19705728_19706476,2025-02-12 21:37:30,,,4.3.0_19705728_19706476
3f96c64f-5b25-4612-8f6a-0700b71f2b2c,RA Zainur,https://play-lh.googleusercontent.com/a-/ALV-UjXDIynWyxOWXbukax7C-NwL7cJ2RwZ3qIhqqiSfexz0QV5XABg,"Excuse me HoyoVerse, I have a request... can we get 20 primogems every week after winning the champion card duel?",5,0,5.4.0_30057195_30231699,2025-02-12 21:27:19,,,5.4.0_30057195_30231699
2f718ef7-6842-432f-a279-471b8fe00258,Riko Andriansyah,https://play-lh.googleusercontent.com/a/ACg8ocKuOo9qhE0BZPvirkYwSKsWB5uCl9CPGtvaGaFP0wCEkqG-uA=mo,Tolong kalau bisa untuk pengguna Handphone itu di permudah...,2,0,5.4.0_30057195_30231699,2025-02-12 21:26:09,"Kami mohon maaf atas permasalahan ini, Traveler. Silakan hubungi kami melalui email atau feedback in-game untuk mendapatkan bantuan lebih lanjut tentang masalah ini.",2024-11-14 18:46:25,5.4.0_30057195_30231699
c66a3b36-2300-4266-acee-33579d0ceb34,Raihanah Nabila,https://play-lh.googleusercontent.com/a-/ALV-UjWBToVK8oRuirEZ9sQPJ1bXLfoh-1jRltth2wizWmduBo5Su5k,Dikit character laki-laki b5 nya,2,0,,2025-02-12 21:12:19,,,
cb5fd1e7-e3b2-4f55-b775-8970b0f2e325,Azis,https://play-lh.googleusercontent.com/a/ACg8ocJdPRiOjpowfd__R4lQJeUocbjRz6Oya--5IqIQTdS6rvSifQ=mo,Bagus banget,5,0,,2025-02-12 21:11:46,,,
d89e86ef-e5e3-4766-8eae-9785fc32c6c5,Gwalangg,https://play-lh.googleusercontent.com/a-/ALV-UjVK7sXvnaX89vHnwcRXqyS0TMDW3NEnXBq6xCs8XLHLo-JkeO2Y,ok,1,2,4.8.0_24603909_24822834,2025-02-12 20:55:20,,,4.8.0_24603909_24822834
655a2997-189e-4b9b-bcac-0589da4402d7,Alldin Pratama,https://play-lh.googleusercontent.com/a/ACg8ocJqiXJcNpvApXwRvpbxfcxhmpH_udA3XbGX3SuQbSPC-55CrA=mo,Tolong update QoL yang penting saja. Jangan yang penting update 🗿,4,27,4.8.0_24603909_24822834,2025-02-12 20:45:25,,,4.8.0_24603909_24822834
61398cb3-c4d2-4013-950e-670027a69512,Hilma Nabila Zahratussita,https://play-lh.googleusercontent.com/a-/ALV-UjUjCBcWbqUjfQFbtq8M1VBXclnuoA3S270f_-B50F_zF9t81eN23Q,"Tambahin skip story, kebanyakan yapping",1,0,5.0.0_26041933_26161852,2025-02-12 20:40:28,,,5.0.0_26041933_26161852
627fd260-1dd7-4b28-99da-bbddc466e865,Kanaka Ardhionara Wicaksono,https://play-lh.googleusercontent.com/a/ACg8ocJ-XBYjKPZIFvciZ7m4EtasbUarJaYy-KcHxE9OMNUsmnpQV68=mo,"I like it Soo much and.. because Wanderer,i more love it",4,0,,2025-02-12 20:37:30,,,
2c1b7b82-8212-41e7-84a3-74d596f89fd5,Radit Bebas,https://play-lh.googleusercontent.com/a-/ALV-UjU40-8a8dsF2YeJWsDumKEWEuDKD5hKG9h46A0vo_jxI3pWB1HP,"gila hp gua panas kaya setrika,tapi aman kok,ini keren bangett,demi tuhan,tapi isiin skip pas ngobrol dong,ok makasi",5,0,,2025-02-12 20:28:44,,,
6fc97ec1-0516-42f1-b211-8b1b1c53592a,fadil alfikri,https://play-lh.googleusercontent.com/a-/ALV-UjVgR22HsJe26Be1e4JKfkHslJiCoCxLWE-qk6POQ7UQGhQ-10g,"Untuk saya yang pecinta game story,game ini sangat menyenangkan, salah satu game RPG terbaik yang pernah saya mainkan, dari main story, side story, bahkan karakter² dari game ini dibuat dengan backstory yang sangat bagus, auto bintang 5",5,0,5.3.0_29183395_29332470,2025-02-12 20:26:45,,,5.3.0_29183395_29332470
e41742a2-eabb-471b-8653-8e48c2f80743,Syamsul Hidayatulloh,https://play-lh.googleusercontent.com/a/ACg8ocI-o6G0zPGn1iJm1V3p_s2heg7xHCQkRsdBVU4CMQUnHdQAWA=mo,"Jendela quest di pojok kiri atas peta di versi terbaru sangat mengganggu buat explorer seperti saya. Quest story udah tersedia di menu quest, menu di profil, menu di buku petunjuk, sama tanda 🔸 di peta masa masih kurang sih, aampai harus bikin gambar besar di peta segala",3,17,5.4.0_30057195_30231699,2025-02-12 20:24:59,,,5.4.0_30057195_30231699
577825a3-9ec6-4005-a584-2a9efb48801f,Asep Saepuloh,https://play-lh.googleusercontent.com/a-/ALV-UjV3J_EXofEZM0aT6pFxeRyNjA5nN0l25jOaIKmCRAIZc21uhYI,"Ini game perfect sih untuk orang² yang stress akan game game lain,karna klo main tuh enjoy,ditambahkan skill² and ultimate nya yang satisfying,plus kalo mabar sama sepuh tuh wahh gilaa pada baik banget,rela bantu newbie nyari chest kelarin misi lawan boss,domain,gua salut sih sama para sepuh yang pada baik² banget...., thanks yaa ,smoga aja sepuh² liat ulasan ini,makasih banget buat kalian semua...see you",5,1,5.4.0_30057195_30231699,2025-02-12 20:15:50,,,5.4.0_30057195_30231699
81caece9-ce6f-48e1-baec-ed530664ee88,Irgi Maulana Murphy,https://play-lh.googleusercontent.com/a-/ALV-UjWmz7OSoGYH2rMUlQP9463RDjiU3-CcEido5Rg1yC1kkwQAFFZ6,Saya sangat suka game ini tetapi mengunduh data terlalu besar membuat ponsel saya tidak dapat terus bermain Tolong kurangi agar kami pemain lama bisa bermain lagi.,3,0,,2025-02-12 20:08:23,,,
795a4702-80fa-48f2-bfce-0f5ad2c05b3d,Yanuar Prayoga,https://play-lh.googleusercontent.com/a-/ALV-UjUS5SBW2dOTHNSrWfP_eDBqygiQUfx6o5FH8VHAJDnCfur60WBS,Game jelek kedip kiri kikir,1,0,5.1.0_27118081_27297621,2025-02-12 20:02:29,"Terima kasih atas dukungan Anda terhadap Genshin Impact, Traveler! Kalau Anda mengalami kesulitan apa pun yang berhubungan dengan Genshin Impact, silakan hubungi kami melalui email atau feedback in-game untuk mendapatkan bantuan.",2025-02-24 18:18:46,5.1.0_27118081_27297621
842b269d-2670-4d0f-94be-adc4570bb57b,Arsylla Deeputri,https://play-lh.googleusercontent.com/a-/ALV-UjWsKiGA4XEJ710pcCA4URr1BX4t565IKeSTVaaM2Mh6FoVutmBx,TALENT JGN MAHAL MAHAL DONG,1,0,3.4.0_12498014_12591909,2025-02-12 19:58:13,"Kami mohon maaf atas ketidaknyamanan yang Anda alami, Traveler. Kalau Anda memiliki masukan atau saran, silakan hubungi kami melalui email atau feedback in-game.",2025-02-26 17:33:40,3.4.0_12498014_12591909
83a19806-ad66-4141-9129-441dda2d8cfd,Siska Trisnawati,https://play-lh.googleusercontent.com/a-/ALV-UjU6SzSQe6sYkVE9wsamEzPxeMZBplTyG2eegS5XVvmptS5MkpM,Ini kelamaan update nya. .... loading banget,4,0,5.4.0_30057195_30231699,2025-02-12 19:57:25,,,5.4.0_30057195_30231699
177e4071-4af3-428a-a6f9-86f85e920b5b,N-FELSS GNY,https://play-lh.googleusercontent.com/a-/ALV-UjUvGLAeFokcknKIa0ILvp0bypQyEHW7E7tMSMeCxYTMvIs1wLre,"Bagus, cuman kebanyakan ngomong quest nya bahasanya juga pake bahasa baku jadi bosenin, setidaknya ada yg di buat lucu dengan jokes2 yg ada seperti update natlan yg dialognya ""laser super gacorr"" Itu cukup menghibur, jadi update2 selanjutnya tingkatkan lah joke2 yg mengikuti perkembangan gen/zaman👍",5,0,5.4.0_30057195_30231699,2025-02-12 19:50:16,,,5.4.0_30057195_30231699
901320ac-c79b-403c-abff-a37d575faa5a,Doni Hasroel,https://play-lh.googleusercontent.com/a-/ALV-UjV1oFPIHo5_EKyV7jxzkwnaWj7KeHlz1Q62fNPKHFYj8IcgVC2Z,Reward game sangat kurang.. Kebanyakan cerita nih game ape 1/2 jam ngak kelar2 ngomong,2,0,5.4.0_30057195_30231699,2025-02-12 19:48:04,,,5.4.0_30057195_30231699
3b96c0ea-4073-49bd-88b9-71501ce13796,Amin Rafi,https://play-lh.googleusercontent.com/a-/ALV-UjWHXFYBnCk01MC7DeQYTVI9YWvmi5eqk2onYPbfPikYDB6uTnTe,Saya agak khawatir dengan drop rate gacha,5,0,,2025-02-12 19:33:54,,,
083cbcc2-138d-4157-acce-8bff8f3e99a4,Rere Restu,https://play-lh.googleusercontent.com/a-/ALV-UjVyAaO6BXbjrLLwr6z_eUOLwiVqGzDpawmPArpV7XwcbuDWYi8ySA,game kikirr,1,0,,2025-02-12 19:25:25,"Kami mohon maaf atas ketidaknyamanan yang Anda alami, Traveler. Kalau Anda memiliki masukan atau saran, silakan hubungi kami melalui email atau feedback in-game.",2025-02-26 17:33:17,
ef3c76fb-cd47-4aa2-b50d-e74bbddee17e,Al Barra,https://play-lh.googleusercontent.com/a-/ALV-UjXc-A1F2btQEnuimP8nNmOibcs6bW1p_Xn3nubcMCkDfAa_1sw,Game nya bagus tapi ini np aku mau masuk game nya hampir 5 jam lepas tuh ku uninstall lepas tuh pakek yang cloud,3,0,5.4.0_30057195_30231699,2025-02-12 19:22:53,,,5.4.0_30057195_30231699
2adf5781-d024-4a83-a6e9-09eb09faadf3,syaaikoo,https://play-lh.googleusercontent.com/a-/ALV-UjVMZvFZGTa5pUWvdi1xy8-EZ6PFugh4lw8nQnGNfBt86R_PtaZ8,"Genshin Impact adalah RPG open-world dengan grafis memukau, dunia luas, dan sistem pertarungan berbasis elemen yang seru. Cerita serta karakter dikembangkan dengan baik, membuatnya semakin menarik. Namun, sistem gacha cukup sulit bagi pemain free-to-play. Meski ada beberapa aspek yang terasa repetitif, eksplorasi dan event yang menarik membuatnya tetap seru dimainkan. Cocok bagi yang suka petualangan dan aksi strategis!",5,4,5.3.0_29183395_29332470,2025-02-12 19:22:39,,,5.3.0_29183395_29332470
03d2fb19-627a-48e9-8ed8-afd45954dea2,Nathania Putri,https://play-lh.googleusercontent.com/a-/ALV-UjVZkDPS-nL9tuw7t-zuLQ8tMgorfpNYp9J8vXI7RYaolvFQ0Y8,"Bagus,tapi kadang ngelag²",4,0,,2025-02-12 19:15:51,,,
94e9ecb9-7ca3-41e0-9ada-10248f17d8ff,shinhara,https://play-lh.googleusercontent.com/a-/ALV-UjXB7ARdiPgHjdpDgQxd5P8TAqoGxyjy6cDUAdQ_E-0MXpEZiWM,"Semuanya sudh sempurna, cumn ngga ada fitur skip dialog, krna kami para player(tidk semua) tidak begitu suka jika dialog terlalu bertele-tele dan panjang lebar. Kalo bisa langsung to the point aja. Mana abis dialog fight nya ga nyampe 5 menit udh kelar. Pls hoyo tambahin fitur skip dialog.",4,0,,2025-02-12 19:15:09,,,
c747701b-9782-4fe0-aa7d-f0a2653d809f,Kazu Ryouga,https://play-lh.googleusercontent.com/a-/ALV-UjUk-d-HKLJO-z8Dci9LF7cNW2Q4iZ1vjvnHwkqPfwPYX3RoHT4H,"Jangan pelit"" sama hadiah *INGAT 90% PLAYER FREE TO WIN bukan Pay to win*",5,0,,2025-02-12 19:13:22,,,
61d0471b-e1b0-43d9-9898-e936380b02de,Leo Wong,https://play-lh.googleusercontent.com/a-/ALV-UjVBLehJBRsE7CVUpkiSQllQaJ8D6QWRLdjMLWqq2KiZ3e7t-HB9,Game kntl farming arte kek tai,5,0,,2025-02-12 19:13:04,"Kami mohon maaf atas ketidaknyamanan yang Anda alami, Traveler. Kalau Anda memiliki masukan atau saran, silakan hubungi kami melalui email atau feedback in-game.",2025-02-12 19:07:09,
d28f1279-6b3d-4bfc-936e-b269498921ce,ファウズル ??,https://play-lh.googleusercontent.com/a-/ALV-UjWtyl1IqOhrevbbAl9v1Aszzi2iGjuF0av3oTAguY3dQ60WjDPi,Game best 🗿👍,5,1,,2025-02-12 19:11:11,,,
347c7103-028f-442b-be95-e56522ebe7e4,Mutiara Setya,https://play-lh.googleusercontent.com/a-/ALV-UjUREEQVrg3W_7Jm0Jx6eYrXzQ-91WZ2CQX2Fxcqs-EsQnfHbebg,"dulu ku kasih rating b5 tapi sekarang b1 karna kualitas gamenya udah bener"" turun 1. terlalu banyak basa basi waktu quest/event g langsung to the point 2. char yang rilis kebanyakan cewe, baju juga terlalu terbuka 3. sumber primo makin sedikit konten end game riset 1bln sekali, harusnya ada konten mingguan 4. player cowo dimanja banget sama dawey (1 ras soalnya wkwk) 5. g ada pencadangan resin kalo ada player ngasih keluh/saran tolong di denger yaaa jangan malah rilis char tobrut☺️",1,8,5.4.0_30057195_30231699,2025-02-12 18:59:49,"Kami mohon maaf atas ketidaknyamanan yang Anda alami, Traveler. Kalau Anda memiliki masukan atau saran, silakan hubungi kami melalui email atau feedback in-game.",2025-02-26 17:32:41,5.4.0_30057195_30231699
5b4b0192-1b96-4fc7-b619-35d4f5fd7f73,dilla,https://play-lh.googleusercontent.com/a-/ALV-UjXZGmgaiyDydCOtpAEcPgaXQ6qLaF_U6EJsyqo6a0CLLjBWVlGq,gem baik 🤗❤‍🔥,5,0,5.4.0_30057195_30231699,2025-02-12 18:54:43,,,5.4.0_30057195_30231699
0acabff2-614a-4b77-b78e-de372ccec998,Halil Pata,https://play-lh.googleusercontent.com/a/ACg8ocIf19OXv3jl_mM_-9e7WdPBxlnGxBrCJ2UaHN_nV_WY6_P42A=mo,Game gaca sebentar duang asik nya mainin setelah nya cuma login dely doang,2,0,5.4.0_30057195_30231699,2025-02-12 18:49:41,,,5.4.0_30057195_30231699
29bc7c14-f9b3-4f5f-9a83-5a06e06c8b58,Aan Sabili,https://play-lh.googleusercontent.com/a-/ALV-UjXjQRKOmZhuuTZXWpBA2zNzruSkPzW6VEC1otZy-dCqhox4MR4,pokoknya mavuika sama Raiden Shogun bahenol,5,0,,2025-02-12 18:47:06,,,
515ba9be-29e3-4808-9beb-5fca11673406,Ella Nur,https://play-lh.googleusercontent.com/a/ACg8ocJf1x3X7I2YQPP__-I-HJJ04ge18lz1BdCjOht7kdDyq3bFIg=mo,Dialog nya sangat lama ini kan game adventure bukan game date love comedy,3,0,,2025-02-12 18:40:06,,,
d678f8fe-f8c0-4610-9f05-73a444f70b24,Muhammad Fadel Nugroho,https://play-lh.googleusercontent.com/a/ACg8ocL4-llV4dmznIrOqLY55FHSf9JWwqcO3dpcKNInwnF0-CsLSxg=mo,tidak bisa login akun lama setelah mengganti email😮‍💨,2,2,5.4.0_30057195_30231699,2025-02-12 18:39:09,,,5.4.0_30057195_30231699
166054fa-f75b-4fdf-a3e5-710434b98151,Irun GAMING,https://play-lh.googleusercontent.com/a-/ALV-UjV8_ssbNRjFBY-xDyn-S0DZs64YbnXvJvzqC-QQSxeykO6nzUGQ,awww,5,0,5.4.0_30057195_30231699,2025-02-12 18:38:07,,,5.4.0_30057195_30231699
7cf07823-a636-4d0b-8bf2-79700e447a72,moch adang,https://play-lh.googleusercontent.com/a/ACg8ocJIAsO3YTKI-fgHVNwlwPj3bkp_9lGpPgwVqAaNZ2tWm5zp2g=mo,Kurangi dialog yg terlalu panjang,3,0,,2025-02-12 18:36:10,,,
06415a4b-6bb6-4b91-a2de-f1addbe8d616,Fauzan Bayu Putra,https://play-lh.googleusercontent.com/a/ACg8ocKRypjCRI9f6AMMOfSlUejp9j8RDD2HtpZJ6CM8zqaRCEyuGLT9=mo,Recommended banget,5,0,3.0.0_9612129_9624836,2025-02-12 18:35:58,,,3.0.0_9612129_9624836
00b51daf-0a84-4a56-afb9-2bae125e49f4,Ikan Kakap,https://play-lh.googleusercontent.com/a/ACg8ocKrWw0fC5DSFLcVRbjTDNg-SgWEvyJ3nq7xHVgFkThmnFkHqQ=mo,kikir,5,0,,2025-02-12 18:35:52,,,
c5aac0c0-3770-4bf8-8ee8-7b95883bbbb7,Bored Guy,https://play-lh.googleusercontent.com/a-/ALV-UjVJKJmQni2mI_wiSO8ZSTJObxjDLZE2l6CUSzlLKbPwz3eHTOw,Tambahin fitur skip story dong .. Lama banget anjir story nya lama-lama malah boring apalagi dikit2 harus story dulu buat buka konten atau event,4,0,,2025-02-12 18:34:01,,,
4dd1c2c2-2d13-4c0c-80c0-7c6155b3784e,Haydar Izyan,https://play-lh.googleusercontent.com/a-/ALV-UjXe2YwjeFuz5xidsZJwxvspsjXqtUN-P2tNXPMOwbHtYxyixz8,GAME KIKIR gw 120 pull gadapet arlechino emang ngen🤬🤬,1,0,,2025-02-12 18:32:47,"Halo, Traveler! Traveler dapat melihat aturan sistem Wish di bagian [Rincian] pada halaman Wish. Jika kamu memiliki pertanyaan tentang perincian dari aturan tersebut, silakan hubungi tim Layanan Customer Support kami melalui feedback in-game atau melalui email.",2025-02-26 17:31:58,
1c8a12bf-6df7-4386-8c65-69395245c801,Ditta Diantama,https://play-lh.googleusercontent.com/a-/ALV-UjXHJlgOUXBPztxCBltHxNBexDOFcgY0gVTlq-VDRuhmMhm3Ohds,"Visualnya bagus banget, cukup fair sama datanya yang berat :') aku rela hapus permainan lainnya cuman buat download game ini .... :v",5,0,,2025-02-12 18:29:41,,,
a52a8361-400e-4630-9b24-5300436ce0c8,Wahyudin Supratman,https://play-lh.googleusercontent.com/a/ACg8ocJMc14XGkKkQtAQR-omU5f1VrqXoeI_sCYu1SoxXNjDhoIVlw=mo,Masalah login,5,0,,2025-02-12 18:22:50,Mohon maaf sebesar-besarnya atas terganggunya pengalaman bermain Traveler. Silakan hubungi Layanan Pelanggan kami melalui email untuk mendapatkan bantuan terperinci mengenai masalah ini.,2025-02-12 17:54:16,
70ae3055-a1ff-48e9-a9ab-0a4a7055b35a,Arrazzas,https://play-lh.googleusercontent.com/a-/ALV-UjULFUX7Vi6OAeObctYD8psvI9fukph1ixOlLvX7NbMhz-EWLi2K,Seru,5,0,,2025-02-12 18:19:47,,,
04d173ab-61e4-48f0-8765-18a79b3645da,Algun Zainal chipada,https://play-lh.googleusercontent.com/a-/ALV-UjUaMegsHP4Gs6HZJhdAZrS1TRyN6j3Y5gIGqK5zmdqe2o2nmqg,Yah lumayan lah,4,0,3.5.0_13082099_13156424,2025-02-12 18:16:09,,,3.5.0_13082099_13156424
5c6011bd-de0f-4acd-93fb-690ecf2eeb1d,Bersenang_ Senang saja7,https://play-lh.googleusercontent.com/a/ACg8ocK67fOkGSgD2Sa6VOq61PhStttlnbHbNnJ-_xyi3ixNJQTzOA=mo,Good✨,5,0,,2025-02-12 18:15:54,,,
bf75bef9-8ed5-47ab-b201-020707077d13,Angga Payuyon,https://play-lh.googleusercontent.com/a/ACg8ocJIRzhiC0Z0Q5nTSG8Oyu0oRViVBIa4zxWP3F84gSdsza17rw=mo,Game bagus,5,0,,2025-02-12 18:09:43,,,
ba7cfdb9-bdb2-4fdc-a75f-464a70d99959,Viona Kartika,https://play-lh.googleusercontent.com/a-/ALV-UjXO8abgbmolWhVv0UxYnxHY1MwGHuMM8NjJPqhCx7RgknI0GC_Z,Kurang bansos,3,0,4.6.0_22174900_22378599,2025-02-12 18:03:33,,,4.6.0_22174900_22378599
dbca3178-1214-4da7-88c5-804e08f5239a,Dark Rip,https://play-lh.googleusercontent.com/a/ACg8ocJUcgWDvkAekiEZkZwPYecSguCaziaN69O2VPLlB2WHSKSIbw=mo,Bagus bet anjay meski kikir tapi story bagus sama ramah hp yang speknya ga kentang2 banget kaya gua Snapdragon 685 Best Game I Player Ever,5,0,5.4.0_30057195_30231699,2025-02-12 18:01:44,,,5.4.0_30057195_30231699
1d3a6f7f-d99c-49db-b2b0-422a44b6f6f7,Adam Saputra,https://play-lh.googleusercontent.com/a-/ALV-UjXuY0qso9KPwA2UfwMJR4vLK1PfyvD2Thmv0o0A0mZvi2Xd5zaU,Sumeru masterpiece 🥬🥬🥬,5,0,5.1.0_27118081_27297621,2025-02-12 17:58:38,,,5.1.0_27118081_27297621
f0930ca8-67a7-4da9-b863-c3ec000a5173,Zoeva Wahid,https://play-lh.googleusercontent.com/a-/ALV-UjVDU_H98FI5ycRWd9PjiV3IYYxmujbd5zGFRCQMxQ-dCVzki-8,Jujur saya heran kenapa player yang main game ini kesel dengan banyaknya dialog di dalam story game. Padahal genshin impact memang jualan utamanya ya story. Dan game ini kan game casual mainnya tidak perlu buru buru tidak ada yang harus dikejar santuy aja bisa loh. Justru kalau pakai fitur skip dialog berarti jualan utamanya bukan story lagi dong,5,0,,2025-02-12 17:58:33,,,
746e841d-ab2a-40d2-b501-a4b09ed0d821,Muhamad ali Khavidhon,https://play-lh.googleusercontent.com/a-/ALV-UjUpKK-c0PUm4v4skayKran8Y3kCziQYLdtUV3MbIzHqCOHAuMaT,Agh,1,0,,2025-02-12 17:55:31,,,
b718bf48-f860-4fb0-84b7-b0f665fc603f,Rizky Rival,https://play-lh.googleusercontent.com/a-/ALV-UjWUlD-6gQpKlUsIA4Kbi4_LDLdSJ8eD3VDHLghW4gRTokAJ_q3h,"Orang2 FOMO pelaku rating Genshin Impact turun. Dengar kalian ya orang2 FOMO yang pengen ada fitur skip dialog, kalian seharusnya sadar kalau letak keseruannya ada di dialog dan story-nya. dasar minim literasi!! Kalau pun ngasih saran, masuk akal dikit gek!! Masa skip all dialog?! Lu main cuma berantem aja gitu sama Hilichurl dan musuh lainnya? Lebih logis kalau dialognya jadiin kayak di HSR & lebih ekspresif lagi. Buat yang mau tau, cari sendiri atau download HSR saja biar ngerti maksud gua.",5,0,,2025-02-12 17:54:59,,,
bedbd4e3-165a-44cf-a068-06afe6463b4c,Novlin Olin,https://play-lh.googleusercontent.com/a-/ALV-UjX-9mBdyOW-MSMlCzqL3lIpyepptrhJRlWiLCLf2B83f9xBV7gR,Good game,5,0,5.4.0_30057195_30231699,2025-02-12 17:54:17,,,5.4.0_30057195_30231699
0e3aa921-db7e-4509-b397-c00a76f5ddd3,Laode Adil rahman,https://play-lh.googleusercontent.com/a-/ALV-UjXw5uHjCNoBE4XXYmzMpChTsY7cwFp0biQP5kEnRHgUU9Jj0baI,"in game nya sudah bagus, lancar, dan tidak ada bug sejauh ini selama saya bermain. tetapi tolong di perbaiki sedikit untuk grafis di platform mobile, karena saya merasa sedikit tidak puas dengan garis tepi atau outline pada beberapa object seperti character. outline tersebut terlihat berantakan dan tetap seperti itu meskipun saya sudah menaikkan grafik pada tingkat tertinggi.",4,3,5.4.0_30057195_30231699,2025-02-12 17:45:22,,,5.4.0_30057195_30231699
0feb98b6-2066-4320-8947-e34b740f69d7,Lia Cinta,https://play-lh.googleusercontent.com/a/ACg8ocIv_wP91pMA-Hren-VfGZb4hCb5Ze6ZAcnunza5jTTb1DnOkQ=mo,Bagus kok cuman kadang-kadang suka muncul penyimpanan data penuh gitu padahal udah di hapusin jadi mau nggak mau aku cuman bisa main di Genshin Impact cloud...,5,0,,2025-02-12 17:41:06,,,
d865c741-0d88-4216-81c8-6ddf50038e7f,Ayana Azzhira,https://play-lh.googleusercontent.com/a-/ALV-UjUl-uOBwh2wScQBk9mICcG6DcA-Ilqi5gNB1rw9mt6-EoaqOto,Makin males main gada fitur skip cerita mana dialog nya panjang panjang terus ada bbrp character yg gak ada dubbing nya,1,0,,2025-02-12 17:38:47,"Terima kasih atas dukungan Traveler terhadap Genshin Impact. Kami menerima secara terbuka semua masukan/umpan balik dari kalian. Jika Traveler memiliki saran atau masukan, jangan ragu untuk menghubungi kami melalui feedback in-game atau email.",2025-02-26 17:30:19,
49a47ad7-112c-4073-adea-6e5e3e81b577,Katon P,https://play-lh.googleusercontent.com/a-/ALV-UjVrA6dItpYyF1dzREpTEJXbwe7aWJEfbdAbtcqT48mObKZwcuTp,Butuh fitur skip saat percakapan antar tokoh,1,0,3.6.0_13833164_13951843,2025-02-12 17:36:43,"Terima kasih atas dukungan Traveler terhadap Genshin Impact. Kami menerima secara terbuka semua masukan/umpan balik dari kalian. Jika Traveler memiliki saran atau masukan, jangan ragu untuk menghubungi kami melalui feedback in-game atau email.",2025-02-26 17:28:39,3.6.0_13833164_13951843
796588b6-48d1-42af-b1d1-e6c8edab2b0a,Raffa Dzikra,https://play-lh.googleusercontent.com/a-/ALV-UjUVFK1uKu0SsbPfTqVM1xGgxKGCxG1x8Lkddum6bADPUiRAaaHO,game bagus sekali bisa ketemua waipu🥰🥰,5,0,,2025-02-12 17:28:21,,,
13ca08df-d469-45f3-8507-36cd0cf684a5,Alvaro Leonil,https://play-lh.googleusercontent.com/a-/ALV-UjXxYjYznJEJLsUhD74DmYsixdl8SPqrfSjEKoiq3aocNs3XV1jI,klo kata windah bagus kata ku juga bagus,5,0,5.0.0_26041933_26161852,2025-02-12 17:27:37,,,5.0.0_26041933_26161852
3be1427e-f46a-4842-b897-17ec99b5da36,Rai Setiawan,https://play-lh.googleusercontent.com/a-/ALV-UjXXDMZFUCAI_3S87aSvefHhbz3yscFr9n6XJVmA0A_kf3E2qJQ9,dah bisa wak login,5,0,,2025-02-12 17:26:57,,,
b77b9e72-546c-4e6f-acf1-62b618134761,Putri Kamila,https://play-lh.googleusercontent.com/a-/ALV-UjWy8fqV68Z77oagFeFEUVyGdvzsb3BUlCW-fqZKik5f_EPQ_Rs,Some of other voices certain characters are missing (especially english voice) :'),1,0,5.4.0_30057195_30231699,2025-02-12 17:24:41,"We sincerely apologize for your unsatisfactory experience, Traveler. Please contact our Customer Service team via the in-game feedback channel or email for specific help with this issue.",2025-02-26 17:28:23,5.4.0_30057195_30231699
50f2348a-be68-462b-a19f-dca5549453a0,Ogi Fresko,https://play-lh.googleusercontent.com/a-/ALV-UjUW4LM1TAu9B-dO_vTACxbH9dRH4VreLItDTfliR_eXJ44jp9o,"White screen, tolong setelah update mengapa stuck di loading game dan tidak bisa masuk.",2,3,5.4.0_30057195_30231699,2025-02-12 17:23:53,,,5.4.0_30057195_30231699
3edcbb6c-572d-4527-9c70-333ffb5a8d42,Anugerah Pratama,https://play-lh.googleusercontent.com/a/ACg8ocLuqeq2AEanfbuHOL7UeGOyhLmUOReid4mn-F6TybyS_HU7sg=mo,Semoga yang muncul bukan si bocil kematian,5,0,,2025-02-12 17:13:54,,,
d20ca6b0-07b8-4e19-9aff-2e054f93bbb3,Agus Prayitno,https://play-lh.googleusercontent.com/a/ACg8ocKQyoG6oKjhfmBQiZMeKaw0eIaMO3YVX_M0djIVj1wy0igOVA=mo,Pahami keinginan user. Kita maen buat happy2. Kalo banyak teks obrolan dan gak penting buat apa. Tambahkan fitur skip obrolan. Jangan jadi developer yang dungu,1,0,5.4.0_30057195_30231699,2025-02-12 17:09:28,"Kami mohon maaf atas permasalahan ini, Traveler. Silakan hubungi kami melalui email atau feedback in-game untuk mendapatkan bantuan lebih lanjut tentang masalah ini.",2025-02-26 17:28:15,5.4.0_30057195_30231699
76437229-9bbd-45e7-88fd-f694b08f56b6,irwan syamsuriawan,https://play-lh.googleusercontent.com/a-/ALV-UjXnCJiiaL22NSQCGLYJROwa1hJuV7wXscZc5HBZnvICSZigReA,Seru,4,0,,2025-02-12 17:01:03,,,
9baeb327-59b3-4ce1-b183-194a7679165b,zika ziak,https://play-lh.googleusercontent.com/a-/ALV-UjWRAJ8DfEPrNlAt9hNZXeEc1UdPPWV5IYZRbUxRv6jKhOpLNkM4,"Game ny bagus dan udh detail. banyakin primonya juga. Dan juga kalo kita nge-gacha karakter plis gampangin dikit, soalny susah banget. Genshin plis jangan pelit pelit yaa, makasiii 😘🙏",4,0,5.2.0_28336591_28351161,2025-02-12 16:59:40,,,5.2.0_28336591_28351161
43c51103-8775-4640-8582-2b10ea6b5ba1,Aan Ardian,https://play-lh.googleusercontent.com/a/ACg8ocLzXXXX2zJxcsm5kMWI5IVD-VyhliT5Oz0mkwcG1cCcjr8d9w=mo,Tim nya tambahin lagi jadi 5 karakter 😁,4,0,,2025-02-12 16:58:08,,,
f37411ba-1fcf-4bdf-86dd-0391f68b38aa,Fattandana Almas,https://play-lh.googleusercontent.com/a-/ALV-UjXM-f1XaVor8d8Z7L1uhN2x4KJqAvT4GD3M49pszhh2DNaNWXbu,Overall still good,4,0,5.4.0_30057195_30231699,2025-02-12 16:55:13,,,5.4.0_30057195_30231699
29836646-2b65-4ce6-9abe-212907ecec66,bajank kampus,https://play-lh.googleusercontent.com/a-/ALV-UjU_jF9lKAt_2X2zeGdva8bjhLJMekdmCF6pymJ6m5raNRFk5wI,Bagus...,5,0,,2025-02-12 16:53:26,,,
aab489c5-ae0a-4071-836d-3191aa2bf6ed,-evelynPURPLEZ-,https://play-lh.googleusercontent.com/a-/ALV-UjUKiLv9t4wQM1HuboFXAZgMzRUkyKWiBaoIX1XacJQOKXX5aSZs,"Bagus,dan indah skali lokasi dan karakter nya",5,0,,2025-02-12 16:39:38,,,
8dc10e95-e2e2-44ab-a437-e24bcebdb93b,Fathi Sadiya,https://play-lh.googleusercontent.com/a-/ALV-UjWY97OMK9Mc31XIlGkDzdLVTXyWSSyMEI5yoTpa9LoKv0Ck0Xw,"Seru, bisa buat ngisi waktu kosong, dan nggak terlalu nguras mental",5,0,,2025-02-12 16:38:38,,,
030f04fa-cd46-434d-99e7-63f83bbe857e,Cut naira Naira,https://play-lh.googleusercontent.com/a/ACg8ocKshsW1iRqp5dEf-8OfFxAq1qW4TigICCk-gI5sC4MoQC6LBw=mo,seru bgt jir,5,0,,2025-02-12 16:33:48,,,
5432d052-9533-4a52-8996-67ed3fcdd5cf,Firman Yose,https://play-lh.googleusercontent.com/a-/ALV-UjX5wPHFGWNHOQUgsTjXOAjXH8efVmk3vlsik3hXOIOSojpfDs8Y,"Condensed Resin max nya cuma 5 itu terlalu sedikit, tabah jadi 10 atau lebih. Dan Saya agak bosan sama treveler cowok tiap menjalani ques,, saya harap apdate ke depan nya bisa, gonta-ganti traveler. Terimakasih",5,1,5.3.0_29183395_29332470,2025-02-12 16:30:09,,,5.3.0_29183395_29332470
179b714a-5554-4431-b310-c1eaf33fdcd1,ーKUZEE KUNN 著,https://play-lh.googleusercontent.com/a-/ALV-UjX5EavJc5_rJf2aPD0BUp2GoEiDWRgTAis0sbx8pkJUZ0GkN4Ap,Normal gk si birahi apa Waifu😋,5,0,,2025-02-12 16:29:41,,,
22f5dd7d-a162-4574-a267-7f1bd2012788,Muhamad Chandra,https://play-lh.googleusercontent.com/a/ACg8ocKWa1ZJC6BwlDX5KgDds-hbvRGSgk0zU3WWRBxoS3_Rq8HHYg=mo,Game nya asik memberitahu semua pelajaran kehidupan,5,0,,2025-02-12 16:23:29,,,
9cd21fb3-ab91-498e-a3a3-fbf289ca32af,Tidak Dikenal,https://play-lh.googleusercontent.com/a-/ALV-UjXqbSk7FaV2Y_yEtWpiClzNp0hllPPEPJOpY0PIMO95KdqtO4Th,NAIKAN RESIN MENJADI 240. 160 AJA GA CUKUP BUAT 1 KARAKTER,4,0,4.5.0_21307647_21321795,2025-02-12 16:05:52,,,4.5.0_21307647_21321795
29c253e2-a214-4762-8643-13de6f0464fd,Syalwa Putri,https://play-lh.googleusercontent.com/a-/ALV-UjU9fuT9ChCQW9rKis1g65Vul5birnW_5jV-Y76ewbSfLGZSUctf,bagus bgtt cokkkk,5,0,,2025-02-12 16:04:41,,,
4a19aaf5-a025-4b70-b2eb-c15b926c3664,apple angela,https://play-lh.googleusercontent.com/a/ACg8ocJWyhRyLaaVTTNznm_niPScaOTdlwdPG2Cv5xhSX0CLqkbcvw=mo,"Yang g tw bersyukur sama rewardnya pensi aja sana daripada toxic, yang membuat ente pada kecewa itu karena mengharapkan lebih. F2P harap lebih yang Sultan aja biasa aja hadeh... Dasar manusia tamak🤬",5,0,2.1.0_3981765_4073622,2025-02-12 15:54:37,,,2.1.0_3981765_4073622
046e47da-9af9-4a86-913f-d3715205d514,Ilham Ilhom,https://play-lh.googleusercontent.com/a/ACg8ocK3JTQP6NU8V29GdtW9fce8Uzax_D-DlS36ex_p5M8obJ_nyQ=mo,seruuu bgt,5,0,,2025-02-12 15:44:04,,,
2f34b241-d13a-46e1-bef1-e6a4e23cf6cc,Weiki inyoko Pagan,https://play-lh.googleusercontent.com/a-/ALV-UjUEuX-xgivVRyEfJZWsFroG3TGTv5gX97kIIQYkr5gHIICBpna6,I need arlecchino 😔😔🙏🏻🙏🏻🙏🏻🙏🏻,5,0,,2025-02-12 15:40:41,,,
9ac8cfa1-c254-47b6-8442-396cd5d4c0a1,m.asa.pradhana,https://play-lh.googleusercontent.com/a-/ALV-UjW9B0SK7U6IyQn3EI5lp6MXgTrqcovdNJT26h3Sv8DLry_3tHNz,The Best Adventure game,5,0,,2025-02-12 15:32:10,,,
b2d9e737-92b0-45f7-bba7-179cfa984923,Halimatus Sadiyah,https://play-lh.googleusercontent.com/a-/ALV-UjW1KYTWohJoWvK46BWCQorEaf6gAcGbkmRkOfXLfHYMi4z7CZ_V,"game kikir, gacha ampas mulu",4,0,5.4.0_30057195_30231699,2025-02-12 15:30:03,,,5.4.0_30057195_30231699
6acba315-9b91-4ed2-8481-d01a7538fe53,Gemicko Kweyy,https://play-lh.googleusercontent.com/a-/ALV-UjVGKK9gqrTRM1RL4xmAQacG-NE1TzQX8TNYQI6YXg89QqsIHwMb,"BERIKAN FITUR AUTOSKIP!! Overall, it's perfect. But please, tambahkan fitur auto skip!",1,0,,2025-02-12 15:25:16,,,
f4d2c0c8-f019-4a71-949f-b722f1486cbf,Alma Shinta Palupi,https://play-lh.googleusercontent.com/a/ACg8ocIKQuYWYCYMjedAguwRGo7iijutf_jTe87iGeBBUwZc4ZGnSCQo=mo,"best game everrr✨️ ga nyangka bakal ke hook main genshin selama ini, open world emg seru bgt ga bikin bosen, ditambah challenge buat gacha dan ngembangin character jd lebih seru😍",5,0,,2025-02-12 15:24:08,,,
d920ff80-ef23-4e8c-8ffd-b113e69a5a85,naaw,https://play-lh.googleusercontent.com/a-/ALV-UjWNbOh6sUR3y2t8DSl1AGNlkATXTOQwvdoQv-BvdMiFRzTusPPO,"UGH I THINK IM OBSESS WITH THIS GAME, ngga tau kenapa rasanya jatuh cinta banget sama genshin impact, entah karena storynya, grafiknya, gameplay, eksplorasi dan masih banyak lagi.",5,0,,2025-02-12 15:21:43,,,
f69b1ce3-7044-4326-a2b5-4a28b199795a,Asiva Muhammad,https://play-lh.googleusercontent.com/a-/ALV-UjWkwCmK6ldeQnW9mlBfXU4bI7xB8NIAbbVOFL4iacLBcPz0Df6c,Bang Dev penyimpanan nya di kurang kurangi dong 😀ampun liat data game ampe 35 gb 😀ampir kyak setengah nya di pc ae lagi woww😱,5,1,3.8.0_15672274_15939604,2025-02-12 15:18:09,,,3.8.0_15672274_15939604
eea5a69a-6da5-4a00-99da-f45e785b7454,Rizky Bktins,https://play-lh.googleusercontent.com/a-/ALV-UjVtDHqgw3JAIHnJyJOGVBy7bcj7w_8io4VpCc91BhfJDjlP2WfM,nice game,5,0,2.8.0_7997424_8078355,2025-02-12 15:15:47,,,2.8.0_7997424_8078355
81a9236b-fac3-4ea1-8daa-30881b220b58,Excel Arista Pamungkas,https://play-lh.googleusercontent.com/a-/ALV-UjWLO1nVJUPR4yxgUysqfPJaYTGgDa3fBjeTaCWUGfgF6M_9A38Z,"Hh gini amat hidup, padahal mau batal in update genshin malah kepencet uninstall 😭",1,1,,2025-02-12 15:14:09,"Kami mohon maaf atas permasalahan ini, Traveler. Silakan hubungi kami melalui email atau feedback in-game untuk mendapatkan bantuan lebih lanjut tentang masalah ini.",2025-02-26 17:25:44,
0ed80cec-5b85-4d49-98bd-c7983f3cf2ce,Asep Ranjani,https://play-lh.googleusercontent.com/a/ACg8ocIY1GB4Gxj5Jyjqvi6qpO7dhb1-Et4kJXzWqFpLRR4odMcD5Q=mo,Game oke,5,0,,2025-02-12 15:13:00,,,
0bb60567-9a7a-4d90-91d1-23968966a1f6,SHiRO Ei,https://play-lh.googleusercontent.com/a-/ALV-UjXBBTXafYm6soDFWX29oetheljQ7zY_PeP6NIVMnwCGECWWT0M,Nice game,5,0,,2025-02-12 15:10:59,,,
4a964004-6bd1-40d7-872f-d3c67d28fac6,Ezar pro player,https://play-lh.googleusercontent.com/a/ACg8ocJKSRJm0uC2qIcjz8kjGyXXBZ5ba787gHrky2rKCxwj4sxDMQ=mo,Saya sudah ganti hp ke Tecno pova 6 pro chipset Dimensity 6080 lancar dan saya suka game nya petualangan asik tapi tambahin lah fitur skip obrolan sama npc atau karakter buat lebih hemat waktu dan bagi bagi primo juga :),4,0,,2025-02-12 15:08:57,,,
0ae0a745-98bb-4876-920f-018727b06a68,VIANGN,https://play-lh.googleusercontent.com/a-/ALV-UjW16Ik12Zp0z8fxUSxO8fnkgfgKXt3W8TgnuVKKNpjBSCud7W4C,Apalah masak Abis 10000 Primo gem Arlecino ku nggak pulang pulang,3,0,,2025-02-12 14:58:28,,,
d6136669-7d21-4f94-9c80-c76efa5db0b8,lastama satria,https://play-lh.googleusercontent.com/a-/ALV-UjV7yjYvu_tDFQePErZ51Oh4rJQCzpgE_WTxV5BX-oCplAdg0gA,mantap bang tapi berikan aku mw 3200 primo,5,0,,2025-02-12 14:57:16,,,
456f5ef6-4862-45c2-a92d-4a11fba53fb1,Sevion 345,https://play-lh.googleusercontent.com/a-/ALV-UjWJVzXyQdjN9-vvghmhIavvNS7auH_f1GUWZvxvQH31Bq-cM40,Sedikit lebih baik,4,0,,2025-02-12 14:56:22,,,
3c8ca314-ad17-42e5-bba3-8ce98a08f740,Darryl Kasenda,https://play-lh.googleusercontent.com/a-/ALV-UjX-PgtXpWdB4XoG4oG6HwkPdvewzknx-lBegxTWubxHbvZcQdEB,"Game Open World. Mulai Dari Gameplay, Design Character, Grafik, Story Lore, Event, Reward, Maps, juga Tantangan End Game Abyss + Imaginarium Theater.",5,1248,2.6.0_6179196_6305792,2025-02-12 14:50:57,,,2.6.0_6179196_6305792
50af82e8-672c-4fe6-b965-5b55d5f26be4,Ba Im,https://play-lh.googleusercontent.com/a/ACg8ocKvc1IJ-qzTZim_kqEQTFDPV-JWAvWw01c5M3LXW-3T8bBI_g=mo,Game nya bagus walaupun agak patah2 kalo main di hp tapi suka sama advanture nya,5,0,,2025-02-12 14:33:39,,,
79aaeb71-8f08-49f7-98a3-557e6d61e181,Revan2310,https://play-lh.googleusercontent.com/a-/ALV-UjUj1yGbW8D44SabbHjXOxlreuymhU_Q1HUCZs6oXM5KtFR3V6N7,Tolong Hoyo bantu Aing Banner 5.4 AKU MAU FURINA,5,0,5.3.0_29183395_29332470,2025-02-12 14:29:03,,,5.3.0_29183395_29332470
cc05d33c-279f-4f04-b1f9-b121a925a846,Satya Yasa,https://play-lh.googleusercontent.com/a-/ALV-UjW3ppasR3fG1yYR2hQzGfbUNbgvMzJgOf0fmRFDJyHO5hv3aFK7,Sigma bgt,5,0,,2025-02-12 14:26:58,,,
2c62e562-183a-48e1-85c2-39d452deceba,Rizky Rahman Pratama,https://play-lh.googleusercontent.com/a-/ALV-UjWhroTgapKjSsqxao213yDMAlb7punf1A0QlOsm4eSCWONkGzY,lumayan lah gw kasih 5 bintang dulu,5,0,,2025-02-12 14:23:00,,,
98fc80fa-9ce9-4ea9-9481-73dbc1d5fe41,Luffy,https://play-lh.googleusercontent.com/a-/ALV-UjXPmITybpQCbGUXzr3etxH3hKiz-yNW9EyUdtW5dnDmWXD2Nmk,Game nya seruuu,5,0,,2025-02-12 14:21:29,,,
971c8f2b-7d58-421f-91af-2201ba739a0f,Felixander Limandy,https://play-lh.googleusercontent.com/a/ACg8ocLldTrBJCoSpkMS4KW8-nDP7G4Ta6tq5gxz0ApXiLDqINTT6Q=mo,"Sudah gratis sama bagus, sippp",5,0,,2025-02-12 14:21:18,,,
91e5c0f6-253b-48f0-8684-7c9068be3283,felixchen,https://play-lh.googleusercontent.com/a/ACg8ocLICTDcnelyk8kFCdWyhV1lV9X5z3NqLHnoRDydCkH5xahRFII=mo,Game jelek dapat qiqi Mulu sampe c6,1,0,,2025-02-12 14:19:38,"Halo, Traveler! Traveler dapat melihat aturan sistem Wish di bagian [Rincian] pada halaman Wish. Jika kamu memiliki pertanyaan tentang perincian dari aturan tersebut, silakan hubungi tim Layanan Customer Support kami melalui feedback in-game atau melalui email.",2025-02-26 17:25:12,
b5d4d2bf-8a0b-4ab4-82b6-b3d528d906d9,Nabhaan Mubarok,https://play-lh.googleusercontent.com/a/ACg8ocIq7sFhgI5Wqs9TLJtsMCCQvYYJb9lYw8k6i6QBg4HU3QvXpA=mo,bansos nya kurang,5,0,2.3.0_4786731_4861639,2025-02-12 14:18:52,,,2.3.0_4786731_4861639
5cfe61fe-a840-4a7a-a7e4-c787c51a939d,Khanza Cell,https://play-lh.googleusercontent.com/a/ACg8ocLqnjGbangv_C5ShH8EuNJqVGS0_sMn8mCQcaoODrzYWqhk1Q=mo,"Developer, plis beri aku karakter bintang 5😁🗿",5,0,,2025-02-12 14:14:02,,,
83d23ca9-1342-43e5-ae8b-06e698b78990,Kamalia Lia,https://play-lh.googleusercontent.com/a/ACg8ocLZjq5EO3YosO-Ez4nXbgMmrf56Uawi0AJzuSzXoKTMp_vNaA=mo,Untuk mihoyo kenapa pas update ini keseluruhan data jadi naik padahal data ku sisa 14gban lagi tapi setelah update malah jadi naik 30gb tolonglah mihoyo ini bug atau bagaimana ini sangat mengganggu bagi org yg memakai data tolong cepat perbaiki buat bug ini aku kasih rating 1 karna masalah ini terimakasih,1,5,5.4.0_30057195_30231699,2025-02-12 14:13:24,"Halo Traveler,
Terima kasih atas support anda pada Genshin Impact!
Untuk mengurangi jumlah size data game, anda direkomendasikan untuk menghapus data Voice-line dan data Quest lama yang bisa dilakukan melalui setting in-game. Jika anda mengalami permasalahan lain atau ingin menyampaikan feedback, jangan sungkan untuk menghubungi tim customer sup...",2025-02-26 17:24:53,5.4.0_30057195_30231699
d0014cd3-d1ce-4368-a2ff-3bd0730d1263,Lika 9701_,https://play-lh.googleusercontent.com/a-/ALV-UjWOtnYfrfQqVV4JpmIdLuBbiy3c0GPRXNhGhFbUI2fTduF4Qjr9,seruuu,5,0,,2025-02-12 14:11:24,,,
8cf8d899-24d5-49e0-99d0-5953e6270f22,Lu Mine,https://play-lh.googleusercontent.com/a/ACg8ocJUbNlM__YmP0iK1RxNfWrIFf2cQ4Wh5jrMXe0Eg24LTA59bA=mo,"Game nya sangat bagus, tapi kalau bisa di tingkatkan sedikit perolehan characternya, terimakasih.",4,0,,2025-02-12 14:10:35,,,
12f8a536-3d04-4c13-88be-db10afdedd91,yugo Pangestu,https://play-lh.googleusercontent.com/a/ACg8ocJtdTD50tbc32nBdrBNf4UEG-p_xyHmUAiVy001KV9xbNJNlA=mo,semoga saja ada pengembangan pada chipset mediatek p95 karena tidak muncul teks damage,5,0,4.6.0_22174900_22378599,2025-02-12 14:09:56,,,4.6.0_22174900_22378599
1b531bee-d6eb-4c2e-ac87-a94e840b0bbf,Baim,https://play-lh.googleusercontent.com/a/ACg8ocJpP8OY4HPZOdqtJ0dfzN-DDTFgUoyoKqm4dVz2SWwTpHQSew=mo,"Keren bettt, snapdragon 685 bisa main kok tapi grafis nya yang terendah, tapi kalo pengalaman akhir akhir ini update nya genshin makin lancar buat di mainin",5,0,5.4.0_30057195_30231699,2025-02-12 14:02:37,,,5.4.0_30057195_30231699
3e7988b3-c0d6-4f9d-84a5-76301ed51afd,Muhammad Fikih,https://play-lh.googleusercontent.com/a-/ALV-UjXZEHd2F8XIpEwjWWMqyZBj3u_ckqIna098ODujnuHJVH6efXVc,Good,1,0,3.4.0_12498014_12591909,2025-02-12 13:59:56,"Thank you for supporting Genshin Impact, Traveler! If you have any issues with your game experience, please send us an email or contact Customer Service for help via in-game feedback.",2025-02-26 17:21:42,3.4.0_12498014_12591909
d31b4033-2d30-4e6e-8e0a-72208b7459fc,Kazuki,https://play-lh.googleusercontent.com/a-/ALV-UjXWlem788zgGovQUo9FFc7Q5x5uWra4liANmagZ5pHFaqu5_Kan,I Like Exploration,5,0,,2025-02-12 13:59:49,,,
1a4ab8a8-5d32-417d-a274-53e3195af1f8,`Kylnof`,https://play-lh.googleusercontent.com/a-/ALV-UjVlV0Qfpw097uXzJz_zBS8obeAM_Dz_oUpnpF7dN70R_L2YkNDa,Masa perusahaan sebesar ini ga bisa bikin karakter yang berkulit gelap?? Padahal ambil inspirasi dari negara Afrika dan Amerika latin.,3,2,,2025-02-12 13:54:39,,,
e9677435-2fad-4172-8543-06a97413982f,Akun Game,https://play-lh.googleusercontent.com/a/ACg8ocLimCnb-eI8jsImMtiYP5YkJ3gPGSeh7JOJYh4jIroeIqNI8Q=mo,Boring,1,0,,2025-02-12 13:48:52,"We sincerely apologize for your unsatisfactory experience, Traveler. If you have any feedback or suggestions, please send us an email or contact Customer Service via in-game feedback to help us improve the game.",2025-02-25 18:10:22,
44562566-c7c8-4796-a217-a4fe861f3c47,Dandi Asruri,https://play-lh.googleusercontent.com/a/ACg8ocLewPBX2EzPH9ZPrE7mw03SMjo7Yf4_TraQS1xX795AIortaA=mo,Bagus,5,0,,2025-02-12 13:48:48,,,
ae1f93ff-a551-410c-ac0b-b4a606f3123e,Ropiq Ridwanali,https://play-lh.googleusercontent.com/a-/ALV-UjUq4je2l3BiXhEqKcWg1da6hNBH2LZCjwWss-PmdBYkquMKTfk,"Jujur aja game game ini sangat bagus dari segi grafik maupun alur cerita kalo di gacha lumayan , untuk developer nya tolong ada fitur skip biar makin bagus nih game",5,0,5.3.0_29183395_29332470,2025-02-12 13:42:49,,,5.3.0_29183395_29332470
c65ea76c-e592-491e-815e-872ce099c8a9,Pa Boy,https://play-lh.googleusercontent.com/a-/ALV-UjVfL3TytLtlKsbXRHhd9I0ye0rACCFyBFWCnh3s0fnXfpB6KxKQ,"Dialog nya terlalu bertele-tele, kadang malah ngomongin yg gak penting",3,7,5.1.0_27118081_27297621,2025-02-12 13:40:19,,,5.1.0_27118081_27297621
c8fc078e-ab63-4e3b-bc7f-b54b6a2843dd,MASTER XO,https://play-lh.googleusercontent.com/a-/ALV-UjVckyuzDNpMQSiG7T_3YUWbOxgD3YsVh_br4EjCMqg6txfnqKVc,Bug masih terjadi,5,0,,2025-02-12 13:40:14,,,
26b06d64-eb4c-422d-a23b-1ebbc8d76ccb,Yuliani Aja,https://play-lh.googleusercontent.com/a/ACg8ocL9k6WQJi3kxJLK2i0DUp1A_jXlZ6mUcemiqt9Jw-KtdCc4Cg=mo,Bagus sekali tapi coba kasih Primo yang banyak,5,0,,2025-02-12 13:39:57,,,
9fb5b4e8-93ed-4153-9aba-8d72864c0850,Gisel Azalia Athifa,https://play-lh.googleusercontent.com/a-/ALV-UjX2i7IpWT-pl--m3u6qLi4AeGK2dLCpdymoP1eWWlhKCB8WjSBT,"Ini game rpg paling bagus menurut aku, dari segi grafik maupun story itu oke banget. Suka banget sama game ini~",5,0,,2025-02-12 13:37:11,,,
b75818c7-fbb2-433b-ba6e-c0f4745c22ab,Fauzan Ahmad Athaillah,https://play-lh.googleusercontent.com/a-/ALV-UjWF3_J87yyjcVMQPvxowxicDwq-Ech-rG1vJuHojdHDjMpjRU4,Gamenya cukup bagus menurut saya tapi sama minta tolong adakan Fitur skip story dan jika bisa tolong adakan Fitur 1 VS 1,3,0,,2025-02-12 13:29:52,,,
a581294d-6c44-4276-95c4-2f1958b55fdb,Damai Damai yanti,https://play-lh.googleusercontent.com/a/ACg8ocLcPn_aR7erp78kiiyRF6Za_UCO5hsKA1JT4XV3KKuW9dJNSw=mo,Seru,5,0,,2025-02-12 13:25:12,,,
07b0fb77-7b5f-48b5-9c5c-2117fd1c6d31,Akun Saya,https://play-lh.googleusercontent.com/a-/ALV-UjXjZuavF9h2BQICO8QMHA62c24nqOs5I-tG4Ac6mrLPw13yyBeU,"Game yang bagus dari segi cerita,grafik,dan desain karakter. Memang sih ceritanya beberapa bikin ngantuk apalagi world quest tapi itu ga semua kok, untuk grafik udh bagus banget sih,lalu desain karakter nya juga bagus². Untuk sekarang sih udh puas banget mainnya gua ga pernah ngalamin patah² meskipun wifi gua 100k doang (ya itu juga grafik nya paling rendah semua sih)",5,7,5.4.0_30057195_30231699,2025-02-12 13:24:47,,,5.4.0_30057195_30231699
846482f1-acd4-4f25-8f96-4ed64734d66f,Sembon Sembon,https://play-lh.googleusercontent.com/a/ACg8ocJEd9r2Eg_yUgzq9iFFk15PMQOSd2xcfzYMXk_V_azR2od9og=mo,Keren,5,0,,2025-02-12 13:19:50,,,
d4b37605-57b7-4a2b-a314-b4251e342786,Rosita Putri Ramadhani,https://play-lh.googleusercontent.com/a/ACg8ocJ3sRoNIou6z1iVxtelHUTbjgvgqCKegGTNabHLtaNcaMkjqKzR=mo,"Game pelit, dari segi cerita udah bagus (berasa dibacain dongeng) cuma alurnya kek sama aja gitu, cerita""... battle dikit, trus dibantu rekan, kek mcnya ga berguna aja gitu. Dan cuma makin kesini makin kek menguras duit player, manala ada di satu banner dibikin bingung player buat gacha. dari segi eksplorasi juga minim banget hadiahnya. udah coba bandingin dengan game"" lain emang ni game paling pelit.",1,0,,2025-02-12 13:19:37,,,
d42abb75-dd81-4ad8-8449-9f0f2b586a97,rian stra,https://play-lh.googleusercontent.com/a/ACg8ocLuWO3I-Nf2_jejy9n9gCCG7PrGHOgcvq3K_xWSaVAHWVP9Ew=mo,"kebanyakan bacot kalo ngerjain story story, tolonglah tambahkan fitur skip dialog biar gak mencet2 layar mulu",1,0,,2025-02-12 13:18:39,"Terima kasih atas dukungan Traveler terhadap Genshin Impact. Kami menerima secara terbuka semua masukan/umpan balik dari kalian. Jika Traveler memiliki saran atau masukan, jangan ragu untuk menghubungi kami melalui feedback in-game atau email.",2025-02-25 18:09:48,
9f6afa54-4c4a-4e32-bdd4-26d6d3ac1ba2,Arsy Pratama,https://play-lh.googleusercontent.com/a-/ALV-UjWiB0HndPCJA-89WunrekjL1ihlZjrlcBu3XXD4gcRqhF5sRBJ4,Ada waifu🥰,5,0,,2025-02-12 13:14:09,,,
4a34d7d8-678b-40db-8bf7-d55f8715091c,MALIK 01,https://play-lh.googleusercontent.com/a-/ALV-UjU3WtN_d-nSKN2b3siEB4T9KoTl_VKUh7oTSaRQUtFZBck-Lx8,Gada fitur skip,1,0,,2025-02-12 13:11:06,"Terima kasih atas dukungan Traveler terhadap Genshin Impact. Kami menerima secara terbuka semua masukan/umpan balik dari kalian. Jika Traveler memiliki saran atau masukan, jangan ragu untuk menghubungi kami melalui feedback in-game atau email.",2025-02-25 18:09:39,
ec811866-430b-45a7-9b22-1c68e598b605,Eugene Gazken,https://play-lh.googleusercontent.com/a/ACg8ocIzFSGsdKfpEZveyYM2f759RfSQlUgOQK0dqB6stUXyHRgYFw=mo,Kebanyakan yaping ni game,3,0,,2025-02-12 13:07:02,,,
8d4d8169-1246-41ae-8c85-0cb45f5e4059,YASRIL HAPISON BIMANTORO,https://play-lh.googleusercontent.com/a-/ALV-UjXPYNUegKm6MvR13kdHZ3_8mRc-avYecd642sST1rd8yVYBfnPv,No 4 no,4,1,,2025-02-12 13:05:29,,,
30c6ef18-4a2f-4917-8d84-a6545d6d3f64,Nahideung,https://play-lh.googleusercontent.com/a-/ALV-UjULGeTOMElhckjQsU7ZH6ZoLKxHBZqgjVjzbcUzWmO19JypPeNM,"Kebanyakan ngoceh, jadiin kek blue archive ada fitur skip trus muncul ringkasan cerita",2,0,,2025-02-12 12:55:25,,,
9159a6be-37d8-4744-aa5d-0083e309e52d,Dunia Ganteng,https://play-lh.googleusercontent.com/a-/ALV-UjWSuWhsXnlAklBPbexf5eFmjhcUF6cfpkAilDcGeaWW8KRovq8,Grafik game yang tidak ngotak,5,0,,2025-02-12 12:51:17,,,
7c3e43e3-8b1e-4b9e-91e6-86575693f330,ARDI ANSYAH,https://play-lh.googleusercontent.com/a-/ALV-UjWLpJ37hG0QmnBSqlCARNoK8kFhbsi-h0_7NXSXSJ0O8A6Emyw,"Tolong Buatkan kostum buat aether, kostum yg ada jelek ko perutnya kebuka nga cocok buat karakter cowok.",5,0,5.4.0_30057195_30231699,2025-02-12 12:47:52,,,5.4.0_30057195_30231699
3acac08d-befe-43ae-aadb-493cbc8e76f6,Rahmat Hidayat,https://play-lh.googleusercontent.com/a-/ALV-UjUN2PYSfNOQfpatoYLQash5BnxZj3AHdsksXOmT_V-ownAsHy1D,oke,5,0,5.4.0_30057195_30231699,2025-02-12 12:43:48,,,5.4.0_30057195_30231699
f951558a-4719-41cd-93fd-dd4cb65dd43b,MOH NOFRIANTO,https://play-lh.googleusercontent.com/a-/ALV-UjWHPCwXCom-Kq1L7zhrtjWCXmkdJVuWtH85cXiqh0uK4k9yGa0,sangat puas,5,0,,2025-02-12 12:43:40,,,
de780c7d-0da8-42dd-a184-3e78ab9204fb,Rizky Putra,https://play-lh.googleusercontent.com/a-/ALV-UjVNBCvVPi-zLJ6dK_xHDwIRjRDgkEx0soyWUWJ-mLKBuS6wVcst2Q,"Kikir impact, kalo kalah rate off di hard pity mulu+ rate on nya hard pity lagi",1,0,4.8.0_24603909_24822834,2025-02-12 12:43:03,,,4.8.0_24603909_24822834
bb9da67c-c7c6-439a-9731-d6238016d0de,Dede Kurnianto,https://play-lh.googleusercontent.com/a-/ALV-UjV0QAWX_CrP-bYkncbpreLAgyRWOe2hkNv_aafpyeOu6JpR4z9G,Free player ya susah² gampang. Susahnya pull pity 80~ mentok. Seringnya Rate off. Rate on pun pull gede.,4,0,,2025-02-12 12:36:29,,,
a9fda77e-cff4-44c3-8b5f-ba656f882d68,ahmad riduan,https://play-lh.googleusercontent.com/a-/ALV-UjXYx4JIrfxTCeIfXC5nAjh_QMTMmzyYgUZvpR8dFGBMSPlbvtE,Kita lihat berapa lama game ini bertahan.,5,0,,2025-02-12 12:33:29,,,
b8b32e53-aa1a-408c-a88a-78bfced64040,Qois Dzatu,https://play-lh.googleusercontent.com/a-/ALV-UjXDVQ7crC4ddMkJxN-MbfOfRVXGtUayFtF72cfJdEip88IHHTHf,"ini adalah game terbaik yang pernah saya mainkan, saya suka sekali dengan game penuh quest dan petualangan serta teka teki di petualangan tersebut",5,1,,2025-02-12 12:32:36,,,
751fef5c-aaf8-433c-9088-463b9f9c6ede,Zee Zen,https://play-lh.googleusercontent.com/a-/ALV-UjVk7w-GjonNbhBKx4BACnHZL993140xdd-_h83GTqM0DDuOWB9p,Namanya aja game RPG.. Kaya set weapon artifak dll jika susah dapetnya ya wajar.. kaya gak pernah maen game RPG aja..,5,0,5.4.0_30057195_30231699,2025-02-12 12:32:19,,,5.4.0_30057195_30231699
a79f5c16-6236-45af-9cbb-e90f2c991fd8,Andri Aibara,https://play-lh.googleusercontent.com/a-/ALV-UjXc95lscs-sIV-1Dw0f-f5Y3I3ZTeio2UmiSz8TB90cUuJctNg8,Grafik nya sangat bagus.. Game nya halus,5,0,5.4.0_30057195_30231699,2025-02-12 12:31:35,,,5.4.0_30057195_30231699
853243a9-2141-41b3-9c3b-794f9b8ff4b8,Daud (Daud),https://play-lh.googleusercontent.com/a-/ALV-UjWSThCN_k03YLkm2_2f-c4fbDZnABxz-YfOeY7bnSSdXF4PsbVt,Game sdm tinggi,5,0,5.4.0_30057195_30231699,2025-02-12 12:30:14,,,5.4.0_30057195_30231699
12df14f0-8f3a-4477-bbd2-a358fc4be0fc,FERDI HASIBUAN,https://play-lh.googleusercontent.com/a-/ALV-UjXnINa3zm0lCoZeHmvye7Hm7C490em53SJXwNVlF-WaBz6eRE1K,"Game kikir pelit primogem !! Padahal player lama dari 2021 Mana mau main aja dikit2 pake resin, kasi resin nya pelit banget lagi cokk cokk.. apa yg mau di maenin wong resin aja gapunya",1,3,5.4.0_30057195_30231699,2025-02-12 12:27:11,,,5.4.0_30057195_30231699
bc5e6266-01fc-4c6c-a5dc-93d70fc4cc00,Vyn K2,https://play-lh.googleusercontent.com/a/ACg8ocJNIlOfJh7zcXX3W0oXwgCvMKkJoucUt3vW_NgDyznuGtG2zg=mo,Seru dan memanjakan mata,5,0,,2025-02-12 12:25:47,,,
4148fea8-ae8c-424d-ae8c-52590f018e50,Kirana larasati99,https://play-lh.googleusercontent.com/a/ACg8ocJjCfVKedGgbHYLaWQ4lm5xf_ffBec0CXRV8uQ-l81d81yrhw=mo,GAMENYA SANGAT BAGUSSS,5,0,,2025-02-12 12:20:31,,,
643332ab-4357-4966-9ea7-e6c621bc461e,Pardi Boy,https://play-lh.googleusercontent.com/a/ACg8ocKr9ToE_OJytM0f6oCAuDb5ybCfXwz_5tUHPpPFoE5y4Vza_A=mo,Males banget makin kesini dialognya makin panjang dan kalo dibaca bikin kepala sakit terlalu bertele tele,3,0,,2025-02-12 12:19:10,,,
042f430b-b609-4e66-9f68-07f533868fed,Hadadi Nishfu'ady,https://play-lh.googleusercontent.com/a-/ALV-UjXeAJqM9VNr4h1bhTE1wuFf6y75Bh4K9SOjOeN0BSEFhVR-zJY,"Kamu game baik, aku selalu ksabar",5,0,,2025-02-12 12:17:18,,,
bdbdc5da-9431-4e8f-ba84-305f86c81bea,Muhammad rizki,https://play-lh.googleusercontent.com/a-/ALV-UjXeaER22no5IOoy0IMZ1ioCwMZf5KogL1VU4XGZewq2o0bWv-Ia,Good buat story tapi dialognya itu luwwwch😂,4,0,,2025-02-12 12:13:23,,,
3b5a0e77-435b-439a-8110-c88abf64e9f7,Hendrik,https://play-lh.googleusercontent.com/a-/ALV-UjV0uvWUi0VysO2itKz_XMlIgE3h-H7WZWbZAurx5-W4FKYFwNg0,Thanks Mihoyo telah memberi saya karakter bintang4 ningguang sethos dan yang lainnya,5,0,4.8.0_24603909_24822834,2025-02-12 12:08:40,,,4.8.0_24603909_24822834
5830ecd8-fad0-4646-9b11-9cf6b4f18868,Syah Firman,https://play-lh.googleusercontent.com/a-/ALV-UjXTSlAl2qjZNg_x17_Ytc7Fe6noK6NjZXQS4N2uYblOFd6LCwrl,saya suka game open word ini tapi sayang karakternya sudah di dapat,5,0,,2025-02-12 12:06:59,,,
613410fa-15d7-448e-8d0f-672f6e436cbd,Yayan 027,https://play-lh.googleusercontent.com/a-/ALV-UjXDzS88rfdvthOHKYlcWsCr-pL4hxUCz2qDM7cbrF-QuxRHWgI,Seru,4,0,,2025-02-12 12:06:00,,,
e34bf4c6-5a65-4db0-8705-f6ace500ec09,Han,https://play-lh.googleusercontent.com/a/ACg8ocJmo3Btr9kLTKophex-1W7_9FkjkGF2Gg8tfF36e0PXqLyHKA=mo,Seru jir 🗿,5,0,,2025-02-12 12:02:26,,,
233b2a56-a683-4e64-b4c8-29e8c34f21ac,Satya Ramadhan,https://play-lh.googleusercontent.com/a/ACg8ocJfFjrtTsYoedKJqpcqu5-VPLmJ6qCJLa715_EsIZeERbUifw=mo,Gua kasih bintang 5 sapa tau bawa hoki pas gacha wkwk,5,0,,2025-02-12 12:01:12,,,
dea45039-4d90-4d0d-a4ce-715ddba87818,Nazril Adriyan,https://play-lh.googleusercontent.com/a-/ALV-UjUJ2xv54FQ6Tra8DQ6neK6aVy-1KbHPTidUkoX8iHmdN3jDSqE6,AKU SUKA FURINA😘,5,0,,2025-02-12 11:53:26,,,
ba6eda0b-f11a-4783-9e7b-ef09a66037f8,Hafiz Anugerah,https://play-lh.googleusercontent.com/a/ACg8ocKfmQYaJmcmqQjr5aQiZWPCoEqqYkAR5FwMt4wORCYxrosyvQ=mo,"Setiap kali mau login pasti jaringan error, tolong di perbaiki ga bisa main jadi nya",5,26,4.8.0_24603909_24822834,2025-02-12 11:52:52,,,4.8.0_24603909_24822834
74d78d7c-74c6-4852-a2d3-aaa8267e1c79,Livia,https://play-lh.googleusercontent.com/a-/ALV-UjU8f-OZrFZkbwt-VaInbsOHv9f7LfliHcYpEKGkRqLzEjjzqhrh,"banyak yang rating rendah soal obrolan yg berkepanjangan, tapi bagi saya tiap dialog nya malah makin menunjukkan maksud developer dari game tsb, lagipula yg mau tudep mission itu kebanyakan cuma mau reward nya, namanya jga usaha sabar dikit napa lah. terus apa coba hubungannya wibu sama dialog, ngaco anjir 😭😭 Btw mantap develop, gamenya udah bagus, mungkin terkadang bug ketika tercegat diantara pohon"" gitu. Tolong diperbaiki, tapi ga terlalu masalah jga sih, so far so good. 🤗🫰🏻",5,81,5.4.0_30057195_30231699,2025-02-12 11:51:20,,,5.4.0_30057195_30231699
3d7190de-35e5-4f98-a14a-66a0198c1e3e,Steven Montolalu,https://play-lh.googleusercontent.com/a/ACg8ocKa8hR31jDuNTXae4_4Nrj0yjHeZoaaE0vdbjIqAIb_JbLSbw=mo,Aku suka game yang lama walaupun lama jadinya kita bisa tahu apa tujuan dan inti cerita🥰,5,0,5.4.0_30057195_30231699,2025-02-12 11:46:36,,,5.4.0_30057195_30231699
9305fd9a-6365-4b9e-9dc6-262a34ba178e,Samsul Muarif,https://play-lh.googleusercontent.com/a-/ALV-UjV3LZGhZHP3pqAdhgT59swprYTG26fTjzv7AEMnsG9wbJoyFOf9,Keren,5,0,5.0.0_26041933_26161852,2025-02-12 11:45:36,,,5.0.0_26041933_26161852
98779078-d057-49ea-8ec7-768845df310b,Michael Pannata,https://play-lh.googleusercontent.com/a/ACg8ocK89Baj6unTMUzw0mKR5q9WlUisqUeLzDvVmgDzpYLpUhMoxA=mo,I very like this game.,5,0,,2025-02-12 11:45:26,,,
f738b2d4-151e-4a8b-8d7c-e26d7057a8db,Alina Hasani,https://play-lh.googleusercontent.com/a-/ALV-UjWxnX1kOzB_7kVYI6Q3jnYpMh7_WhnF4H6edilHzBZFPpYHN-PK,bagus,4,1,5.2.0_28336591_28351161,2025-02-12 11:45:09,,,5.2.0_28336591_28351161
056f3965-a61e-439f-be0f-af82f6784f13,K- Showtime,https://play-lh.googleusercontent.com/a-/ALV-UjXd4AHT1FXjSz6_Yv0nrsl49dl0SX454wjNspWmSuALaNwIlNM,Dipermudah lagi woi cara buat farming artefaknya..,5,0,,2025-02-12 11:44:24,,,
1a14e0c4-24ef-461e-9e3e-5cb138dfae63,Ridho,https://play-lh.googleusercontent.com/a/ACg8ocJHqm5e-uy3zXDx5xfoz62ozVxKjx2Qnmu-bk7H4pZpOotdTw=mo,Gem ini bagus banget gerapik rendah aja bagus banget apalagi gerapik untra beh dan gem ini pertualangan dan lawan moster dan hero nya alemen nya bagus dan sakit dan terimakasih itu aja yg saya dapat di gem ini bye,5,0,,2025-02-12 11:33:59,,,
a5015bf2-3d0e-480a-9b9c-c053e5ad227f,Ari Wibowo,https://play-lh.googleusercontent.com/a/ACg8ocJ-k3NIcALwEejoSdTz2H5IZTBVaNG6gq74pgDFcNVXIdW56w=mo,"Dri tahun ke tahun genshin banyak eventnya, mantap hadiahnya",5,0,,2025-02-12 11:31:47,,,
1d9601e8-e55d-4b8a-be1d-904014b59ff1,Syaeful Ahyar,https://play-lh.googleusercontent.com/a-/ALV-UjXlaDO2_pOHw1DFCuMCoJypyztKicPnZ_O_B_dlg5dj07TZ4Ri7,Madodet pokona,5,0,,2025-02-12 11:27:11,,,
d0eb3a61-ce1b-413b-9a93-fde55c496948,budi setiawan,https://play-lh.googleusercontent.com/a/ACg8ocKkQyYQHnAEFICaU71OSZxBz04djMzgdShgF_t6k5KjNJyHpA=mo,Developer tembok. Gak mau dengerin player.,1,0,,2025-02-12 11:25:38,"Kami mohon maaf atas ketidaknyamanan yang Anda alami, Traveler. Kalau Anda memiliki masukan atau saran, silakan hubungi kami melalui email atau feedback in-game.",2025-02-25 18:09:21,
f84ac93f-3ba4-4fc1-b76e-2ce4f23fed15,dulah adul,https://play-lh.googleusercontent.com/a/ACg8ocJcd_7w84LXyP7LL6B-MMhcrRzH1iudNV8cvjxs6RCDaWJCEg=mo,👍👍❤️,5,0,5.3.0_29183395_29332470,2025-02-12 11:25:09,,,5.3.0_29183395_29332470
1aba398d-cd62-47d7-873b-764ff1eb4a70,Ahmad Azhari,https://play-lh.googleusercontent.com/a-/ALV-UjWn_kUi3rS-x-1qYkDaPWfO0LPx-QyCEzSgFmgCCiAyaz-DgkHD,Tinggal tambahin skip buat dialog yg panjang,5,0,,2025-02-12 11:19:58,,,
6cda06a3-c066-4b20-adab-2e73bad7faf6,dika cupil,https://play-lh.googleusercontent.com/a-/ALV-UjX-LNRtWXbvhlOLrQswrlVcffkrWTStMwjMjRm-5fLP1bHffVQ,Keluhan utama saya hanya dialog receh tidak penting yang tidak bisa di skip,4,0,,2025-02-12 11:19:46,,,
cb26c006-c1d2-4dc0-9feb-0000a7cf088a,pemula,https://play-lh.googleusercontent.com/a-/ALV-UjULHathLi9LcuTeJplMROInk_mJk-V4RC1UHbtG50HuvoXyhBo,"Ini Game rekomendasi Banget Buat penggemar Game Story,animasi, grafik dan mekanik semuanya perfect",5,0,5.4.0_30057195_30231699,2025-02-12 11:18:15,,,5.4.0_30057195_30231699
ece21801-12a4-4866-8680-acf9ee3a329f,yuyun tirza,https://play-lh.googleusercontent.com/a-/ALV-UjUQ7VRqEE_F_KFNFn7BmbNsVqe9feVLjMJ15u8c_vxqY1E7m-Q,"BAGUS BANGET tapi saran nya jangan bikin ribet nama nama nya dong😭😭, pls masa game sebagus ini yang main dikit sih😭😭",5,0,,2025-02-12 11:17:17,,,
baa074e7-69b1-4b4f-9594-99cc80580544,nofa meliala,https://play-lh.googleusercontent.com/a-/ALV-UjUW86ZWK4LB2Uqi7HJyv0LpF7d5DHenaZljEJSNq5yPeUuVGZhI,Tolong di perbanyak dapet hadiah nya kaya tiket buat gacha nya,5,1,5.0.0_26041933_26161852,2025-02-12 11:13:37,,,5.0.0_26041933_26161852
25ca4d58-1180-4d51-9a4f-f5354d768b5e,Dede yudi Saepuloh,https://play-lh.googleusercontent.com/a/ACg8ocJ53tbhMPvrDzFhaIkTyhCkXZfPNmug6nCEHx_jJp6Ppuu3us8=mo,baru download udh update lagi😭,2,0,5.4.0_30057195_30231699,2025-02-12 11:03:43,,,5.4.0_30057195_30231699
7072ab50-53b4-4025-8346-5df36c30d241,Dimas Fazril,https://play-lh.googleusercontent.com/a-/ALV-UjX16ZysgB2Oe642_sTWYeuxHv4X5x10a7t4RYUuK100M3um1aGO,"1 kata untuk game ini, ""LEGIT""",5,0,,2025-02-12 11:03:03,,,
d462ebac-e622-4b1c-a391-93b14e892e00,7-Art Craftners,https://play-lh.googleusercontent.com/a-/ALV-UjUlGw1_zFX4gxp3fdcwWVgpkiAmMfn-BmmB63CMQA-iLYnMyX31,"Sedang Menungggu Tsaritsa, Bila Nanti Tiba Saya Tambahin Bintang Nya",4,0,,2025-02-12 10:59:25,,,
d2a2821b-58d3-4463-84bd-5f561cc10574,Arun LA dhealova,https://play-lh.googleusercontent.com/a-/ALV-UjU2xxqCHDFyHzvzlNEFLlhQnV8R7RMT3JOaabo5xo40rqPXa9r9,"Hanya saja, Untuk masuk ke ruangan tertentu di rumah, Dan pintu tetap di buat Loading, memakan waktu untuk membuka pintu saja, masuk ruangan, bosan menunggu terlalu banyak loading...",3,0,4.0.0_16983586_17100363,2025-02-12 10:58:18,,,4.0.0_16983586_17100363
d876a0dd-c70b-428e-95eb-f63a15611c29,arap anjay,https://play-lh.googleusercontent.com/a/ACg8ocKh1Pk2YJwYj-NK7nJp5x-fnE-18ytrmrd_MQXmU6XbXUVc6Q=mo,Seru,5,0,,2025-02-12 10:56:42,,,
7426be46-8e8a-4b05-81e3-03b6cb7b4793,Farid Kurniawan,https://play-lh.googleusercontent.com/a-/ALV-UjXXME83uK0OJREG22mFDwnTsEQc3l8J9kJcKj8wl_xVQNm0bUf2,"Too much update, I have downloaded ±30Gb data, after finished I must download 27Gb? For what?",1,0,5.4.0_30057195_30231699,2025-02-12 10:55:50,,,5.4.0_30057195_30231699
b09ec7c2-1d4d-49e4-94c3-1ff9178923bf,Iqbal Ahkilla,https://play-lh.googleusercontent.com/a-/ALV-UjXq_qzTfBveVj_83LfHqEnt-uloxNSQOm1osfugKf-1llACSGEp,Absolute Cinema,5,0,,2025-02-12 10:47:50,,,
450ef0f1-863b-42e8-98ff-71edd655bf0a,Feel,https://play-lh.googleusercontent.com/a-/ALV-UjW0fMlGS4bRXX0CLfu-Cx0N0HJ1bGg0p07Jm-Nl2hHcYFp7xgb_,KENAPA GW HARD PITY TERUS COK,5,0,2.6.0_6179196_6305792,2025-02-12 10:47:05,,,2.6.0_6179196_6305792
f92d4f72-db18-4a55-a48b-e75ae4288873,Dina putri Ramadani,https://play-lh.googleusercontent.com/a-/ALV-UjXEDyf2ZvDB1xd10TxVmv3n8aBEMyafLMxlDDtRU8u2HeZ7DTCE,"gk ramah buat f2p, gk kebayang klo udh 100% all map mau dpt darimana primonya? (miskin geming)",1,0,5.4.0_30057195_30231699,2025-02-12 10:45:47,"Kami mohon maaf atas ketidaknyamanan yang Anda alami, Traveler. Kalau Anda memiliki masukan atau saran, silakan hubungi kami melalui email atau feedback in-game.",2025-02-25 18:08:57,5.4.0_30057195_30231699
671d2596-336a-4a62-afc4-d8e0176557fb,Rena Kirishima,https://play-lh.googleusercontent.com/a-/ALV-UjUfg2ygsnr3Q77MxOEBRstZnsPtJur4gQUpgzs0tNLIO4Cs1Oq4,"Please kasih fitur skip, minimal d story sampingan yang gk guna. Trus kasih konten end game kya d hsr yg busa ngasih reward mingguan, jd player lama msh bisa dpt tmbahan primo slian dr IT sama Spiral.",2,0,5.4.0_30057195_30231699,2025-02-12 10:43:52,,,5.4.0_30057195_30231699
c1049d3f-9413-4e6b-a84e-ff5bd6676802,Wibu bleach,https://play-lh.googleusercontent.com/a/ACg8ocLh5D2lgfhnlCXCkQUEIMPdE6Cf6xhuCDCI5Ro-5BPfufOpHw=mo,"setelah update, saya sering mendapatkan lag, padahal koneksi internet saya cukup baik untuk melakukan hal lain. mohon untuk ditindaklanjuti.",5,0,5.0.0_26041933_26161852,2025-02-12 10:43:42,,,5.0.0_26041933_26161852
689de2d8-ee31-4208-a0f7-74da72d4667a,Liani,https://play-lh.googleusercontent.com/a/ACg8ocLJpj0PZlDoAdpGPJO1GoU_hCIqHa_lWfmzCfX8Hz_-kWrZbQ=mo,Karakter nya Oke Game nya Oke Pokoknya cobain deh seru,5,0,,2025-02-12 10:42:16,,,
4611462e-1f3e-4e53-aab6-1779695beb37,Achvas Vachoetoen,https://play-lh.googleusercontent.com/a/ACg8ocJurzwXrDRvgVZp2L2trvaDUt2debTjdva6MXhAurUzzMj0Jw=mo,Bagus banget,5,0,,2025-02-12 10:33:37,,,
f66f66e8-f133-4f3f-b482-a9b268d5f5e4,Aizen,https://play-lh.googleusercontent.com/a/ACg8ocLUees3eUlY4EKkMnGMDY5GuGJoBIv5sr-FLz_9QWKxIssUcg=mo,"Buat kalian yg memiliki hp kentang tapi bingung kira kira bisa apa enggak,gw aja hp kentang chipset t606 bisa main rata kiri dengan resolusi 450,dah itu aja sih🗿🗿",4,0,5.4.0_30057195_30231699,2025-02-12 10:31:05,,,5.4.0_30057195_30231699
277d7a8d-034c-40f5-9f89-6619ee808168,motor gp,https://play-lh.googleusercontent.com/a/ACg8ocL47R1G2CDFwHmhkifVnD0b4g136QMMFpSynti8M5SedKSRlA=mo,Game bagus banget co .,5,0,,2025-02-12 10:29:38,,,
9d4e1d3e-9d45-402b-b9ba-93bd616f11b9,Video Barbar,https://play-lh.googleusercontent.com/a-/ALV-UjUkiRKLVctLNUEgda6IWgpfCOllZZrO7dkm5sOS6Ve7xvP7wY-i,Tidak bisa berkata kata,5,0,5.4.0_30057195_30231699,2025-02-12 10:28:55,,,5.4.0_30057195_30231699
2b4ec347-95cf-482f-ad14-d2e193e02b17,fikri alcaziero,https://play-lh.googleusercontent.com/a/ACg8ocJPPrfd4-A7sEW_f9yWp2yncHTkmU1N3Re2GlHkoXo_78g1Lw=mo,Pls tombol skip,4,0,,2025-02-12 10:24:58,,,
b2de8486-9e2b-4317-8919-8b8865568376,Prayoga Setia,https://play-lh.googleusercontent.com/a/ACg8ocIiuPd3OzGzItFFPuEe5PqVpYY4rPMW1vXmCixO0YtIGlZ5ew=mo,Bintang 1 dulu sampe reward CNY berubah,5,0,,2025-02-12 10:22:40,,,
9b7f28c2-2fed-4ab8-8d5a-181e17c3d973,Sae,https://play-lh.googleusercontent.com/a-/ALV-UjVhUzBiYeB72nolTuj_qwtYkwMPlttMMp-Y-FOVgkNFKl-KswCv,"Fancervices berlebihan. Natlan gaada jati diri, konsep ga jelas. Kurangnya karakter male, this is annoying. Kurangnya interaksi antar karakter, beberapa musuh yg sulit di imaginary theater",1,7,5.4.0_30057195_30231699,2025-02-12 10:20:08,"Kami mohon maaf atas ketidaknyamanan yang Anda alami, Traveler. Kalau Anda memiliki masukan atau saran, silakan hubungi kami melalui email atau feedback in-game.",2025-02-25 18:08:40,5.4.0_30057195_30231699
06715756-e3d5-4322-b140-f45d6fa2f898,Ricky Virgo,https://play-lh.googleusercontent.com/a-/ALV-UjWUrY0HSXlow35vCRno93agSn634X6XF8XT_oJBayVtSUjapZog,Please do the chat dialogue on the script button so that the players can quickly complete the mission he runs,3,0,,2025-02-12 10:18:48,,,
2d0c4afb-c3ec-480d-8504-b60a47b90b45,Aldys Putraz,https://play-lh.googleusercontent.com/a/ACg8ocKQ64osbggrvXob2U9eeiogiYmzu_dzMHC4ZwxgUaFW_FzjeQ=mo,1 pesan saja jngn pelit Primo paham!!! ✋,5,0,,2025-02-12 10:17:54,,,
e8c4f6ee-8db7-480b-860c-c74c370d5f74,Hery Supriady,https://play-lh.googleusercontent.com/a-/ALV-UjUTSfqDj7XRPZNHR8b0f9Bf-4ujHCmdHQg4zbbzVF-m3pYYqUc,"Sebenarnya 1 ajj permasalahan besar game ini Kikir, secara story bagus, char bagus, explorasi bagus.. Developer harusnya mendengar kan saran dari para player",4,0,5.4.0_30057195_30231699,2025-02-12 10:17:08,,,5.4.0_30057195_30231699
29a85fa2-ea06-40c5-9007-cdbb7fd255aa,Abdul Rahman,https://play-lh.googleusercontent.com/a-/ALV-UjWQFN0TZNHP7fBDMDSZ5Xo20PLonU1Zuk4KF5RdcimKBFo4pHz6,No skip,1,0,,2025-02-12 10:16:52,,,
943c249a-366a-4d12-897c-61f9a5f835bd,FAITH MOBA,https://play-lh.googleusercontent.com/a-/ALV-UjXs4eZNXtuGK5afbrN6b8EzZyG4n82PEvTQmPERN6rJs3NleT2Lug,"semua yg berkembang dari 4.0 hingga sekarang sudah bisa di rasakan, dari segi reward, chest, misi harian, puzzle, dll sudah terbilang mudah tapi kendalanya ada di percakapan yg teraaamat panjaaaaang saya dibuat ngantuk , sampai sering ketiduran kalo bisa, tolong tambahkan fitur skip percakapan agar bisa lebih menghemat waktu seperti game lainnya.. sekian, terimakasih. Nanashop",5,21,5.4.0_30057195_30231699,2025-02-12 10:16:33,,,5.4.0_30057195_30231699
3395d302-2e41-4bb1-8938-f4a9a6f16d97,agung bur,https://play-lh.googleusercontent.com/a-/ALV-UjVSKQpGVUYkXnnPRtVsmVvXw8H57vIh4OXooVD5xqUOMZwnKBbw,Nice,5,0,,2025-02-12 10:16:28,,,
1ee72d42-260e-4c79-8906-e3bd99bd6d94,Zen Chan,https://play-lh.googleusercontent.com/a-/ALV-UjW8l2-MK2ygvqDiz1ukqd_lotU8x1es80rYH_hNzXuv7lfGb0K0,"game terbaik menyediakan map yang luas, bebas mau ngapain. mengupgrade senjata, karakter dll. masalah story dan dialog yang lama itu lah kesan nya emang game ini di buat untuk story dengan pemandangan nya bagus dan pertarungan nya juga menantang , buat lu yang ngerasa banyak dialog lah apa lah, gak usah main deh lu, game itu untuk di nikmati setiap progres dan perjalan nya.",5,10,5.4.0_30057195_30231699,2025-02-12 10:08:14,,,5.4.0_30057195_30231699
c69676d4-95a4-4852-b00f-3962810d0833,Danesh Syahfaiqa Ramadhani,https://play-lh.googleusercontent.com/a-/ALV-UjWs1TfA8Jd64CLX4OS1R5XzgMNbgPquXWq2g6S5q1NzJB4V_SA,GAMENYA SERU TAPI AYOLAH KASIH AKU GACHA WANGI😭,5,0,,2025-02-12 10:03:05,,,
5409d87e-fa1f-49f2-9bec-e1e39e195204,27 . Runa,https://play-lh.googleusercontent.com/a-/ALV-UjWq1kJcyR1qLlzvraeZppOPfCkMncSCY-a2ju8AWiSqt5h2800,"keren, ak syg ayato, yae miko wangy",5,0,,2025-02-12 09:52:53,,,
42e535ec-18de-4c75-8acb-6858c45d3371,bagas pratama,https://play-lh.googleusercontent.com/a-/ALV-UjUgGtnt6EoIK5PLIr8v4kgLWs0xWZF-5-etIzIE94OxMTDVUzOk,"This game is actually fun to be happy, and Don't be stingy with gifts",4,0,2.1.0_3981765_4073622,2025-02-12 09:52:46,,,2.1.0_3981765_4073622
2139ed86-91d9-4913-8a4a-2a5c65bab638,Finnley Drizz,https://play-lh.googleusercontent.com/a/ACg8ocKgC2qgl_PE0aGOO3k7N--DOfWwC3FyZNZliJmBhjmhTrQ74A=mo,"I love genshin, thank you❤️‍🩹",5,0,,2025-02-12 09:52:03,,,
31f1e23d-338f-4b06-91e9-c0341c4a8328,dewi florence,https://play-lh.googleusercontent.com/a/ACg8ocKU2gl8CokZWCOZZh0XCJWkTsPtJD7dgTff8KAyXSINEQL6DQ=mo,Game berasa anime. Suka sekali dengan alur cerita dan grafik nya. Gak ngebosenin pasti nya. Helio g95 lancar jaya tanpa lag sdkit pun. Baterai aja cepat panas.,5,0,5.4.0_30057195_30231699,2025-02-12 09:50:34,,,5.4.0_30057195_30231699
0dee15bb-cd68-4767-8913-0bf213f58037,Hasbi Gaming,https://play-lh.googleusercontent.com/a/ACg8ocKj2fFws_8R3SM7DR7lrapyNX-lwikFgSMTVltMQ6OQ_U8Llg=mo,Genshin support gamepad kapan woy,3,0,,2025-02-12 09:46:18,,,
0b68cd1a-3e63-4b25-b2de-de81a370cc5c,Bahamut D Ogitrev,https://play-lh.googleusercontent.com/a-/ALV-UjWGqvmo4J-4OFZk3nqkzFdApe3Vst7F3_EKtQpzqhNERJ5x2Nxn,"Game pelit, ga kayak sodaranya. Mana kalah rate off mulu di pity 80an😡",4,16,4.4.0_20481013_20559831,2025-02-12 09:45:38,,,4.4.0_20481013_20559831
321633bf-422d-4a1b-9013-1785b940e62e,Toni FT,https://play-lh.googleusercontent.com/a/ACg8ocLS-M9N4J_s_JJlo88Q3lpHjYSXmDjnY2pH3wB_QNdBzb2omg=mo,"Bagus banget, no minus sama sekali. Keren banget woii kecuali sistem gacha dan hadiahnya💀",3,1,,2025-02-12 09:37:31,,,
b8709d2b-d273-453e-b46b-b8156dcc9c7b,PrayitnoTeguhh,https://play-lh.googleusercontent.com/a-/ALV-UjVtkUWFaxcdxqgpXryRkJwefbNrIbaM3YdgGSlYF75tmSz8e5g,"Kasih fitur skip di setiap dialog woii.... Capek tangan, kesel, jenuh nungguin nya. Bikin orang males aja",2,0,5.4.0_30057195_30231699,2025-02-12 09:37:01,,,5.4.0_30057195_30231699
627d4e6a-53ca-4e26-9512-f03a642e5aa6,Gundam Breaker,https://play-lh.googleusercontent.com/a/ACg8ocKAOjHDHcbj9i9wkB5G24ow-_k3Y0QqdSvmsIG_rreCe1Jxqw=mo,Minimal adakan 2x arti sebulan 2x lah farmnya bikin enek ga punya fitur kaya star rail jadi buang waktu,1,0,4.0.0_16983586_17100363,2025-02-12 09:36:32,"Terima kasih atas dukungan Traveler terhadap Genshin Impact. Kami menerima secara terbuka semua masukan/umpan balik dari kalian. Jika Traveler memiliki saran atau masukan, jangan ragu untuk menghubungi kami melalui feedback in-game atau email.",2025-02-25 18:08:11,4.0.0_16983586_17100363
1f95b7b9-e3ab-47ec-9e50-570c4aa716aa,faris faishal,https://play-lh.googleusercontent.com/a-/ALV-UjV1upOVo7hhFpsoRe5-PgOf44IGMbNpnWZPf4-qQz-BPE4lfjMV,Happy 1st anniversary semoga hadiah nya ⭐5 selector 🙏🏻😁,5,2,2.1.0_3981765_4073622,2025-02-12 09:36:25,,,2.1.0_3981765_4073622
8c16d0d2-07f5-4761-8491-dad210f5d884,Mung Yadhi,https://play-lh.googleusercontent.com/a-/ALV-UjVfDQja8v6ArXxiuVsteiGAZhwShoPWKPmFyvpeoZrX60PGkcc,Games sangat seru pake banget dan banyak hal hal baru di dalam games ini. Buruan download kmu ngga bakal nyesel dehh. Siap siap aja paket bakal abis karena pembaruan melebihi 2gb. develover kalo bisa update ya jangan mahal mahal ya kasian pemain lain termasuk saya.,5,0,2.7.0_6933856_6989239,2025-02-12 09:35:00,,,2.7.0_6933856_6989239
390a157f-4c3e-4c21-9aac-7f952f275d77,ARTIK RED,https://play-lh.googleusercontent.com/a-/ALV-UjV1xX16Q96iYOcxPF8JYd2CKNLtNiymd6bMK9mCLEhG5woqRVQ,please more primo,5,0,,2025-02-12 09:31:17,,,
6ea23a6e-4cf3-4e40-a1de-d2e4f98a2853,Apalah Iya,https://play-lh.googleusercontent.com/a/ACg8ocI6JNRwRfcwidxzN8mqiblvVtOWxVHrv0eX55WfRHcmAvz8Lg=mo,saranku kasih tutorial naikin rank buat pemula udah itu saja soalnya gak tau cara naikin rank,4,0,,2025-02-12 09:31:06,,,
742a195f-a8f6-4acd-993b-332b5829222e,Warzuqnii,https://play-lh.googleusercontent.com/a/ACg8ocIzOoSIjVlEoLwA9lon_3EYD3Uk0bwtTE6mY3Lb6w-37PBVPg=mo,Game Baik,5,0,,2025-02-12 09:30:56,,,
875ae43a-170f-4fc4-a820-babfb5b70d58,Atha,https://play-lh.googleusercontent.com/a-/ALV-UjWuYBjgjTIillP1xUpg_l088s6IQ616LbfbhJ6627wGZxGix2U,Ini game asik sih bagus jg tapi suka nge lag sm bug padahal makai wifi 🙂🦶,5,1,1.6.0_2961400_3070488,2025-02-12 09:30:36,"Kami mohon maaf atas terganggunya pengalaman bermain Anda, Traveler! Kami akan terus berusaha untuk memberikan pengalaman bermain Genshin Impact yang nyaman dan terbaik! Kalau Anda mengalami kesulitan apa pun yang berhubungan dengan Genshin Impact, silakan hubungi kami melalui email atau Layanan Pelanggan untuk mendapatkan bantuan.",2022-06-23 20:06:38,1.6.0_2961400_3070488
97d43c5b-b2c0-4baf-8921-e00563bb601c,Charrise,https://play-lh.googleusercontent.com/a-/ALV-UjWM6jzcelFXxSQSbPyxGSjgq42v1vuALjuwQGNxrycRm4Rg1_mp,bagus,5,0,,2025-02-12 09:26:48,,,
25514344-a282-4cb3-b5ab-3e3f31ecf016,MFirman Syah,https://play-lh.googleusercontent.com/a/ACg8ocJqDO4PtXAiQH0jbaKFOX2n3vncO_7f0g77R6dA89H9ZXYpIg=mo,Mantapp,5,0,,2025-02-12 09:25:45,,,
bf5d6adf-2c5a-4ca1-975a-a492f62fe688,Hanif NARZO,https://play-lh.googleusercontent.com/a-/ALV-UjUZv6uJH1X8xlli5IPVoPMlpGq5cdaXlijAItj6UExVL4YxweI,Kikir nya dikurang kurangin min😊🙌,5,0,,2025-02-12 09:20:22,,,
f917f130-0e1d-4ba3-9c2f-2fed891225a5,Gusti ketut Kartawa,https://play-lh.googleusercontent.com/a-/ALV-UjVLC7rXHWxkZW-EnrTL1Y83FSO-xv6QJAXA1TnSBuSxkbluCF8,"Bagus bangett, ini game yang paling bagus yang pernah aku temui, terimakasih telah menciptakan game sebagus ini! Semoga semangkin berkembang ya...",5,0,,2025-02-12 09:18:03,,,
84e3ce6d-55fc-4447-9578-3a6d983ee035,Nasriadi Barata246,https://play-lh.googleusercontent.com/a-/ALV-UjUpuhdqK7fUjaWJJTNLVd-PPfaAo6IAXer_j06aj6E6WlC4Cl4,"Tambahin fitur skip dialog dong,males bgt harus mencet tombol f terus",3,0,,2025-02-12 09:17:45,"Terima kasih atas dukungan dan perhatian kalian kepada Genshin Impact. Kami akan terus memberikan konten game berkualitas kepada Traveler. Bila Traveler menemui masalah selama bertualang, Anda bisa memberikan masukan di dalam game untuk menghubungi kami kapan saja. Kami akan terus memperhatikan saran dan masukan tentang pengalaman bermain Traveler.",2021-10-21 10:47:16,
650997a1-8d28-40e1-8f14-820c6c739159,Ujang Aris munandar,https://play-lh.googleusercontent.com/a-/ALV-UjUknNKLWvgwtDHBYia0iE-6s2icjBCqZliHOkVXJDjj6Bj0UTCi,Top,4,0,5.3.0_29183395_29332470,2025-02-12 09:17:25,,,5.3.0_29183395_29332470
0c12b3e0-4049-4076-bb57-500b0f92bf9d,Ambar Cahya Nugraha,https://play-lh.googleusercontent.com/a-/ALV-UjX6CJ2qLIsvr1atk6SqVLexDCP9yi6lPlAUAfPUTZXJMi8zyzQ,Rata kanannya kurang memuaskan,5,0,3.6.0_13833164_13951843,2025-02-12 09:16:17,,,3.6.0_13833164_13951843
d4a78668-fc57-401f-9c30-d3ab9c301b5b,Laila Zahra,https://play-lh.googleusercontent.com/a-/ALV-UjVZV-pz_5pzE3Tavjz_5NC25Oje5RAqNM2yPInGTomQkWrduziW,Game terbaik yg dimainin selama 20 tahun hidup di dunia ini,5,0,,2025-02-12 09:15:50,,,
78071452-c74d-4ff9-92ba-7a9924733a42,Albert,https://play-lh.googleusercontent.com/a-/ALV-UjWzXno6XDFNdj4mSxSoGsJCGY6qAsDZIwePljDh4fOfSgBDiUT6,gw kasih bintang 10 kalo ada fitur skip dialog,1,14,4.8.0_24603909_24822834,2025-02-12 09:12:52,"Terima kasih atas dukungan Traveler terhadap Genshin Impact. Kami menerima secara terbuka semua masukan/umpan balik dari kalian. Jika Traveler memiliki saran atau masukan, jangan ragu untuk menghubungi kami melalui feedback in-game atau email.",2025-02-25 17:51:49,4.8.0_24603909_24822834
9d2a239c-6d38-474a-ab24-e0e7ccb8a90c,sookiiim ._.,https://play-lh.googleusercontent.com/a-/ALV-UjWVhYRhtLaRcvXJ8rEntcwgwnQyM1UNoaiYXUK7w6qMKfmRt_ut,Bagus,5,0,,2025-02-12 09:08:34,,,
73e80424-44b4-422c-8e74-27215dfa1906,Ray Macho Fernandes,https://play-lh.googleusercontent.com/a-/ALV-UjWb3RhVFRw_JIRhooBKiFaWXx10_mChUzYWEMjwGPL9ET8fzX1S,PLEASE ADA FITUR SKIP DIALOG,2,2,1.1.1_1437351_1398019,2025-02-12 09:01:00,,,1.1.1_1437351_1398019
f8e666a7-72f1-420e-b237-fb6480405aa3,yusuf fatah amrillah,https://play-lh.googleusercontent.com/a-/ALV-UjWnzuNL6dqyKP4E5W8Xec5HPW7FFJ4-gFZ5y_tS5w38vxkjatuL,Banner weapon 1/1 lawak dek kalah sama gam baru wkwkwk,1,0,5.4.0_30057195_30231699,2025-02-12 08:59:03,"Terima kasih atas dukungan Anda terhadap Genshin Impact, Traveler! Kalau Anda mengalami kesulitan apa pun yang berhubungan dengan Genshin Impact, silakan hubungi kami melalui email atau feedback in-game untuk mendapatkan bantuan.",2025-02-25 17:58:28,5.4.0_30057195_30231699
74087efa-9975-4078-b8da-56dfd81ab1f3,Mikhael Gusti Julius Hutauruk,https://play-lh.googleusercontent.com/a-/ALV-UjWIgw2ikzjeZxRILRHDne5sQtEz0lZAZrOB1pmEgd6r03NttOo,"kebanyakan dialog,paimon ganggu doang ketika mc lagi berinteraksi,gak ada button skip,lootbox terlalu parah,QoL di lock pakai chara limited,end game konten boring.",1,0,3.4.0_12498014_12591909,2025-02-12 08:58:29,"Terima kasih atas dukungan Anda terhadap Genshin Impact, Traveler! Kalau Anda mengalami kesulitan apa pun yang berhubungan dengan Genshin Impact, silakan hubungi kami melalui email atau feedback in-game untuk mendapatkan bantuan.",2025-02-25 17:57:58,3.4.0_12498014_12591909
fa1337b2-ce8d-42e7-9433-ca8cc6b65b8a,mvp FEDER,https://play-lh.googleusercontent.com/a/ACg8ocI0hzyUFZo4gMlwwMYnJ-L_A7gip-KRNYzfz8k5ZPUY_QargF4=mo,"Seru sih gam nya tapi gede download nya, hp yg ram 8 masih terasa prem",4,0,2.4.0_5199000_5224067,2025-02-12 08:54:31,,,2.4.0_5199000_5224067
ce42e4d7-9656-4262-8f16-6153284e1969,Queen Elby,https://play-lh.googleusercontent.com/a-/ALV-UjVgECoUg14vv6rglcZ97HIaMGY3ybPofvM8Uo0GhBaFO5Qw8ObS,SCARAMOUCHE MY HUBBY WUBBY PLS HOYO MAKE ANOTHER EVENT WITH WANDERER IN IT I BEG YOU,5,0,5.4.0_30057195_30231699,2025-02-12 08:49:46,,,5.4.0_30057195_30231699
e2c403d9-32e6-4ec1-b7ef-147749286605,Rafael Lintang,https://play-lh.googleusercontent.com/a-/ALV-UjVsl5F8ByFfn1hL4ba9lK4kbjXoaqY6O9CnmHL8WcCX-5Zly2o4,"Aplikasi nya sangat bagus, banyak karakter² nya sangat banyak",5,0,5.4.0_30057195_30231699,2025-02-12 08:47:26,,,5.4.0_30057195_30231699
3e40b024-a2e7-417d-b993-3c01f95253ce,Mhmd ARI1234,https://play-lh.googleusercontent.com/a/ACg8ocIeZRl-RiMmsjo_KwDbqlHJRTx-e5sLKJUOjkWmbhq9KpHz=mo,Kurang nya bansos Primo apalagi kalo mau dapet char b5 harus 80 pull misal dapet kalo kagak rugi juga mana ngebuli satu char aja lama banget,1,0,,2025-02-12 08:46:52,"Terima kasih atas dukungan Anda terhadap Genshin Impact, Traveler! Kalau Anda mengalami kesulitan apa pun yang berhubungan dengan Genshin Impact, silakan hubungi kami melalui email atau feedback in-game untuk mendapatkan bantuan.",2025-02-25 17:55:18,
3711306e-7241-4afc-b8b2-c262b257d4a9,Avrisky Bilal,https://play-lh.googleusercontent.com/a-/ALV-UjV_nSphISMykKzw_uKRB24OLW_7v5FKUUeDY04zt-K-cLDLB6kM,add fitur skip storyyy mihotoddd,3,0,1.0.0_1112729_1135452,2025-02-12 08:45:12,,,1.0.0_1112729_1135452
6efef967-d159-4e95-a2b5-cae3db2b5299,Nishiro Hyperion,https://play-lh.googleusercontent.com/a-/ALV-UjXruXFtusXoVFm4eX9tjWfM6bTKQznX6Ovut8o0CHiEzvZu0wj8,"Cukup ngakak sih liat ulasan dari orang-orang yang kurang suka literasi, ya maksudku, lore game ini penting dan minta skip? Pertahanin aja",5,0,2.4.0_5199000_5224067,2025-02-12 08:42:26,,,2.4.0_5199000_5224067
b509a9d8-12f4-4331-b609-45508047dee0,Tri Aldian,https://play-lh.googleusercontent.com/a-/ALV-UjWG_Z47WCicIG4u44yExVa_ZKcVf73aSAvVxa1SNYWkK7cj6gKC,"Udah Bagus banget gamenya, saran agar lebih stabil di beberapa map dan banyakin hadiahnya agar player betah mainnya",5,0,5.4.0_30057195_30231699,2025-02-12 08:41:36,,,5.4.0_30057195_30231699
7ea14766-8ab6-4167-b825-035f2b053748,Goestlaw Kun,https://play-lh.googleusercontent.com/a-/ALV-UjXJbd-N4-MatqbmOzMVVVQ1K24q8yQozfIkO4_4Td-j6MQ4WaPI,seru tapi berat hp gua sampe panas,5,0,,2025-02-12 08:39:01,,,
e8499300-2dcd-44ea-b831-135d966771ba,Ram2giga Ram2giga,https://play-lh.googleusercontent.com/a/ACg8ocK0g7JfDYF39tNlZWRRh9Q2UwPy5SUk3dHDT9PKi_GdECCCpA=mo,Gameplay nya asik jadi gk bikin bosan,5,0,5.4.0_30057195_30231699,2025-02-12 08:34:16,,,5.4.0_30057195_30231699
f6ff4345-5cb7-433f-b081-1e73ba350802,Doni Arif,https://play-lh.googleusercontent.com/a/ACg8ocLGx5KEU0uVtCebB0_kQvNOLzgd1XLubRpsUtm7J2WuVCOxaw=mo,Di upddate malah gak bisa di buka mau masuk kelur lagi,1,0,5.4.0_30057195_30231699,2025-02-12 08:34:14,"Halo Traveler! Mohon kunjungi website official Genshin Impact untuk mendapatkan informasi sistem perangkat yang diperlukan untuk mendapatkan pengalaman bermain yang stabil dan lancar. Selain itu, untuk menemukan sumber permasalahan ini, mohon hubungi tim CS kami melalui feedback dalam game atau email.",2025-02-25 17:53:09,5.4.0_30057195_30231699
66251116-bd43-4b6b-a738-db5b6281b0b6,Valdo Panding,https://play-lh.googleusercontent.com/a/ACg8ocKzL3VeYH-zgHn8udl7eSxFATlgc7ab5WqO8watYLNBX0DFcg=mo,"Game baik,suka memberi Primo, tidak kikir,gachanya wangy",5,0,,2025-02-12 08:30:43,,,
48b07089-09d3-4535-b1ef-b8125ccc2a2e,Takanashi Necrotic,https://play-lh.googleusercontent.com/a-/ALV-UjVRoWD0MbXehQy4Sk9S3Welm4dwiFHR8RVdyBKIUStAfwi7AmIv,"5 YEARS, AND THEY STILL DOESN'T CREATE ""ARTIFACT LOADOUT"" and, other USEFUL QoL for THE GAMEPLAY . no WONDER your TITLE is, ""PUBLIC ENEMY""",1,0,1.5.0_2574575_2578841,2025-02-12 08:25:21,"Thank you for your constant support of Genshin Impact. We welcome any valuable input from you. If you have any comments or suggestions you would like to share, please feel free to contact our Customer Service team via the in-game feedback channel or email to help us improve the game.",2025-03-06 14:55:34,1.5.0_2574575_2578841
8b6b6af6-2fde-4599-a68b-ab0e5af4b646,Fengky,https://play-lh.googleusercontent.com/a/ACg8ocLI1_UCkaxHr_gmAK7X9SLnOlVZsbrgii6K5GxMmxgMGVeGPg=mo,"Mantap,, bgian resin di percepat dong waktunya",5,0,,2025-02-12 08:25:20,,,
463c77d8-ec80-4e5f-a97d-166e5b23597a,Anak Desa,https://play-lh.googleusercontent.com/a/ACg8ocJNh40T7V9VNXUcO_1txrfXIUPl3AIoePCmq2UuEK78FosD1A=mo,Banyak dialog yang sengaja di panjang panjangin muak banget ga bisa di skip njir,1,1,,2025-02-12 08:23:14,"Terima kasih atas dukungan Anda terhadap Genshin Impact, Traveler! Kalau Anda mengalami kesulitan apa pun yang berhubungan dengan Genshin Impact, silakan hubungi kami melalui email atau feedback in-game untuk mendapatkan bantuan.",2025-02-25 17:57:37,
925b17f7-c422-48e2-bf22-c2c58c94c137,Harumi Aina,https://play-lh.googleusercontent.com/a-/ALV-UjVMuc3_2f5wwSXgDONHLr9Pn044QAH1YAiCXM8zFJqqUgOAXddA,"bagus banget asliii, walaupun menguras memori handphone gapapa lah yaaa tolong berikan event yang memberikan primogem yang banyak, tapi event nya tidak susah kalau bisaaa supaya banyak yang main terimakasih 🫶🏻🙏🏻",5,0,,2025-02-12 08:17:33,,,
fb8b04f8-67e9-43f6-80b4-687df78e7c05,Backup Komik,https://play-lh.googleusercontent.com/a-/ALV-UjVRyZoHFcqvNTq0zA9x_sdeAbIWWHHiFS8GrWh2siaN7Rx8_jo,Seru banget ini game,5,0,,2025-02-12 08:14:39,,,
44bc8da9-8535-426d-aa55-cd8ffbbbf9b3,Ahmad Haikal R,https://play-lh.googleusercontent.com/a/ACg8ocJDu3MAM7FDdEQW1JP_4a1I1-d3r4jNZ9ZyCsNp_ewVT-t_RQ=mo,Permanan nya bagus ko tapi saya harapn jumlah karakter laki laki dan perempuan di seibangkan,5,0,,2025-02-12 08:09:46,,,
2b65e207-cd4f-4cd0-a85c-4c3f45f30992,Kesa suhendra Gs,https://play-lh.googleusercontent.com/a-/ALV-UjVOI2SNT9F-bxAE8LjGz6sfquQGjEgC70WCuXvMDx15tAGTEZE,game nya sangat seruu,5,0,,2025-02-12 08:09:43,,,
5cba5881-12d0-4d58-a366-fae93742257d,Ruu. Dhiraa,https://play-lh.googleusercontent.com/a-/ALV-UjWfFgnL0E_RzjK7dSiphVsGaWdeWdRDgaAkLB5KMysfah63-3l1,"BAGUS BANGET, TAPI BANYAKIN PLS CHAR CWOKNYA",5,0,,2025-02-12 08:04:10,,,
616e2874-9c42-4d33-b0e7-dd1cd8d1e9d3,Pencilgon,https://play-lh.googleusercontent.com/a-/ALV-UjViqQ5ilZTk1uOZhXF70fI25j24000zVxlh_pg454G4FbL8s9qH,"Rate Gacha tolong dinaikkan, Rate Drop item tolong dinaikkan, QUEST STORY, QUEST ARCHON SO GOOD, DON'T MAKE SKIP BUTTON.",4,85,5.4.0_30057195_30231699,2025-02-12 08:00:52,,,5.4.0_30057195_30231699
49e055e6-b002-4b4c-a32c-f0cf393ad9de,Nizzacantikbanget89 Nizzacantikbanget899,https://play-lh.googleusercontent.com/a-/ALV-UjXJlADq93bHGq76C6_ELzx_sYyuRnj7nm_2-YRcD4KAc68gTwM,"hoyoo, jangan pelit2 amat laa tambahin primo kek di misi harian, tapi genshin baguss banget guyss",5,0,,2025-02-12 07:59:17,,,
c87e2a65-36fe-4ea0-83af-8eb67ada3584,L Fadly,https://play-lh.googleusercontent.com/a-/ALV-UjU9HW5Ew4DM8cxnpf0roWPIsuiyKBBL0AdYQzhwdLWh9Uq9JZY,Game terseru yang pernah kumainkan.,5,0,,2025-02-12 07:59:14,,,
dd5fb887-1216-4619-bcaa-52f967a8a25c,naufal fatih,https://play-lh.googleusercontent.com/a-/ALV-UjUTfADmUPwl_3Lh88PRscW5gZ1z-Kt9261TuR4jBwW_mS_Qx5U,Gem bagus apalagi kalo pake hp elit grafik nya rata kananin,5,0,5.4.0_30057195_30231699,2025-02-12 07:57:26,,,5.4.0_30057195_30231699
0fcf3393-c338-4513-95ca-d0e251d24557,Andaelin,https://play-lh.googleusercontent.com/a-/ALV-UjVQCq1cS67Wh4O9ENAjXvxgukuO7NfW8ETpHB6LcarNrFfCZL7K,"Gamenya bagus, tapi kok versi mobile tidak bisa costum tombol ya kaya game sebelah, jangan-jangan memang bener ini game prototype doang bukan asli, jadi tolong untuk kedepannya bisa custom tombol untuk versi mobilenya. Tolong di dengar hoyoverse!",2,0,,2025-02-12 07:55:07,,,
986006c8-0770-409e-8248-775af71d849d,Sutarno_ Sutar (Konco_Mancing),https://play-lh.googleusercontent.com/a-/ALV-UjUb2agxv207PuNefH75AWUE9Jupz0NvcuXvmh7x7WgYbEZimFs,Sering2 ya event nya hoyo🙏🙏,5,0,,2025-02-12 07:55:07,,,
a83112fe-c310-4136-9a17-dc7361a0b7f5,Ann,https://play-lh.googleusercontent.com/a/ACg8ocKIRP2QM-pqVm1iD2JGXqnDNJK4pUiWD4_IBGr4sKF7xvSktw=mo,"Ya, sebenernya sayang-sayang benci gimana gitu ya kan.. Sayangnya tuh karena dikasih hoki terus kalo gacha tapi KENAPA ARTEFAK GUA DI AMPASIN SEMUA HAH? MAKSUD E OPO?",5,0,5.4.0_30057195_30231699,2025-02-12 07:54:31,,,5.4.0_30057195_30231699
971a71d2-f67c-4317-baaa-1026aad05bb0,ARR Tense,https://play-lh.googleusercontent.com/a-/ALV-UjUx27BPKU5sj1a0vQIF2_CGxBPXm8BopvLPajL4qc8AOZrWY7Ry,Bisa kah menambahkan hadiah lebih banyak?,3,0,,2025-02-12 07:52:32,,,
536dd521-48cf-4e04-bf8d-74a64cfc5c1a,CrazyGanz,https://play-lh.googleusercontent.com/a-/ALV-UjXEE_XStvmtg6s84DikaccdrjckQICL2l61vW8N5hoLGu3qRy9B,Adain fitur sekip dialog males banget dengerin bacotan ga jelas,1,0,5.3.0_29183395_29332470,2025-02-12 07:52:08,,,5.3.0_29183395_29332470
3329575b-a001-453f-84f0-6c317be3bfcd,Afra Dwi Putri,https://play-lh.googleusercontent.com/a-/ALV-UjUY4W6RQLBth4ThiPOmxDzrugm8Y2yY_tVgiCVnTKKvPD8Npb0-,"banyak game RPG sekarang... mulai dari yg sama"" hoyo ataupun ngk... tapi tetap suka genshin impact... the best game nya.",5,0,5.4.0_30057195_30231699,2025-02-12 07:51:31,,,5.4.0_30057195_30231699
6e01f79f-9c6c-4901-9147-011657ec182e,Ciel,https://play-lh.googleusercontent.com/a-/ALV-UjXHKsF2cvARhqwZBiVYencadnbAJJYkxjsyQAH1ju1Wb8Hr4xX3,"fanservice berlebihan, rasio character cewe dan cowo jomplang, tolong diperbaiki dan diterima masukannya",1,1,5.4.0_30057195_30231699,2025-02-12 07:46:26,"Terima kasih atas dukungan Traveler terhadap Genshin Impact. Kami menerima secara terbuka semua masukan/umpan balik dari kalian. Jika Traveler memiliki saran atau masukan, jangan ragu untuk menghubungi kami melalui feedback in-game atau email.",2025-02-25 17:56:39,5.4.0_30057195_30231699
9e24619d-2b99-43cd-a2c3-961ae4be9484,putri saraswati renaldhyani,https://play-lh.googleusercontent.com/a-/ALV-UjWpx1KEZm2bgjKF_p4qHj9xwNmA9ejgWcCKkCNHj6WZBADA_z_7,"suka bgt sm gamenya, tp pity kalah rate off nya sadis 😭",5,0,,2025-02-12 07:42:21,,,
69353fec-ccc6-4279-81c2-3380ccc2fe82,Muhammad Syamsuri,https://play-lh.googleusercontent.com/a-/ALV-UjWCqdoyVxGQBRjVM2U6iysZeN1RUq719lXfbtTWCWpRl5Rgce3b,bagus,5,0,4.1.0_18054760_18121248,2025-02-12 07:42:16,,,4.1.0_18054760_18121248
c9856d7a-35e4-4a41-9d43-9da163d4d98b,Ibnu Zulfikar,https://play-lh.googleusercontent.com/a-/ALV-UjVcRka-FSk8R50-DQFrlmkqymZk8mpe_TrfsFxADnp5_Gjrrvc,"Selalu hard pity, sekali kali soft pity lah.",2,36,5.4.0_30057195_30231699,2025-02-12 07:42:14,,,5.4.0_30057195_30231699
1af7167f-f8ad-4c4f-a6b1-9b84d26cb939,ANDHIKA MUHAMMAD WILDAN,https://play-lh.googleusercontent.com/a-/ALV-UjWkzJAzMF_gU1UK5Oxp8HBwoOrQNePwNSaQbeuMH_e_3WRS_xi9,"Visual cukup memanjakan mata, salah satu game open world dengan penulisan story yang sangat baik, soundtrack dan BGM gamenya juga enak enak didenger, desain karakter bagus bagus meski kalo desain mungkin adiknya yang turn base masih lebih bagus, pokoknya top lah cuman saran aja sih tolong lebih dengerin masukan dari para pemain. Buat masukan fitur skip gw kurang setuju kecuali diterapkan ketika dialognya kurang penting atau pas lagi side quest",5,765,5.4.0_30057195_30231699,2025-02-12 07:39:48,,,5.4.0_30057195_30231699
72b33a89-0cfb-4bd7-acc4-2c28f83f914b,rasa melon,https://play-lh.googleusercontent.com/a/ACg8ocKXMtZITLxnXSWzmCGPKn4rPq7oyRZOAd9WCp5k7v3miA7OUw=mo,setelah di update malah gak bisa di buka udah besar banget update nya malah mengecewakan game rusak gak rekomended buat di download habis update malah masuk ke server bukan ke game,1,2,5.4.0_30057195_30231699,2025-02-12 07:39:41,"Halo, Traveler! Terima kasih atas support anda pada Genshin Impact! Mohon diperiksa apakah anda telah mengunduh game client versi terbaru melalui official channel yang ada. Dan mohon kirimkan informasi relevant mengenai permasalahan anda kepada CS kami melalui email. Kami akan memberikan jawaban/bantuan permasalahan anda sebaik mungkin.",2025-02-25 17:57:25,5.4.0_30057195_30231699
516f7170-e415-4bbc-9859-a00cd6708979,Muhammad AMD,https://play-lh.googleusercontent.com/a/ACg8ocKp99buGFBVjlHccNDvqQnzDeY2LXa5zkiHXcNF4-2Rb5BaTnd8=mo,I really love this type of open world game play. My greatest regret is i cannot play this game with full specs on my cheap phone 😭😭😭,5,0,3.7.0_14806628_14807925,2025-02-12 07:36:35,,,3.7.0_14806628_14807925
68bd601c-5d88-4a57-a9ad-64a96a2c959f,Muhammad Dimas,https://play-lh.googleusercontent.com/a/ACg8ocIOvBC7z8p6oluzkKyXIuIBNw9xIfB8oYJW_vX5lVOn5Wi7_g=mo,Sehat sehat game pelit,5,0,,2025-02-12 07:35:31,,,
4fa99100-652d-413c-8f49-224d718e2af9,Zaqqi naga Ibrahim,https://play-lh.googleusercontent.com/a-/ALV-UjV-y0ivZhseVLKAvlexY2Gxe7FCOWA8OchyN2bdtRVvc1NuyII,非常好,5,0,5.4.0_30057195_30231699,2025-02-12 07:32:47,,,5.4.0_30057195_30231699
0695cce9-f332-4b30-a180-7e7c887fa98d,iyayaa,https://play-lh.googleusercontent.com/a-/ALV-UjU8W4X8LsS-IqzmgC6XdPXHOn3F89NQHlWZ5lEHba4yV8YkUsvp,Tolong di perbanyak karakter cowonya pliss. Jgn cwe mulu. Karakter anak kecil cowo juga kurang banyak,5,0,,2025-02-12 07:31:52,,,
eb54692e-f767-4205-bfd3-5ce35c899046,4ragato _,https://play-lh.googleusercontent.com/a-/ALV-UjUicCizuc0mkwqZIVF3oT2VqmnZoGnBDGijB0QmAfHcrTME7ig,Game ini sangat baik dan juga ramah dan tidak kikir,5,1,,2025-02-12 07:29:03,,,
0ff8175d-4d5a-445c-bb12-54e71fd38d37,Fathan Arrafi,https://play-lh.googleusercontent.com/a/ACg8ocIOiK3cETLK7iCMDpHd9ES8OjCyjmybLU7Nk-kvrYd5zxCLxw=mo,Best game ever,5,0,,2025-02-12 07:29:00,,,
86476fc1-994c-4e10-9334-52e008184bc6,Valiant Efraim binti,https://play-lh.googleusercontent.com/a/ACg8ocKhNyrEFVK789TF6rZDhmWz0NRJWtV9jOh_hDc-zc2Sgs_oMQ=mo,Gameplay nya asik cerita nya seru map nya luas tapi game ini ga cocok buat potato phone jadi nya aku harus ganti device buat lebih nyaman lagi buat main jadi intinya game ini tidak membosankan sama sekali bnyak banget character yang bisa di mainkan tapi harus gacha jadinya harus ngeluarin uang kalo mau dapat character nya dulu tapi bisa kok dengan cara free to play tapi harus sabar,5,3,5.4.0_30057195_30231699,2025-02-12 07:27:02,,,5.4.0_30057195_30231699
cb17a75a-63c3-4e86-adcf-611bc2cfa506,Yuvell Rawrr,https://play-lh.googleusercontent.com/a-/ALV-UjXSoX5fHHjxUn2Ob8JKeAuDJSzF22krhGgWF91r5T3h2W2G6azx,"1# Dialog Sangat Panjang dan beberapa karakter tidak ada suaranya, saran saya adalah diberikan fitur SKIP dialog untuk mempermudah para pemain. 2# Primogem yang dihasilkan sangat sedikit dan ini menyulitkan para pemain F2P berburu primogem untuk gacha banner.",1,5,5.4.0_30057195_30231699,2025-02-12 07:20:56,"Terima kasih atas dukungan Anda terhadap Genshin Impact, Traveler! Kalau Anda mengalami kesulitan apa pun yang berhubungan dengan Genshin Impact, silakan hubungi kami melalui email atau feedback in-game untuk mendapatkan bantuan.",2025-02-24 17:57:57,5.4.0_30057195_30231699
46348d25-d145-49fb-af63-e2f193979cb8,Dhiawafi Rosyad,https://play-lh.googleusercontent.com/a/ACg8ocLfcRHUxa8u-05erEQ3mZAOSBXXIuinTG2c8JlJGIwhMS-8xAM=mo,Salah satu game mobile gratis terbaik.,5,0,,2025-02-12 07:20:34,,,
57e5cd6f-a6f3-4ae2-ae51-4e8fa27ed307,Raihan fadilah,https://play-lh.googleusercontent.com/a-/ALV-UjW4OyQeZ_4QUr9_Wx0dmjUwLzuXOqKd6m8PXmclOsg7VlG88zPS,"Seru banget,sayang banget sering lag",5,0,5.4.0_30057195_30231699,2025-02-12 07:19:47,,,5.4.0_30057195_30231699
c74b5a8b-2468-4447-b69f-cf1dcab72f69,Jose Cornelius,https://play-lh.googleusercontent.com/a-/ALV-UjW0-WujBRncWI2aAZX7F8MyrnpVruEiEmDDV8BotcPU9inUccgT,Game bagus 👍👍👍,5,1,3.7.0_14806628_14807925,2025-02-12 07:18:47,,,3.7.0_14806628_14807925
f8128b32-f86a-41b1-aa53-3b87c7bb5ac5,Faqih Qodam,https://play-lh.googleusercontent.com/a-/ALV-UjUuo3dyrVEXcD1uOMCl4MKnPrTKJUxQH4yBbLpQJNxFgzz75Os,Tutorin biar bisa menang rate off terus,5,0,,2025-02-12 07:18:20,,,
9b95714f-7c6b-46fd-a83a-faa361655093,Hendri Putra lintau,https://play-lh.googleusercontent.com/a/ACg8ocIwmkoD4TPYaEHV-gftCjtaxkKBr-BFTZ3Mj-OoXfI1o2-cRw=mo,Game bagus banget bng,5,0,,2025-02-12 07:15:59,,,
17bac0a6-c1af-481c-9f0c-81371122c10c,Azrul Hafiz,https://play-lh.googleusercontent.com/a/ACg8ocIyjMSzZcQWFrNAjXq7jQvsy_C8S766FjNlpjNF49j-fp-Hkw=mo,Mudah mudahan genshin kedepannya ngebuild artefaknya gampang🗿,3,0,,2025-02-12 07:15:40,,,
168b2f1e-7bd3-49df-b35b-0c00c31f5553,Abqary Ubay Putra W,https://play-lh.googleusercontent.com/a-/ALV-UjXUfKPzLwP4SqGOEVWB7N8QA5U6oxxhwBFSb9zsi-6PpODhvac,Game sangat baik dan memanjankan mata,5,0,,2025-02-12 07:15:20,,,
50cd3b5f-a5d9-4280-8182-56fe6a3886a5,Nurfani,https://play-lh.googleusercontent.com/a-/ALV-UjVF57Mi7rDvIzPZXdkr_ruwphvEFu8U9O-RDH3SaCJHnZ9Uw7kN,apk nya jelek patah patah,5,0,,2025-02-12 07:08:13,,,
65ba969f-08f0-4c69-8817-9c160f9541bb,Rahmah Nur Aini,https://play-lh.googleusercontent.com/a-/ALV-UjXNCsOfkCSjURc6wZaXhjX43jfrc8JDez41HmtBi9xV6b7RT_3p,"Please tambahkan fitur skip karena menghabiskan waktu berjam-jam hanya untuk membaca dialog yang tidak tho the point, beberapa quest tidak ada urutan yang jelas seperti aranara tidak jelas urutannya dan nyambung ke quest yang harus di trigger mandiri",3,1,5.4.0_30057195_30231699,2025-02-12 07:07:03,,,5.4.0_30057195_30231699
ae94558e-4a19-489d-92ec-643a59aa0b36,Fakhrul Maulana,https://play-lh.googleusercontent.com/a/ACg8ocJNviRukOKQ7MAXTj2TSzSipAPDpXNPOzHyoZ4T4G520MeWLg=mo,"Tolong untuk sistem farming artefak jangan terlalu ampas, hampir 6 bulan menghabiskan resin untuk griding artefak karakter hasilnya tidak memuaskan",4,1,4.5.0_21307647_21321795,2025-02-12 07:04:08,,,4.5.0_21307647_21321795
3d100c2f-1cca-4683-a94e-32fb8c3dcec0,Afri Jr,https://play-lh.googleusercontent.com/a-/ALV-UjXWfDkE0aEmhwJY0gij3aquAfmycdoW2zEJYdfw85j9UHJ3ol33,sebagai player dari patch 2.0 saya berharap untuk quest dunia ada fitur skip obrolan gak penting!,5,1,5.4.0_30057195_30231699,2025-02-12 07:01:17,,,5.4.0_30057195_30231699
b8ac3ad3-9c6a-4edb-af38-3258cb7b7aa2,Manaf,https://play-lh.googleusercontent.com/a-/ALV-UjXzXx8Cg-NiZpGoMp1W9CSeHIcG_oJz0ScTi2Dv2_2H8irA72oi,Gem kikir g dapet mamah,2,1,4.8.0_24603909_24822834,2025-02-12 06:58:31,,,4.8.0_24603909_24822834
c3775cd1-a1e4-4999-a282-7f8c653476f1,Nanda Ferry,https://play-lh.googleusercontent.com/a/ACg8ocL-WqOmqY_7NyATDocX7JA-kLJCTpArqxLgmS7-S4BEd-QBgQ=mo,Kurangi dialog event yang ga penting,1,0,3.0.0_9612129_9624836,2025-02-12 06:57:46,"Terima kasih atas dukungan Traveler terhadap Genshin Impact. Kami menerima secara terbuka semua masukan/umpan balik dari kalian. Jika Traveler memiliki saran atau masukan, jangan ragu untuk menghubungi kami melalui feedback in-game atau email.",2025-02-25 17:52:28,3.0.0_9612129_9624836
e351950a-aa1f-4edb-919c-c23ae7ac1722,Darren Sefhiros,https://play-lh.googleusercontent.com/a-/ALV-UjVC7YYivB2av-KEZra5JgN4r5o--GG3ThOVnOc9jcYfgd2KBsqi,"Game yang sangat absolute, saya berhasil mendapatkan 3 char non limit sekaligus, emang hoyo bukan developer kikir",5,0,,2025-02-12 06:55:32,,,
c2484975-cb94-49ca-9848-d21ed9bd37a6,Harzean Syah Dewa,https://play-lh.googleusercontent.com/a-/ALV-UjXxhJi0f4Y87GTkcJn3vQj_dMCGiIRhSCccFXp-coj_HZKzbpeS,"Nice game, minus nya terlalu berat dikit untuk hp low, saya suka ketika mencoba bermain di pc, untuk grafis dan ceritanya bagus",5,0,4.7.0_23093867_23435602,2025-02-12 06:52:45,,,4.7.0_23093867_23435602
db7032dc-990b-4f5c-90fe-64d4551d98a9,khairulmuttaqin,https://play-lh.googleusercontent.com/a/ACg8ocKrLBcNd9mdGtetXWhBuDPFB4UFYpCgr0OlGFwxJzoXxWXDUw=mo,Sistem Gachanya aneh dibawah ar 50 hoki bet pas di atas ar 50 hoki nya hilang sama pas build Arte nya sumpah,3,0,5.0.0_26041933_26161852,2025-02-12 06:51:07,,,5.0.0_26041933_26161852
63c01890-3822-40e8-b6df-fec8929389a6,RFX edtz,https://play-lh.googleusercontent.com/a-/ALV-UjXJ3yrhBpKNu4VOesAsSUVT0QdooWJZqgTLDl0JiP7cUJEHpfn3,Nice game,5,0,,2025-02-12 06:49:49,,,
ce474e5b-9b1a-4fa7-abdf-f3c5ae230a57,Kgggf Ffd,https://play-lh.googleusercontent.com/a-/ALV-UjWAAhf6IwY39F0LuFdCVWeGTw0niSF1NHzMZo2wOMfdRbqKwTu_,Bagus sekali,5,0,,2025-02-12 06:47:35,,,
0a9ed662-ded9-44aa-aebf-a2984bb3c232,Keikoo,https://play-lh.googleusercontent.com/a-/ALV-UjWrnQ8KAs8z2pS7iHULGuwU0-w7WIxuZFdrBZXBw0ZE4jvlhyI,"game nya bagus seru, bisa coop tapi saran gw ya mihoyo baik baik deh sama player f2p soalnya sering kalah rate off itu bikin sakit hati mihoyo, PERBANYAK PRIMO DAN PERBANYAK BAIK KE PLAYER F2P",5,0,,2025-02-12 06:45:42,,,
b34b9df0-00b7-42f1-a55d-15f7026637c0,Rez Mana,https://play-lh.googleusercontent.com/a/ACg8ocJpzb5zwFZgqCYus2Bh2fHg3rZPr8SGsCwYXBEYvN6UJCwFQA=mo,Where SKIP button?,1,0,,2025-02-12 06:42:13,"Thank you for your constant support of Genshin Impact. We welcome any valuable input from you. If you have any comments or suggestions you would like to share, please feel free to contact our Customer Service team via the in-game feedback channel or email to help us improve the game.",2025-03-06 14:55:21,
96f52444-6963-4cf8-8626-46e48d0e1c5f,Tio Tahendung,https://play-lh.googleusercontent.com/a/ACg8ocIt9fnbqtis-VGYDTHTYBO_Q-1baNdMPCUhebX1Fm3QQSqq0Q=mo,"gw sebagai player baru agak kesel nih, soalnya gw udh download data 28gb dari 30gb, trus tiba tiba ada update, pas selesai update malah di suruh download data 27gb, udh lama wifi kurang lancar jg, itupun 28gb yg udh di download harus nunggu 2 - 4 hari, dh lah cape",1,4,5.4.0_30057195_30231699,2025-02-12 06:40:30,"Kami mohon maaf atas permasalahan ini, Traveler. Silakan hubungi kami melalui email atau feedback in-game untuk mendapatkan bantuan lebih lanjut tentang masalah ini.",2025-02-25 17:56:03,5.4.0_30057195_30231699
bd253036-d347-4178-88c1-16c5afbf1f80,Entitas,https://play-lh.googleusercontent.com/a-/ALV-UjWyJQ5DG1byVMmlUXDyocyYrJbezT3u19sIoo758frutpmisulD,Dimensity 700 dah enak di grafik low panas klo main sekitar 2 jam,5,0,,2025-02-12 06:37:38,,,
ec6465f3-9099-418a-8c0a-ae33b8c1e2d5,Han han,https://play-lh.googleusercontent.com/a-/ALV-UjVTfBnIiL4d4jcdwgo66nU9t26BMxGbwIODqeVORl0QOR7nnLNN,mohon tambahkan fitur skip dialog di story quest dunia,5,0,2.5.0_5517525_5674503,2025-02-12 06:37:29,,,2.5.0_5517525_5674503
af429732-fdc5-486d-8995-e4f0d6541d4a,Moyox Argentina,https://play-lh.googleusercontent.com/a/ACg8ocLOMwjZLDWQCzwZYdS1DQCaHDkw2bSI12m4rhNNcrwc5SLglw=mo,Makin baik,4,0,4.7.0_23093867_23435602,2025-02-12 06:37:11,,,4.7.0_23093867_23435602
ee4fd2f1-1d59-4797-9e68-4caa2b5cc687,Syamsi Munsyarif,https://play-lh.googleusercontent.com/a/ACg8ocLipCKbDzC55IRd1480y8LtkrXNjuGkyXVyTrOFsWjMUaZjRQ=mo,saya sangat suka dengan semua character nya,5,0,,2025-02-12 06:34:35,,,
a9f8b663-8cfa-4cc3-8ab1-f7aa28f1ee7d,Huda Azriel,https://play-lh.googleusercontent.com/a-/ALV-UjX0PQq1dNs-LtAncg3CqC4sdJXm9D6zQAx8AqXmNUnuuV7557Ab,panjang panjang game kikir 😁😁😁,5,0,,2025-02-12 06:29:18,,,
bd3bc5b0-aa88-4123-9d06-8e96717c6624,Abcdefg Hijklmnopq,https://play-lh.googleusercontent.com/a-/ALV-UjXGq_rplAAz44hWJgpF_PtS-nLgVxefdujT8f6hMvKASlmeCbaF,kadang patah¹ pas lagi lawan musuh. padahal udah di kualitas terendah,4,0,,2025-02-12 06:29:12,,,
2c98d6f8-9755-4158-873a-0e3d70f90f0d,Rahmat Aldo,https://play-lh.googleusercontent.com/a-/ALV-UjUIIMcP0uHONyz2ErGQ6qAM5-hk4bfSKEs4EGxA2Rm6iJvpqyao,Alhamdulillah udh main di genshin ori lebih enak di bandingkan cloud wkwk🗿,5,0,,2025-02-12 06:28:58,,,
30ab0366-6db7-4fe1-a719-4be8aabd2a26,game asik,https://play-lh.googleusercontent.com/a-/ALV-UjVxRl6lYgAOl6onPIsC2UmRNeRFW8BSVnmlBjOtEMLdNM9vKas,Game ini sangat bagus dengan grafik dan cerita yang menarik,5,0,,2025-02-12 06:26:20,,,
b668528c-0f97-4377-84eb-d36eaa1194fa,chaeyoung tdoong,https://play-lh.googleusercontent.com/a/ACg8ocLRXiNWfcA9szvTeq3mYnSUketqNHf4yqVbY5Ti1YFnMlKbQQ=mo,game yang buruk,1,0,4.6.0_22174900_22378599,2025-02-12 06:26:04,"Terima kasih atas dukungan Anda terhadap Genshin Impact, Traveler! Kalau Anda mengalami kesulitan apa pun yang berhubungan dengan Genshin Impact, silakan hubungi kami melalui email atau feedback in-game untuk mendapatkan bantuan.",2025-02-25 17:50:46,4.6.0_22174900_22378599
34e05f0c-7c0a-493c-b4b1-486349ebf300,Radith Fauzan,https://play-lh.googleusercontent.com/a/ACg8ocLtWTMz-V2naSy_zE8NfmPjvHXu4RKo3hxLawxq9Utm4AjZWw=mo,I pull a qiqi,5,0,4.8.0_24603909_24822834,2025-02-12 06:21:14,,,4.8.0_24603909_24822834
cff6a8e6-011c-4f07-9523-6e3eb138c947,avrilian Rafa,https://play-lh.googleusercontent.com/a/ACg8ocKcbGofSVDNilJ6Vhr_ki_wu4Kp_idJHErVHBlZNHK-cSlk6A=mo,"Gamenya bagus, oke juga, suka banget sama storynya walau aku skip² ang ang ang",5,0,,2025-02-12 06:20:24,,,
159edb6d-c572-4d50-9de7-3551c31e083e,Mahesta W G M,https://play-lh.googleusercontent.com/a-/ALV-UjVO60YQRR2bsJsGDKF4gpfb-VGHDFScIYk_H5K9biB5Q6MuINeI,Mantap 👍😱🗿☠️😈🥶🥵🤡,5,0,,2025-02-12 06:20:12,,,
5d2e4fe2-1444-4d57-83ad-da4ffaf14974,Nathalia Limbong,https://play-lh.googleusercontent.com/a/ACg8ocLaV7uL0QjFyE4IrtzcidymTJfmbHNjGsH4GQ2Ub21Gc_u3Xg=mo,"Game nya seru, story nya juga gak ngebosenin",5,0,,2025-02-12 06:19:32,,,
1768bd2e-5a9a-4b79-9c86-d8c8376ff6a1,Zangetsu,https://play-lh.googleusercontent.com/a-/ALV-UjUbsUhJhWkUUHnV58TT_gwiarI0z87TlPv0Qwukyps5Lw3aIk3L,Good Job Hoyoverse,5,0,,2025-02-12 06:10:51,,,
39e47c63-4ab6-4bca-b5a2-6ec944735969,Panggih Wibi,https://play-lh.googleusercontent.com/a-/ALV-UjWDom4m1DGDL0UGtTCkbh1IIbUj7GsgHUbX5W3YYWKdy0vZMq8L,GoodGame👌,5,0,,2025-02-12 06:06:22,,,
9f88cf2b-c384-4564-8cd5-715c93b9b405,Fdxzan,https://play-lh.googleusercontent.com/a-/ALV-UjUrILXwcPtj4iTOC3xHcUDa2c7mvuvtOtbao3BSysEQe3l1D2KF,"Mantap,tidak membosankan",5,0,,2025-02-12 05:55:34,,,
0141c007-0053-41e7-9b75-b1592b6d6522,Agus Dek,https://play-lh.googleusercontent.com/a/ACg8ocI80Swxs9YC0HdSnhrzGH-ymfYgQ6a6Tf_vU19yV8C1vaBKjQ=mo,Terlalu banyak ngabisin paket,4,0,,2025-02-12 05:53:49,,,
21a2dfd6-dfae-4bd1-8e31-b4780c7e2993,Raikana,https://play-lh.googleusercontent.com/a-/ALV-UjWfMqhIoVqFbUF0MxK8gR-wVqGxga72EJn7bKY_2y2s3FkttKY,"Game Terbaik Gua Sepanjang Masa, aku harap update kedepannya lebih banyak lagi 🙏, Terima kasih",5,0,4.8.0_24603909_24822834,2025-02-12 05:53:17,,,4.8.0_24603909_24822834
8e177ea5-f76d-4179-91d9-11e6ff9715f5,RaidenWF Zxrrr,https://play-lh.googleusercontent.com/a/ACg8ocItmHqbt2fhtAD-Mouq2eL7UAECqUcHf3mE7qczkeh9f4KtDQ=mo,bagus tapi jangan spam qiqi Mulu🥰🗿,5,0,,2025-02-12 05:43:33,,,
6fd76b40-ea65-42e7-9759-f974d9b8ef08,Not Ellite,https://play-lh.googleusercontent.com/a-/ALV-UjX8aql3YMudmoSARQPWD8gvYJ_3vaffFYnDS8Eu9o6X5IeBysw,dialog terlalu panjang dan tidak to the point,3,0,,2025-02-12 05:41:08,,,
c0932147-7be1-4387-9753-51450ff13c33,Muhammad azfa,https://play-lh.googleusercontent.com/a-/ALV-UjXDsrq4H74GaXw67sgaiGGxQuWvqd6_N91Oh6EXii3N2khI8NiR,Hell yeah,5,0,,2025-02-12 05:40:47,,,
52eb8516-985b-49fc-b8b4-c7f51a421d3a,wibu Sejati,https://play-lh.googleusercontent.com/a/ACg8ocLyjQW5-pZkVfyFejaB-dPAqRziXOdUcgt65UsMMv6aJ0O9RA=mo,"Game nya cukup berat, tapi sangat bagus dan menyenangkan",5,0,,2025-02-12 05:40:28,,,
3e741934-3433-4f28-9b87-de29bc8e0c9b,fery4454R GAMING,https://play-lh.googleusercontent.com/a-/ALV-UjXwfpk1Phlu8M18wrXfS_qtlpxzl9ri48YaxOUquf0W2gH14Uo,QUES ARA NARA EMANG MANTAP COBA AJAH ADA TOMBOL SKIP NYA,5,0,5.4.0_30057195_30231699,2025-02-12 05:37:04,,,5.4.0_30057195_30231699
4bbbe5c0-e2fe-403e-91e3-5227ba1dacea,Delima Venti maria,https://play-lh.googleusercontent.com/a/ACg8ocLzhplbFGyLavRfdTrCsoqhQoYN8u1t45teilkPK30Q4v9U3Q=mo,Menyala hp ku🔥🔥,5,0,5.0.0_26041933_26161852,2025-02-12 05:36:11,,,5.0.0_26041933_26161852
fabb1d03-5c85-426b-bafd-a096fe3c1a87,Takao Hayama,https://play-lh.googleusercontent.com/a/ACg8ocLtsco44nnbVPslR_oTyUo43GzpRTuXzDeGFBZXRMaVkrCrGA=mo,Gamenya seru bgt storynya juga ga ngebosenin 🥰🥰,5,0,,2025-02-12 05:35:51,,,
3fa38ebf-dad4-4690-bb94-91c2ee07b9c0,Sank'S,https://play-lh.googleusercontent.com/a-/ALV-UjX0VfE4Cv-2b5434NydGD3tWsGTHsfdEX4ca5v1N9S5ZWgxpnc,"Gacha Yang Hoki Dong , Ini Gue Nguli Pagi Malam Ampas Melulu🗿",1,0,,2025-02-12 05:35:43,"Halo, Traveler! Traveler dapat melihat aturan sistem Wish di bagian [Rincian] pada halaman Wish. Jika kamu memiliki pertanyaan tentang perincian dari aturan tersebut, silakan hubungi tim Layanan Customer Support kami melalui feedback in-game atau melalui email.",2025-02-25 17:54:21,
ff83f71b-d0c9-4cdf-b1f5-99cae6d06745,Risman immank,https://play-lh.googleusercontent.com/a-/ALV-UjUa-TAjfuGllB6ynQzTKaRGNLUE3wbxof5RB_0io_sCMmDcxws,"Buat developer, tolong perbaiki terkait connection nya. Bisa tidak kalau keluar sebentar dari game atau beralih jaringan dari jaringan hp ke jaringan wifi tidak harus mulai ulang gamenya. Kadang jadi kesal karena hanya beralih sebentar game nya malah restart ulang.",4,9,5.0.0_26041933_26161852,2025-02-12 05:34:47,,,5.0.0_26041933_26161852
8b9f2380-ae4c-4937-a96f-18b6e09969ec,Edoyh Jk,https://play-lh.googleusercontent.com/a-/ALV-UjX5laRgmo9UQLVvUUR_AcZvyjV1uZOgSYC86HShyJoJk73jYW5y,Game dontol no feedback,1,0,1.2.0_1565149_1627898,2025-02-12 05:33:46,"Terima kasih atas dukungan Anda terhadap Genshin Impact, Traveler! Kalau Anda mengalami kesulitan apa pun yang berhubungan dengan Genshin Impact, silakan hubungi kami melalui email atau feedback in-game untuk mendapatkan bantuan.",2025-02-25 17:50:57,1.2.0_1565149_1627898
dbc1bf2f-6ed0-4a0e-8aab-eb302b3e1a63,Nickytirta S,https://play-lh.googleusercontent.com/a-/ALV-UjXExVPqGFuQdbC3m7ePTdpdi5aGYt27Y3DVpEkSOOrpA7OSsDuazw,Bagus,5,0,4.1.0_18054760_18121248,2025-02-12 05:33:34,,,4.1.0_18054760_18121248
6c0dfde9-312a-48c6-8e7b-e906f4f9b5ac,rayanna lazuetta,https://play-lh.googleusercontent.com/a/ACg8ocJcmXQGTZ6o7AYws5wA_yVNAECWK5d5g0Ak8yoZPbN0BgTt5g=mo,Keren,5,0,,2025-02-12 05:33:08,,,
8ef6bb92-5ef4-481b-867f-fd8ee38c597e,Younko,https://play-lh.googleusercontent.com/a/ACg8ocJHs9jBR5fZ7m0EdRzFv0gjW1WvdAWiILCXDUWbnHNoa2fjog=mo,Game yang bagus,4,0,,2025-02-12 05:32:40,,,
66e62af2-4c8e-4060-acfc-b538f9b52df6,ツNaura,https://play-lh.googleusercontent.com/a-/ALV-UjVS233hg-XvljJ_rdHa-Zy_WLOi3RqOEwVFVApkbleMgdF9nGGy,"Sejauh ini aku sukak banget sama genshin impact, gamenya bagus, bisa co-op, dari segi eksplorasi dan quest udah bagus semua 💗 Sekian terimakasih (⁠≧⁠▽⁠≦⁠)",5,0,5.4.0_30057195_30231699,2025-02-12 05:31:59,,,5.4.0_30057195_30231699
276a0b9c-0d65-470e-b458-e58afb26f2d6,Zaynn Sad,https://play-lh.googleusercontent.com/a/ACg8ocJ1MI6RvKzs56_ilRfO_rHwcGu4KHPuWFG3ZZrju10jYmdixw=mo,"Dari awal maen sampe sekarang belum pernah menang rate off + belum pernah ngerasain soft pity sialaaaaaaan. Dasar game kikir, bansos nyicil, suka nyiksa player",1,1,5.3.0_29183395_29332470,2025-02-12 05:31:42,"Halo, Traveler! Traveler dapat melihat aturan sistem Wish di bagian [Rincian] pada halaman Wish. Jika kamu memiliki pertanyaan tentang perincian dari aturan tersebut, silakan hubungi tim Layanan Customer Support kami melalui feedback in-game atau melalui email.",2025-02-24 18:05:28,5.3.0_29183395_29332470
75a9f1b7-025b-4554-851d-3694aa469b0f,YONSKY,https://play-lh.googleusercontent.com/a-/ALV-UjVxboJnNvXeNmcQ9dK3HhF8DTJd0-6baNwHwFdmYmx3YZdAwY9w,BODOAMAT YG PENTING MAEN!!!,5,0,4.6.0_22174900_22378599,2025-02-12 05:25:36,,,4.6.0_22174900_22378599
7e1d88cc-cc9e-4cf3-8d2b-bc9ccc3c754e,SU E,https://play-lh.googleusercontent.com/a-/ALV-UjUmRwDm0qytaf8Syylo10tnb_d-B5TsEbVf6WqzGANVo_W7dUbw,"Hadeh natlan region perang tp dibikin colourful, charanya pada hepi hepi, lack of culture dibanding region lain yang base on irlnya terlihat dan menarik buat di telusuri, AQ kalah menegangkan dibanding sama Inazuma. Upcoming chara patch 5.X tidak se hype upcoming chara patch sebelumnya. Hampir semua aspek natlan 'kalah' dibanding region lain.",1,0,5.4.0_30057195_30231699,2025-02-12 05:25:30,,,5.4.0_30057195_30231699
49d58e2f-54f8-4f07-9bfb-9c62ea1cf143,Mugiono Smoda,https://play-lh.googleusercontent.com/a/ACg8ocK_c6oPiNuytJa9DyCnFzLUKVhkgNP-V3ZIe2qUMsGpoSPCyw=mo,super bagus mantep ada grafik HD saya sangat terpukau,5,0,,2025-02-12 05:24:23,,,
e7a25248-7ae0-4082-a3d5-f70ca80d8f61,M. Zahidan Alfarabi,https://play-lh.googleusercontent.com/a-/ALV-UjUwhceO-kdUG8lnGr7MknHJDByWtQGF9LiK2jdyKEUdD-qvPgR7,"bagus, ramah untuk hp kentang",5,0,,2025-02-12 05:23:01,,,
76e992db-657f-4ef4-809c-e8116a700747,KiRgyzZz,https://play-lh.googleusercontent.com/a-/ALV-UjXuywOi92ovIX-VdQhK5v2tCHw2jbHsO26yoZdG8Knx8LKM4Y3d,game dermawan,5,0,5.3.0_29183395_29332470,2025-02-12 05:22:52,,,5.3.0_29183395_29332470
bc57b995-eb97-44b9-a1e2-23b55d7e943b,Kayzen,https://play-lh.googleusercontent.com/a-/ALV-UjVKVkvivhatZfK4pk0u4g6MRhEwe4WuaSI8az6uw9D8InKhsZ8,Moga hoki di gacha,5,0,3.8.0_15672274_15939604,2025-02-12 05:22:43,,,3.8.0_15672274_15939604
f1aca28b-14e3-4369-a4b0-f909ff01085f,Yogi Apriansyah,https://play-lh.googleusercontent.com/a/ACg8ocIj8dfPu6o2nCx35z5Ik608sSBykt3mOcHZZH-X1rzNX3QhNxE=mo,Kenapa ga bisa login donwload data dah mahal mahal ga bisa login,1,0,5.4.0_30057195_30231699,2025-02-12 05:21:48,"Halo, Traveler! Terima kasih atas support anda pada Genshin Impact! Mohon diperiksa apakah anda telah mengunduh game client versi terbaru melalui official channel yang ada. Dan mohon kirimkan informasi relevant mengenai permasalahan anda kepada CS kami melalui email. Kami akan memberikan jawaban/bantuan permasalahan anda sebaik mungkin.",2025-02-25 17:55:05,5.4.0_30057195_30231699
667e22d1-cd9b-4830-a66e-92e917881d3c,Ryujuu.,https://play-lh.googleusercontent.com/a-/ALV-UjVFDNo3-0B3jXnVDgki9yg8i_LD5hEFOmeACukc5sv297PdDx16,RERUN YELAN WOII GENSINN,3,0,5.4.0_30057195_30231699,2025-02-12 05:14:38,,,5.4.0_30057195_30231699
c5718391-f346-4f52-9497-8bf5bea08728,Muhammad Fadhli,https://play-lh.googleusercontent.com/a-/ALV-UjWvk1oufk61z5n3mMed2VG0FOPgKd1UeyB5Xa8v8Hq8InzhiDRh,"Untuk para pengemis Skip dan para pengemis Primo, Gausah main Genshin ""Lemah"". Dikit² fitur Skip, Dikit² di katain kikir, Dikit² bandingin game sebelah. Mending main POU aja lu para pengemis.!!!!!!!!",5,5,5.4.0_30057195_30231699,2025-02-12 05:14:35,,,5.4.0_30057195_30231699
fc2c47d1-4851-4851-82d8-ee0e847e70d3,Nadia Sihombing,https://play-lh.googleusercontent.com/a-/ALV-UjVka6MMNSHXtktEZDs-q2GX66JkjCYKYKWt_ICFSOQKopRmvNeb,"Game nya bagus, apalagi storynya:)",5,0,5.1.0_27118081_27297621,2025-02-12 05:06:13,,,5.1.0_27118081_27297621
e9d6b2f6-c6e1-41f4-b049-deb91829ae4c,vaa.alfynn,https://play-lh.googleusercontent.com/a-/ALV-UjUBF4ma8c-sSpGTNpu9uRKxXTi5mh24pbrowsmtKmOqA8T4iLGv,gem kikir terbaik,5,0,4.4.0_20481013_20559831,2025-02-12 05:05:18,,,4.4.0_20481013_20559831
45454c4d-24cc-4707-9bdf-46aa3b1580de,Toshino Kyoko,https://play-lh.googleusercontent.com/a-/ALV-UjU6LJilMhQ4PuCQEM6AylHNYiDmZGz-L0DsEm_bX-O5mYyzE8hE,Bosenin gua kasih B6 aja,5,0,5.3.0_29183395_29332470,2025-02-12 04:00:40,,,5.3.0_29183395_29332470
c0256329-920c-4bfd-8210-a8abb0102075,fickhar kesegaran,https://play-lh.googleusercontent.com/a-/ALV-UjX3ICe5enHTASqOWEua1MlHNg79Z4YWQP8Y37HVQJ9SkD-QFIYy,"Nice lah nih game, semoga nanti di update ke depan nya MC bisa ketemu adik perempuan/kakak laki-laki nya lagi",5,0,5.3.0_29183395_29332470,2025-02-12 01:42:52,,,5.3.0_29183395_29332470
8f7eeb8a-ef29-41a0-8dc3-9358dfd5d602,Nizar Yusuf,https://play-lh.googleusercontent.com/a/ACg8ocK9ibffJ3ibNugZB-c6_IcrJkD1GDqz7myI7bbAWbZ9pZf5LA=mo,Nice,5,0,5.3.0_29183395_29332470,2025-02-12 00:37:10,,,5.3.0_29183395_29332470
ae0aa3d4-705d-4ab7-8f61-f57ab7597768,Vairus Valentine,https://play-lh.googleusercontent.com/a/ACg8ocJpDDGemzdIhb7HdkLd6Jqs_SYeeCBOwOH4NG_ObC0WtSzk1A=mo,Mantap,5,0,5.3.0_29183395_29332470,2025-02-12 00:19:53,,,5.3.0_29183395_29332470
