ReviewID,Content,Score,ThumbsUpCount,at,AppVersion
873f5b86-5b5c-46fd-b63a-68ce04b88eed,sangat menikmati story quest nya,5,0,2025-03-24 23:50:10,5.4
fcae916f-4999-43b2-bf2f-03787cb2242e,"seruuuu.. udh cocok ama ni game drpd ww, tpi untuk bansos nya lah ama banyakin event primogem nya aja",4,0,2025-03-24 23:47:34,5.4
b91228ca-5049-49f2-afe6-e40be87c9b65,Untuk Saat Ini Bagus Lah Gw kasih Lima⭐🤭😹,5,1,2025-03-24 23:40:09,5.4
fcec75fb-6be6-448f-949f-59f08f3fea97,semoga hari ku win rate off terus,5,0,2025-03-24 22:31:46,5.4
c86e248c-acbb-4987-98a4-89c0cf67cd84,game nya bagus banget game yang paling ku suka tapi unduhannya di cepetin sedikit ya seharian aku nunggu nya jadi aku kasih rating 4/5,4,0,2025-03-24 22:24:43,5.4
27f7b0bc-ad91-421c-8cd1-c4ec6e990138,gamenya sangat seru cuman akan lebih seru lagi kalau bisa emot seperti di game batle royale,5,0,2025-03-24 22:10:29,5.4
318bf1dc-4fdd-42ac-9848-67ee2697aae8,Nice,5,0,2025-03-24 21:54:22,5.4
263509bf-4092-4091-9ce9-b2dda4046ade,absolute cinema,5,0,2025-03-24 21:45:47,5.4
d3ae0b70-17ce-44a3-89aa-cdf6e8068887,"progres building karakter kayak nya perlu di permudah,dan gk ada limit mingguan buat material,,terlalu lama,belum lagi kedatangan karakter baru yg harus antri buat di build.",3,9,2025-03-24 21:40:10,5.4
23ec9637-4c7e-4383-a17f-37ea120481a9,masih pemula,5,0,2025-03-24 20:55:58,5.4
dab63e45-5564-439f-8460-a0dc0c87dfb0,good,5,0,2025-03-24 20:33:22,5.4
c60d7c02-5f4d-42ee-8a57-9433b8231385,menarik,5,0,2025-03-24 20:22:50,5.4
728f5773-b301-4cba-8429-2f9c90ee19c5,bagus bangeet,5,0,2025-03-24 19:48:45,5.4
d0337861-a8de-47cc-9137-14d73a5d1883,gacha nya gacor Alhamdulillah dawei baik,5,0,2025-03-24 19:47:35,5.4
9a71aa30-1300-4089-8faa-15f7e078b187,"Cih. Mantap coy tapi tolong hoyoverse tambah fitur skip di dalognya, seperti zzz",5,0,2025-03-24 19:20:01,5.4
7894cd76-cda8-414b-b83b-4d1b269b0689,karakter saya hilang yang saya gacha sebelum di hapus pas di download lagi hilang :'(,3,0,2025-03-24 18:56:14,5.4
d4413be6-4d0e-4ac7-9ead-b98a618a69a6,gen nya bagus gak ngebosenin cocok buat Ngabuburit nih gwu request in nih gem worth it buat gweh mainin dan loh juga,5,0,2025-03-24 18:20:54,5.4
dbdd7128-e9de-4fd4-8721-2639bc9867bd,mengompilasi shader lama banget segala ngeframe gamenya semoga diperbaiki lah jangan ngeframe game nya,1,14,2025-03-24 17:44:37,5.4
6d9d7e51-d51e-4dcf-a1dc-a6123b7e2753,keren,5,0,2025-03-24 17:20:41,5.4
7e834be2-40f4-4c0a-a251-59d943d49e38,good,5,0,2025-03-24 17:04:30,5.4
6b1b2796-71b4-448d-bed5-45e69ff3470b,semoga samsung a16 5g ku kuat 😀,5,0,2025-03-24 16:44:40,5.4
a8005ad4-5c2f-4a66-9b51-7b1add7ac4d0,game nya udah bagus grapis bagus tapi download data nya bikin kesel anjir bisa sampe 31ribu tolong lah di kurangi,1,1,2025-03-24 16:37:03,5.4
f75ecf24-0aa9-4556-b8b3-d36e2d91529e,Fitur crafting item agak ribet harus ke crafting bench dulu. Fragile resin juga dibatasin 5 jadinya harus bolak baling crafting. tolong dipermudah aja lah. udah Artefak busuk nguli harus bertahun tahun crafting item malah dipersulit.,3,0,2025-03-24 15:09:00,5.4
7ada66d8-2808-4290-8dc5-b5c332028f7b,"Game nya memang berat tapi terbayar sama Gameplay dan grafik nya,bagus lah kalo kata gw ni game.",5,0,2025-03-24 15:04:26,5.4
ce487956-5c25-4f49-b750-62ccdb1ffce0,👍,5,0,2025-03-24 14:41:29,5.4
155f962f-800a-491d-afbe-ff6aac4af7af,keren,5,0,2025-03-24 14:33:07,5.4
097ba2e5-cd87-4187-8ab6-af65e7f7ea3c,boleh gk loding nya agak cepat?,4,0,2025-03-24 14:31:31,5.4
9a5f4ef8-2b49-4922-bc07-7025a9cb6822,masterpiece,5,0,2025-03-24 13:34:06,5.4
d2a47e95-2762-42e5-a48c-3d11263aca0a,sangat seru sekali,5,0,2025-03-24 12:53:18,5.4
1521a423-a498-4973-bf62-d7a8f68d60d2,kapan fitur skip dialog sama kalo buat event yang lebih niat lah hadiah nya biasanya GK sampe dapat 1000 primo atau lebih di zzz setiap ada event pasti lebih dari satu dan hadiah yang di dapat double lagi,1,0,2025-03-24 11:50:07,5.4
56cd0ce9-9709-4765-b294-6a137420c8c3,seru dan story nya bagus,5,0,2025-03-24 11:47:07,5.4
b091a77f-163c-4d51-ba25-df8937e08800,Sangat menarik untuk di mainkan dan seru banyak tempat tempat luas,5,0,2025-03-24 11:41:14,5.4
121d3d89-2fdc-4364-b662-79f4c3f9c350,sangat menyenangkan,5,0,2025-03-24 11:24:11,5.4
6d81b7d5-3c11-430a-842e-3942406a67fd,game bagus kalau bisa ditingkatkan tolong ditingkatkan lagi gamenya ☺️☺️,5,0,2025-03-24 11:18:24,5.4
9279a226-cf2e-4349-a090-c6cb7629e321,Nice game,5,0,2025-03-24 11:02:59,5.4
7d0bcf47-9455-4917-8011-d9e22fc3e496,"gajelas banget, padahal udah nunggu sampe 10034 MB, ditinggal keluar bentar eh malah ulang 34 MB, gimanasi",1,0,2025-03-24 10:47:46,5.4
f7e265b4-94a6-4670-a336-b655d5d96a21,waktu itu aku liat hame ini di youtube game nya kayak seru gitu tapi karena berat aku gak dowload dan swkarang karna banyak yang main gensin inpact aku jadi tertarik buat dowload dan sekarang udah bisa dowloaf dan nyoba main aku harap game ini bagus karna udah berharap banyak soalnya,5,0,2025-03-24 10:16:41,5.4
7e2e2e32-42ef-44b4-ba18-32a2bcfbcb39,game baik berikan aku 10000 primo,5,0,2025-03-24 09:33:54,5.4
af308fb3-6631-495c-a8d2-73eae19d4889,"game nya sangat bagus,tapi kalo soal story memang agk membosankan karena NPC nya itu yapping mulu.Dari segi yang lain .ah bagus bgt note:kalo bisa di gacha weapon di hilangkan sistem rate on rate of nya supaya gk perlu dikecewain am senjata langit lg🙏🙏🙏",5,7,2025-03-24 09:24:15,5.4
5eeb34e4-2786-477d-aea3-5b0cb6b85000,Best MMORPG Game In The World!!!!,5,0,2025-03-24 08:35:07,5.4
15e1cc0f-f6e3-4cdf-b15c-23a52bd9afc3,hp kentang gausah main,5,0,2025-03-24 08:14:01,5.4
66beccda-9541-4b58-bba9-8a9219f8c7c4,"game terbaik yg pernah saya mainkan mulai dari world building, story, musik semuanya saya suka kecuali 1 yg bikin gw kesel yaitu gacha nya yg ampas terus",5,0,2025-03-24 07:01:51,5.4
15e9767a-481c-45ed-a792-1d4f399aa12c,kikir tapi terbaik,5,0,2025-03-24 06:43:12,5.4
070550b1-b551-4d8f-a132-a214cf678a79,grafisnya lebih di optimalkan lagi biar agak ringan,4,0,2025-03-24 04:45:27,5.4
8ca38c69-bd45-49ca-bd51-e5f682851928,suka aja.,5,0,2025-03-24 04:34:55,5.4
7750b240-43ff-4718-ab1a-113545669cab,alur game mudah di pahami,5,0,2025-03-24 02:04:15,5.4
f70e716a-49a4-4c1a-a0d2-83e076f6bec0,menyenangkan sekali,5,0,2025-03-24 00:25:03,5.4
020413b0-06ce-4bf1-81c1-3cbe97685507,Adventure Terbaik,5,0,2025-03-24 00:23:34,5.4
2cc3ddee-9df3-4342-921b-5f436aa9cdf1,"yahh, meskipun handphone saya kentang masih bisa main,I like,,hehehhehehehe",5,0,2025-03-24 00:01:45,5.4
205af55a-bff1-49f4-8cb3-39123215e0c1,"developer hoyoverse gak ada otak. masak map muluk di gedein tapi konten di setiap map gak ada yang bagus. map kosong explore buat cari chest doang. seharus,nya kayak wuthering wave lah. map di isi dengan musuh yang bisa bertarung sendiri antar musuh. biar player ada yang di tonton pas explore. dan di map tambahin kendaraan kayak pet kuda atau naga atau apalah. jangan di natlan doang tapi di semua map biar seru. Ama bug ce hilangkan jangan jadikan ciri khas game",1,0,2025-03-23 23:54:19,5.4
427ce1da-c883-4cfe-af5d-07dc71d5aa1f,need gamepad support for Android,3,0,2025-03-23 23:09:56,5.4
2a849650-505b-4d8b-a637-93666447e40a,Banyak bug jadi tolong di perbaiki supaya saya bisa mendapatkan karakter zhongli dan nahida secara gratis🗿😏🤑🤑🤑,5,0,2025-03-23 22:28:07,5.4
589e89de-50c1-44e9-a60c-21e137412578,I rest for awhile coz my phone can't play.. now I comeback to play .. my account has been deleted.. and admin not gave feedback how to find my account...,1,0,2025-03-23 22:03:50,5.4
0c4ada1e-7411-4e4c-84bc-09286eac3a2b,njir download datanya lama sama nguras kuota sampe 25 gb an,2,0,2025-03-23 21:02:30,5.4
c0c675b6-b40d-4808-9c5f-ead285131555,"bagus banget! cuma... waktu gachanya itu loh, hehe, tapi overall bagus banget!! story nya bagus, visual nya bagus. tapi sayangnya ni game berat 🙂‍↔️🙏 ( bahasa indonesia nya kueren pol!, also dub japan nya 🤭 )",4,0,2025-03-23 21:01:55,5.4
22d8b213-f096-4d1e-8bf8-a1fade86e0b2,game genshin impact ini cukup keren sekali dan dapat melihat perjalanan seorang pengembara dengan paimon,4,0,2025-03-23 20:53:51,5.4
33081cf6-4e19-4a73-897d-d1527b989c20,game edan paling mahal topup nya tolong juga kalo reconect itu ada fitur skip dialognya masa main game isinya dialog mulu terlalu banyak karakter perempuannya juga tambahin juga voice over Indonesia,4,0,2025-03-23 20:20:10,5.4
ba989551-a4b9-4293-840b-78531358a1e7,aku suka gamenya tapi kenapa setiap kali gacha di acquaiant fate dapetnya selalu diluc dan kalau rate on dapatnya juga diluc tidak ada Hero lain apa jadi kesal jadinya main game ini,1,0,2025-03-23 20:09:03,5.4
da5f9c5b-793f-4da5-a635-95318731520c,"game kikir dah nabung Primo 2 bulan buat furina malah dapet keqing c2 sama tighnari c2, kedepannya kalo Baner nya karakter itu dapet nya karakter itu bukan karakter lain.mau aneh tapi game cina",1,0,2025-03-23 20:03:14,5.4
8bb0aa6d-b204-40ed-b560-7d575c30f940,"ini game seru, aku menang rate off 8 kali",5,0,2025-03-23 19:05:23,5.4
50ff4ed3-7e73-4060-9b0a-e99fff728ea1,jelek,1,0,2025-03-23 18:57:59,5.4
f1175abe-911b-46d4-9a7c-1cd0b997b19d,banner hutao plzz dan game bisa lebih baik lah jangan kikir kikir amat,5,0,2025-03-23 18:45:27,5.4
49eb047a-b657-44df-b835-e66ba64417be,mantap,5,0,2025-03-23 18:44:17,5.4
a646527e-cde1-4dd6-a81d-2a1863e8e46b,"seru kok, tapi sistem pity masih terlalu tinggi buat f2p kayak aku, hadiah juga ga terlalu banyak, jadi susah buat dapetin char yang di pengennin (AKUN GENSHIN KU ILANG ANJIR, TERPAKSA BIKIN LAGI😭😭)",4,0,2025-03-23 18:15:43,5.4
4c5bd19b-1eb7-4d13-bb61-d1e84ae11e77,"game paling bagus sedunia game paling the best of the best dah, aranaranya lucu tapi quest nya enggak🗿",5,0,2025-03-23 18:12:37,5.4
f80a4873-dde0-4f47-8f9b-43acc3cb0378,game babik,1,0,2025-03-23 17:56:33,5.4
4d9b0bae-2ae4-4ef4-a09e-14a37b3461f1,game jelek loading sangat lama sampai ber jam jam,1,0,2025-03-23 17:08:14,5.4
e646a735-ed1c-4516-b54e-c1a571648d68,ok,4,0,2025-03-23 16:45:09,5.4
59c9fdaf-cebe-45c0-b64a-021e3913e215,gem kikir nomor 1 setelah ml,1,0,2025-03-23 16:42:10,5.4
d783a9ca-ee3a-4fb8-9525-4beb3a4294af,game nya bagus cuma minus nya pas dowload data lama dan pas lag / jaringan eror pasti harus dowload ulang dah lama dowload nya malah suruh ngulang,1,0,2025-03-23 16:41:29,5.4
543f749d-30c0-4626-92c5-ab96ca97e891,good job optimasi buat user² kentang biar makin bayak playernya,5,0,2025-03-23 16:00:40,5.4
484d2692-3425-45a0-9b0d-ae3ac31347b6,"genshin makin kesini makin kesana. banyak bngt fanservice dr chr cewenya dan chr cowohya tuh kurang bangett, pls lah player cewe juga banyakk. bansos kurang lagi, gacha ampasss. natlan udh mulai keluar dari topik genshin bgt. DAN WOY CAPITANO KENAPA MATIIIII??! Ya tp game ini bagus sih, open world nya bagus, desain chr nya jg bagus kecuali varessa. questnya tuh ga bosenin. yaa gua hatap sih genshin bakal ngeluarin banyak chr cowo, soalnya tuh chr cowo kurang bgt malah ganservice dibanyakin.",3,0,2025-03-23 15:55:16,5.4
307f9b51-45a3-4a66-85fd-8e8c8f1fa384,YES I love it I love it!!,5,0,2025-03-23 15:26:50,5.4
ee9ed4f8-f7da-40f0-b376-2171af89085c,"game nya sih bagus, tapi tidak disarankan untuk HP kentang (seperti saya :3)",4,0,2025-03-23 15:11:38,5.4
75c57962-c59e-4f2b-a236-35b58360331d,sangat 👌,5,0,2025-03-23 15:10:00,5.4
372bc6d9-a9f9-487f-b260-7371d976b865,apalah login lama banget 😡,1,0,2025-03-23 14:50:39,5.4
78bc5c02-ea62-4c62-8ed1-50051358fe4b,nice,5,0,2025-03-23 14:33:27,5.4
84faf291-71dc-4bb0-8da2-40417bc1d1dc,love u genshin🫀🫀👉🏻👈🏻,5,0,2025-03-23 14:17:10,5.4
de38c1b0-5b4b-4235-b2ac-3ca18d8b78d9,Grafik mantap tapi Download Data nya lama kalo pas update lagi download Datanya di kurang ya Jangan terlalu lama,5,0,2025-03-23 14:14:51,5.4
cca7e128-d4bb-45cb-bb0d-c79c14021f5b,bagus,5,0,2025-03-23 14:09:29,5.4
ba84f3d3-89c1-42a8-a96f-f00fb9edc83d,"hoyo buff hu Tao please, passive (added crit rate besides hu tao) , c2 and c5 hu Tao so useless",3,0,2025-03-23 14:05:35,5.4
9243ad40-ca20-41bb-835b-b7eb28c69e5e,mengunduh datanya lama banget hampir mau 1 jam,3,0,2025-03-23 11:42:31,5.4
6393befa-d766-4c14-a5b4-308d8f56710d,"saya sudah download data,tetapi saat ingin download berkas nya hp saya sering mati sendiri dan mengulang mohon perbaiki jika tetap seperti itu",2,0,2025-03-23 11:42:16,5.4
115d4334-0916-45ec-b733-92c721fb1602,sangat memuaskan.,5,0,2025-03-23 11:05:57,5.4
4f0a9b3a-cda5-4077-8cd4-a08df85f96e9,MANTAP,5,0,2025-03-23 11:03:29,5.4
06edd36c-0079-49de-aee3-528d110cfb70,bagus,5,0,2025-03-23 10:53:31,5.4
751f4fe6-0207-420e-a13c-ea515e793c6a,"berjalan dengan baik di settingan low-medium-high 60fps di poco X6 5g. sangat recommended bagi teman yang suka petualangan, hack n slash, dan storyline. bagus banget, optimasiin lagi performanya yaa, atau bisa ngurangin render distance",5,6,2025-03-23 10:06:51,5.4
75c4ff0e-6555-47a0-9acf-a76cd4e20768,nicee,5,0,2025-03-23 10:06:17,5.4
ad24c846-28c3-4a43-bac4-0a09b0f917ad,bagus,5,0,2025-03-23 09:27:39,5.4
79456d22-b28c-4e09-aaf8-d6c9aac3d64d,lumayan bagus walaupun fpsnya sering drop pdahl pkae setinggan low dan hp ram 8/128 helio g85 tpi alhamdulillah msih bisa main,4,0,2025-03-23 08:57:06,5.4
92a11a16-258c-4987-9bb6-8955797976b8,"kata mama,aku belom boleh msin genshin,katanya ceweknya seksi seksi kata mama aku belum boleh main",1,0,2025-03-23 08:46:41,5.4
f5f3e950-63e6-468f-b487-35a4beac5539,"game nya gak jelas tiba tiba download data lagi, padahal tadi pagi bisa",1,4,2025-03-23 08:35:31,5.4
6d0a07fc-babd-4915-9b2c-4ee7fba56abe,Overall game nya bagus.... enjoy your Journey,5,0,2025-03-23 07:10:39,5.4
21188b65-8eae-424a-8365-1c8acfa7542e,bagus banget sih,5,0,2025-03-23 07:01:08,5.4
eb7070fb-7ed8-487f-8d07-34ffe0525bf1,cool,5,0,2025-03-23 06:26:13,5.4
166dc333-8ed3-470d-a662-a02f4d982b03,"g99 Masi kuat medium,EMG bagus bet nih game 🔥",5,0,2025-03-23 05:43:48,5.4
e80ea5ac-5c26-4a15-b726-d1d337998e53,"untuk game nya bagus bgt karena gw dah main cukup lama. cuma di versi saat ini tuh gamenya berat bgt ,berat ny di mode co op pas event dan itu sangat menggangu yg dimana yg harusnnya skornya tinggi malah jadi paling bawah gara2 co op mungkin tmn2 juga yg main game ini dan hp ny dah gak ngedukung dan pas2 an grafik rendah ngerasa kalo setiap event yg ad co op ny itu pasti berat. Sedikit masukan ya kalo ad event mending co op ad tapi yg solo juga ad biar g terlalu berat efek samping nya",5,0,2025-03-23 05:36:55,5.4
e65056f1-690a-4112-9acf-9d0e84c10dfe,mantap👍👍👍👍👍,5,0,2025-03-23 03:04:54,5.4
c887a1ed-7a2d-4788-8142-e070898a6a20,👍👍👍,5,0,2025-03-23 01:52:00,5.4
4216bb21-ece8-4443-8c2f-4b7b5818bebe,seru side quest dan misi misinya seru tetapi ada yang kurang dikit tentang... side questnya tolong kasih fitur skip karena setiap perkataannya seperti ada yang penting ada yang nggak penting jadi tolong kasih fiturnya,5,0,2025-03-23 01:38:31,5.4
a3c9657c-d499-4224-8c6a-0652e8dd7ddb,谢谢,5,0,2025-03-23 00:34:21,5.4
50940efb-5c4e-4a43-b8b0-fde447bfa23f,absolute story ✋😐🤚,5,0,2025-03-23 00:04:59,5.4
0566963f-bb39-4a0c-a458-d5977528e23f,"HOYO...tolong lah... bansosnya jangan dicicil...kalo bisa kasih Primo itu 300 kalo ga 400 lah...biar ga pelit banget...dan juga...dimohon ya hoyoverse...tambahkan fitur skip dialog...dan juga tolong lah...jangan kepanjangan kalo buat dialog...download datanya dikecilkan sedikit ya.... minimal 17 GB kalo ga 15/13 GB an...yang normal aja...hargai yang ram 4 lah HOYO...tolong banget... download datanya juga jangan besar banget....sudah segitu saja keluhan saya,semoga dibaca sama hoyoverse...",2,5,2025-03-22 23:59:43,5.4
a0b4d388-f995-42d9-ac1a-80ee5bb21bf5,Ambashin,5,0,2025-03-22 23:45:14,5.4
027adc6c-f672-4d44-bedf-75c34f8cb898,makasih game baik,5,0,2025-03-22 23:25:19,5.4
f3f78b3d-06d1-4e07-bd02-1a3d3bc94cb9,"min tolong dong adain fitur tuker senjata sama temen ataupun akun ke 2,soalnya gacha senjatanya suka kebalik",5,0,2025-03-22 22:30:13,5.4
e09c46a9-5806-464b-8f94-eea148da5f69,"updatenya terlalu besar, malas download",2,0,2025-03-22 22:10:20,5.4
08f16d45-891a-461f-bd94-754659455918,game nya seru,5,0,2025-03-22 21:45:44,5.4
4c7bad59-583b-4649-a838-ab4dc8ff41db,ini game nya enak seru,5,0,2025-03-22 21:38:09,5.4
2645d8d2-6b13-401d-bccc-6497732c214b,game nya udah bagus tapi kok susah banget dapatin primogem tolong dong cari primogem lumayan gampang,5,0,2025-03-22 21:28:23,5.4
868d30f0-7816-473f-a0bf-dbdb4f03d2e9,i hate the gacha sistem!,1,0,2025-03-22 20:44:13,5.4
f8b1c69a-1fe2-4188-aef4-5374d144b788,gak bisa skip storri quest plus rate off 90 bjir,2,0,2025-03-22 20:42:39,5.4
697502fa-81ae-47e2-abf8-0072d8e11eac,"game ampas, ini game memaksa kita main quest lebih dari 30 menit dan tidak bisa ditinggal, kalau tinggal ulang lagi harusnya ada peringatan dulu tidak cocok untuk anak"", karena akan melawan kalau disuruh andai questnya belum kelar jika koneksi internet hilang walau sebentar mereka akan memaksa anda untuk memutar ulang video menyebalkan yang menyita waktu anda andai ada bintang minus 10 saya akan berikan, bintang 1 terlalu banyak",1,12,2025-03-22 20:08:53,5.4
c7b40bd1-d5c6-4a41-bd1a-566ba9529a55,Game yang punya banyak sekali kenangannya,5,0,2025-03-22 19:16:30,5.4
bafd7153-92b8-4fcf-8bf3-a04b7ba10d37,"sungguh baik sekali game ini, terimakasih telah memberikan saya furina dan artefak yang gacor gacor 🤩",5,0,2025-03-22 18:41:52,5.4
ed792f88-e73f-4ce4-a638-243f09b65457,bagus bangeettttt,5,0,2025-03-22 18:39:32,5.4
9de9ff68-de50-4eb7-b5d3-1e7fe028275f,"gamenya bagus, dengan paparan grafik yg manjain mata kita, menurut gw ini bagus bgt buat orng yg main game ini mangkin di bikin betah apaalgi gw.. btw updatenya tiap ada karakter baru ataj region baru pasti updatenya besar besaran dan juga makan gb bgt tp overal bagus thx genshin for your gameplay.",5,0,2025-03-22 18:20:06,5.4
4dd33c22-1015-4440-b43c-82d645ac3395,kalah rate off Mulu dikirain nyari primo mudah GPP sesekali lah gw kalah mulu,1,0,2025-03-22 18:11:06,5.4
fcebf53a-65da-4be6-b78a-4cdd31015a80,game nih yang terbaik 👍👍,5,0,2025-03-22 17:36:48,5.4
b27b95b9-f64a-4f6c-b3f2-9cebe60ee6ff,best,5,0,2025-03-22 17:32:07,5.4
3738c603-aec9-40cd-9859-dd0fd04aac63,Terimakasih game baik,5,0,2025-03-22 17:27:51,5.4
11537bce-fb4d-4392-9d39-aedf5398e38f,game nya sangat bagus update menjadi ada Mizuki,5,0,2025-03-22 17:21:36,5.4
a180c27a-9169-4a99-9e01-b8107894166a,apik🗣️🔥🔥 ini,5,0,2025-03-22 17:05:09,5.4
3bf16e30-8a0b-4a1b-9337-547574c466dc,"ada masalah saat masuk ke game nya langsung force close gitu , padahal sudah main game 1 thn masih baik-baik aja saat main game . tiba tiba kok sekarang ada bug ada di versi 5.4 , mohon dev perbaiki bug ini untuk update baru nya 🙏",3,0,2025-03-22 16:59:55,5.4
5d6e93d5-c847-4236-8cce-282fbf82981a,grafik ggwp,5,0,2025-03-22 16:30:39,5.4
e39d33fc-0df5-483a-abaa-2a35610eff81,bagus,5,0,2025-03-22 16:22:30,5.4
54e09068-f06e-496f-88f8-4ff2bfb049b4,"bagus banget coy sebenernya, cuma makin update makin makan penyimpanan 😔😔😔😔",5,0,2025-03-22 16:12:37,5.4
3ec21c4a-f88a-4151-9507-08a142f0ba8f,sedikit pelit😹,3,0,2025-03-22 16:09:19,5.4
3aab16de-f773-489b-8f00-7e2d445aeedc,"grafiknya bagus,Mayan lah main santai santai sikit,tapi gachanya tolong dipermudah yaa😘",5,0,2025-03-22 16:07:14,5.4
aee7a12a-3714-483a-bc04-bbaf475e1666,Dulu saya adalah seorangyang berangan angan mendapatakan hutao di rl,1,0,2025-03-22 15:15:48,5.4
b407d23d-5567-4563-a46d-645c762db175,"baguss bangett game nyaa, grafik nya juga di luar nulur pokoknya bagus dehh, apalagi buat nyari husbu atau waifu",5,0,2025-03-22 14:48:31,5.4
bac41153-3fe4-4660-a56e-607c0142a37e,good,5,0,2025-03-22 14:41:16,5.4
5b01ae4b-5969-4bba-b463-b3372db4fc2f,mantap,5,0,2025-03-22 14:16:29,5.4
ffdda276-da7c-4b2f-8df4-1e8a68826e05,aku suka game ini karena quest story nya bagus dan map yang memanjakan mata. jadi game ini sangat rekomendasi buat kalian yang suka game petualangan ☆☆☆☆☆,5,0,2025-03-22 13:30:37,5.4
fb5b8473-6676-43b2-b5dd-c001a5116395,"Secara keseluruhan si, udh bagus.. cma tiap dialognya terlalu panjang gk bisa di skip, sistem gachanya juga terlalu pelit untuk para player f2p yang rata"" dpt char di pity 70+ itupun kalo gk rateoff.. next mungkin harus di rombak lagi dan hrs dengerin keluh kesah dari para player... dan karna gua juga bayar joki kmrn buat maen gk taunya akun gua kena ban skrg, sedang aju banding semoga bisa.. klo gk bisa balik akunnya otw PENSI dari ini game kikir..",1,0,2025-03-22 13:11:39,5.4
f942ee58-a0bf-46eb-aee7-4467cee366b9,tiba2 force close gak bisa login trs plis perbaiki.udah 2tahun main aman aman aja kok kluar gak mau login,3,7,2025-03-22 12:54:19,5.4
26eadd2f-5041-4fa6-8fc6-223c9e4e12b2,"game kikir, gada kemajuan KOL",1,0,2025-03-22 12:49:36,5.4
abd25f4d-28c4-479c-86bf-24de30976b88,game kikir!!!!!!,3,0,2025-03-22 12:19:19,5.4
3aca942a-da64-4255-a81a-9870ba8c7202,gak ramah untuk player no top up,3,1,2025-03-22 12:18:04,5.4
df6b8fa5-bbb7-45c2-ad88-91221e855475,"grafiknya mantep poll, lore sama story chrnya juga mantap tapi tolong bikin tombol skip dialog aku males denger yappingnya npc",5,2,2025-03-22 12:02:39,5.4
9d6fbf20-de4f-42c0-ac42-5e3035628706,"aku sudah memainkan nya dari awal rilis sampai sekarang, walau banyak tantangan seperti account di hack atau semacamnya, aku tetap senang memainkan game genshin impact ini",5,0,2025-03-22 11:09:18,5.4
855b48db-4f9c-4339-ace7-7c299b410176,seru,5,0,2025-03-22 10:58:54,5.4
3d024219-bc96-47fe-88e8-c5ed592ba116,udaa bagus,5,0,2025-03-22 10:04:59,5.4
5d501b93-cf84-46f4-a3ca-72efab62de85,game seru tapi buat chipset helio g99 agak beratt,5,0,2025-03-22 09:44:07,5.4
7aabe96e-3881-45fb-aeb7-3fb33cc738cf,"Kebanyakan karakter cewek, ini game RPG apa game harem sih?",3,0,2025-03-22 09:15:27,5.4
9341fecb-8824-47ea-86b0-a6528adcee03,"game bagus banget sumpah ini geme yang paling gw suka, tapi sayang nya blm suport kontroler di Android, semoga kedepan nya di tambahin sistem controller Android nya makasih",5,0,2025-03-22 08:16:11,5.4
95020b3b-dab0-4c9c-a2b5-8924444520ba,"perfect deh, tapi pelit dikit 🗿",5,0,2025-03-22 08:12:37,5.4
8fdf3d37-61d8-4a61-a79f-b33e90062ff7,gud,5,1,2025-03-22 07:55:53,5.4
89a165b6-7966-4a15-ba98-328634b46925,mantap cuy langsung dpt furina cihuy,5,0,2025-03-22 07:36:56,5.4
70bc7355-0a62-4c66-b94c-e731dee647e1,good job,5,0,2025-03-22 07:06:41,5.4
a94b0fb0-2b33-469b-84ad-1a2d40785c3e,baguss cumaa berat ajaa gem nya,5,0,2025-03-22 06:35:17,5.4
34058c3a-db5a-4612-b1ae-aaddacc08005,tolong dengarkan keluhan player🙏🙏,3,0,2025-03-22 03:57:10,5.4
0c6980be-acd6-4245-a84c-d1bc970fd1a0,saya sering kena bug jaringan kalo bisa di perbaiki 🥰🥰🥰,3,0,2025-03-22 02:31:16,5.4
097de1d7-78ed-467f-a9ad-ed41fe27430e,bagusan,5,0,2025-03-22 01:43:59,5.4
3b1c77a2-e4c6-4e02-9843-22f0cab38754,"Infinity Nikki game, the characters are more realistic.",4,0,2025-03-22 00:48:01,5.4
b9bb4c28-1d67-45d6-b336-39bb4688b176,doakan saya semoga saya menang rate off dapat Xiao🤭,5,0,2025-03-22 00:08:45,5.4
486d2d73-0b09-469d-bf6c-06e1ccf6bc3d,bagus,4,0,2025-03-21 22:59:32,5.4
1f62d9f7-76c2-4c64-b3e6-7e86c94f9b9f,game nyaa bagus banget dari segi grafik nyaa juga ga kecewa aku dowload game ini sampe aku ketagihan hehe aku kasih bintang 5,5,0,2025-03-21 22:35:29,5.4
6f400f18-f0a3-46af-bd1e-5686ddcd1348,hydro dragon never cry,5,0,2025-03-21 22:01:55,5.4
14af977c-7f7c-4707-8a11-be86310f38e2,mohon kecilin lagi size gamenya soalnya terlalu besar,1,0,2025-03-21 21:34:35,5.4
1e4baab6-9242-4213-ae0c-ad03216b6441,mantap,5,0,2025-03-21 21:20:25,5.4
a5d1b6bc-1910-49ab-b83b-56f53ea7a2db,game nya bagus kaya di isekai beneran,5,0,2025-03-21 21:09:31,5.4
a1039036-d9e6-4c33-bac5-32518602e5ea,pengalaman yg seru dlm bermain game,5,0,2025-03-21 20:56:14,5.4
07733de0-b647-4a2f-b4cd-5116b26888dc,aku sangat menyukai game ini,5,0,2025-03-21 20:12:20,5.4
05893056-b3fa-4c1a-b1a0-739719a6abce,"kebanyakan dialog yang gk penting, misi nya berjam jam hasilnya gk setimpal,",1,0,2025-03-21 18:37:03,5.4
c9ae0404-2052-45c8-b625-cb6cdf58d7b9,sedikit saran nih dari saya gimana klok genshin Impact di kasih on mic agar lebih gampang bicara sama orang lain 🫡,4,0,2025-03-21 15:29:52,5.4
6c8e0471-2497-443d-a7ee-32d59994cc44,nice game,5,0,2025-03-21 15:09:24,5.4
45616ffe-37d0-425b-ae67-ec5aa9ce94e8,game nya terlalu susah buat bikin akun lama,1,0,2025-03-21 14:19:21,5.4
618b7558-0096-4d24-90d6-a248346008d0,petualangan yang sangat seruu san menarik.. di tambah pemandangan yg bgtu indah,5,0,2025-03-21 13:37:50,5.4
2e9598a0-1c1b-4e23-91e4-df8947694b7c,bagus bet cuy,5,0,2025-03-21 13:01:12,5.4
3534d7d1-fc64-4464-8dfe-bc1efbbbda14,"Hi Hoyoverse, I have a suggestion. How about providing a feature to change Traveler? And it might be useful, each traveler has a different scene, etc. Please providing a feature to change Traveler, I kinda regret taking Lumine. I will give five stars if you provide that feature. :)) Thanks, Hoyo.",4,0,2025-03-21 12:36:18,5.4
03efb4dd-4139-488d-a76f-96182300dfab,game kikir,5,0,2025-03-21 12:20:47,5.4
d2fdd0d9-b245-4b57-b039-78e011c42058,"bagus, kontrol nya aj yg susah",5,0,2025-03-21 11:54:55,5.4
2fe7f84a-e16f-4e62-9263-085c22fa04fa,bagus sih cuma loadingnya lama banget,3,0,2025-03-21 11:23:15,5.4
fab54b63-030f-489c-9b1a-280751593175,game ini membuat kegabutan saya jadi hilang,5,0,2025-03-21 08:16:41,5.4
e9ff4aa3-fc9a-4f1b-9a80-20ec84cb5b1b,game ini bagus tapi tapi gacha ku busuk,4,0,2025-03-21 08:10:22,5.4
74613522-fd80-4631-9530-2529b5756fd6,Good job,5,0,2025-03-21 08:07:26,5.4
72ef3b6e-db83-4331-8e78-8a919e81bb76,pas gacha kasi hoki plis,5,0,2025-03-21 07:54:16,5.4
b3aae993-8acf-49a0-baeb-5be32084de98,"waktu download di PlayStore 300 MB waktu login nambah lagi 30GB kalau nambahnya 200 mb mah masuk ni nambahnya udh GB anjirr kuota mahal boss ya gw tau sih game ini bukan pasar gw tapi gak masuk akal 30 GB untuk HP yg harganya cuma 1,7 juta gw nih",1,0,2025-03-21 07:52:58,5.4
8f272804-693c-4581-bcbf-6d6ad9ce19c6,saya bisa udah main beberapa hari tapi kok pas coba main lagi malah keluar pas logo hoyovers,5,0,2025-03-21 07:22:29,5.4
9e7e697f-58c0-43e9-8a0d-b79233c608d5,SENENG BANGET JIRT KALAU DIMAININ PAS PUASA,5,0,2025-03-21 05:31:25,5.4
54f157ed-b841-42c4-9de7-9ec7532131ee,gg parah,5,0,2025-03-21 05:18:05,5.4
da166316-0002-4214-9660-ff14801807b0,"bagus banget! grafiknya sangat membuat mata manja, yang kurang hanya mendownload saja, soalnya lama",4,0,2025-03-21 04:59:27,5.4
40e511c2-e187-4ede-9384-18e8dd9b8f29,"jijik bgt. tiap kali banner karakter incaran muncul dan ingin didapat, malah ngasi ampas. mau sampai berbusa farming primogem tetap gagal. tapi giliran asal pencet malah dapat karater 5*.",1,0,2025-03-21 01:32:15,5.4
3283cac6-48f5-43c4-be00-34a2c45560f8,gim baikk 🫶 semoga kedepannya makin makin sukses yakk biar para traveler dapet reward nya juga owkowkwowkwkw,1,0,2025-03-21 00:40:21,5.4
049f2326-858b-455c-819d-72fd9a41a619,"ayolah kasih fitur skip, terus Ada rangkuman buat quest dunia, Dari dev nya jg gada ngasih suara di quest dunia, ngak usah naggung nanggung sekalian aja kasih fitur skip, menurut gua game nya udah bagus, minus ngak bisa di skip jadi pegel tu jari",2,3,2025-03-20 23:00:43,5.4
013270e0-804b-4d39-827b-31089f90b41d,saya kasih b5 karna dapet furina 😁,5,0,2025-03-20 22:49:40,5.4
a6fb97c6-157d-4bca-9cbe-c2129699ca4b,"dari awal rilis saya sudah ngikutin, tapi makin ke sini makin ga jelas, apalagi dengan MINIM nya karakter laki laki sekarang, di tambah makin banyak karakter perempuan yang tidak terlalu penting, dan juga dialog nya tolong buat yang sesuai lore saja, desain karakter juga semakin mengurang 'kualitasnya', developer tolong dengarkan kita, YANG MAIN GENSHIN BUKAN LAKI LAKI SAJA, jika begini terus player akan semakin kecewa dan pergi satu persatu.",1,0,2025-03-20 22:28:03,5.4
b22da6f2-89da-4331-93b1-a3faf9e793a8,ok,5,0,2025-03-20 22:25:15,5.4
c576cf55-4ac1-44df-8800-fe726a58e573,sangat wow dan tidak bisa berkata,5,0,2025-03-20 22:16:58,5.4
f95424f5-f469-4fc8-a1c4-2e61c9bc8595,gg bgt ni game serunya gk ad obat deh grafik dan cerita yg bgus mna hero ny bnyk dn bgus2 pkok ny sru deh klian wjib download.,5,0,2025-03-20 22:01:33,5.4
cb919f50-650d-42bb-a361-020d355d7f8f,kebanyakan ngebacot gak ada tombol skip.(tidak semua orang punya banyak waktu),1,37,2025-03-20 19:25:31,5.4
e75f4dfc-36f6-4008-9e7a-eca7d6ad48a6,buatkan fitur skip dialog,4,0,2025-03-20 19:17:35,5.4
849943ef-6d49-4ecf-88fb-cb3df3665505,fanservice 😔💔🥀,2,0,2025-03-20 18:44:24,5.4
989b3da5-8792-48a4-af31-f7a7e0126ff8,sering sering kasih menang rate off,4,0,2025-03-20 17:31:24,5.4
ef12d26f-dc88-4b70-8fa9-b822a102c42c,The best adventure game forever! ☺☺,5,0,2025-03-20 17:13:18,5.4
ea3ac5cc-3c76-4ff3-8041-7010114426b3,"Story bagus, gameplay santai, cutscene gokil, minusnya cuman kikir",3,0,2025-03-20 17:08:09,5.4
83964a39-0c8f-4098-ba84-b28c3f0d30d6,😍,5,0,2025-03-20 17:00:18,5.4
2d057ec9-4170-4be2-a899-3cb0518c1a4f,mimin hoyo kalo sistem rate of nya di hilangin aku kasih ratting 5,4,0,2025-03-20 16:53:27,5.4
a2f57f47-ecae-4dea-96f1-1816f50aa46b,kara gw mengunduh datanya buat PHP gw rela ketiduran malah GK jadi jadi eh pas udah lumayan banyak jaringannya leg mana harus ulang lagi cape Mun lu dengerin lah pemain lu yg sering ngeluh di mengunduh data,2,0,2025-03-20 16:17:43,5.4
b983914e-21c2-4dfe-980d-ce24e9dd588c,game nya bagus,5,0,2025-03-20 15:42:36,5.4
bfa60a52-d28e-4332-91f4-257cd6428e14,"Gamenya sangat bagus 🤩, dan grafiknya juga oke, gamenya bagus banget buat lagi gabut atau bosen😊🙏",5,0,2025-03-20 14:54:22,5.4
2db64680-43ef-44e1-87f1-4f5cf6663e1e,mantap,1,0,2025-03-20 14:42:00,5.4
bd0c80e4-c882-4c60-b91b-d6ebb1718cd8,Game nya bagus di petualang seru menyenangkan Karakter nya bagus quest archon quest menyenangkan,5,0,2025-03-20 14:15:17,5.4
d4ee168e-d851-4581-9f4d-2086d6698b52,"Lebur artefak yg dapat isinya sampah semua,,gacha nya sulit minta ampun,,pelit luar biasa,,harus punya modal besar buat main game ini,,game busuk",1,14,2025-03-20 12:49:54,5.4
3cb5151e-36b2-440f-9950-e6651a0ff56f,"Min kasih transfer data dong, males download data nya lama banget",1,0,2025-03-20 12:13:01,5.4
9279c76e-d2c7-42c7-921d-678f0d6eb7aa,game pay to win,1,0,2025-03-20 12:10:46,5.4
faf02002-fa7b-429a-a484-f5680c8d57af,"tolong ini kenapa saya gacha furina dapetnya diluc, ini posisi 100%dapat B5 atau rate on di banner, tolong gimana ini sudah jelas di riwayat tidak ada tandaa kurang",1,0,2025-03-20 11:51:04,5.4
14af708b-ed02-4f98-a213-3a9b7d432b99,masuk ke dalam game nya kelamaan,4,0,2025-03-20 11:21:29,5.4
a95396ad-a054-4c6d-93dc-7b7af7002a04,rada kikir/maruk,3,0,2025-03-20 10:53:41,5.4
e169262a-98c4-45c6-b04a-e3c131c7ea9a,👍🏻,5,0,2025-03-20 10:38:09,5.4
20c29bba-1656-40d9-a5f8-95663a6699fb,mantap seru anjay,5,0,2025-03-20 10:24:15,5.4
2a975c1a-f30f-4414-9351-c094e7a7a41b,game kikir,3,0,2025-03-20 09:58:39,5.4
4f8d3ffa-9ff7-489d-abd6-00adbdebc78e,😎🤟,5,0,2025-03-20 09:17:29,5.4
07cbf6eb-b5ca-410d-9bf4-394bc4c35963,"banyakin character cowo dong, ini kebanyakan cewe buset, eneg juga liatnya kalo cewe terus, mana bentukkannya begitu lagi",4,0,2025-03-20 09:00:40,5.4
20c4db08-e463-42bc-8121-82a57b9de660,"sakit mata klo udh biasa main wutwuring trus pindah kesini ya udh, menurut saya sinyal saya ga pernah hijau lucu juga sih",3,0,2025-03-20 08:12:59,5.4
9fe54d81-eb54-4afc-9ad7-3c17d654de81,pantas untuk mendapatkan BINTANG 5,5,0,2025-03-20 08:07:04,5.4
a9a28b82-3458-49a8-848d-c553999f1bfa,is good,5,0,2025-03-20 08:06:34,5.4
d90835aa-75f7-4419-a933-249063931e46,i like ir,5,0,2025-03-20 05:46:02,5.4
642323a8-424e-4da0-a08d-4cfbf691a136,"Sebenernya game ini udah bagus sama seru. Grafiknya juga udah bagus tapi sayangnya pake waktu tolong, tolong untuk permainan ini kasih lah bebas jangan menggunakan waktu.",4,0,2025-03-20 05:26:20,5.4
c7bb9943-1550-4a70-9fc1-4e7c61ac45e4,seru banget sih wajib coba in,5,0,2025-03-19 23:36:02,5.4
e106da57-e730-4bbc-beda-9991fc112707,"Terima kasih telah muncul di tengah gim agar aku bisa mengulas gim ini, Hoyo. Jujur gim petualangan ini menarik sekali, bisa melompat bahkan memanjat, menyentuh hal kecil seperti menghancurkan semak membuatku berpikir gim ini detail. Aku masih dalam tahap percobaan mingguan, semoga bisa betah dengan karakternya. Jaya terus!",5,1,2025-03-19 23:33:23,5.4
1d1256db-ab60-4df3-b450-63a5f34e7280,Game nya seru banget tapi size nya bisa dikurangin ga,5,0,2025-03-19 23:00:37,5.4
b6ec428f-304a-4c46-bf0b-946487c69b11,jangan pelit pelit,5,0,2025-03-19 22:23:49,5.4
5c72c555-f606-4fe2-8801-2e74edf26c06,sejauh ini masih menikmati,4,0,2025-03-19 22:19:45,5.4
a02f4223-176c-425a-b815-98750a089f19,"Selalu setiap setelah update, mengompilasi shader lama banget, patah patah lemot, framedrop",1,39,2025-03-19 21:55:51,5.4
719062ae-3110-4fad-acf3-6b771544fcc0,g bisa d skip dialog nya dapetin primonya juga susah males mau maen,1,0,2025-03-19 21:52:45,5.4
aac0653e-07ce-40ec-a063-9392ca7c5d31,"gamenya udh bagus apalagi grafik, kurangnya disistem banner character limited aja soalnya hard pity dan dapet char b5 standar mulu",4,0,2025-03-19 21:34:39,5.4
ad6c4f6c-1a5f-4c48-beba-3bd89fe71234,seru dan menarik,5,0,2025-03-19 21:01:43,5.4
4cdf26bd-8e95-4dd5-ba2c-469ffc98490e,baru kali ini gacha ku wangi 2 kali menang rate off makasi hoyoverse. dan kalo 3 kali aku akan spam pake akun google lain nya,5,0,2025-03-19 20:04:50,5.4
ff2dbddf-e8d3-4ace-b6a6-1b75d13a8530,bagus tapi plit ret of mlu,5,0,2025-03-19 19:57:53,5.4
b22987ec-87ea-44d2-85fa-45d9aab3f0da,sangat cocok.. 😐 cocok buat HP kentang..,5,0,2025-03-19 19:39:53,5.4
1b7d41b4-5d02-43c9-bc26-4484457c7c06,"percuma kalian komen atau ngasih ulasan apapun, ini developer tidak pernah mendengarkan suara kita",1,10,2025-03-19 19:14:52,5.4
29d2d1df-61c4-4971-88bc-f46736ad6af2,game ini sangat seru dengan cerita yang baik dan grafik yang memanjakan mata,5,0,2025-03-19 19:02:03,5.4
c683d2f1-0c44-4c48-ab82-50a6baccde6a,Cool Game,5,0,2025-03-19 18:55:15,5.4
aab3aea2-01ea-4505-8a6e-6cf6b25ca8d6,game yang sangat cocok buat berpetualang,5,0,2025-03-19 18:36:46,5.4
cbde095a-4bcb-47a0-a995-61c31630eac9,Tolong farming arte dibuat enak atau mudah klo gk buat serulah minimal biar gk gampang bosen,5,0,2025-03-19 18:35:29,5.4
cfc10198-753f-4361-a7dd-512a73f64c69,coba si genshin buat event Rerun kaya di honkai star rail pasti banyak si yg pada comeback,3,0,2025-03-19 17:12:50,5.4
d1e0f92b-cd59-4993-8eb9-5ba25c839a12,kalah rate off trs tpi gpp laa,5,0,2025-03-19 16:19:58,5.4
ca950692-f3e6-4d0e-b894-52e1cab14aa5,"Tidak ada fitur skip story, bosaaaannn dengar ceritaa, contohi WUWA dia bisa menyediakan fitur skip story,",1,25,2025-03-19 15:58:20,5.4
03f1eb55-17df-4823-bcea-eb6b592e8b04,Mantap,5,0,2025-03-19 14:55:50,5.4
ee8973a0-6988-4c33-9960-48e292e64082,gema yg bagus,5,0,2025-03-19 14:48:11,5.4
9f07b8c3-ea77-47ec-82c1-2d1f2c285acd,gamenya sangat bagus tapi sepertinya harus ada fitur skip agar banterai tidak cepat terkuras,5,0,2025-03-19 14:19:07,5.4
b72190d5-9fac-41ec-b61a-da2914cf702f,game bagus dan menarik perhatian banyak orang,5,0,2025-03-19 14:13:35,5.4
3977ab8f-bc92-49e0-88bc-4154d4443697,bagus,5,0,2025-03-19 14:05:48,5.4
ace69bba-ab8b-49ee-89db-6a018f183a32,gift me character 5 star and equipment 5 star please,5,0,2025-03-19 13:36:31,5.4
8cc41929-c8b7-4529-9921-3f03a932d693,Wew,5,0,2025-03-19 13:21:17,5.4
08f6024b-5ca6-4fc0-beca-3d776a08a3bd,"Gamenya udah bagus grafiknya nyenengin, tenang, adem, juga bgmnya itu sedappp mantap, cuman dari semua hal itu yang gak nyenengin, downloadnya 1 hari gak cukup",5,0,2025-03-19 13:19:09,5.4
54a0ba68-4e25-4014-ba8c-c9960756beeb,"kadang keluar"" sendiri",3,0,2025-03-19 12:47:04,5.4
c6b54867-ee36-47f8-9934-b615de584992,Dari entrance tidak bisa loading jadi tidak bisa dimainkan.,2,0,2025-03-19 12:43:24,5.4
d00107ce-0f42-4d5c-b586-eb3193cd6c8e,"Grafis yang Memukau,Gameplay Seru & Variatif,Karakter dengan Latar Menarik,Sistem Elemen yang Unik,Update & Event Rutin,mungkin karena ini game MMORPG pertama saya,saya keusahan untuk mengerjakan setiap questnya",5,0,2025-03-19 10:54:53,5.4
a6137cc5-b394-4948-8ef6-6403be8a9f3a,harus yaa download 31gb baru mulai main 😂... gk bisa gitu sebagian...,4,0,2025-03-19 10:25:58,5.4
6a1787ed-83fc-41a5-ba47-6b277b72b770,ok dah,5,0,2025-03-19 09:38:07,5.4
fd7ccd44-f733-4649-b708-f57b1f97d902,"gamenya sih bagus, tapi gw yakin 97% playernya itu cuma nyari primogem sebagai P.O.V player gratisan, yang bikin males tuh kenapa karakter utama juga harus di farming, dan dan farmingan talent nya juga termasuk susah, mendingan sih saran gw pribadi kalau untuk karakter utama gak perlu di farming biar lebih keliatan proses perjalanannya",4,0,2025-03-19 09:15:01,5.4
f40d1fff-f640-4baa-bc6a-601a81ac6d3c,ini giman ya gensin gw tiba2 gk bisa login padahal gw udah ar 56 terus pas mau login ada tulisan gensin impact di tutup di karenakan bug,2,0,2025-03-19 07:31:19,5.4
1047b7d0-8e32-48fe-88d3-0eae4d12a8ea,Bagus,5,0,2025-03-19 06:33:08,5.4
e29690c9-2a4f-4eeb-8a1e-541a26cdf81f,Game bagus,5,0,2025-03-19 06:30:02,5.4
2184eed1-74b9-432e-94d4-e8fd3f081957,game nya sangat di rekomendasikan,5,0,2025-03-19 05:44:10,5.4
5f0ab7fd-20f2-4a85-8fbe-f40012d7a375,please fix it in the fontaine area it always stacks on the loading screen genshin fontaine area,3,0,2025-03-19 05:14:18,5.4
6536bfb8-2bba-48fd-9636-16444af782cb,"2 jam story quest dialognya tidak on point, banyak basa basi, semakin banyak waktu yang terbuang. Masuk dongeon pas quest story dan kalau reconnect/disconnect malah ngulang dari awal, mana ga ada fitur skip nya.",1,0,2025-03-19 04:18:49,5.4
4754d83d-65a2-4915-81fb-c818c52e9834,Anjir gua tunggu datangnya sampai 5jma setengah brok gilo,5,0,2025-03-19 01:59:09,5.4
e2dc5f0c-fcff-4ab0-864a-48346980477f,"keren, grafik HD, banyak waifu🗿",5,0,2025-03-19 00:05:55,5.4
4f249e7e-82e0-4043-b7c0-104ca1d5411d,Gensin impact sipaling pilih kasih hero gua kok gak pernah dapat hero bintang lima yang bagus gitu parah Padahal udah abis berapa kali spin,1,0,2025-03-18 22:35:32,5.4
db3f1eac-83f3-4cc4-b084-415b95580c1d,Sangat bagus,5,0,2025-03-18 22:29:17,5.4
d3446ed4-d29c-4891-b05f-2f602d57db39,"nnti aku bintang lima, kalau dapet furina👻",1,0,2025-03-18 22:26:21,5.4
58eda148-ce6f-472f-93b3-2ecbf35c53cc,sangat menarik.,5,0,2025-03-18 22:08:42,5.4
6f107ab7-5e7e-4e56-859e-142e11ca1340,"Gamenya Bagus, Grafik Memukau, Storynya Tidak Membuat Bosan, Gameplay Kurang Lebih Sama Dengan Game RPG lain... Kekurangannya Cuma 1, Yaitu Gachanya Busuk... btw game ini lancar dimainkan rata kanan di Poco x7 pro",5,0,2025-03-18 21:01:46,5.4
0decad32-8e34-4c79-a89b-8580775e9b7b,"Sangat playable sekali, dan sangat friendly untuk hp kesayangan saya, namun saya coba bermain selama 3 jam nonstop mengapa hp saya berasap? Info dong yg pernah ngalaminky gini, hp saya smasnug j2 optimus prime",5,0,2025-03-18 20:53:29,5.4
8e9c71cc-20d0-49ff-a612-227ab0bf12b7,The best open world,5,0,2025-03-18 20:50:13,5.4
ffd1be4f-e8af-47f1-8bf4-ee2537419a2b,"game merepotkan, coop tergantung quest ga ngotak longor, hapus aja sistem kek gini, nganggu aja, tau knp? yeah jelas bro, quest yg kalin buat panjang panjang ga bermutu buang buang waktu aja, game sebelah aja ada fitur skip dapat rating positif, lah ini dah rate 3 masi aja ga dengerin kata player, sadar otak lu ada di pake lol, kalau mau berkembang jgn nyusahin player gua kasi b5 setelah fitur skip tersedia",1,2,2025-03-18 19:13:23,5.4
02ad2c01-e656-4d2c-8ea0-892db989e7d3,bagus,4,0,2025-03-18 19:03:55,5.4
3d178015-dce0-4da6-a14a-73f188973869,gema bagus,5,0,2025-03-18 18:28:52,5.4
1aa281eb-4e42-4cfe-a84d-aa4cdc31a08f,kikirrr dasar kikir,1,0,2025-03-18 18:26:07,5.4
29a8696e-d534-47ab-ad92-7151643596fa,game bagus tapi ngelag banget jing,1,0,2025-03-18 18:15:22,5.4
66028cf6-d57f-4163-9871-14a09a561d73,game yang sangat menghibur,5,0,2025-03-18 17:52:47,5.4
56b82937-c345-4cf2-af89-49c03f17350a,"Game p2w njir, kikir amat",1,0,2025-03-18 17:52:40,5.4
2b031865-15ad-4870-9bfe-9e66497af65c,kikir bgt jir,1,0,2025-03-18 17:43:07,5.4
5ff5b037-8d92-42b4-b539-9c5e65ccc065,MIHOYO PLS BIARKAN AKU DAPET SENJATA FURINA KALI INI,5,0,2025-03-18 17:18:22,5.4
67cc3e01-e27d-4a68-9521-ac4f33b5f827,game ini sangat bagus dan grafik nya hd tapi ada kekurangan download data nya jangan lama banget kalo lama jadi cepat habis batre hp tolong di perbaiki yah developer game nya tolong,5,0,2025-03-18 17:14:37,5.4
eba561bc-37ad-424a-bc73-baafba51528d,seruu banget gilaa,5,0,2025-03-18 16:42:41,5.4
77fd93f2-4684-4080-901d-f0d95bd55ff8,"akun saya kena hack, dan email di ganti padahal di email tidak ada notif sama sekali, dan untuk pengembalian akun sangat ribet,. kecewa aja tks. gak lagi deh main game dari hoyoverse, apa lagi ini game gacha ilang akun ilang semua aset nya.",1,1,2025-03-18 16:41:27,5.4
c13e2aef-0cda-4b43-b3ba-6777e6b97255,"2 words,""Absolute Cinema"".",5,0,2025-03-18 16:30:45,5.4
a8459324-ba33-4b1c-99b3-3f0fac7cf81a,Bagus,5,0,2025-03-18 15:28:07,5.4
21730d8f-8e71-4758-a651-333cc6654556,"bagus sih, lore utamanya bagus banget, cuman masih ada kekurangan dari fitur ceritanya, kenapa tidak ada tombol skip dialog? padahal world quest ga ada hubungannya ke quest archon, terus juga kenapa charnya kebanyakan female? tolong dong dibanyakin character male nya",3,0,2025-03-18 14:26:49,5.4
365121fb-1667-450d-8535-0352371ce52e,"seru, cocok banget gamenya",5,0,2025-03-18 13:35:31,5.4
b9d8b92e-5987-491d-88f5-e2e27778ed87,bagus,5,0,2025-03-18 12:59:30,5.4
e7ec7a4e-2068-4ac7-9df2-8779de668633,bagus,5,0,2025-03-18 11:34:25,5.4
93588d13-a0f9-4d19-a74e-c3238ab0c38e,Ok,3,0,2025-03-18 10:34:00,5.4
3d75ca3d-91e8-4f31-8c7d-dd999e7f8542,game yang sangat keren. sayangnya gacha terlalu sulit dan kebanyakan dari gacha ampas semua,4,88,2025-03-18 10:14:20,5.4
c62249be-15ea-40a9-ba60-56f7371dc7ed,Udah jadi genre Game Story Telling,1,0,2025-03-18 09:23:06,5.4
2b383f86-dab1-4b26-ac88-797373e22dfe,seruuu,5,0,2025-03-18 08:56:32,5.4
a3a932c8-0bff-4230-95be-6235cf36d6aa,moga kaliini dikasih low pity karena saya swjak awal maen genshin kagakperdah dapat low pity under50 mesti di atas itu terus yg hoki dlu kazuha pas 50 pity sisanya hard pity terus padahal sama2 player f2p ny kenapa sangat jauh perbwdaan nya akun teman saya kebanyakan low pity kmaren banner arlechino aja cuman 7 pity dah dapat sedangkan akun saya sangat hard pity sekali semoga saja sudah tidak hard pity lagi,5,0,2025-03-18 08:51:12,5.4
46ea8f07-f37c-4556-ae18-2169d650d94a,SERING RECONNECT MULU TAII TOLONG PERBAIKI LAH JANGAN MALAH DIALOG YG DI PANJANGIN,1,0,2025-03-18 07:38:28,5.4
ec4c2a70-0d20-4e2c-916a-d77a126094ae,Asik,5,0,2025-03-18 07:13:36,5.4
6f4286ca-3c16-443d-8515-47aa22992061,"Gamenya bagus, dari segi Grafik sampai cerita semuanya bikin menikmati, saya merasa enjoy. Namun tolong gacha dan bansosnya di baikin lagi",5,0,2025-03-18 06:41:34,5.4
9bcb3c04-8438-49e7-bad3-cec748a6fda9,teruntuk developer tolong tambahkan fitur swap gender,5,0,2025-03-18 06:35:45,5.4
bafad6b2-b995-4767-a3ff-ad6ce18cb4d0,Bismillah tidak ngeleg,3,0,2025-03-18 06:17:05,5.4
bec70fc1-d2c4-4c35-bee8-ccb045e07216,"game anda sangat bagus,saya sangat senang ketika memainkan nya",5,0,2025-03-18 02:34:45,5.4
5e70c83c-0c3e-4404-b0d8-056e03b46699,bener weapon selalu sesat.,1,0,2025-03-18 02:07:04,5.4
b34a1ec7-9fd9-4e7d-ad84-0423d6ed45b6,Min tolong size kecilin aja ke 20an biar gw bisa main :),4,0,2025-03-18 01:23:07,5.4
00fdb5cf-f330-41ad-b992-32d4e7159e24,"untuk download keseluruhan nya lama , tidak bisa di mainkan langsung kalo belum terdownlod semua. ukuran nya 27gb . gila gila. coba download nya sambil bisa di mainkan",1,0,2025-03-17 23:27:20,5.4
783b8413-6c20-475a-86ef-9bffdad159a0,"Saya berharap karakter karakter kembali dapat berbicara di Genshin, karena rasanya bosen jika cuma denger suara Paimon terus",3,0,2025-03-17 22:31:00,5.4
749c6c36-3a66-437c-9f0c-b9e39b4ff1d1,Bagus,5,0,2025-03-17 22:16:17,5.4
5ce47377-9a4e-41b5-bf68-b27bb9b452ca,mantap,5,0,2025-03-17 21:40:24,5.4
f60a7b3a-67f5-437a-8d24-8cb365255223,Lama download data njing,2,0,2025-03-17 21:24:13,5.4
6abd3a30-954a-4454-9478-9b1455e2fd8d,sangat bagus,5,0,2025-03-17 20:13:34,5.4
3e449239-1b3b-4c62-b751-39b292b9c179,makasi,5,0,2025-03-17 19:25:08,5.4
37c7b9f7-da90-48c3-bf4e-f75fc3cbf0af,nice mantap,5,0,2025-03-17 17:25:34,5.4
7bcf5be9-e89e-4a80-b7e7-b580e63c442e,Game yang menarik,5,0,2025-03-17 15:57:43,5.4
2e5dc0b7-e28d-47f1-b557-adcfc4211ca8,game nya bagus sih tapi pas masuk antrian nya lama udah sampe 4 jam nggak selesai,3,0,2025-03-17 15:50:06,5.4
a5e42c94-b6b5-4434-bcf6-0f3a30d44114,game ini sangat bagus dan sangat ringan cocok untuk hp iPhone seperti saya,5,0,2025-03-17 15:45:14,5.4
1038e1b4-39e6-4ade-80ba-8e3d7b1bdf4f,"Udahhh bagusss bangett!! Tapi pliss tanbahin fitur on mic buat co-op, player kadang malas ngetik panjang ataupun malas buat ngetik jadi penambahan fitur on mic akan cukup berguna bagi player. overall semua udah bagus ^^",5,18,2025-03-17 15:13:47,5.4
aa4116f5-fa81-4895-89e0-7261b0ef2e3d,the best game,5,0,2025-03-17 15:00:00,5.4
9a61b79e-11f3-4a53-929b-cce4d8419649,Bagus gitu aja,5,0,2025-03-17 14:27:55,5.4
fa00af39-910d-4d17-9097-2ab8e112e373,"Bagus sih misi daily sekarang dipermudah, tapi kikir impact, ditambah lagi makin kesini sistem update nya ga jelas, download ga stabil, nih dihp gua Android 10 masih lancar 45fps, tiba tiba ngikutin min spek meningkat serasa Grafik Wuwa, gua masih maen Genshin ini dispek HP Low lancar, laen kalo Wuwa emang Unreal Engine jadi pake HP High End nya karna emang detail..",3,10,2025-03-17 14:17:16,5.4
9a7a81f6-04d9-46d7-8363-5a2ac8608f4f,"noo miHoYo i love you so much udah bikin game sebagus Genshin Impact. menurutku ini game yg sangat bagus dan menarik. krn aku suka bgt game petualangan&RPG, aku baru2 main sih, karakter2 nya juga cakep2. iya emng dikit char cowok, tapi yg cewek juga cakep, aku suka. eksplor seru, walau kadang sulit wkwk. Oya tolong sistem gacha dimudahkan yah, pleasse... grafik bagus, cerita menarik. Oya, yg protes download lama, pls kalian liat deh spesifikasi hp yg oke dipake main kek gmn, dan ini game santai",5,2,2025-03-17 14:04:16,5.4
e6342fa9-e129-416e-a142-4612e3b96948,Menurut gua mulai dari story sampe grafik udah mantap banget,5,0,2025-03-17 14:03:25,5.4
25fe4c9d-7743-40da-923c-9eaf08def698,"Bosen njirr tiap hari login, daily, gacha ampas lagi, grinding lagi. Dahlah",1,0,2025-03-17 13:55:51,5.4
5a8cf071-7b50-4932-ae9a-8c42b9cd1d29,"Gameplay bgus grafik ok, tapi pas loading unduh data itu memperlukan banyak memori seperti 20GB+, tapi ttp bagus kok",4,0,2025-03-17 13:50:08,5.4
3f40b41d-f5da-425d-b753-dd09cc17b437,Good game,5,0,2025-03-17 13:25:36,5.4
d84833ff-0a24-4851-9294-ec67eddde152,mahal kuota,1,0,2025-03-17 12:59:03,5.4
718f8275-de6c-4e86-93a2-f20fdfc358d1,kuota gw abis gara2 download data,3,0,2025-03-17 12:49:38,5.4
0007f153-528a-4014-b674-896fbd4f9533,"Gamenya bgs bgt cutscene nya bgs desain karakternya bagus. Tp feedback dari aku nih , maksimal resinnya ditambahin, jgn 200 kedikitan. Sama kalo ada karakter free yg bgs.",5,0,2025-03-17 12:40:04,5.4
897b27c5-ff88-40ef-b154-e63b039b4537,Sangat seru,4,0,2025-03-17 12:32:22,5.4
a7759398-d0dd-44d2-90f9-a11c9da02443,"kenapa setiap buat akun baru gak bisa mesti tulisan nya ""terlalu banyak login kembali beberapa menit lagi"" padahal baru main game ini tolonglah sistem nya di perbaiki lagi kembalikan seperti dulu agar bisa main lagi",2,59,2025-03-17 12:10:44,5.4
da0cac3d-66bf-446c-ac96-bd677b2636c6,"kena akunku gak bisa di buka hoyoo, padahal sinyalku bagus"" aja dan gak ada kendala",2,0,2025-03-17 11:41:35,5.4
46359400-7d01-48f5-8e58-57c09164e84a,Lumayan bagus adventure sama alur cerita gua suka di tingkatan lagi game ya,5,0,2025-03-17 11:03:13,5.4
fd3285ba-61a0-4eb2-bbf3-2d63f986ed8e,Aku suka,5,0,2025-03-17 10:13:45,5.4
5bacc851-5bdb-4978-b736-d7652fcd9668,Perbaiki bug dan optimalkan gamenya,5,0,2025-03-17 08:54:34,5.4
0362eeee-dce9-4b9a-8a78-e588047e8b59,Neng hu tao cakep banget jir,5,0,2025-03-17 08:30:33,5.4
52c9b621-1e86-4ce3-aa53-28a1dff9727d,"Game sampah, selalu gacha diatas 85+ dan lose 50/50, sampah kali nyari duitnya,bikin males top up",2,2,2025-03-17 08:26:41,5.4
26b22538-d7a5-4c3f-9e03-2795e1035f8a,Gw kasih b5 kalo gw bisa dapt furina di pity 65,1,0,2025-03-17 05:53:58,5.4
994f67df-c503-4321-bc5b-801652cb54ba,bagus bgt,5,0,2025-03-17 05:46:58,5.4
bf76f32c-2362-4cc7-b224-b225591cb726,keren,5,0,2025-03-17 04:19:00,5.4
4483de36-de70-460d-81a8-0a52cae589ff,"Saya membuka akun yang sudah lama saya mainku dulu, mengapa hero kuning saya hilang semua? Progres juga hilang banyak. Sangat mengecewakan.",1,0,2025-03-17 04:09:08,5.4
242063d6-6111-43c4-bed0-af6e69bcbaa9,good rekomendasi banget,5,0,2025-03-17 03:31:26,5.4
55d160ca-9f7c-4e91-bd87-b7887d8b522d,game lama,5,0,2025-03-17 03:31:24,5.4
39852db7-f45a-4646-a79e-bd594b89951b,"Ada apa dengan game ini?!, selalu stuck berhenti saat bermain, muak bener gw, tolong diperbaiki lah cuk, hp bagus koq stuck berhenti, game sebelah aja ga 🫵🏼",2,0,2025-03-17 02:58:24,5.4
e59a36ff-4c38-4be9-868f-e2362fc880cc,"GAME JELEKK GAME CRINGEEE GAME KIKIRR, CHAR COWONYA DIKITTT SEMAKIN LAMA GA ADIL DAN STORYNYA BORINGGG SKIPP, HUUUUU",1,2,2025-03-17 02:49:50,5.4
b2e2203a-d11f-4f49-a491-bdc80db9be6d,turunkan fitur auto skip,3,0,2025-03-17 00:37:14,5.4
f5a90769-ae80-498b-a7e2-924c3a399e43,"menarik gamenya, berasa main ps 4",5,0,2025-03-16 22:18:12,5.4
3348e545-b760-4af6-b834-046c07cf2c34,"I don't know if it's my network or what, but please help me when I'm in the abyss spiral, it's as if my network is immediately cut off and I automatically exit the domain, even though I'm about to win, my network suddenly disappears, I've tried it 5 times and it keeps going like that, maybe this is a bug, so fix it quickly.",3,0,2025-03-16 22:12:31,5.4
04091caf-d13e-4622-b721-527ba353be10,keren,5,0,2025-03-16 22:07:40,5.4
882a2363-f604-4cb5-9e03-c7b1133f364a,game yang cocok untuk dimainkan kapanpun dan di manapun,5,0,2025-03-16 21:54:16,5.4
0039e5ab-e8ca-44b5-af4b-55e6d4b8e17f,bagus sih gamenya cuman keberatan doang entah hp gw yang kentang😮‍💨,5,0,2025-03-16 21:01:39,5.4
98adb867-3beb-4507-ab4c-a68925c1fac6,gimnya sangat seru yagesya banya story nyee hi takotnyeee,5,0,2025-03-16 20:17:48,5.4
21a2d01e-0cbc-47f5-95a0-dbc08c5079b4,- reward,4,0,2025-03-16 19:53:41,5.4
909d9804-1664-44a3-8d60-7c7053a352a6,bagus suka,5,0,2025-03-16 19:47:46,5.4
08fff1d1-ce08-4f01-a377-3c714780fffd,"ada bug lagi, tiap mau reedem kode, atau ngelawan boss, biasanya suka layar hitam terus keluar sendiri. tolong di perbaiki lah MiHoyo, jangan di kasih fans service mulu 😔😢",2,0,2025-03-16 19:21:26,5.4
a583bc11-8fcc-4349-8d66-7f443a5d3171,keren,5,0,2025-03-16 19:12:10,5.4
0b28cae9-1f90-4798-88d7-b8c1868e33b4,Tolong gacha saya di bagusin ekwkk,5,0,2025-03-16 18:36:48,5.4
72c2eafe-5d91-4a98-91bb-fdbd05f76ea2,kapan sethos rerun? 😀,5,0,2025-03-16 18:12:20,5.4
a475baa2-05bd-40cc-b92e-3bfb8fc2e295,Bagus banget,5,0,2025-03-16 17:29:05,5.4
d7704959-3221-452c-ac27-adc517e2ff3d,Gamenya seru dan asik,5,0,2025-03-16 16:55:03,5.4
cab3e4c0-8cdc-47f1-8903-a624cd2b9148,baizhu wangy 🤤🤤🤤🤤,5,0,2025-03-16 15:59:02,5.4
10df49dc-418a-4659-a832-e5c711fa99ae,"Hoyo why u always released girls characters, where's my new male 5 star",5,0,2025-03-16 14:25:16,5.4
da054603-9b75-4ed9-9f85-019732ce4e98,"game ampas & gak selalu bikin emosi!!!!!, gak ada kesempatan buat menang rate off, udh 7x gw kalah rate off sama Drop rate artefak yang selalu ampas kalo ada yang bagus pasti pad di up selalu melenceng kalo gak def% pasti hp%",1,0,2025-03-16 14:02:53,5.4
b607f9e7-6d75-4899-b873-a0ef48655bf5,coba aja klo ini game ini donload isinya itu pas di dalam game nya aja atau ga kasih game play yg buat nunggu donload kek demo gitu sumpah gw donload isinya bosen banget njir 31 gb sekaligus plus masang shadernya lama banget gw dari jam 7 belum kelar loading donload ampe jam 1 siang gila ga sih itu sih klo di tambahin itu gw rate bintang 5 deh semoga di baca ama dev,1,1,2025-03-16 13:09:02,5.4
8240134b-fbb4-48ad-9121-657a9432dde3,"Pokok nya mantap,bukan buat HP kentang",5,0,2025-03-16 12:46:27,5.4
a24e0d02-2e89-4029-8f86-f33e3f4318ef,Game seru grafik bagus gameplay juga agak seru tapi kalo bisa memperpendek dialognya ini cokcok untuk orang yg suka santai event nya seru seru pokonnya bagus untuk orang santai bukan untuk orang yg males baca dialog terus aku tidak sabar nunggu event baru lagi dan map baru juga karakter baru semangat bg hoyo,5,0,2025-03-16 12:43:50,5.4
8e3f43f9-329d-4a46-87eb-802ffcdb0163,gamenya seru grafiknya bagus dan reaksi karakternya itu realistis,5,0,2025-03-16 12:22:07,5.4
77bfe32c-ae6c-4365-94fa-3b1cff172ed0,Seru,5,0,2025-03-16 12:20:05,5.4
92b8dcd7-11d2-4b05-acd8-1a0cbc691681,Mantap,5,0,2025-03-16 12:19:10,5.4
8703ac5d-69f3-42ce-b680-e7492f8374bb,"seruu bngt plz, cma besar bngt gb nyaa ak habis 32gb",5,0,2025-03-16 10:43:33,5.4
6b737e23-3a77-4bcf-b512-69a4d03207d9,Game apa ini coo gacha selalu mendapat hard/extreme pity sampe 100 pun tak dapat cihh,1,0,2025-03-16 10:41:30,5.4
4c62d6b4-7e48-4ee2-aa37-3495ef85b177,Ini game yang bagus,3,0,2025-03-16 10:22:54,5.4
51dda049-7f0c-47e4-bdd3-44579c0248b1,bagus,5,0,2025-03-16 10:18:07,5.4
58c5f47e-f491-4dd1-b1aa-4d949ac39f62,"Suka banget sama ni gameee..tapi tolong dong dibanyakin karakter cowok nya, soalnya cewek udh kebanyak,,,CMIWW",5,0,2025-03-16 09:40:02,5.4
28457916-5c56-4f1e-abf4-bea0d3602df7,"bagus, seru cuma CAPEK pas lagi kerjain misi terus out dari game misi nya malah ulang",5,0,2025-03-16 08:18:40,5.4
fad13eff-5279-4ce4-b739-2f0b2dc5b6cb,"developer kikir jarang ngasih bansos ga kek si anak emas hsr itu,selebihnya bagus,story bagus,tapi lama,karakter cantik cantik beuh,tingkatkan terus hoyo🙏",5,0,2025-03-16 08:12:10,5.4
0e83e7d8-f1ac-48cb-aca2-8228e875f296,jangan download game ini udah lama loding nya suka lag lag sendiri padahal sinyal udah bagus dasar game Kon baru 10menit 2GB,2,0,2025-03-16 07:17:34,5.4
32bb0ccb-17b0-4fc2-8ef8-a678a03669c7,game mantap cerita mantap grafik mantap,5,0,2025-03-16 06:44:02,5.4
c16d07a7-7314-4234-bf0f-570fb056a5c6,game yang sangat seru,5,0,2025-03-16 06:24:25,5.4
ee1e38a0-a996-44c7-9fb6-91a6682dc101,Ga guna loading nya 1 abad,1,0,2025-03-16 06:16:08,5.4
a36a69ee-d1b3-4142-8e74-1cd6f75ad1b8,Bagusss bangat,5,0,2025-03-16 05:34:08,5.4
1bc04d43-b3d6-471d-85d8-89dc26a41c5d,game RPG terbaik:),5,0,2025-03-16 04:43:53,5.4
b3c69585-54b7-46f5-97e2-d056afeabb19,"Bagus, namun player baru sulit kali dapatkan hadiah gaca yg bagus, s4 doang yg paling tinggi, itupun karakter burik. Apalagi senjata Jan tanya, paling tinggi s3🗿",5,1,2025-03-16 02:51:43,5.4
1aa92004-d231-46a8-a6b1-13f9e64dc4e9,keren sh,5,0,2025-03-16 01:11:02,5.4
b937facd-7e64-41e5-be49-b74eccff925b,Keren,5,0,2025-03-16 00:35:23,5.4
1effb406-a7b5-4a1f-bd48-079fa0f401f8,game ny seru TPI bingung nyarik jalan nya,5,0,2025-03-15 23:47:52,5.4
de79641f-b7b2-4daa-8c54-85c6ff9b5c7a,hoyo beri aku char laki laki jan cewek trus 😿😿😿,4,1,2025-03-15 23:36:07,5.4
4267748c-3d87-432a-9a34-286b7147a89a,"Genshin mobil: Saat switch karakter dalam pertempuran , terkadang karakter tidak bisa di ganti? Nge bug?",1,3,2025-03-15 22:54:57,5.4
a38e4e85-c05e-4b02-ba09-353f96a11b67,seruu!,5,0,2025-03-15 22:32:49,5.4
4ffaeb3e-72f8-41fb-a961-222d9bcb4a49,"gamenya bagus grafik jd ultra realistis,alur game yang menarik",5,0,2025-03-15 22:19:35,5.4
2137e7f4-20c7-4e80-8e2b-86f04c03f37f,wow would recommend playing this game if your a grinder,5,0,2025-03-15 21:54:34,5.4
0b5f0c66-72fe-4f55-931a-584d6030b63b,mantap tapi device saya mengahalangi saya untuk mencoba grafik rata kanan,5,0,2025-03-15 21:05:45,5.4
dcd41a18-a3b0-4253-9bf8-acb390972be2,GAME KIKIR KALAH 50/50 DI 77,1,0,2025-03-15 20:54:56,5.4
95d2cbe3-2320-4f0c-8734-b0c4572eaaf5,game kikir kurang bansos,1,0,2025-03-15 18:57:37,5.4
9939e09b-d27a-4234-b2e1-82bb09d12161,loding nya lama bet🫤 tolong dicepetin,1,0,2025-03-15 18:53:35,5.4
aad4955e-49ac-4e39-8af2-864069a94797,"Gamenya seru open world, bisa explore luas banget",5,0,2025-03-15 18:30:31,5.4
1e8e7ad4-7bf7-47e2-ba76-fb6d455b3dee,GENSIN GW MAU KASIH TAU NIH KALO BIKIN GAME DONLOAD DATA NYA NGAPAIN JADI 2 GB GG LU GW UDH NGULANG 6x masih belom bisa Saran gw KECILIN GB NYA,1,0,2025-03-15 17:48:38,5.4
516f021d-43e9-477e-a77f-917fe4828dd6,game nya bagus banget map nya juga luas,5,0,2025-03-15 15:10:06,5.4
7707a3b1-9908-4374-b0f3-39e25b541a52,"tolong lah hoyo bikinin char cowo juga, jangan cewe mulu",4,1,2025-03-15 15:06:03,5.4
6f6d0ebc-b923-4cc5-9d82-e734d4af418b,GAMEEE NYAAA SERUUU💗💗,5,0,2025-03-15 14:54:03,5.4
97e8f8d2-1a55-4f34-9e5a-fc903cc4ff13,"game nya sudah bagus, tapi tolong tambahkan fitur main pake controler/gamepad di android",5,0,2025-03-15 14:15:08,5.4
a669df8c-ed73-41a8-b02d-2f9f9c42e7d3,good,5,0,2025-03-15 14:13:51,5.4
9b204d33-f095-43d2-84a6-7049ae31d30f,bgus sih cmn ada bbrapa yg bingung du quest nya kadang ngk keliatan,5,0,2025-03-15 13:17:16,5.4
50ea10aa-db97-4bdc-b1b8-e7910e66e1aa,"seru cuyy alur ceritanya,tapi gak nyangka hp kek gua bisa mainin nih game😭",5,0,2025-03-15 13:12:23,5.4
b0a4e5ba-f5c7-4ccb-b8e2-9b5a1bfa7851,Semoga saya bisa hoki terus.,5,0,2025-03-15 12:40:06,5.4
b7052f18-7434-41e5-8769-0f94f6ca241f,いい ね,5,0,2025-03-15 11:57:19,5.4
db5f78e1-9de4-49df-9758-c538722fdb78,"sudah lama aku tidak main.. jujur aku kangen dengan genshin impact, aku tidak main game ini selama satu tahun lebih dan baru kembali. jika ku ingat-ingat terakhir kali ku lihat genshin masih berada di region sumeru. tidak terasa sudah sampai natlan. by the way.. makasih neuvillette nya. anyways update aku males main",5,0,2025-03-15 11:02:51,5.4
b321aa6b-b733-446f-8e01-a673629c8511,"Game yg sanget bagus untuk sementara ini , tidak membosankan",5,0,2025-03-15 10:24:45,5.4
48116175-cddf-4d3f-b841-f78f83635b9a,seru sekali,5,0,2025-03-15 10:13:36,5.4
009445ba-4f09-408c-b1c5-c4a9a3b0d173,Kenapa aplikasi nya tiba tiba ga bisa di buka?,1,0,2025-03-15 10:07:55,5.4
db989fb5-5deb-4e28-a40d-e2f4f941738f,i cant log in?,5,0,2025-03-15 09:16:52,5.4
dc905913-5dcc-4314-b668-ee1926ff482c,sangat bagus dan mengasikkan,5,0,2025-03-15 08:16:37,5.4
63c811b4-a3c1-4004-9044-029949e6e470,anying lah dah hampir kelar aku hentikan pengunduhan ulang dari awal,2,0,2025-03-15 08:11:36,5.4
65b36432-880f-4299-9af7-7bf06575f8b4,Game nya bagus,5,0,2025-03-15 08:05:10,5.4
da749e98-ca3e-480f-86ca-444378cf5a15,"Saya pemain Genshin di HP, saya sering merasa pusing atau sakit mata ketika main di HP. Jadi saya hanya bisa menberi 4 bintang saja 😅😅",4,0,2025-03-15 08:03:36,5.4
9b489fb1-a251-455c-94a3-09a41f8ce11e,Game rpg terbaik🤙,5,0,2025-03-15 04:44:54,5.4
ed0b4894-f684-4f89-be07-093558f88f89,Genshin emang good💪🏻,5,0,2025-03-15 03:47:12,5.4
7d9aabef-59dd-4d4d-b144-d3dc95b796ac,best,5,0,2025-03-15 02:03:46,5.4
6b53dff5-0aab-455c-babd-bc09d3076422,"HP ku kentang hehe, gamenya sangat bagus dan menarik, semoga taun depan bisa ganti HP yg lebih mempuni buat game ini..",5,0,2025-03-15 01:52:08,5.4
48ee05aa-b7e5-4544-b062-754a295d9dac,Gamenya bagus 👍 karakternya bagus Tolong Hoyoverse wangykan gacha saya akan saya kasih bintanglima!!! Sudah saya kasih bintang 5 karna gacha Alhamdulillah wangy🔥🔥🔥,5,17,2025-03-15 00:29:24,5.4
894e1d6e-605c-4bcf-8a91-d75c30e2c014,Beuhh graphic best,5,0,2025-03-14 23:58:05,5.4
550515ad-2dfd-46e8-a0ce-f82c6f3aee2d,Bagus,5,0,2025-03-14 23:01:06,5.4
ed0b1d47-2f65-4bde-bcea-2ee3b278312a,"Gamenya bagus tapi saya gacha gk pernah dapat char b5 jadi saya kasih bintamg 4 dulu,kalo saya dapat char b5 saya akan kasih bintang 5 juga",4,0,2025-03-14 22:14:24,5.4
136a4134-09ed-406f-abde-ccd6ed3bdac8,Monetisasi yang sangat tinggi jadi agak malas sekarang main nih game masih bagusan gacha game sodaranya Honkai (ngak ada yg namanya rate off),1,0,2025-03-14 21:23:08,5.4
9696a1a1-beed-4709-b93b-e777088ff1e6,Wow,4,0,2025-03-14 20:58:16,5.4
894116a7-6e27-4eb5-b09d-7f99f4ba1562,Udah capek saya sama genshin. Kalau gacha ni salalu pity tinggi padahal udah rate off. Kalau sudah rate off ya rate off aja ini malah high pity banget udah event dikit tolong lah untuk pity diperbaiki lagi kalau sudah rate off langsung dapat jangan dapat nya di pity tinggi itu saja,2,0,2025-03-14 20:56:40,5.4
df2d1473-d2d1-4b47-baad-977274fb05d7,Game nya tidak bisa masuk saat sedang mendownload data keluar saat aku coba lagi keluar lagi,3,0,2025-03-14 16:47:38,5.4
00c3a4f4-2221-4d97-b91b-aba87e5f51b7,"I cant change email and its too lpng time tp get verify code, pls fix it!",2,0,2025-03-14 15:03:17,5.4
9678aa3f-c08c-42de-aff0-e22f08a79626,"Sekarang sudah bisa main game ini, sekarang hp 2 jutaan sudah mampu main genshin, dulu harus di atas 5 jutaan baru bisa",5,0,2025-03-14 14:40:23,5.4
683de46b-4bd1-4385-9150-1cf243ecfc84,Loading nya lama bet dah tolong cepetin malas nunggunya😒,2,0,2025-03-14 14:02:44,5.4
de3d71b1-5673-46cd-bfc9-c6ce8a1d487a,Mantap,5,0,2025-03-14 13:46:36,5.4
cafa1607-05bf-41dc-b62d-29465207d74f,"Gem nya sangat bagus tetapi soal gaca nya malahan lebih hoky akun Facebook daripada akun Gmail atau akun google karena apabila gaca di hakun Facebook bisa menang 3 kali dan kalah sekali jika akun google atau email malah menang satu dan kalah satu (seperti akun saya :( ), gak imbang kali kehokyan gaca nya tuu ketimbang akun , jadi saya mau ini sedikit di perbaiki sisa nya sangat memuaskan . saya sebagai player mohon maaf jika ada yg salah atau keterlaluan 🙏",4,0,2025-03-14 11:18:23,5.4
4576b546-b3e4-4f8d-b1b6-4d5cb592ce28,Kapan support gamepad versi android 😭😭 Males main karena pegang hp panas kalau support gamepad/keyboard ngebantu banget dah Ios sama Windows udah kapan android?😭😭,2,0,2025-03-14 11:15:34,5.4
eb0c676a-f870-4960-a40f-c343a465ba3c,woii furina gw mana udah pity 76 blom dapat b5,1,0,2025-03-14 11:07:15,5.4
a91c19d2-2b22-4b9e-8a2e-b4f2bd70ea1c,Game yang sangat menghibur dan bagus,5,0,2025-03-14 10:13:43,5.4
47149235-47ed-4ba0-91e6-a3a4d8a4fcb3,Good,5,0,2025-03-14 09:17:24,5.4
86d0d440-bbf5-4130-a2bf-14661769e8f5,"Game nya bagussss banget, karakter nya juga kuat kuat, walupun kadang seri Nge lag tapi baguss ko,intinya the best lah ❤️🤗",5,0,2025-03-14 09:12:58,5.4
c875229e-c4fc-4faa-8f27-0c81de485747,Boleh banget dah,5,0,2025-03-14 08:35:19,5.4
e4c8acf1-d742-4054-948e-ea067640404b,Seruuu,5,0,2025-03-14 08:33:47,5.4
5f1905ed-97b2-4e92-9dd4-fee1208c2ed9,Developer kikir,5,0,2025-03-14 07:48:58,5.4
1eec8897-43d4-4fee-9b38-db64e072b2b3,best of the best,5,0,2025-03-14 06:28:21,5.4
b1ecfede-700b-4d0b-aa92-76a15a26f157,"Tambah tombol skip napa, di game hoyo lainnya ditambahkan sedangkan di GI gk. Dikira semua player suka baca story, maksa amat",1,1,2025-03-14 06:24:15,5.4
bbcfaec2-65da-4371-a771-d111fef687d7,KURANGI KIKIR NYA,5,0,2025-03-14 06:13:49,5.4
26585db2-a45c-4c0c-924d-a9fb117e734d,"🗿 dih pas region natlan char cowo b5 limit baru dikit bgt,char ciwi aja trs",1,0,2025-03-14 04:45:11,5.4
a438eb64-ff07-45f9-8100-98a69bccdbf4,Bgs tp sayang MB nya gede banget kalo boleh saran MB nya di kurangin biar hp kentang bisa pada coba 26 atau 25gb aja,5,0,2025-03-14 04:31:13,5.4
b16d68dc-75e8-46d8-997a-667e19c2e3e9,"bagus,",4,1,2025-03-14 03:24:48,5.4
951e6b12-c082-41c9-b4f8-a9e4fff10300,Bagus cuman agak bingung... Its okey,5,0,2025-03-14 03:03:00,5.4
bcf6b0a0-f1ce-43ea-9877-44627ac511e5,Kasi Setingan Highest kayak dulu min biar enak buat kentang,5,0,2025-03-13 23:44:16,5.4
fa9a8476-3898-41a5-a24c-8fb59a0a975e,i like this gane,5,0,2025-03-13 23:02:07,5.4
acce2bd6-4036-4697-983a-1e6c9dbb750f,grafiknya bagus tapi kalo mau masuk ke dalam game lama banget,5,0,2025-03-13 22:58:15,5.4
43f8c2aa-603f-4419-82b6-e725ccd60186,Cuma 300mb kok 🗿,4,0,2025-03-13 22:24:28,5.4
43875984-9d91-4cf8-862a-6983f555e282,Raid boss nggk dayang bagus rank dan level susah ditingkatkan dapetin carakter pun susah apa lagi buat gacha susah minta ampun bosen dah maen,2,0,2025-03-13 20:02:11,5.4
b91660cb-89cc-4756-9b22-551671770c42,Aku suka game nya tapi tolong kurangi hal yang ga penting kaya ngomong nya terlalu banyak itu bikin aku jadi aga bosen mainin,5,0,2025-03-13 17:10:30,5.4
092ad134-e3b4-4d95-8149-571844480208,"Padahal akun saya kena hack pada tanggal 4 Januari 2025 dan saya bermain lebih lama dari yang hack tapi karena saya sudah tidak tau kapan akun ini dibuat dan via apa , akunnya jadi ndk bisa kembali kecewa aku.",5,0,2025-03-13 17:07:49,5.4
dd949b64-488e-49df-af05-e2024eb63265,Bang pls lah bang Jan kikir bang pull udh 50x pun ga dapet bg hasil nguli f2p minimal kasih 1 bintang 5 la bang ato bansos buat new player terus bikin ascend questnya gampangan dikit plz kayak setiap bunuh monster dapat tambahan waktu,1,0,2025-03-13 15:42:34,5.4
c61d7208-bbfc-4582-ad03-3f515ae00aab,Nice,5,0,2025-03-13 14:17:21,5.4
df3002a6-962a-4ab6-b838-04dbc8a0846f,Uduh nya terlalu lama,1,0,2025-03-13 13:48:49,5.4
696a38fd-9667-4eb1-a743-ab852f4c0043,Game nya bagus,5,0,2025-03-13 13:24:02,5.4
7e1ce400-084a-43a4-990c-e59437430744,So amazing,5,0,2025-03-13 11:54:49,5.4
c5087980-7629-453b-9bc5-93019f886a13,"akhirnya aku bisa main dengan lega, aku download genshi pertama kali rilis tapi karena saat itu HP lama sulit banget mau main. kalaupun main pasti selalu eror tapi aku suka banget jadi walau sulit aku tetap maksa main, tugas sekolah dari HP terpaksa aku hapus. padahal pas itu aku udah dapat raiden, zonglin, nahida. dan akhirnya setelah bertahun tahun masukin bisa juga beli HP baru 😁. dan walau aku masuk akun sebelumnya sepertinya pencapaian ku sebelumnya gak kesimpan. sayang bangettttt😅",5,0,2025-03-13 11:48:55,5.4
ad7980d1-c4f2-4b5d-8ce9-02a114e22579,mantap,5,0,2025-03-13 10:46:31,5.4
e1960275-d838-41cc-b358-f57c2f324148,game nya sih oke tapi kalo bisa Hero aether traveler di revamp menjadi lebih gagah dan armor nya tidak terlalu mencolok,5,0,2025-03-13 10:31:29,5.4
f03034f2-9e24-485f-94b6-256ab317ff10,Game nya bagus tpi kadang suka ngeleq dan loding nya lama banget,5,0,2025-03-13 10:26:40,5.4
d95ba983-9821-432d-aeda-475db2021996,i likee this gamee !!!,5,0,2025-03-13 09:21:36,5.4
4caefd22-7625-4424-9d28-f03801d33387,"Halo developer, gamenya sudah sangat bagus, untuk segi grafik dan lain lain, grafiknya udah bagus dan memuaskan mata, cuman untuk segi optimalisasi nya aja kurang, saya berharap semoga update kedepannya game ini semakin ringan dan tidak memberatkan kinerja perangkat kentang, terima kasih",5,6,2025-03-13 08:58:35,5.4
53aa1c30-9520-4277-ad12-a997833dc7e4,Seru,5,0,2025-03-13 02:09:46,5.4
55a3d8e8-5290-4dd8-9f3e-ef886cbc81de,game petualangan terbalik yang pernah saya main kan sih mantap lah pokok nya,5,0,2025-03-13 01:19:02,5.4
49ec2022-bc42-4ecc-b50b-42c6852ec352,"Mihoyo, bisa tambahin fitur skip dialog sampe selesai gak? Soalnya mau main cepet² sama kalo story ada tempat simpannya jadi bisa liat story kapan aja, itu aja Mihoyo kalo bisa bikinin ya trims.",5,0,2025-03-13 00:46:08,5.4
753745eb-6ee0-4932-a851-cf74633e32ea,Bagus,5,0,2025-03-13 00:38:05,5.4
b109a60f-a0cc-4020-9363-a39dc36ba079,Gemnya bagus,5,0,2025-03-12 23:48:25,5.4
a07f72b5-31a1-429c-9d17-bddc3484d555,Berikan paimon untuku,5,0,2025-03-12 22:47:05,5.4
5232bff3-2b2d-4a54-bd93-32b97ebc7cb7,Good,5,0,2025-03-12 22:40:15,5.4
9b06ca08-3857-47d9-9001-f162167a48e7,Min tolong rilis archon cryo,5,0,2025-03-12 22:39:12,5.4
b1e32448-a901-49d7-94a1-e5a5df9b932b,"Game open world terbaik yang pernah saya mainkan, btw Xilonen Phase 1 dong di Patch 5.5🥹",5,0,2025-03-12 21:18:36,5.4
341686d5-2811-4887-a15d-832db7ad2ca0,kelasss king!!,5,0,2025-03-12 21:08:38,5.4
9d71f696-d937-43f4-9a64-8b3e7b9d5375,Bagus sih bagus tapi kurangkan lah ke pelitan kau itu😔🙏,5,1,2025-03-12 21:02:34,5.4
aa716174-d088-43e2-9b80-96e973820330,Sebenarnya game nya bagus aku suka. Cuman masalah sistem rate off nya yang bikin sebel. Harus spin 200 kali baru 100% bisa dapet yang diinginkan.,5,0,2025-03-12 20:50:47,5.4
2f905bb8-f88e-4265-8c91-79ce72151999,"Saya butuh karakter berpakaiaan rapi, Berbusana dan Berbudaya",3,0,2025-03-12 19:33:44,5.4
7753b38b-ac81-4c25-9ccd-2ce51a6b0cfe,sehat sehat game kikir🥰,5,2,2025-03-12 18:26:15,5.4
db288c01-e138-4bd4-834e-2d815b1b8ad2,good game,5,0,2025-03-12 18:00:27,5.4
0d403f2f-74d6-4695-bf1b-73e84a95ba78,Padalah gw suka game nya tapi pas lag malah ngulang jauh bet co Ga jadi ngulang wkwk,4,0,2025-03-12 17:38:52,5.4
f0b07309-15d9-400d-9151-b2ad8a5d4fe9,Mantap walaupun patah patah helio g85🗿😹,5,0,2025-03-12 16:50:53,5.4
19c3ba76-212e-4ea7-a0e4-5b44cf96f687,Game yang sangat ramah di hp kentang,5,1,2025-03-12 16:46:31,5.4
03cc893b-e943-4d7a-b010-c2ee0c6d1544,Buset bagus banget cuyy Kecanduan sama Genshin jadi nyeeee,5,1,2025-03-12 16:45:29,5.4
bd4b49c1-d909-4d77-b442-421a2b0a38fb,Banyakin lagi karakter pria nya,1,0,2025-03-12 16:35:52,5.4
a3ec21d0-2665-4178-b813-a7dded26c8fd,Game nya bagus,5,0,2025-03-12 14:43:45,5.4
9196ea1e-322e-4b8a-aadf-6c84489bbd71,😎,5,0,2025-03-12 14:41:11,5.4
558ff74e-c38b-433a-b75c-2e82b95ceec0,Nice,5,0,2025-03-12 13:57:41,5.4
37455051-ae0c-4779-bf62-f01a4b0fd688,Game nya bagus story nya juga sangat bagus cm,5,0,2025-03-12 13:38:05,5.4
5e4e8f0f-6f8f-4166-9054-24b784f151a3,Gambling impact Will cost your -social life - time - energy - sanity - in debt,5,1,2025-03-12 13:12:32,5.4
708d31b9-7158-47ae-b59d-fd0eed4f6c35,"Nah,PGR",4,0,2025-03-12 13:10:21,5.4
1be45a2e-2eb5-4266-b313-8e68bd1eb56b,"Semua sudah bagus, tapi tolong tambahkan kontrol gamepad pada android",5,0,2025-03-12 13:04:38,5.4
a9a747fa-1391-4ec3-9143-a475534ae4bf,Game 4no,5,0,2025-03-12 13:02:34,5.4
fec8ab5e-21d1-4603-ad20-900bdb56e3ef,Bagus banget udah gak kikir lagii😘😘😘😘😘,5,1,2025-03-12 12:21:34,5.4
18f29d94-05be-41d8-9481-224a0390dee7,Speed text pliss,5,0,2025-03-12 12:10:03,5.4
017659e3-ad69-4e5c-b387-927094cbdeeb,Seruu,5,0,2025-03-12 12:08:36,5.4
1387b78e-8884-4123-8c11-4713cff8164a,hoyo tolong kasih feedback yg bagus buat player nya dan lebih flexible untuk event nya dan tambah kan reward ny lebih banyak kyk zzz atau hsr,5,0,2025-03-12 11:19:20,5.4
a6e4e2ed-e90e-485a-a21b-72e3831631b7,"Game nya bagus, sampe HP gua jadi kek kompor 😂",5,0,2025-03-12 10:47:58,5.4
9bbaeeef-317d-4a3b-81b2-b615b8f5659a,mantap sekali,5,0,2025-03-12 09:28:25,5.4
17efefb8-e0f6-406b-947f-5a833bf88b36,Kalau hoyoverse engga ngasih furina ke aku pas aku gacha next nya aku hapus genshin,1,0,2025-03-12 08:13:51,5.4
73d83f1c-bb3f-4cbf-8812-29c6af7962a5,Semoga di kasih 2000 primogem,4,0,2025-03-12 07:53:11,5.4
ba1c76cc-8c05-44c4-8c35-84a27b95b579,"upgrade character yang terlalu susah and ribet mahal jugaa, kalo bisa upgrade character dipermudah dong...selebihnya oke bnget nihh game cuma minus itu aja",1,3,2025-03-12 06:37:42,5.4
c426b4a1-dee4-48b3-8af4-47159622fec1,"Bagus grafik nya, map nya luas",5,0,2025-03-12 06:14:12,5.4
5eaf502f-d3ae-4318-bdd7-275279ab1e58,Kikir,1,0,2025-03-12 05:12:03,5.4
3d3905c8-22a4-4b7e-82a2-4b094adf9c8f,game tolol,1,1,2025-03-12 02:27:37,5.4
9ab91fec-f1ed-46d8-8240-405b752e8ec1,Still game terbaik,5,0,2025-03-12 00:46:56,5.4
0ad715e6-0fe8-49a0-b68a-e570f480ca5d,Keren sih gak nge bosenin... Quest nya banyak plus story nya keren²,5,0,2025-03-11 23:02:25,5.4
609c2db1-48e1-4d66-8d9a-d468f6319e04,Game nya sangat bagus,5,0,2025-03-11 22:26:34,5.4
ba726fa7-d23e-4ef8-af51-44b7a9613a41,Seru banget permainan ini,5,0,2025-03-11 20:05:53,5.4
2e16d024-f425-4e95-b1cb-f33e07a0d35a,Bagus banget gerafik hd gak ada bug,5,0,2025-03-11 19:53:48,5.4
ad12f7f6-ae22-46c0-b008-8e02bc25659c,genshin impact please kembangin game nya biar bisa di sambung gamepad di android pelase 🙏,5,0,2025-03-11 19:44:28,5.4
8b3f2f0b-2c4c-450e-ae10-41fb9d52f434,Game nya lumayan,4,0,2025-03-11 18:54:26,5.4
02d246f2-1def-4259-bd38-8d5a92882825,Gem nya bagus(serius) cmn krna ga dpt furina bintang 1 im sorry🙏,1,0,2025-03-11 18:50:44,5.4
dfc9fa15-54be-48ae-a1cf-78a361fb5693,Waifu nya cantik poll,5,0,2025-03-11 18:29:11,5.4
ec9c49a9-3fc7-441c-961a-4eaa1ee607a4,Download karena Tepe46,5,0,2025-03-11 18:10:32,5.4
980d489d-00c1-426e-a212-590999e9e547,"Tolong untuk welkin, primo tetap masuk walau tidak login, kasihan bagi orang yang berhalang login bahkan hingga berhari-hari dan ujungnya rugi. Tolong perbaiki, tidak semua orang bisa selalu beli welkin dan sekalinya beli malah nihil (tidak login, tidak ada primogems). Sedih aku.",4,0,2025-03-11 17:54:19,5.4
9a6c4dc3-9db6-4b4d-aee2-fbfbd161a81d,game aneh ga ngotak gb nya,5,0,2025-03-11 16:54:24,5.4
cb22ab67-add8-481d-801f-733846bbb51c,"Sering menghubungkan server padahal maen zzz ataupun Hsr aman aman saja, mohon diperbaiki....",4,0,2025-03-11 16:35:58,5.4
033282b1-2faa-4421-bbc4-a9ade69e222a,Apalah ganti akun dikit kena tmr,2,0,2025-03-11 16:03:53,5.4
12658fe9-5e3d-4b07-9400-61b09a684afb,Game lebih susah dari pada hok 🥶🥶🥶🥶,5,0,2025-03-11 15:51:25,5.4
490a209a-fd79-411b-9be1-37bd57268585,Minta tolong akun saya hilang min,4,0,2025-03-11 15:38:59,5.4
2153369f-812a-4e3f-9d2a-0af913f2f85a,Game kirir,1,0,2025-03-11 15:14:31,5.4
83b08639-6032-4dbd-bf38-48ccf29fbcf3,game yang menyenangkan,5,0,2025-03-11 14:32:22,5.4
7ae033bb-271a-42a4-acbd-0afaaf5abaa5,grafiknya bagus,5,0,2025-03-11 13:21:48,5.4
59221219-bb0f-4d5d-a5ef-a1435be9ca91,kalah rate off mulu konto,1,0,2025-03-11 13:12:32,5.4
e8261f91-b367-42d7-ac43-65765453a042,Gamenya bagus grafik oke tapi gachanya ampas gaada bansos kikir juga pls ksh b5,5,1,2025-03-11 13:06:01,5.4
8a05dafe-5e62-4c4d-8ca5-aec1131ea10a,game ini,1,0,2025-03-11 12:47:17,5.4
b01ded82-090f-4fed-9889-7b6eabbf250b,💯,5,0,2025-03-11 12:19:49,5.4
cb626504-955f-4772-ac29-3c210e2b143d,🤩🤩,5,0,2025-03-11 11:43:00,5.4
425a4920-5340-4bee-a103-0e482d5981ec,Mantap,5,0,2025-03-11 11:05:50,5.4
c75fb78a-5841-43de-bfa4-8270681f096b,Keren,5,0,2025-03-11 09:47:49,5.4
15731ca4-607f-4d64-9ac3-f8c81970f0c5,Hoyoverse tolong buat fitur PVP tolol,5,4,2025-03-11 09:33:06,5.4
a6779203-82d6-4411-ab4b-d4c549c976a7,"serunyaa game storyy,saya hanya berharap gamenya makin berkembang,semangat bang dev🔥",5,0,2025-03-11 09:02:06,5.4
e973df9c-1602-44f3-884a-fd4d24b75628,recently playing another game makes me realise how little hoyo really gives for genshin's players. it's not just those petty pulls but the overall gameplay experience. this company gets MILLIONS each month from players yet everything feels like junk now.,1,0,2025-03-11 07:31:03,5.4
b7a4e90c-6b38-412c-a0d8-7f5a8dd75b16,it's going downhill?,2,0,2025-03-11 06:50:03,5.4
483ea09a-6c51-4146-a9e4-99302c527795,"Plis laaahhhhhhhhhhh ini kenapa selalu ada kata ""too many request"" saat unbind akun hoyoverse selalu aja gitu. Tolong fix lah",1,0,2025-03-11 04:18:45,5.4
1a6622bb-5a92-4512-a82a-4233da14607c,"I was just disappointed because my account was hacked, but when I asked Mihoyo for help, Mihoyo couldn't help me restore the account, even though they had sent all the evidence along with the account ownership invoice, the top up payment price did not match the service.",1,0,2025-03-11 03:50:27,5.4
738156a4-e96d-42f6-a7f2-3d563b65e985,Mantap,5,0,2025-03-11 02:32:27,5.4
565b72d9-fcc7-4e23-ba57-35457622dfa5,Data yh terlalu lama,1,0,2025-03-11 00:38:19,5.4
20d65dd8-018b-438c-b175-95fdfa03a2a8,"Kweereennn dan realistis ringan juga, jangan lupa donlot😱😱",5,0,2025-03-10 23:23:42,5.4
2b9d4f98-be10-4a21-9074-07a1c041c4df,"Gatau harus gomong apa njirr🗿, yaa pokoknya game ini bagus dan keren sihh..😃👍🏻",5,0,2025-03-10 23:15:37,5.4
13760956-c65f-444f-b604-37ef15868273,"Saya mempunyai saran, tolong rubah penampilan NPC di genshin impact karena semua NPC di genshin impact mempunyai muka yang sama, hal ini membuat para pemain terutama saya merasa bosan, jika NPC di genshin impact dibuat lebih bagus, mungkin genshin impact kembali menjadi game dengan reputasi yang baik",5,0,2025-03-10 22:22:16,5.4
33084843-ed4f-477d-8442-eaecfd2a69ec,"baru main jadi lumayn puas.. mudah"" tidak terlalu nyari duit ini game nya...",5,1,2025-03-10 21:57:59,5.4
74aa72c8-1b2c-49eb-a494-d93bc2a4f0a0,Sangat keren tapi aku kehabisan promogem untuk gacha furina 😔,5,0,2025-03-10 21:00:27,5.4
b2803d74-09c4-4834-ba14-7a20fb090950,👍👍👍,5,0,2025-03-10 19:20:52,5.4
5b3bdfdb-8903-4521-86a3-43bc4619ee3f,"very good, very well",5,0,2025-03-10 18:26:06,5.4
248e1091-567c-4d9c-8560-f10abe3a09bc,Tolong hadirkan fitur skip percakapan lama2 bosen terlalu lama percakapanya,3,0,2025-03-10 17:52:40,5.4
3645b199-b05f-46ee-ae7e-d28f0552b4f8,Smoga dpt wrio,5,0,2025-03-10 17:12:04,5.4
5f44e988-4ec3-4196-a6f6-10847d9bbf06,"Great adventure game, good job",5,0,2025-03-10 16:57:10,5.4
cb2dbd38-f2d9-4855-98ce-c94fb2858287,"sangat suka game ini saya dikasi char yang sama mau dan game ini sangat enak dimainkan bersama kawan"" saya sering main karna gamenya santai (aku mau furina plis)",5,0,2025-03-10 15:49:08,5.4
8f3a368b-1f53-415e-84a2-b5742d5980e3,I'm gacha 90 times why can't I get a 5 star character,1,0,2025-03-10 15:10:42,5.4
40961e4c-d254-4476-8be3-baf66ed29200,"Bang tolong pendonwoltan data gensinnya di percepat masak 1 setengah hari baru sampe tengah mana kalok di matiin HP nya gak lanjut ndownlod data lagi ram juga masih sisa 4 g an wifi juga sengaja ku sandi ulang buwat donwload data gensin masak masih setengah pakek data sama aja 1 menit baru kedonwlod 500mb cba mana harus donwload 314,528 lagi gpp kalok cpt la ini lama nya pakek banget cba di benerin ya developer.",3,0,2025-03-10 14:46:52,5.4
723db13e-ee2d-4b47-8613-f0f7e704bf1d,Nice,5,0,2025-03-10 13:57:20,5.4
f30a1eec-49ab-4dfe-8aa7-027805e54b38,game nya bagus tapi sayang nya alur dari game nya itu kayak ngebosenin banget apa lagi karakter nya itu lebih dominan cewek dan gua yang sebagai player cewek sedikit sedih karena karakter cowok nya sedikit banget dan tolong developer kasih karakter cowok untuk para player cewek nya dong dan masa player cowok doang yg diperhatikan sih kalo game ini khusus cowok saja yang bilang game nya khusus cowok aja dan cewek gak usah main. apalagi primo nya sedikit banget gak kayak di sebelah,2,0,2025-03-10 13:53:25,5.4
eddda734-3ad1-4f86-a29f-bf9da220032a,permainan sangat bagus tapi lebih bagus chat nya gratis buat aku dede Rani gemoy🫶🏻 kita harus kenalan ya mimin muahhh,5,0,2025-03-10 13:23:25,5.4
3487ff13-7bd3-44dd-85be-f4ea14a53ec1,Furina free,5,0,2025-03-10 13:10:00,5.4
de9654c9-d997-42a1-8cae-e414c9285b93,Grafiknya bagus karakternya cakep cakep dan bahasa yang lumayan mengikuti zaman,5,0,2025-03-10 12:47:17,5.4
61249b73-f3b5-48ad-924e-3fdd2996841f,Game terbaik grafict nya mantap,5,0,2025-03-10 12:47:15,5.4
6581553f-da79-4a03-83b5-3f85dae0b1f5,"Sedih deh gak bisa main yg ori walau sama yg ori dan yg cloud hnya cloud terbatas waktunya, entah kenapa banyak yang bisa download walau android 10.. pengenn download cuman gak bisa ihiks gak bisanya gtw dari hp atau dri sistemny yah. Tapi gpp gamenya bagus, seru, grafiknya keren, kalau ngeleg nya mayan yah. Yah hanya segini dulu terima kasih, moga bisa di ubah dikit kalau yang cr download yg ori 🥲, pengen banget soalnya ehe. 😊🙏",3,0,2025-03-10 12:34:54,5.4
6350420d-35e7-4712-9075-b35807350eaa,"Gacha artifactnya tolong ditingkatkan lagi peluang dapetin cr cdmg, cape nguli terus di domain emblem busuk mulu",2,94,2025-03-10 11:29:19,5.4
52c1ba24-945c-47d9-a855-30def496f66e,"dear developer, Please for the snap dragon 800 chipset, adjust the graphics resolution to the type of cellphone, many people like this game but sometimes it also makes it difficult to play because the SD support does not support it.",2,0,2025-03-10 11:21:32,5.4
9acdd7a4-84f1-415d-aa3c-4d9a727b4e60,"1. sistem gacha ampas, mau itu gacha chr ataupun artefak 😠. TIDAK RAMAH F2P 2. design chr makin memburuk, apaan design natlan, berharap design region selanjutnya ga ampas juga y 3. fanservice. masa monsternya dihantam pantat varesa, kan galucu. dan lagi tiba"" aja varesa b5, pdhl ga penting dan ga di mention di archon quest, mending iansan noh 4. mana chr laki"" hoyoo. masa cuma kinich doang b5. TOLONG DENGERIN HOYO🤓💔",2,1,2025-03-10 10:30:52,5.4
e24a8e54-366a-4674-a153-d9fb1673092a,Tolong kasi aku hoki pas gacha,4,0,2025-03-10 10:28:57,5.4
481ebcb5-8ea4-4754-abc3-440632b9efe2,"give me primogems, please 🥺",5,0,2025-03-10 09:35:44,5.4
cf9bc4f5-1838-4004-87ac-36a0801a9bf2,Bagus banget tapi loading 31 gb lama wakkk tapi seru,5,0,2025-03-10 09:27:52,5.4
e928323b-b076-4a14-8b15-a399ab4149ba,"gila ya gua uda ngumpulin primogem biar bisa gacha 90 kali tidak dapat apa2, dapat karakter bintang lima cuman satu itu pun yg uda didapat qiqi game gilak",1,0,2025-03-10 09:24:21,5.4
a98e86e7-418e-4c6d-ae73-3a3534e4d36f,Game yang sangat bagus untuk dimainkan,5,0,2025-03-10 09:19:58,5.4
8faaf277-e379-4b70-ae68-d24627693bb6,👍🏻👍🏻👍🏻👍🏻👍🏻👍🏻👍🏻👍🏻👍🏻,5,0,2025-03-10 09:19:31,5.4
33c99827-b423-481e-b582-e5bd737c982e,Jiggle Physics kapan,1,0,2025-03-10 08:40:26,5.4
b582aca8-144f-40f5-9f11-a3458ea5cd42,Keren sekali,5,0,2025-03-10 08:06:52,5.4
d0e81d23-1fbd-4844-836f-15dd1ee38eda,nothing improve,1,0,2025-03-10 08:04:48,5.4
5f9d49b8-7aea-4bdb-aa08-d31cc4f22a2e,gamenya baik gak kikir :) menang rate off Mulu makasih game baik,5,0,2025-03-10 08:02:50,5.4
08f1de1f-7f20-4c79-9700-ef75620c263d,"Game kikir, cmn ada Waifu, tidak ramah f2p apalagi buat event event sekarang... dan aku minta perbaiki design char yang lama",1,0,2025-03-10 07:07:34,5.4
44dde9f0-6b35-480d-906c-d33870e26090,Cuman gatca aja yang kurang,4,0,2025-03-10 06:30:13,5.4
ba9a6666-f079-4e5e-9d30-b48ae1d5f6b7,Gamenya sangat bagus apalagi shadernya,5,0,2025-03-10 05:15:44,5.4
20c086ac-307c-478b-9294-f47544f0f1c0,Kikir impek,1,0,2025-03-10 04:06:26,5.4
de68e997-da4d-4e65-9308-427e09daebcc,game bagus banget,5,0,2025-03-10 03:29:19,5.4
6b2885ea-72d8-4ba1-b392-90b782448884,"Tetap seru dan penuh petualangan, hanya saja mengumpulkan primogem terlalu susah untuk free player",5,0,2025-03-10 01:13:53,5.4
67df6cc2-3310-4b0b-947b-dcc5f07301d2,Please Aloy Rerrun,5,0,2025-03-10 00:48:17,5.4
7839fe94-477b-4309-9406-c4cfb8847453,Butuh hadiah pemula,5,0,2025-03-10 00:33:35,5.4
f75904cf-965d-4f32-a646-4428aa838e7c,Akan saya tambah bintang bila menang rate off,1,0,2025-03-09 22:49:41,5.4
25944a0a-9454-49b5-990d-105b9b88d72f,"Dapat mengisi waktu luang ku, gamenya seru banget",5,0,2025-03-09 22:38:25,5.4
75e8b2bc-5001-4380-b064-8342e52c4013,lama bgt mengunduh nya sumpah g beres beres!! tolong di percepat pengunduh han nya padahal saya pakai wifi!!!,1,0,2025-03-09 21:44:19,5.4
2ef22e9a-2466-4a1e-b12b-20e01013f793,Kurangi dowload data nya karna banyak yg ingin main tetapi tidak bisa mendownload data yg sangat banyak,3,0,2025-03-09 21:21:24,5.4
d57c3a27-9b18-4d16-8249-fce73ba688a5,Semoga sukses terus mihoyo,5,0,2025-03-09 21:18:59,5.4
eea8817b-f5e0-45de-a600-e0ce228816ee,KAPAN SUPPORT GAMEPAD NYA WOI HOYO,5,0,2025-03-09 21:06:26,5.4
968577cc-6684-455d-9e26-964bf1d5bd81,tolong tolong kecilkan size download data nya kecilin,2,0,2025-03-09 20:31:21,5.4
6a5076cd-6bf6-41bc-9007-a6cfe3f4c2a0,"terimakasih banyak hoyo di saat ar ku masi 34, aku mendapatkan furina saat 10 pull pertama. iloyo so mac",5,0,2025-03-09 20:24:41,5.4
4f76510e-286e-4712-951d-5a89b01b23eb,Sangat suka,5,0,2025-03-09 18:56:10,5.4
44aaf3af-073e-4e40-a0fd-3268432b6a44,Tambahkan fitur skip= b5,4,0,2025-03-09 18:28:42,5.4
7a1d6842-9bb1-49ac-b736-3f2a7acf2777,"dari segi grafik, visual, semuanya sudah sangat bagus tapi ada 1 kekurangan tolong lebih di ringankan kasihan yang player main di ram 4/128 6/128 tolong lebih di ringan kan semuanya sudah bagus hanya ini kekurangannya saja",5,14,2025-03-09 17:38:28,5.4
27de2966-1317-4054-a1eb-dc45becf83b2,Terlalu mahal untuk item itemnya,4,0,2025-03-09 17:22:44,5.4
6dbb22a3-dafb-452c-8eb3-39036fee51f2,"kepada dev Dawei tercinta (kata player lain) tolong sediakan fitur skip dalam quest dunia ataupun quest story yg bukan bersifat undangan, dan keuntungannya bisa membuat para player merasa lebih baik lagi dalam bermain game RPG ini terlebih khususnya yg bermain di device android -_- ~salamolahraga🗿",5,1,2025-03-09 17:15:38,5.4
d54afb06-b52e-48cb-b7ab-72a0617d1f38,"game bagus pokoknya, tpi msih game kikir rewardddddd, inpokan primo 1600😋😋",5,0,2025-03-09 17:14:27,5.4
f3a6ebb2-4396-4b9e-b6b1-1c62bcdb0151,Bagus...dari segi grafik nya bagus ceritanya juga bagus tapi ga ada skip nya😅 sama aku sebagai cewek yang main kekurangan karakter cowok nya. Dan yang paling ku suka itu menjelajah nya. Jadi lumayan lah... Recomend 👍,4,0,2025-03-09 17:07:29,5.4
d9d1ba37-6e4e-43b0-8879-20199d67edc8,nice game 300MB setelah masuk game 30GB nice,1,0,2025-03-09 15:44:53,5.4
45529136-e3c0-45f6-a453-f2b1ff321740,"Untuk hoyo tolong lah, kalo aku mau ganti email ke email lain itu lama banget notice dari gmail nya. Kadang telat 4 menit. Dan kalau berhasil ganti email ada ""terlalu banyak permintaan"" Plis lah perbaiki di bagian pusat akun",1,3,2025-03-09 15:33:37,5.4
7a3c8827-ce7e-430d-b229-bd94784ca249,"login nya lama padahal gak ada update dari game, padahal sudah pakai wifi",1,16,2025-03-09 15:16:10,5.4
6d4ff216-095f-4f1d-82c6-de0e90215d9c,thanks for the furina!,5,0,2025-03-09 14:59:34,5.4
108aef42-84a7-40ed-aba9-461e3061fcbd,Grafik nya bagus sekali ccocok untuk hp kelas menengah ke atas👍🏻👍🏻,5,0,2025-03-09 14:43:34,5.4
e802de56-7885-4f99-a4d0-55258dc459a4,Lama bgt loading nya sampai 5 jam,1,0,2025-03-09 13:59:04,5.4
a6d94d9b-d2f2-4793-83e4-a157393b13af,"Event,expedisi latihan pemberani terlalu sulit,hadiah utam harus selesain 100poin,kebanyakan player AR rendah hanya sampai 80poin. Bintang 1",1,0,2025-03-09 13:56:31,5.4
6ae61275-41d4-426f-84bf-fc4faf553bcf,Bagus,5,0,2025-03-09 13:48:03,5.4
edc3d9ea-4205-4d58-add4-8d8325479e48,pake ai buat survey 😂🙏,1,0,2025-03-09 13:35:16,5.4
d88b5d28-fbdd-43e9-a073-eb4d012f44fe,Seru sih,5,0,2025-03-09 13:00:38,5.4
75fde425-3582-4345-a135-5820d0da4d3c,keren jir minusnya jarang hoki,5,0,2025-03-09 12:56:11,5.4
dcb0ec41-7f02-411f-8a44-7caec04bd430,Gem baikk,5,0,2025-03-09 12:53:40,5.4
a4d19189-b4b0-4953-854c-94bb5169b38b,"Saya ralat untuk genshin impact saya benar"" Memohon untuk rate drop artefak yang bagus nya dirombak lgi saya sebagai player dri mulai region inazuma sampe skrng sampah mulu dapetnya udh ad fitur selector juga ttp ampas dptnya astaga sesusah itukah, bolak"" Game ini saya kira bakal ada perubahan soal artefak, daripada char terus yang diperbanyak tolong drop rate tolong char saya ga ada yang bener dmg nya kyk digigit semut rasanya astaga genshin 😮‍💨(lagi 1 , banyak yepping🤢)",1,7,2025-03-09 12:36:59,5.4
2c55a07d-0ee4-470e-a609-57c50368520c,"Bagus, tetapi kenapa kapasitas memori yang di pakai besar dan misinya lebih di perbanyak agar bisa naik rank lebih cepat sama primogemnya agak lebih di banyakin ya🙏",4,0,2025-03-09 12:04:56,5.4
c2ce8107-a34e-4e68-865d-bb9af421011b,hebat,5,0,2025-03-09 11:42:50,5.4
95c9067c-152c-447b-b57d-ac92cb39c462,Mantap tapi harus banyak kasih bansos ya,5,0,2025-03-09 11:31:21,5.4
51be4261-1525-4f7e-964c-ed0069c8240b,"suka sii, tapi aku gak suka sama sistem gachanya.. parah banget, udah susah² nguli malah dapet qiqi, kecewaa 😭, juga dialognya itu lama banget... bisa ga sih di tambah fitur skip dialog??",1,0,2025-03-09 11:10:20,5.4
c8ffe4ab-b716-4fd3-8ae2-f139fe342959,Kenapa mengunduh datanya lama😠😠,1,0,2025-03-09 09:43:31,5.4
14896a62-130f-4960-8273-bc9353d35eed,Seru banget,5,0,2025-03-09 09:35:16,5.4
95ae99be-98c7-4c5f-a770-a8e38a68bdd4,Kalau bisa ada skip buat quest,3,0,2025-03-09 09:14:07,5.4
fe2560b5-bf2e-4b17-9f22-8e4085bdaa0e,Game nya asik saya sangat menikmati game dan alur cerita game the best GENSHIN impact,5,0,2025-03-09 07:17:29,5.4
94aea208-6e2e-4946-b0d1-ebbe253547fb,Gem play seru MENARIK DAN KEREN Tapi GEM INI SUSAH DI MAINKAN DI PHONE Harus beli pc ADA HP YANG KUAT SAMA YANG GA KUAT GEMPLAY MENARIK TAPI YA GITU LODING NYA LAMA BGTTT,4,0,2025-03-09 06:10:56,5.4
075a5565-4351-44a6-8ae2-1a84e785aef4,Mantap,5,0,2025-03-09 06:02:12,5.4
015c4f7f-edda-4191-9c2b-d431d87fbfda,"Drop rate kecil, pity tinggi, event pay 2 win, dawei dawei",1,0,2025-03-09 05:33:57,5.4
5c36ae2f-3583-4f87-a80e-d9bee878b664,Menyesal kalian download game ini,1,0,2025-03-09 05:10:23,5.4
f5de2d21-e0f4-4314-9b9d-5f61fe7a7c60,Game bagus,5,0,2025-03-09 04:48:04,5.4
a79f10ac-dfba-427b-b16e-5e21662735e7,😹,5,0,2025-03-09 04:26:37,5.4
67f08823-2361-42b0-b57e-6bb09a0b87ab,Keren banget,5,0,2025-03-09 03:21:06,5.4
43382beb-4840-4c40-bff5-2f680e686e84,Keren,5,0,2025-03-09 02:28:56,5.4
e4d45e23-e150-4a29-900a-167ead66c1da,kikir impact,5,0,2025-03-08 23:43:51,5.4
b65166b8-7d20-4ccf-90e0-d1b63877179d,Jangan pelit pelit ngasih promag nya developer. Ya trimakasih kukasih bintang lima nie semoga panjang umur aminn,5,0,2025-03-08 23:37:40,5.4
3173988d-1824-4566-b539-5c4cf08eb750,waw sangat bagus waw sangat tidak membuat stress sangat menyenangkan kalau bisa ayo kasih saya furina saya pity 80 blom dapat ni haha makasi gamenya bagus,5,0,2025-03-08 23:26:10,5.4
c82d08e0-17f8-4ae2-8836-cc17bb4c73be,reconnect terus padahal jaringan bagus,1,0,2025-03-08 22:25:17,5.4
875a9a56-fde7-43c1-9e72-f550e2360f3f,Bagus bangett,5,0,2025-03-08 21:40:19,5.4
1f1208a4-f2dc-4bbe-bd0a-1fbfeb450001,Gaca suka kurang hoki,5,0,2025-03-08 21:09:33,5.4
eee9fc9a-4067-4f9b-8ba9-8d7ac0df90ca,I love it!!,5,0,2025-03-08 20:25:34,5.4
5a33993a-a985-4731-a8fd-f1fd5011657f,Hoki!,5,1,2025-03-08 19:35:50,5.4
48795c13-0237-4a7a-b2e4-1a821acc467e,"Sudah 10 bulan main game ini ada banyak fitur yang PERLU ADA seperti: 1. Setting layout button (kadang salah click burst sewaktu geser kamera) 2. Setting camera sensitivity dari 1-10 menjadi 1-20 (sewaktu geser kamera terasa lambat) 3. Artifact loadout 4. Ubah resin replenishment dari awalnya 26h40m menjadi 24h (hari ini main jam 19.00, besok full lagi jam 21.40, besoknya lagi jam 00.20. Yakali gak tidur nunggu sampai penuh lagi) 5. Deconvert condensed resin menjadi original resin 6. Etc, etc...",2,0,2025-03-08 19:28:33,5.4
8277cf50-8775-4731-b441-43fd0557bee1,Ok .,4,0,2025-03-08 19:28:02,5.4
7b24647d-51b4-4d9f-af8c-c126463259c9,game macam apa ini mau daftar aja di persulit harus pilih gambar dulu dan setiap gambar yg di pilih ga ada yg bener salah terus. bikin males mau main,1,1,2025-03-08 19:16:48,5.4
59804b26-26ec-4c23-98b2-1f1e9349fd39,Seru,5,0,2025-03-08 19:04:12,5.4
3a94a7d3-92bf-44b3-aee5-db0d50c5a719,"BAGUSSSS BGT, berat aja si game nya tpi BAGUS",5,0,2025-03-08 18:22:52,5.4
db1dfa42-d6df-41f9-84db-2e4cd05a19e7,"Game gacha,... Tapi system gacha.nya broken, toxic, dan kurang jelas",1,3,2025-03-08 18:20:45,5.4
147ccd85-cc64-4d77-8da9-db77da91667f,Padahal blm pernah d hapus akun udah lama GK main pas download lagi hilang akun jadi males ngulangin dari awal,1,0,2025-03-08 18:17:09,5.4
7d86ccbf-beb1-4d44-9333-eb98305668de,Bagus . Grafik memanjakan mata,5,0,2025-03-08 18:06:36,5.4
87178b8a-a5b6-4a92-b001-102cac3f19b9,suka banget sama ni game kaya anime gitu genre game nya juga menarik ada story dalam adventure ini & main sama temen itu yang bikin seruu nya lagi (⁠≧⁠▽⁠≦⁠),5,1,2025-03-08 17:58:05,5.4
208698e3-b7ba-4aff-9076-2299e53f9b5b,Game nya bagus banget,5,0,2025-03-08 17:37:16,5.4
ab7d13ec-24c2-487a-aac4-f64f3e2d10e5,best game,5,0,2025-03-08 17:33:28,5.4
a0233825-dd56-489b-96ef-9f448005a380,game Bakhil.,1,0,2025-03-08 17:24:27,5.4
966be7a0-ac1a-4143-acdb-95e5372a6d43,"Game nya bagus, grafik oke, dari segi quest story, archon, dunia, eksplorasi, event, dll oke bangett cuma yang gasuka cuma satu adanya fitur rate off sedih deh kalo kalah bikin sakit hati banget🥲",5,1,2025-03-08 17:21:04,5.4
3df66389-6913-4764-a71d-55493f03d7c9,😱😱😱😱,5,0,2025-03-08 17:01:10,5.4
f4f1a89a-2800-49c3-b6a5-8f6756cffc87,Banyak bug,3,0,2025-03-08 16:50:11,5.4
bbe67e92-ac84-46a5-9047-c91b61f52ec2,"tiba tiba keluar game pas lagi login, padahal internet bagus sama memori masih memadai",4,0,2025-03-08 15:53:43,5.4
86b314f8-4fc0-4469-84d9-56d6d142eccf,biasa aja,4,0,2025-03-08 15:41:31,5.4
92cfc4dc-f55e-484c-979e-c6a1afa4f76a,bagus game nya tapi dibagian mengompilasi shader kok agak lama ya tolong diperbaiki!,5,0,2025-03-08 15:28:40,5.4
36a1b902-3ff0-4506-8fcd-7f9751e3e87a,Mantap hoyo walaupun gak hoki mulu🤗,5,0,2025-03-08 14:40:05,5.4
f423c5b5-530a-407c-a6cc-c8b5d7af2d66,"Game Kikir, Kasih aku primo 100000000 baru game baik😡😡😡",2,0,2025-03-08 14:36:32,5.4
0ff7f78d-bc55-4592-94f1-e1a72c861d9e,Nice,5,0,2025-03-08 14:30:46,5.4
3e9b3367-3440-49a5-ae3f-ba10542bda77,OI TOLONG PERBAIKI BARU AJAH DONWLOAD LODING KE STAR GAME LAMA BANGET MENGUNDUH DATANYA GAME BAGUS TAPI KAYA GITU MOHON DI PERBAIKI,1,0,2025-03-08 13:58:44,5.4
875d3434-e1d8-4662-b49a-635333af6159,"Banyak fitur yang belum ada, belum lagi ada batasan saat coop dan lainnya, seperti mengerjakan quest event dll",1,0,2025-03-08 13:36:01,5.4
4d49b830-f2e9-4763-a66b-63bb90ddd8fb,natlan kurang epic sih,5,0,2025-03-08 13:21:12,5.4
fc33a63d-e4e6-485d-8695-6d50aae4b35e,masih oke aja sih,5,0,2025-03-08 12:59:58,5.4
de2b10a7-a9ed-43a1-9fb9-d5c0e04968b0,Mantap,5,0,2025-03-08 12:57:29,5.4
7aa2a2fc-197d-48ce-b030-8a26e7ef5aeb,Game nya seru banget,5,0,2025-03-08 12:44:43,5.4
1bb66dd4-82f1-463a-adf2-ecdc53ea302a,bagus,5,0,2025-03-08 12:34:23,5.4
a892d629-379e-467a-b3a6-b12e5ebf5172,Sulit dapetin karakter b5 🤣🤣😂,5,0,2025-03-08 10:51:50,5.4
34039a52-c913-4300-95ab-9d3737570394,bagus banget👍,5,0,2025-03-08 08:40:31,5.4
1a84d386-f937-460e-98eb-d2d7f69cad99,ya lumayan,5,0,2025-03-08 08:30:39,5.4
1281bee7-3f3a-4cdc-b261-72ae42e23db7,kualitas downgrade😭😭😭,1,0,2025-03-08 06:04:03,5.4
18cb6a2c-4a92-424a-84b4-390690301dea,"Sebagai player baru, kalah dalam gacha beberapa kali membuat saya mengakhiri permainan ini. Terlalu mahal hanya untuk mendapatkan karakter bintang 5. Membutuhkan 80-90 gacha dan itu belum tentu mendapatkan karakter yang diinginkan. Aku kira game ini tidak ramah untuk pemain yang hanya membeli welkin",1,23,2025-03-08 04:21:59,5.4
fac733f2-ff11-465b-9237-46faa46859eb,Game kebanyakan yapping,2,0,2025-03-08 03:46:53,5.4
f558bf60-6443-4b82-82ee-87d5ae26303d,Menarik,5,0,2025-03-08 03:38:24,5.4
a0dd4ab5-3132-4299-9a46-30ae07cf3ba4,Kikir nya di kurangin plis mihoyo,5,0,2025-03-08 01:17:28,5.4
0edf32d7-f165-41ee-898c-30693a8facb5,👍,5,0,2025-03-08 00:23:49,5.4
1149d246-e142-4e9f-8205-9e003e46db3a,"Farm artefak nya di permudah dong ,masak saya farm artefak berbulan-bulan dapetnya satu doang yg bisa kepake.""SATU DOANG LOH????""tolong lah di permudah 🙏🙏.",2,0,2025-03-07 23:34:22,5.4
ea859b1d-2b00-4489-a03e-d8e5d3a20439,"makasii bangg hoyoo karnaa kamu aku banyak temenn baruu walaupun aku agakk kesell sedikit kalo soall wish tapi sisa nyaa sempurnaa makasii, sehatt sehatt game baikk🤍💐",5,0,2025-03-07 22:57:54,5.4
1ac8773e-6103-4dcf-9334-c9f2e3b2359f,bad,1,0,2025-03-07 22:52:10,5.4
8e61fac1-cada-4328-84a8-285793f5d17d,Ntap...,5,0,2025-03-07 22:27:25,5.4
c1fac676-9c79-4fd6-b992-b8635e1b19d9,"Gem nya bagus banget tapi tolong dong kalo bisa download data nya di support buat di download di SD card,jadi data nya kedownload nya di SDcard bukan di penyimpanan utama",4,0,2025-03-07 21:55:36,5.4
484cf1cf-ee07-43fa-acec-f76e7cdea184,Lumayan,5,0,2025-03-07 21:11:13,5.4
d51c5e58-50da-47be-8e14-a8a75e99a96a,YEY I GOT FURINA,5,0,2025-03-07 21:06:33,5.4
3024cbbf-c0c1-48ce-a703-7f024f902245,Can you add a repeat archon quest feature to this game?,5,0,2025-03-07 21:05:39,5.4
11aafcea-1aa5-4f4b-b17c-5183f46b99ae,"Good gem,banyakin event primo bg",5,0,2025-03-07 20:47:13,5.4
3ed6b622-a087-47f1-98ac-b83a4ac764bc,Sangat puas dengan permainan ini,5,0,2025-03-07 20:32:39,5.4
fafda560-ee19-4d27-a7fe-5991ca0285d6,Saikyou,5,0,2025-03-07 20:26:00,5.4
ecbfef89-6f2f-4855-968a-1104f9f77749,-10000 kalah rate off dan yap pity 89/90 DASAR GAME KIKIR,1,0,2025-03-07 20:08:29,5.4
370c176e-a2d5-4b0e-824b-8f0a1008cdaf,"story, eksplorasi bagus semua tapi ada satu kekurangan, terlalu mendewakan char perempuan, ayolah hoyo, kasih aku karakter cowo B5 lagi, yang badass laaa",4,0,2025-03-07 19:51:32,5.4
39318d58-430e-4780-8653-6a69f5d46b72,Game ini sangat bagus dan indah saya sangat menyukainya! :3,5,0,2025-03-07 19:49:58,5.4
ab34b0ac-89bf-4bd5-95f5-ec6384cce6e4,Sangat seru serta visualnya keren,5,0,2025-03-07 19:37:22,5.4
c675b5af-fd9f-4658-8ffd-ba56eccc7635,"Gacor sih, lebih gacor lagi kalo bisa di skip yappingannya",5,0,2025-03-07 18:54:07,5.4
54b6a5e9-00fb-4ebe-a4ec-495103116f0d,Download nya kuotanya banyak banget,2,0,2025-03-07 18:44:36,5.4
e1fedccd-16b5-4225-9ae9-3a4d23282d93,Udah kikir gak di dengarkan apa keinginan player,1,0,2025-03-07 17:35:39,5.4
699b7b14-9011-4b84-8bb0-20d0d74249d6,Bagus,5,0,2025-03-07 17:23:07,5.4
9f71901e-ae51-4774-aece-d3b2dab41584,Game nya bagus grafik bagus,5,0,2025-03-07 17:09:49,5.4
ec9e2f05-c627-42f6-8a6a-fac65760dff7,Sangat bagus,5,0,2025-03-07 16:36:07,5.4
0249b2e0-f649-46b5-97c4-5f21d7237b9b,"Top banget gacha akhir akhir ini, rate-nya memuaskan.",5,1,2025-03-07 15:41:39,5.4
c6cc84ec-2246-4a81-b961-e992e9c57b32,"Tidak bisa masuk ke genshin, katanya ""genshin impact berhenti"" pertamakali kek gini, gw udah main setahun. Tolong di bantu!! Udah bisa terimah kasih!!",5,0,2025-03-07 15:28:31,5.4
f96de575-8fda-4d1f-91ee-8997c943407a,Very coolllll😍😍,5,0,2025-03-07 14:45:12,5.4
8d1a4ddb-e819-4c58-bf42-e4323cd43016,5⭐ karena paha hutao mulus,5,0,2025-03-07 14:42:15,5.4
8537def1-baa0-42b2-b639-6cfc23ff5dde,Sugoi,5,0,2025-03-07 14:40:48,5.4
f3019f59-791b-4a1c-b863-f2dc5a4e97bb,keren,5,0,2025-03-07 14:34:03,5.4
aab65b79-45bd-4423-aca4-1e46f1f98296,Mantap jos grecep,4,0,2025-03-07 14:07:41,5.4
eaea84d4-e36f-4bd3-bb5b-ff7525db8ee2,Bagus sih tapi pas saya nyari lakelight lily nya gak ada yg muncul lagi cuman sekali kay lakelight lily nyha muncul?,5,0,2025-03-07 14:07:15,5.4
0705deca-ef32-43a8-b8f4-03efe2f2f68f,"game nya bagus, tpi buat keamanan akun tuh jelek, akun ku hilang gitu aj :( tolong buat bisa balikkin akun ku lagi ya hoyoverse :( lgi nunggu hasil ny setelah isi formulir",1,1,2025-03-07 13:59:38,5.4
bcb6c7ac-09d5-44e2-b855-dc830f5fa36e,"Game nya bagus seru banget detailnya sangad amad detail, tapi minusnya ngelek, juga susah banged gacha nyaa tapi sekarang aku baru main lagi😋",4,0,2025-03-07 13:45:36,5.4
f671e5b3-ae4c-46ba-8ac6-f22261b78bfc,"Game ampas, 7 hari farming artefak ga dapet yang bagus, di spam deff mulum",1,1,2025-03-07 13:16:50,5.4
bddbb633-79ee-46fc-a14c-89326f4f47dc,Aku suka banget kalak ter nahida,5,0,2025-03-07 13:00:37,5.4
63ce537a-359d-45e2-9a9e-3020395cf3e7,min genshin kapan ada fitur controller di android ni game kek zzz ama hsr dh ada kok genshin blm min,5,0,2025-03-07 12:59:22,5.4
7239f456-837e-4215-a5c6-d586c74afbe8,dari segi gameplay dan desain karakter sangat memuaskan tapi ada satu masalah yaitu tolong perbanyak bonus PRIMOGEM,5,0,2025-03-07 12:54:54,5.4
1a1de689-e830-4474-adc0-2d4a00f7e164,Bagus cuma berat banget,5,0,2025-03-07 12:39:48,5.4
023f4aad-24c7-485a-be70-de584a1924a9,"Game nya seru dan bagus, tapi sekarang suka nge-crash, keluar sendiri dan ga bisa masuk ke apk nya, udah instal ulang berkali-kali tetap seperti itu 🙏😔",5,0,2025-03-07 12:24:18,5.4
022b558d-28bd-4fdc-bfde-3b6d52b07ed2,Bermain kembali setelah sekian lama vakum,4,0,2025-03-07 11:53:19,5.4
dab1660c-7bc8-4a67-8259-16555a6a30c4,I love it 😍,5,0,2025-03-07 11:42:34,5.4
b7827416-fe37-44e7-a8a1-bebaf95e4513,kurang 1 g bsa modif armor,5,0,2025-03-07 10:53:25,5.4
7d3338d2-77cb-4d60-b6bc-e489c121b754,"Awalnya bingung sih. Tapi banyak hal yang bisa di jelajahi. Saya belum bermain lama. Tapi sejauh ini, ceritanya menarik.",5,0,2025-03-07 10:51:32,5.4
2b8f5b22-8aaf-43b4-a936-6ed131dc3b78,Keren,4,0,2025-03-07 10:29:32,5.4
f57cfd30-0ede-4344-8d04-605e90b7f7d0,good game,5,0,2025-03-07 09:48:24,5.4
7badb285-226e-4ef6-b5d8-0bc6710621cb,Goood banget pertama kali nyoba,5,0,2025-03-07 09:20:34,5.4
d6a6eed5-03eb-456c-92d1-5a858f3e3445,GENSHIN IMPACT! Tolong dikasih bansos yang banyak yak luv luv buat game ini cuma kurang dari segi bansos aja buat pemula sangat susah naikin adventure level dan upgrade hero THANK YOU GENSHIN ❤❤,5,0,2025-03-07 07:11:07,5.4
8d4896c8-7d60-4a5e-abc9-068cd6c10997,Hapus sistem rate off di game ini,1,0,2025-03-07 05:59:17,5.4
9ac1c33a-507b-4c31-8eb3-4a582dbf760e,"game apa ini dawg ukurannya hanya 301 mb, kecil sekali",4,0,2025-03-07 05:43:46,5.4
595078f0-bccb-48f3-b8cf-4416fb8c8886,Bagus dan seru,5,0,2025-03-07 03:53:35,5.4
d79121ea-b434-4d3a-a5da-379520051972,"Udah lama ga main, cobain lagi semoga ga bug suara lagi hpku. Tim dev genshin ada solusi ga buat bug suara di hp oppo A78 4G",4,0,2025-03-07 03:12:41,5.4
5e7db8b5-54b0-4ae9-a6cd-53ae58c16a69,nostalgic,5,0,2025-03-07 02:56:33,5.4
2faf6815-b024-4e5b-aff0-1d66148369c1,Mantap,5,0,2025-03-07 02:26:29,5.4
643132c0-b781-4a20-afb5-bea84bb7bf94,"GAME NGANTUK, BIKIN BERANTEM AMA TOKYOO, DASAR GAME ADU DOMBAA",1,0,2025-03-07 00:58:56,5.4
8ec98eb5-c6be-4188-b8e6-6facc3adb5ff,Best sih tapi hp ku kentang 🥔🗿🗿🗿🗿🗿🗿🗿🗿🗿🗿🗿🗿,5,0,2025-03-07 00:38:31,5.4
d97cc987-751d-4b50-8076-a279b1865409,mantappp meeenn,5,0,2025-03-06 23:40:52,5.4
ea6c8e21-9a95-425b-bf8c-d8601fe78491,bro from 2021 until 2025 still cant play with controler? come on why is it so hard bro????,3,0,2025-03-06 23:04:09,5.4
e68470c1-a456-4c09-ba19-dabc245c2634,Jujur saya sangat suka dengan grafic dan gameplay cuma saya ingin sebuah fitur yang bisa mengirimkan talenta ataupun artefak agar bisa membantu player lain yang ingin karakternya cepat jadi. Sekian dari saya terimakasih,5,1,2025-03-06 23:03:21,5.4
b04c1a0c-e808-4b59-a154-e21f8a85e871,Game bakhil. Sebanyak itu karakter dapatinnya harus lewat banner dan gachanya pelit banget wkwk. Menang story doang sih menurut gua.,1,0,2025-03-06 22:37:15,5.4
5dba3bb5-04d3-40b4-9010-c0578c566073,"Behh epic bet gamenya btw lagi nunggu rerun banner Alhaitham nih, terus sama story dan archon questnya muantap banget",5,0,2025-03-06 22:01:20,5.4
aea70c28-34ef-4ed4-8a2a-9bb39adc1cb7,#GENSHINGAME4NO. kalau dpt wriothesley baru ku bintang 5,1,0,2025-03-06 21:44:33,5.4
4030b86f-98d7-4439-904a-200eb590160c,Good,5,0,2025-03-06 19:36:06,5.4
8a566dba-c2ca-4b53-999c-67b217978bf7,baguss,5,0,2025-03-06 19:21:40,5.4
3f65278c-51d7-4838-87e3-019d2029c00d,Gk pernah hoki kalok gacha 😭,3,0,2025-03-06 17:33:52,5.4
0f45ecce-25a7-495e-9720-71d20cd83f15,Sangat seru dan menyenangkan,5,0,2025-03-06 15:12:15,5.4
94c41cf6-a3de-47f2-87db-c6aefef88c08,"udh panik banget hari ini karna gak bisa login ke genshin takut bug nya ga bisa ilang terus harus buat akun lagi , utung bisa ilang bug nya , Panik bangt pls takot gak bisa main genshin lagi😞",5,0,2025-03-06 14:58:48,5.4
44a9a64e-5d53-4830-804d-eebe3a2bcf9a,"I love yae Miko but,my phone can't play this game😔 But,I still love yae Miko🤍",5,0,2025-03-06 14:14:18,5.4
b2d35321-b7cb-4831-9699-003894f97f49,Game nya bagus download dalam 2 hari,5,0,2025-03-06 13:39:22,5.4
3e922a4c-d9b4-4e91-9859-4195b3ff50d7,"If you have a problem with your account, whether it's been hacked or lost, just let it go, hahaha, the CS is bad.",1,0,2025-03-06 13:38:38,5.4
c85ef70d-aaae-4f17-bb66-fe9b5b9f2fb4,"wth with ""your account has encountered risk""?!?!",1,0,2025-03-06 12:53:22,5.4
545b046f-116f-40f0-8675-416aa2a96fe0,"Tolong lah ya genshin jangan bnykin character fans service dong, org jadi bilang aether harem lah hih",3,0,2025-03-06 12:08:59,5.4
6f097c06-ef13-4237-a3bf-105769622290,Good game,5,0,2025-03-06 12:06:45,5.4
1860053c-7e79-434e-9ba2-1b1d555ab022,"yang bikin g asik itu saat ngumpulin primogame, udh ngumoulinnya susah, trus saat gaca banner yg ada bkm tetu dapet, 160permata/1 bola. sitiap banner 90 bola,, bluk tntu B5 itu yg kita dapet. gila game pelit sedunia.. nguli aja kerjaan, game jualan ini mah berkedok gratisan. gila2..",1,0,2025-03-06 12:00:10,5.4
3253c2ff-704c-4bd1-8c0d-a998ee9e5400,Game of the years,5,0,2025-03-06 11:53:42,5.4
b6457030-eed5-4df3-a874-93922ab0522b,Luar biasa,5,0,2025-03-06 11:48:31,5.4
e3eba8c7-ad78-4f27-8dd2-3aef5ef39c58,Karena harus donlowad data 30 giga,1,1,2025-03-06 10:56:29,5.4
369841de-33ca-45d0-9aff-236f7af10d5e,game terjelek yang ku pernah main loading nya sampe 5 JAM abis kuota gw ama batre gw sampe pinjam uang gara gara nih game gw jadi gak bisa bayar listrik air spam kata loading kata nya update trs pembukaan trs malah update lagi gitu trs sampe 5 jam sangat dahsyat tidak di rekomendasi mending main lost saga aja,1,5,2025-03-06 10:52:30,5.4
21066fdd-c5ed-4c44-9094-b397e7fc5c5a,Alur cerita dan grafis sangat bagus tapi gacha karakternya sangat susah buat dapetin karakter yang kita mau,3,0,2025-03-06 09:13:45,5.4
b0e3ce75-2540-44b3-8e54-8b89fd51bf66,i love it;),5,0,2025-03-06 08:57:30,5.4
89156b64-01e1-46d1-bb2d-87a772640542,Bagus,5,0,2025-03-06 07:59:49,5.4
29ba195b-8e7b-4c61-b896-a7e2e6a3216a,Wah game nya sangat bagus 😎,5,1,2025-03-06 06:50:11,5.4
eed2ec3a-5fa3-499d-bf5a-fa1feefa2abf,GAME KIKIR,1,0,2025-03-06 06:26:13,5.4
36c76996-6696-427e-a746-4c0cc246672b,good kalo bisa berikan primo lebih banyak lagi,5,0,2025-03-06 03:39:13,5.4
83a106db-f539-4e81-9e16-6e478ba3acaa,"Game nya bagus, hanya grafiknya kalau bisa stabil di 60, fps",5,1,2025-03-06 03:24:29,5.4
2d9fe505-bcd4-4d37-b701-70b3d6310abf,Tolong banget kurangin percakapan Tap Tap enggak jelas.,3,0,2025-03-06 03:15:58,5.4
f9d64e8e-d93e-4a4a-8ae7-9997edc81dc9,Grafik bagus,5,0,2025-03-06 02:21:10,5.4
c0080123-1f73-4817-af6e-b34c55602895,bro anda harus menambahkan fitur hapus chat di genshin,5,0,2025-03-06 01:38:11,5.4
fb25d7df-3f6b-4ea7-87dd-f4f2ce0b3c05,Tolong hapus pity on/off dong :' capek ngumpulin promogem :',5,0,2025-03-06 01:21:57,5.4
04b0d01b-7abb-4293-aa39-92c03811d67e,"udh kikir, ngasi high pity terus ke org"" duh bikin males main",1,0,2025-03-06 00:26:35,5.4
32baefb5-a253-4cf7-9376-330fb18e0a2d,Nih ku kasih bintang 5 itung itung sedekah,5,2,2025-03-05 23:41:24,5.4
f3094919-0295-46d2-a1bc-d329003c8065,Seru bgt,5,0,2025-03-05 23:24:36,5.4
c5cdac71-35ac-4777-8782-768f6096f1a9,Bagus,5,0,2025-03-05 23:09:16,5.4
1534688d-b013-460d-b61d-ed50723e8c14,Gachanya msih kikir,1,0,2025-03-05 22:30:04,5.4
24c525b2-f957-4856-8c99-e6463a67e291,"Game nya si menurut saya bagus,tapi pas login itu loginnya lama bangetttttt dan belum coba game nya sama sekaliiii",2,0,2025-03-05 21:29:24,5.4
302dbc94-4d35-4872-81b0-6226532b543b,kurang nyaman jadi pensi,1,0,2025-03-05 21:24:03,5.4
0a1499dc-0556-42cb-a5c5-f54ffb0f6732,"game nya sangat bagus,aku pikir game ini memang overrated ternyata setelah di coba memang sebagus itu,hanya saja mohon sediakan fitur skip dialog/cutscene di side quest",4,0,2025-03-05 20:30:47,5.4
4273d5c4-b0ff-45cc-8798-a5dbb08c69f9,asik bet,5,0,2025-03-05 19:36:01,5.4
66b20fd6-8273-4db7-893d-159eb635bb1d,Dialog yang membosankan menitik beratkan pada dialog yang tidak perlu di kuakan yang membuat gameplay sangat membosankan,1,0,2025-03-05 19:25:10,5.4
81ce35b3-205a-4c62-9ae9-7e82385dff4d,"Ngirim kode Verifikasi aja lama banget lu ya, mana kalo udh ngirim ada tanda expired. Mau lu apa sih hah. Benerin dah tu kata gua mah",1,0,2025-03-05 19:02:04,5.4
2f373893-6cb3-460b-a195-1e088f8c34df,"Seruu tapi kasi Primonya banyakin dikit dong,",5,0,2025-03-05 18:51:15,5.4
8f7699e2-6049-4a80-8024-81adcb831c27,"Saya sudah bermain 1 minggu lebih, tidak ada masalah sama sekali tentang genshin ini. Tapi hari ini, tiba tiba saat mau login genshin nya tidak bisa dibuka padahal baru kemarin malam saya bermain tidak ada masalah seperti ini. sudah saya cari cara memperbaikinya dari beberapa sumber tapi hasilnya nihil, sampai saya re-download pun sama seperti sebelumnya. Akhirnya terpaksa saya hapus padahal sudah jauh AR nya...",1,0,2025-03-05 18:13:10,5.4
a409fb2a-29ae-4e9e-9f45-f3084b602856,Sangat bagus dan ada waifu gw hehehhe,5,0,2025-03-05 17:38:19,5.4
9c2e8bf6-95ee-461f-b47c-5456ff2826ba,Grafiknya bagus dan relistis,5,0,2025-03-05 16:59:05,5.4
76f0d527-6f97-494c-b194-6b16b8f75b04,bagus,5,0,2025-03-05 16:32:50,5.4
5e31e17e-2a5e-4375-9af7-498fe60158f0,"Kalo kita udh nabung pity minimal dikasih b5 lah, masa dikasih ampas mulu kikirla",1,0,2025-03-05 16:24:45,5.4
7cd9aedc-198c-4ccb-9057-ff878fb3d436,Gamenya bagus cuman tolong lah saat mengunduh data yanga ada dalam game tolong percepat untuk mengunduhnya aja butuh Berjam jam mana sekali putus jaringannya harus mengunduh ulang jadi untuk pihak game genshin impact tolong perbaiki ini menyangkut pengalaman bermain semoga di jawab,3,0,2025-03-05 15:26:09,5.4
07d19ed2-6d52-4006-96e0-473f9d4a5296,Game dialog,1,0,2025-03-05 15:09:52,5.4
b728130c-3d07-42cf-bca5-70f0e749ed77,Masak lama gk main karakter karakter gua pada banyak yg hilang nunggu download aja lama bikin penuh aja ruang penyimpanan sumpah,1,0,2025-03-05 15:03:49,5.4
f91c3f36-9db6-4663-b556-32c85c8e910d,Tidak ada fitur skip dialog,3,0,2025-03-05 14:23:01,5.4
2df25c19-c50b-431e-ac9c-93ab699921f1,Login nya terlalu lama saya kecewa pada hal geme nya bagus,3,0,2025-03-05 14:17:57,5.4
1e6f278e-bb05-4aab-82ad-6a4194714160,Bagus banget game nya tapi tolong kalo gacha jangan kasih yang jelek jelek🙏,4,0,2025-03-05 13:53:29,5.4
2a7e5de1-4930-430a-ab19-c6bff662d50e,bagus nggak ngebosenin,5,0,2025-03-05 13:29:16,5.4
aca78425-80ad-4d72-a9e0-843937e06b5f,Kikir lu,1,1,2025-03-05 13:22:19,5.4
62a4ffdf-d190-424d-84d6-ce9c28457301,Bagus sih baguss tapi tolong di bener Rin ya kalo pas login pertama jangan harus download yaa download gpp tapi gk pake paket banyak juga kali aku uninstall aja lah maless Biar aku gk uninstall benerin yaaa🙏,2,0,2025-03-05 13:16:55,5.4
f1152e80-909e-4845-ad80-2db6c6db521f,Gacorrr,5,0,2025-03-05 12:58:33,5.4
32d57ef8-69e5-4fc3-bde2-de895a03d289,Game bagus tapi bintang 1 untuk ironis saya,1,0,2025-03-05 12:40:26,5.4
bee5b37c-ad31-453e-87b7-5eafeb4a86a3,Tidak kompatible di hp saya,1,0,2025-03-05 12:00:17,5.4
39623346-1e4e-4d62-b721-d6cc3695edfe,"Animasinya diperbagus lah,update ber GB GB tapi animasi kayak nonton wayang",1,0,2025-03-05 11:22:21,5.4
ca583eb6-d146-462e-9392-ff71e81da3e1,Game bagus saya mendapatkan Waifu saya di game ini,5,0,2025-03-05 10:42:28,5.4
524a2564-7053-42bf-b40c-536a74839146,Saya suka game ini,5,0,2025-03-05 10:30:30,5.4
24b5d6b1-5064-45f6-9252-f00f78f57e48,GUAH CAPE DARI JAM 9 pagi nguli sampe jam 8 malem hee malah dapat qiqi,1,0,2025-03-05 10:14:21,5.4
c8b66ac9-8e42-49c6-bb9a-2ad406790d65,Bagus grafiknya,5,0,2025-03-05 09:48:17,5.4
b01750f1-bd54-4e24-bf8f-40f8241ae4a8,"Lumayan, tapi kikir",4,0,2025-03-05 09:09:36,5.4
1891b8f1-4779-4e69-b381-c10168771644,Aku suka game nya kalo bosan aku main ini seru banget bisa foto seru Banget story nya juga seru bagus,5,0,2025-03-05 09:00:11,5.4
73d6e60f-f1a6-4371-af20-c423afa0b632,Bagus,5,0,2025-03-05 07:59:41,5.4
addbcaa6-d8a2-45c7-b53a-82e3029dfe27,Hutao mantap,5,0,2025-03-05 06:43:21,5.4
4dd43b84-526c-4c55-9d49-922b9b980e89,Meski rada susah di bagian gacha tapi buat gameplay okelah seru,5,0,2025-03-05 06:42:49,5.4
a3a39162-9e37-4767-8adf-5a20fc4c7e89,Bagus semua,5,0,2025-03-05 04:22:26,5.4
c247e4e2-69fd-4209-9e02-d4eaf1060200,Nice,5,0,2025-03-05 04:16:07,5.4
9811b93f-968c-4e4a-b4d4-bb0a067a8b96,Game yang sangat bagus,5,0,2025-03-05 04:07:07,5.4
c5cf7a4a-c5a0-4122-81e4-90b5926f6804,"Bagi orang yang kasih bintang 1 perkara ga bisa skip dialog ga usah main bst itu dialog biar lu tau ceritnya lol jelek ² in rating genshin aja bst klo jelek ga usah main Itu game buat orang yang punya waktu luang kalo ga punya waktu ada game RPG yang singkat ga usah main genshin , heran gua perkara dialog di kasih bintang 1 emang bisa buat game seluas itu gratis pula , aku mohon kepada yang beri rating 1 di perbaiki rating ,kasih bintang 4 / 3 aja kasian miHOYO nya , sekian dari saya 🙏🏻🙏🏻",5,1,2025-03-05 03:59:50,5.4
c0e61503-7f35-4cf5-972a-4b00a5ef2fba,Mantap,5,0,2025-03-05 03:43:16,5.4
6da07f81-a799-4d73-94a0-4c3dfec84b5b,🥶🥶,5,0,2025-03-05 03:43:00,5.4
95e051b9-4232-4563-8afc-0fdbb3e0fc04,"New event pay to win banget, harus punya mavuika buat dapetina name card?, that messed up, sesek bener kalah rate off di pity 85, ngotak dong.",1,10,2025-03-05 03:25:39,5.4
01f47cbd-2b94-4298-9632-e9ddb709e79b,Semua nya bagus gw kasih rating 4 bintang karna anj gw gaca hard pity mulu,4,0,2025-03-05 02:50:09,5.4
1a73573d-d79b-4b3b-b91c-3d51f12cad85,berhenti main setelah tidak dapat gacha furina tq,1,0,2025-03-05 01:04:55,5.4
850641c3-a05f-4dbc-9c55-f6694eb7f5cc,Tambahin jalan cerita nya sama kasih luas map.. Kasih buat tidur juga,5,0,2025-03-05 00:23:19,5.4
736b4b13-4f47-4fff-a930-56f57e5fcf57,sangat berat dihp poco x3 nfc,5,0,2025-03-05 00:23:16,5.4
92292835-a231-4210-957a-7833845d8d84,Nice,5,0,2025-03-04 23:55:32,5.4
ac30590a-48b8-4d14-991b-f245b8b4b62a,Ngak jelas pegen reset sandi tulisan nya permintaan terlalu banyak Mulu udah di relog berkali kali masih sana,1,0,2025-03-04 23:53:41,5.4
81ceb6e7-5134-4cfe-8e9d-22cbfbcd5f88,"Animasi jelek, dialog kaku, story ngawur, banner weap scam, qol jadul gada perkembangan, design char ngawur, build char susahnya minta ampun. Ga worth it sama sekali buat game 2025. Buat newbie mending main yang lain aja serius",1,0,2025-03-04 23:49:02,5.4
0e2508e1-f5cd-435e-8f5c-e208a8f13eca,"Tai, banner senjata malah entuk karakter, tai tai",1,8,2025-03-04 23:47:47,5.4
52a2507f-ecef-450e-bb0f-7517c12ccc7a,"i never won ANY of my 50/50's on this game. the rewards sucks. i can't believe this game was this stingy. the developers NEVER listens to the players. im quitting this game, i never get any of the character i want because i keep losing and losing and losing ALL THE TIME. this is not funny genshin, listen to your players for ONCE.",1,0,2025-03-04 23:24:15,5.4
8890cf96-e334-48a1-9d84-c2fba6b78311,engga tau ah rate off terus :(,1,0,2025-03-04 23:23:54,5.4
ad5f652a-d7ef-4589-b184-a00a4688e2d3,Game bagus😁👍,1,0,2025-03-04 22:48:17,5.4
3b74a701-97d7-4fa1-b79e-e6a7af1b2fd5,kasi aku FURINA pelis :c,1,0,2025-03-04 21:44:14,5.4
08e7c47a-52cd-4f34-aabe-ff61558ef85e,"kikir kikir, Dawei d nya durjana",1,1,2025-03-04 21:42:42,5.4
4fa967b8-8604-4c73-a59b-08d673dc0c9f,⭐⭐⭐⭐⭐👍👍👍,5,0,2025-03-04 21:36:43,5.4
619fef88-9013-4230-a9cb-7322ae15a98c,Enak bgt,5,0,2025-03-04 21:34:52,5.4
5f916715-828b-4d27-9428-03cb71237791,"Game nya cukup seru, visualnya cukup baik, eksplorasi nya sangat seru terutama di map Natlan dan event kali ini cukup memberikan banyak primogem dan semoga kedepannya akan memberikan banyak event menarik dan seru",5,1,2025-03-04 21:26:53,5.4
d2a89236-8234-4f0e-ab37-92e3015e9751,mana splendor yang kau janjikan,5,0,2025-03-04 20:43:00,5.4
2d53ce4d-5bce-473c-9c06-5626dcc61703,"Tolong updatenya ditambahkan fitur agar bisa konek dengan gamepad atau keyboard, supaya tidak terkena banned. Terimakasih",2,0,2025-03-04 20:31:04,5.4
58738b31-4dcc-4525-b3b6-3e0de1de7ecd,Sangat sangat menarik,5,0,2025-03-04 19:50:34,5.4
cc4d7ce3-7a99-4366-ba07-b1c4481f97a7,Game nya bagus lancar chipset snapdrago 8 elite,5,0,2025-03-04 19:48:49,5.4
5a95075a-7651-4a0f-bbf6-7f1b511680f4,Tolong Qiqi jgn muncul di banner,5,1,2025-03-04 19:46:52,5.4
890b915b-98a8-4c7b-8bc2-489bca39a130,Aku sangat suka dengan game RPG ini,5,0,2025-03-04 19:41:31,5.4
1ad3f785-1115-4968-8457-e851eab46e22,Sudah kalah di rate off kok kalah di rate on aneh nih bener weapon,3,0,2025-03-04 19:40:35,5.4
64eaa70e-39af-452f-8c56-594939974de6,"Mantap 👍 emang dulunya butuh spek tinggi, tapi jaman sekarang sudah banyak hape dengan spek mumpuni. Overall cukup puas dengan gamenya. Apalagi sejak awal rilis dulu suka ngasih bansos. Dan orang2 pada lupa akan hal itu. Untuk ceritanya masih cukup apalagi quest utama/archon nya yang masih ditunggu banyak orang. Moga kedepannya bisa makin bagus lagi 👍",5,5,2025-03-04 19:28:08,5.4
f2e293f6-99b6-4757-8e13-298c0341e90e,Game berat GB tapi seru,5,0,2025-03-04 19:15:22,5.4
dc3c389d-c83a-4813-b5f6-92b59bfb1b16,"jangan mau maen, developer nya kikir tingkat dewa.",1,3,2025-03-04 18:53:51,5.4
8498fbb6-8681-4fce-9e1f-e886f553b4c8,Game kikir pull di banner senjata malah GK dapat senjata yang dipilih ampass,2,0,2025-03-04 18:45:23,5.4
c18502ba-61ce-4cc1-9dba-e1787a6c8fde,"Dear hoyo, I'm sorry for giving only 3 star. I actually love the game sm. But I feel so sad & Depressed. I was excited cuz finally it's wriothesley first rerun and I do pre farming all the mats n primos, but now I got qiqi on pity 80. All my time that I spend and all my welkin, is mean nothing. It's so hard and take a long time to get primo, now I'm just crying in my room and my mom said stop play but I love wriothesley sm. I know everyone will say it's only bad luck, but it's so hurt💔",3,0,2025-03-04 17:48:32,5.4
a9e02b64-2441-4daf-9e4b-5e0bea794e00,"Qiqi anj, gacha ampas",1,0,2025-03-04 17:48:22,5.4
528df763-5b55-43ca-9793-454ec6c4a529,"game ramah, dermawan, baik hati, sistem gachanya bagus bgt, trims semoga jaya selalu -love, eMwaY",5,0,2025-03-04 17:37:32,5.4
f45e7cfb-c3ed-4811-834d-b3273e4cd797,"terlalu kikir sama playernya tiap kali gacha pasti dapetnya bukan yang di banner, klo jadi player p2p gampang tinggal beli ini itu klo banyak duit lah ini player f2p udh berjuang mati matian buat ngumpulin primo buat gacha tpi malah ujung-ujungnya ga dapet gmn ini mekanisme gacha nya aduhh aduhh",1,0,2025-03-04 17:35:25,5.4
4c1aa117-b3f6-41cf-aebe-281f97b494d0,Game bagus makasih hoyoverse udah ngasi furina di pity 90 double,5,0,2025-03-04 17:31:04,5.4
6350e820-b001-4db7-8e98-35cd550c7c65,Game kikir sistem gacha berpihak sama whales,1,0,2025-03-04 17:24:11,5.4
2cf30402-6dd9-4d22-8ea0-a538e44f9ae4,Tolong berikan fitur ganti tanggal lahir,1,0,2025-03-04 17:21:45,5.4
ad074a12-06de-4e49-b5a1-62eb3bd7a1fd,lets the story begin,5,0,2025-03-04 17:10:59,5.4
90ecbae9-8643-433a-8d77-06f813fafc06,"Game yapping,kikir.tanggal nambahin fitur skip apa susah",1,3,2025-03-04 15:53:30,5.4
54a38ec9-6b37-4b4b-bf2f-9576f0c32e1c,Tambahin fitur duel vs sesama teman,5,0,2025-03-04 15:47:23,5.4
a5fb0702-aa5c-439f-aed3-932fc54bf255,Bagus banget bagi pecinta game harus main ini,5,0,2025-03-04 15:46:11,5.4
f381e519-afaf-4785-8349-5d268d8b1574,Percepat lah banner rerun hoyo gak ada yang gacha mizuki akhir akhir,5,0,2025-03-04 15:37:56,5.4
681e085b-b9d2-43b2-a05c-630ab209bfbd,TOLONG HOYO TAMBAHIN VITUR SKIP STORYY PLSSS,2,0,2025-03-04 15:27:12,5.4
0b06910c-d863-4ee9-a9f6-f161ef327e59,Bagus.,5,0,2025-03-04 15:11:11,5.4
6bcda891-fcb5-4fea-9767-36b0e76ee54a,Seru euyyy,5,0,2025-03-04 14:58:22,5.4
41442f44-d5c8-46b9-8520-80259ed559fd,Dawg,2,0,2025-03-04 14:40:36,5.4
67661e54-d536-4a8b-b4b5-25e6f417270b,Pihak mihoyo mohon di baca ini genshin punya ku kok gak ada suaranya ya??? Tiba tiba nge crash aplikasi nya,1,0,2025-03-04 14:19:38,5.4
0e05cbcf-b88b-41f1-8dc3-ac5b8a790aae,Bagus,5,0,2025-03-04 13:49:16,5.4
b1275298-0aba-4137-aee0-3d2cf6a498fc,Kebanyakan dialog,1,0,2025-03-04 12:02:27,5.4
de5b7ea8-e64c-4fb0-bf29-2b84a7293614,Game ini juga eggk bisa di pakai di hp poco x6 pro 5g saya...!!,1,0,2025-03-04 11:08:30,5.4
94649474-17c2-4b1f-b253-596aee3ade2e,story nya bagus grafik nya hd,5,0,2025-03-04 10:47:36,5.4
a964d823-1474-4dd6-9b99-faea5ed04e0d,"Gak bisa main. Ada tulisan yang muncul katanya ada bug dan harus hapus memori. Akhirnya harus install ulang dan semua progress lenyap dan harus mulai dari awal. Main dari awal launching jadi percuma, rugi udah keluar duit. Ada cara memulihkannnya gak?",1,25,2025-03-04 10:27:15,5.4
5cced949-ef1c-48dc-ae3a-7eb8dbad52c5,Game ini sangat seru sekali,5,0,2025-03-04 09:55:59,5.4
ca8bc893-c937-4d68-b2c4-52bfd746881c,bang depeloper kasih gua furina:>,5,0,2025-03-04 09:39:53,5.4
d4010f5b-96d4-4141-b79e-6fc8f5770cf0,its ok game nya bagus tapi hp gw lemot sekarang gara gara ni game,4,0,2025-03-04 08:36:18,5.4
77e1aeb2-62a1-4b36-b64c-6b6124db3991,"Game burik banner xiao malah dapat Mona burik , benner yae Miko malah dapat qiqi burik.benner navia dapet Jean!!!! Jangan di download sistem gacha game ini bodoh !!!!..",1,6,2025-03-04 06:58:28,5.4
e3d42e5d-77b0-43eb-bdd3-d1ab3ef995a8,Lanjutkan bakat mu bang,5,0,2025-03-04 06:35:56,5.4
cac3ad3a-f0ed-4e4b-a40c-2f8bab6dd55e,menyala hoyo🔥 plis jangan pelit Primo biar mainnya semakin semangat,5,0,2025-03-04 05:55:55,5.4
3d465d1a-5e58-44a3-9632-36cae85be231,Nice game,4,0,2025-03-04 05:24:49,5.4
f101cbe4-2d31-4707-9596-1890bb7f8fad,"I hope on patch version 6 and 7 there is only 2 Female characters only release and make more of Male 5 star limited character more than 5-6 , or I'm out",1,0,2025-03-04 05:09:32,5.4
e20c5574-0012-4efa-a340-6988f5bea347,Bagus grafiknya.. tpi sayang byk critanya,5,0,2025-03-04 04:07:44,5.4
99915ee8-d420-4c67-8a3a-ad6eeeec0299,kecewa sama event name card buat player f2p lumayan susah,1,0,2025-03-04 03:56:29,5.4
4dec4a65-82bc-4d1e-be7b-6bb72432dc96,"Nice Game, Storynya ga ngebosenin cuma ya kalo bisa sedikit dikurangi untuk yaping nya, event selalu bervariatif Jos untuk Mihoyo semoga bisa lebih baik lagi untuk patch kedepannya 🫰",5,0,2025-03-04 00:37:03,5.4
9364b2e3-03b1-4ba1-847c-84864ff82d2f,Menurutku Gamenya bagus banget dari segi apapun,5,0,2025-03-03 22:54:39,5.4
e75ecb0c-c78e-44f5-8e63-ff97d5bdc1eb,Mantap man,5,0,2025-03-03 22:25:19,5.4
1ac196ea-70ba-444b-8615-a071d6831482,Selama ini oke,5,0,2025-03-03 21:46:53,5.4
9a38092b-fb25-4e72-85a2-7d8af46d3564,Keren,5,0,2025-03-03 21:42:43,5.4
d44e4f39-ff4d-4ec8-b76c-8d19f295e8c0,Loading nya lama,1,0,2025-03-03 20:21:53,5.4
d72f508d-74bd-4187-83d3-54054caccab6,Seru banget,5,0,2025-03-03 19:06:14,5.4
f81c85ae-823c-42d0-a7a6-09c553239a77,Bang mihoyo ini kenapa aku stuck putih di loading screen ya? Padahal baru selesai dari domain trus relog dan stuck putih setelah menekan pintu di loading screen,5,0,2025-03-03 18:59:55,5.4
a0532a92-d94b-443f-99bc-2a1dcc544850,kocak😹,1,0,2025-03-03 18:57:32,5.4
59ad4f20-bbbe-487d-8986-56a020a4408d,Nice,5,0,2025-03-03 18:25:58,5.4
a523623b-7b2e-46ff-879d-f60099d4fb09,Masih banyak kekurangan sama bug yg harus di perbaiki,4,0,2025-03-03 17:01:02,5.4
48af9bd6-125d-4606-9b0f-16b95427166c,my love,5,0,2025-03-03 15:35:54,5.4
9e9698d7-a683-4995-95ba-ecdfe240e763,"Size nya kegedean😿, tapi tetep bagus😹👍",4,0,2025-03-03 14:49:15,5.4
d39c312a-222e-4c37-a1a9-59167f43bef1,"Krn gw casual player/story enjoyer,pernah donlot adeknya gensin yg turnbase krn katanya g kikir,cma krn gameplayny gw g cocok jdiny bosen wkwk,padahal blm dpt story yg seruny. Jdinya gw lebih prefer gensin,dri gameplayny jg lebih menarik,krn ada elemental reactionny jg.Krn gensin ini gem rpg pertama gw,gw enjoy bgt sama archon questnya,apalagi Fontaine coy asli jgn di skip,rugi,disitu paling bagus wkwk.lore nya jga menarik klo kta gw.Game p2w? gw pke Aloy dri awal main, yg penting buildny bgs.",5,0,2025-03-03 14:20:06,5.4
f1e11442-98b1-4ccf-a2a7-3e4aa749e0af,Bagus bangett luas banget mapnya tp enaknya mabar sama temen,5,0,2025-03-03 14:12:16,5.4
5e6d92e3-0a33-4400-8988-f377338df4a9,Seru bangat buat isi waktu luang,5,0,2025-03-03 13:39:16,5.4
498530fa-34b3-4ea2-b6f7-45368857337c,Seru uy,5,0,2025-03-03 13:28:03,5.4
b4163b21-c629-45e9-aaf6-0f89ab6af210,Bagus,5,0,2025-03-03 13:05:36,5.4
2359a75a-3b10-4b8a-85d3-895644641b5b,Terlalu lama untuk mengunduh data,1,0,2025-03-03 11:36:37,5.4
8e747c7e-cd92-4864-9938-cc41a7fa1794,"Ndlogok, farming arte kagak di kasih elah",1,0,2025-03-03 11:14:49,5.4
7d0ba884-6522-49b7-9d94-16d6da89fe4d,"game yg sangat bagus misi misi nya sangat seru dan grafik nya sangat bagus ,aku suka",5,0,2025-03-03 11:11:10,5.4
a40e2c94-274e-4296-be52-ca9987ca4db7,"Bagus ini game, aku saranin main nya di pc atau tab, soalnya klo hp agak gitu lah, asik ini game cuma ga asik klo kalah gacha😃 Tolong ya segera hadirkan nahida atau wandarer soalnya aku mau gacha🙏🙏",5,20,2025-03-03 10:37:16,5.4
3c7114c4-7261-42f8-9a08-68d74ee901e0,Keliatan nya game nya bagus tapi aku ngga bisa masuk,2,0,2025-03-03 09:15:29,5.4
5df43fae-a185-4b84-9e69-bc72387fed85,bagus bgt tapi soal grafik tau lah hp kentang,5,0,2025-03-03 09:12:35,5.4
720d0b1a-e003-40b5-bde0-96ce7cfbc821,Terbaik,5,0,2025-03-03 08:51:39,5.4
428257d7-8217-4f7a-be06-ff0386655b95,"Lama bgt menginstal nyaa, padahal saya pake wifi. Saya kasih bintang 4 dulu ajah, karena saya lihat ada komenan yg kurang bagus, jadi saya kasih bintang 4 dulu",4,0,2025-03-03 08:43:40,5.4
8aac31a9-95f2-4be2-bf63-859ada23de47,Please listen more to player feedback because it will really help Genshin Impact in the future.,4,0,2025-03-03 06:53:17,5.4
e47fdc8d-dfdc-49f4-afa9-f2f289236fa6,GG gw suka grafik nya sama alur cerita nya,5,0,2025-03-03 06:42:29,5.4
3623458a-0cf8-4823-a291-18f27c11cf93,Sangat bagus ini adalah game petualangan yang sangat bagus,5,0,2025-03-03 06:41:50,5.4
bb874723-729b-4954-939c-a9bf91bc92c5,game p2w terus kebanyakan yapping👎🏻,1,0,2025-03-03 05:02:36,5.4
8da30b2e-4936-4eab-b4f6-91d1aa221322,Best rpg ever,5,0,2025-03-03 04:38:47,5.4
863d51fe-da83-494e-8a0d-a01e427a4761,"WOI ARTE NYA NAIKIN PRESENTASE STAT BAGUS LAH, STRES FARM ARTE BOSOK MULU",1,1,2025-03-03 04:11:54,5.4
b84deb6b-4240-4dbf-b990-51f5fad9716c,rate off nya ampas,1,0,2025-03-03 02:30:07,5.4
8d0ef749-ce0d-4839-aba5-152da427f763,Grafik nya kren,5,0,2025-03-02 19:39:55,5.4
a4c17c85-6844-44c5-85e1-06ea26a0c6c6,Seruuuuu,5,0,2025-03-02 17:20:39,5.4
6e06c3e3-f974-4378-b8d1-95c710c26416,Dari dulu pengen main genshin akhirnya 01-19-25 bisa main udh sebulan lebih. Game nya bagus saya sangat suka -1 aja kalo ret of jangan kasih qiqi udh dpt 1.moga ga c6🗿,5,0,2025-03-02 16:47:29,5.4
39a55211-84bc-4453-9c91-f1e9a3d184ca,Bagus udah ngak kikir lagi👍,5,0,2025-03-02 16:44:56,5.4
ebecce09-a857-43d5-8a16-2f9ab0b08a2b,kasi gw primo yang banyak,4,0,2025-03-02 16:43:16,5.4
5ccd6aab-fc5a-4f63-aaeb-5cd26389d0c7,please make more male characters and make them as handsome as possible XD,4,0,2025-03-02 16:29:48,5.4
b75302e7-43bc-4ef4-8b1e-c1b31e32f5ea,"Overall saya enjoy main genshin, tapi untuk akhir² ini gamenya ngelag meskipun tidak ada masalah di device maupun internet. Mohon segera diperbaiki kendala saya",3,0,2025-03-02 15:21:55,5.4
f40d755c-e2fc-41ac-ba50-822456d90628,Gamenya cukup lumayan cuman dalam storynyakan ada cerita disitu g bisa di skip jadinya sangat lama.,5,0,2025-03-02 15:16:25,5.4
02e4d348-9206-496e-a961-07f1c6a0878f,"saya ada saran, tolong beri 2 pilihan saat percakapan dialog story, bisa skip percakapan tapi bayar pakai primo, bisa nonton tanpa skip nanti dapat primo...",2,0,2025-03-02 15:05:26,5.4
54fa9f58-4df7-4492-8660-93333216ffa3,"Apakah kalian sangat membenci saya? Dari kemarin saya ga dapat B5, ini membuat proses main saya terganggu, saya ga bisa clear misi dan clear quest, tolong dong, apa apa ada yang salah dari cara saya bermain? Ini membuat saya sangat kecewa",1,0,2025-03-02 14:54:55,5.4
f0d88717-9bc7-49cd-bfba-08edf15efee5,"GAME INI ADALAH GAME TERBEST YANG PERNAH AKU MAINKAN. Dari storynya, Misi (sulit dan mudah pun ada), dan karakter. Karena terkendala memori penuh dan ram yang tidak memadai maka aku hapus game ini (bukan karena jelek, cuma meliat performa dari hp gw mending main di PC aja). Thanks developer ❤️",5,0,2025-03-02 14:48:53,5.4
7c98a280-2073-4dc7-bc9f-f2696892b9a4,Versi paling ampas menurut gw dari awal gi rilis ya di versi sekarang (5.4) dan kek nya pensi emang pilihan utama sih soalnya dev nya juga kek udah gak niat ngembangin game nya:(,1,1,2025-03-02 14:24:25,5.4
b4929bd4-2565-4881-a520-ea51530ed619,"Animasi kaku,event gitu gitu aja boring",3,0,2025-03-02 13:54:54,5.4
64f45c7b-ec26-43eb-bd47-b2f5b1e500f4,natlan uptade are p2w tbh,3,0,2025-03-02 13:52:14,5.4
2b852100-a72a-4927-b994-54d3e7adef5b,Ingpokan banner 5.5 sekarang🗣️🔥,5,0,2025-03-02 13:31:29,5.4
ba844bad-993f-41d8-9608-0cb9fe853a8f,Seru,5,0,2025-03-02 12:03:40,5.4
eaa627ad-95bf-4ffe-bd39-f350e5f71cb8,Game petualangan terbaik,5,0,2025-03-02 11:23:27,5.4
38d956e0-7b6a-436b-8a66-ae657f4df552,Wel,3,0,2025-03-02 10:09:16,5.4
7d77e0dc-2326-402d-8f84-4b9d6c5d655a,BAGUSS BANGETT SUKAAA,5,0,2025-03-02 09:49:17,5.4
4666a6f0-f44a-4413-81f3-fddda9ed9338,Wishing nya kek ampas,1,0,2025-03-02 09:29:45,5.4
53226ef2-210d-46e4-9b33-b95e92536308,Gamenya bagus tapi mohon loadingnya dipercepat ya😁 soalnya aku gk sabaran game hoyoverse terbaik,4,0,2025-03-02 08:07:22,5.4
fd008009-dc57-42f3-926d-7136c51027c4,Bagus,5,0,2025-03-02 07:22:08,5.4
3eeb6255-3490-4a52-8abf-0997c0643851,Good game,5,0,2025-03-02 06:32:52,5.4
470ab78d-a2eb-4a49-afa5-ba165ef461d5,Kukasih bintang 4 karena kurang puas saat main di pc voice aktor Inggris karakternya saat quest bisu tolong diperbaiki,4,0,2025-03-02 06:26:13,5.4
ac47b3cf-6545-4628-b894-703694a4ba78,Seru banget😁😁😁 (sebelum kalah rate of🤓),4,0,2025-03-02 06:05:29,5.4
2a98995c-69e1-499b-b918-9e3b254ed736,Lumayan seru buat nemenin ke gabutan,5,0,2025-03-02 04:32:20,5.4
795e7a4f-c4de-4c6a-9bd6-a437be5f1df9,Saya suka game pelit,5,0,2025-03-02 02:45:10,5.4
59dc2413-e95b-4429-9411-00de976e45b6,"Kalo mau login sering keluar sendiri, itu kenapa min?",4,0,2025-03-02 02:37:10,5.4
07321b08-2428-4aff-952f-eaf3509557ea,Bagus,5,0,2025-03-02 02:18:14,5.4
6fa97360-b1c5-43d6-ab63-6c6b3278f0ee,"Grafiknya sangat memanjakan mata, permainannya sangat keren, petualangan,pertempuran,tekateki semua ada.",5,2,2025-03-02 02:03:39,5.4
13d5b6e1-39e8-47fb-84a1-ffbde48d225c,sudah bagus. cuma mohon dioptimalkan di perangkat redmi note 13. bair rata kanan semia. terima kasih.,5,0,2025-03-02 01:43:29,5.4
56b6894a-776a-422c-8040-91b9d417a9d8,Aku gacha GK dpt dpt 😡😡,1,0,2025-03-01 23:28:33,5.4
79bb6860-00c0-4da6-9970-6a3087a971fe,"Dialog antara karakter sangat panjang dan membosankan, dan tidak ada fitur skip",2,0,2025-03-01 23:06:19,5.4
b643c48f-8ad9-4b9d-9431-99d08278a8f5,Aku sangat menyukainya. Tapi semoga download datanya bisa lah di agak di percepatan biar gak terlalu nunggu lama🥰,5,0,2025-03-01 22:37:13,5.4
8e9ba9d9-0cc8-4823-8c77-08df75101f43,"Plis lah hoyo udah 2025 masak belum ada tombol skip story, terutama story dunia dan cerita, archon mah gak usah karna gw memang ngikutin tapi story lain astaga fillerrrrrrrrrrrrrr jadi muak pls lah hoyo adakan skip story",1,0,2025-03-01 22:01:53,5.4
84373368-e3e0-48e5-8695-01474e77ef53,"sediain tombol skip kalo ngelag kgk enak banget dialognya mulai dari awal, udh gitu percakapan npc yg ga penting aja bisa setengah jam",1,0,2025-03-01 21:45:09,5.4
7f514787-fcc1-46c3-ad8e-06b8a7b5fcf6,Kenapa saya tidak bisa masuk game. Apakah sedang error?,2,0,2025-03-01 21:44:07,5.4
7e73d33c-2a60-45fe-bc2f-9beeed7341fd,The best⭐⭐⭐⭐⭐,5,0,2025-03-01 21:34:25,5.4
de42ff2b-50f5-4867-a948-c2e6459c5a0f,Makin gajelas game dongo,2,0,2025-03-01 20:15:02,5.4
6f2809a1-9896-4e35-806a-a7eb0eb9075c,Bagus,5,0,2025-03-01 19:24:03,5.4
3a56bf3b-6002-459a-82d7-8d4c53f7b3a1,Nice i like the game,5,0,2025-03-01 19:21:31,5.4
d0ed23fa-bd13-488f-8e4e-5ced76cd3856,Game nya bagus bgt gegara ni game temen ku banyak bgt game nya juga menantang pokoknya seruuu,5,0,2025-03-01 19:03:34,5.4
01e90bf8-1a86-4225-a9f6-420db25641a5,"asik banget nih game, ya walaupun kadang artefaknya ga bagus",5,0,2025-03-01 17:28:26,5.4
d3c8ef8f-ad9f-411f-8588-520834051885,terlalu besar makan kouta,1,0,2025-03-01 17:23:36,5.4
d12bf37c-4524-432a-b488-3a79307809be,keren,5,0,2025-03-01 17:11:15,5.4
f48b0938-10a4-4aec-9cd4-42bf783e1f25,Force close infinix hot 50,3,0,2025-03-01 16:50:53,5.4
ef3419eb-873a-40f3-b858-f84e404a6a31,"game kikir, cape nguli terus ujung ujung nya rateoff, even memang sistem nya gitu, alangkah baiknya kami di permudah demi kenyamanan bermain.",3,0,2025-03-01 16:03:00,5.4
bae7ba35-fb94-424a-b833-ed612867bbd4,Game nya bagus cocok buat explore semua map,5,0,2025-03-01 15:04:09,5.4
66ee4cee-19ce-484e-8792-eee2589bf59b,Asikkkkkk bnget grafik oke,5,0,2025-03-01 14:46:35,5.4
5306894c-e293-4de2-b164-b3853cc74114,Cerita bagus grafik bagus pokonya keren,5,0,2025-03-01 14:04:39,5.4
2650c357-bbaf-4f5c-921d-5dab026f10ed,Good,4,0,2025-03-01 13:50:56,5.4
703e9272-1fea-4bcc-9c27-617a3c35e5dd,"I got none to say... Its either good or bad... Sometimes its chicken, sometimes its hotdog and most definiently... Just try, i mean TRY having fun on this game",3,0,2025-03-01 12:56:03,5.4
196b299b-09a2-498e-8bdb-ab88121096a1,"y bgus, char nya cakep(termasuk alhaitham) aku tambahin kalo capitano nya playable(agk maksa)",2,1,2025-03-01 12:44:39,5.4
079c6db0-1191-4fd2-9340-b31cae405ff5,Seru bangett,5,0,2025-03-01 12:17:18,5.4
f44835ed-f252-4a1b-a505-32b60ca5f9ed,Asik sih berasa masuk Isekai,5,0,2025-03-01 11:28:56,5.4
6829e79b-8ac4-41a6-b0e3-16e435fefcbc,Bagus game nya tapi karakternya dikurangin yang seks seks nya soalnya keponakan saya main ini jug,5,0,2025-03-01 10:30:21,5.4
061f53bc-017a-4138-8e6a-538c471bb8be,♥️,5,0,2025-03-01 10:28:53,5.4
d4842399-726c-421e-ba01-05674adeb83e,Makin seru,5,0,2025-03-01 09:37:01,5.4
9ba0316b-bceb-432f-afa2-33e8b63394b1,Bad Server,1,0,2025-03-01 08:59:35,5.4
e84b7851-31d3-481c-bf1b-25a9b67d96fa,Woi min kok game tiba tiba suruh topup min ini gimana ya 😄 Kalau di benerin di kasih bintang 5,3,0,2025-03-01 07:03:08,5.4
5f834ba6-8a27-40f1-8470-edf16d5f3c7d,Sangat seru,5,0,2025-03-01 06:45:22,5.4
dff3989f-1e9d-443a-9c8a-90ecd6873fc2,game ini sangat seru ! 🫶🏻,5,0,2025-03-01 06:39:59,5.4
527de9db-277b-4000-9889-863db836327a,"Dialog panjang, lawan musuh sampe sekarat + makanan habis tapi reward nya dikit, ga setara. semoga kedepannya reqardnya di banyakin.",2,3,2025-03-01 06:12:26,5.4
949e7d21-4517-4a26-9912-9adc4d2653d5,mohon ditambahkan tombol skip,5,0,2025-03-01 06:08:49,5.4
0ed92f6e-cc73-4202-b96c-786d062a4e78,kikir,5,0,2025-03-01 06:07:20,5.4
49658653-ce2c-47a9-8030-a0b51fcf2349,Saya mau kasih coba ukuran aplikasi lebih dikecilkan karena cuman sedikit orang yang bisa main hp yang 4gb,5,0,2025-03-01 06:00:48,5.4
c1465206-3807-4c14-88bc-0bd6a534bde2,Lumayan lah walaupun datanya besar,5,0,2025-03-01 05:56:39,5.4
ee7cc9f1-d60a-4817-9870-7bd5caaef946,Mengapa sih harus ulang data ulang padahal ada suuara bahasa jepang tapi masih ada diganti ke suara bahasa inggris jadinya harus unduh ulang tiap kali install ulang Windows apalagi gak disediain fitur pengaturan di awal login dan harus masuk buat ngatur gak kayak Honkai Star Rail yang bisa atur gitu soal atur setting dan pilihan bahasa dan pilihan suara bahasa di awal login belum masuk ke gamenya,1,0,2025-03-01 05:33:45,5.4
b13e05e4-16d8-4eb7-9123-795e89f74906,"Saya bener bener kecewa banget karena cuma modal internet terputus doang akun saya hilang begitu saja, dan sudah login ke akun google bukannya balik lagi malah di ulang petualangannya ini tolong nih mohon di perbaiki, tapi masih lumayan grafik dalam game nya dan saya berikan 2 bintang saja",2,1,2025-03-01 05:12:21,5.4
618b5767-45a8-4c4d-9701-6d9ffe086193,Game nya mantap banyak pemandangan yg memanjakan mata yahhh walaupun gua gacha gak dapet² tapi Yoes gak papa sumpah gak papa🥲.,5,0,2025-03-01 04:44:44,5.4
9ec7f8f8-2290-4e3f-80ea-5e919886613c,"I lost my main account, I have been playing for a long time and have been far away and have completed many missions, can you at least give me a primogem or at least add another feature or something?.that's make me so bored to play that..and that's the best game i ever play..before i lost my account...so..do it...before we hated you!!",1,0,2025-03-01 04:32:14,5.4
aaaafd72-5e48-44a7-83a0-558d08b35736,dari jam 2 sampai sekarang susah banget login,3,0,2025-03-01 04:07:59,5.4
55feb4e3-850a-4027-8984-e2a180e9bf2f,"Apalah co habis main ml 3 kali pas main genshin ke trigger dialog langsung kotak² njir penampilan char nya, tolong diperbaiki masalah nya apalagi tentang dialog sampe animasi nya karna setiap main suka delay kalo ga ya patah² meskipun itu udah sinyal naik turun kek dosa lu pada:v",2,0,2025-03-01 03:28:30,5.4
e1d5a4b2-f263-447f-8712-46429a9ecda2,"event end game ampaz,lagi lagi event khusus meta (buff only natlan character) orang yg gapunya chara natlan kek mavuika jadi ngampas bgt di eventnya,emang game kikir",1,3,2025-03-01 01:07:36,5.4
284bde0b-e8d7-4c41-8e83-8e3173796f78,👌,5,0,2025-02-28 23:41:53,5.4
5e5b3207-7751-427f-b76f-1b55f2b93e03,this game is very stupid,1,0,2025-02-28 23:41:25,5.4
935c149d-ce0c-441a-8bb1-f521f84acf31,Pokoknya kalau ga dalat furina gua pensi soalnya gua f2p,3,0,2025-02-28 22:53:45,5.4
97111672-6047-4244-952d-1128d23441db,Pengunduhan data yang sangat lama,1,0,2025-02-28 21:36:53,5.4
63782b77-f394-46c8-81e0-d06dd3cbb184,game terbaik,5,0,2025-02-28 21:30:05,5.4
1d93354b-9f85-444f-b7d5-7a0e4816d978,Nyebrang doang dibikin ribet,1,0,2025-02-28 19:32:13,5.4
a2aa140e-37fd-4178-9555-80725c953495,Saat asik dan seru sekali,5,0,2025-02-28 19:23:32,5.4
2ff192f4-264a-480a-b767-6e731cff6671,"PLSSS, GW CUMA MAU MAIN GAME BUKAN DENGERIN STORY YANG KAGAK PENTING. KASIH TOMBOL SKIPPP APA SUSAHNYAA!!??",1,1,2025-02-28 19:12:02,5.4
4c9ef1cd-d2db-47aa-98a7-fca5644aa543,"Gamenya bagus, tapi tolong kasih tombol skip!!!!!",4,0,2025-02-28 19:00:02,5.4
45fb2cf9-7619-4dc6-84ed-f8044469c5a6,🙂‍↕️,5,0,2025-02-28 18:47:31,5.4
bcfc3dd8-f8ea-4f24-a899-9e795bc61698,Mantep ni game bagus bet,5,0,2025-02-28 18:03:07,5.4
dfc9704c-7d2f-4b36-84b0-0a92365441bc,KEBANYAKAN NGOMONG G JELAS ANEH,1,1,2025-02-28 16:31:40,5.4
ad781b62-3340-4f7b-9323-4d264b848cbd,Nice,5,0,2025-02-28 16:03:14,5.4
a1443a18-cc0e-48c5-870a-de41c27e54f5,"Lancar jaya, meski gachanya agak kurang karena kristalnya sulit sekali di dapat",5,0,2025-02-28 15:55:42,5.4
2de05fd4-93bb-4a45-9f19-0e660aa71a02,Game sinyal taii,1,0,2025-02-28 15:43:09,5.4
49cb42d5-3f5f-42df-a5a4-69e000a2a41f,gamenya bagus cuman data nya banyak bet dh,5,0,2025-02-28 15:08:15,5.4
255102ac-72de-487b-b70b-219720d63848,Grafik nya bagus,5,0,2025-02-28 14:52:37,5.4
b8bb0ddc-47b3-402c-812f-a2885a375be3,SAYA AKAN KASIH BINTANG 5 JIKA PIHAK HOYOVERSE MEMBERI 1600 PRIMOGEMS DI TANGGAL 4 MARET !!,5,0,2025-02-28 14:32:04,5.4
3148230c-4476-45e4-97cb-a237d393ca13,"sangat enakkk,saya sampai lupa waktu karena keasikan bermain",5,0,2025-02-28 14:08:35,5.4
b6473c6d-aab4-49ad-9066-f2f20f9b27c1,"seru,tapi developer jahat,kawan ku gacha sering menang rate off dan ngeborong banner low pity,aku high pity malah kalah rate off malah dapet karakter standar.dahlahhjjj",5,0,2025-02-28 14:05:33,5.4
e5bd0f60-bcac-41c2-b5e9-0ab97e84b16b,Minimal up Arte nggak deff mulu lah,5,0,2025-02-28 13:03:42,5.4
d5afb53a-3c8d-4a5b-8281-8f6aa3550026,"Pelit resin, Kikir artf, pelit primo (bgt plis) kdng hadiah primo dri quest yg di jalanin ber'jam-jam itu ga sebanding dengan usahanya, event yapping udh kyak quest archon lama bgt gilaa, 1 lagi.. BNYAKIN KARAKTER COWONYA WOE HOYO! Mang lu kata yg main genshin cmn kaum Lanang doang apa, yang betina juga main kocak... Seenggaknya kalo gaada char cwk yg baru yang lama di rerun kek🙃🙂",1,1,2025-02-28 13:03:22,5.4
da8fbb3b-9f8b-44fa-8913-483dc20ce9f7,"Genshin used to be an exciting game, and I often topped up to support Genshin Impact. However, the response I got was always hard pity, even in the standard banner. It feels like the developers don’t respect me despite my support. Because of this, I will give the game a 1-star rating, as I feel the developers do not respect me. Additionally, the game lacks a skip feature for daily commissions, which makes me sick of hearing unnecessary NPC dialogue.",1,1,2025-02-28 12:19:54,5.4
c5a3c372-0add-49bd-821b-36f189d10d50,Please lower the GB.,2,0,2025-02-28 11:40:57,5.4
094e2569-afc9-4edd-ad60-5184c4c5869d,Game ini keren mengajar kan kita untuk bersabar👍,5,0,2025-02-28 11:29:55,5.4
6eeca2a4-960e-4db4-aa11-5dedb3342fda,bagus,5,0,2025-02-28 11:07:27,5.4
e3062aa5-169a-4db2-a57b-3bd925bf4966,Aneh sekarang genshin impact kok mau login putih layar pertma nya kok jadi lam sekarang jadi males login gr2 itu,4,0,2025-02-28 10:33:08,5.4
1d82840b-9a38-48c0-bc53-dae15558c792,Bagus,5,0,2025-02-28 10:18:06,5.4
57029438-97db-46ae-95c0-753a450b4e34,Semakin berat aja jirr,5,0,2025-02-28 10:05:57,5.4
ee137594-84ba-4b24-927a-ffb0bede7bb1,Keren,5,0,2025-02-28 10:04:40,5.4
a6b40551-cbb3-47db-beb0-23b35dca4dbf,Seru,5,0,2025-02-28 09:50:15,5.4
613da15c-a078-4d3b-872c-0659f84f2eb1,JUAL AKUN GENSHIN!! RIBET MAKIN GEDE AJA STORAGE DIPERLUKANNYA,1,0,2025-02-28 09:38:30,5.4
48c2dc52-7677-4d56-a43f-15c46eb7610e,"Krn ada sistem daily reward, anak saya jd kecanduan gara2 game ini. Dia jg dapat kenalan cowok tdk jelas. Sekarang anak saya susah sekali dibilangin. Cowok ini manipulatif, ngga berani vc, beraninya cuma wa dan ngajak2 anak saya hb. Hati2",1,0,2025-02-28 09:37:45,5.4
c56c8cad-99d6-49ce-9efc-f598b7f0a82d,Susah download data,1,0,2025-02-28 08:56:12,5.4
8ea9d86d-2081-4719-bb6f-27daa02327de,"Dulu pernah main tapi langsung ku hapus, karna ya berat dan agak susah. Tapi setelah liat orang orang main, kok kayak seru ya?? Akhirnya mutusin buat download lgi dan ternyata emg seru cuyy😋 kuncinya ya jangan gampang bosen karen quest nya panjang. Intinya game terbaikk",5,384,2025-02-28 07:31:29,5.4
a0437d8f-9b9e-4438-a507-14c67bfab370,"saya suka game open worl kyk gini, dari segi eksplorasi oke² aja, archon quest bagus, dan story character nya keren² dan bagus², tapi sekarang untuk percakapan tolong agar bisa di skip, karena semakin panjang percakapannya, kyk di natlan, omong panjang trs jalan dikit nanti ngomong lagi, sepertinya banyak juga yg gk suka soal itu, kyk player F2P yg butuh primogem dan harus ngerjain quest nya, mana klo sibuk trs kluar bentar nanti harus ngulang dari awal lagi percakapannya",5,702,2025-02-28 06:58:12,5.4
ffdbbd78-ca1d-4404-96af-1cdc6ac408a1,Gamenya kikir bangke tapi untung story nya bagus jadi dapat bintang 5,5,0,2025-02-28 05:58:47,5.4
438d08cb-ed3c-47b0-b577-f735894591dd,Babi,1,0,2025-02-28 00:56:03,5.4
2fb25f6d-4d69-49ad-b127-180c9b95d377,Sangat menyenangkan... Tapi aku tidak suka saat ada bugnya,5,0,2025-02-28 00:38:43,5.4
4d3e8bb4-a8db-4e1e-b716-2e4b91f8aaad,Tolong hadirkan fitur untuk skip story di game ini. Saya bukan ingin skip ceritanya secara keseluruhan. Hanya saja terkadang karakter di alur ceritanya terlalu banyak yapping tentang hal yang tidak terlalu penting sehingga membuat saya bosan.,3,18,2025-02-27 23:43:16,5.4
c70a6331-552f-4c6d-ab22-bcb33db57349,Event banyak primo datanglahh!,5,0,2025-02-27 23:21:43,5.4
fb346d75-4d7a-494e-9506-da115b839e05,ok,5,0,2025-02-27 22:14:14,5.4
5e983ff4-6507-40ce-9a69-de362bf30a3d,Bagus,5,0,2025-02-27 20:42:15,5.4
bf78cee2-ab25-42a8-8726-051e1dcb90c5,"sangat bagus, ini seperti yang ku inginkan sejak dulu",5,0,2025-02-27 20:31:35,5.4
3b74139e-8d9f-47f9-8739-8a66812a7cd6,Tambahankan mode battle pliissss,5,0,2025-02-27 20:25:55,5.4
8397e724-ecdd-4fca-aa15-3d18e69e4511,Game sangat bagus sekali saya suka bermain ini,5,0,2025-02-27 20:15:38,5.4
3768c73f-5142-4275-b231-77ee53598db9,bagus tapi berat,4,1,2025-02-27 20:06:02,5.4
75a24ec0-ab5b-49d3-ac1c-148fe35e69db,"Jadi males main semenjak 2x pull char event dapet qiqi mulu, xianyun dan mavuika gagal dibawa pulang, temen ane hoki dapet terus tiap event 😮‍💨",4,0,2025-02-27 19:00:16,5.4
b598715c-9572-45ef-90ef-1e7d28640bcb,Best game in the world,5,0,2025-02-27 18:45:34,5.4
569443de-712c-4493-95f8-7aa678337067,Beratin dikit dong gamenya 😹 game rendahan kasih 5tb dong😹,5,1,2025-02-27 18:11:07,5.4
5cc78700-69de-469a-a6c6-e2d553eb920c,Kenapa tidak bisa login hanya menampilkan full putih beberapa menit baru hitam.saya tunggu-tunggu tidak masuk juga ke dalam game padahal ruang penyimpanan tidak penuh,2,0,2025-02-27 18:04:51,5.4
4152e6a6-06d1-4953-bb9a-ef654d083281,"Lama unduh data ny lelett gak pernah di mainin karena lama kalii, saya login loading nya 0.01 bayangin lama broo keburu habis batre hp syaa",1,0,2025-02-27 18:02:14,5.4
3c21f1c9-f5dd-425e-85d6-97b7e77464c2,game kikir no 1 untuk gacha nya.. berbeda ama saudara nya ramah pity.. walau di top up pun pity itu cm gimmic. banner nya apa dapet nya apa,1,0,2025-02-27 17:54:09,5.4
770be717-fac8-4e69-bbf0-7e79579ceba2,lumayan,5,0,2025-02-27 17:28:03,5.4
7531acdd-de17-4f01-af45-0ea82ff50746,Saran: adakan fitur skip dialog,1,0,2025-02-27 16:23:43,5.4
b9e34469-c6d6-4488-84ed-8c80892c3368,game udah seru cuma tolong dong buat developer nya tambahin fitur skip di quest biasa ama npc lalu kasih lah si MC pedang yang lebih keren dikit waktu scane bertarung nya lebih keren pkonyaa di tunggu perubahan nya trimakasih.,5,4,2025-02-27 15:49:43,5.4
1231d7fa-0389-4cc3-9804-a57339a79334,Game kebanyakan yapping 😹,1,0,2025-02-27 15:29:11,5.4
312f7a96-0be0-405f-a336-39e85e8736ab,"I am playing this game from the end of 2021 more or less, now I am retired. Why? because my account was stolen from an account buying and selling case. Is it possible to restore my account? Thank You. And goodbye Genshin Impact, thanks for all the memories",5,0,2025-02-27 15:17:43,5.4
39415cfc-9d25-4542-b80b-ce198834fc73,lumayan lah tetapi pelit ghaca red nya rendah Mulu,2,0,2025-02-27 14:43:47,5.4
59c2f6ab-334b-47f3-8fd2-4d162583790b,Jelek 👹👺👹👺lama,1,0,2025-02-27 14:21:10,5.4
d49a2afd-b5ad-444a-af6b-c37fcb955670,Makasih udah inget ultahku,5,0,2025-02-27 13:51:26,5.4
6b3bda48-de78-4c53-9e2d-e8a6c5972453,ada yg eror pas download data,2,0,2025-02-27 13:30:04,5.4
c591ce66-80ba-41e9-b182-eb4507cbfaea,Keren,5,0,2025-02-27 13:16:28,5.4
02fb537b-f8a8-466e-b617-619c530b5af9,Setelah main langsung ke tagihan,5,0,2025-02-27 13:01:16,5.4
42f1b5ef-78d7-47bc-a070-b0a8feb17a97,"Terlalu sedikit ketika memberikan sebuah primogem dari event, spiral abyss dan quest",5,0,2025-02-27 13:00:30,5.4
6f4252c4-726c-4382-863a-40463dbb578e,kenapa akhir akhir ini sering keluar keluar sendiri ya sejak update? mohon masukanya,3,0,2025-02-27 12:27:30,5.4
fe656509-1518-4ab7-9def-2c308e413a61,game gacor,5,0,2025-02-27 12:22:30,5.4
75984c29-1516-41f1-a821-85ac3c6d6540,Sekaliny update langsung 7gb.,3,0,2025-02-27 12:12:58,5.4
79c3a228-4286-4be1-9d69-a215f729e505,Sangat seru sekali. Namun untuk spek handphone seperti saya harus menghapus beberapa aplikasi baru bisa download game ini. Karena sizenya besar sekali untuk handphone saya. Overall bagus sih,5,0,2025-02-27 11:16:37,5.4
585e77c1-2041-4f55-962f-16803007ea31,Bagus no komen,5,0,2025-02-27 08:36:51,5.4
12d9fb21-2038-4951-ad90-0fbc54c1037c,"Amazing story line, characteristic, etc But in some condition on the event, some hero (not the main aether/lumin) DOES NOT HAVE sound when the conversation. Thats boring",4,0,2025-02-27 08:28:41,5.4
73979785-afd6-409c-8865-fde761e13259,Harvestmoon rasa ninja😎😅 mantab,5,0,2025-02-27 08:13:32,5.4
8543b476-1d53-4a89-be0b-a68b13ad45cd,"lama lama boring, imbang dong fanservicenya jangan cowo doang",3,1,2025-02-27 08:03:03,5.4
deb5be99-9ae4-46bd-a3cd-d392544162e5,🥳🥳🥳,5,0,2025-02-27 07:39:27,5.4
ef2238d1-fa6d-4343-9eb1-9d44b0cc393e,Game yang sangat absolute cinema,5,0,2025-02-27 07:15:13,5.4
4ebfba9b-c8b8-4d8c-a662-0ba465e6f0ff,good,5,0,2025-02-27 06:48:34,5.4
89536162-1b53-4558-b109-deb71271e7c3,Game petualang yg bagus banget tapi gk berlaku buat hp kentank,5,0,2025-02-27 06:23:14,5.4
63d6a201-a488-4200-8b27-6d0b62e4dc4f,Saya tidak bisa mendownload karna prangkat saya kompetibel padahal baru beli hp baru aneh sekalai,1,0,2025-02-27 00:25:40,5.4
ee2a717b-5f50-45d8-9b4a-766166ab198d,Lama sekali menghubung datanya,4,0,2025-02-26 22:11:33,5.4
cc011b0f-87d9-4b48-9e4d-a5784f0186c8,"1 kata untuk game ini pay to win,soal nya ini cara dapet karakternya itu harus quest dulu atau BELI! terus equipment op itu harus quest dulu atau BELI! Aku saranin jangan download soal nya ram sampe 30gb lebih. Menurut ku mata uang di genshin itu terlalu mahal jadi kurangin lah karena mata uang Indonesia kecil seperti dolar itu kisaran 14 sampe 15 kalo gak salah jadi KASIH DISKON",3,21,2025-02-26 19:55:57,5.4
8cb02ada-9b3b-475d-8f95-235e9799dedb,game kikir anj,5,0,2025-02-26 19:55:30,5.4
dd67bbc0-6de0-48a7-92d2-885db439d30e,"Pura-pura Lemah, Padahal Aslinya Raja Boti.",5,0,2025-02-26 19:27:34,5.4
0b96bb4a-7ece-47cb-ab3c-26b437a5fef2,kikir impact,1,1,2025-02-26 19:21:41,5.4
8fac80bd-85a0-4ae6-bc71-485b58a0a10d,"Please hoyoverse akun saya kena hack main udh hampir 5 tahun karakter sama senjata nya banyak. Sedih banget saya tbtb gabisa login karena password-nya udh di ganti sama org, mau reset password tapi harus verifikasi ke email yang udh di ganti sama orng yang ngehack, ngirim formulir recovery akun ditolak sama hoyoverse. Hancur banget hati ku. Sakit sedih, tolong bantu saya hoyoverse :(",5,0,2025-02-26 18:07:00,5.4
9e0ee603-1f44-443c-a42a-7a3a31b0a1c1,Untuk grafik bagus dan semuanya bagus cuma ada satu nih harus di pertimbangkan di bagian obrolan gak ada terjemahan bahasa jadi sulit di mengerti kalo dapat random tolongg di kasi fitur terjemahan buat yang ga bisa bahasa Inggris,3,1,2025-02-26 18:01:55,5.4
b76e5253-a46a-4ffd-a31c-79aa73bc1e56,"Loading lama ludu nunggu 1 jam baru selesai tolong lah yaa jangan ditambahin ini 0,10 itu makin lama loading nyaaa",1,0,2025-02-26 17:51:00,5.4
51be8266-6bad-41b9-8814-a0d0a076a7c0,"Keren,enak di mainin",5,0,2025-02-26 17:37:48,5.4
dfbe8b3e-eb1b-430c-b0f6-a5c75e808717,game nya mudah panas,5,0,2025-02-26 17:34:26,5.4
7ac4202a-76d2-444f-b20e-7502fdc2ed50,"Reward sangat kecil dibandingkan game lain. Bahkan ketika memenangkan nominasi, seperti tidak ada reward untuk perjuangan playernya. GAME SCAM, MENIPU DALAM GACHA. Tidak direkomendasikan!.",1,0,2025-02-26 17:25:24,5.4
d0fe166d-5c16-4a0a-a0ea-396493fb65bf,"Gameplay wow.. grafic wow juga.. tapi sayang,, manjatnya lama!!",5,0,2025-02-26 16:48:46,5.4
d305f1b5-0fa8-4f27-bd6a-ba0a58680725,Mantaaap,5,0,2025-02-26 16:42:41,5.4
070001db-882c-490f-a54f-6f48a3cefcc5,aku suka game ini,5,0,2025-02-26 16:36:26,5.4
136e9a84-3096-44dc-880c-a762c83c3fc5,Keren bangettt,5,0,2025-02-26 16:20:01,5.4
acaf5afa-5577-4da2-a822-97f3b6417373,Bagus walaupun game kikir,5,0,2025-02-26 16:15:19,5.4
b8c0cf03-eb8d-4632-89b4-337428c5835b,"Game Ini sudah masterpiece bagi saya,cuman tolong lah sizenya di kecilkan jangan terlalu besar banget gitu,mohon di optimize juga,sehabis update malah lebih suttering saat main,itu saja dari saya,semangatt Hoyoverse.👍",5,0,2025-02-26 15:23:09,5.4
32626ade-5ede-428e-840d-75368cdd9eb2,Indah banget!!!,5,0,2025-02-26 14:02:27,5.4
01830abe-2825-43bf-82e2-104741fdc722,Game bagus dengan fandom yang tolol game bagus komunitas sampah saran aja musnahkan tuh fandom yang ngatain game lain burik dengan membandingkan pendapat padahal top up aja kaga pernah wkwkkwkw,5,0,2025-02-26 14:00:49,5.4
4b7ae4e4-5415-49d5-8f77-3f141e1e9cf2,Kikir,3,0,2025-02-26 13:00:16,5.4
eb1986fe-614e-4886-b5f4-39ba6bd22e89,Tambah pelit,1,0,2025-02-26 12:42:56,5.4
cf1e906b-c075-4adc-a410-9a7ba042bf5a,Ya berat sih.. tapi ......,3,0,2025-02-26 12:21:33,5.4
3f0bde77-e8d2-4dd0-9b6a-4e053827ed9d,Keren,5,0,2025-02-26 12:18:33,5.4
b77f2320-7232-49a6-af81-76f0768ae012,"Sebagai player yang lumayan lama bermain Genshin Impact, saya rasa semakin kesini update semakin monoton.. Memulai cerita, mendengarkan karakter berbicara, mendapatkan Primogems. Berulang-ulang seperti itu, sangat membosankan. Tolong untuk kedepannya lebih menambahkan hack&slash, itu yang kami harapkan dari game ini. Selain itu, tolong jangan terlalu memaksakan Fan Service, kami sudah mendapatkan banyak karakter perempuan, dan membutuhkan karakter laki-laki baru, Semoga lebih baik kedepannya.",1,11,2025-02-26 11:55:29,5.4
2c09f46c-b246-4775-966f-b52885f2986c,"Terlalu banyak update, mana pas update selalu dari awal dengan size besar. Padahal event nya sedikit",1,0,2025-02-26 11:50:53,5.4
7f5685a1-8096-41d8-aece-f2957e1f59b0,BAGUSSS BANGETT GAME NYAAAA,5,0,2025-02-26 11:19:43,5.4
b5db6bf7-5fb4-422b-aa4c-a29aeab55a35,Give me five stars you stingy company,1,0,2025-02-26 09:42:11,5.4
266503b2-92a7-4670-8463-7b07228009ae,"quest nya kebanyakan yappingnya sampe puyeng gua denger charnya ngoceh kalo bisa Adain tombol skip lah,gw main ini game cuma buat gebuck gebuck monster",1,0,2025-02-26 09:08:39,5.4
3e8a20b2-6e60-4c15-b7a7-cfcf8e7b4d84,Parah ngomong nya kepanjangan kocak,3,0,2025-02-26 08:49:02,5.4
cb3b143c-b07f-465f-a205-4cb584efcc36,Saya baru pertamakali coba game ini dan ya game ini bagus,5,0,2025-02-26 07:03:00,5.4
48e15f23-2a7c-49f0-bc0a-c121a66c0abd,Mang hoyo husbando nya banyakin dong,5,0,2025-02-26 06:29:20,5.4
c1a2d22e-c0ab-4aae-a255-25455e7c62b0,Terlalu banyak karakter perempuan saya sudah muak,5,0,2025-02-26 05:55:07,5.4
a0efdba5-9b17-415f-846b-3b43e436cb81,Game nya bagus dan seru buat orang yang menikmati game story mah ga peduli karakter nya mau yang keluar apaan trus kalo ada skip button gunanya VA buat apaan tau gitu mending ga ush ada orng yang ngisi suara kalo ada tombol skip mah lagian tinggal main ribet bener kalo masalah reconnect masih oke kesel gw jga cuma kalo masalah skip button ya harus di pertimbangkan sih soalnya buat apa ada Voice Actor tapi ada tombol skip kan jadi ga guna itu Voice Actor nya percuma ngisi suara kalo bisa di skip,4,8,2025-02-26 00:17:22,5.4
2e1e30c4-7157-4ad0-8778-106919453094,"Game yapping, semua update nya cuma narasi doang ga ada mekanik,puzzle, atau hal"" pantas dikatakan seru, semua quest nya isinya ngobroooool aja, ampe ngantuk bacanya, boring, exploring bikin boring, harus dipaksa ngikutin alur lantas buat apa ada opsi, mending ditonton aja daripada dimainin, eh mending tutup aja ga lanjut ke snejnaya",1,4,2025-02-26 00:15:07,5.4
8cca0f54-c18d-4bba-b500-17ac514618f2,Kapan support controlel,5,0,2025-02-25 22:57:59,5.4
894fb3fb-0a90-4f8d-b766-7e41ff6b2f9a,Mantap banget,1,0,2025-02-25 22:17:06,5.4
23982b90-cc7a-4f47-a8d1-1f387f7749c4,"game nya udah bagus, tapi wifi ku sering ngelag",4,0,2025-02-25 21:51:02,5.4
b8958e72-a231-4239-af32-189240ce83ec,"Aku sangat suka genshin impact karena menghadirkan banyak waifu di setiap update🌹🥰, jika perlu karakter cowo di tiadakan",5,0,2025-02-25 21:35:34,5.4
8c1a6124-c52d-44f0-931d-96cc72b28a17,GGWP GI,4,0,2025-02-25 20:40:44,5.4
27d5bc9a-4ddf-4f4d-966d-cbc65e0b71c5,"Game g jelas,reward dikit,story bertele-tele,boring,g jelas,banyak omong.terus suka ngerilis char cewek yang g guna,sering ngerilis char yang g pernah di singgung malah rilis(Mizuki)dah gitu desainnya jelek,kit nya jelek.suka ngerilis char yang desainnya jelek,skill nya biasa aja,ultinya biasa aja malah bisa di bilang ULTI char yang baru rilis dari sekarang itu jelek-jelek",1,4,2025-02-25 19:57:07,5.4
4ed2f9f5-9f48-40c8-a5c1-eeceae0565f2,Game nya seru ada mode ceritanya😁😁,5,0,2025-02-25 19:39:35,5.4
c5bffef0-c75b-4ace-9a84-655e90595eeb,Game seru cuman kikir,5,1,2025-02-25 19:38:46,5.4
bad19ee7-c2b6-449d-9dda-649a5550f7d9,Berat Ben,1,0,2025-02-25 19:32:03,5.4
b3cdb52d-fa3a-4211-a5ee-62b110428498,BENERIN DLU TUH JARINGAN KIKIR,1,0,2025-02-25 19:11:37,5.4
ade21d75-cb77-4480-b493-ff24d0fdf70f,Mantul,5,0,2025-02-25 19:07:11,5.4
3ae526c2-59fb-445a-8949-3d7dcd5bafc6,"Game kikir kebanyakan yapping, story ampas monoton jadi babu negara org mulu tolol",1,1,2025-02-25 18:28:54,5.4
3600b559-c7fb-4ce9-912b-5f4792422742,"dialog nya BANYAK bgt plss, mana skipnya lambatt, pls adain fitur skip dialog.. apalagi archon quest bnyk banget dialognya 1-2 jam coba, masa 1-2 jam cuma ngebaca dialog doang, langsung ke questnya aja napa😭, ga banyak orang punya waktu untuk ngebaca dialog, kenapa ga ringkas ringkas aja gitu💔. kalo pake pihak ke 2 cuma untuk skip dialog langsung kena ban jadi emg ribet bgt",1,58,2025-02-25 18:23:23,5.4
d9a15b5e-8cef-4122-bbc5-660823fbede2,The real game tapi kikir,5,0,2025-02-25 17:28:53,5.4
812f546e-7d5f-4cac-bfec-3db2b1832fb0,"saat sampai di natlan cerita nya bagus, karakteroke tapi cuman bacot banget kebanyakan ngomong alias cerita, sayamohon untuk tambahkan fitur skip",3,0,2025-02-25 16:46:17,5.4
2b63d429-7014-4ad6-941c-b484ebe744d0,Permainan ini udah bagus tapi berat banget,2,0,2025-02-25 15:03:28,5.4
bf5fe66d-e7e8-42a1-9c5b-528a3d91e2fe,One of the best game I've ever played,5,0,2025-02-25 14:20:27,5.4
5d221c3c-c3eb-4792-a844-5c65078731ad,"Loading masuknya lama bet, mengompilasi shader mulu bangke. Tolong dipercepat loadingnya masuk gamenya lah",3,0,2025-02-25 14:15:52,5.4
6d445864-182f-4303-ae10-30a4e468bb56,Seru dimainkan bersama anak..,5,0,2025-02-25 14:10:51,5.4
a20d9acd-009c-48bf-86cb-e6c1913d61a3,Game kikir ga pernah sedekah primo,5,0,2025-02-25 12:43:17,5.4
a958534d-59a0-4d6f-be84-079289d5ec8d,good game,5,0,2025-02-25 12:43:06,5.4
74faddc9-4b15-448f-a4c4-842923608e40,Kgk ngotak,1,0,2025-02-25 11:43:41,5.4
332aa0c5-e228-4d91-9ac8-96205708c37b,kikir,5,0,2025-02-25 11:07:40,5.4
e3f7c57c-2c4e-4c57-a4e4-67ebd92947aa,Bagus game nga tapi tolong pertemukan raiden ei dengan unknown god agar bisa seperti kiana and mei,5,0,2025-02-25 11:02:10,5.4
cde3d488-24e4-4744-afc4-c5c9881fbcf0,Semoga update yg akan datang ada fitur ganti traveler (lumine dan aether),4,0,2025-02-25 10:05:15,5.4
48f6dd83-8318-401b-8e95-d9a37235d337,"Game in not supported on emulator Android,and PC version is very very big size file(i need,no we need delete quest features on PC same as mobile features.",1,0,2025-02-25 09:56:59,5.4
be6451a1-98e4-4577-b850-06af8a297c5c,game nya bagus,5,0,2025-02-25 07:05:30,5.4
d9b4762b-8b63-493a-b08d-e4e19507cb17,"Min hoyo rilis char cowo dong, masa cewe mulu, lama-lama genshin jadi game fanservice",3,0,2025-02-25 07:01:29,5.4
316abefb-a056-4327-8f2f-d58666db46c6,Wahai admin yang terhormat akun saya via id setelah lama tidak login ada keterangannya terlalu banyak permintaan ndan coba lagi nanti udah dicoba sampe 4 hari isinya begitu terus ada apa ini apa memang servernya udah tutup ya?,1,0,2025-02-25 06:44:08,5.4
9e691c54-bc3c-4994-8a4a-962f1d655362,"hoyo ayo dong bikin fitur ""ambil semua"" di achievement, aku udah nimbun 300 achievement gara-gara malas ngambil satu satu😭😭😭",5,0,2025-02-25 05:09:32,5.4
4e9942e8-ac34-4548-a13b-69cbfa019392,bagus sekali tapi sayang di hp game ini tidak se realistis di pc,3,0,2025-02-24 23:00:59,5.4
799ac344-e3e2-461b-adda-d44238519337,Tolong dong mencari primogemsnya di permudah🙏,4,0,2025-02-24 21:43:18,5.4
82925e4d-4be9-4a18-9e93-c6c6ce4cc834,seru,5,0,2025-02-24 21:27:15,5.4
ce63d1f6-24bf-4ac2-87b4-919ec15248ff,Nice game,5,0,2025-02-24 20:36:40,5.4
c61d2300-d9d7-4fd0-975f-5d9aa3beb2ac,game pembuat kerja rodi baru kali ini loh ketemu game dengan sistem gacha paling ampas yang bener aja dong masa dapet artefak udah bagus udah double CRIT lah yang naik malah deff apasih maunya developer game ini ingin membuat player semakin lama bermain game??? Yang ada jenuh saran aja mending di perbaiki sistem gachanya jangan menyusahkan player,1,3,2025-02-24 19:34:57,5.4
fc9a0bcc-4a09-4b9d-9ea0-bc6c827332d9,Game seru,5,0,2025-02-24 19:32:26,5.4
e2d2b30c-b385-4001-807c-9240633c3d27,"Saya akui Genshin improve buwanget lho ya😹. Udah main Genshin dari 1.0. Gila, berubah banget. Walau archon quest Natlan tidak sebagus dan tidak sememoranble Inazuma, Sumeru, Fontaine, saya rasa gameplay yang ditawarkan tetap ada perkembangan. Jadi meski secara story biasa aja, gameplay banyak yang ditingkatkan. Apalagi di bagian eksplorasi dan gameplay karakter. Dan untuk minigame di versi terbaru, rasanya banyak yang improve. Apalagi di story quest Mizuki. Dan fan service? who care.",5,36,2025-02-24 19:22:31,5.4
b586b78d-676a-4667-a236-aec1d9f239f6,"Gem suki anjir , masa banyakan char cewe yg cowo dikit bngt jir lah, mana suka kikir lagi 😡😡😡,setori nya bikin ngantuk jir lah mana ga ada tombol sekip",4,0,2025-02-24 18:54:53,5.4
c8eff2c2-7704-4231-ad1b-efeaad9a9b81,Game terbaik,5,0,2025-02-24 18:48:41,5.4
a28e490e-4ff9-46a4-a13a-c6732e0ad503,TAMBAHIN FITUR SKIP DIALOG NYA ANJENG,4,0,2025-02-24 18:31:07,5.4
7405e372-4436-4877-b22f-e9393059ba9d,anj game kikir,1,0,2025-02-24 18:22:04,5.4
65418291-def3-4f1c-9ce1-ca6e25d797b2,wahh admin nya sangat ramah dan fas respon,5,1,2025-02-24 18:19:27,5.4
67af3391-baae-42a9-8f82-b5b9e47a9bba,"Game kikir, gak ada peningkatan signifikan. Milking karakter doang tapi development karakter lain di anak tirikan, animasi kaku dan daur ulang. 4 tahun jadi game beta doang bukan game global rilis ini mah.",1,5,2025-02-24 17:35:04,5.4
a0c9c5d3-88f8-4b09-9b15-1834accd4226,Mantap,5,0,2025-02-24 16:56:05,5.4
ea46d211-6e40-4550-a5bf-f770e3846ca4,Yaallah pengen banget dwld gensin tapi penyimpananku cuma 8 gb:(,5,0,2025-02-24 15:52:02,5.4
a71a6085-2291-4798-afca-882164d67e4e,seru abiss gameplay nya,5,0,2025-02-24 15:26:33,5.4
f4ad1661-8a42-43ee-b5d7-f1bb4e5da7c8,ku kasih star 2 kebanyakan ngoceh,2,0,2025-02-24 14:39:02,5.4
e34bad80-ab90-43fb-b862-b7bfcb56a073,download data nya lama,1,0,2025-02-24 14:29:12,5.4
103cdd01-bb2b-4309-b2c0-b20b0dd92046,"loadingny lama bgt😭, nungguny mles",4,0,2025-02-24 13:55:28,5.4
9e71ef81-f940-4b3e-9aaa-bb15f1c20a62,"sangat memuaskan dan memanjakan mata, cuman skali kali kasih tiket gratis buat gacha"":))",5,0,2025-02-24 13:55:04,5.4
dae965cc-1d79-4d5e-8cf2-8b5afe240573,"tolong dibaca ya hoyoverse, jadi gw baru aja comeback setelah lama hiatus, yang gw perhatiin ni game mmm lumayan ada beberapa fitur menarik. jadi gw kasih bintang 3 dulu yak nanti kalo gw dapet furina gw update ke bintang 5 😹",3,0,2025-02-24 13:42:37,5.4
9e1adc09-a6e1-4a4a-8cea-3951fe1addff,"Dear developer. Tolong tambahkan fitur skip untuk story"" nya 30min cuman buat dengerin orang bicara ga ngotak",2,0,2025-02-24 11:34:58,5.4
b1b00cf5-7e55-4528-96a9-600931a122ca,buat kan fitur skip story,4,0,2025-02-24 11:18:39,5.4
a59a9adb-aef6-4a3e-8f73-cbaf39d8c2bb,Best game!!,5,0,2025-02-24 11:00:25,5.4
76219c68-796a-4a33-8e2a-c12cf172dd3c,Public enemy,1,0,2025-02-24 10:54:51,5.4
1e678491-9dca-43e0-81c4-f95d3c8abda6,"game yang sangat seru meskipun awal"" masi binggung tapi game nya asikkk dan sangat menghibur,, cocok untuk di tamatkan sihhh😍😍😍😍☺️☺️☺️☺️",5,0,2025-02-24 10:46:22,5.4
2d9ce93e-1b9e-4d02-814a-dadeea79ce88,Gokil,5,0,2025-02-24 10:19:02,5.4
cfd6fe4f-dba0-452d-9162-c32aefb71c70,I like it,5,0,2025-02-24 08:49:00,5.4
ca98eff2-45e6-4a10-9255-f1911f1cf2e7,tolong permudah stat artefak yang di mau dan perbanyak bansos primo. otw bintang 5,2,0,2025-02-24 08:36:25,5.4
b7b51599-4f77-47b4-bafe-fdc180a5abfe,Nice,5,0,2025-02-24 08:15:01,5.4
a9e0ca8b-fa1b-4256-b883-60de7958b76a,Now log in quickly and continue the adventure is good too.,5,0,2025-02-24 06:08:53,5.4
c839edc7-f4ea-46c7-a7dc-e622416e37d3,Bagus,5,0,2025-02-24 05:42:25,5.4
23cc4585-b76a-47f2-a0fa-eeef6b924afc,QOL MANA? JUALAN FANSERVISE MULU!!!!,1,2,2025-02-24 02:06:56,5.4
32f7b641-b6fb-4dc6-afd3-3585608330c3,game terbaik yang pernah ada,5,0,2025-02-24 01:04:14,5.4
12964ce1-e9b0-4333-bc5d-496986d99af6,Bagus,5,0,2025-02-24 00:09:48,5.4
b0752fe8-4ef0-4b9a-b56b-7df5b0bee065,Jossssss,5,0,2025-02-23 23:56:28,5.4
7f8c6ae3-0d73-4923-9246-972294a20d41,game kikir gw kalah rate of terus cuma 1 kali menang rate off mana di kasih diluc terus sampe c4,1,3,2025-02-23 21:36:18,5.4
63700620-7281-4196-8c93-259562626aeb,I like this game,5,0,2025-02-23 21:34:19,5.4
380c7818-370a-423e-90d8-e99326a7afe8,Seru game nya semoga semakin di kembangkan gamenya,5,0,2025-02-23 21:31:49,5.4
0f262e03-5dee-4ab0-a708-b6d1392c4cc8,males main gamenya udah ku download datanya malah ke ulang padahal udah ada di penyimpanan nya,3,0,2025-02-23 21:27:20,5.4
939eba10-dc15-45da-b71d-ca7cf156c722,Aku suka banget apa lagi rate off nya 🥰🥰🥰,5,0,2025-02-23 20:53:31,5.4
3bab644f-4f5b-45fc-a498-7a9a23e4f440,Pertama cumn 200mb an Unduh nya 33 gg lebih. Udh maen beberapa hri minta updet lg skitar 200 mb lebih Buat hpe yg memori internalnya di bwah 120 mening up dulu dah. Kyanya tiap minggu yah minta di updet. Skli updet 80 mb 100 mb. Lama2 ini gem bisa 90 gb. Bikin hpe berat aja. Bosen juga gemnya kurang seru. Males ah sy unisntal aja.,1,3,2025-02-23 19:15:25,5.4
d1b6323e-2bc8-41d5-a55c-faec3c89c47d,Buset bang gw donlot Daleman datanya abis 30gb itu juga blm ke unduh semua,1,2,2025-02-23 18:42:31,5.4
ec8c9b66-2843-4434-83d9-0c807ce3b28b,tambahin hutao,5,0,2025-02-23 18:18:36,5.4
0d935130-bb13-4e87-9b2a-9cc75fa903e7,bagus bangett,5,0,2025-02-23 18:15:25,5.4
7c464a5a-e62b-4aff-a1cb-fe1e3d277824,bosen yang rilis karakter perempuan mulu. padahal lore bagus tapi perbandingan karakter perempuan sama laki-lakinya kaya 1:100. saya kasih rating 5 kalau udah rilis karakter laki-laki yang cukup.,1,8,2025-02-23 18:15:10,5.4
23bccaa9-f1d6-4519-83ac-688259755f37,"terlalu banyak dialog,jalan dikit banyak bacot ,kurangin pembicaraan yang ga penting,kalo terus gini ngerjain quest jadi pening,gacha char dipermudah,itung itung juga sedekah",3,0,2025-02-23 17:23:30,5.4
970fec4f-91df-43c0-a0bd-99bd8d707bb1,"kuota ±20gb terbuang sia2 buat unduh data, terus pas ngeklik hentikan unduhan ulang lagi dari awal, kenapa jadi kaya gini dah, padahal dulu ga kaya gini. kamu berubah, kamu udah ga kaya dulu lagi 😔",1,1,2025-02-23 16:25:41,5.4
dca22c28-c70f-4166-8fdd-9b52dc152d5e,Great game,5,0,2025-02-23 16:20:18,5.4
f6546cf1-996b-41b1-ac2c-1983507f5863,W game,5,0,2025-02-23 16:08:49,5.4
b737a28a-f450-4695-a515-516e61de3c7d,Gamenya bagus banyek kayak anime fantasi atau isekai,5,0,2025-02-23 15:43:48,5.4
dc30edce-b4dd-4f4a-ae18-9a075355287e,Mantap,5,0,2025-02-23 15:33:02,5.4
70e77f7d-a367-4454-9ee0-275c56461ed3,Keren,1,0,2025-02-23 15:32:46,5.4
d502b8f8-27f8-4179-8a22-25a8fa1460eb,"Game RPG yang top dari segi art direction, story, dan gameplay-nya.",5,1,2025-02-23 15:05:52,5.4
46eb68ea-51f9-475b-9953-097e469c5a57,"overall untuk genshin udh bagus,apalagi klo bansos lancar yh,dan plss ini yg harus diperhatiin BANYAKIN CHAR COWOK PLSSSSS KITA PEREMPUAN JG BUTUH COWOK TAMPAN😭😭😭😭😭😭😭😭",5,0,2025-02-23 15:03:08,5.4
a115e002-21f5-49be-ba4a-af77bef943ae,"I tried to get a good artifact for 2 weeks, but I didn't get any good ones. All trash.",1,1,2025-02-23 14:39:54,5.4
7b52707d-c5f5-42c3-bad9-92bb972a5dfe,nice,5,0,2025-02-23 14:15:06,5.4
2a8f40bb-710d-4421-8850-904c4b1cf42f,gamenya bagus alur nya juga keren pokoknya keren dah game ini walaupun hp agak menyala tapi gak papa lah,5,0,2025-02-23 13:44:27,5.4
07891e9c-e545-403c-95c0-0b9d39f5e3fd,sukaa,5,0,2025-02-23 12:25:22,5.4
2c184581-bae1-4215-9386-4066cf8a5ed9,Game nya mantap makasih hoyo Btw tambahin bansos dong Hehee🗿😋,5,0,2025-02-23 11:59:12,5.4
3f1e0f71-0f58-49e2-b4fb-28fd5e8b2286,Sangat luar biasa. seru.,5,0,2025-02-23 11:37:17,5.4
bcfce153-f323-453e-8f3e-39d5761483e0,"Pls listen to ur player, and add controller to android, i alr buy controller",1,0,2025-02-23 11:19:06,5.4
e845e25a-3762-437e-86a9-b1f033b58a69,ini cuma bisa di PC apa gimana ya?? di handphone ga bisa 😾,3,0,2025-02-23 10:24:46,5.4
10a433a3-a903-4bde-abbb-feecb165c021,"Wahi Developers berikanlah primogems lebih banyak untuk pemain lama, beberapa versi akhir-akhir ini seakan-akan player baru yang diuntungkan",5,0,2025-02-23 09:25:16,5.4
1e76eb0e-df90-4259-92f2-dc51fd1f424f,Open worldnya membosankan,2,0,2025-02-23 09:21:32,5.4
9399cc3f-0d00-4ddc-98a6-ce5a32d3d777,oke sii,4,0,2025-02-23 09:14:38,5.4
b0ab0019-4ba7-414a-91a0-4b449a3a693f,udah download data sampe 8000 mb malah balik ke 0 lagi yaelah.,1,0,2025-02-23 08:31:22,5.4
3b521b1f-00b7-4932-8565-b1067271d6c6,susah nyari element yg di pingin.. gacha 10x banyakan senjata malah dapet.. nyari element yg dipingin nda matok b5 intinya element kyk bannet susah banget stateran,1,0,2025-02-23 08:24:07,5.4
1756a9ee-95a2-4ae7-a93e-a68206bf8092,mantap,5,0,2025-02-23 08:21:21,5.4
4cd89e71-abc4-4fe0-bc51-f7f62b106d06,"Dari dulu gapernah berubah, penguna HP selalu menghubungkan kembali, karena ini game saat percakapan tidak bisa di skip jadi ketika menjalankan mainquest tiba"" Menghubungkan ulang jadi haru dari ulang lagi percakapan yang panjang kali lebar, saya memainkan genshin di HP dan PC mengunakan 1 jaringan tapi hanya di HP yang selalu menghubungkan ulang dan ini mihoyo gaperduli karena emg dari dulu problem gaprnh berubah masalah menghubungkan",1,12,2025-02-23 06:52:59,5.4
062522ba-4426-4c64-a179-3f187fd3458a,SERUU BANGET GAMENYAA SUMPAHH DEHH!!,5,0,2025-02-23 04:43:54,5.4
5069752c-a3f1-436c-a782-9796ed55df01,Nice,5,0,2025-02-23 03:42:29,5.4
9d835473-2b72-4fcf-8b3a-65fc5f43ab78,Management buruk,1,0,2025-02-23 01:37:43,5.4
e825e311-4a53-469d-8b36-467b75f812d1,"Keren asyk, bisa menikmati keseruanya",4,0,2025-02-23 01:11:24,5.4
7cee7acb-9a96-47a9-8b46-6314b62d2302,"ini penerjamahan bahasa indo kenapa jadi banyak tah toh tah toh nya bjir,bisa gak gausah pake bahasa daerah buat nerjemahinnya,jadi ilang feel storynya gara2 baca terjemahan yg uh...menjijikan.terus storynya jadi gampang aja ditebak gitu,bikin ilang kesan wah nya,terus si mc aether suka sok care gitu sekarang, jadi jijik gw.bagusan pas masih di inazuma,sumeru ke natlan ampas.mau di hapus tapi sayang karna udah gaxha banyak char.nanggung jadinya,kalo mau ampas,ampas aja sekalian.mending main ZZZ.",1,10,2025-02-23 00:37:55,5.4
b7a3a688-2be8-4e62-b495-cd41cd04d131,"GAME NYA BAGUSS, TAPI BANSOSSSSSS NYA KURANG OI!!!!!",1,0,2025-02-23 00:36:50,5.4
a4bd9beb-aad5-4913-99f9-c74ae191a118,Apakah bisa main di ram 4 ? Oppo y24,5,0,2025-02-23 00:17:21,5.4
55d56829-4d52-4e45-9e4b-cf12f6548ff5,"Game ampas banyak yapping, kikir, sistem artefak juga gacha hoki""an",1,1,2025-02-23 00:10:41,5.4
625cf896-470d-4af6-8935-ac556d763514,nice,4,0,2025-02-22 23:13:56,5.4
f8ace098-a3de-4a10-bb0f-7e3af0f75174,bang mihoyo bisa ga bawain kazuha di rumah saya?,5,0,2025-02-22 23:05:37,5.4
4b4c425e-d1ea-4a64-b663-27e69d9828f8,"Fantasi Menggandakan diri Terlalu susah !! waktunya terlalu cepat.. yang buat challenge tolol !! Belum apa apa waktu abis buang buang waktu buat selesain misinnya.. ini bukan Game teka teki, jadi jangan dibuat terlalu susah !!!",1,6,2025-02-22 22:53:48,5.4
3909b0d0-22d1-4f03-822c-e76e14c8968f,Monster abysnya KURANG KERAAS HOYOOO,4,0,2025-02-22 21:04:50,5.4
1d050110-72fc-44a9-9a8e-f664eb22e0eb,"gaada fitur skip percakapan, quest nya ngebosenin, tambahin endgame gelud dah itu aja",1,3,2025-02-22 20:55:32,5.4
3980e310-2acc-43db-b1a6-19c9037ae8b1,Ya sepertinya aku suka game ini,5,0,2025-02-22 20:24:53,5.4
6b26d069-65bb-4ff8-82d9-6f651f76f621,Game yg bagus,5,0,2025-02-22 20:12:56,5.4
895f4b6a-e255-4c93-86b4-b6f6db548564,"account suddenly hacked. miHoyo team underestimate security? it's really a shame miHoyo is very incompetent with this, they take this for granted.This is worth asking, why wasn't something like this fixed sooner?!",1,0,2025-02-22 19:33:44,5.4
35592306-0282-46e6-a27e-ea845f4fc152,Bgus,5,0,2025-02-22 19:19:22,5.4
b0d188af-c645-497c-84ae-b5618c496985,Males ada unduhan apdet lama banget 🥲,1,1,2025-02-22 17:52:01,5.4
c6f11723-5635-4caf-8a59-f3fa33d80716,sangat keren,5,0,2025-02-22 17:28:37,5.4
a6f741b7-a7f0-40aa-94d5-d37cc6b64f59,Bagus banget game nya,5,0,2025-02-22 17:22:47,5.4
eaa09294-cf6b-432d-a22a-cb98c9d53c87,"Game yang sangat indah dengan grafik yang membuat mataku tidak bisa berkedip, aku sangat suka dengan game ini pokoknya kata aku mah keren🥰😍",5,0,2025-02-22 17:01:05,5.4
c5ae6b27-3cab-4495-90c0-0660d75b2088,Terlalu banyak bacot yg kaga penting,1,1,2025-02-22 16:58:38,5.4
4074a3ed-c6d5-4743-81fa-5a4bd8ac4a45,Seruh,5,0,2025-02-22 16:45:25,5.4
4fa308f1-df23-42c7-b392-f5dce6a44e8e,Seru aja si,4,0,2025-02-22 16:14:06,5.4
c23438c0-93bd-428c-935e-e3b00e29dd34,Nice game,5,0,2025-02-22 14:36:17,5.4
e6ecca20-8ea6-4bf0-a06a-7ce96a5c1092,Aku suka dengan game nya seru banget dan aku menyukai karakter utama ini sangat lucu dan imut❤🤭,5,0,2025-02-22 14:27:09,5.4
76c2e421-950f-4752-9316-8285027e4b0b,Game bagus tapi rusak dibagian Artefak,1,0,2025-02-22 14:24:21,5.4
93480823-dde5-4d95-9343-5f898c8f31b5,Aku butuh primogem 1000000000,5,0,2025-02-22 13:16:37,5.4
26c10751-6593-4b41-85a6-99f2a1ec62d0,Nice,5,0,2025-02-22 13:07:44,5.4
32df3b94-5884-45d4-9be5-801abc3082c3,Lumayan game nya seruuuuu,5,0,2025-02-22 12:43:10,5.4
e6b7073f-6a6d-409e-94a0-661c35aeab2c,Tolong adain skip story buat world quest lama bet yapping nya,3,0,2025-02-22 12:06:17,5.4
7b89ce07-cdf6-46a9-b3dd-bac2907b1e8a,Bagus story oke karakter manteb minus kuikir,4,0,2025-02-22 11:59:37,5.4
a5a0d718-ef08-40c7-b568-9c528c6e11ab,Gamenya si keren banget grafik nya si bisa dibah pokoknya bagus deh tapi download nya jangan lama ya,5,0,2025-02-22 11:50:14,5.4
a52cf8c1-87f8-4a76-b765-3642c473e26f,Menarik,5,0,2025-02-22 10:28:16,5.4
4c6ac50a-8ed2-4ca9-a3c7-8377feec558a,Buat newbie seperti saya sepertinya tidak ramah karena kurangnya konten untuk eksplorasi dan gap cerita yang sangat jauh... Jadi gampang bosen🙂‍↕️,1,0,2025-02-22 09:23:18,5.4
4a24706b-d5fd-47a4-a68e-6d81affb69e8,Bagus banget,5,0,2025-02-22 08:37:24,5.4
724b77e5-83e6-4e3a-bcc7-a784d2bbed66,"Keren petualangan yg seru,tempatnya luas",5,0,2025-02-22 08:27:39,5.4
675d7fa6-fb93-487d-acb9-044fffcaa87f,Gak bisa login akun.,2,0,2025-02-22 06:49:04,5.4
8bf2d22c-19f6-4190-b667-e084bf2ac8a0,Very Bad Gacha System. Why weaponry need to be 50/50.. You will lose a lot of player and chanhe to Wuthering Waves if dont set 100 % weaponry.,1,0,2025-02-22 06:46:25,5.4
7d49ff6a-85ac-4901-947e-73c932a67730,tolong jangan terlalu pelit ya.. ini akun ke 3 ku.. 2 akun terdahulu tak ada 1 pun yg mendapatkan hero bintang 5 .. plissss jngan terlalu pelit,5,0,2025-02-22 06:20:43,5.4
6c5c0ac1-2a39-4697-bb33-556162ceb1b9,Baru mau seneng karna udh download eh disuruh download data lagi 🗿😔🗿,5,0,2025-02-22 05:43:11,5.4
80d52403-5608-4d9c-8df4-30b8aae7747b,Semoga game nya bisa enteng dimainkan di semua hp yang standard,5,0,2025-02-22 05:32:17,5.4
e070cd69-20d7-411d-94ab-9c32f42e2870,lumayanlah,5,0,2025-02-22 03:51:05,5.4
75bbcd24-cbc8-483c-8bc9-eaf262690628,Bagus sih ni game cuman speknya harus gahar supaya bisa nikmati grafik rata kanan,4,0,2025-02-22 02:37:41,5.4
d1f62c50-77bb-450f-aa9b-0dc5fd7aef13,"Gamenya seruuuuuu, banyak petualangan yg blm terselesaikan, pokoknya baguslah buat game ini",5,0,2025-02-22 02:15:01,5.4
6794ad4e-6650-4734-8c07-037d3dc72b9c,Bagusko,5,0,2025-02-22 01:36:44,5.4
fa143304-9a40-4e74-a724-73cc4a53837b,game kikir,5,0,2025-02-22 00:16:48,5.4
7e46e9ff-258a-4554-954a-67529f871bc2,"apalah pas udah masuk portal teyvat malah loading white screen , ga berubah samsek",1,7,2025-02-21 22:53:56,5.4
f0051efa-fc02-4e6d-a7c5-6f3db7e8db7e,seruuu,5,0,2025-02-21 21:20:37,5.4
49cbe628-2f8c-433d-9742-0aff7362856b,Sangat seru,5,0,2025-02-21 21:04:13,5.4
82988d04-03dc-4328-bee2-b6eb405e08f0,👍👍👍👍,5,0,2025-02-21 20:45:30,5.4
877c4142-b990-4571-82c4-9726d97e9ec9,"aku taknak gila gra"" main gim ini",5,0,2025-02-21 20:44:25,5.4
e0373c25-0e14-4893-bad2-7465faba6e3a,Tidak ada tombol skip,2,0,2025-02-21 20:30:33,5.4
32c6515c-8776-455c-8683-6e475aaaf286,Sangat di rekomendasikan oleh saya :),5,0,2025-02-21 18:22:49,5.4
4b058793-3688-4c08-b6cb-4a47f88dcab4,"Game yapping simulator, tolong lah kurangin dialog gak penting dan kasih fitur skip dialog yang gak penting, pencet skip satu satu bikin mual, liat monitor cuma buat skip dialog yang panjang dan lebar sampai satu jam",1,0,2025-02-21 17:10:27,5.4
ba04bee3-a3b7-4008-837c-deb26eeed8fa,Mau masuknya lama betul jadinya aku unistal muak banget 😤,1,0,2025-02-21 16:54:28,5.4
bce7b345-8c85-44d0-bcd1-2c1ca434dd57,Sangat bagus aku sangat suka 😄👍,5,0,2025-02-21 16:22:38,5.4
388472fa-53f3-4b00-a572-bdca24b20f3f,bagus banget Gi game tercinta,5,0,2025-02-21 15:26:12,5.4
401b7f86-f73a-401f-9286-eb3989f715ab,sejauh ini bagus,5,0,2025-02-21 15:24:40,5.4
e737f229-6946-4e6b-84e9-ebdc20131d5f,"LOPE LOPE BANGET SM GAMENYA tapi bansosnya tolong banyakin yaa..soalnya akhir2 ini CHARNYA yang aku pengen semuaa☹️🥀, BTW I LOVE YOU GENSHIN IMPACT!!",5,0,2025-02-21 15:19:30,5.4
06a1ae6d-5231-44da-9711-1e90513fe1b5,Bikin gratisan lebih banyak sih jangan pelit*,4,0,2025-02-21 14:49:20,5.4
8afb4718-32c2-4a3f-a0c1-a1f091d9a20d,mantap,5,0,2025-02-21 14:08:50,5.4
f4bccf35-fc67-4257-b32d-eba700727078,Sediain fitur skip percakapan story dong. Bikin males main klo kebanyakan percakapan tu,3,5,2025-02-21 13:39:57,5.4
f7c23481-f7dc-4fc1-91af-805ce159a02f,Rip hp kentang ろ,3,0,2025-02-21 13:39:47,5.4
0c4332e8-84fe-4af3-a6a6-44243c8bea59,Keren sih.. Knp gk dari dulu coba taunya,5,0,2025-02-21 13:23:45,5.4
306bf021-af23-4f74-90d2-1a2e9884f336,"Game nya cukup menarik, karakter di game nya juga cukup unik², rekomendasi banget buat di mainkan",5,0,2025-02-21 12:49:51,5.4
80189b15-1c35-47af-8ce9-1c1eb6ad9ea3,Game-Nya bagus Tapi Dialog Nya banyak tolong kurangin ya🙏🙏,5,0,2025-02-21 12:30:35,5.4
cbccc99b-51a1-4b5a-ad82-cabf092723dc,The game is minimal development and rarely listens to players,1,1,2025-02-21 12:13:14,5.4
3ff15348-40e0-49a1-a60e-08715eeed487,"Di android kapan suport gamepad ,, platform lain udah support ini android kapan",1,0,2025-02-21 12:11:30,5.4
ca78df89-25ce-43d1-b1b8-89bdb9dba9d7,Game nya bagus dan hd,5,0,2025-02-21 11:42:23,5.4
a9a6cd78-3587-4db1-9458-4a1cb4dd92ce,Goood game bro,5,0,2025-02-21 11:41:15,5.4
42cc4950-1698-4f93-871b-dbc54468e1d0,Kikir kurang bansos,1,0,2025-02-21 11:29:35,5.4
647cbe4a-b106-42de-b67c-372d15d91d35,Seru,5,0,2025-02-21 11:16:23,5.4
9591335c-331a-47c1-9922-238f0d1324e1,Seru penuh pengalaman bermain pokoknya seru,5,0,2025-02-21 09:53:35,5.4
9e2ddbbc-dea2-462c-8a17-72bf8256517a,Seru sekali,5,0,2025-02-21 08:53:19,5.4
1e63562c-ff8a-4264-ad63-56e49e254614,Game ini sangat keren lp,5,0,2025-02-21 08:12:30,5.4
2086e860-49b6-46a8-a5c0-d7af07128ca3,Dih belum main udah d0wnload nya 31gb mna download nya lama setengah harian blum nyampe 12%persen mau auto unistal,5,0,2025-02-21 07:37:35,5.4
2e80f446-5222-4207-b78a-cfe251cf93b1,Mantap hp j2 gw berasap,5,0,2025-02-21 03:11:29,5.4
5d2375a8-742a-49b8-a970-7c9a6704e322,Seru,5,0,2025-02-21 01:21:33,5.4
ffa7f48c-5c22-4771-8e61-e707246ba1b3,mantap,5,0,2025-02-21 00:15:17,5.4
8deba01d-05e1-4193-8d97-f88746f014e4,Loading nya lama banget game burik,1,0,2025-02-21 00:00:23,5.4
689c2198-8975-4a63-8484-f6bab410e289,masuk nya lama,1,0,2025-02-20 23:38:21,5.4
728e8058-d7ba-4d56-8013-2a6a34bd3fab,Bagus serasa berpetualang di dunia ikeh2,4,0,2025-02-20 22:30:50,5.4
52576446-0fe4-465f-a68f-1fa50be39feb,"balikin fitur cek username di cloud yang lewat lupa sandi min, kalau ga.... mungkin beberapa minggu kedepan ni rating makin turun",1,0,2025-02-20 21:09:27,5.4
75f06f79-54ee-4da5-b4d0-384deb7b13c1,RPG Keren,5,0,2025-02-20 21:04:24,5.4
e0dad97e-e9eb-4087-a027-88aa2b5be0dd,"bermain 20% Story telling 80%,berantemnya ga sampe 5-10 menit,dengerin ceritanya 30menit",1,0,2025-02-20 20:43:46,5.4
6195e8d1-76ba-43a2-95d2-3b2a1b006d47,Candu,5,0,2025-02-20 20:17:33,5.4
232bbf8a-7bfb-4a00-97ec-12ff78425c76,Mantap,5,0,2025-02-20 20:08:53,5.4
9320a956-2ab4-4a86-8b7f-b4f692d15e21,"Game bagus, buat ram turunin dong min ke 15gb , jan sampe 37gb kebanyakan",4,0,2025-02-20 19:27:53,5.4
8a411485-13df-42be-874c-bc80df091983,Please add options to place the data to sdcard storage😓,4,0,2025-02-20 19:00:16,5.4
d634ae77-f8c3-42a5-b810-421489025668,aku main selama 2 bulan dapat bintang 5 chiori apakah latar bintang 5 pertama aku yang limit tapi ini kalau mau unduh data aku harus nunggu selama 16 jam buat untuk data ini bukan masalah internet internetnya lancar,3,0,2025-02-20 18:45:20,5.4
1ddd24d0-fea3-4f3e-a935-074a0ba407e7,Bagus banget game nya,5,0,2025-02-20 18:42:33,5.4
23d79efb-c34f-47fb-adba-5bb721b09a0b,kerennn,5,0,2025-02-20 18:24:08,5.4
2df9d6ad-f2c0-4c6f-bd85-2eee82b2ae5d,Ok,5,0,2025-02-20 18:03:46,5.4
75eb8420-6c67-4713-b6a2-61460017bac6,Kalau ada fitur gamepad pasti lebih seru mainnya,5,0,2025-02-20 17:33:58,5.4
a8abf035-5f76-4b3a-86a4-bf56181a6c85,GAME AMPASSS TUTUP SERVER AJA,1,1,2025-02-20 17:29:53,5.4
1fc963b8-9fbc-4114-8cf3-3d86c534be9a,Bravo,5,0,2025-02-20 17:28:34,5.4
f30850e2-0461-48c1-a5e3-2496b25130a8,"bad game's. farming artefak itu sedikit susah, selalu dapat ampas atau artefak yang jelek jelek, jadinya fragile resin itu cepet habis. Dan tolong juga tambahkan maximal conded resin ke 10 atau berapa pun itu. and why is there rarely a male b5 char in this game? also there is a lot of fan service for men, do you think this game is only played by men? don't add more male b5 characters don't just you get more char b5 female.even from the appearance of the char b5 that will come out there no man",1,0,2025-02-20 17:27:23,5.4
6ee6a668-83b5-4428-b380-3cefa5166c99,GAMENYA BAGUS TAPI PLZ LAH HOYO AKU BUTUH DIALOG SKIPPPPPPPPPPPPPPPPP,3,0,2025-02-20 17:25:38,5.4
46c283b4-0ace-427d-a2c1-cc83b1c3fd44,👌,5,0,2025-02-20 17:15:35,5.4
40b33297-0dd8-403b-bb91-ebf136180ef8,seru bgt gamenya🤭,4,0,2025-02-20 17:14:08,5.4
8a41f593-a8fc-4e40-af27-2d962e9bfb4c,MMAAANNNNNNNNN I HATE THIS GAME,1,1,2025-02-20 17:07:42,5.4
79a0d886-c1c2-4012-a139-6bc46bd47073,Game nya yang terbaik bagus dan keren banget pas main atau maim barang sama temen he karetater nya bagus dan emak kalau mau bertarung melawan Lawa sekian dulu terima kasih,5,0,2025-02-20 16:52:11,5.4
f11856b6-6a87-4aa9-b853-77f93f083132,Baguslah,5,2,2025-02-20 16:33:10,5.4
1362bcd1-3c38-4ca4-880d-b00a7423908d,Game baik,5,0,2025-02-20 16:21:16,5.4
5b1f16dc-dc54-4e87-8b01-eded64ac5a1d,"Okelah,dari segi grafik gabisa berkata kata,emg bagus banget walau make grafik menengah ,tapi saran kalo farm material buat talent level 6/7/8/9 kasih batu yang buat ngubah material 1 ke material lain,udh beberapa kali kill boss kayak apep,itu kadang gadapet batu nya,jadi tolong perbesar buat dapetin batunya,masa udah nunggu 1 minggu,pas ke domain eh dapet yang lain,itu aja sih selebihnya buagus",4,1,2025-02-20 15:13:12,5.4
e8cd8e97-e545-4be3-8ac7-c2cac0180877,Beh jangan ragukan grafik nya mantap banget,5,0,2025-02-20 14:50:23,5.4
ea87fc6f-5e0c-449e-a55b-25f5396e8f09,"Terlalu banyak percakapan in game lebih mirip game Novel yg lebih mengutamakan alur cerita dari pada player play, & percakapan pada alur cerita quest gak bisa di skip semua harus satu persatu.",1,0,2025-02-20 14:27:06,5.4
aa3f787a-af45-4c8a-8ae6-9c5a4c84969f,bagus banget,5,0,2025-02-20 14:17:39,5.4
2f602927-40c2-4ebd-998e-439dd31ca0cf,"genshin akhir² terlalu fokus untuk update di bagian fitur,tolong dong update berikutnya lebih banyak ada aktifitas interaksi yang lebih banyak juga eksplorasi yang bikin kita ga bosen,jangan terlalu fokus dengan fitur fitur artefak yang membosankan",5,1,2025-02-20 13:25:17,5.4
f9f8f5e6-e657-4a22-8548-2ee222a3a61d,3 doang bintang nya Penyimpanan aku Ama Kouta ku sekarat gara gara neeeeeeee -_-,5,0,2025-02-20 13:22:29,5.4
e3cea871-7f90-465c-89e1-6bbe4310c3d6,kenapa sih setiap mau login download shader nya lama banget keburu ketiduran su,1,4,2025-02-20 13:07:58,5.4
8442c3a2-e313-4f8b-94a2-80be26e809d0,Aku kembali,5,0,2025-02-20 12:50:27,5.4
2f44a398-b919-474d-bc0f-e1cfd273d529,Keren,5,0,2025-02-20 12:46:45,5.4
e401374d-d12a-491a-b7cb-83bdb2292e76,Size nya mulai mengkhawatirkan,5,0,2025-02-20 12:33:01,5.4
72681edb-4201-48e5-bab1-3a0e21fb6f69,Boleh lah masih blajar,5,0,2025-02-20 12:28:39,5.4
e8a03ad6-caff-4015-8a01-a76039b0ba2f,Good...,5,0,2025-02-20 12:14:24,5.4
87f06f29-115f-448c-9a84-eefd095da074,Sangat bagus dan gak bikin bosen,5,0,2025-02-20 11:24:45,5.4
7e981251-beb2-4912-b904-46da9d1077a1,Good game,5,0,2025-02-20 09:03:28,5.4
1ca8e564-2032-48a4-8f91-5261f6bca586,sesuai tapi minus kikir doang dalam segi gacha,5,0,2025-02-20 08:08:40,5.4
07ad1854-8fc1-4977-83d9-31659b952ba7,Gacor,5,0,2025-02-20 07:47:54,5.4
bf46b54f-ba9d-4d3c-b97c-21fdddbd0740,Game ini sangat seru dan grafiknya mantap,5,0,2025-02-20 06:41:34,5.4
842be2fb-1812-49ca-9b2f-67c308ad12cf,"Karakter laki-laki semakin jarang, kualitas design karakter menurun, dan kualitas eksplorasi juga menurun. Desain dan story karakter dibuat terlalu banyak fanservice terutama ditujukan untuk player lelaki. Dev juga tidak pernah mendengarkan player.",1,337,2025-02-20 05:04:53,5.4
8990fb8e-4b99-4345-8944-ee96e9518dd8,Sugoiiiii,5,0,2025-02-20 02:43:57,5.4
c7279de9-eb0f-4229-8100-83579964ce06,Seru,5,0,2025-02-19 22:08:26,5.4
2c979a0b-d136-43bf-8bf7-4d1189b837bf,Geme nya bagus tapi hp ku lokal mau beli hp red magic 10 pro tapi masih lama terima kasih sudh menemaniku,5,0,2025-02-19 21:19:52,5.4
97030712-2710-4fe0-bdbe-826495ebedf5,Kekebaen cerito,3,0,2025-02-19 21:14:05,5.4
5c761ccd-fce2-46ce-9173-2c02e7502030,mantap,5,0,2025-02-19 20:55:30,5.4
d3b5dc9d-2b65-41b6-acb5-c4e3963fef7e,Baguss keren grafik nya,5,0,2025-02-19 20:42:07,5.4
cbf03d2c-1b42-43f6-a58b-dfca85f04d9d,Mantap sekali....,2,0,2025-02-19 20:18:00,5.4
f3885808-e658-4a4e-bd72-8925a21e1930,"jaringan selalu reconect,dan kebanyakan cerita dari pada misinya,serasa nonton atau baca komik bukan bermain game",1,0,2025-02-19 20:04:28,5.4
41b5063f-b4fb-4ba7-ac74-4abf5268c73e,Hampir bintang 5 karena bansos nya dikit,4,0,2025-02-19 18:51:23,5.4
ca5516c3-3db0-4121-83a9-12f7b6022607,Game ini sangat seruuuuuuuu!,5,0,2025-02-19 18:41:24,5.4
d611a486-cff4-43d3-97df-a554e13c041c,Game ini telah menghilangkan jiwa sejatinya sendiri,1,2,2025-02-19 18:10:59,5.4
076e50d1-6ebd-485b-af77-7ce3a51dd065,sangat seru game yang tidak gampang bosan,5,0,2025-02-19 18:09:00,5.4
aacf70cf-4e54-4b59-b6e0-91dcd6bc5014,"The game is very good, in terms of graphics, gameplay, etc., but why does it take so long to load the game? Please developers fix this 😭",4,0,2025-02-19 17:54:19,5.4
e6153749-db33-47c4-b7d5-73872c959a29,Good,5,2,2025-02-19 17:49:14,5.4
3c4e5d8c-4d22-4937-a99a-024c00a70f52,Mantab,5,0,2025-02-19 16:58:17,5.4
aaaf22a4-18e8-4e38-9f0d-458c398f97c3,Make more men,1,2,2025-02-19 16:50:33,5.4
169bf3b8-f110-4e55-ab84-503dc1d9f5cd,"sementara kasih 4 dulu, overall lore menarik, karakter desainnya bagus, tapi yg bikin saya kasih rating 4 itu: 1. Dialog di versi yg sekarang panjang dan bertele-tele. tambahkan tombol skip untuk dialog. Dialognya panjang, nggak penting dan nggak bisa diskip, banyak player yang pake autoclicker buat ngeskip dialog. 2. Karakter banyakan perempuan, dan terlalu fanservice. Di beberapa game seperti Zenless memang gitu, cuma genshin ini dikenal bukan karena karakter fanservice, banyak player kecewa..",4,34,2025-02-19 16:16:50,5.4
27b9a8b9-b66b-4883-8bdf-5ebe3877eaef,"Quest terlalu panjang hadiah gk seberapa, malas kalo nyelesain quest",1,2,2025-02-19 16:11:36,5.4
dc666ba7-8a15-449a-820f-c4f65f43c1bf,Keren,5,0,2025-02-19 16:10:35,5.4
58561caf-cee9-4f0a-ac54-074eb8dff5c8,"Dear, genshin Perbanyak chara2 cowo",3,1,2025-02-19 15:10:05,5.4
66fb6f74-0f3a-4173-b5ec-310fe3c6fa69,"Makin sini makin kaga jelas jaringan untuk main genshin, padahal maen game yang lain aman aman aja",4,5,2025-02-19 14:34:05,5.4
ffad32b3-cd0f-47e9-a113-85807843b51d,"Gamenya seru,cuman gachanya aja si yg kapitalis",5,0,2025-02-19 14:28:23,5.4
4ab7b79f-e305-4fe4-8466-5fa66bedd339,Mayan seru lah walau gchanya ampas mulu,5,0,2025-02-19 14:03:18,5.4
a6d26b2d-09ab-46e9-8474-1cc2f6d32794,Aku suka banget pas eksplorasi tapi malesnya cuma naikin level karakter aja tapi tetep bagus dan kalau kalian suka main game bertualang gitu wajib sih main ini karena emg seseru itu apalagi pas mainin teka teki,5,0,2025-02-19 13:36:21,5.4
dc1de61f-c3f3-4660-8467-33206d43a66b,Any ghensin converting shader player always needs extra patience,2,0,2025-02-19 13:26:24,5.4
d79dedc2-c560-4d99-a6d6-6c99467d53d5,kenapa voice dari character suka menghilang dan ada sedikit bug di saat meng-upgrade lvl dari character mohon developer,3,0,2025-02-19 13:03:46,5.4
c45e6b35-5c01-4b79-98ee-4f5e5a1e22f9,game full yapping💀💀💀,1,0,2025-02-19 12:57:42,5.4
bb3b6eb4-815c-47fc-b847-6781249a4187,Tolong di buat kan tombol skip cerita sangat membosan kan,2,0,2025-02-19 12:22:40,5.4
c4e3d5dc-07e8-4c9a-91af-1bd1736bacc2,Gamenya sangat pelit saya gacha 5x tpi tidak dapat karakter b5 biar satu padahal saya baru main ini game,1,0,2025-02-19 12:13:46,5.4
7391f899-4817-480f-b9b3-8c13636c5458,"percakapan nya tolong lah bisa d skip, lama amat bosen JD nya",2,0,2025-02-19 12:06:00,5.4
b5bb66bd-b7b3-4d10-9f8a-2b300fe9d4f3,Bagus game nya tapi anime kok paimon ehe kepala bapak kau ngakak tapi paimon anak Malaysia,5,0,2025-02-19 10:52:22,5.4
84e03a51-9c54-4cdd-b8b6-6306c5f92ffc,Pelit bgt kochak,1,0,2025-02-19 09:54:48,5.4
1403d789-f184-41b1-9813-8a1b52b54322,Story bagus cuman bansos nya sangat sedikit bahkan tidak ada,4,1,2025-02-19 09:54:04,5.4
82d1de40-e027-40ea-a560-74a6fe3ba0b8,Geme kikir,1,0,2025-02-19 09:52:44,5.4
8a327760-fe8e-486d-87f0-89e2653c889d,Gamenya bagus kikir dikit gak ngaruh,5,0,2025-02-19 09:46:05,5.4
9f9aafc9-5790-49a9-8e00-3380bfb663c8,Playable in Capitano pliss😔😔,4,0,2025-02-19 08:48:45,5.4
824577cb-0599-4135-8b88-1cbf2593af1e,Tolong untuk sering adakan bansos kita sebagai player merasa kesusahan kalau sudah grinding susah payah pas gacha malah mendapat character yang tidak di inginkan,3,0,2025-02-19 08:45:17,5.4
78f8a212-b7b3-4859-9963-ef841ba10b27,sebenernya ni game bagus dari segi crita maupun char cuma ini game paling bikin gw males dan lumayan bikin boring tuh ya karna ga hisa skip dialog. dialog udah lama bgt ditambah ga bisa skip. kalo bisa ni game bisa skip gw full star sih,1,0,2025-02-19 07:42:48,5.4
195846b6-10b5-451a-94f9-ba62cd687c5a,"Bagus sekali ini game, emang buatan moonton tidak pernah mengecewakan saya makasih, saya kasih bintang 5👌.",5,0,2025-02-19 07:24:34,5.4
59636f28-e28d-4b35-ac18-2be12e48167f,"MANA TALL MALE NYA GOBLOOOKKKKKK GAME FAN SERVISE, DATING SIM IMPACT EW",1,3,2025-02-19 06:54:10,5.4
2b1e4d3c-f06b-4b89-9476-221e741b1a1c,gacha ampas jir😹,1,0,2025-02-19 06:48:25,5.4
fe23ecea-730e-4e89-9460-95c806cbbc8e,Keren,5,0,2025-02-19 06:16:50,5.4
9d093998-849a-4e85-9160-bc35a30af447,I LOVE GENSHIN SO MUCH,5,0,2025-02-19 06:03:39,5.4
5f3cf6e7-f694-4e4a-bc3d-7fe11f82726a,Menangin rate off lah,3,0,2025-02-19 04:50:02,5.4
37493855-849b-4e1a-b5d5-f7087240abdb,Lumayan tapi tolong bahasa jepang nya di kecilin mb nya tolong yh,4,0,2025-02-19 01:06:15,5.4
c2af8d63-d8eb-4a12-9524-272d565e61ee,Kurang mendengarkan masukan,1,0,2025-02-19 00:14:47,5.4
a42a0b91-a5ab-496f-825f-1e7e8883ff7a,game nya bagus banget cuy rekomendet.bet,5,0,2025-02-19 00:14:25,5.4
2ecadeb2-68d1-41ea-80af-ec4325b383bb,Semangat hoyoverse . update terus ya,5,0,2025-02-18 23:37:56,5.4
b46ecf8e-f528-44df-9062-1c9b202d593e,Terlalu seru sampai tak bisa berkata kata,5,0,2025-02-18 22:36:12,5.4
86543886-7c8d-451f-85c1-769ccced00c8,Game yg bagus buat membuang waktu 🫸🫷,5,0,2025-02-18 21:32:09,5.4
732f34fb-333b-4f2a-9110-6b68f86f0145,"Kalau bisa Adain update kecil² an, buat ngurangin konsumsi jaringan biar tidak terlalu mudah lag di bagian jaringannya, semoga dibales😁",5,0,2025-02-18 20:33:36,5.4
544faff2-2167-4fc4-b169-a25b301b34b6,Terlalu cerah........,5,0,2025-02-18 20:31:45,5.4
902b672d-8df1-4d67-80e3-230cfcf94087,Jangan jadikan Mizuki char standard plssss,3,0,2025-02-18 20:02:57,5.4
c219e879-87cd-4f39-891b-24ba589a5528,"Saya sukaaa banget ni game, dari story nya, grafiknya dan semuanya sukaaaa kali, tapi tolonglah untuk karakter cowok nya, di perbanyak la, kami mau juga punya husbu baru😭☹️",5,0,2025-02-18 19:47:01,5.4
355ad3e0-5311-4a96-93c7-5a809fdcdfd9,Nyari artefak bagus susah amat dah game kikir,2,0,2025-02-18 19:36:50,5.4
b2a1a086-dd74-4fa4-bd03-c4b44adba4ee,Kikir,3,0,2025-02-18 19:22:08,5.4
56efe1ea-6057-4d44-ace4-bd89fa5464cd,Game nya bagus dan asyik,5,0,2025-02-18 18:50:16,5.4
fb92da86-fa08-4c97-9a7b-ce41c4268b5b,"Sudah tidak seperti dulu,sekarang sering kalah rate off,kalau rate on pun pitty nya tinggi terus...rasanya sudah hilang kebahagiaan bermain game ini...seperti nya sekarang saat yang tepat untuk pindah game...merayu player yang lama tidak aktif dengan hadiah ""jalan pulang"" berupa primogem etc...saya sebagai player lama yang yang setiap hari berjam jam aktif dirayu apa sama anda?....yang terjadi semakin buruk peruntungan gacha akun saya...coba belajar untuk menghargai player lama yg aktif",1,16,2025-02-18 18:33:21,5.4
e78aaf8b-2b51-4b31-98a6-1716c1f62c5e,"Terimakasih game baik, saya mendapatkan gacha bagus hari ini 😊",5,0,2025-02-18 18:20:11,5.4
d0ee65ec-7c20-489f-aeb6-cde514fc8725,"jarang muncul character cwok playable. Selalu aja cewek bae, padahal yang main juga cewek banyak lohh?? Semakin update sedikit ya karakter cowoknya.",1,3,2025-02-18 16:56:26,5.4
e518878d-e190-43ab-9ea9-e56050195700,keren,5,0,2025-02-18 16:48:57,5.4
efa57862-7192-4c12-bf39-a0a4901fe5a5,"nice, cuma ya sistem gacha selalu ampas dapetnya",5,0,2025-02-18 16:07:02,5.4
8f9d864f-2188-4236-94aa-646d1972f22e,Nice game..,4,0,2025-02-18 15:57:13,5.4
06626c5a-f5b9-4c55-9aa1-132d46079f41,"Game terlalu banyak perbincangan,harusnya ada tombol skip untuk mempercepat,,,, Ibarat game 10 jam tamat, perbincangan 9 jam,yg 1 jam cuma buat aksi",1,1,2025-02-18 15:40:40,5.4
93a7b444-c1c1-4f90-8699-ad7da8af8b52,Bagus,5,0,2025-02-18 15:09:49,5.4
a82d59bf-58fe-4314-8445-ac4b752c9724,Well... I just feel like it,5,0,2025-02-18 15:03:55,5.4
17ea2a18-17bb-4a53-960a-8c6e2aeaf427,Sang bagus,5,0,2025-02-18 14:57:11,5.4
eb4df95e-342c-484b-a00e-b165a5444953,"developer GK ngotak,hp gwe sampe ketar ketir main game ini 🥲",4,0,2025-02-18 14:37:47,5.4
bf9cddb3-d97d-4889-a8ab-6b673d16092d,Lama hrs nunggu 3 jam baru masuk game nya🗿😑,3,1,2025-02-18 14:10:43,5.4
038cbc0d-b67f-4f01-bea7-0d487ad3c510,"Tolong banyakin karakter cowok!!!!!!!!!!!, muak banget gua liat karakter baru cewek terus",5,1,2025-02-18 13:54:38,5.4
79613e9f-32ea-45d5-88ff-a879408bd278,"Makin kesini makin yapping nih game Dasar game yapping!, developer yapping!",1,1,2025-02-18 13:05:25,5.4
4ce50fb3-34d2-496f-b3a2-c78de59e4f00,"game bagus buat saya yang suka petualangan, teka - teki dan misteri. sangat direkomendasikan.",5,0,2025-02-18 12:40:42,5.4
721f61d7-7225-4dd9-81b6-f42a1742b665,"So good, I like",5,0,2025-02-18 11:53:34,5.4
5c629279-eca6-4540-af50-411a6a207396,"TOLONG rilis lagi beberapa karakter laki-laki, masa region perang yg playable hampir perempuan semua:'). Buat farm arte susahnya minta ampun game ini kasual dan aman buat aku yg f2p krna gak selalu diwajibkan buat gacha chara tertentu walau kadang ya emng rewardnya agak kurang, yang jadi cukup menganggu adalah world quest terlalu bertele-tele dan tidak bisa di skip yang mana cukup membuang waktu buat player yg hanya ingin fokus cerita utama, build sampai grinding artefak nya aja ditiap region.",3,22,2025-02-18 11:34:22,5.4
86f5f26c-d472-401d-b9da-7110f7b58ffd,Lancar jaya di hp gua coo.. mantap,5,0,2025-02-18 10:48:18,5.4
86ad6e90-647d-42e7-9b36-60134c72d92f,I like sumph,5,0,2025-02-18 10:37:39,5.4
7405916f-cf23-44c7-84e0-5631124aedf3,Seru bet coyyy gw main di pc abis sholat subuh gw lansung main ashar terus nahan lapar karna puasa Ramadhan terus makan magrib nya terus tarawih abis pulang tarawih lansung main lagi deh,5,0,2025-02-18 09:36:46,5.4
a81fd3d0-98f4-4e0b-bdb6-9bb1f04b8486,Biasa aja,5,0,2025-02-18 09:22:09,5.4
1607e697-4a26-41ec-bba8-f02e5cf4f72a,Good,5,0,2025-02-18 09:14:09,5.4
064991a2-242e-4c8e-8a0f-103eda925822,"Males main genshin ga ada fitur skip, jadi ngantuk, nunggu ada fitur skip sama naga yang bisa di panggil terus di tunggangi, tapi jangan ada energinya, terus bebas terbang kemana aja.",5,1,2025-02-18 07:59:44,5.4
d1cce044-c746-4587-a2b7-60ab6c6cf950,Ayolah min di hp snap 625 ane aja masih suport masak di hp snap 636 kok malah gk kompatibel 😑,1,9,2025-02-18 07:44:56,5.4
62f649b3-358b-463e-8ffd-ba7d760d0f28,Kikir Impact,5,0,2025-02-18 06:42:24,5.4
b9ebe9ff-9595-4e28-8ce3-e2dda2e19a82,Suka lorenya,5,0,2025-02-18 06:28:11,5.4
d31ba6f7-b55a-4084-b4bf-908ebcdb887e,tambahkan fitur ganti gender si mc dong admin,5,0,2025-02-18 04:43:28,5.4
526ab6f7-b4ba-4091-bea5-7ae22001cc16,AMAZING,3,1,2025-02-18 04:27:34,5.4
16e7fd30-094d-4894-99bb-69db227e3fda,Mantapp 😍,5,1,2025-02-17 23:31:03,5.4
3f7145a6-9f97-48c5-9ecb-d3694eef87f4,"Gamenya sebemarnya udah bagus yang kurang menurut aku banner senjata,aku selalu kalah dan malah dapat senjatanya karakter yang aku gak punya. Kalau bisa banner senjatanya samain sama hsr dan zzz cuman didua game itu aku gampang menang rate off terus di game ini susah, Aku cari primo dimana-mana masih aja dapat hard pity kalah rate off",5,0,2025-02-17 23:22:55,5.4
1221d2bd-7b20-4259-ba55-4f3fb96a527f,Seru Dan Keren,5,0,2025-02-17 23:15:10,5.4
135fc68c-a741-46d3-b17c-ed2b7bb7c25c,"tolong dong jgn jadiin ni game jdi dating simulator, cringe lama lama aplgi smnjak patch natlan, hadeh. apalagi ngeliat si varesa kocak bat NA nya, pegulat tpi clumsy, gada muncul di AQ, cm di mention mavuika krna sk makan dan jadi b5? dan jg beda bgt designnya sm iansan. tolong stop bikin karakter waifu bait, krinj. survey jg gada guna, keluhan player kaga di dengerin 🙏. Oh ya klo bikin karakter tolong sesuaikan kitnya se op lorenya. aku main 3 tahun bertahan cm karna lore + story doang.",1,48,2025-02-17 22:11:38,5.4
fd0995a0-4c6e-4379-bbc8-22b1a005155f,menyenangkan dan menarik,5,0,2025-02-17 22:10:04,5.4
71a58794-8233-49ff-b107-05b4a2282829,download datanya lama min hapus aja ni game,2,0,2025-02-17 22:06:00,5.4
b19f0210-435a-4254-b08f-0fe316b28640,"jujur dari segi grafik dll sudah bagus, tapi sayang saat dialog quest nya banyak dialog yang menyimpang dengan quest yang sedang di kerjakan, tidak ada fitur skip dialog, lalu Primo yang di berikan juga sedikit, tidak cocok untuk pemain f2p kecuali jika yang main mau menabung Primo dengan sabar. Lalu wish karakter yang sangat susah, apalagi untuk karakter 5*, minimal mendapatkan karakter 5* itu hoki-hokian, ya kalau sial bisa sampai pity80+ atau bahkan malah mendapat standar 5* karakter.",3,0,2025-02-17 21:19:43,5.4
ef4c7287-9548-4e60-9c86-14d7d3a66189,Keren story nya,5,0,2025-02-17 20:41:29,5.4
5b552cdf-dc19-41c4-8b26-3ceb56da438a,Game yang sangat Menarik dan miliki grafis yang indah,5,0,2025-02-17 20:14:51,5.4
8c71772b-7e29-4cd3-ac61-b0ed7855611c,Game cukup bagus,5,0,2025-02-17 20:11:36,5.4
bf57ba30-cb0c-4464-bca4-3b48a202a31b,mantab bet,5,0,2025-02-17 20:09:06,5.4
c97823cf-e4cb-43c3-921d-569b351c415f,grafik nya kurang maksimal,3,0,2025-02-17 20:00:06,5.4
99c4a356-d6ab-4778-80af-4b0178fc3406,"katanya game open world yang pemainnya enak buat nge explore kok lama lama gamenya kebanyakan yapping, heh itu si kachina nge yapping doang isinya 10 menit kayanya atau mungkin lebih cuma dengerin yapping gajelas bet, #gameyapping",5,0,2025-02-17 19:04:34,5.4
004fc4fd-d819-4874-99ac-337be5143ded,mayanlah🗿,5,0,2025-02-17 19:02:02,5.4
338d3d8b-ddc7-44d5-8c98-033215ef15ed,GAME BAGUS DAN KEREN,5,0,2025-02-17 18:21:11,5.4
4997b585-cd25-470a-bd62-bf539673685a,Satu kekurangan yang keliatan jelas -bansos,4,0,2025-02-17 17:40:11,5.4
3266abc8-c4e5-404e-bc97-2f840f38a367,bagus bet gamenya gilakk!!!!,5,0,2025-02-17 16:38:14,5.4
cafa0bc0-41fa-48a1-8b97-7b3f0629d627,"Seru banget hd lagi , walaupun download nya lag banget",5,0,2025-02-17 16:03:56,5.4
d0892586-fca5-4378-bdb6-7401a138aa98,Sangat bagus tapi loading terlalu lama saya sarankan memakai mode yang tidak high,5,0,2025-02-17 15:28:14,5.4
f36a0707-6748-4972-a933-bf6babe90e81,Asli suka banget tapi perbaikannya yang bug buat gacha ya soalnya pas aku coba bisa padahal aku punya nya 0💀,5,0,2025-02-17 15:12:01,5.4
65160039-d6d4-47a8-a27d-9336a8b83f3c,"Dah hampir dua tahun main, dan sampai saat ini .asih cukup puas sama perform gamenya",5,0,2025-02-17 14:29:19,5.4
1b1d8ae8-87aa-4bfd-84dd-c2cf8f06dee7,"I have been playing this game for more than 2 years and this game has become a huge part of my life. It's a shame that the content being shared lately is very disappointing. starting from the 5 star characters released is all female, the story from the new AQ which is not interesting and doesn't make any impression on me. I'm not someone who likes to nag, especially about my favorite game....but the content being presented now is really that disappointing... i hope Sneznaya will get better <3",3,0,2025-02-17 13:59:24,5.4
5f0fed5e-3269-4455-99a3-90d8c7bf24bf,Puas laa,5,0,2025-02-17 13:50:19,5.4
136c546e-677e-4972-9d93-ef47ccc6d238,"rate on dapet malah dapet b5 padahal buat furina,game anj awas nanti gk dapet furina 10kali",1,1,2025-02-17 13:43:21,5.4
c1c10442-8ddd-4106-aba6-7713b76156e4,Give me more romantic moments from all girls' characters,5,2,2025-02-17 12:58:55,5.4
6b1e159b-2702-46b9-9779-326991ac4b73,"mending boikot guys uninstall genshin rame rame, android gak bisa pake gamepad, zaman gini di bikin susahh, game sebelah aja udah pda support gamepad",1,0,2025-02-17 12:54:22,5.4
6b3658a3-932d-45f8-95ee-947e66a0b553,We need 120fps for Android,1,0,2025-02-17 12:47:46,5.4
c511f0f7-e725-4b96-b773-01788c6a9536,"Game nya bagus banget, aku suka banget sama ghensin impact, grapik nya juga hd, dan juga engga bikin sakit mata, banyak waifu cakep cakep dan tobrut jirr aku jadi sange makasih ya aku ngaceng teruskemarin aku main di hp lama aku ternyata meledak dan akhirnya aku dibeliin baru sama bapa saya, terimakasih ya ghensin impact jadinya aku dibeliin hp baru, lop lop you 🥰👏😍♥️",5,0,2025-02-17 11:36:35,5.4
6092e50e-cfd2-46e2-af93-9317db0b317b,我购买的物品在哪儿？,1,0,2025-02-17 09:47:35,5.4
779ffaac-6f7e-439a-a453-cc9f31ec511e,Game kikir,5,0,2025-02-17 09:45:00,5.4
5f8288fc-1296-41f9-a574-9a6547675e07,"sering tiba tiba disconnect padahal sinyal wifi bagus padahal lagi quest mana udah panjang banget dialognya, kacauuu banget lah",1,36,2025-02-17 09:18:34,5.4
f99cbde6-7bc5-403b-993a-2602e931ba2f,Aku sukaa game inii,5,0,2025-02-17 05:03:07,5.4
9e39bacb-0bae-4451-87fa-3a15643b4008,Kebanyakan karakter cewek datipada cowok awas aja il capitano ga playable mending pensi kebanyakn karakter cewek dikira wibu apa,1,1,2025-02-17 01:44:04,5.4
3f8b289d-2795-4d05-aaa8-bb195b0e9bcd,"bagus ini game, cuma saran aja si dengerin masukan para player, apalagi player cewe banyak yg minta masukan ke hoyovers buatin character cowo lebih banyak, meski kebanyakan yg main cowo, tpi setidaknya kasih keadilan, jangan cewe trs yg dirilis",5,1,2025-02-16 23:35:47,5.4
89e353fc-9e6e-4f8a-8c3b-4a09628efcff,Tolong pindahkan tombol buat pecahin freze ke tombol normal attack aja soal nya jadi susah kalau harus pindah jari di tambah tombol yang kecil jadi kadang gak ke klik dan hasil nya karakter mati karena gak bisa gerak kena freze di tambah damage cc musu dll.,4,6,2025-02-16 23:00:25,5.4
aa3badaa-618d-4594-94ac-d8e65943e240,"Tired of games feeding into goonerbait, Natlan downgrade parah dari segi story dan design karakter. Siapa sangka gua akan ada ditahap malu main Genshin 🙏 Fontaine 🔛🔝 sorry, story bagus, design chara cakep² apalah ni Natlan makin sini cuma ngasih makan fanservice incel, jelek bngt. Udh chara cweknya jelek, chara lakiknya makin sini makin gaada. Males kali gua.",1,1,2025-02-16 22:54:42,5.4
1ec78923-a1d2-45fa-8a54-24d5d4267927,Open World Terbaik!,5,0,2025-02-16 22:53:01,5.4
e5f81329-5fc8-42b5-9f30-c51351b6cb8b,virtual nya manjain mata banget tapi memorinya itu lohhhh😵‍💫😵‍💫😤😤😤,3,0,2025-02-16 22:37:00,5.4
3dc8ae4c-dcdb-49c9-8bcd-a227951da1d0,gacor kang,5,0,2025-02-16 22:35:06,5.4
2cb6016d-4651-4327-9221-979287cf47c5,Malah suruh download data 31gb ... Ngawur cik😹😹,1,0,2025-02-16 22:33:38,5.4
3b8f6593-a63f-43cf-821d-c30ed3de7e08,Keren,5,0,2025-02-16 22:22:34,5.4
dc6f4660-2ec6-4c0c-8fbe-a0234303d92b,"Saya kecewa dengan genshin sekarang ini, karna saat ingin masuk game loading nya lama dan ngabisin 2jam lebih cuman untuk mengunduh data",1,0,2025-02-16 21:45:42,5.4
090f975a-7bf4-4658-a013-9c9baa657626,"GAME INI BAGUS BANGET, TAPI SAYA TOLOL, JADI PUZZLE NYA SUSAH, BANTUIN BANG",5,0,2025-02-16 21:13:32,5.4
457bb344-d858-4156-8ed3-8ca6a615a97f,"Langsung aja Bintang 5 singkat, padat dan jelas",5,0,2025-02-16 20:52:30,5.4
2ec219b3-ac45-4320-9ae3-4c7dd0ad7607,Tambahkan fitur skip story dong!,3,0,2025-02-16 20:52:08,5.4
f57e574d-e5d2-4946-a32c-11e5e99be4be,dadi segi game play sih bagus semua tpi untuk gachanya busuk bnget masa iya harus pity 80+ baru dpet char b5 apalagi dpetnya qiqi,5,0,2025-02-16 20:48:14,5.4
1719b9e1-c038-49eb-b9cd-afc4a28283db,Update and everything just disappointing. Fountaine is peak.,1,2,2025-02-16 20:43:44,5.4
1ba84413-474e-4d75-9477-ed3d8263f9a0,stop yapping bruh,1,0,2025-02-16 20:19:09,5.4
c151b0e5-cfd3-46d5-af3c-2c82d687991c,Baguss 😆😆,5,0,2025-02-16 19:54:21,5.4
f43ee07d-353a-42b3-9322-82df9caf5f7b,Karena Paimon imut jadi ku kasih bintang 5,5,0,2025-02-16 19:48:24,5.4
77184f84-62f3-4b3a-b649-831a8a8e3e68,"game ampas ga ada fitur skip story, udah gitu ga pernah collab sama karakter lain",1,20,2025-02-16 19:38:16,5.4
99e64edd-8ad2-4035-b96e-bd9b1580589f,Good,5,0,2025-02-16 19:33:59,5.4
ba36250a-16f2-4a86-81f7-dbe0cc0d0b89,"Game bagus grafik indah, tapi tolong lah kalo gacha karakter tingkatin hoki nya, kanapa gitu harus mentok pity?",3,0,2025-02-16 19:08:52,5.4
08ebfab2-9c17-441e-ae10-d74adf1b1257,GAME KONTOL,1,0,2025-02-16 17:26:15,5.4
713b5470-b486-42b8-b347-368e5567cd74,Game yang sangat bagus,5,0,2025-02-16 16:57:37,5.4
b7f90702-274a-4e4c-bbb1-ec66ae6dd231,"game gooner, karakter cowoknya dikit, mana banyak fanservicenya. ga usah ngelakuin rencana b lah, Hoyo, makin ngawur aja",1,2,2025-02-16 16:42:11,5.4
a79474d2-9342-4d61-963e-c141cada13c6,Loding nyalama tapi grafik nya bagus,4,0,2025-02-16 16:27:10,5.4
ea5e6c10-e0a8-4450-a49b-5b4f54ea4649,Baguss gw samsung a55,5,0,2025-02-16 14:49:00,5.4
a81827f5-0659-4c65-a1f5-5e780d7a96e6,QOL JANGAN KIKIR JUGA!!!!,1,0,2025-02-16 14:33:33,5.4
0af18f29-ab20-449f-881f-c2e9c17bad8b,Bagus bet gamenya sering sering update aja gw gk sabar nieh.,5,0,2025-02-16 14:28:26,5.4
917ee0c1-fcd9-45a2-9b32-4fc8d55faf1d,Dari segi story sudah bagus tapi kalo bisa gamenya jangan pelit pelit ya kalo kasi reward,5,0,2025-02-16 14:02:01,5.4
96c891cb-7245-41be-97ef-83e2678a68c4,"Bagus banget mulai dari cerita dan desain character, menjadikan furina istri saya😘",5,0,2025-02-16 13:58:38,5.4
a8ca8502-d0f7-4a7b-8aae-f92df5e49abf,Nice,5,0,2025-02-16 13:10:11,5.4
75f4d30e-ec03-4169-8815-924f25d0dbc3,Gblk tebel banget nya,1,0,2025-02-16 12:16:40,5.4
0589ad47-0743-4697-961f-155f58f34a83,Karna loginya lama jadi saya hapus,1,0,2025-02-16 12:12:30,5.4
a645f860-7c63-4601-9819-0da5cef409c3,Alur cerita yang bagus dan grafik yg hd👍,5,0,2025-02-16 11:43:36,5.4
721106fa-4dd2-47ea-be6c-7753d7c11416,wanderer ganteng,5,0,2025-02-16 11:14:44,5.4
9eac8589-40a4-48c8-a7ae-946e4e55a370,"Update yang semakin buruk, menjadi lebih banyak karakter perempuannya, lalu baju mereka terlalu seksi/terbuka. Especially, varesa, sebenarnya dia lucu sekali tapi roknya begitu pendek..? dia seperti tidak mengenakan celana pendek dan hanya mengekspos bagian bawahnya. Lalu, jika memang natlan adalah nation of war/tempat yang panas, setidaknya design dari karakter natlan ini berpakaian yang sewajarnya, contoh seperti mualani, kinich, ororon, dan mavuika.",2,0,2025-02-16 11:00:55,5.4
a61ff1e6-7da2-465f-9168-38f171c42226,Bagus,5,0,2025-02-16 10:41:12,5.4
e0c681d6-8626-497a-abf3-a426968ca687,Game yg gue suka,5,0,2025-02-16 10:16:41,5.4
4a809614-7286-4575-81cc-38e7b96025c7,ubur ubur ikan lele... lumayan lee,5,0,2025-02-16 10:06:22,5.4
83f035cb-2c4d-476d-b84b-bce34525226a,Banyak sekali dunia nya,5,0,2025-02-16 09:53:06,5.4
7325cc8f-d5ea-41f8-ba5f-22a0c044f021,luar biasa ini game ..,5,0,2025-02-16 09:21:18,5.4
7b9233d0-88e0-4935-a248-578ada5be8a9,Bagus tapi loading nya lama 😭😭😭,5,0,2025-02-16 08:56:50,5.4
3f29adc0-6b3b-41b5-93e7-7147f5269564,Mantap sekali gamenya,5,0,2025-02-16 08:48:42,5.4
4bda2144-a3c6-4cd7-914b-70953f267542,"Gamenya bagus, menarik",5,0,2025-02-16 07:54:05,5.4
99e23a82-f7be-40f0-8087-bf35012dd14f,Game yg pling sya suka tetapi loading nya sngt lama tpi visualnya sgt keren,5,0,2025-02-16 07:44:59,5.4
63fc6b3d-1630-46b8-b313-99806b7a6e3a,Wangi,5,0,2025-02-16 05:05:28,5.4
bbfb052d-b4bb-420b-a25f-2a0496b82fa6,Mantap,5,0,2025-02-16 01:44:07,5.4
a5976d58-156b-4ec2-8eda-647e62d60c1e,sangat bagus,5,0,2025-02-16 01:25:52,5.4
66dc4487-b41c-4ab2-ab94-0ff0692595b0,Buat fitur skip jika ingin game kembali ramai pemain. Yakin saya jika ada skip maka banyak peminat yg main kembali game ini.,1,0,2025-02-16 00:52:38,5.4
f939631b-fa39-44f9-af08-9ace5de2f589,keren,5,0,2025-02-16 00:37:46,5.4
2a8e6dfb-7d50-4925-b457-554247ee325b,"Gua heran sm ini developer sesusah apa bikin kustomisasi tombol nyampe versi 5.4 ga pernah dibikin udh tombol kecil""...tolong lah dibikin, lebih bagus lg kasih tombol SKIP dialog, karna kebanyakan story di ini game CRINGE dan ga semua org nikmatin story modelan kek gini...",1,29,2025-02-15 22:42:20,5.4
979b8801-4238-4c98-823b-4481e4aa57cf,Bagus👍,5,0,2025-02-15 22:17:24,5.4
e7a88bc5-1ce0-423e-a9af-4c8f80e6a40e,"Spiral abyssnya rasis region natlan, aku yg ga punya char natlan selain ororon sama kachina ga bisa full star, spiral kali ini. Apa daya yang cmn punya banyak karakter Fontaine sama Liyue",2,2,2025-02-15 22:17:18,5.4
8a894d77-a825-400d-aa6e-49a1cb333b17,"Tolong dengerin complainan fans. Banyak banget karakter yang fanservice akhir² ini. Karakternya terbuka banget. Belom lagi masalah whitewash di sumeru & natlan. Mrk terinspirasi dr amerika latin/afrika/negara timur, kenapa putih amat kyak kertas? 1 lagi, kenapa ada karakter yang keliatan/emang anak kecil. Mana karakternya cwe semua, ketauan bgt nargetin siapa. Di gamemu banyak org aneh, jgn aneh² deh. Gameplaynya seru si, tinggal itu aja.",1,1,2025-02-15 21:40:03,5.4
d4151815-7c89-414f-995b-7fab0f39376e,Are ya having a downfalls or what genshin?? What happened after fontaine bro 😭🙏🏻,2,1,2025-02-15 21:12:57,5.4
1639b3c1-e511-43e0-b970-e349af1496e2,"banyak² kasih hadiah lah, dasar kikir",5,0,2025-02-15 21:11:29,5.4
09e38749-dd08-45da-9d36-4785ede3755f,loadingnya lama (gara² wifi sendiri tp bodoamat ngeselin bgt) ngedownload data doang sampe antara 2/4 jam jir🧍‍♀️ btw sarannya mendingan namanya diganti jd download impact mks,1,0,2025-02-15 21:09:52,5.4
0aaa99cc-658d-4c44-ae42-78af76476053,Seru banget,5,0,2025-02-15 21:07:09,5.4
401509c2-7a65-40d7-93db-b3a233874672,tingkatkan lagi 👍,3,0,2025-02-15 20:59:28,5.4
34adb088-67b6-4489-b6d7-0ce2f95a5be9,"Mantap karakter nya montok dan tobrut,yang tepos jelek",5,0,2025-02-15 20:55:16,5.4
a7069fb4-a1c5-4704-8b3e-573294539442,Game nya bagus dan grafiknya,5,0,2025-02-15 20:18:06,5.4
138b2802-2603-4d35-88cc-8d5f1aeeabba,"Semakin ga jelas sejak Natlan rilis, terlalu banyak oversexualized character cewek.. BERHENTI MELECEHKAN KARAKTER PEREMPUAN!! minim screen time character cowok dan ga rilis character cowok baru. Dan yang terpenting, Developer tidak mendengar keluhan pemain!",1,7,2025-02-15 19:50:55,5.4
6886c5e7-b556-4ff5-b5a3-6bc4a1e8f24f,Game kikir,1,0,2025-02-15 19:03:09,5.4
0d2bdeab-877f-4b0c-bfcc-641e275a8173,Awal awal saya cuma coba coba lama kelamaan kok enak,5,0,2025-02-15 18:48:09,5.4
134e8200-5c94-4105-9964-296dc6743fa5,Tolong developer terhormat di jaringannya agak berat tolong di optimalkan lagi karna saya pake paketan data,3,0,2025-02-15 18:38:47,5.4
63fd1dbd-4d86-4a56-8a47-5d7eccff20a3,"game nya bagus hehe~, memiliki grafik yang santai dan quest yg gak masuk akal, character yg menarik...aku pengen klee",5,0,2025-02-15 17:47:35,5.4
d2f6f1a6-f50a-4717-9b13-d3e1327d7827,"Varesa bikin gue pengen pensi dari ini game. Bayangin lu yg berjuang, lu yg dianggap murah sm banyak orang. Nah itulah yg terjadi sm Iansan! Varesa yg cmn dikenalkan sm Mavuika karna byk makan dan dia yg jadi B5? Normal atk cmn buat org sangean! Ga mutu! Coba telaah lagi lore yg lu bikin, itu yg bikin gue bertahan selama 5 tahun ikutin story dan ngehargain chara sendiri aja gabisa!",1,5,2025-02-15 17:47:07,5.4
b958fa65-521d-4c86-b56a-763172bcab00,"ya grafiknya lumayan bagus untuk di pc rata kanan, tetapi tolong tambahkan 120fps jangan mentok 60fps",5,0,2025-02-15 17:05:57,5.4
58294170-fef6-46ab-af10-206a250c464b,Game yang beraaat u diuninstal Kalau ada yg tdk suka kembali keselera. Happy gaming G I😁😚,5,1,2025-02-15 16:58:16,5.4
eaa75ee0-f9fc-45b9-9bba-5509669b56fb,"TOLONG PERBANYAK FITUR DAN QOL, DENGARKANKAN PLAYER KALIAN",5,1,2025-02-15 16:48:03,5.4
d881374d-b69a-47b2-b9a5-77954c7945c8,Bagus,5,0,2025-02-15 16:27:26,5.4
1f10cf88-5688-4e75-b216-29d57cc0a2c0,Game jelek,1,0,2025-02-15 16:15:09,5.4
339c2031-9ce5-4d69-9ce4-7e8cd2e44606,"jangan kebanyakan update laa atmin, hp saya hampir tak sanggup 😔",5,0,2025-02-15 16:08:05,5.4
38bd39d0-419c-4da9-955b-8dbfef283899,Game nya sangat bagus dari visual story dan character,5,0,2025-02-15 15:54:13,5.4
9eea2171-7b16-4d67-917c-e7b13cff6991,Seru,5,0,2025-02-15 15:35:56,5.4
bffab072-4775-4ddb-9946-dc7836f7c828,Bagus sih seru cuma pls Adain fitur skip story mihoyoo!,3,0,2025-02-15 15:27:15,5.4
f896fb13-b0af-4239-9c9b-268e595858f4,"Grafiknya mantap, tapi pas main pake wifi reconnect padahal wifinya lancar pas buka youtube, tolong jangan kek gini",4,0,2025-02-15 14:19:17,5.4
a20800fa-00fb-44a6-9c26-5b5a51a736ed,gamenya keren cuma sizenya aja yg ga ngotak,4,0,2025-02-15 14:06:24,5.4
564d472a-f9f2-46d0-9927-4e50cf3e2e62,game nya seru sekali !!,5,0,2025-02-15 13:36:35,5.4
815ec2a0-405e-4f70-a611-7b1e677d345b,"Semenjak trailer natlan rilis udah gasuka banget beda banget dengan game Honkai Star Rail yang bener² kerasa perang, padahal katanya natlan bakal bertema perang tapi di desain & map nya sangat² mengecewakan dan gak ada minat buat balik ke game ini apalagi genshin sekarang lebih banyak rilis karakter cwek dan ya ditambah fanservice, gameplay jelek, desain no banget",1,1,2025-02-15 13:27:38,5.4
e1324a83-4dcd-4584-85d0-1072a735a5a6,tidak adil dalam membagi keberuntungan 🤗,1,0,2025-02-15 13:25:15,5.4
9ed88751-626a-49c1-a6b2-39f3c6f41c23,Game kikir udh lagi event gakjelas,1,0,2025-02-15 13:16:50,5.4
f9f1a6ff-af21-4361-a32e-5ab982d25edb,deff pelitt,1,0,2025-02-15 13:04:36,5.4
9b482701-1277-4dca-9c0f-3827c9ef69c7,"Sebenernya gamenya bagus, cuma berkesan gak adil aja karena jarang banget keluarin karakter cowok B5 :) pls Mhy kalo gak mau kehilangan sebagian Player tolong dengerin keluhan kami para player.",2,1,2025-02-15 12:00:45,5.4
b4ed0498-e757-476b-9c57-abc006fcb591,Menarik,4,0,2025-02-15 11:26:44,5.4
242afb6f-4dda-41b4-bee0-b9e58f3cb1a1,Dulu pas belum ada game sebelah kikir nya luarbiasa. Giliran sekarang dah kasih bansos malah di tunda tunda. Game isi fanservice semua. Mana quest dialognya kelamaan.,2,1,2025-02-15 11:15:47,5.4
2658d160-7153-4389-b786-d187cc5b38ff,Game nya lumayan lah tapi lebih baik banyakin update,5,0,2025-02-15 10:18:17,5.4
dc31233a-ccd6-4f89-9d2e-0de9751e866e,Seru sekali game ini,4,0,2025-02-15 09:53:24,5.4
9d884a1b-73a5-4520-bdda-e450f6ad5366,"Almost 5 years, and you guys never listen",2,1,2025-02-15 09:53:22,5.4
cceebb96-feb6-4a11-b614-47c5eff8b1cf,"kebanyakan fanservice, tambahin char cowo lagi lah kocak, cewe mulu ditambahin",1,0,2025-02-15 08:39:22,5.4
c254ebb7-b599-4801-9643-8f3c9ef8ae11,"Mihoyo tolong yaa aku belum selesai lagi ngomong sama mizuki pas di dahan pohon soalnya aku terjatuh kebawah, belum sempat naik ke atas udah hilang, gimana sihh jadi hilang sensii nikmatin ceritanya",1,0,2025-02-15 08:08:07,5.4
bcc42618-724b-4b26-84b3-dcd4d8d28ce8,"pls hoyo, DROP A MALE CHAR",4,1,2025-02-15 07:36:06,5.4
158a91f6-48d0-481a-886e-03c25a9e4b8f,"Gamenya sudah sangat bagus, apalagi masalah desain karakter, alur cerita, dan grafiknya sudah benar-benar bagus. Tapi tolong dong mihoyo, untuk rate untuk gacha artefaknya di tinggiin lagi dong. Kalo gacha artefak selalu dapetnya stat def terus 🙁",5,2,2025-02-15 07:15:32,5.4
5871a4a1-11c2-4469-9cea-78d96bdf18f9,"Gamenya sudah bagus tapi kadang pas lagi main suka reconnect tiba-tiba padahal saya menggunakan wifi, apalagi kalau lagi di domain atau dialog panjang lalu reconnect, itu dari ulang lagi. Tolong juga adakah fitur skip di side quest biar gak dengerin dialog yang terlalu banyak. Sama imbangi rasio karakter yang dirilis jangan terlalu banyak karakter perempuan.",1,1057,2025-02-15 07:11:12,5.4
20c10d1c-7050-472b-a0ea-4d5461e2a89a,"genshin sekarang udh bosenin gda tombol skip, dengerin yapping terus, eksplorasi nya skrng makin susah.",1,2,2025-02-15 06:55:09,5.4
fb5e1b57-a126-4302-bec9-7555eebb38b9,game terbaik sepanjang masa,5,1,2025-02-15 06:43:13,5.4
e0aa4540-d8bb-48d6-bee2-f5087ef42279,terlalu banyak perilisan character cwe digame.,2,0,2025-02-15 06:11:22,5.4
a3643f8f-5227-4526-acca-05e4855aba5e,Ngoceh mulu kapan maennya 🤣🤣🤣🤣🤣,1,1,2025-02-15 03:03:31,5.4
6d9be01d-8f36-4c89-a7aa-c9378ce57901,"Storyline makin lama makin panjanh dengan mayoritas percakapan yang membosankan. Untuk developer, tolong tambahkan fitur skip dialog agar bisa lebih fokus dalam bermain. kalau sudah di update, nanti akan saya berikan bintang 5",2,0,2025-02-15 01:11:41,5.4
97cca711-d032-4f0f-ac8d-1d99234b6103,"Tolong tambahkan fitur skip story/dialog nya. Buang"" waktu aja buat dengerin dialognya.",1,4,2025-02-15 01:05:31,5.4
be4341a3-8999-4b71-bf84-d62ec541f7df,bosen bertele-tele,1,0,2025-02-15 01:04:38,5.4
3d22bf52-feeb-4c7c-b0ba-bfe9dd4fd158,kenapa voice di beberapa Karakter hilang ya? terutama pada voice karakter (inggris). jadi kurang seru aja pas kelarin questnya.,3,0,2025-02-15 00:58:48,5.4
7a04f052-2570-43db-90b1-b58fc1896181,Good,5,0,2025-02-15 00:36:19,5.4
210d19cf-db5b-430b-adc6-96c8b52e4e38,Can you please fix the compass bug in Fontaine?,1,0,2025-02-15 00:29:22,5.4
1387684e-cda4-4d07-93d5-20f85e18fc4f,"Terlalu banyak dialog, membosankan..",1,0,2025-02-15 00:19:33,5.4
5c09d258-6633-4b5f-9b5f-785bc6a3a92a,Terimakasih hoyo🥰 karna next benner furina 🥰🥰,5,1,2025-02-14 23:36:30,5.4
25188861-acf0-4945-9088-6470c328bbd9,Suka bngt dgn genre yg beginian,5,0,2025-02-14 23:17:24,5.4
7b2d63d8-b828-46b7-85e0-6a8afee5cf27,Radak lag,4,0,2025-02-14 22:36:06,5.4
99fa9fc7-fccf-4752-8116-0345bc9c9192,bagus sih tapi tolong kurangin dikit lah itu minim 25gb lah buat datanya jgn 31 GB kasian yg hp kentang wkwk,4,0,2025-02-14 22:25:52,5.4
073fd3bb-401f-4816-9e60-7195d4fa405a,Tolong banyak kan event nya,5,0,2025-02-14 22:12:02,5.4
e05ee488-f707-45ab-b391-8d3d1a519530,Udh main selama 2 setengah tahun udh nostalgia walaupun udh ketinggalan banyak hal tapi gpp semangat trus hoyoverse,5,0,2025-02-14 21:20:55,5.4
926601bf-d165-4d1e-92d2-25d5d34eebb3,"Plisss, ini masukan buat mihoyo untuk adain fitur skip dialog. Gw ga masalah kalo archon quest gada fitur skip dialog, tapi kalo story quest sama event pliss adainnnnn. Gw males dengerin yapping yapping nya kudu pencet pencet, kalo make auto clicker di ban, maunya apa taik",2,6,2025-02-14 20:41:25,5.4
5cb46d80-b17f-44f9-be11-3579d1d07d80,I need more male char :(,1,0,2025-02-14 19:54:54,5.4
6c729b50-de12-4895-92e7-f9ae1f0f0c2f,"sempurna bet ni game apa lgi pake divice bgs behh tpi divice aku jlk tpi ttp enak"" aja",5,0,2025-02-14 19:21:23,5.4
d95e7704-8ac8-480b-956c-510f9083c622,Grafik bagus setara ukurannya,5,0,2025-02-14 19:09:14,5.4
1f3837e3-0910-44b7-863b-7d4293a1f416,Kenapa di region monstadz seperti dilupakan.hoyo buat lah karakter baru di region monstadz,5,0,2025-02-14 18:49:30,5.4
a3d76203-f682-46a7-986a-cf6d61febecf,Tolong saya ga bisa log in karena ada big kode verifikasi yang ga bisa masuk masuk,1,0,2025-02-14 18:41:27,5.4
88c0b77a-b1af-4e92-a289-13ebe17c3aaa,"Semenjak natlan rilis genshin sekarang desainnya jadi aneh², mana banyak pula fan servicenya, karakter cowoknya juga diperbanyak dong, setidaknya kalo mau buat char cewek bikin desainnya yg bagus klo bisa jgn terlalu sexualized, padahal pas Fontaine desain char ceweknya udah bagus loh kenapa sekarang jadi gini, dan juga jangan apa² langsung naksir sama MC mana ada yg sampe ngeblush² gitu apaan banget dah, jujur agak kecewa sih, kangen genshin yang dulu.",4,0,2025-02-14 18:39:02,5.4
e0b10e41-637c-4fd3-9427-88112d83a36d,Gaca ampas. Cape rerol anjer,2,0,2025-02-14 18:26:14,5.4
4c913ac5-33dd-4a4b-9753-9b8886566257,"Saranku dengerin keluhan player supaya gak banyak player kabur. Misal bisa skip story. Karena story genshin itu bagus memang benar saya akui itu,tapi saya punya beberapa akun kalau suruh ngulang story hanya demi primogem lama lama bosen juga ditambah satu story quest bisa sampai 3 jam hanya untuk omong omongan hadeh sampe ngantuk aku nungguin. Itu aja sih saran saya 🙏",5,1,2025-02-14 18:22:44,5.4
2f1b07e0-c744-4e34-af10-156ba9342d9c,I'm back🔥,5,0,2025-02-14 18:12:20,5.4
a8dc5507-6d8f-49c2-88f2-d072a60b90ea,"The game is very good but there are some quests that are buggy because our character dies,and some of the puzzles are a bit difficult",5,0,2025-02-14 17:59:18,5.4
ac959a06-ef13-4dae-acdf-4cbc09291e18,"Tolong bang😭 saya ga nyaman banget kalo update an sampe 9gb lebih. Kuotaku ada 3gb + beli lagi yg 5gb untuk nyicil ( uang yg harusnya saya pake buan makan 1 hari di asrama ) kuotaku abis cuma ke unduh 1,5gb doang. Dan sisahnya masi 7,5gb kurang dikit😭😭 tolong bang, kalo di update jangan di gede gedein. Saya ga pake wifi soalnya😭...",1,0,2025-02-14 17:46:24,5.4
365ed6a1-39d3-49f7-b825-79a669b5a606,Bagus cuman f2p harus sabar 🥲,5,0,2025-02-14 17:09:52,5.4
c4d433dc-0df6-462e-8956-731e34c8416f,Karakter cowok dewasanya dikit banget,1,2,2025-02-14 16:19:00,5.4
44941e3d-3ad7-488b-9a34-e823d4f4a219,"Saran Tolong grafik pada smartphone khususnya Android di tingkatkan lagi, khusus nya untuk hp² mahal, sekarang sudah banyak hp gaming juga, saya ingin agar ada setingan refleksi cahaya dan jarak rendering biar lebih enak dan juga fps nya kasih setingan 120 fps di Android jangan cuma iphone doank, please Ya Hoyooo, ini bukan hal yang susah untuk dilakukan kan??, please banget ya hoyo. Semoga dijawab dan di apply terimakasih 😇😇",5,67,2025-02-14 16:17:30,5.4
0aec7e74-41bc-4c3d-9aaa-69c731675a3c,"Nice game.. Akan lebih bagus jika ada Fitur ""Skip"" nya :)",5,0,2025-02-14 14:48:58,5.4
2f25f4a4-488b-4368-937b-4eb5d78d7056,Game ya bagus tapi kurag 1 vs 1 deyan teman tolog ya,5,0,2025-02-14 14:02:29,5.4
3d4fcbab-09c6-4f0f-ace4-cd23e2da736b,"Stop fan service pls, wheres the new boy character? Why always girls? Is it just for boys? I'm lazy to play this game because of lots of fan service",3,0,2025-02-14 13:57:36,5.4
b99d761e-55fb-44a5-8fc4-2d22c98ce3c6,Most of the characters are female. We female players also want the latest male characters.,1,4,2025-02-14 13:46:59,5.4
946fd16b-3a18-4b97-8d1b-58a81f69ccbc,Geme ini sangat keren,5,0,2025-02-14 13:46:52,5.4
97889e48-e34f-41f6-9552-4b15fb8443d3,"Perbanyak karakter laki-laki dan kembali ke story yang mengharukan seperti di sumeru, masih gk bisa move on dari region dulu yang story nya penuh makna dan gak bikin jenuh, sekarang hanya bertuju pada fan service semata",1,3,2025-02-14 13:32:28,5.4
4b8b96f4-223c-4e50-bdfc-1105d2fc6deb,"seru bgt, kurang for no dikit😹",5,0,2025-02-14 13:27:44,5.4
a45cee0d-ab2b-4b07-b09b-c8b0d6fc9bba,Hoyoverse tolong genshin impact saya kagak bisa kebuka ada tulis genshin impact terus berhenti kenapa ?🤔 tolong dijelaskan kenapa genshin impact saya kagak bisa kebuka 😡?,5,0,2025-02-14 12:46:15,5.4
fe404773-cd03-4e5c-80b3-f3f37e4fadcc,Bagus,4,0,2025-02-14 12:37:05,5.4
01d4678d-b46d-4b74-97ab-6ec3a66b592c,"Bagus, bangetttt",5,0,2025-02-14 12:32:00,5.4
c313a665-f42c-4516-ac60-ceca34e4405f,"karakter ceweknya kebanyakan, dikira yang main cowok doang? game kikir, sumber primo semenjak di pegang itu jadi kayak dulu juga. alur nya muter muter terus, ga langsung to the point. quest 10 jam primo 60 wkwk",2,1,2025-02-14 12:15:52,5.4
fa8378ec-40f4-4094-96f1-2eb29dbb1c67,Gw nunggu unduhan nya lama banget ini game juga berat untuk ngunduh aja gw sampe hapus beberapa aplikasi. Ini game bikin HP gw eror,1,1,2025-02-14 11:59:49,5.4
9808d05d-ac3b-40d4-9b31-227b25d75dab,grafik ny luar biasa untuk game ini alur cerita ny seru bnyk misteri petualangan pokokkny thebestt😗😋,5,0,2025-02-14 11:58:01,5.4
60ed2228-b40a-4cfb-b2bc-5eacda1e1601,Genshin Impact adalah game RPG Ter the best,5,0,2025-02-14 10:47:09,5.4
df550f85-f252-4508-9836-d7b53d55509e,"game nya bagus + Updatenya itu lohh aduh, gimana ya bilangnya? Pokoknya bagus bgt🥰",5,0,2025-02-14 10:37:57,5.4
89245ecf-3479-4f92-b479-7ec90c805ffa,"Belum dicoba,,,semoga oke😁",4,0,2025-02-14 10:37:23,5.4
5aee7502-d9d8-4834-8ef9-b47cec0b07f7,"Makin lama makin ngebosenin, ceritanya tolong tambahkan fitur skip ngomong saya bermain game bukan membaca sebuah novel fiksi",1,38,2025-02-14 10:07:23,5.4
53faee3c-847d-45a6-a8a2-01f8f76cb96f,"Cape"" ngumpulin bahan buat artifact transmuter yang naik malah atk & def , SCAM !!!! Bukan sekali dua kali tapi berkali"" !!!! Player ngumpulin cape selama 1 bulan , tolong hargai , setidaknya nyantol crt & cdm , ini 4""nya yang naik malah atk sama def doang , hina banget sumpah kaya judol !!! Gue suka game ini , please perbaiki",1,5,2025-02-14 09:15:15,5.4
aab19bdf-6f26-4388-92fb-47d1e4f24224,setelah update 5.4 kenapa mengalami force close ? setiap menit,3,0,2025-02-14 08:37:07,5.4
ff4a1f8d-0965-41a7-823f-419972026a03,"Kasih rating bintang satu, soalnya makin hari, makin kecewa berat sama game ini. Ada banyak, tapi gabisa aaku sebutin semua disini (kepanjangan nanti)",1,2,2025-02-14 08:14:46,5.4
a742d44f-8136-4a6c-a9ca-236935f02a62,"u should listen female players. Playing through ingame is all boring now. U decreased the male chara role here. I regret wasting my money here but nothing change!! besides, THOSE SEXUALIZED CHARACTERS GAMEPLAY & DESIGN RECENTLY ARE NOTHING! THEY WONT MAKE UR INCOME GROWS!!! stop FOOLING around!!! and DO BETTER",1,10,2025-02-14 07:51:19,5.4
325234a7-49c6-45d9-81f2-cf82fcd657fd,Keren gameeeeeeeeee nya 🤭 Apalagi bgmnya auto tidur woilah,1,0,2025-02-14 07:45:51,5.4
cf0916e1-8907-4f21-8acd-0e20b13f6946,Genshin sekarang karakternya lebih ngawour,1,3,2025-02-14 07:12:25,5.4
49c7bb21-f5dd-4ce1-8087-00dbb822cd25,Ok,5,0,2025-02-14 07:02:53,5.4
d5f4a43b-f8d3-42ba-905b-6832214f0983,G85 ku meledak Wak tapi seru,3,0,2025-02-14 06:27:37,5.4
b3a4b458-1150-41d0-9245-c699b43aae31,PLEASE ADD SKIP BUTTON FEATURE!,1,0,2025-02-14 05:45:24,5.4
2c8ef39e-ff88-41a2-9ad5-922999204a98,Dari segi cerita mantap.dan grafiknya mantap sekali,5,1,2025-02-14 03:29:21,5.4
8783016b-85bc-4a87-83f0-37db3b40a0a4,Please android support control 🙏,5,0,2025-02-14 03:06:09,5.4
7c2be45f-4e92-4a39-8f03-cd7faf19580e,Game terbaik dah itu aj,5,0,2025-02-14 02:24:53,5.4
01463c5a-1b53-4cb6-9201-d145645eba51,"My last hope is Sneznaya would be better than ""that""",1,3,2025-02-14 02:13:43,5.4
209ee82b-1f01-4820-adef-eaeed24309f0,Bagus,5,0,2025-02-14 00:55:31,5.4
219d5e6d-e1f0-4bc8-8bdc-c3e7e48d450d,"Tolong lebih mendengarkan keluhan dan masukan para player, kurangi egonya. Kurangi dialog yang tidak on point pada cerita wujudkan fitur skip dialog kami sangat bosan mendengarkan cerita yang tidak on point, setidaknya jika tetap seperti itu wujudkan fitur skip dialog kami tidak memiliki banyak waktu di genshin.",1,219,2025-02-14 00:43:33,5.4
60432117-dfb7-4dad-aa11-0ab1aa460961,Tolong kenapa ketika saya bermain tidak optimal selalu mendapatkan fps buruk padahal hp sy termasuk mampu tolong berikan update optimal,4,1,2025-02-13 22:32:17,5.4
cb265525-7628-4f0e-ba92-357c7bed7437,gamenya bagus ow suka banget hutao and yoimiya,5,0,2025-02-13 22:02:39,5.4
21a40e8a-7d25-4200-8a0c-5de299798d0b,"Udah hard poty minim bansos primo,,,,kikir kikir",1,17,2025-02-13 21:59:03,5.4
023abdc5-670e-4e3c-80a9-46c607f1db03,"The game is quite fun to play, like us as players like MC or travelers who can adventure in the world of Tevyat, this game is good for those who like free adventures",5,0,2025-02-13 21:49:01,5.4
242d3f87-6116-4b3c-8162-d46c69441d92,game nya berubah jadi game story telling,3,0,2025-02-13 21:28:24,5.4
7de6a749-b362-435e-9a6a-27b610994959,Gacha dapet ampas terus,5,0,2025-02-13 21:20:44,5.4
cdab3e2c-dc8a-4e1d-86e4-efaba1a31b1f,"Dlu Traveler fokus cari saudaranya, konten bervariasi.. Tapi makin ke sini, alih² kemajuan ttg saudaranya, hawa-hawa haremnya yg malah makin kental :( Konten di game jg mulai ngebosenin, story selalu ga straight to the point, ga da hubungannya sama sekali dng kemajuan Quest utama, yg mana story terbaru malah serasa main harem. Game rpg adventure ini udah jadi game visual novel + romance terutama ke chara cewe. Itu yg milih lumine ga dianggap??",2,1,2025-02-13 21:09:44,5.4
4b437416-7439-4339-97c0-0e5706f3a199,"Mohon aja hoyo, bisakah buat karakter lelaki dan juga kalau bikin karakter perempuan desain bajunya tertutup udah kayak game porno aja baju kebuka gitu, kan genre genshin impact kan RPG bukan PORNO",1,3,2025-02-13 20:49:18,5.4
77c2488b-e2b3-40be-857c-f72b37f73539,Game nya seru dan gak ngebosenin,1,0,2025-02-13 20:28:39,5.4
6b5c8c9a-050a-4300-9b03-0df5228b2345,"Ini kenapa min,pas sebelum update udah ku unduh 1,6gb habis itu di perbarui lagidi play store,pas login unduh data lagi 5gb orang lain kok gak gitu ini kenapa min😭",1,0,2025-02-13 20:27:10,5.4
d9651aed-86d8-4032-ba87-540ad688436f,Mantep game nya dan semoga gua soft pity,5,0,2025-02-13 19:44:15,5.4
e9be5dcd-50fa-4028-82ed-c7856209d3ba,"apalah lah ya apalah, kok skrg jadi romance anjir. Dulu tu seruu, ada horror gitu ada misi YA INTINYA KAN NYARI SAUDARA ANJIR KOK MALAH SKRG ROMANCE GITU?? anehhh, karakter skrg aja males nge design.",1,6,2025-02-13 19:30:17,5.4
891745cb-afb6-4137-b3e8-2776ee463f6d,"Game bagus, bikin nagih terus kek gak ada penggantinya, vibe beda sendiri dan grafiknya lumayan, tapi akhir-akhir ini makin ada aja dramanya, banyak fanservice yang gak perlu terus gak pernah dengerin saran pemain sendiri, fountaine akhir dari genshin bisa dibilang bagus, natlan gak usah ditanya.",1,4,2025-02-13 19:23:45,5.4
392da50b-2b83-4923-ae5c-583e34aa8c4d,gem fanservice,1,0,2025-02-13 19:16:49,5.4
03736301-e235-47e6-9a17-89be545a2fac,kikir impact,1,0,2025-02-13 18:57:14,5.4
edbee2e2-90bf-4ccb-8e9a-64a501d55e56,"HOYO WHY ARE YOU DOING THIS TO ME..I LOG IN TO YOUR GAME AND THE MESSAGE SHOWS UP ""TOO MANY REQUESTS, TRY AGAIN LATER"" YOU ARE EVIL TO ME.. EVIL!.. AND I DIDN'T LOG IN TO YOUR GAME FOR 2 DAYS...and Plan to delete them..please FIX THE BUG OR I WILL DON'T TOP UP AGAIN ON THIS GAME",1,0,2025-02-13 18:26:03,5.4
b8935111-94b5-4ce0-bbc9-2f42677f0bda,Snap 8 gen 3 lancar banget wow,5,0,2025-02-13 18:18:04,5.4
794f998f-ed1a-4a9d-9d13-c783bf1ef027,"Pelit , sial Mulu gak pernah dapat karakter bintang 5",1,1,2025-02-13 18:12:35,5.4
2c2d7736-8852-4065-b055-691580bd55bd,Ini game jujur bagus bgt!,5,0,2025-02-13 18:09:57,5.4
54fead92-c732-40e4-ae3d-b25abd404b0d,"kenapa ya semenjak uptade 5.2 download gamenya makin ga ngotak, di beberapa orang normal cuman di beberapa orang ada yang ga normal, di A 2gb di B 10gb, tolong di baikin ya ak juga kemarin download nya sampai 17gb malah kaya download genshin ulang.",5,1,2025-02-13 18:03:50,5.4
a865cbcb-d7cd-4d57-9da6-51e8dd4c9e85,"Rating saya kasih 1, karena lama loading nya pada saat ""sedang mengompilasi shader"" genshin skrng udah ribet, banyak banget peraturan² yg membuat player susah.",1,10,2025-02-13 17:43:31,5.4
9a056987-6f4f-4d2b-87b3-194c2e75b56b,"Natlan jelek bngtt ew, makin sini dah kek game incel aja. Mana male charanya?!! Ga sekalian ganti nama aja jd another Honkai Impact lu. Model chara yg baru jg jelek² kek game pokeb. Main story jg jauhhh ga sebagus Fontaine, tobat si kata gua mah, udh kikir makin sini makin jelek pula.",1,5,2025-02-13 17:39:12,5.4
72c0a156-3b6d-41bf-80d0-0621d1ac94d8,Mantap,5,0,2025-02-13 17:25:11,5.4
24c1de6c-41bb-4504-a713-957b43cd71fd,Sangat seru,5,0,2025-02-13 17:17:45,5.4
092fae12-ad7b-462e-90b0-1ac7acff1d52,gud game,5,0,2025-02-13 17:13:35,5.4
dcbceffb-77c6-4756-89f7-7264538d4b18,Gamenya sangat pelit,5,0,2025-02-13 17:07:23,5.4
94de1042-9616-4282-80d2-bdc2adcafe9d,"Kepencet hapus, sdih gua download ulang lagi minimal ada instant download ulang",5,0,2025-02-13 17:00:04,5.4
fe0eeec3-99ef-4456-8a86-23ac06c8218f,Hi dev where is the new male character? I'm tired of you only releasing female characters all this time,1,3,2025-02-13 16:06:19,5.4
a5cb9b38-27ef-4ffc-8922-45473b628d86,"Bagus bgtt plisss sukaaa, baru main aja udah jatuh cintaaa",5,0,2025-02-13 16:05:52,5.4
d2d4c1c5-7f67-4178-9c0a-a296c66aedcb,"kenapa sekarang seperti menjadi game sim date, tolong hoyo tambahkan karakter b5 laki laki. kenapa terlalu banyak karakter wanita. tolong kurangi cerita seperti menjadi game sim date. untuk story karakter dari pada dibuat seperti kencan lebih baik kurangi hal ini",2,0,2025-02-13 15:57:47,5.4
cda782d5-9624-4056-a8c9-a3087c9709f8,mantapppl,5,0,2025-02-13 15:54:52,5.4
b9a86bb6-eca4-4db2-bbaa-412065fd8026,❤️❤️🔥,5,0,2025-02-13 15:51:16,5.4
e20f1857-eaaf-4453-a98a-26eed18e96c8,kerja bagus.! saya merasakan pngalaman bermai game yang mendukung segala aspek game opn word yang sangan seru semua di kemas dengan menarik dan niat,5,0,2025-02-13 15:46:43,5.4
dda65ff3-c730-43df-b8bd-024cae1f7507,Hoyo aku pengen Mizuki ku jadi Primo lagi aku pengen furina,1,0,2025-02-13 15:36:08,5.4
72ff8033-b4e0-44c2-aa71-973ce18e6191,bagus,5,0,2025-02-13 15:33:44,5.4
5250b883-c148-4671-8a50-d3217547000b,"Bukanya di perbaikin malah makin parah hadehhh cobaa HOYOVERSE tuhh bisa dengerin saran palyer2 nya ga sih?? Semenjak natlan rilis, Desain karakter ancur parahh , story bertele tele, kebanyakan karakter cewe+ jarang rilis karakter cowok, apalagi karakter cewek nya, makin aneh baju nya, makin di buka²,",1,4,2025-02-13 15:04:46,5.4
ca187723-2976-4357-ac46-596111d04eca,Kikir karakter cowo,1,2,2025-02-13 14:58:21,5.4
5dcc9d2b-a6ac-41ea-bbcd-11a443fed84d,game nya suka ngebug,3,6,2025-02-13 14:56:24,5.4
590a6648-8885-4683-924a-a0164f80c87b,"Karakter laki-laki terlalu sedikit bagi pemain berbendera wanita, sangat tidak suka👎👎👎👎 DAN TOLONG, AKU SUKA GENSHIN YANG DULU, TIDAK SEPERTI SEKARANG. AKU BENCI DESIGN KARAKTER NATLAN, TOLONG KEMBALIKAN MASA-MASA FONTAINE! IT'S BETTER THAN NOW!",1,7,2025-02-13 14:51:23,5.4
b6d44084-cae9-4e6d-ad73-8e34f816dcda,fanservice,3,0,2025-02-13 14:41:46,5.4
961b33f3-25fd-4771-adf2-92c87f5250b2,"overall sudah baik kecuali 1. yaitu pada eng voice banyak karakter yang bisu pada quest archon,story maupun event. itu sangat tidak nyaman untuk saya. mohon segera di perbaiki",2,1,2025-02-13 14:17:29,5.4
dc4d7032-9a1c-429c-94c0-e5619b3aeb1c,Saya tidak suka update genshin terbaru. Pliss desainnya downrage bgttt,3,0,2025-02-13 14:06:47,5.4
f3c3d00d-2902-439a-ac07-689b0accd777,"Sebenernya ini adalah game yang bagus, Lore nya bagus banget dan menarik, gameplay nya yg santai dan pemandangan yang indah bikin gw chill. Cmn yang jadi masalahnya itu pembawaan cerita nya yang terlalu banyak pembicaraan gak penting, ini yg buat gw bingung Ama story utama nya. Trus reward eksplorasi yang gak sesuai, yang bikin orang males Explore.",5,119,2025-02-13 13:54:29,5.4
93f6a065-e86d-48bb-9c22-45dab0fe469d,Kocak,5,0,2025-02-13 13:47:57,5.4
66b240e3-354e-4142-bc34-9090413ab592,"Game terbaik lah, yang gw mainkan",5,0,2025-02-13 13:44:50,5.4
ad657941-7d3e-4cc7-8226-5cfdb30d141f,I WANT CHILDE,5,0,2025-02-13 13:44:44,5.4
9b97c3fc-2cc4-4b75-b6a0-b183b99879c9,"Makin berat gamenya, dialognya di pendekin aja",4,6,2025-02-13 13:34:43,5.4
048d0b15-5ae1-4682-b3c6-e0003ff36531,Game ini menemaniku di waktu luangku yang sangat banyak :v,5,0,2025-02-13 13:22:59,5.4
ce2c0952-7706-41d6-8b06-109c5e63e98b,"story cuma banyak yapping, isinya full fanservice cowo doang dri patch lalu ampe sekarang. minimal ga bertele tele lah, walau quest panjang imbalan harus setimpal! (contohnya banyak, merem juga ketemu)",1,2,2025-02-13 13:19:03,5.4
cf81c912-795f-49fa-95db-d4fd665d4453,Kurang²in fanservice yg jadinya bikin geli bukannya senyum² sendiri,1,4,2025-02-13 12:27:55,5.4
cc43b594-ba83-46cc-911d-fc88bf8b6756,fitur skip,1,0,2025-02-13 12:25:58,5.4
6bb9c05e-7476-4c7c-9e45-754fe97780ee,Sangat indah,5,0,2025-02-13 12:19:02,5.4
a474be87-eef0-479a-98d8-12c26fde3390,"kalo bisa ak mau kasih 1 bintang bjir, game paling budeg gamau dengerin saran player. mo ku antar ke spesialis telinga ta?",1,3,2025-02-13 10:53:53,5.4
3a3f3510-6397-4b3e-aeae-c3b8c55217d1,hilangkan yapping pada saat quest dunia,1,3,2025-02-13 10:23:44,5.4
0b6c9038-35a9-4a0c-bc09-55c3440402fb,"Makin kesini questnya makin ngeselin, musuhnya juga makin ngeselin, karakter playbenya juga makin aneh, bikin ngakak mood main lagi",1,4,2025-02-13 10:14:43,5.4
5624a666-dc14-44ff-8220-42ac7d7fc589,mantap bisa main sma cewe manizzz,5,0,2025-02-13 09:26:26,5.4
ed7709b3-cd69-4121-8ba8-67e5ca4af827,game kikir qol,1,1,2025-02-13 09:12:43,5.4
9d16f0e9-dfe6-469a-93a9-806ad502a74f,Game kikir,1,1,2025-02-13 09:03:38,5.4
25934794-3cbe-4849-86fb-4b8cbef4f772,the only thing i hate about this game is theres no skip button. banyak game story lain yang ada skip button nya loh? ga semua orang punya waktu buat main genshin.,4,0,2025-02-13 08:58:01,5.4
0cd72af1-8a1d-481e-a1b9-05aa0ff62d9e,story nya mulai bikin bosan,1,1,2025-02-13 08:32:26,5.4
d03b5ee2-45d6-40d4-90c5-0b7e95e24abf,"As a player, I can't demand too much, especially since I'm a F2P player. However, I hope that developers can learn from other games so that in the future Genshin Impact can have the strength to compete. It's sad to see a masterpiece become the object of insults by their own fans. Hopefully Genshin Impact can still survive this year.",4,26,2025-02-13 08:13:03,5.4
14ac362b-774c-4521-b303-2cf44d550174,Game kikir,1,0,2025-02-13 07:16:56,5.4
6d7a7b22-4ae5-42a1-839f-da40717d0d1f,Good,5,0,2025-02-13 06:44:40,5.4
5bb61d5c-6b41-482a-9d7a-742cdaf3c9df,Kurang dikit aja saran yah min kalo bisa tambahin deh fitur voice chat jadi mudah aja gitu komunikasinya sama teman mabar.. Fitur chat jadi agak gak guna kalo semisal pas lagi bertarung gitu... Please min tambahin fitur voice chatnya 🙏,5,0,2025-02-13 06:38:17,5.4
59998fbf-3bd8-412b-a77b-5fd3fd23a24b,"sorry genshin, karakter cewe dan cowo ga seimbang kebanyakan cewe. story telling nya bikin ngantuk, animasi sama ekspresi karakter pas story tuh biasa banget bikin ngantuk ditambah lagi gaada fitur skip. design karakter makin jelek setelah natlan jadi banyak fan service, untuk lore negara natlan pun biasa banget saya kecewa. semua story pun kebanyakan dialog ga penting yang ga nyambung ke lore",1,3,2025-02-13 06:17:02,5.4
24fc7634-0549-4712-b97c-172a0228d3b6,Spiral abyss 3.7 Ngak ngotak susah banget,5,0,2025-02-13 06:13:31,5.4
b5176a5f-4928-487b-857b-c2b3f21e78f3,Tambahin fitur skip dialog,5,0,2025-02-13 05:35:43,5.4
4bd6fe5e-6034-4a1a-b209-aecc150016ad,pelit bansos,1,0,2025-02-13 05:35:11,5.4
5a0c1ec5-c69b-4807-9ede-1ac77d653de1,mantap kalo bisa tanpa ada skip atau auto play jangan di kasih kebiasaan usaha sendiri good game,5,0,2025-02-13 05:17:24,5.4
896574e1-f33c-4b9e-b40e-c2718490759b,"perbanyak char cowo nya, sekali nya ada char cowo yang baru malah di bikin b4, ada char cowo keren kayak capitano di bikin mati, char cewe yg baru rata² di bikin terlalu terbuka😂 genshin service wak😹 lucu loh ya",1,3,2025-02-13 04:35:17,5.4
6ef6b022-c6b5-4a87-a521-e3efa69c6877,"Download ini ekspetasi gw bakal petualang sama ada actionnya dan multiplayernya macam MMO. Ternyata oh ternyata malah kayak game visual storytelling, mana gak bisa diskip pula. Terus system build char dan itemnya pake metode game Facebook, energi abis jadi gak bisa kumpulin material. Tapi masih bisa dimaenin buat bertualang, sayangnya actionnya kurang kebangetan. Udah main ini mungkin lebih dari 6 bulan. Mau kasih rate 2.5, tapi gak bisa, ya kasih 3 aja deh. Padahal punya potensial nih game.",3,9,2025-02-13 02:48:38,5.4
a7b488c5-1c7e-4b68-b8f8-8bf2f2288ff0,"KALO BIKIN DIALOG TUH YANG JELAS JANGAN DIBIKIN PENJELASAN BERULANG-ULANG, KALO GA TAMBAHIN TOMBOL SKIP BUAT ORANG YANG GA SUKA DENGERIN YAPPING YANG GA PENTING-PENTING BANGET SAMA STORY, APALAGI CUMA QUEST DUNIA",1,0,2025-02-13 02:32:05,5.4
847c6f07-5dde-4710-8608-4622a6ece8f7,Kurangi yapping nya,2,0,2025-02-13 00:53:52,5.4
631ff223-65da-429c-92a2-01e066d715f7,Good,5,0,2025-02-13 00:29:13,5.4
9c98cb4f-2712-4f97-96a6-8546df1abd3c,"One of the few Hoyoverse games I play is the best on my phone, and the progress of my account is also very very conditioned right, although there are only problems with the timing but that's not what, what matters is the result and hard work to take care of it. Thanks Hoyoverse !!!",5,0,2025-02-13 00:05:26,5.4
169690b3-913b-4ad8-8bb2-de559d3ce371,"Game nya udah bagus, tinggal sediain fitur skip dialog nya sih",5,0,2025-02-12 23:57:37,5.4
5183a879-6d8e-40b7-a122-d1950284fc91,"Gamenya bagus bet🤯, saran gw nambahin controller gamepad agar permudah buat nonton di smart tv😁",4,0,2025-02-12 23:39:52,5.4
50dccc3d-925a-49d1-aae3-7eaeb8b6ea9a,lag parah padahal jaringan udah on point,4,0,2025-02-12 23:33:08,5.4
ad509dfa-3b75-44c6-baff-20fafdc5e063,Sayang banget ngga ada fitur skip dialog Setiap kali keluar aplikasi kalo belum selesai Jadi harus ngulang lagi dialognya yang panjang banget,4,0,2025-02-12 23:10:24,5.4
92f84c94-8669-4b53-ae29-be8c73067d76,lofyu venti sayang,5,0,2025-02-12 22:52:59,5.4
8dfa3ed7-7437-4bb0-9931-9e98cf7aec89,Kaya main ps,5,0,2025-02-12 22:44:52,5.4
090797b4-daff-41ca-a58e-86d3a3b9fac1,Bagus siih tapii saya miskin,5,0,2025-02-12 22:39:51,5.4
152e4e9c-b4de-4120-a280-814b087f9432,Pas baru download download data nya lama banget cok jadi males buat lanjutin padahal pake wifi kenceng,4,0,2025-02-12 22:29:59,5.4
2324597e-8703-4a8f-b5b8-14751c5bcb93,Mantap mediatek helio g99 lancar 120fps 😍,5,0,2025-02-12 22:23:43,5.4
5529b166-9922-4866-a680-076167b7546f,Maaf kalau aku kasih bintang tiga soalnya setiap gw coba update genshin dan pas nunggu di screen loading nya tiba-tiba hp gw mati jadi gw bingung padahal memo hp gw Masih banyak,3,0,2025-02-12 22:08:13,5.4
ad8a1fa4-fe83-4128-83ba-495daabcfe1c,Gamenya sangat bagus dan menarik cuma saya mohon untuk adakan filter pengulang quest agar bisa dinikmatin lagi👍,5,1,2025-02-12 22:07:46,5.4
221105d5-3c0c-4bd3-a939-199e412f4a2b,Baguss karena aku bisa liat kazuha my love,5,0,2025-02-12 21:50:21,5.4
e511cb51-5aeb-4b4e-a168-e49559efa83f,"banyakin lah karakter cowo nya, jangan cewe melulu.",2,0,2025-02-12 21:47:28,5.4
a1ce0452-225a-49a7-a342-7f4dba9b8e75,"GAME BAGUS WAJIB KALIAN MAINKAN CUY. APALAGI KALAU AKU BISA GABUNG HOYOCREATORS,EHE.",5,0,2025-02-12 21:43:06,5.4
3f96c64f-5b25-4612-8f6a-0700b71f2b2c,"Excuse me HoyoVerse, I have a request... can we get 20 primogems every week after winning the champion card duel?",5,0,2025-02-12 21:27:19,5.4
2f718ef7-6842-432f-a279-471b8fe00258,Tolong kalau bisa untuk pengguna Handphone itu di permudah...,2,0,2025-02-12 21:26:09,5.4
c66a3b36-2300-4266-acee-33579d0ceb34,Dikit character laki-laki b5 nya,2,0,2025-02-12 21:12:19,5.4
cb5fd1e7-e3b2-4f55-b775-8970b0f2e325,Bagus banget,5,0,2025-02-12 21:11:46,5.4
627fd260-1dd7-4b28-99da-bbddc466e865,"I like it Soo much and.. because Wanderer,i more love it",4,0,2025-02-12 20:37:30,5.4
2c1b7b82-8212-41e7-84a3-74d596f89fd5,"gila hp gua panas kaya setrika,tapi aman kok,ini keren bangett,demi tuhan,tapi isiin skip pas ngobrol dong,ok makasi",5,0,2025-02-12 20:28:44,5.4
e41742a2-eabb-471b-8653-8e48c2f80743,"Jendela quest di pojok kiri atas peta di versi terbaru sangat mengganggu buat explorer seperti saya. Quest story udah tersedia di menu quest, menu di profil, menu di buku petunjuk, sama tanda 🔸 di peta masa masih kurang sih, aampai harus bikin gambar besar di peta segala",3,17,2025-02-12 20:24:59,5.4
577825a3-9ec6-4005-a584-2a9efb48801f,"Ini game perfect sih untuk orang² yang stress akan game game lain,karna klo main tuh enjoy,ditambahkan skill² and ultimate nya yang satisfying,plus kalo mabar sama sepuh tuh wahh gilaa pada baik banget,rela bantu newbie nyari chest kelarin misi lawan boss,domain,gua salut sih sama para sepuh yang pada baik² banget...., thanks yaa ,smoga aja sepuh² liat ulasan ini,makasih banget buat kalian semua...see you",5,1,2025-02-12 20:15:50,5.4
81caece9-ce6f-48e1-baec-ed530664ee88,Saya sangat suka game ini tetapi mengunduh data terlalu besar membuat ponsel saya tidak dapat terus bermain Tolong kurangi agar kami pemain lama bisa bermain lagi.,3,0,2025-02-12 20:08:23,5.4
83a19806-ad66-4141-9129-441dda2d8cfd,Ini kelamaan update nya. .... loading banget,4,0,2025-02-12 19:57:25,5.4
177e4071-4af3-428a-a6f9-86f85e920b5b,"Bagus, cuman kebanyakan ngomong quest nya bahasanya juga pake bahasa baku jadi bosenin, setidaknya ada yg di buat lucu dengan jokes2 yg ada seperti update natlan yg dialognya ""laser super gacorr"" Itu cukup menghibur, jadi update2 selanjutnya tingkatkan lah joke2 yg mengikuti perkembangan gen/zaman👍",5,0,2025-02-12 19:50:16,5.4
901320ac-c79b-403c-abff-a37d575faa5a,Reward game sangat kurang.. Kebanyakan cerita nih game ape 1/2 jam ngak kelar2 ngomong,2,0,2025-02-12 19:48:04,5.4
3b96c0ea-4073-49bd-88b9-71501ce13796,Saya agak khawatir dengan drop rate gacha,5,0,2025-02-12 19:33:54,5.4
083cbcc2-138d-4157-acce-8bff8f3e99a4,game kikirr,1,0,2025-02-12 19:25:25,5.4
ef3c76fb-cd47-4aa2-b50d-e74bbddee17e,Game nya bagus tapi ini np aku mau masuk game nya hampir 5 jam lepas tuh ku uninstall lepas tuh pakek yang cloud,3,0,2025-02-12 19:22:53,5.4
03d2fb19-627a-48e9-8ed8-afd45954dea2,"Bagus,tapi kadang ngelag²",4,0,2025-02-12 19:15:51,5.4
94e9ecb9-7ca3-41e0-9ada-10248f17d8ff,"Semuanya sudh sempurna, cumn ngga ada fitur skip dialog, krna kami para player(tidk semua) tidak begitu suka jika dialog terlalu bertele-tele dan panjang lebar. Kalo bisa langsung to the point aja. Mana abis dialog fight nya ga nyampe 5 menit udh kelar. Pls hoyo tambahin fitur skip dialog.",4,0,2025-02-12 19:15:09,5.4
c747701b-9782-4fe0-aa7d-f0a2653d809f,"Jangan pelit"" sama hadiah *INGAT 90% PLAYER FREE TO WIN bukan Pay to win*",5,0,2025-02-12 19:13:22,5.4
61d0471b-e1b0-43d9-9898-e936380b02de,Game kntl farming arte kek tai,5,0,2025-02-12 19:13:04,5.4
d28f1279-6b3d-4bfc-936e-b269498921ce,Game best 🗿👍,5,1,2025-02-12 19:11:11,5.4
347c7103-028f-442b-be95-e56522ebe7e4,"dulu ku kasih rating b5 tapi sekarang b1 karna kualitas gamenya udah bener"" turun 1. terlalu banyak basa basi waktu quest/event g langsung to the point 2. char yang rilis kebanyakan cewe, baju juga terlalu terbuka 3. sumber primo makin sedikit konten end game riset 1bln sekali, harusnya ada konten mingguan 4. player cowo dimanja banget sama dawey (1 ras soalnya wkwk) 5. g ada pencadangan resin kalo ada player ngasih keluh/saran tolong di denger yaaa jangan malah rilis char tobrut☺️",1,8,2025-02-12 18:59:49,5.4
5b4b0192-1b96-4fc7-b619-35d4f5fd7f73,gem baik 🤗❤‍🔥,5,0,2025-02-12 18:54:43,5.4
0acabff2-614a-4b77-b78e-de372ccec998,Game gaca sebentar duang asik nya mainin setelah nya cuma login dely doang,2,0,2025-02-12 18:49:41,5.4
29bc7c14-f9b3-4f5f-9a83-5a06e06c8b58,pokoknya mavuika sama Raiden Shogun bahenol,5,0,2025-02-12 18:47:06,5.4
515ba9be-29e3-4808-9beb-5fca11673406,Dialog nya sangat lama ini kan game adventure bukan game date love comedy,3,0,2025-02-12 18:40:06,5.4
d678f8fe-f8c0-4610-9f05-73a444f70b24,tidak bisa login akun lama setelah mengganti email😮‍💨,2,2,2025-02-12 18:39:09,5.4
166054fa-f75b-4fdf-a3e5-710434b98151,awww,5,0,2025-02-12 18:38:07,5.4
7cf07823-a636-4d0b-8bf2-79700e447a72,Kurangi dialog yg terlalu panjang,3,0,2025-02-12 18:36:10,5.4
00b51daf-0a84-4a56-afb9-2bae125e49f4,kikir,5,0,2025-02-12 18:35:52,5.4
c5aac0c0-3770-4bf8-8ee8-7b95883bbbb7,Tambahin fitur skip story dong .. Lama banget anjir story nya lama-lama malah boring apalagi dikit2 harus story dulu buat buka konten atau event,4,0,2025-02-12 18:34:01,5.4
4dd1c2c2-2d13-4c0c-80c0-7c6155b3784e,GAME KIKIR gw 120 pull gadapet arlechino emang ngen🤬🤬,1,0,2025-02-12 18:32:47,5.4
1c8a12bf-6df7-4386-8c65-69395245c801,"Visualnya bagus banget, cukup fair sama datanya yang berat :') aku rela hapus permainan lainnya cuman buat download game ini .... :v",5,0,2025-02-12 18:29:41,5.4
a52a8361-400e-4630-9b24-5300436ce0c8,Masalah login,5,0,2025-02-12 18:22:50,5.4
70ae3055-a1ff-48e9-a9ab-0a4a7055b35a,Seru,5,0,2025-02-12 18:19:47,5.4
5c6011bd-de0f-4acd-93fb-690ecf2eeb1d,Good✨,5,0,2025-02-12 18:15:54,5.4
bf75bef9-8ed5-47ab-b201-020707077d13,Game bagus,5,0,2025-02-12 18:09:43,5.4
dbca3178-1214-4da7-88c5-804e08f5239a,Bagus bet anjay meski kikir tapi story bagus sama ramah hp yang speknya ga kentang2 banget kaya gua Snapdragon 685 Best Game I Player Ever,5,0,2025-02-12 18:01:44,5.4
f0930ca8-67a7-4da9-b863-c3ec000a5173,Jujur saya heran kenapa player yang main game ini kesel dengan banyaknya dialog di dalam story game. Padahal genshin impact memang jualan utamanya ya story. Dan game ini kan game casual mainnya tidak perlu buru buru tidak ada yang harus dikejar santuy aja bisa loh. Justru kalau pakai fitur skip dialog berarti jualan utamanya bukan story lagi dong,5,0,2025-02-12 17:58:33,5.4
746e841d-ab2a-40d2-b501-a4b09ed0d821,Agh,1,0,2025-02-12 17:55:31,5.4
b718bf48-f860-4fb0-84b7-b0f665fc603f,"Orang2 FOMO pelaku rating Genshin Impact turun. Dengar kalian ya orang2 FOMO yang pengen ada fitur skip dialog, kalian seharusnya sadar kalau letak keseruannya ada di dialog dan story-nya. dasar minim literasi!! Kalau pun ngasih saran, masuk akal dikit gek!! Masa skip all dialog?! Lu main cuma berantem aja gitu sama Hilichurl dan musuh lainnya? Lebih logis kalau dialognya jadiin kayak di HSR & lebih ekspresif lagi. Buat yang mau tau, cari sendiri atau download HSR saja biar ngerti maksud gua.",5,0,2025-02-12 17:54:59,5.4
bedbd4e3-165a-44cf-a068-06afe6463b4c,Good game,5,0,2025-02-12 17:54:17,5.4
0e3aa921-db7e-4509-b397-c00a76f5ddd3,"in game nya sudah bagus, lancar, dan tidak ada bug sejauh ini selama saya bermain. tetapi tolong di perbaiki sedikit untuk grafis di platform mobile, karena saya merasa sedikit tidak puas dengan garis tepi atau outline pada beberapa object seperti character. outline tersebut terlihat berantakan dan tetap seperti itu meskipun saya sudah menaikkan grafik pada tingkat tertinggi.",4,3,2025-02-12 17:45:22,5.4
0feb98b6-2066-4320-8947-e34b740f69d7,Bagus kok cuman kadang-kadang suka muncul penyimpanan data penuh gitu padahal udah di hapusin jadi mau nggak mau aku cuman bisa main di Genshin Impact cloud...,5,0,2025-02-12 17:41:06,5.4
d865c741-0d88-4216-81c8-6ddf50038e7f,Makin males main gada fitur skip cerita mana dialog nya panjang panjang terus ada bbrp character yg gak ada dubbing nya,1,0,2025-02-12 17:38:47,5.4
796588b6-48d1-42af-b1d1-e6c8edab2b0a,game bagus sekali bisa ketemua waipu🥰🥰,5,0,2025-02-12 17:28:21,5.4
3be1427e-f46a-4842-b897-17ec99b5da36,dah bisa wak login,5,0,2025-02-12 17:26:57,5.4
b77b9e72-546c-4e6f-acf1-62b618134761,Some of other voices certain characters are missing (especially english voice) :'),1,0,2025-02-12 17:24:41,5.4
50f2348a-be68-462b-a19f-dca5549453a0,"White screen, tolong setelah update mengapa stuck di loading game dan tidak bisa masuk.",2,3,2025-02-12 17:23:53,5.4
3edcbb6c-572d-4527-9c70-333ffb5a8d42,Semoga yang muncul bukan si bocil kematian,5,0,2025-02-12 17:13:54,5.4
d20ca6b0-07b8-4e19-9aff-2e054f93bbb3,Pahami keinginan user. Kita maen buat happy2. Kalo banyak teks obrolan dan gak penting buat apa. Tambahkan fitur skip obrolan. Jangan jadi developer yang dungu,1,0,2025-02-12 17:09:28,5.4
76437229-9bbd-45e7-88fd-f694b08f56b6,Seru,4,0,2025-02-12 17:01:03,5.4
43c51103-8775-4640-8582-2b10ea6b5ba1,Tim nya tambahin lagi jadi 5 karakter 😁,4,0,2025-02-12 16:58:08,5.4
f37411ba-1fcf-4bdf-86dd-0391f68b38aa,Overall still good,4,0,2025-02-12 16:55:13,5.4
29836646-2b65-4ce6-9abe-212907ecec66,Bagus...,5,0,2025-02-12 16:53:26,5.4
aab489c5-ae0a-4071-836d-3191aa2bf6ed,"Bagus,dan indah skali lokasi dan karakter nya",5,0,2025-02-12 16:39:38,5.4
8dc10e95-e2e2-44ab-a437-e24bcebdb93b,"Seru, bisa buat ngisi waktu kosong, dan nggak terlalu nguras mental",5,0,2025-02-12 16:38:38,5.4
030f04fa-cd46-434d-99e7-63f83bbe857e,seru bgt jir,5,0,2025-02-12 16:33:48,5.4
179b714a-5554-4431-b310-c1eaf33fdcd1,Normal gk si birahi apa Waifu😋,5,0,2025-02-12 16:29:41,5.4
22f5dd7d-a162-4574-a267-7f1bd2012788,Game nya asik memberitahu semua pelajaran kehidupan,5,0,2025-02-12 16:23:29,5.4
29c253e2-a214-4762-8643-13de6f0464fd,bagus bgtt cokkkk,5,0,2025-02-12 16:04:41,5.4
046e47da-9af9-4a86-913f-d3715205d514,seruuu bgt,5,0,2025-02-12 15:44:04,5.4
2f34b241-d13a-46e1-bef1-e6a4e23cf6cc,I need arlecchino 😔😔🙏🏻🙏🏻🙏🏻🙏🏻,5,0,2025-02-12 15:40:41,5.4
9ac8cfa1-c254-47b6-8442-396cd5d4c0a1,The Best Adventure game,5,0,2025-02-12 15:32:10,5.4
b2d9e737-92b0-45f7-bba7-179cfa984923,"game kikir, gacha ampas mulu",4,0,2025-02-12 15:30:03,5.4
6acba315-9b91-4ed2-8481-d01a7538fe53,"BERIKAN FITUR AUTOSKIP!! Overall, it's perfect. But please, tambahkan fitur auto skip!",1,0,2025-02-12 15:25:16,5.4
f4d2c0c8-f019-4a71-949f-b722f1486cbf,"best game everrr✨️ ga nyangka bakal ke hook main genshin selama ini, open world emg seru bgt ga bikin bosen, ditambah challenge buat gacha dan ngembangin character jd lebih seru😍",5,0,2025-02-12 15:24:08,5.4
d920ff80-ef23-4e8c-8ffd-b113e69a5a85,"UGH I THINK IM OBSESS WITH THIS GAME, ngga tau kenapa rasanya jatuh cinta banget sama genshin impact, entah karena storynya, grafiknya, gameplay, eksplorasi dan masih banyak lagi.",5,0,2025-02-12 15:21:43,5.4
81a9236b-fac3-4ea1-8daa-30881b220b58,"Hh gini amat hidup, padahal mau batal in update genshin malah kepencet uninstall 😭",1,1,2025-02-12 15:14:09,5.4
0ed80cec-5b85-4d49-98bd-c7983f3cf2ce,Game oke,5,0,2025-02-12 15:13:00,5.4
0bb60567-9a7a-4d90-91d1-23968966a1f6,Nice game,5,0,2025-02-12 15:10:59,5.4
4a964004-6bd1-40d7-872f-d3c67d28fac6,Saya sudah ganti hp ke Tecno pova 6 pro chipset Dimensity 6080 lancar dan saya suka game nya petualangan asik tapi tambahin lah fitur skip obrolan sama npc atau karakter buat lebih hemat waktu dan bagi bagi primo juga :),4,0,2025-02-12 15:08:57,5.4
0ae0a745-98bb-4876-920f-018727b06a68,Apalah masak Abis 10000 Primo gem Arlecino ku nggak pulang pulang,3,0,2025-02-12 14:58:28,5.4
d6136669-7d21-4f94-9c80-c76efa5db0b8,mantap bang tapi berikan aku mw 3200 primo,5,0,2025-02-12 14:57:16,5.4
456f5ef6-4862-45c2-a92d-4a11fba53fb1,Sedikit lebih baik,4,0,2025-02-12 14:56:22,5.4
50af82e8-672c-4fe6-b965-5b55d5f26be4,Game nya bagus walaupun agak patah2 kalo main di hp tapi suka sama advanture nya,5,0,2025-02-12 14:33:39,5.4
cc05d33c-279f-4f04-b1f9-b121a925a846,Sigma bgt,5,0,2025-02-12 14:26:58,5.4
2c62e562-183a-48e1-85c2-39d452deceba,lumayan lah gw kasih 5 bintang dulu,5,0,2025-02-12 14:23:00,5.4
98fc80fa-9ce9-4ea9-9481-73dbc1d5fe41,Game nya seruuu,5,0,2025-02-12 14:21:29,5.4
971c8f2b-7d58-421f-91af-2201ba739a0f,"Sudah gratis sama bagus, sippp",5,0,2025-02-12 14:21:18,5.4
91e5c0f6-253b-48f0-8684-7c9068be3283,Game jelek dapat qiqi Mulu sampe c6,1,0,2025-02-12 14:19:38,5.4
5cfe61fe-a840-4a7a-a7e4-c787c51a939d,"Developer, plis beri aku karakter bintang 5😁🗿",5,0,2025-02-12 14:14:02,5.4
83d23ca9-1342-43e5-ae8b-06e698b78990,Untuk mihoyo kenapa pas update ini keseluruhan data jadi naik padahal data ku sisa 14gban lagi tapi setelah update malah jadi naik 30gb tolonglah mihoyo ini bug atau bagaimana ini sangat mengganggu bagi org yg memakai data tolong cepat perbaiki buat bug ini aku kasih rating 1 karna masalah ini terimakasih,1,5,2025-02-12 14:13:24,5.4
d0014cd3-d1ce-4368-a2ff-3bd0730d1263,seruuu,5,0,2025-02-12 14:11:24,5.4
8cf8d899-24d5-49e0-99d0-5953e6270f22,"Game nya sangat bagus, tapi kalau bisa di tingkatkan sedikit perolehan characternya, terimakasih.",4,0,2025-02-12 14:10:35,5.4
1b531bee-d6eb-4c2e-ac87-a94e840b0bbf,"Keren bettt, snapdragon 685 bisa main kok tapi grafis nya yang terendah, tapi kalo pengalaman akhir akhir ini update nya genshin makin lancar buat di mainin",5,0,2025-02-12 14:02:37,5.4
d31b4033-2d30-4e6e-8e0a-72208b7459fc,I Like Exploration,5,0,2025-02-12 13:59:49,5.4
1a4ab8a8-5d32-417d-a274-53e3195af1f8,Masa perusahaan sebesar ini ga bisa bikin karakter yang berkulit gelap?? Padahal ambil inspirasi dari negara Afrika dan Amerika latin.,3,2,2025-02-12 13:54:39,5.4
e9677435-2fad-4172-8543-06a97413982f,Boring,1,0,2025-02-12 13:48:52,5.4
44562566-c7c8-4796-a217-a4fe861f3c47,Bagus,5,0,2025-02-12 13:48:48,5.4
c8fc078e-ab63-4e3b-bc7f-b54b6a2843dd,Bug masih terjadi,5,0,2025-02-12 13:40:14,5.4
26b06d64-eb4c-422d-a23b-1ebbc8d76ccb,Bagus sekali tapi coba kasih Primo yang banyak,5,0,2025-02-12 13:39:57,5.4
9fb5b4e8-93ed-4153-9aba-8d72864c0850,"Ini game rpg paling bagus menurut aku, dari segi grafik maupun story itu oke banget. Suka banget sama game ini~",5,0,2025-02-12 13:37:11,5.4
b75818c7-fbb2-433b-ba6e-c0f4745c22ab,Gamenya cukup bagus menurut saya tapi sama minta tolong adakan Fitur skip story dan jika bisa tolong adakan Fitur 1 VS 1,3,0,2025-02-12 13:29:52,5.4
a581294d-6c44-4276-95c4-2f1958b55fdb,Seru,5,0,2025-02-12 13:25:12,5.4
07b0fb77-7b5f-48b5-9c5c-2117fd1c6d31,"Game yang bagus dari segi cerita,grafik,dan desain karakter. Memang sih ceritanya beberapa bikin ngantuk apalagi world quest tapi itu ga semua kok, untuk grafik udh bagus banget sih,lalu desain karakter nya juga bagus². Untuk sekarang sih udh puas banget mainnya gua ga pernah ngalamin patah² meskipun wifi gua 100k doang (ya itu juga grafik nya paling rendah semua sih)",5,7,2025-02-12 13:24:47,5.4
846482f1-acd4-4f25-8f96-4ed64734d66f,Keren,5,0,2025-02-12 13:19:50,5.4
d4b37605-57b7-4a2b-a314-b4251e342786,"Game pelit, dari segi cerita udah bagus (berasa dibacain dongeng) cuma alurnya kek sama aja gitu, cerita""... battle dikit, trus dibantu rekan, kek mcnya ga berguna aja gitu. Dan cuma makin kesini makin kek menguras duit player, manala ada di satu banner dibikin bingung player buat gacha. dari segi eksplorasi juga minim banget hadiahnya. udah coba bandingin dengan game"" lain emang ni game paling pelit.",1,0,2025-02-12 13:19:37,5.4
d42abb75-dd81-4ad8-8449-9f0f2b586a97,"kebanyakan bacot kalo ngerjain story story, tolonglah tambahkan fitur skip dialog biar gak mencet2 layar mulu",1,0,2025-02-12 13:18:39,5.4
9f6afa54-4c4a-4e32-bdd4-26d6d3ac1ba2,Ada waifu🥰,5,0,2025-02-12 13:14:09,5.4
4a34d7d8-678b-40db-8bf7-d55f8715091c,Gada fitur skip,1,0,2025-02-12 13:11:06,5.4
ec811866-430b-45a7-9b22-1c68e598b605,Kebanyakan yaping ni game,3,0,2025-02-12 13:07:02,5.4
8d4d8169-1246-41ae-8c85-0cb45f5e4059,No 4 no,4,1,2025-02-12 13:05:29,5.4
30c6ef18-4a2f-4917-8d84-a6545d6d3f64,"Kebanyakan ngoceh, jadiin kek blue archive ada fitur skip trus muncul ringkasan cerita",2,0,2025-02-12 12:55:25,5.4
9159a6be-37d8-4744-aa5d-0083e309e52d,Grafik game yang tidak ngotak,5,0,2025-02-12 12:51:17,5.4
7c3e43e3-8b1e-4b9e-91e6-86575693f330,"Tolong Buatkan kostum buat aether, kostum yg ada jelek ko perutnya kebuka nga cocok buat karakter cowok.",5,0,2025-02-12 12:47:52,5.4
3acac08d-befe-43ae-aadb-493cbc8e76f6,oke,5,0,2025-02-12 12:43:48,5.4
f951558a-4719-41cd-93fd-dd4cb65dd43b,sangat puas,5,0,2025-02-12 12:43:40,5.4
bb9da67c-c7c6-439a-9731-d6238016d0de,Free player ya susah² gampang. Susahnya pull pity 80~ mentok. Seringnya Rate off. Rate on pun pull gede.,4,0,2025-02-12 12:36:29,5.4
a9fda77e-cff4-44c3-8b5f-ba656f882d68,Kita lihat berapa lama game ini bertahan.,5,0,2025-02-12 12:33:29,5.4
b8b32e53-aa1a-408c-a88a-78bfced64040,"ini adalah game terbaik yang pernah saya mainkan, saya suka sekali dengan game penuh quest dan petualangan serta teka teki di petualangan tersebut",5,1,2025-02-12 12:32:36,5.4
751fef5c-aaf8-433c-9088-463b9f9c6ede,Namanya aja game RPG.. Kaya set weapon artifak dll jika susah dapetnya ya wajar.. kaya gak pernah maen game RPG aja..,5,0,2025-02-12 12:32:19,5.4
a79f5c16-6236-45af-9cbb-e90f2c991fd8,Grafik nya sangat bagus.. Game nya halus,5,0,2025-02-12 12:31:35,5.4
853243a9-2141-41b3-9c3b-794f9b8ff4b8,Game sdm tinggi,5,0,2025-02-12 12:30:14,5.4
12df14f0-8f3a-4477-bbd2-a358fc4be0fc,"Game kikir pelit primogem !! Padahal player lama dari 2021 Mana mau main aja dikit2 pake resin, kasi resin nya pelit banget lagi cokk cokk.. apa yg mau di maenin wong resin aja gapunya",1,3,2025-02-12 12:27:11,5.4
bc5e6266-01fc-4c6c-a5dc-93d70fc4cc00,Seru dan memanjakan mata,5,0,2025-02-12 12:25:47,5.4
4148fea8-ae8c-424d-ae8c-52590f018e50,GAMENYA SANGAT BAGUSSS,5,0,2025-02-12 12:20:31,5.4
643332ab-4357-4966-9ea7-e6c621bc461e,Males banget makin kesini dialognya makin panjang dan kalo dibaca bikin kepala sakit terlalu bertele tele,3,0,2025-02-12 12:19:10,5.4
042f430b-b609-4e66-9f68-07f533868fed,"Kamu game baik, aku selalu ksabar",5,0,2025-02-12 12:17:18,5.4
bdbdc5da-9431-4e8f-ba84-305f86c81bea,Good buat story tapi dialognya itu luwwwch😂,4,0,2025-02-12 12:13:23,5.4
5830ecd8-fad0-4646-9b11-9cf6b4f18868,saya suka game open word ini tapi sayang karakternya sudah di dapat,5,0,2025-02-12 12:06:59,5.4
613410fa-15d7-448e-8d0f-672f6e436cbd,Seru,4,0,2025-02-12 12:06:00,5.4
e34bf4c6-5a65-4db0-8705-f6ace500ec09,Seru jir 🗿,5,0,2025-02-12 12:02:26,5.4
233b2a56-a683-4e64-b4c8-29e8c34f21ac,Gua kasih bintang 5 sapa tau bawa hoki pas gacha wkwk,5,0,2025-02-12 12:01:12,5.4
dea45039-4d90-4d0d-a4ce-715ddba87818,AKU SUKA FURINA😘,5,0,2025-02-12 11:53:26,5.4
74d78d7c-74c6-4852-a2d3-aaa8267e1c79,"banyak yang rating rendah soal obrolan yg berkepanjangan, tapi bagi saya tiap dialog nya malah makin menunjukkan maksud developer dari game tsb, lagipula yg mau tudep mission itu kebanyakan cuma mau reward nya, namanya jga usaha sabar dikit napa lah. terus apa coba hubungannya wibu sama dialog, ngaco anjir 😭😭 Btw mantap develop, gamenya udah bagus, mungkin terkadang bug ketika tercegat diantara pohon"" gitu. Tolong diperbaiki, tapi ga terlalu masalah jga sih, so far so good. 🤗🫰🏻",5,81,2025-02-12 11:51:20,5.4
3d7190de-35e5-4f98-a14a-66a0198c1e3e,Aku suka game yang lama walaupun lama jadinya kita bisa tahu apa tujuan dan inti cerita🥰,5,0,2025-02-12 11:46:36,5.4
98779078-d057-49ea-8ec7-768845df310b,I very like this game.,5,0,2025-02-12 11:45:26,5.4
056f3965-a61e-439f-be0f-af82f6784f13,Dipermudah lagi woi cara buat farming artefaknya..,5,0,2025-02-12 11:44:24,5.4
1a14e0c4-24ef-461e-9e3e-5cb138dfae63,Gem ini bagus banget gerapik rendah aja bagus banget apalagi gerapik untra beh dan gem ini pertualangan dan lawan moster dan hero nya alemen nya bagus dan sakit dan terimakasih itu aja yg saya dapat di gem ini bye,5,0,2025-02-12 11:33:59,5.4
a5015bf2-3d0e-480a-9b9c-c053e5ad227f,"Dri tahun ke tahun genshin banyak eventnya, mantap hadiahnya",5,0,2025-02-12 11:31:47,5.4
1d9601e8-e55d-4b8a-be1d-904014b59ff1,Madodet pokona,5,0,2025-02-12 11:27:11,5.4
d0eb3a61-ce1b-413b-9a93-fde55c496948,Developer tembok. Gak mau dengerin player.,1,0,2025-02-12 11:25:38,5.4
1aba398d-cd62-47d7-873b-764ff1eb4a70,Tinggal tambahin skip buat dialog yg panjang,5,0,2025-02-12 11:19:58,5.4
6cda06a3-c066-4b20-adab-2e73bad7faf6,Keluhan utama saya hanya dialog receh tidak penting yang tidak bisa di skip,4,0,2025-02-12 11:19:46,5.4
cb26c006-c1d2-4dc0-9feb-0000a7cf088a,"Ini Game rekomendasi Banget Buat penggemar Game Story,animasi, grafik dan mekanik semuanya perfect",5,0,2025-02-12 11:18:15,5.4
ece21801-12a4-4866-8680-acf9ee3a329f,"BAGUS BANGET tapi saran nya jangan bikin ribet nama nama nya dong😭😭, pls masa game sebagus ini yang main dikit sih😭😭",5,0,2025-02-12 11:17:17,5.4
25ca4d58-1180-4d51-9a4f-f5354d768b5e,baru download udh update lagi😭,2,0,2025-02-12 11:03:43,5.4
7072ab50-53b4-4025-8346-5df36c30d241,"1 kata untuk game ini, ""LEGIT""",5,0,2025-02-12 11:03:03,5.4
d462ebac-e622-4b1c-a391-93b14e892e00,"Sedang Menungggu Tsaritsa, Bila Nanti Tiba Saya Tambahin Bintang Nya",4,0,2025-02-12 10:59:25,5.4
d876a0dd-c70b-428e-95eb-f63a15611c29,Seru,5,0,2025-02-12 10:56:42,5.4
7426be46-8e8a-4b05-81e3-03b6cb7b4793,"Too much update, I have downloaded ±30Gb data, after finished I must download 27Gb? For what?",1,0,2025-02-12 10:55:50,5.4
b09ec7c2-1d4d-49e4-94c3-1ff9178923bf,Absolute Cinema,5,0,2025-02-12 10:47:50,5.4
f92d4f72-db18-4a55-a48b-e75ae4288873,"gk ramah buat f2p, gk kebayang klo udh 100% all map mau dpt darimana primonya? (miskin geming)",1,0,2025-02-12 10:45:47,5.4
671d2596-336a-4a62-afc4-d8e0176557fb,"Please kasih fitur skip, minimal d story sampingan yang gk guna. Trus kasih konten end game kya d hsr yg busa ngasih reward mingguan, jd player lama msh bisa dpt tmbahan primo slian dr IT sama Spiral.",2,0,2025-02-12 10:43:52,5.4
689de2d8-ee31-4208-a0f7-74da72d4667a,Karakter nya Oke Game nya Oke Pokoknya cobain deh seru,5,0,2025-02-12 10:42:16,5.4
4611462e-1f3e-4e53-aab6-1779695beb37,Bagus banget,5,0,2025-02-12 10:33:37,5.4
f66f66e8-f133-4f3f-b482-a9b268d5f5e4,"Buat kalian yg memiliki hp kentang tapi bingung kira kira bisa apa enggak,gw aja hp kentang chipset t606 bisa main rata kiri dengan resolusi 450,dah itu aja sih🗿🗿",4,0,2025-02-12 10:31:05,5.4
277d7a8d-034c-40f5-9f89-6619ee808168,Game bagus banget co .,5,0,2025-02-12 10:29:38,5.4
9d4e1d3e-9d45-402b-b9ba-93bd616f11b9,Tidak bisa berkata kata,5,0,2025-02-12 10:28:55,5.4
2b4ec347-95cf-482f-ad14-d2e193e02b17,Pls tombol skip,4,0,2025-02-12 10:24:58,5.4
b2de8486-9e2b-4317-8919-8b8865568376,Bintang 1 dulu sampe reward CNY berubah,5,0,2025-02-12 10:22:40,5.4
9b7f28c2-2fed-4ab8-8d5a-181e17c3d973,"Fancervices berlebihan. Natlan gaada jati diri, konsep ga jelas. Kurangnya karakter male, this is annoying. Kurangnya interaksi antar karakter, beberapa musuh yg sulit di imaginary theater",1,7,2025-02-12 10:20:08,5.4
06715756-e3d5-4322-b140-f45d6fa2f898,Please do the chat dialogue on the script button so that the players can quickly complete the mission he runs,3,0,2025-02-12 10:18:48,5.4
2d0c4afb-c3ec-480d-8504-b60a47b90b45,1 pesan saja jngn pelit Primo paham!!! ✋,5,0,2025-02-12 10:17:54,5.4
e8c4f6ee-8db7-480b-860c-c74c370d5f74,"Sebenarnya 1 ajj permasalahan besar game ini Kikir, secara story bagus, char bagus, explorasi bagus.. Developer harusnya mendengar kan saran dari para player",4,0,2025-02-12 10:17:08,5.4
29a85fa2-ea06-40c5-9007-cdbb7fd255aa,No skip,1,0,2025-02-12 10:16:52,5.4
943c249a-366a-4d12-897c-61f9a5f835bd,"semua yg berkembang dari 4.0 hingga sekarang sudah bisa di rasakan, dari segi reward, chest, misi harian, puzzle, dll sudah terbilang mudah tapi kendalanya ada di percakapan yg teraaamat panjaaaaang saya dibuat ngantuk , sampai sering ketiduran kalo bisa, tolong tambahkan fitur skip percakapan agar bisa lebih menghemat waktu seperti game lainnya.. sekian, terimakasih. Nanashop",5,21,2025-02-12 10:16:33,5.4
3395d302-2e41-4bb1-8938-f4a9a6f16d97,Nice,5,0,2025-02-12 10:16:28,5.4
1ee72d42-260e-4c79-8906-e3bd99bd6d94,"game terbaik menyediakan map yang luas, bebas mau ngapain. mengupgrade senjata, karakter dll. masalah story dan dialog yang lama itu lah kesan nya emang game ini di buat untuk story dengan pemandangan nya bagus dan pertarungan nya juga menantang , buat lu yang ngerasa banyak dialog lah apa lah, gak usah main deh lu, game itu untuk di nikmati setiap progres dan perjalan nya.",5,10,2025-02-12 10:08:14,5.4
c69676d4-95a4-4852-b00f-3962810d0833,GAMENYA SERU TAPI AYOLAH KASIH AKU GACHA WANGI😭,5,0,2025-02-12 10:03:05,5.4
5409d87e-fa1f-49f2-9bec-e1e39e195204,"keren, ak syg ayato, yae miko wangy",5,0,2025-02-12 09:52:53,5.4
2139ed86-91d9-4913-8a4a-2a5c65bab638,"I love genshin, thank you❤️‍🩹",5,0,2025-02-12 09:52:03,5.4
31f1e23d-338f-4b06-91e9-c0341c4a8328,Game berasa anime. Suka sekali dengan alur cerita dan grafik nya. Gak ngebosenin pasti nya. Helio g95 lancar jaya tanpa lag sdkit pun. Baterai aja cepat panas.,5,0,2025-02-12 09:50:34,5.4
0dee15bb-cd68-4767-8913-0bf213f58037,Genshin support gamepad kapan woy,3,0,2025-02-12 09:46:18,5.4
321633bf-422d-4a1b-9013-1785b940e62e,"Bagus banget, no minus sama sekali. Keren banget woii kecuali sistem gacha dan hadiahnya💀",3,1,2025-02-12 09:37:31,5.4
b8709d2b-d273-453e-b46b-b8156dcc9c7b,"Kasih fitur skip di setiap dialog woii.... Capek tangan, kesel, jenuh nungguin nya. Bikin orang males aja",2,0,2025-02-12 09:37:01,5.4
390a157f-4c3e-4c21-9aac-7f952f275d77,please more primo,5,0,2025-02-12 09:31:17,5.4
6ea23a6e-4cf3-4e40-a1de-d2e4f98a2853,saranku kasih tutorial naikin rank buat pemula udah itu saja soalnya gak tau cara naikin rank,4,0,2025-02-12 09:31:06,5.4
742a195f-a8f6-4acd-993b-332b5829222e,Game Baik,5,0,2025-02-12 09:30:56,5.4
97d43c5b-b2c0-4baf-8921-e00563bb601c,bagus,5,0,2025-02-12 09:26:48,5.4
25514344-a282-4cb3-b5ab-3e3f31ecf016,Mantapp,5,0,2025-02-12 09:25:45,5.4
bf5d6adf-2c5a-4ca1-975a-a492f62fe688,Kikir nya dikurang kurangin min😊🙌,5,0,2025-02-12 09:20:22,5.4
f917f130-0e1d-4ba3-9c2f-2fed891225a5,"Bagus bangett, ini game yang paling bagus yang pernah aku temui, terimakasih telah menciptakan game sebagus ini! Semoga semangkin berkembang ya...",5,0,2025-02-12 09:18:03,5.4
84e3ce6d-55fc-4447-9578-3a6d983ee035,"Tambahin fitur skip dialog dong,males bgt harus mencet tombol f terus",3,0,2025-02-12 09:17:45,5.4
d4a78668-fc57-401f-9c30-d3ab9c301b5b,Game terbaik yg dimainin selama 20 tahun hidup di dunia ini,5,0,2025-02-12 09:15:50,5.4
9d2a239c-6d38-474a-ab24-e0e7ccb8a90c,Bagus,5,0,2025-02-12 09:08:34,5.4
f8e666a7-72f1-420e-b237-fb6480405aa3,Banner weapon 1/1 lawak dek kalah sama gam baru wkwkwk,1,0,2025-02-12 08:59:03,5.4
ce42e4d7-9656-4262-8f16-6153284e1969,SCARAMOUCHE MY HUBBY WUBBY PLS HOYO MAKE ANOTHER EVENT WITH WANDERER IN IT I BEG YOU,5,0,2025-02-12 08:49:46,5.4
e2c403d9-32e6-4ec1-b7ef-147749286605,"Aplikasi nya sangat bagus, banyak karakter² nya sangat banyak",5,0,2025-02-12 08:47:26,5.4
3e40b024-a2e7-417d-b993-3c01f95253ce,Kurang nya bansos Primo apalagi kalo mau dapet char b5 harus 80 pull misal dapet kalo kagak rugi juga mana ngebuli satu char aja lama banget,1,0,2025-02-12 08:46:52,5.4
b509a9d8-12f4-4331-b609-45508047dee0,"Udah Bagus banget gamenya, saran agar lebih stabil di beberapa map dan banyakin hadiahnya agar player betah mainnya",5,0,2025-02-12 08:41:36,5.4
7ea14766-8ab6-4167-b825-035f2b053748,seru tapi berat hp gua sampe panas,5,0,2025-02-12 08:39:01,5.4
e8499300-2dcd-44ea-b831-135d966771ba,Gameplay nya asik jadi gk bikin bosan,5,0,2025-02-12 08:34:16,5.4
f6ff4345-5cb7-433f-b081-1e73ba350802,Di upddate malah gak bisa di buka mau masuk kelur lagi,1,0,2025-02-12 08:34:14,5.4
66251116-bd43-4b6b-a738-db5b6281b0b6,"Game baik,suka memberi Primo, tidak kikir,gachanya wangy",5,0,2025-02-12 08:30:43,5.4
8b6b6af6-2fde-4599-a68b-ab0e5af4b646,"Mantap,, bgian resin di percepat dong waktunya",5,0,2025-02-12 08:25:20,5.4
463c77d8-ec80-4e5f-a97d-166e5b23597a,Banyak dialog yang sengaja di panjang panjangin muak banget ga bisa di skip njir,1,1,2025-02-12 08:23:14,5.4
925b17f7-c422-48e2-bf22-c2c58c94c137,"bagus banget asliii, walaupun menguras memori handphone gapapa lah yaaa tolong berikan event yang memberikan primogem yang banyak, tapi event nya tidak susah kalau bisaaa supaya banyak yang main terimakasih 🫶🏻🙏🏻",5,0,2025-02-12 08:17:33,5.4
fb8b04f8-67e9-43f6-80b4-687df78e7c05,Seru banget ini game,5,0,2025-02-12 08:14:39,5.4
44bc8da9-8535-426d-aa55-cd8ffbbbf9b3,Permanan nya bagus ko tapi saya harapn jumlah karakter laki laki dan perempuan di seibangkan,5,0,2025-02-12 08:09:46,5.4
2b65e207-cd4f-4cd0-a85c-4c3f45f30992,game nya sangat seruu,5,0,2025-02-12 08:09:43,5.4
5cba5881-12d0-4d58-a366-fae93742257d,"BAGUS BANGET, TAPI BANYAKIN PLS CHAR CWOKNYA",5,0,2025-02-12 08:04:10,5.4
616e2874-9c42-4d33-b0e7-dd1cd8d1e9d3,"Rate Gacha tolong dinaikkan, Rate Drop item tolong dinaikkan, QUEST STORY, QUEST ARCHON SO GOOD, DON'T MAKE SKIP BUTTON.",4,85,2025-02-12 08:00:52,5.4
49e055e6-b002-4b4c-a32c-f0cf393ad9de,"hoyoo, jangan pelit2 amat laa tambahin primo kek di misi harian, tapi genshin baguss banget guyss",5,0,2025-02-12 07:59:17,5.4
c87e2a65-36fe-4ea0-83af-8eb67ada3584,Game terseru yang pernah kumainkan.,5,0,2025-02-12 07:59:14,5.4
dd5fb887-1216-4619-bcaa-52f967a8a25c,Gem bagus apalagi kalo pake hp elit grafik nya rata kananin,5,0,2025-02-12 07:57:26,5.4
0fcf3393-c338-4513-95ca-d0e251d24557,"Gamenya bagus, tapi kok versi mobile tidak bisa costum tombol ya kaya game sebelah, jangan-jangan memang bener ini game prototype doang bukan asli, jadi tolong untuk kedepannya bisa custom tombol untuk versi mobilenya. Tolong di dengar hoyoverse!",2,0,2025-02-12 07:55:07,5.4
986006c8-0770-409e-8248-775af71d849d,Sering2 ya event nya hoyo🙏🙏,5,0,2025-02-12 07:55:07,5.4
a83112fe-c310-4136-9a17-dc7361a0b7f5,"Ya, sebenernya sayang-sayang benci gimana gitu ya kan.. Sayangnya tuh karena dikasih hoki terus kalo gacha tapi KENAPA ARTEFAK GUA DI AMPASIN SEMUA HAH? MAKSUD E OPO?",5,0,2025-02-12 07:54:31,5.4
971a71d2-f67c-4317-baaa-1026aad05bb0,Bisa kah menambahkan hadiah lebih banyak?,3,0,2025-02-12 07:52:32,5.4
3329575b-a001-453f-84f0-6c317be3bfcd,"banyak game RPG sekarang... mulai dari yg sama"" hoyo ataupun ngk... tapi tetap suka genshin impact... the best game nya.",5,0,2025-02-12 07:51:31,5.4
6e01f79f-9c6c-4901-9147-011657ec182e,"fanservice berlebihan, rasio character cewe dan cowo jomplang, tolong diperbaiki dan diterima masukannya",1,1,2025-02-12 07:46:26,5.4
9e24619d-2b99-43cd-a2c3-961ae4be9484,"suka bgt sm gamenya, tp pity kalah rate off nya sadis 😭",5,0,2025-02-12 07:42:21,5.4
c9856d7a-35e4-4a41-9d43-9da163d4d98b,"Selalu hard pity, sekali kali soft pity lah.",2,36,2025-02-12 07:42:14,5.4
1af7167f-f8ad-4c4f-a6b1-9b84d26cb939,"Visual cukup memanjakan mata, salah satu game open world dengan penulisan story yang sangat baik, soundtrack dan BGM gamenya juga enak enak didenger, desain karakter bagus bagus meski kalo desain mungkin adiknya yang turn base masih lebih bagus, pokoknya top lah cuman saran aja sih tolong lebih dengerin masukan dari para pemain. Buat masukan fitur skip gw kurang setuju kecuali diterapkan ketika dialognya kurang penting atau pas lagi side quest",5,765,2025-02-12 07:39:48,5.4
72b33a89-0cfb-4bd7-acc4-2c28f83f914b,setelah di update malah gak bisa di buka udah besar banget update nya malah mengecewakan game rusak gak rekomended buat di download habis update malah masuk ke server bukan ke game,1,2,2025-02-12 07:39:41,5.4
68bd601c-5d88-4a57-a9ad-64a96a2c959f,Sehat sehat game pelit,5,0,2025-02-12 07:35:31,5.4
4fa99100-652d-413c-8f49-224d718e2af9,非常好,5,0,2025-02-12 07:32:47,5.4
0695cce9-f332-4b30-a180-7e7c887fa98d,Tolong di perbanyak karakter cowonya pliss. Jgn cwe mulu. Karakter anak kecil cowo juga kurang banyak,5,0,2025-02-12 07:31:52,5.4
eb54692e-f767-4205-bfd3-5ce35c899046,Game ini sangat baik dan juga ramah dan tidak kikir,5,1,2025-02-12 07:29:03,5.4
0ff8175d-4d5a-445c-bb12-54e71fd38d37,Best game ever,5,0,2025-02-12 07:29:00,5.4
86476fc1-994c-4e10-9334-52e008184bc6,Gameplay nya asik cerita nya seru map nya luas tapi game ini ga cocok buat potato phone jadi nya aku harus ganti device buat lebih nyaman lagi buat main jadi intinya game ini tidak membosankan sama sekali bnyak banget character yang bisa di mainkan tapi harus gacha jadinya harus ngeluarin uang kalo mau dapat character nya dulu tapi bisa kok dengan cara free to play tapi harus sabar,5,3,2025-02-12 07:27:02,5.4
cb17a75a-63c3-4e86-adcf-611bc2cfa506,"1# Dialog Sangat Panjang dan beberapa karakter tidak ada suaranya, saran saya adalah diberikan fitur SKIP dialog untuk mempermudah para pemain. 2# Primogem yang dihasilkan sangat sedikit dan ini menyulitkan para pemain F2P berburu primogem untuk gacha banner.",1,5,2025-02-12 07:20:56,5.4
46348d25-d145-49fb-af63-e2f193979cb8,Salah satu game mobile gratis terbaik.,5,0,2025-02-12 07:20:34,5.4
57e5cd6f-a6f3-4ae2-ae51-4e8fa27ed307,"Seru banget,sayang banget sering lag",5,0,2025-02-12 07:19:47,5.4
f8128b32-f86a-41b1-aa53-3b87c7bb5ac5,Tutorin biar bisa menang rate off terus,5,0,2025-02-12 07:18:20,5.4
9b95714f-7c6b-46fd-a83a-faa361655093,Game bagus banget bng,5,0,2025-02-12 07:15:59,5.4
17bac0a6-c1af-481c-9f0c-81371122c10c,Mudah mudahan genshin kedepannya ngebuild artefaknya gampang🗿,3,0,2025-02-12 07:15:40,5.4
168b2f1e-7bd3-49df-b35b-0c00c31f5553,Game sangat baik dan memanjankan mata,5,0,2025-02-12 07:15:20,5.4
50cd3b5f-a5d9-4280-8182-56fe6a3886a5,apk nya jelek patah patah,5,0,2025-02-12 07:08:13,5.4
65ba969f-08f0-4c69-8817-9c160f9541bb,"Please tambahkan fitur skip karena menghabiskan waktu berjam-jam hanya untuk membaca dialog yang tidak tho the point, beberapa quest tidak ada urutan yang jelas seperti aranara tidak jelas urutannya dan nyambung ke quest yang harus di trigger mandiri",3,1,2025-02-12 07:07:03,5.4
3d100c2f-1cca-4683-a94e-32fb8c3dcec0,sebagai player dari patch 2.0 saya berharap untuk quest dunia ada fitur skip obrolan gak penting!,5,1,2025-02-12 07:01:17,5.4
e351950a-aa1f-4edb-919c-c23ae7ac1722,"Game yang sangat absolute, saya berhasil mendapatkan 3 char non limit sekaligus, emang hoyo bukan developer kikir",5,0,2025-02-12 06:55:32,5.4
63c01890-3822-40e8-b6df-fec8929389a6,Nice game,5,0,2025-02-12 06:49:49,5.4
ce474e5b-9b1a-4fa7-abdf-f3c5ae230a57,Bagus sekali,5,0,2025-02-12 06:47:35,5.4
0a9ed662-ded9-44aa-aebf-a2984bb3c232,"game nya bagus seru, bisa coop tapi saran gw ya mihoyo baik baik deh sama player f2p soalnya sering kalah rate off itu bikin sakit hati mihoyo, PERBANYAK PRIMO DAN PERBANYAK BAIK KE PLAYER F2P",5,0,2025-02-12 06:45:42,5.4
b34b9df0-00b7-42f1-a55d-15f7026637c0,Where SKIP button?,1,0,2025-02-12 06:42:13,5.4
96f52444-6963-4cf8-8626-46e48d0e1c5f,"gw sebagai player baru agak kesel nih, soalnya gw udh download data 28gb dari 30gb, trus tiba tiba ada update, pas selesai update malah di suruh download data 27gb, udh lama wifi kurang lancar jg, itupun 28gb yg udh di download harus nunggu 2 - 4 hari, dh lah cape",1,4,2025-02-12 06:40:30,5.4
bd253036-d347-4178-88c1-16c5afbf1f80,Dimensity 700 dah enak di grafik low panas klo main sekitar 2 jam,5,0,2025-02-12 06:37:38,5.4
ee4fd2f1-1d59-4797-9e68-4caa2b5cc687,saya sangat suka dengan semua character nya,5,0,2025-02-12 06:34:35,5.4
a9f8b663-8cfa-4cc3-8ab1-f7aa28f1ee7d,panjang panjang game kikir 😁😁😁,5,0,2025-02-12 06:29:18,5.4
bd3bc5b0-aa88-4123-9d06-8e96717c6624,kadang patah¹ pas lagi lawan musuh. padahal udah di kualitas terendah,4,0,2025-02-12 06:29:12,5.4
2c98d6f8-9755-4158-873a-0e3d70f90f0d,Alhamdulillah udh main di genshin ori lebih enak di bandingkan cloud wkwk🗿,5,0,2025-02-12 06:28:58,5.4
30ab0366-6db7-4fe1-a719-4be8aabd2a26,Game ini sangat bagus dengan grafik dan cerita yang menarik,5,0,2025-02-12 06:26:20,5.4
cff6a8e6-011c-4f07-9523-6e3eb138c947,"Gamenya bagus, oke juga, suka banget sama storynya walau aku skip² ang ang ang",5,0,2025-02-12 06:20:24,5.4
159edb6d-c572-4d50-9de7-3551c31e083e,Mantap 👍😱🗿☠️😈🥶🥵🤡,5,0,2025-02-12 06:20:12,5.4
5d2e4fe2-1444-4d57-83ad-da4ffaf14974,"Game nya seru, story nya juga gak ngebosenin",5,0,2025-02-12 06:19:32,5.4
1768bd2e-5a9a-4b79-9c86-d8c8376ff6a1,Good Job Hoyoverse,5,0,2025-02-12 06:10:51,5.4
39e47c63-4ab6-4bca-b5a2-6ec944735969,GoodGame👌,5,0,2025-02-12 06:06:22,5.4
9f88cf2b-c384-4564-8cd5-715c93b9b405,"Mantap,tidak membosankan",5,0,2025-02-12 05:55:34,5.4
0141c007-0053-41e7-9b75-b1592b6d6522,Terlalu banyak ngabisin paket,4,0,2025-02-12 05:53:49,5.4
8e177ea5-f76d-4179-91d9-11e6ff9715f5,bagus tapi jangan spam qiqi Mulu🥰🗿,5,0,2025-02-12 05:43:33,5.4
6fd76b40-ea65-42e7-9759-f974d9b8ef08,dialog terlalu panjang dan tidak to the point,3,0,2025-02-12 05:41:08,5.4
c0932147-7be1-4387-9753-51450ff13c33,Hell yeah,5,0,2025-02-12 05:40:47,5.4
52eb8516-985b-49fc-b8b4-c7f51a421d3a,"Game nya cukup berat, tapi sangat bagus dan menyenangkan",5,0,2025-02-12 05:40:28,5.4
3e741934-3433-4f28-9b87-de29bc8e0c9b,QUES ARA NARA EMANG MANTAP COBA AJAH ADA TOMBOL SKIP NYA,5,0,2025-02-12 05:37:04,5.4
fabb1d03-5c85-426b-bafd-a096fe3c1a87,Gamenya seru bgt storynya juga ga ngebosenin 🥰🥰,5,0,2025-02-12 05:35:51,5.4
3fa38ebf-dad4-4690-bb94-91c2ee07b9c0,"Gacha Yang Hoki Dong , Ini Gue Nguli Pagi Malam Ampas Melulu🗿",1,0,2025-02-12 05:35:43,5.4
6c0dfde9-312a-48c6-8e7b-e906f4f9b5ac,Keren,5,0,2025-02-12 05:33:08,5.4
8ef6bb92-5ef4-481b-867f-fd8ee38c597e,Game yang bagus,4,0,2025-02-12 05:32:40,5.4
66e62af2-4c8e-4060-acfc-b538f9b52df6,"Sejauh ini aku sukak banget sama genshin impact, gamenya bagus, bisa co-op, dari segi eksplorasi dan quest udah bagus semua 💗 Sekian terimakasih (⁠≧⁠▽⁠≦⁠)",5,0,2025-02-12 05:31:59,5.4
7e1d88cc-cc9e-4cf3-8d2b-bc9ccc3c754e,"Hadeh natlan region perang tp dibikin colourful, charanya pada hepi hepi, lack of culture dibanding region lain yang base on irlnya terlihat dan menarik buat di telusuri, AQ kalah menegangkan dibanding sama Inazuma. Upcoming chara patch 5.X tidak se hype upcoming chara patch sebelumnya. Hampir semua aspek natlan 'kalah' dibanding region lain.",1,0,2025-02-12 05:25:30,5.4
49d58e2f-54f8-4f07-9bfb-9c62ea1cf143,super bagus mantep ada grafik HD saya sangat terpukau,5,0,2025-02-12 05:24:23,5.4
e7a25248-7ae0-4082-a3d5-f70ca80d8f61,"bagus, ramah untuk hp kentang",5,0,2025-02-12 05:23:01,5.4
f1aca28b-14e3-4369-a4b0-f909ff01085f,Kenapa ga bisa login donwload data dah mahal mahal ga bisa login,1,0,2025-02-12 05:21:48,5.4
667e22d1-cd9b-4830-a66e-92e917881d3c,RERUN YELAN WOII GENSINN,3,0,2025-02-12 05:14:38,5.4
c5718391-f346-4f52-9497-8bf5bea08728,"Untuk para pengemis Skip dan para pengemis Primo, Gausah main Genshin ""Lemah"". Dikit² fitur Skip, Dikit² di katain kikir, Dikit² bandingin game sebelah. Mending main POU aja lu para pengemis.!!!!!!!!",5,5,2025-02-12 05:14:35,5.4
