ReviewID,Content,Score,ThumbsUpCount,at,AppVersion
59910aae-3174-4ab6-8b9f-eb7d6ded0ffb,ganti jagan game tualang game cerita banyak bacot skip,1,1,2025-02-10 22:05:06,5.3
c2c126c1-b22c-4cf5-854a-d3148abcd9c4,benci game kalah rate off banner weapon karakter pacth,1,2,2025-02-10 18:14:05,5.3
f37248a9-4043-4711-b143-e8ecb44204ce,jelek,1,1,2025-02-10 17:50:14,5.3
679cadaa-6195-4ed7-a4ec-3ecf2325a388,game kikir,2,0,2025-02-10 17:40:43,5.3
5cde3567-3ff9-4660-8e29-dcf424b36dae,game kikir capek kalah rate off terus kalah rate off hard pity,1,1,2025-02-10 17:36:10,5.3
eccceffd-c03c-436a-a53e-ff5fbbd6db24,tombol skip story makan main cepat,1,0,2025-02-10 14:18:24,5.3
7c723e20-544c-416f-a373-d169e9f98413,kurang woy dialong sampah,1,0,2025-02-10 13:12:47,5.3
90472101-0467-4f1b-80f2-b9c49dfb148f,server benerin bang jaring kenceng rossi main ghensin ngedrop,1,1,2025-02-10 12:35:03,5.3
ca342893-8db0-48ca-94fc-0f8471c583ff,game,1,0,2025-02-10 12:10:38,5.3
995b1f9a-61f0-4abc-9840-3431b446ae57,qol bad,1,0,2025-02-10 10:23:47,5.3
d78d921e-5cf7-42fa-b5b4-31b6c1c2c3bc,tarik mb nya,1,0,2025-02-10 10:07:29,5.3
f4322bfe-89c1-41bc-b213-106be71f6c5c,dar saran fp tinggal game main biar nyesel download size gede gaban,3,0,2025-02-10 09:20:25,5.3
0ee30de6-22a0-4d7e-93f2-a328d0f41f2d,cari material susah habis muncul badmood,1,0,2025-02-10 07:59:47,5.3
14afa658-c368-4b5e-ba11-8900b678f9cd,please hoyoverse make it easy to find artifacts with substats and stats that always contain critical rate and critical damagelest the genshin game be considered the most miserly game ever because it always bothers its players in every way,1,0,2025-02-10 07:47:49,5.3
69f1da98-3ada-474c-b97a-15e47389f4de,butuh fitur skip cakap,3,0,2025-02-10 07:13:57,5.3
40f02684-7ad0-4424-9533-0affa63546f4,voice les karakter dub english,3,0,2025-02-10 03:03:38,5.3
8b037655-20c6-44dc-bbff-15e7d3783143,bagus sih pelit banget sistem gacha dasar kikir,3,0,2025-02-10 01:30:16,5.3
0c9581f4-f4ad-4f34-af26-b47743acc870,jelek,1,0,2025-02-09 22:09:37,5.3
50163d8e-7c09-4bfd-b995-0150a0abd822,banyak yapping,1,1,2025-02-09 20:09:48,5.3
e94bb3f5-b129-498f-a00f-f69c659e9bc1,tolong cut scene dialog gua main game nontonin cutscene abis nonton mending gua nonton film,1,0,2025-02-09 19:55:03,5.3
891d5821-3e1b-4ef7-a76c-093fdef91d59,have so much expectation for the natlan archon quest but comparing to what we got at fontaine and sumeru this is like downgrade the lore bomb are fewer and too much yapping that does not matter to the story,3,0,2025-02-09 19:35:32,5.3
d5c5194b-0c9d-4193-b7c9-ceded261ae76,rate off nya kali gacha hoyoverse,1,4,2025-02-09 18:22:44,5.3
6225335d-264c-4480-b377-0ff39602d5c6,kasih bintang game fitur skip story ngebosenin story nya panjang banget bicara tolong hoyo story banyak cerita ngantuk,1,0,2025-02-09 18:09:16,5.3
5abe25b2-1113-4f41-90a8-eb3e24d2e8f5,tambah tombol skip dialogsatu dialog habis quest - menit aksi - menit bagus player bosan,1,2,2025-02-09 17:04:24,5.3
a41512e4-3f3f-4728-94bb-d362f870ab07,bang tolong gen signature arlecchino dapet nyimittt,1,0,2025-02-09 16:51:17,5.3
2c3da7e1-0d03-490e-a4da-6bf285d098ea,tombol skip,1,0,2025-02-09 14:00:17,5.3
cf34d8d3-ea1a-4af8-8eb7-62b2218f2a18,please add skip button story talk etc makes me sleepy playing this game gameplay  talk too much ,2,0,2025-02-09 13:22:58,5.3
856faced-d133-4f86-a31f-40b1d6e83e9a,lihat gameplay orang enak enak yaa pas antre jiabang bayikk   ,3,0,2025-02-09 11:25:39,5.3
863314f2-99a7-4e63-bf67-c44325f6ca10,masuk minta,1,0,2025-02-09 10:48:43,5.3
065fd777-c040-4fb5-8244-790708de8d57,nya pgn aj gtu maintapi loading nya banget,2,0,2025-02-09 10:34:24,5.3
4985d2f3-9111-46c0-8126-80efeb0349e8,gonlok data bet,1,0,2025-02-09 05:53:35,5.3
b24001a7-1a89-44de-8305-bd7bb120c164,cape beli item top up game gilir gacha susahdasar kikir impact,1,0,2025-02-09 03:12:20,5.3
46c4dd3a-066a-46ad-bfc4-991b6a3aff60,game explore fight ubah game bacot bacot,1,0,2025-02-09 01:16:56,5.3
8fe508e6-0051-46eb-8586-a65113a0d6fd,it  suck,2,0,2025-02-08 23:50:47,5.3
c1a263cc-da33-4d1e-91e3-cc571b90dbfe,story bagus bansos pelit banget primo susah dikumpulin dikit banget dapatin character nya sulit sial banget tembus pity untung menang rate of cerita rate ons kalah rate of pity atas kesal minimal rewardnya timpal dispend tuh ftc amerika tuntut lu sulit orang dapetin character ken,1,38,2025-02-08 23:46:37,5.3
f604fcce-da71-4d02-bb9f-6472b90ad141,aneh login tulis minta coba,2,1,2025-02-08 23:24:38,5.3
39c3ce3f-48c1-4890-bf4d-7ab099455c4b,game dapet hard pity soft pity pity merah gereget banget hoki bingung hhhh gameplay nya tegang storynya bagus characternya imut imut lucu,1,12,2025-02-08 23:13:54,5.3
ac5bdc09-68f1-4e0b-ae34-bc011dca704d,game haram arte susahditinggal kondisi akun kait email akun ancam aman pdhl ngapa in loh pinjem in akun jg comeback lgsg bikin kecewa,1,0,2025-02-08 21:58:10,5.3
9611cfad-1c37-47cb-ad4c-5bb9f366b6a4,tolong adakan fitur fokus story biar nyaman kelarin quest halang npc quest,1,0,2025-02-08 21:40:30,5.3
b9d0a7e0-52c6-49c6-b74d-276173a7a3e8,kagak tombol skip yapping,1,0,2025-02-08 21:34:00,5.3
450c7b13-c46d-4fdf-9aa5-7c7a4de16ca4,alur cerita tarik layak ikut tambah banyak cakap buang inovasi tarik minat main sistem gacha mohon karakter artefak milik rate ampas alur cerita tarik ikut tolong story depan tolong evaluasi,1,0,2025-02-08 21:31:30,5.3
e3a251be-14d0-4e6c-9661-c9fbcf231ed7,fitur skip story suka game play kaya nyaman main,1,0,2025-02-08 20:56:58,5.3
60ed46c0-8947-4bc4-875d-3896c303fccd,sistem gacha game buruk karakter artefak bagus buruk game gacha dialog digame skip dialog guna,1,0,2025-02-08 18:54:38,5.3
96896075-a222-4f88-aa86-4653b5ea01ca,keren,3,0,2025-02-08 18:14:53,5.3
0f2758a5-7a64-4ca7-bbc6-4afd2c3ad531,tambah fitur skip dialog,1,0,2025-02-08 18:12:54,5.3
3a9ca33d-455a-48e2-8ea5-d82260804277,tambah fitur skip dialog,1,1,2025-02-08 16:48:05,5.3
b132d2e3-3479-47c2-b903-5000d4eca538,tolong trobosan bosan lama explorer bicara npc jawab ubah interaksi main konteks party orang dunia main genshin temu explore bareng batas orang sungguh bosan,3,1,2025-02-08 15:56:24,5.3
a36d1dd1-744e-4b8b-9575-f5503ad94fc5,ih jelek genshin voice eng nya ilang ilang kaya sag aftra amerika hilang ya cari voice actor ganti indonesia voice indonesia kaya gituan strike voice actor,1,0,2025-02-08 15:21:00,5.3
e0cb8ca3-62ca-42f1-951e-660a0995a044,tunggu update ulas,3,24,2025-02-08 15:07:10,5.3
0616a188-2164-475f-995b-d73f81e2028d,game gacha gajelas,1,0,2025-02-08 12:57:17,5.3
fac80956-cb70-4439-9bd7-2bc057c45675,banyak dialog skip dialog ngebuang buang,1,0,2025-02-08 12:01:49,5.3
bd35e303-87ab-40e7-9b4f-0f5dda41c2bb,lumayan,3,0,2025-02-08 09:24:43,5.3
404c054d-8ad7-4b5c-ac82-381a6dcb3d30,fitur skip zaman baheula kagak yappingnya bosan kecewa beratt,1,2,2025-02-08 06:37:30,5.3
34ac06d9-7f5c-40b8-9a88-d6e85cbaa5f7,game kikir,3,0,2025-02-08 05:33:40,5.3
85987d8a-c06a-471d-9dce-e4bccb109f0a,banyak yapping,1,0,2025-02-08 01:05:49,5.3
144ce60d-35d5-405e-a905-d81945d2fb48,game gacha wp dapet mulu,1,2,2025-02-08 00:35:55,5.3
0adcf5ca-bde8-4da1-8cb4-070f3203f323,please tambahin reward story quest story quest habisin reward primo exp book,3,0,2025-02-07 23:19:25,5.3
e1999e02-bb05-41a0-9d40-adc5ff231940,sistem banner gacha character susah drop characterminimal pity dapet char nya lh ngent,1,1,2025-02-07 21:21:13,5.3
a72c3922-a774-4c87-a4b3-55a4c8115b2e,game jelek,1,0,2025-02-07 21:10:23,5.3
4a0b85aa-f633-47c6-a90a-24ab7864bf9e,malas kali kesini primogems kasih dikit banget uninstall,1,4,2025-02-07 20:45:23,5.3
76f8e7ca-e4ca-44aa-9dff-9bf20fd4ed06,najis game bacot,1,0,2025-02-07 20:11:11,5.3
9e709ac1-fcf5-4103-a101-741cc9ed17d4,game kikir gcha hard pity trozzz,1,1,2025-02-07 19:27:14,5.3
b3f11c68-17a0-47f2-a609-593eab4067c6,yapping impact,1,0,2025-02-07 18:33:40,5.3
ce9d56f8-127a-48de-9f02-2c0041495dc8,genshin game bosok,3,0,2025-02-07 14:26:40,5.3
09eadceb-d556-4fa4-8225-dc92508d4194,mudah gacha nya donggg,1,1,2025-02-07 13:25:59,5.3
6f5b035e-a046-457a-a352-daeecc045034,soft pity kasih bintang,1,1,2025-02-07 11:02:27,5.3
488b2edf-7e8e-49ec-9e47-44fcd60c0bd1,woi developer pas gacha pelit napa dapetin ya susah cok pantesan game kikir hadiah ya cuman dikit doang,3,0,2025-02-07 10:00:40,5.3
cc2ec891-82a2-42b3-977d-59c6e47005f6,tambah fitur skip dialog story tambah fitur reposisi tombol skill dll tambah fitur tombol pisah panjat dinding bangun masalah tarung pohon dinding tebing tambah fitur quickswap buka gameplay kompleks,1,62,2025-02-07 07:01:32,5.3
9b306ea8-6616-46ea-8731-b7dc7879ad0a,ya genshin jembatan hitam login in game hitam bug plisss kasih benerin nya zian loh akun tiktok,3,0,2025-02-07 06:17:36,5.3
0b8efca5-25fc-4c43-984d-03bb88f5c712,banyak yepping skip ppk,2,0,2025-02-07 02:29:28,5.3
a8ec30f6-c6cc-42b4-92c0-024eed7bfba1,main game kangen sih kangen kecewe outfit raiden shogun,3,0,2025-02-07 01:22:51,5.3
1f52dcf8-f4c6-4645-9f96-57623d279b5f,akun ilang lu harap dari,1,0,2025-02-06 22:59:15,5.3
ddcf2ba5-379f-475f-a4ff-e894605527ae,the loading screen is so damn long it is very difficult to play ons smartphone if you accidentally exit the application you have to wait again for the damn long loading screen it  very hard to get star characters limited to fp players exploration rewards are little event period is too longplease shorten the chat during quest or provide skip feature so that players don  get bored while doing quest and one more thing why are there so little male characters,1,1,2025-02-06 22:56:00,5.3
f361dfdd-ce30-4424-b248-035a7778926c, uninstall this game because they don  fix the english voice over for long time they don  care anymore about the player,1,0,2025-02-06 21:47:37,5.3
f760a125-8388-47a2-b69f-f0692309971a,game nya kikir download loding nya download aset bikin,1,0,2025-02-06 20:18:25,5.3
d5a568b9-d1ff-474a-bca8-d8c42ebf8df3,dialog gaada tombol skip menit ngomong haduh boring sumpah dapet primo spin engga pelit,2,0,2025-02-06 19:55:27,5.3
a0f7bb81-0111-496a-9cb2-8a3bcda1086c,game kikir artefak,1,0,2025-02-06 18:21:49,5.3
020b09b3-a368-4175-a7f3-7cdf4c8fa7ca,mihoyo tambahin fitur skip dialog bosen banget liatin orang ngomong quest archon segi cerita seru world quest jujur bosenin banget tolong game skip dialog wuwadll,3,3,2025-02-06 18:18:47,5.3
d37897a9-ff43-4e92-a0d1-a1d432f57a30,hoyoverse harap turun data aplikasi genshin impact hp ram hp cepat penuh panas,2,1,2025-02-06 18:05:56,5.3
d17f2621-f68e-4909-a2bd-a3451fb2009c,game buruk banget kesel dah download update data giga menuhin memori game jelek,1,0,2025-02-06 16:03:24,5.3
769469dd-5ac3-4b18-a7ef-1c8a36d38e02,tidak ada tombol skip questnya omong annoying,1,2,2025-02-06 15:55:14,5.3
cd8234f8-c400-4cbc-a0e7-6caf2c5635f3,kasih bintang beneran game pelit banget,1,0,2025-02-06 14:21:01,5.3
3fe21b8f-2c2a-427d-8cb4-095e95ed09e5,miyoho hormat tolong kasih hoki banner gacha muluk muluk banner karakter limited gakpp ken ngerain kek orang orang menang double pas gacha dua char biar skalian consnya aj player fp tuh gimna nabung primo butuh cok menang double gkpp lh menang pity tabung moga kritik saran dengar,1,2,2025-02-06 14:07:52,5.3
7146d9ad-62e7-46e4-b08e-e9353b588ae9,sih akun gua banget gilir masuk login susah banget masuk pdhl akun sma pwnya bner game aneh akun suruh main ulang melulu,1,1,2025-02-06 14:04:52,5.3
ef9528d3-d2a9-4506-8e64-86d50f30c80d,game guna gacha nya ampas mulu,1,0,2025-02-06 13:58:41,5.3
4e187212-6762-47c5-b0c2-2a5a324fbab2,bgst nggak hoki,1,0,2025-02-06 13:30:43,5.3
562ae8fc-3b4a-48a4-a89c-1e594f6b679a,tolong optimal grafik forma keluar sebab device panas tingkat medium atur fps nya,2,0,2025-02-06 13:21:16,5.3
1e567d4f-033e-4a16-b290-f91d02681653,game tolol survey tombol skip habis dev dongo,1,0,2025-02-06 11:07:26,5.3
36e04efb-8907-452a-ab6f-b9433062b83a,download data sekalisampai,3,0,2025-02-06 09:35:20,5.3
72157e45-6657-406c-adbf-9ea4871268fe,game bagus pity kaya oelr,1,0,2025-02-06 08:58:39,5.3
e3170b1b-e347-4c92-aa49-5e38c56a5479,game kikir kalah rate off kasih hard pity bansos dikit cicil mending game belah,1,0,2025-02-06 06:51:19,5.3
4f272795-d838-4802-9453-19acb1e36ce3,servernya parah,1,0,2025-02-06 06:29:21,5.3
d35f2604-7a45-419a-82a0-c46aa93bfa89,gamenya kesini film drakor bosen cumo omong doang menu skip,1,0,2025-02-06 04:44:17,5.3
0c36aefa-e334-4f57-80fd-d76c15bc180b,game of talk so many dialogue,2,0,2025-02-06 03:29:43,5.3
4c7ccc87-1d45-4a7e-9f69-a762b81cc2a8,download mb abis gb ya,1,0,2025-02-05 23:00:14,5.3
75b84473-e815-46db-957b-344bfc836c48,ngirim kode verifikasi telat,1,0,2025-02-05 22:18:33,5.3
6acae358-9217-4bdc-8d78-adac177deb75,banget ngehancurin ekspektasi kikir,1,0,2025-02-05 21:41:56,5.3
5de1d4e0-9506-499e-9fe7-fb4d541a6103,login genshin ya apk nya download tolong baik,2,0,2025-02-05 20:13:32,5.3
ea704d9f-3cf7-43de-8dff-37a8a0f2d705,few months ago played it then after entering the fontaine quest was sad why archon hydro was killed by the developer she  really beautiful you know so hope the developers bring her back or replace her with furina the next archon is equal beautiful sedih develop,1,5,2025-02-05 19:34:38,5.3
50a31092-042e-44cc-9363-853739ec0df1,paksa mulu dari game pdhl hp lag sinyal bagus,1,0,2025-02-05 18:49:20,5.3
694798d7-da45-40b1-b8c9-d6b9ea0fb961,singkatpadat genshin kikir,1,0,2025-02-05 18:33:30,5.3
c9500c30-b261-4e0f-916e-bcc38681b2cd,tolong tambahin fitur main download data jangang download data nya,1,0,2025-02-05 18:11:24,5.3
ff97db55-9f07-4cd6-9b67-95bb2d0ce77d,kikir,1,0,2025-02-05 17:53:46,5.3
13cc1a64-6fcc-4d59-9354-9e9dce66a727,download nya banget,3,0,2025-02-05 17:12:34,5.3
77dd93c0-08ec-4407-a04b-6d89448487ae,arte sampah mulu pas up pas gacha ampas game pay to win sat,1,0,2025-02-05 15:30:35,5.3
0c106307-0a3d-47e5-8be3-f9a758182c1c,skip dialog,1,0,2025-02-05 14:31:22,5.3
f6f4a150-e4fe-488f-adb4-6c3a60e72a67,maaf bintang keluh quest bgitu hadiah quest nya minimal hadiah nya tolong adakan fitur skip bincang story ngantuk nunggu bicara tolong adakan fitur skip dialog cerita nya,3,488,2025-02-05 13:44:45,5.3
964cb820-9484-4eb3-a3c3-775ab96b064f,gamenya jelek storynya ampas gamplay absurp big for this game,1,0,2025-02-05 13:14:02,5.3
9a235ada-57b1-47ee-b249-ad1fd7b7df21,susah nak main,1,0,2025-02-05 12:33:17,5.3
e2460508-49f8-4fff-83a2-d2dd38cf4f88,stop ngasih dehya kasihh arlechino guaa,1,0,2025-02-05 12:05:58,5.3
d13215ce-478d-4c49-bed9-174070477627,hoyo tolong perhati player cewe susah ya karakter cowo playable jujur suka banget story nya game player cowo suka harem kau keluar karakter cewe tebak game flop ampas banget,1,1,2025-02-05 07:18:49,5.3
6d976d00-b590-4730-9297-790e0b021d16,game hoyo ane mainin kalah rate-off mihoyo ane,1,166,2025-02-05 06:09:16,5.3
bf386d2f-5402-4946-9e3c-2e9f5d81bd3f,ngotak dikit wei spin zaman zhongli liris sampe nggak dapet baner rate of anjir kecewa sekian baner nggak dapet dapet karakter standar uninstall,1,0,2025-02-04 23:06:42,5.3
68b2e800-aa4b-4547-b7ef-7e44c7403a77,grafik map desain grafis karakter nya bagus game open world genshin baik sisi cerita sampai kaum skip story gila lore ngikutin story story genshin banyak yapping dialog nggak guna muter-muter kosong buang admin tolong kembali story genshin impact ons to the point,3,2,2025-02-04 22:24:06,5.3
ad80697d-5db0-4eae-a586-c3f2e7e0ff03,story telling kelas kakap optimalin tombol skip nya biar tunjuk skip,3,0,2025-02-04 20:01:52,5.3
60363a8c-df93-4f30-af36-9107ac89e5e7,nonton scene main game,1,0,2025-02-04 19:55:24,5.3
52483c0c-8912-4f7c-9ffe-aa9a63ef600f,sistem pergachaan domain artefak tolong mudah susah cari stat substat artefak bagus main bosan putus asa susah cari resin,3,35,2025-02-04 19:28:54,5.3
e2e73ebf-5ec2-4806-985b-97a72901ac26,why in the game  little bad for the audio even though ve tried various ways to fix it but it didn  work hope muihoyo can improve my problems,1,0,2025-02-04 18:16:10,5.3
a33a3969-d897-4f05-9d05-3e264eb7a344,sistem gacha nya ampasdan memori hp nya dikit coba coba main game,1,0,2025-02-04 16:06:28,5.3
273c88ef-fee7-4702-a371-90d0b421892f,world building bagus musik nya bikin tenangmines banyak dialog plus fitur skipmenit dengerin oceh bergunauntuk fight eksplor cmn butuh bnyak mnt inti mah tambahin fitur skip,3,9,2025-02-04 14:45:32,5.3
8cf7d1a0-736a-46d4-969b-29d683042f14,game ramah anggur story npc ngalahin story utama bosen,3,0,2025-02-04 09:37:59,5.3
4a2ea0aa-546e-469a-b79d-758f8eb07102,main genshin putus pensi krna explorasi sulit  ngebosanin gacha karakter spesifik mudah explorasi hadiah puzzle sesuai jam selesai puzzle hadiah cuman primo smbil liat tutorial youtube banyak yapping selesai quest makan jam kesal mc tidk kembang region mc kuat lemah game rpg,1,3,2025-02-04 09:34:47,5.3
e955a26a-e45a-4102-8948-04b1ab361bc1,bad game,1,0,2025-02-04 08:55:51,5.3
b8d18eb9-1dbe-420d-ba4f-cdf735d6e0c4,jelek kayak,1,0,2025-02-04 08:38:07,5.3
c4919a03-29a2-4956-ad62-5b69a9cbdefd,gacha system is scam pull and only got one lanyan they spamming me with chevreuse and rosaria,1,2,2025-02-04 02:33:19,5.3
b3049c71-6612-4403-bfba-7126d65753ef,please add more male characters  tired of female characters whose costumes are getting sexier,1,1,2025-02-04 01:54:58,5.3
b5cafeb5-d1f4-4fab-b3af-04327c78bb46,hard pity stroy turut bosan,1,1,2025-02-04 01:04:20,5.3
32965d0c-d37d-44bd-91c7-1a3080518867,main nya game ttp kikir lu mihoyo,1,1,2025-02-04 00:21:18,5.3
0262238a-8246-4120-9e01-cf37668a9f1d,momen najis lu dapet bansos cicil pas gacha dapet gold hard pity pas dapet gold dapetnya standarcape cape nguli eksplor map sampe  pas gacha dapetnya standarhadiah quest dikit dialog seabadkek ekspektasi indah game ilangdah serah lu dev cape maennya,2,1,2025-02-04 00:20:12,5.3
99c81956-10e1-40af-a336-53112cceec33,sampah,1,0,2025-02-03 21:58:11,5.3
caa66d91-688a-40d8-ad50-d72869ca62ed,unduh data game gb sekian nunggu selesai sengaja tutup aplikasi yak unduh data gamenya gb abis kuota,1,22,2025-02-03 21:57:24,5.3
c3d8eae8-b44e-4f2d-b707-629e731fa961,game elit build char sulit lv up talent weakly boss gacha sempat minggu farm arte gacha emang game gacha tpi ya napa kyak adeknya triple honkai mudah build char,1,2,2025-02-03 20:29:13,5.3
195ac3b0-46bb-4b67-8798-ff2ebe0e7049,ya sinyal bagus login tulis koneksi putus batas pdhl coba berkalimohon bantu,3,0,2025-02-03 19:11:46,5.3
44b13a23-2880-41c8-afff-91d085a4ee82,this game is good but why the char is always womenplease hoyo atleast give us character male,3,0,2025-02-03 19:06:21,5.3
68a1a8db-fc7c-4307-bedf-0c5c36e9f2f8,males,1,10,2025-02-03 17:51:47,5.3
099b0b59-5e69-42a5-b812-e36c2c1516ee,download data nya banget tunggu zaman engak selesai selesai mohon download data cepat,1,0,2025-02-03 17:24:04,5.3
4d161e4c-7878-4a8a-be37-02d66cd3da33,pay to win,2,0,2025-02-03 12:40:47,5.3
74c0847f-856a-4d54-887a-dc60df284d1b,tolong developer size game tolong kecilin gb,1,0,2025-02-03 11:53:40,5.3
350d8d7d-a18c-47a8-897e-c4f0f92cb2b8,banget karakter suara ngerjain quest event lentern rite suara kecewa sih nunggu suara,1,9,2025-02-03 07:26:26,5.3
e5e55845-f3d4-4652-9383-4ef83ca12ad2,ganyu echo susah,1,0,2025-02-03 04:02:41,5.3
59258f40-fb26-4eaa-9aa5-c8fecb9f0b24,inget banget kali main banner kleesebulan rilis gametp inget ulas edit kali kali ngerasain kalah rate off sampe kali untun pity atas semuadrama nang pindah tangan game baikhallah jadi kikirnyaevent kaga reward kaga durasi nya,1,1,2025-02-03 01:16:52,5.3
56eca911-47dd-49f3-a621-0d7730baf3b4,game bagus tpi berat main saran versi lite nya cloud cakap alur cerita misi skip main hilang cakap alur cerita misi mohon baik fitur skip,3,1,2025-02-03 00:04:31,5.3
9a2c2e4d-29ec-4714-91bd-34838c1aa056,developer dongo sih quest npcnya obrol skip cuman ngobrol npc sampe menit lu main cuman dengar ngoceh doang hah minimal kasih fitur skip dialog anj ngobrol npc,1,1,2025-02-02 23:16:43,5.3
4ff89d48-aa21-4282-9ab4-3d9f3ac9f6fb,sistem gachanya kikir tombol skip dialog,3,0,2025-02-02 22:41:09,5.3
014bd1f9-ce9c-45d0-a42d-e9fe7ddc1a06,skipping buang battery hp dngearin cerita ujung kelar mission event or karakter bentuk cerita apa genshin turut buang buang jam kira kerja daily hari kasih event bnyk buang battery hp main games,2,1,2025-02-02 21:33:29,5.3
993d9357-2081-46e8-9a9b-92e030e7653c,woy mna cowok hitam otot woy,1,3,2025-02-02 21:23:03,5.3
023b5b7a-e1e3-4bc3-afe3-ead6bc933fac,game pelit masak karakter aj dapet gg pelit,1,2,2025-02-02 19:15:11,5.3
7c952836-3f73-414f-b18e-292d88ac9d47,banyak yapping,3,0,2025-02-02 18:33:52,5.3
0a18fc7a-7e9e-428a-b94c-a7ab4365e97f,bahasa inggris suara karakter hilang bug ngalamin jugatolong fix,1,0,2025-02-02 16:44:50,5.3
943faa63-5f95-4e9d-823c-3aa4146c2caf,game buruk,1,0,2025-02-02 16:27:27,5.3
ce11a4bf-3508-4327-9197-da16fee367f1,gamenya kikir admin,1,2,2025-02-02 15:58:39,5.3
79f71279-6d96-4adc-9d0d-e845aa241f43,data  memori download data game nya,3,0,2025-02-02 14:29:28,5.3
f8ddafc1-0030-4460-a407-f8fe0da7cf51,jelek,1,0,2025-02-02 14:09:03,5.3
385ef36d-f97a-4a4b-b99f-f113213c7d78,mah game visual novel,2,0,2025-02-02 13:49:48,5.3
f493b435-9b1f-423a-ab52-8af6f319f768,ku mb main gb,1,0,2025-02-02 12:56:32,5.3
44c4b4ae-188c-4505-ace9-a0c050bbaf7a,kikir gacha susah,3,0,2025-02-02 11:45:10,5.3
61e68800-eae6-4dbd-a92a-e4acb97b26ca,dev nya kikir kaya dev belah gaada ubah nya ubah konten end game kaya belah jalan loh lambat,1,1,2025-02-02 09:28:36,5.3
137e9349-d95e-42a7-8f04-ac880598660e,game buruk developer dengar suara playernya beda game belah mana developer nya dengar keluh player,1,1,2025-02-02 08:38:25,5.3
051f1120-522c-4583-95bd-084ba68440a8,tolong bug log-in nya benerin susah main kadang log-in kadang kagak mohon benerin mihoyo kasih bintang,2,0,2025-02-02 08:34:23,5.3
839b20d4-5d8f-456b-8708-c63bec1cd42a,dialognyaaaa,1,0,2025-02-02 07:37:44,5.3
d64a2c2b-5177-4569-92c4-a28556607dc1,kikir anying kalah rate off mulu,1,1,2025-02-02 07:08:30,5.3
ebe769d2-6488-45a7-a49d-e505511ccebc,gwe main kasih pity rendah game ampas,1,0,2025-02-02 06:53:58,5.3
d83f0f99-b9ef-48e8-804e-231bd614b059,bosan main game sistem gacha nya ampas banget topup gacha signature arlechino kalah senjata langit hard pity hedeh pensi sih dapat tahun main game saran main mending cari me drama game,1,10,2025-02-02 05:20:01,5.3
3c188fad-88b9-466c-969f-2f5d45c4c37e,jenuh game hoyo akun kalah rate off ah yaudahlah emang henti buang buang waktudan uang hasil game semangat kurang main game yah main sistem gacha see you,3,0,2025-02-02 05:13:11,5.3
e0219716-962b-4282-8b13-b31899c4c0da,stabil perangkat,3,0,2025-02-01 23:09:33,5.3
1c6fcb41-bb94-4b98-94a6-2ddd5f221915,segi gameplay story bagus banget cma sistem gacha nya ampas banget menang rate off cma menang itu high pity tolong hoyo sistem gacha nya kyk gin sih cma gacha karakter senjata gacha artefak sampah ampas banget desain karakter akhir kecewa reward event cma fp dengerin player mu,3,5,2025-02-01 22:46:03,5.3
23f3fc2e-8a79-4504-8828-1dfb5eed4142,ayo dev kali dengerin player ngehina player cowo emang banyak karakter fanservice karakter cowo dikit eksplorasi gilir karakter cewe game belah daun ya ngaruhin game rasa banget beda era mondo liyue banting fanservice abrek guna be fr hoyo the bills cant be this high,1,1,2025-02-01 22:26:55,5.3
aacd1726-ab9e-455f-bb13-a57a9e671216,game pelit gapernah hoki game tmen win rate off hard pity kalah  expkore main game tolong hoyo susah endgame sumber primo lgii tambahin sumber primonyaa capek kalah rate off sm banner senjata tolong pisah bannernya hsr,1,1,2025-02-01 21:39:55,5.3
9904ba92-7b2e-43ae-ba5f-835e113df2d4,lag,1,0,2025-02-01 21:07:41,5.3
36027709-3f0c-49b4-a668-43164ddee930,gim kikir karakter laki laki kurang liat puja incel desain character aneh,1,6,2025-02-01 20:05:07,5.3
a9c426a6-320b-461f-976e-148b4a28c5cb,game ngebug login,2,0,2025-02-01 19:21:08,5.3
e212cd51-77f5-4fec-8a42-efca7a5fbbd2,game kikirudah pity dapet rate ons,1,0,2025-02-01 18:54:32,5.3
f9f8789a-9e63-4da3-b1f3-467f56892555,cerita skip ngebosenin,1,4,2025-02-01 18:13:51,5.3
a03c13b9-5563-48b3-b764-76a135771322,ringanin pliss gamenya berat hp dihp satu kompatibel,3,0,2025-02-01 17:37:50,5.3
534fb9a3-083a-44ee-a4ec-dcc1a5c44461,hardpitty mulu system gachanya sehat hapus system rate ons  off enga minimal kurang pitty tinggitambahkan reward primogem nya story banyak primogem nya chest enak cari primogem,1,12,2025-02-01 16:12:10,5.3
2a5f616b-d6b4-4745-a977-91834c42f7b7,bagus hd rendah nonn,1,0,2025-02-01 16:00:12,5.3
09e0ee91-e01e-4cbd-bca3-e5776811a9e7,masak ulang misi kali sebentar aj,1,0,2025-02-01 15:53:31,5.3
1d58be4d-6834-4329-8875-fc20814747f9,game kikir fanservice karakter lelaki rangin story jelek relevant tawan banget nih target playernya,3,0,2025-02-01 15:47:47,5.3
a980b34e-bbb5-40dc-8bc0-b5e7b8ec3ef0,plis dub inggris ganti tambal pakai dubing jepang bahasa deflaut jpn males main story karakter bisu nutupin mata nyuruh nebak zhongli hutao,3,0,2025-02-01 15:15:28,5.3
132703aa-ad0e-4199-93a2-c5d06a44e988,kurang dialog game eksplorasi banyak dialog sihh bikin males kasih tombol skip,3,0,2025-02-01 13:49:54,5.3
1a7f8034-4bba-403e-b7b3-82c778760295,main event daur ulang explore sulit tools hadiah cicil wkwk dah izin pensi ya,1,2,2025-02-01 13:43:57,5.3
82f16878-b4a4-4a75-8082-4e691534cca9,bug login benerin,1,0,2025-02-01 12:48:20,5.3
e6c81db3-3e74-4565-bd59-38c85e5a2093,tolong simpan nya turunin dikit ngapa gb kek kasihan hp kentang main,3,0,2025-02-01 12:22:39,5.3
3d46babc-f702-4f7b-9b51-d28e1518dd7e,quest hadiah padan,1,1,2025-02-01 12:05:54,5.3
24f524a3-2269-4b9c-9ded-85e4417822f3,gim aneh kikir buat sipit bikin merem,1,1,2025-02-01 11:56:18,5.3
0ffc66c2-8fd8-4f8e-b285-daef619b600d,sistem gacha konyol game gacha signature scam lucu lucu,1,6,2025-02-01 09:15:55,5.3
d0fb4f8b-0f91-4816-ac67-f35c9caac877,game kikir kasih bansos gameplay kaku story nggak nggak fitur skip story nggak sistem gacha jelek grafik,1,0,2025-02-01 04:25:22,5.3
15ab9c0a-9b19-4445-b076-e426ab93c6d5,mihoyo primogem ,1,1,2025-01-31 23:56:06,5.3
9ff14827-3d5c-48f0-b8cc-8c5bafaa83fb,event nya aneh rasio karakter nya jomplang banget gender,1,2,2025-01-31 22:43:58,5.3
7489f720-ae46-4aa6-a685-a1ce18796959,game pelit tolong baik,1,0,2025-01-31 22:04:39,5.3
9a5b71b6-8605-4f5d-a54d-34c829ba081f,seru bosen map gede sepi,3,0,2025-01-31 21:00:21,5.3
6242e512-b73b-4db5-84d6-72d26a87703b,tolong optimal perfoma spesifikasi hp,3,0,2025-01-31 19:33:47,5.3
eafc7f4a-6fe4-4b48-b0fd-efa633310c2d,can  skipp yapping can  show full wish history,1,0,2025-01-31 19:24:35,5.3
80e9a978-a881-4f2a-816c-c6ddce17aee3,woi nge bug cepet diperbaikin males banget banget banget,1,0,2025-01-31 19:23:24,5.3
a3289e9e-61b3-43cf-857c-3ba6a0f52e3f,fitur skip story,1,0,2025-01-31 18:54:59,5.3
3cd673c9-5938-48ab-81ac-376ab0fde15d,kecewa game bug login develooper tolong bugnya baik main game kecewa bug game alami kasih rating bintang,3,2,2025-01-31 15:00:11,5.3
128e435e-a304-4556-9982-d50dd6daec44,game out of context mmorpg kaya main game story telling quest banyak dialog fight tolong ubah genshin game mmorpg gane story telling,1,1,2025-01-31 14:52:19,5.3
053bd5b8-cfe4-4357-b118-b3df99f65b6a,too much yapping,1,0,2025-01-31 12:25:29,5.3
41f7dd10-a4d9-48de-bbaf-d1ae74993816,game jelek banget download data banget verifikasi integritas kompilasi shader banget dasar game jelek,1,0,2025-01-31 10:39:57,5.3
73f19093-5be2-416c-b0b8-01a669a88274,game kotoll anjggg gua capr capee ngulii dapet monaaa bnagsat,1,0,2025-01-31 09:21:33,5.3
7c57b44f-cdba-48f1-9869-aa36ffa5a1dd,tumbuh genshin haha mei sampe,3,53,2025-01-31 06:54:12,5.3
ad6a8450-1812-4b36-9329-81732f59d1c3,perfect,1,0,2025-01-31 01:16:43,5.3
7d4a3948-5f0d-438f-b74e-1d381eaf2912,tolong updatenya cepat babi kasihan suka speed run login nggak ngapa ngapain,1,0,2025-01-30 23:47:51,5.3
2e53a251-9782-4db0-b48e-297fa592f213,topup akun hilang pas update pindah mihoyo hoyovers kesel akun cuman bilang benci game teman teman orang henti main game lanjut cs anggap serius,1,0,2025-01-30 23:45:53,5.3
2126be7b-9efc-4f16-861b-068cb2ac5de9,suka game cerita saji tarik main game kualitas game turun akibat banyak dialog poin cerita alur cerita nya repetitif harap depan rang dialog alur cerita moga game dengar feedback main main layak game zenless zona zero erti main terima kasih,1,38,2025-01-30 22:14:12,5.3
783b1d10-67f1-4a5d-acfd-84ecc228aae1,mending tambahin fitur skip dialog side quest yapping anjay,1,1,2025-01-30 22:11:18,5.3
477e5fd9-7091-4403-8483-e9670e09d1dc,tambahin fitur pvp,1,0,2025-01-30 21:47:07,5.3
6ef8b6a5-3dfd-477a-acc3-8871f91469b0,apes mulu game allahhh pls kasih arle sign,1,0,2025-01-30 21:45:59,5.3
9a4867b7-55ba-47f9-8319-7b0a5e2cb7c5,game kikir sampe ubun ubun rate ni game mending sodaranya ngasih bansos kek hujan langsung jedarrr tinggal claim gaush nunggu main apala lamain gtu dkit,1,1,2025-01-30 21:29:27,5.3
f8df4dc9-d290-4e55-84f0-c3679b4d4e9c,buriq,1,0,2025-01-30 20:55:25,5.3
9a7b9cc7-b71f-46a1-a162-43c9658952e0,ko bae,1,0,2025-01-30 19:39:13,5.3
9de72ec0-17a1-4a92-8df1-4ba448247f31,game nya bagus kocak nonton drakor selesai crita,1,0,2025-01-30 16:55:22,5.3
811395bf-b4bb-400f-aba7-d3088d8d5fcb,ukur hp gede pdhl gamenya bagus gpplah kapan download,3,0,2025-01-30 14:17:06,5.3
1569c254-6d91-4016-bfea-1f06c61b8cbd,knl hard pity temen temen hoki langsung pilkas tolong rerun benner klee plsss,3,0,2025-01-30 13:33:32,5.3
fbbe884d-777c-4c9c-a958-7f8d8f45a02a,loh out mulu hp login pakai email tetep aj bilang sesi habis sila login ulang,3,0,2025-01-30 11:22:31,5.3
8a1e62d2-18d1-4301-9bba-243d79893476,android pakai controllersudah tunggu,2,0,2025-01-30 11:13:23,5.3
66d232a4-ca2c-4e9b-92de-164fc4b1b8bf,dialogkebanyakan bacot,1,2,2025-01-30 11:05:10,5.3
2b4a4dfc-2cc3-4c4c-98c6-b1ad8c6bc713,tolong banget tambahin keyboard mouse gameplay versi mobile tambahin kasi bintang,3,0,2025-01-30 11:01:28,5.3
6e50d8ea-8e5a-4d2e-92cc-8924de3c3426,gamenya ngebug ndk login make akun email tanggung hoyo,1,1,2025-01-30 09:23:26,5.3
822fb765-66ab-4895-8887-39bc3f83ed53,susah login,1,0,2025-01-30 08:06:37,5.3
0c6e8b94-c066-4e6b-86ab-6636b4f03c42,don  need your story just want to play it for fun and battle not hear the story of every boring conversation please make feature that player can skip the dialogue it  hell of boredome,1,4,2025-01-30 02:38:32,5.3
934797ad-b9d9-4ba6-b46b-78a83aadb6a1,rate gacha ampassss,1,1,2025-01-30 00:28:17,5.3
28611865-4412-41ed-883e-c117a42f1ccd,guna pc make lossless scaling naik fpsapakah kena ban,3,0,2025-01-29 23:00:23,5.3
accff894-73ac-423a-b2ef-c0209a4308fd,malas tanggap,1,0,2025-01-29 19:46:03,5.3
65b13a35-b14d-4107-b8dd-96450cf50bb8,coba download bagus sihh sayang download data banget sumpah memo download data selesai ken banget mainin ya  tolong download data rang ken banget main ,3,0,2025-01-29 17:58:12,5.3
a62d8734-d8d5-42c9-8c19-1864754f56b8,game elek,1,0,2025-01-29 17:04:39,5.3
4e5812b8-cfe8-41e8-af7c-17ad484db0dc,ngbrol kena leg ngulang sih,1,0,2025-01-29 16:56:39,5.3
44c6f166-30aa-4d1f-89d4-d2f1a9c5229d,bantu pulih akun sayasetelah kali update tahun mainkq hilang yaa,3,0,2025-01-29 16:25:13,5.3
724912fa-8bde-439a-9cdf-743143f77301,tolong quest banyak cerita,3,0,2025-01-29 15:26:15,5.3
5255f2fb-c1d3-474f-a0c8-175eee15259d,akun gua kena bug mulu tolong baik,1,0,2025-01-29 14:42:44,5.3
1798ed80-5d32-4814-a1df-7c36ff94129a,kikir impect,1,0,2025-01-29 11:27:35,5.3
69411c9b-eaed-4def-ae81-cac2ca58dd6e,artefak jelek terus mood main,1,0,2025-01-29 10:34:23,5.3
30aceefd-934d-4416-a214-59677b5f4ba2,really boring archon quest waste my long weekend for this straightforward story my ahh it  just another power of friendship story with stakes and spices the natlan characters have nothing  going ons for them except patriotism heavy glazing for traveler too which takes too much screentime  gives nothing else story-wise except cringe what clownish take for what  supposed to be the nation of war at least the dinosaurs are cute as clunky to use as they are,1,2,2025-01-29 10:29:03,5.3
03ce216b-012b-4191-be51-0e5b142eb640,tolong adil mc nya condong aether doang bagus nerima keluh kesah player,3,1,2025-01-29 10:27:49,5.3
bcbbcfa5-11aa-4196-85d9-1ee70054fe28,kikir cahr susah,1,2,2025-01-29 09:53:44,5.3
8773050f-24df-497c-9d9a-30c91cce2e31,tolong kurang data nya,1,0,2025-01-29 09:36:35,5.3
ed68dcac-ce3b-44eb-baa3-fa46c7f9b350,atlest kasih fitur skip side quesst kek annoying banget enak explore tb tb ketrigger quest yaping nya banget,1,1,2025-01-29 09:05:16,5.3
f9d5367c-6bf7-476a-82d6-abdd2e3ec465,game yapping banyak story telling open word banyak tarung yapping game kikir pelit,1,13,2025-01-29 07:16:36,5.3
cc1c3dd7-b0a6-445c-bbb8-e10ba9104567,unduh data,1,0,2025-01-29 05:53:46,5.3
b5fec5d7-9c4a-4a4a-bb03-e69e029b003b,hope getting more reward and decrese chance getting character in hard pity,3,1,2025-01-29 02:59:02,5.3
f3ad3ed5-5153-462f-ac03-f46371a98471,donlod loding nya bangett sampe jam kali kecewa banget si,1,2,2025-01-28 21:54:41,5.3
9dfa5e6a-6b6b-4847-af86-2ffe4c561bd3,donlout data nya,1,0,2025-01-28 20:55:32,5.3
2c459a2c-9ca9-4277-8dcb-97851f3fba95,idk but boring story,1,1,2025-01-28 19:57:50,5.3
9f3f18e3-f2b8-4188-a440-3f71809763ba,download pas unduh data jam pagi sampek jam sore persen moga download cepat masuk,1,0,2025-01-28 19:47:30,5.3
6b6d85eb-c450-401a-93a6-d2a7612af7f1,game kikir pelit banget player nya,1,1,2025-01-28 19:30:06,5.3
fdfbd503-1c13-4bd8-9dac-7a3295687d16,game sampah quest nabrak nikmat gamenya,1,0,2025-01-28 18:17:18,5.3
09fe203c-b2bc-4b04-a1e5-6851f14bb9b8,was defending this game when ur st anniv but for now this game is in its downfall,1,3,2025-01-28 17:55:02,5.3
d37d6667-7a80-4f88-ba1e-59ec73ff6e1d,karakter laki dikit banget bosan liat cewek,1,2,2025-01-28 17:25:06,5.3
ce6fc08b-0405-4dd2-bd75-1100996bcdf3,- ku kasi bintang alas kenapaterlalu dialog banyak omong sistem gacha ampas ping edit kontrol layar,2,0,2025-01-28 16:59:27,5.3
a8de9370-b9f7-4acf-a9c7-eac092f78f6b,kecewa hutao gajadi mti,1,0,2025-01-28 16:40:27,5.3
4e1ba0ee-c388-4e8d-ae94-7dedde6ba1d8,cerita nya bagus terkadang banyak basa basi bikin bosen,3,0,2025-01-28 16:04:21,5.3
6ca9e8a9-9aab-4e99-82c0-a50ec839a02f,bad content,1,0,2025-01-28 14:42:41,5.3
dac49716-373d-4164-ab41-3fc71e49479f,kikir minimal kasih male chara,1,1,2025-01-28 14:33:36,5.3
665f55e5-1f66-4afd-b1f3-20324560e072,susah login ulang suka logout akun ngebug ngebuka aplikasi,2,0,2025-01-28 14:13:48,5.3
e8731cf0-6720-457c-8c81-c4804a4f81c0,pas natlan alur nya ngebosenin,1,0,2025-01-28 14:09:12,5.3
094449cd-b29d-4170-af5a-34e88f57f9f7,stat artefak parahtiap def hp masuk aneh mlu coba fix rate stat artefak biar bkin player rugi material tingkatin rate crit biar player puas terima kasih,1,2,2025-01-28 13:11:17,5.3
302939aa-7645-4d53-8e78-813939615f0f,game kikir,1,0,2025-01-28 12:42:09,5.3
c155af79-a0e6-4d04-9db9-c3bbfc48416e,kasih bansos honkai star railll,2,0,2025-01-28 11:45:43,5.3
c6a938f3-e6e3-4262-a7db-7ca81b973877,dev malas kasih bintang,1,0,2025-01-28 11:38:56,5.3
5c495c1b-277d-416f-8a65-881674acf544,jelek banget tergeting incel too much karakter waifu backstory sembarang building muas incel archon quest natlan region hasil booming karakter laki laki bintang already spent too much in this game and this is how hoyoverse treat me,1,7,2025-01-28 10:15:01,5.3
d958ca00-d755-4821-afd4-95eb6996e230,kurang inovasi konten saji ulang peristiwa unsur benar segar minim tantang event tarung saji tantang main main dekat fanservice fanservice kurang kualitas narasi karakter game,1,2,2025-01-28 09:29:26,5.3
80886009-4169-4bae-a9b5-01f954d96031,keren anomali imut kecewa,1,0,2025-01-28 08:43:07,5.3
70a96468-9910-46ee-80e8-1740ea9269bf,where are the male characters at,1,2,2025-01-28 08:31:00,5.3
26696965-3fbc-4d5d-918b-e60738002496,nyediain cs dipake ngasih data lengkap nya uidusernamelong devicebefore gmailtgl pembuatanfirst deviceinvoicebukti gameplay dll tolak mulu hadeh,1,4,2025-01-28 07:12:53,5.3
58de033a-c53c-47ba-b8d6-684ebd5da455,game kikir,1,0,2025-01-28 06:51:25,5.3
b7478399-48b9-4c04-869e-b2a5880398c6,enough with the fan service and add more male characters,1,1,2025-01-28 06:03:57,5.3
5d17092a-2347-41c1-8f02-2878e984cd78,tele mc canon aether milih mc aether lumine cerita lambat minimal ceritain lore kek apa cerita maju fokus fan service loml,2,1,2025-01-28 04:04:46,5.3
9510ded7-ac93-4328-a035-fecac7c48ea8,kwontollll gacha jembod,1,0,2025-01-28 03:11:57,5.3
773c68fd-7744-40bd-876c-4f5d3d3a8fc7,kikir karakter cowok kikir kikir impact tolong bansos buat playable character cowok main rilis kecewa berat game lama gooner bait beneran dawei mohon dengar keluh kesah player,1,3,2025-01-28 01:08:56,5.3
fcb51e1d-f646-43ea-a272-05b94fcbad64,game cakap gajelas sampah,1,11,2025-01-28 00:31:19,5.3
f50ce851-8d7a-459d-9337-5de6c018e0b6,after years nothing change with anniversary gift any other gacha games  genshin even after years,1,1,2025-01-28 00:12:38,5.3
5fa7ad45-aa82-409e-b87c-3c09778e5eca,not aether only give lumine some arts bruh,1,2,2025-01-27 23:54:51,5.3
ffb811fa-3a5e-4abd-b907-77eb76710b5c,kurang dialog panjang- panjangin inti ditunjukin yapping story char cowo dikit moga sneznahya san region char cowo playable rangin yapping nya,1,2,2025-01-27 23:42:44,5.3
6412045c-4ad5-4955-92c2-c573cacda302,give lumine justice,1,2,2025-01-27 22:48:39,5.3
c6735205-20bf-40ad-85e0-f57b7d43343c,game pelit,3,0,2025-01-27 22:42:11,5.3
1b5b8a40-9ac8-4b10-8eae-b6876da75c0f,sedih hoyoverse anak tiri lumine mc wanita jujur bingung guna pilih mc lelaki perempuan sorot laki event highlightnya kasih ke-aether mc lumine protes dengar sungguh dev game toxic protes player china dengar betapa lucu,1,3,2025-01-27 22:39:11,5.3
dc5dfa7a-588e-4a04-a2c3-21c1fcf92d9a,tinggal bentar suruh download data ulang,1,0,2025-01-27 22:36:22,5.3
57cc40dd-405b-433b-ba48-53b70e49bae8,pilih mc lumine art event in game aether maksain si udel mandi chara cewek livestream kocak kocak oh transgender ya okiku one piece mandi cewek makan tu bawel player emang dasar company gaje,1,4,2025-01-27 22:07:28,5.3
efda7a84-5596-48bd-8d00-812dfb3e57e7,dawei banyakin cowok nya banyakin cewek melulu,1,4,2025-01-27 21:57:49,5.3
608d199f-fa8a-4788-816e-5412c44a38aa,tambah tombol skip dialog harga,1,0,2025-01-27 21:37:37,5.3
f8f002eb-d721-4880-acc0-d7dc16f118f2,jujur eksplorasi nya lumayan fresh story nya lumayan oke jenuh character cewek utama character cowok nya samping tolong banyak character cowok jujur muak character cewek utama tolong henti rusak citra aether kelana tevyat adik harem an kembali image aether sopan lembut tolong ajar treat mc,2,0,2025-01-27 21:10:13,5.3
9b00e671-6611-4314-b92d-fe519de08a62,thank you,1,1,2025-01-27 21:02:12,5.3
c4bc5a82-4aab-41f8-ac2c-44cc3869b1bb,genshin flop natlan flop makan noh waifu,1,3,2025-01-27 20:55:22,5.3
fbb44df6-91a3-4e3e-8cab-9a8a32a2ba94,kasih makan nohh incel player cewek bikin lu cuan makan nohh rating turun,1,3,2025-01-27 20:39:31,5.3
7ae80033-6827-403a-8c6c-9108bb08bc07,dengerin playermu ya kali,1,1,2025-01-27 20:30:32,5.3
b590c345-cf77-4013-9335-1ea6d58a6f2e,give lumine the recognition she deserved at the very least put her in the event banner she us my one and only mc so why is it aether there,1,1,2025-01-27 20:30:07,5.3
868ce1de-a10d-499e-b7ed-a13bb8630450,genshin force close mulu ya main game lancar,2,13,2025-01-27 20:13:50,5.3
57cc23d5-2bc6-4842-9203-277a732673d1,game yapping,3,0,2025-01-27 20:08:27,5.3
5dd5e305-145b-471f-8571-8ea345b35408,gender character jomplang player game mu cuman cowok doang gameplay nya ras dialog nya tele yapping tbh buang,1,1,2025-01-27 19:52:43,5.3
c7676c1c-20c3-435a-a987-1210d310d2cd,singkat give tall men character to female player know china in the past had many concubines but you with open eyes made two different mc give justice to female player,1,2,2025-01-27 19:25:31,5.3
d512cfd3-7f0f-4160-bd8a-f6d710f97052,pls abang chara cowonya abang chara cowok cewek melulu fanservice cowonya parah banget bikin nyaman tarik minat kalang cowo bikin risih cewe bikin hilang respek kelian,1,2,2025-01-27 19:25:15,5.3
5e815d87-99d6-483f-9151-3c7dd7861770,gooner game,1,1,2025-01-27 18:58:54,5.3
ac0786b9-59d0-4777-8ed1-9079ba81b87e,game,1,0,2025-01-27 18:46:27,5.3
6626e974-9dcc-49fb-a344-f0fe4d439558,tolong kasih fitur skip pas ngobrol npc bacot baget kelmaaan,2,0,2025-01-27 18:43:56,5.3
d5ae7cde-afe8-4bc7-aa34-fb7643263006,tarik,2,0,2025-01-27 18:38:41,5.3
dda315bf-a0b6-406b-81b5-89cad30d4664,sistem gacha cacat game sampah,1,0,2025-01-27 18:15:20,5.3
84011c4a-78f4-43bb-95e3-98828078a7b2,kecewa kali,1,2,2025-01-27 17:03:51,5.3
ee0705a8-60ff-48cd-813a-22f2b8668165,gooner game,1,3,2025-01-27 16:54:08,5.3
d6b15c83-942d-4112-a9ca-6eb81299b8f1,fitur skip dialog kau janji wok,1,1,2025-01-27 16:25:19,5.3
e6000902-f968-441e-9023-8bed84d4ecd8,hope for this game release more male character don  play this game to look at boobas atleast give lumine some attention and art dumbass,1,4,2025-01-27 16:07:53,5.3
7540219e-248c-49d7-9096-35dfd153d2a5,downgrade banget astaga,1,2,2025-01-27 16:05:54,5.3
8296a11e-24f3-4b09-822d-55056e357732,denger masuk player ah males,1,2,2025-01-27 16:01:18,5.3
37b71620-e163-454d-ae6b-318eab10b5a2,game nemenin skip welkin bp patch gajelas gin ngebait incel doang player cewe jg spendingnya male kasih cuih,1,9,2025-01-27 15:47:05,5.3
b517066b-d845-4f8b-afe4-2ff5b5e3bf08,buang main dikit top upnya dasar game kikir stlh update natlan kecewa game anjir jijik banget,1,3,2025-01-27 15:31:39,5.3
2c6e4851-388e-4b6a-b558-5399dc54754c,bro fix your game keep feeding those incels and you ll lose many players,1,1,2025-01-27 15:16:27,5.3
79aab56b-84af-4c56-8697-b450403480cb,stop kasih fanservice please kasih karakter cowok muak liat cewek mulu,1,10,2025-01-27 15:08:38,5.3
456714f4-6a00-4792-a27d-38eb925a7cf0,parah sih akun spend uang rate gachanya bayangin kali gacha atas kalah rate off dihigh pity ngspend dapet bawah - menang umpama kalah pity trik marketing kah milik duit top up sampe dapet tlol dukung top ngelunjak orang bosen pindah game coba orang ngeselin developnya salah alas player kabur game belah,1,3,2025-01-27 14:59:20,5.3
e6052789-8bba-494e-b22b-f0cedf0406ab,nu uh,1,0,2025-01-27 14:49:35,5.3
ee008bd9-7f28-437f-a072-500475579820,dialog bosan fitur skip kecewa,1,91,2025-01-27 14:49:19,5.3
31750a64-50ca-4a06-9b37-42340744f56c,comments this game created its own downfall,1,1,2025-01-27 14:41:06,5.3
2e48e9a3-e2ac-453f-bb2e-59844ffcbb84,player kecewa kembang game genshin fan service laki laki adil player perempuan satu fan service karakter laki laki kecewa segi design karakter natlan milik kulit cerah karakter laki laki natlan kecewa,1,56,2025-01-27 14:29:17,5.3
1b4532ec-31d3-41e8-8329-6b40f08d574b,sexualize perempuan,1,1,2025-01-27 14:25:41,5.3
3e519136-26e9-4a39-8d28-77a35c0d046e,gem bikin incels story character natlan amsyong char potensial husbando bikin mokad,1,2,2025-01-27 14:17:41,5.3
c84d757a-f950-4950-a568-562a24bde308,please make the female and male characters equal genshin is getting boring,1,1,2025-01-27 14:07:14,5.3
062161a2-1daf-42bd-a50e-603178b4923f,kikir impact gaakan update kikir  adil mc,1,1,2025-01-27 13:35:10,5.3
105454e8-c3ea-49fa-bd3d-cf7a7d69a25d,where  boy character hoyo and why it  always aether but lumine,1,1,2025-01-27 12:52:49,5.3
8aedec1c-0c3f-4e00-aebb-8497b1ba7abf,wey mihoyo niat ngasi fitur skip dialog yaah cape bet jir,1,2,2025-01-27 12:48:47,5.3
dc430af8-4385-4889-bcd9-b46b7460f530,kecewa game dikemanain sih story event-nya rasio character cewecowo jomplang world buildingnya imbang character writingnya sampah emang mc nya aether gausa lumine pilih mc kasi mc nya lumine fanservice dikit sisa aether harem sepongin tuh incel dasar game kikir,1,2,2025-01-27 12:47:05,5.3
3fcedfdd-77ef-410e-8c1b-4597254b06cb,need fps fr,2,0,2025-01-27 12:37:43,5.3
52986f55-7039-4174-98d6-b5e6db7c27b7,too much fan service don  like it at the moment,1,1,2025-01-27 12:25:29,5.3
4a22f9f7-ece4-476d-a764-38e20dd740ff,game jelek,1,5,2025-01-27 12:20:58,5.3
8223821e-1781-4516-9f63-a13eeb376fe8,terima kasih game kikir,1,0,2025-01-27 12:18:57,5.3
0f9c9821-69da-48e5-823a-2870e81bc548,downfall ni game rasio karakter cowo cewe beda story natlan basic banget litterally natlan kasih makan main incel hope game,1,1,2025-01-27 11:36:29,5.3
54820310-5b94-4d04-934a-b7b03615ecd9,game kikir,1,0,2025-01-27 11:28:48,5.3
02745857-0cb9-46d6-8d2b-974b80661542,story quest nya bagus tpi fanservice nya,2,1,2025-01-27 10:03:42,5.3
54d57055-e639-4faf-9aa5-0320ce5be658,jelek,1,0,2025-01-27 10:00:08,5.3
4affda87-695d-4ce4-9f71-15a28019cc23,habis map natlan kacau story banget eksekusi udahlah pelit reward rilis karakter cowok pelit harap baik ya,1,4,2025-01-27 09:56:11,5.3
d8f62081-e870-4a24-b35b-492aa90d84c5,game incel final boss,1,2,2025-01-27 09:21:11,5.3
0ff33555-9be6-40ab-bfac-f1e391254e7a,kesini tolol,1,1,2025-01-27 09:17:01,5.3
4c5e85ef-fb1e-450a-96e7-2411b64d3e12,jelek banget adil mc fan service rujuk harem aether cerita bland jelek,1,3,2025-01-27 08:40:34,5.3
a8e0da3f-fa62-4513-8340-24a1cdefd89f,storynya mid chara cwe mulu rilis kek cwe genshin suka mc mulu bikin game otome dah kyk gin,1,3,2025-01-27 08:19:02,5.3
592b81fd-3a9c-465e-9ef2-0a320dc1860f,game incel jelek,1,1,2025-01-27 08:04:02,5.3
1ad1b8e4-5a7b-421d-a709-636497697b4a,game sampah gajelas,1,0,2025-01-27 07:30:59,5.3
4a3d4fe0-840c-4c38-9c0d-317a93f774be,loading nya,3,0,2025-01-27 06:48:11,5.3
6fcf85f2-bf0f-47ce-8b5d-ba105f12b50f,anti kritik didengerin lu cina,1,2,2025-01-27 05:55:23,5.3
f80ac3aa-96d7-4dec-9665-86e25a477508,have stopped playing since patch this game has become quite boring since the fountaine patch too many new characters added that are only female and updates of things that are honestly not really necessary accompanied by sizes that are always large there is character development from the mc himself and the character that players expect to be playable is likely not playable at all,1,2,2025-01-27 05:14:38,5.3
7d935933-7fda-4d98-b536-23f3bb5d24e1,terima kasih derita alam gacha game moga game baik akun gacha banner senjata rate off game scam kek setting kek slot improve game sulit tombol skip engga ngapain,1,12,2025-01-27 04:06:20,5.3
50fa3539-33a6-41ee-acf5-b38076a7f44f,nih ya komplain mon maap banget mohon adil mc dibikinin art mc doang bikin mc nya dua kasih muka si aether doang kaya ngapain bikin mc nya jadiin art event cuman player aether adil sih milih lumine,1,2,2025-01-27 03:01:36,5.3
4b7d0b0b-8858-43ad-9813-4de753577acc,story natal jelek parah tombol skip lu pengguran ngabisin story,1,1,2025-01-27 03:01:09,5.3
4a620c7e-b171-4d86-8260-18f9729f57ce,dev nya dengerin player pilih lumine art ingame nya abyss prince chara cowo star nya dikit banget sampe doang kemaren konten fanservice guna,1,8,2025-01-27 02:12:17,5.3
742deb94-bf01-4505-95e8-cc399bd7ddca,kikir bagus nih game jelek,1,9,2025-01-27 02:11:55,5.3
e2e7688b-6850-4bd9-b032-3907237e896a,fitue feedback sebenernya dev dengerin keluh playernya,1,1,2025-01-27 02:08:13,5.3
51893222-6138-4791-8457-b6663d1b6197,boring story tele hilang vibes fantasy because it feels modern bagi mc aether lumine adil art pelit game gacha konten end game hasil primogem bosan overall this game is getting lower and flop hope you read this dear developer,1,1,2025-01-27 01:16:02,5.3
559c249a-b161-4fde-afa8-4dcaf0d6e55a,update qol nya minim cenderung ngasih fitur penting konten endgame kering eksplorasi region baru natlan asa halang paywall milik chara natlan rasa sulit kachina chara gratis fitur eksplor nya meh ratio chara waifu husbu langit inti bumi game mending ganti nama gathering wives  adegan aether mandi bareng cewek video livestream,1,8,2025-01-27 00:57:57,5.3
9a32211c-d508-46fb-8880-48bf036e4029,update baru kecewa cerita bosan rasio karakter laki perempuan imbang,1,42,2025-01-27 00:54:19,5.3
b99b8a44-84e0-43dd-b507-2a33e70daacd,kecewa leee tarik akhir ,1,8,2025-01-27 00:30:05,5.3
558aa6fb-b473-4821-ba3e-58b8b69e6d28,too many fans service male characters anymore downfall era,1,2,2025-01-27 00:27:14,5.3
bf433783-5390-4021-89c4-294979cc69a1,developer ampas dengar player mainland bikin jenuh jg sebar chara rata milking audiens mulu mantatin budaya benah tuli,1,1,2025-01-26 23:12:48,5.3
ccdddf23-5337-4e3c-87de-15b81f1b2ed0,quest nya tele smpe mual main nya,1,1,2025-01-26 23:05:35,5.3
79e79ccd-c02a-4258-b320-a4bcce3e588b,kesini aneh pelit reward,1,1,2025-01-26 23:00:49,5.3
a7f671d7-eb23-48af-a6f1-820c0ffe2911,moga android kontrol keyboard joystick,2,2,2025-01-26 22:39:58,5.3
814a751e-e79e-42c3-9976-94d2531427cf,update kesini ampas jelek,1,0,2025-01-26 22:11:26,5.3
dfb5f31e-f587-437b-9fa7-6c3636ca08ed,don  mean to badmouth this game  just bit disappointed with the recent events and storylines that don  have english dubbing it feels like  talking to dead character it  really annoying please fix it so that the characters can have voices,3,0,2025-01-26 21:04:22,5.3
f1bb3c89-8be4-4f53-8240-b9cdaab008f6,singkat padat jelek banget,1,0,2025-01-26 20:50:33,5.3
836ed650-ff0d-4f1c-9724-a5532ada3825,sedesperate kah naikin sales sampe scene dimasukin kecewa berat,1,0,2025-01-26 20:48:36,5.3
17f51306-fec0-435b-a70b-c949f834282e,booo game kikir alur cerita gajelas tolong genshin parah gooner bait kembali alur genshin karakter laki player wanita kecewa kembang game,1,1,2025-01-26 20:33:57,5.3
9a24d44c-3df2-477a-a69a-2f2183ced47a,game nya bagus scenery nya lore cerita nya bagus character nya lumayan sistem gacha dialog nya kdng cerita nya bagus overall bagus ya,3,0,2025-01-26 20:28:50,5.3
402eaf67-c2d0-4e0a-93a1-d39d023d7ec3,worst jelek banget,1,1,2025-01-26 20:12:31,5.3
0748f823-7f43-4a9c-ad2d-7c605ed61867,jelek bor ajeh cewek cowok mandi bareng emang mixed gender ya minimal tambahin laki atu biji,1,2,2025-01-26 20:04:17,5.3
ea77f98a-4479-4701-a781-3371f9bb95eb,kikir aspek pelit char cwk ubur ubur ikan lele kecewa berat leee,1,2,2025-01-26 19:46:41,5.3
bff26ca3-81fd-48ca-9892-4df0f0cb3343,developer please update qol farm material sungguh slowwwww chara butuh bulan tulis gatau baca moga,1,2,2025-01-26 19:40:56,5.3
9641f16b-291d-42fa-8a67-5ace46c27efa,your pity sistem is disappointing,2,0,2025-01-26 19:34:58,5.3
466393a4-708f-4ef9-84c1-39646e5c311d,game kikir terima kritik,1,2,2025-01-26 19:31:29,5.3
4924ba4b-e011-4572-9043-1ee66855872c,karakter suarany,1,2,2025-01-26 19:26:24,5.3
ef49e8fa-c98d-41ff-b380-db9c6813e1e8,tolong dengar keluh kesah player bosan main game fanservice ringan dev kesan fanservisenya senonoh player pria fanservice player wanita spend uang karakter suka player pria gacha karakter pria milik efek bagus guna,1,1,2025-01-26 19:18:41,5.3
958df91f-e34f-499e-81ab-b9a13b593181,primo banyakin napa kikir bagus hsr,1,0,2025-01-26 18:56:08,5.3
7cfa6a63-fa73-4015-ad63-1baeff7e77bf,tambahin fitur skip,3,1,2025-01-26 18:45:35,5.3
f3eb9dba-a9ab-4110-ad3c-54a635d8cd5a,bad game only female characters appear like harem game unfair to both mc,1,0,2025-01-26 18:29:08,5.3
c58acb4c-0420-4505-95ef-3b279f265d2a,gooner game making man and woman in the same bathing space is such disgusting thing,1,3,2025-01-26 18:27:06,5.3
f058b72c-4a5a-4e28-bd6c-3f98a61207d9,capitano hidup pls,1,0,2025-01-26 18:16:49,5.3
b3ccc084-f784-4128-a78b-417ca2d45278,game pelit,1,0,2025-01-26 18:15:48,5.3
a0014a4f-2c3e-4fe0-bc84-4588ef137d5f,kikir banget game,1,0,2025-01-26 18:04:50,5.3
c457634f-1066-467d-b5b6-270547da5894,game kikir character cewe character cowo,1,0,2025-01-26 17:58:15,5.3
0fcb86cf-796d-444f-90e3-5b7b2d9ba2c2,kikir primogems kikir char husbu pulak,1,0,2025-01-26 17:17:46,5.3
f3bb60bb-b5d2-450c-b25d-f2349ef4458a,game pelit pelit primo pelit karakter cowo peliiiit,1,0,2025-01-26 17:02:19,5.3
a8a844f5-33ec-44f5-b8f8-1f214919c721,genshin jelek sampah semenjak natlan rilis alergi ngasih karakter kulit tan skin budaya natlan sesuai lore laku adil mc lumine come ons hsr ganti ganti mc nya aether ditunjukin trailer bikin lumine anak tiri gin  stop bikin karakter cewek game lu tahan,1,13,2025-01-26 16:56:57,5.3
0cca9cee-f39d-47ed-860e-c3f1c0e18ab1,new updates has been dissapointing lately the developer said that they care about their fans but in truth they only care about certain group of fans and not all of them especially female players,1,2,2025-01-26 16:52:59,5.3
e9ab9488-6a91-4c23-acba-38e2d8490c24,give us female player justice like furina,1,0,2025-01-26 16:15:44,5.3
ab14d8e7-1d35-4ca7-9c87-cd43c0468c58,game jual story bagus downgrade jual fanservice murah,1,1,2025-01-26 16:07:45,5.3
ce48ccc5-7706-4543-aa08-7d2126df03d7,jelek alur banyak bait gooner,1,0,2025-01-26 15:56:04,5.3
f765b90a-0c61-40b4-96c3-22b1f494b191,after this path the quality go down,1,0,2025-01-26 15:43:36,5.3
aa8fb1b7-4e58-4b08-87bf-52ee372bfc2a,feedback player dengar konten making bosenin characternya story jg tebak game problematic,1,4,2025-01-26 15:39:48,5.3
8162c021-2f9b-4fdc-9307-86d2855be7ca,lumayan gooner game pls hoyo stop jadiin genshin game jelek,1,0,2025-01-26 15:37:42,5.3
bcff0d97-81e5-46de-bdaa-a5971f7a1d63,what disappointment genshin,1,0,2025-01-26 15:02:22,5.3
e9d46688-17ed-4140-aacc-01d3ff85881b,hate the newest teaser that shows aether in the bath with the girls what mean was can  you guys just use lumine instead of aether,1,1,2025-01-26 15:00:51,5.3
cf1a34c3-2856-4606-a1cf-c55f5f6d0e63,ckckck update forno sih hoyotod,1,0,2025-01-26 14:52:28,5.3
246f8920-e793-432d-80d7-ab552e4bc5fd,seru konten manja main wanita,1,19,2025-01-26 14:44:34,5.3
58bd58e9-8ed8-42af-87e6-2566cf42ce6f,tambahin chr cowok incel yak,1,1,2025-01-26 14:42:25,5.3
bb4e45fb-471d-4b44-9fa8-257fed2b8bf3,bagus sih gamenya segi grafik gameplay map story desain karakter nya bagus tolong minnn baik voice karakter hilang questentah milik doang player lebih bagus sih terima kasih,3,48,2025-01-26 14:35:59,5.3
7f51dd4a-5ec3-4b0a-a83d-c410c531dce0,bro dengar saran  minta player,1,0,2025-01-26 14:35:07,5.3
a4b166f3-e42a-4273-9180-3d43d70c44f5,star character,1,0,2025-01-26 14:28:58,5.3
c829a47c-273f-4b37-9a24-77a3741489e2,kikir fp friendly,1,0,2025-01-26 14:21:50,5.3
fe6c08b6-c395-474d-8d05-e6c77547a3a3,semenjak natlan rilis genshin alami turun segi design eksplorasi archon quest natlan keren vibes nation of war player tuju archon quest natlan design karakter khusunya perempuan buka gampang diseksualisasikan kurang rilis karakter lelaki harap developer game dengar masuk player,2,2,2025-01-26 14:09:34,5.3
a15c43d2-2d1c-4be1-9526-a2252a791b26,dont play this game,1,0,2025-01-26 14:04:10,5.3
60a4f1ce-fe45-47a6-9791-bdeceffdaa35,the ratio of male characters is very small over time this becomes quiet game and the server closes,2,0,2025-01-26 13:46:44,5.3
cf24caff-6841-4561-9bea-3398af630c3b,kikir,1,0,2025-01-26 13:31:44,5.3
1f092f3b-ca1d-4440-9bc1-3602c1656af4,keluh kesah wakil player,1,0,2025-01-26 13:26:17,5.3
35bffc9c-cd09-4103-a40d-063194693f4f,game incels,1,0,2025-01-26 13:25:32,5.3
c91422f3-86e2-443f-b1ae-bb1ef00ff15d,jelek donlod data ya gotak,1,0,2025-01-26 13:16:36,5.3
d44b0bcd-10f3-4065-9713-abd351ea7be8,server asia benerin tarung ngeleng,1,0,2025-01-26 13:14:12,5.3
a27beb73-6caa-4bd8-a68b-31aa061ba416,tambah fitur skip story,3,4,2025-01-26 12:29:20,5.3
8b043117-8324-45c3-b224-4a2d1dad78f4,hell nahh,1,0,2025-01-26 12:10:22,5.3
49e049d6-2829-41c6-834b-b7f48c7c44c2,game gacha habis dapet milik,1,0,2025-01-26 11:34:28,5.3
425f607b-db52-43fd-b90c-5a129240f2e4,story down jelek,1,3,2025-01-26 11:19:41,5.3
54af40ff-8f56-451c-b8e2-a96347471c61,berikannn artefak bintang bagus deff mulu bagus bintang,1,0,2025-01-26 10:57:01,5.3
622d64e9-3a46-453a-95bf-f65b26f2ecb4,puasin tuh incel wkwkwk,1,3,2025-01-26 09:39:40,5.3
3e5f7697-b753-453c-8016-cdda431999b2,game nya bikin bosen download data nya mohon per cepat,1,0,2025-01-26 07:52:15,5.3
884a70fe-c6d0-4fc3-a355-507efdee8ed9,boring,1,0,2025-01-26 07:49:05,5.3
3bf58b3f-9fbb-4ae2-8a78-e06019d8d58c,genshin beda banget ngejual char female wkwk kacau balance char male desain char female sus maksa banget dah,1,3,2025-01-26 07:31:39,5.3
53da7b41-396d-46b1-80b0-cdcce825d773,maaf mihoyo bnr hard pity kecawa mavuika,2,0,2025-01-26 06:32:52,5.3
d8239f4f-332f-490d-997a-6c04620213a0,game sange anjg gajelas hoyo,1,3,2025-01-26 06:26:57,5.3
5fb5e77f-b5d7-464f-9d82-a25f319461cd,progres updatenya malam selesai update gb pagi login suruh update gb,2,0,2025-01-26 06:11:30,5.3
af810938-1812-4366-84b1-1d5321cfdb26,primo event nya bikin kesel ar rendah sulit mainin,2,2,2025-01-26 01:38:33,5.3
0cb83520-0eb5-4832-ae4a-2ff0c0b5bd36,game bosan dari event reward quest story tele tele fitur skip ya player sudh main unistall kembang tolong dengerin suara player pamit dari game byee genshin,1,0,2025-01-26 01:11:07,5.3
7a4cc283-7a5e-4aef-812b-f0f9c5419c8c,game kikir sistem gacha scam,1,1,2025-01-25 23:38:30,5.3
fda830ad-8997-4b46-a032-fa85aa488623,saya ngefrez ya kiri emang ganti hp,2,0,2025-01-25 22:34:43,5.3
e4c68b88-1510-4217-8f2a-c7e9ab5f88f2,android support joy stick capek nunggu download sampe gb eh pas cek controller cuman layar sentuh device ku xiaomi pad,3,0,2025-01-25 22:29:48,5.3
aa85004f-a403-48a0-bc96-41bb6f401537,gem kikir hard pity mulu gua,1,2,2025-01-25 21:42:10,5.3
7488f375-c5c6-4c7e-af0a-76ccaeaffd25,hoyo why give me lose rate  times in this month in different acc its make me frustrated,1,0,2025-01-25 21:14:40,5.3
1915e31b-98eb-47a8-bc45-923e412186f2,lek jelek,1,0,2025-01-25 20:06:40,5.3
cc75e824-c406-4815-a0d0-de6c66ca5587,kikir,1,2,2025-01-25 18:25:37,5.3
7e6e269d-4369-4053-8945-656ecae4a420,kecewa sih,1,2,2025-01-25 18:08:28,5.3
60c2724c-5a6c-499f-9e1f-b23d2d456636,drop komunitas tahan gatel banget nyindir game kaya gamenya dewa info baru cooookkk nie game naek rating kah,1,5,2025-01-25 17:39:35,5.3
2670abbd-4de0-4d2b-a364-51359f7e4f3e,jujur kecewa ni game makan memori kimaz tunggu eh bagus si bagus memori rangin sikit woi,1,0,2025-01-25 16:24:02,5.3
5169aa5b-ba16-4a86-81c2-975405453870,kecewa,2,1,2025-01-25 15:08:45,5.3
86b8dd3d-e3ad-49a3-90b9-aec5dc1684fe,snapdragon main genshin patah patah cutscene layar putih,2,1,2025-01-25 14:11:29,5.3
31009734-81cd-4f72-8565-57f60f164c6d,banyak bacot game suara,1,0,2025-01-25 13:30:05,5.3
199cce33-6dfc-4c85-9b37-33c8ae244404,game jelek pity sampah story main quest overall inazuma jelek banget ngapain lu bikin char char cerita utama cmn tease doang harga bintang guna char bintang kali jual paha dada design oke jelek improve turun gooner abis dah henti main aman bikin story berani banget kah bikin char digacha beneran md ush sok angst,1,3,2025-01-25 12:21:23,5.3
a44acfb1-951e-4276-80bd-fc555191184b,please create feature to skip dialog the dialogue is very long and boring,3,0,2025-01-25 10:47:38,5.3
e7caf64b-e2c9-43e0-a0fe-28c00ffb863d,masuk banget,2,0,2025-01-25 10:43:45,5.3
bc07b00a-eb77-4fbb-99bc-2181ab7600d4,repetitif,1,1,2025-01-25 10:22:46,5.3
f70df258-d620-4fed-924b-3d185b7b2f15,fanservice nya cowok mulu kasih fanservice cewe nya bikin karakter cowo bikin alur nya kesini ngaco banyak fanservice lore cerita,1,15,2025-01-25 10:00:20,5.3
498843a4-fe57-4f59-a020-bf5b90391295,periksa data banget main milik ram gede,3,0,2025-01-25 09:04:54,5.3
bd6175a4-f0c0-43bf-95e2-327f2f502b19,woi hoyo aether mandi cewek inazumaeiyaesama char lupa inti hapus foto jijik liat aether nyakalo lumine bolh aether iri,2,2,2025-01-25 08:59:55,5.3
34050656-b392-4905-b921-0a1cc0ec522b,used to be fun now turns into disgusting gewner bait what happened lol,1,4,2025-01-25 08:02:42,5.3
230390ff-87fc-48d1-bbc4-ea2bc3cf5f4b,neng banget ngasih artefak def kaya kali nyari arte bagus char nya gua kasih def kesini susah ngapa ngapain,2,0,2025-01-25 04:11:31,5.3
45be99fc-5d3e-47b7-aaee-0e98c4a01f82,rasio chara cowok cewek masuk akal konten bosan cerita utama archon quest seru tambah target utama cowok incel fan service dibanyakin kualitas diturunin banding era fontaine sumeru genshin jelek,1,6,2025-01-25 00:12:46,5.3
5450cebd-07d3-4f29-87c7-66bdcf31a92c,game main menang rate off hard pity adil banget developer,1,0,2025-01-24 23:20:07,5.3
4fe2636d-16a3-491a-9c4a-eb9ed9644f90,asli game semenjak natlan rilis gacha limited banner pity an asli malas main game story banyak yapping nggak melulu tombol skip nggak inti main game rasa banyak ngantuk,1,7,2025-01-24 21:11:09,5.3
75ed39de-253e-477b-bf7c-32b6097b93a3,kompilasi shader loadingnya menit nunggunyalogin hari sampe menit - -,3,91,2025-01-24 20:27:04,5.3
77de35a5-1e05-435c-a2cd-0297197727a6,penget banget nyoba game nya loading nya banget bikin hp cepet panas,3,0,2025-01-24 20:15:43,5.3
3eb44f1f-c27a-449b-bf6b-bbe03e09da27,buset downdload datany dwndload smbil main aj keburu bosen nunggu downdload,1,11,2025-01-24 17:39:22,5.3
f4b0e385-a706-4206-9058-072959243dcc,game kikir top up beli bp dapet nya pity hard senjata kasih banner senjata pesan mang hoyo muak ama sistem pity sekian terima kasih,1,0,2025-01-24 17:19:48,5.3
941065ca-5305-485f-9b57-6309231308bb,game nya kikir ya bayangin game belah adek nya gacor busuk gaada fitur skip cerita event kasih hadiah hari gabisa langsung kyk hsr hsr langsung tuh kirim genshin hari liat banget nyusahin,1,5,2025-01-24 17:19:39,5.3
394eb73e-d56a-4bde-b4e9-dd65f625aeab,game rusakkkkkkkkkkkkkkk,1,2,2025-01-24 16:40:09,5.3
1a1dbecb-a16e-44ea-ac2b-db7b05713356,akun google ilang akun,1,0,2025-01-24 14:17:37,5.3
098f292f-6a11-4a45-92ab-b798ae3e0c36,main coba spin nya ampas semangat main,2,6,2025-01-24 12:14:02,5.3
dfa34423-f317-47fc-ba98-6e57287458fc,minimal ngasih teka teki ngotak dikit,1,1,2025-01-24 10:50:27,5.3
d036948a-6b2a-4073-bcf6-8cfcbe55d0e5,game goblok minimal mb game,1,0,2025-01-24 07:26:19,5.3
f80bdaad-0d11-4535-a1b1-7199cc29c298,dasar game kikir,3,0,2025-01-24 07:24:36,5.3
06b1546b-8719-4357-911e-5bb72fb03800,ngumpulin ampe itertwined gacha kali dapet chart ramah user free to play,1,0,2025-01-24 06:59:20,5.3
3217270e-0c45-42c8-9252-a23046cc7b9d,maaf genshin tinggal mu,3,0,2025-01-24 05:37:30,5.3
4e4547c2-df84-4809-8c65-c66e804fbc2c,why doesn  ley get ganyu,1,0,2025-01-24 05:32:07,5.3
c9254f28-5b0e-4194-b367-e50f79b82d18,pity mulu dah heran cape cokk,3,0,2025-01-24 04:29:40,5.3
469353d3-cda8-4b8b-afb6-c7ae66eb6cfa,quest archon dendro makan jam dejavu gaada merhatiin storynya paham gaa,1,0,2025-01-23 22:52:38,5.3
2b7e0f77-0ef5-4ad1-ab63-947277ef037f,game pelit,1,0,2025-01-23 22:46:18,5.3
5ce2b434-b4d8-4678-acce-0f0a923d80b7,tambhkan menu skip story veteran tinggal,1,0,2025-01-23 21:53:07,5.3
1d748c34-08ad-4fea-9699-0ff332c64289,login tulis too many requests kali  loginnya pc lag tolong baik,3,0,2025-01-23 21:00:28,5.3
d5ad0131-03a3-4e58-851f-9309e08ea9d8,kasih bintang bug suara dabelsemenjak ubdet fontainemungkin hp suportsoalnya snapdragon gtapi mohon baik setip atck musuh suar tinggal kadang suara ngefrssspadahal kiri fos,3,0,2025-01-23 20:53:04,5.3
b073d3bb-5692-44d4-ab3a-060be5b8174c,oke kasih daddy daddy male character five star njirr waifu mulu mommy bosen pakai nya buka kali hadir male character five star,3,0,2025-01-23 20:49:05,5.3
27acb8fa-f220-400b-85e4-cbaa98075df1,game bagus boonk hayukk yahahaa bikin stori ulur ulur langsung to the point,3,0,2025-01-23 20:31:57,5.3
eb84300f-96e5-4adc-bbe0-b886c8f81715,loding,1,0,2025-01-23 16:34:54,5.3
b45be239-5b3e-4ddd-b431-0eb6d42dc973,gamenya bagus sih developvernya doang kikir,1,0,2025-01-23 16:25:45,5.3
32e59702-3375-49f0-87f8-22d315d46f30,ku kasih bintang fitur gamepad hp ku hilang nyaman main pakai gamepad hapus,1,0,2025-01-23 12:37:14,5.3
f36620cd-d9c5-46bc-95a8-ede15d8f7544,kalah rate off nggk menang akun game malesin rate off fakta win loss terima kasih bye bye genshin impact scam,1,0,2025-01-23 12:21:48,5.3
adced6cd-fcf8-45f2-9a4f-144df8c71335,nice,3,0,2025-01-23 09:39:17,5.3
26dc054e-54bb-4b44-9579-9627fa1945f1,ngebosenin bikin ngantuk dialog nya,1,1,2025-01-23 04:39:21,5.3
6d942eb5-f11d-4d94-a141-6dc0d92e6880,mohon tutup server hapus game asik nya,1,0,2025-01-23 03:19:47,5.3
faa55d6f-fae9-40a8-a87f-0ee8bb638036,saranin sih main game tualang penuh aksi download game grafik nya doang bagus story nya banyak ngomong contoh lu ngobrol game menit lu fight sampe menit ngomongnya sampe menit skip fightnya menit kelar jamin bosan main game asah main game tualang aksi nonton anime,1,86,2025-01-22 23:58:00,5.3
90c26750-5a12-410c-a9ef-2834f22f6464,qol lelet rata guna ngomong tembok yah gin nih,1,5,2025-01-22 19:21:57,5.3
91d18630-acde-47b8-a4d9-ea7c7ff5099c,game nya bagus cuman atur pencet tombol ya kosongsaya ubah tombol switch char delay nya ya allah spiral gara gara delay kacau rotasi nya,1,1,2025-01-22 18:15:09,5.3
86d67ee9-b45a-4226-a6c3-224928e89fc1,gem jeleg arlecchino gua cryo pulangin arlecchino guaa balikin if gua plz,1,1,2025-01-22 17:18:07,5.3
aee78f30-610a-4db8-a9ea-ce89e8419a2b,ngebug parah archon quest natlan hubung ulang jaring bagus ngulang pas kachina bangkit,1,0,2025-01-22 17:13:53,5.3
7e4e18b2-5f89-4734-b690-c6f6e17f8463,game ngomong quest mulu eksplor mesti ngomong npc adakan fitur skip sampe khaenri ah ya tod,1,1,2025-01-22 17:09:05,5.3
b5772074-1ec9-4621-8966-4a9d438eb21d,bug jaring tolol,1,0,2025-01-22 16:56:07,5.3
11ef8a56-870f-4cbc-bc0f-e7ee43a23512,bad connection fix your server huh,1,0,2025-01-22 16:53:29,5.3
787bca80-f66a-4747-a2dd-6f2e4ae98ff8,dapatin char nya pelit banget banget sampe pity an aplh,1,1,2025-01-22 14:46:00,5.3
4d8250f0-635b-4a53-bc36-d3449fb203c9,gameplay nya seru tapiiii ni ya updatenya gb gila hp memory gb mikir update,3,0,2025-01-22 14:22:55,5.3
989d10fb-5755-4080-9aa0-04e64687cb16,game kikir,2,1,2025-01-22 11:33:24,5.3
ea098480-c6de-4db0-b324-7d4f9e32faae,dapet crimson moon turunin bintang,3,0,2025-01-22 08:00:13,5.3
8843283e-396a-43ef-915d-4be9069b9554,kalah gem jhat,1,1,2025-01-22 07:15:01,5.3
92f13c38-1bff-40aa-94d6-8ad87f7c8ddf,hey hoyovers kasih banner ngotak dikit kemarin abah ama nopal abis mavuika ama nenek citlali arle ama clorinde player fp primo uang kagak males,3,0,2025-01-22 06:51:43,5.3
5f77f65f-ac9e-4e96-91f3-99ce8158ae44,ngasi pity ngotak ajg hard pity mulu game setan cari primo sulit heran game busuk sepi,1,1,2025-01-22 03:49:03,5.3
132b1376-434b-4b4b-b199-a9b75c3aae55,inti game kikir sistem gacha scam olah player budak game,1,0,2025-01-22 03:32:11,5.3
5442d363-80a8-47b8-9002-3160be0c09e7,game nya slow quality of life explore minim,1,1,2025-01-22 01:25:47,5.3
d8b3fd71-7b2b-46a2-baf9-98e3766059d7,tolkon,1,0,2025-01-22 01:22:28,5.3
bfb7a907-a024-4b4b-9187-e5272e014cd0,story nya balik mulu gabisa save balik gaada fitur skip story story nya ngantuk bosenin gacha nya kudu mentog pity mulu kikir emng koneksi stabil putus mulu server balik tod event doang hadiah lawak wkwk,1,4,2025-01-22 00:18:48,5.3
35e2dce3-9a01-4a0d-828a-724415605e76,support controller android kmpret sumpah game bangsat banget yapping banget cerita bosan fitur skip story,1,3,2025-01-22 00:04:02,5.3
11e00004-b74b-4183-b3d1-17ad86b698f2,gacha nya ampas gilir emas dapet diluck,1,0,2025-01-21 23:43:47,5.3
2e532945-58b2-458c-8781-8945664305b8,not worth it for free player,1,0,2025-01-21 21:36:25,5.3
9452a0c2-8266-49d2-b1cb-17b26a129c9d,game bagus grafik hd jalan cerita seru karakter bagus bagus story karakter nya tolong jaring nya login tulis jaring error mulu scroll tiktok youtube lancar lancar tolong baik bug pas login nya tolong si login mengomplilasi shaders login loh gajelas banget bug,3,4,2025-01-21 19:55:01,5.3
696eadaa-84d3-433c-a777-f97253161198,alur cerita skip kadang ingin main mles quest asa baca komik baca komik main game,1,0,2025-01-21 19:05:39,5.3
85a88599-508b-4827-88b9-140215951b75,game judi karakter uang nyata,1,4,2025-01-21 18:48:44,5.3
61a6235f-e088-4ddb-8e7a-ad278c36e8ff,buruk,1,0,2025-01-21 18:04:09,5.3
75ad0f18-2e8e-48b1-b38f-3cec6983403f,kikir bet kntl ngequest jam dengerin yapping guna primo minimal kasih fitur skip dialog kgk liat npc bisu ngomong quest kgk skip tolol ngomong kek gin dah muak dlu kgk ubah,1,8,2025-01-21 17:35:04,5.3
7985a60b-6538-441e-865b-47a35a6573ae,iklan playstore ganggu,1,0,2025-01-21 17:32:54,5.3
dd972194-4731-40ad-820c-d3d28f1e2fbd,pelit wu gr  elu cweku nang xiao pulang,1,0,2025-01-21 17:32:16,5.3
f39a92d4-ee83-4119-b196-567282dfcecc,event dialog skip males main cat space keyboard tolong kurang dialog event hubung karkater playable double banner character,1,106,2025-01-21 17:25:57,5.3
fd50cae9-611a-48a5-a2c4-ae82b25c669e,game bagus banget akun mudah banget hack ilang,3,0,2025-01-21 17:02:40,5.3
14a558e8-15a1-48a4-9c07-ffc75d3e8a74,sistem gachanya tolong baik scam,1,0,2025-01-21 14:25:04,5.3
6ce806aa-d610-48b2-823c-6850813c6fbf,ni sistem gachanya berat bangett,3,0,2025-01-21 13:41:22,5.3
0ce1968a-f88c-4b0d-8d2c-51d9ef3b5672,akun hapus tunggu cepetlah proses minggu akun langsung hapus,1,0,2025-01-21 12:37:14,5.3
1ab7232f-c95c-48cc-8844-abc8d10ac40f,simpel sistem gachanya kaya pel,1,0,2025-01-21 12:13:15,5.3
29584f31-9e33-421f-9475-0652252f08c9,banjingan jean pt kikir bat tu tanda mavuika,1,0,2025-01-21 11:56:27,5.3
ee909f38-d10b-4bb1-99f2-f1efb0caa3e5,benar kecewa usaha laku dapetin citlali explore selesain story quest main jam ngumpulin primo kecewa pull dapet jean benar kecewa mr dawai,1,1,2025-01-21 11:21:55,5.3
f9d47e20-c9fa-4bac-8fdb-8b8981750caa,yahaha tau tuh sistem gacha nya sistem judi,1,0,2025-01-21 07:40:49,5.3
054a84b3-9b02-4e00-9764-3a58cb6011c9,bikin boss balance iya musuh gantung char natlan doank,1,0,2025-01-21 00:08:03,5.3
1b89bb4a-1314-4bac-864e-aa8d5b79ddf2,naikin bansosnya banyakin endgame kontentnya event nya variatif ngebosenin sistem gacha nya nguras tenaga eksploras gilir pull dapet zonk,1,0,2025-01-20 23:43:26,5.3
4d979845-e333-4df6-bea7-ca581a1afe21,pensi genshin fokus game belah support gamepad,1,0,2025-01-20 23:05:55,5.3
7534738a-abad-4eb9-a598-75684cf61d36,bisasih log in nya loading banget koneksi ku normal hp ku memori log in loading aneh banget moga loading cepet ya,1,0,2025-01-20 15:44:59,5.3
1b1bfb61-ed4a-4932-8cec-692f164ccb2f,ngumpulin primogem ber minggu minggu sampe kumpul - primogem nya guna,3,0,2025-01-20 15:26:40,5.3
046d8837-7b31-498c-8a74-ca002a535bd4,game banyak yapping gabisa skip quest najis najisss ngomong npc gabisa skip najissssssss ajgggggggg,1,0,2025-01-20 13:34:55,5.3
48572b76-a407-4018-b600-cd9fbc152b21,gua ya tolong simpan gua aman plis help me my simpan,3,0,2025-01-20 12:40:51,5.3
433925c7-617e-4587-82ce-db6a57f6f09c,game asu banyak cerita game film game gb isi cerita sampah,1,2,2025-01-20 07:08:04,5.3
d7b3a43d-ee63-4ad1-9026-008384b87478,pelit hoyo pity dapet morax jean,1,0,2025-01-20 02:29:49,5.3
b915791b-a565-4fb7-b2d8-a6c1568c8140,woy kasih skip story skip skip skip skip lu pade kaga bosen dengerin karakter ngoceh nya kaga kasih skip cerita nya lol banget ngabisin ngotak emang hari main game story kuest ampe jam lol bet,1,54,2025-01-20 00:47:34,5.3
26b028e2-35b0-449d-84df-595a586c15d4,tolong rajin login gin kalah hoki temen login kali doang adil terima kasih,3,1,2025-01-19 22:04:28,5.3
1cb6bc71-0208-4950-b9df-57cef1919c57,game kikir chance deal,1,0,2025-01-19 21:05:03,5.3
582e44ed-7a5a-4938-b4aa-c26589396265,game nya bagus cuman turut fitur nikah ama karakter genshin kawin ama salah karakter,2,0,2025-01-19 19:08:46,5.3
1651b94f-c81e-4c18-8be0-dd2af8c3a2a3,my account got hacked,1,0,2025-01-19 13:33:52,5.3
d224b910-f4d7-4aee-8e20-6cdc78a60580,tcg konnntolllllll apus anjingggggg,1,0,2025-01-19 10:44:52,5.3
41cc7721-e7fe-4889-9dd3-c6c8752fc003,tambahin fitur skip obrol males bat taptap layar,1,0,2025-01-19 07:10:02,5.3
2c42472b-3673-45b6-b66e-3b9aa49aab73,jelek,1,0,2025-01-19 07:09:50,5.3
eeb80f41-8a73-400a-b0b1-effb77a3d227,rada kecewa genshin impact sistem gacha genshin main judi online dah ngehabisin primogem gacha kaga dapat ampas gacha mavuika malas login genshin sistem gacha curang player fp ya sistem adil player gratis bayar gacha bagus kecuali streamer kek,3,20,2025-01-19 06:49:50,5.3
6aeac237-a284-4dc4-831c-0b45138cc70c,is this too much for asking about controller support,2,0,2025-01-19 03:10:41,5.3
777f0156-2a22-403b-9eff-32f5913ea4cc,game kikir,1,0,2025-01-18 23:20:14,5.3
c75ce1fb-26d3-4f39-911a-3d1d21bfd60a,setia main game hasil gacha banyak zonk,3,0,2025-01-18 19:56:36,5.3
c4587e94-82d1-4173-b500-b5aae7b430dc,woyy mihoyo baik lahh jaring login jaring putus pakai wifi coba scrol tiktok ig lancar gilir login jaring putus tolong tanggap nya diem baca keluh kesah player lu,1,0,2025-01-18 19:19:47,5.3
fcd0fa9f-3561-4815-bb8e-8414613376c3,jelek satt kikir bet game kena spam def hard pity,1,0,2025-01-18 18:29:43,5.3
cfcdfe87-7fc5-4572-97ec-0a3531628a08,mobile game dgn tema open world baik main kendala nya resin batas artifact dgn stat  sub-stats player selesai domain overall open world  battle system  story  characters  totally recommended game nb map sumeru  cocok refreshing stress map inazuma,3,420,2025-01-18 17:30:02,5.3
70da87e7-92f9-417f-993b-266ad482cf50,please fix bug change email,3,0,2025-01-18 17:14:16,5.3
b974688d-f5cb-4a3c-954a-0b1e29615059,tolong game ringan loading banget tolong game ringan ya,1,0,2025-01-18 14:48:57,5.3
09ee8a93-9933-4b2b-ac75-982b626c3e25,game toolol kikir nya ampun,1,0,2025-01-18 14:40:32,5.3
c2bd84bd-e7b9-457b-99bb-79b61c4777ab,pelit kikir banget ni game,1,0,2025-01-18 14:19:12,5.3
77eb489a-d377-43c5-99ca-36ed8f1ff985,login game aneh tulis minta coba sabar login,1,0,2025-01-18 08:37:41,5.3
1445d1aa-2e3d-4ceb-9cf3-d13abc5a486a,kali gacha banner limited kalah kasih menang high pity ajg,1,1,2025-01-18 02:12:32,5.3
51bdfafd-16a2-41e0-94c9-d2a06e63bd0f,cashgrab,1,0,2025-01-17 22:08:01,5.3
8cd5f089-d603-47a3-b5d3-083cd43e7fca,jering nya putus,2,1,2025-01-17 21:42:28,5.3
3504a4eb-a338-4d3f-80b4-b9d3ba6d0121,game kikir bikin boring,3,0,2025-01-17 21:36:15,5.3
6a96b4ea-13dc-4f51-b788-560ec466808a,arle players are disappointed with the presence of mavuika,1,0,2025-01-17 16:30:07,5.3
2c085608-0e30-4503-951b-38ad0d5452d3,aneh ya game raup uang ketimbang nyaman main main ni ngeluh hadee,1,1,2025-01-17 15:42:37,5.3
0231cabd-7790-40a0-bf4a-8e8661d187e9,how many years has it been and it still doesn  support gamepads ons android,2,0,2025-01-17 15:38:59,5.3
30a2b266-273b-434d-bf0e-5b022c3b52b4,buggggg,1,0,2025-01-17 14:21:24,5.3
9ac0f16b-aa13-4a5f-add5-4e9545ad61b2,drop rate artefak nya najis,1,2,2025-01-17 14:04:25,5.3
e8ac83df-1ce4-432a-ab18-3be2e20327e5,ngasi musuh ngotak dikit ngentd,1,0,2025-01-17 12:26:59,5.3
d326b570-e765-448b-9961-1edeb15e3759,artefkanya pelit banget njir busuk,1,0,2025-01-17 12:15:18,5.3
449941c4-f83b-450c-ab3f-7260cb0b93a6,game kikir,1,0,2025-01-17 12:02:40,5.3
f4684a1a-aa3e-4349-9349-19eaf09da796,asa kek gin deh update gede,1,0,2025-01-17 08:05:21,5.3
614b497c-2c36-43af-9bed-581af4e17654,nya akun mohon cerah nya,1,0,2025-01-17 07:40:44,5.3
58a6685a-545b-43bd-8b2c-972cb5bf0529,game kntl kalah rate off mulu,1,0,2025-01-17 00:38:33,5.3
3d539915-d718-4715-96c1-8ca61bdcc9e9,taik kau naro boss makan spiral mo ikut lads kah kau anjim,1,0,2025-01-17 00:33:29,5.3
766600a0-b35e-4996-9bd0-40b792e459f9,kasih bsekarang arle nerfgame rpg main nerf karakterbiar apabiar muavika laku akwoakowkbukannya bikin player neng main nerf ansama lu beli barang lu ambil paksa yng lu belialias ngerampasmakin malasssss maennngame maling,1,3,2025-01-17 00:27:26,5.3
5dd4c9c7-f871-49f9-851a-9f249fc94f04,kikir males nguli pity dapet jean dah malesss,2,0,2025-01-17 00:05:07,5.3
2a8a058f-bda4-4658-aaca-b00b940ec7f7,ajg download nya developer gila emang download henti  mulu game rusak,1,0,2025-01-16 22:22:04,5.3
3be5f643-ae51-4400-9cb9-555160e54f6d,sorry bintang akun bau bintang krna direspon,2,3,2025-01-16 18:47:02,5.3
0edc54fd-4baf-48a3-91e6-4cd423c27961,if didn  get mavuika or citlali maybe should that this game is trying to make the players spend their money just for cool character,3,0,2025-01-16 18:38:30,5.3
7ef6ec10-9055-4432-bfe4-6ea38608582b,mending main zzz,1,1,2025-01-16 18:23:32,5.3
f4b43e43-43b2-49c8-aac7-a69bd2c0ff27,game mahal,2,2,2025-01-16 17:10:11,5.3
2760c062-eb65-4d9a-b440-f4c3128b91d2,game downloadatau buka play store gensit impact hp gua aneh,1,0,2025-01-16 16:52:31,5.3
c9c08782-746a-4137-81b2-936707a3a175,banyak gb,1,0,2025-01-16 16:45:33,5.3
b2e7b061-2d0b-443c-a273-4f076a11e449,game scam bangsat,1,3,2025-01-16 15:05:30,5.3
a7dcdfa0-734a-47d7-af01-96d7b394e934,keeps lagging even tho my wifi was normal fix thale damm bug do better,1,0,2025-01-16 14:33:33,5.3
a52e1eac-1f13-4a37-8471-572db0ba0bda,gacha hard pity kalah rate off,1,0,2025-01-16 13:35:12,5.3
32425672-9f53-4bec-8cf1-c8f0b5f1be99,game pelit jagat raya,1,4,2025-01-16 07:41:54,5.3
42fe8b33-78ca-4623-b54d-b0b0b31cb55f,dah ngaco luh hoyoverse kikir kasih keqing ngotak,1,4,2025-01-16 07:40:00,5.3
6b22192d-2a41-4ac3-a9c8-d4a2c82cbbd9,game tai,1,0,2025-01-16 06:02:55,5.3
59eed2ab-1582-4022-bd88-56de0ed666a8,game taik kesini,1,0,2025-01-16 05:30:15,5.3
146dbc87-2fa4-421b-93f1-a2bb43c57b19,akun gacha kalah rate off pity nya aneh random mah,3,0,2025-01-16 04:46:52,5.3
78416db4-3592-4f79-81b7-537e3a017632,jelek,1,0,2025-01-16 02:39:26,5.3
ba60f4b0-867b-42f2-acfb-6324cf5a2984,please ads skip button at least for world quest pleaseeeee hoyo  begging can  affort to buy new mouse again and again pleasee,1,0,2025-01-15 22:48:26,5.3
d2678128-73c2-4b19-a170-08daebb74320,main wuthering waves,1,0,2025-01-15 20:13:15,5.3
5aac0908-e5f6-4bbb-9048-0ef9bf34bc84,grafik bagus main bagus sayang mendownload data nunggu tolong pendek,3,0,2025-01-15 20:05:36,5.3
68295231-f2ee-42a7-90a3-acf2201dfb44,mampus kau cari solo levelling lu suruh apk lu,1,0,2025-01-15 19:53:04,5.3
70bb7afd-bbdd-4a70-8f85-646dfc147d7f,la kalah rate off kali,2,0,2025-01-15 17:06:36,5.3
5f1bd467-5d3c-4661-8a4d-1a84a3d9ae7e,tolong kurang ukur game gehsin hp kentang main gehsin berat hp kentang,1,0,2025-01-15 11:53:10,5.3
5e7210cf-78ad-4881-9fc9-1415578cab8e,game inovasi budak gamenya dengar keluh playernya game kapitalis,1,2,2025-01-15 11:51:44,5.3
5b45f2d0-8099-43e3-96a2-ec0fb882e7b5,tolong mudah stat arte bagus,1,0,2025-01-15 09:48:22,5.3
929e21dc-68e7-4a41-bab9-a17e74194b96,baca story game usaha fitur skip biar progres,1,0,2025-01-15 06:04:26,5.3
6bc403c0-9ebc-4894-aad6-e361ef0fdd1b,game nya bagus banget quest nya abis abis temen coop masuk random seru plislah kasih karakter event hard pity mulu kali kasih pity pity,3,0,2025-01-15 04:50:04,5.3
8e824493-cba5-4bc3-8271-2ddc6464607b,kikir content tarik monoton fandom luar banyak jomok lesbi toxic,2,0,2025-01-14 17:27:30,5.3
d24e2577-1b95-47dd-a467-a61ee8843c9f,login koneksi gagal,2,0,2025-01-14 16:56:18,5.3
54841551-3e10-4e80-ab3f-ff56be99c61a,game asa komplikasi sader,1,0,2025-01-14 15:35:06,5.3
dfff17be-807d-41a2-a499-d089e8c01e9b,harap game support gamped android sangt susah biasa controller ipad sayadan main android controller,3,1,2025-01-14 15:33:58,5.3
35477a62-d734-4e47-912e-552140cb140f,game kikir dapet bagus pindah wuwa wathering wafes,1,0,2025-01-14 15:09:30,5.3
fd445645-61a1-4ed1-b930-9c668574b214,game kikir anj bab mnyt ngntd top up welkin nguli butuh pull pulangin karakter doang,1,0,2025-01-14 14:51:38,5.3
2ac596f0-62eb-4154-b401-a00db9de892a,,1,0,2025-01-14 13:58:00,5.3
81a9c344-1fef-4959-9b7d-15c476796821,hp ku support insyaallah nabung beli hp,3,0,2025-01-14 13:42:11,5.3
569c50f1-8686-4715-8aed-3d9f3e64a1e1,fitur skip story,1,0,2025-01-14 10:48:27,5.3
3f7cfdd6-30ba-4d76-bc74-ae7827e010da,bagus bayar males mainin hapus ah,2,0,2025-01-14 01:03:38,5.3
a41401e6-caf5-40c4-b69d-1358db8bbdf3,improve --,1,0,2025-01-13 23:05:19,5.3
6c9d712f-bca5-4543-a381-196dc97e911c,pas main uduh datatapi unduh data nya bangetada ceritain,3,0,2025-01-13 20:32:40,5.3
104b1263-f518-444b-9e4b-6167dacd7e2c,boring,1,6,2025-01-13 19:42:01,5.3
14371d32-2609-43b4-85b3-6efabcc71a19,admin sakit gacha  kalah menang,1,0,2025-01-13 15:45:22,5.3
bac014f9-4fb7-4569-bc81-f4034169f640,orang main game senang senang selesai quest santai explore region monstad liyue eh kesini susah quest aplg map natlan ngejar naga puluh kli kerjain selesai ngabisin gensin explore dlu skip not rekomendasi gensin impact pindah game seru santai,1,1,2025-01-13 14:51:28,5.3
9af6fb7e-0b59-446f-82e4-7acc63f88aa8,netral bikin game ya senang,3,0,2025-01-13 12:35:51,5.3
e3aabe90-ce78-4887-9a77-610190dbc714,dapet citlali sat,1,0,2025-01-13 12:08:37,5.3
4ed2a54c-88a4-4bba-890e-8533097c4b02,gem babi misi hadia gag dua,1,0,2025-01-13 11:16:07,5.3
661c7a7d-8052-4206-971d-ec54fff01fe3,what  lacking in this game is just artifacts all trash,3,0,2025-01-13 09:23:46,5.3
a4ce17f6-cf1e-44b1-833d-b231643d3451,kikircopy game,1,0,2025-01-13 07:14:53,5.3
95e05bf1-d2c3-49e6-b984-9ea773264032,karakter pria bintang,1,0,2025-01-13 06:28:45,5.3
47d3eb3e-fece-4364-ae41-9b8523333be3,where  the skip button did you all ever thinking about someone who has many account did they still have to understand the story,1,0,2025-01-12 21:26:55,5.3
b3575551-42e8-4356-8c48-70d612cc428c,musik asik story kaya sinetron eksplorasi peak,3,0,2025-01-12 18:51:55,5.3
4b4a7f26-b395-4f88-b6dd-0aebb126197e,download data nya haji benerrr,1,0,2025-01-12 17:50:51,5.3
f448ba7d-45f7-4263-b221-6c79deb39892,game burik baguus game unity robot game,1,0,2025-01-12 16:48:39,5.3
48f3ed2c-a199-4b14-8377-b936e98d6f41,kesini game fokus story rpg nya game ku suka pve tarung open word nya iring quest game ubah penting pve rpg nya kembali genshin impact game kenal,1,11,2025-01-12 16:08:32,5.3
a5d409c8-909d-4c2f-81e5-afb3d1deff84,akun hilang kemarin siang loh admin,3,0,2025-01-12 14:14:29,5.3
58fc7a99-05a2-49c8-be5d-2a1b3d7a7c51,ngeleg,1,0,2025-01-12 09:08:35,5.3
b1c4aa01-0602-4ccb-aa91-60b93c37bdb9,masuk perangkat kode verivikasi email email aktif login facebook verifikasi email tolong baik tambah opsi,2,0,2025-01-12 07:36:51,5.3
3f95bdab-3541-48b4-9d41-3681bb737752,,1,0,2025-01-12 06:11:14,5.3
acff70f3-d215-4556-9617-0218b2f104a6,game gacha buruk abad,1,0,2025-01-12 06:00:01,5.3
1e287397-afeb-4dd7-80fa-d44659676792,ukur update,3,0,2025-01-12 05:15:09,5.3
b0141d73-3ef4-447d-9446-1caf7ef15ce7,anjg emng larang pulangin archon emng,1,2,2025-01-12 04:36:10,5.3
c9cb8597-b5ed-4eaf-9910-1d39a6105edc,sengaja beli monthly blessing tinggal biar primogem ngumpul masuk login biar masuk primonya asa beli,1,292,2025-01-12 01:45:47,5.3
2eb3a190-24f6-4b61-a52e-47ffadc3ce39,game sucks,1,0,2025-01-11 22:32:50,5.3
e7975f5f-2cd3-446f-9d92-930cf7e04253,quest ya kelar cerita mulu jam kelar,3,43,2025-01-11 22:05:42,5.3
7d928824-c465-48b3-a107-f0d8efd17eb3,mihoyo kikir puqi,1,0,2025-01-11 21:22:53,5.3
62d831c2-b36c-44dd-907d-06adfb53ed61,bintang android support gamepad,3,0,2025-01-11 21:15:03,5.3
9584d981-c6ce-4ca8-b9a2-06c0d7cbef1e,sistem pulih akun akun kena hack kecewa henti main genshin,1,2,2025-01-11 20:28:02,5.3
a02d409f-4426-4c52-8819-181ea70ca6d2,oy game kikir ngasih primo tuh napa quest dialog lebar puzzle susah ngotak primo cuman anj anj kikir nih game emg kikir atleast ngasih quest tuh gampang napa skip dialog quest bikin gila hadiah bikin stres gacha orang gila,1,2,2025-01-11 19:39:37,5.3
c9bb2eb4-5bb5-4e3e-808b-9544825637a2,pelit bet artefak gaca karakter bikin game pelit karakter oke artefak pelit banget tolong kurang pelit,1,1,2025-01-11 18:51:00,5.3
39b87762-50ba-4787-af57-887895573659,genshin impact fitur gift skin teman game mobile legend,1,0,2025-01-11 13:40:43,5.3
3d374c00-51b8-467a-b882-9323c665f7e9,kaga alok,1,0,2025-01-11 13:08:27,5.3
566e034e-9bdf-4cc1-a69b-a182790fd5b4,game kikir new player kasi rate off gacha dapet,1,0,2025-01-11 10:58:59,5.3
9a1ebe1b-287e-443b-bac6-15abd2275969,baik game sinyal lancar gilir game genshin malam muter muter muterrr,3,0,2025-01-11 09:21:14,5.3
3b5221fc-3469-4dea-bc36-9479eb46bb92,gua unduh data gb gb,1,0,2025-01-11 08:42:00,5.3
f9149993-c3ab-4d91-ac93-f3642f71ff80,gacha  simulasi judi,3,0,2025-01-11 08:24:10,5.3
54027d28-9246-4b98-b93f-8d70530ae284,please gara gara hadiah kasih mihoyo ultahnya sesuai bro ultah ngasih hadiah gara gara hadiah ranting turun sih bodoh tolol,1,1,2025-01-11 04:03:17,5.3
655371a2-fd4c-4759-836c-f5c1136e9f77,game babi kalah rate off mulu senang,1,4,2025-01-11 03:47:03,5.3
fac43543-cd64-4a93-bd54-9adc87c52461,sih dgn genshin emang ya banner senjata pisah pity rate ons dapet  mulu gacha weapon pisah enak pity rate ons  auto dapet senjata pity rate ons  game kocak,1,2,2025-01-11 02:28:49,5.3
807d3d99-2055-49af-b48d-442ed91107f9,game kikir abis update banner char pity nya jamin dapet rate ons apa spin hard pity rate ons,1,0,2025-01-10 23:51:52,5.3
45635dd0-ed50-42fe-828d-c7f1cd67fa0b,bug voice dialog ngobrol npc suara muncul nyaman bangetudah ting ganti suara bahasa buruk buruk,1,16,2025-01-10 23:23:34,5.3
6ab016f1-89ed-4846-ab25-c92af2e6af31,fontaine natlan banyak berdialogudah podcast aksi game muas kya,3,0,2025-01-10 22:03:19,5.3
f6165bb5-3eae-4bb5-96a3-8c871a3c3cc2,ampas,1,0,2025-01-10 21:07:37,5.3
f1d90f0b-cf40-4d9f-b8b1-d0458c5748e9,download data gb upgrade download langsung masuk game eh besok pas main download gb hoyovers paket data lu kuras kah,1,1,2025-01-10 19:51:42,5.3
190b4974-345e-41df-ab57-f9d422b27d82,kikir impact,1,0,2025-01-10 18:28:36,5.3
0a1f1948-53c7-4367-a853-e4aeaba494ca,data gamenya banget jir kontoul,1,0,2025-01-10 16:53:05,5.3
540b8201-f5f2-4a07-b2e8-040799185515,gem elek kalah mulu ret off,1,0,2025-01-10 16:18:07,5.3
244ae6be-4b58-46fe-8288-95d400d4c06d,kasih fitur skip woiii,3,0,2025-01-10 15:18:53,5.3
5598897d-973b-4caa-9fc7-f229b0f5937e,good game out of touch devs getting too predatory me like especially with the scummy af,1,3,2025-01-10 12:52:12,5.3
ee044619-6d5c-400a-b18a-e703ccf9636e,game kikir,1,0,2025-01-10 10:00:43,5.3
68b8dfd4-09f4-4876-9cd6-1f9d6a25cf94,berat tolong ringan unisoc,1,0,2025-01-10 09:01:48,5.3
ee78d4fb-735e-47d0-b544-876c1823b266,lumayan kadang susah naikin adventure nya,3,0,2025-01-10 07:07:09,5.3
42b095dc-a3ae-4076-b145-fd6cedcbc407,game nolep,1,0,2025-01-10 06:54:55,5.3
87910819-45ac-4eda-a910-c78f99d437de,mnurut bagus segi storynya gameplaynya desain karakter musik bagus bagus game kelas android sdikit perangkat perangkat poco maksimal fps fps tolong developer baik alami,3,0,2025-01-09 23:49:40,5.3
99cc7272-452e-4c6a-8c8c-6a1603918869,sistem gacha busuksaya karakter limited pity teman pity,1,0,2025-01-09 22:40:22,5.3
80e0b7bc-f3ff-4295-bf61-9ff8ddd428b9,game bikin kesel game bentar doang eh donwload data gede banget pelit ribet,1,1,2025-01-09 22:39:53,5.3
0c08e80e-ad08-48f1-bcd0-950c13215234,game guna emosi orang musuh ngotak game rusak bug musuh imbang la sesuai level lol,1,0,2025-01-09 21:43:21,5.3
121be47b-2faa-4f74-b693-69f6f85c49ef,tolong kasih artefak domain bagus plss,2,0,2025-01-09 21:09:57,5.3
538ee9fd-d698-4a9c-9eec-54cf91a1e902,kikir,3,2,2025-01-09 21:06:08,5.3
fdf919fd-886a-4b6b-8e58-86de8b166f90,tolong developer nya bikin game unduh data hasil nya muas tolong rang data nya mohon balas game nya save data unduh data gede dalam game nya save data,1,0,2025-01-09 18:47:48,5.3
12d8c4ed-03a8-4576-bc63-9bcecbae7b86,kesel banget hoyo akun ku bug sampe pity korban primo ku tolong hoyo benerin bug pity akun ku,1,0,2025-01-09 17:30:06,5.3
085cf590-1ce5-4e19-a9e9-28791f063028,story boring parah jam nonton orang orang yapping ngeparty habis serang abyss,1,2,2025-01-09 16:03:51,5.3
77f460cf-e5bf-438c-9733-cf0320c5a9a3,bug kebun bibit mimpi nanam vasmrti bunga quest nya tetep lanjutoi hoyo,1,0,2025-01-09 14:16:39,5.3
3d79f5a7-1390-4dbc-90bd-598da554a957,gameplay bagus sistem gacha nya bagus banget gtu turut hadiah event tuh dikit banget developer jg denger masuk player nya ngebuat gedeg benda farm artefak dikit artefak nya jelek males farm,3,0,2025-01-09 12:13:33,5.3
80d9e20a-a1d8-484e-a48c-e20f914754da,bosen fitur skip story banyak ngobrol sm npc kek mnt an gtkek kelar kek gni gacha hard pity mulu char cewe rilis char cowo jarang kt kaum cewe suru ngelesbi co arte gacha smua dptnya random gacha statnya jg char cewe baju buka smua kek baju tutup tuh dikit banget,1,0,2025-01-09 11:57:11,5.3
577da338-b4f8-4f0c-af12-b589e36f939d,tolong tambahin fitur skip dialog cakap player bebas milih skip dialog nya baca dialog nya ngantuk main game banyak dialog habis liat tuh dialog boring,2,0,2025-01-09 11:49:59,5.3
77c5ef8b-4891-41a1-badc-1b2bb2adae98,game pelit,3,0,2025-01-09 06:28:47,5.3
01d11f5a-7a52-4ef3-883a-5e40b1fc1b5a,primogem hehe,1,0,2025-01-09 03:02:03,5.3
a378ba8b-af17-4d98-9f39-89c010fdb44e,butuh ques story ques story bos ques story mutu ques story guna,2,4,2025-01-09 02:23:41,5.3
feb332fb-984d-4556-b7c1-b25afb702a9e,game kikir capek nguli hardpity terus kalah rateoff mulu,1,46,2025-01-09 00:16:17,5.3
2789011a-39dc-4c4d-9987-f80a0fc25b2d,dapet nopal malass gem jelek,1,0,2025-01-08 23:08:24,5.3
2c45f510-05ef-4950-ae96-4bc27eef8134,download hp suka game,2,0,2025-01-08 22:32:11,5.3
7e2f73ba-07da-4e3c-b92e-659d392ebb1c,quest archon mavuika kali aneh susah ngotak nikmat story bikin males,2,0,2025-01-08 20:07:51,5.3
5f449bfd-aaad-4255-97c9-269311059a49,seru bosan,1,0,2025-01-08 19:48:36,5.3
f554883d-29d9-4e47-aa83-70d04b3476d6,mohon hoyoverse tambah fitur skip main bosen dengar cerita nya main keluh mohon update baru nya thank you,2,0,2025-01-08 19:44:54,5.3
6c05a55f-58d0-483c-b917-490a4a5d8b97,bagus,1,0,2025-01-08 17:36:10,5.3
de420d62-7e73-4d87-8d9d-75215ee4bc48,akun ulang level karakter max,1,0,2025-01-08 14:46:22,5.3
01dac3cb-d696-4582-9e41-cf0223fdeafc,ngasih difficult banget,1,0,2025-01-08 14:15:51,5.3
eec845b9-a904-4ec6-9f40-76e6504d66d5,ampas story belit belit,1,0,2025-01-08 12:19:10,5.3
e8915627-154e-4402-9c8f-9462746b1bae,dialog skip fitur gamepad kikir,1,1,2025-01-08 07:11:15,5.3
557a7f54-a466-49a8-86c6-dd91acb29a96,kacaw sistem gacha nya nguawor,1,0,2025-01-08 04:13:59,5.3
ad7aa107-87a7-438e-b5eb-9db96c095a25,najis kikir banget game sampah bansos tetep pelit gua mainin kanan story tele tele nguli game banget orang nolep gacha char weap nya susah babu beneran game tytyd fak,1,0,2025-01-07 23:46:19,5.3
672d2c25-3dae-4beb-9413-9c4134528a8a,najis kontoi gapernah menang rate off,1,0,2025-01-07 21:48:24,5.3
3cb71873-4dc0-4bbe-a501-b07fe8473a2a,login akun asli,1,0,2025-01-07 21:32:43,5.3
5b31671f-2b7f-4755-b61e-9dabb0852196,maklin bobrok game system gacha nya  rekomendasi game,1,0,2025-01-07 21:14:40,5.3
2c61cb09-0f83-4e22-aa33-5f06b1db691f,hp ku ledak gara-gara,1,0,2025-01-07 20:37:52,5.3
132ab9d8-d9f7-4d63-8cea-9ab886a82520,fitur skip story ya,1,1,2025-01-07 19:19:43,5.3
cfab744e-99c4-4545-be48-99f453bed44b,kikir,1,0,2025-01-07 18:02:44,5.3
44102dad-3774-44ea-afca-1dc8099eea05,bagus sihh gameny domain artafek aj dapatny zonk hari bulan aj zonk ntahh lahh player cape cmn nyari artafek sial fitur nukar artafek jg guna scam smua,3,0,2025-01-07 15:57:50,5.3
ac2a1b54-7604-415b-b74c-edb3fc43b692,burn out nyari arte butuh spam cape minggu domain dapet sampah,1,0,2025-01-07 12:03:42,5.3
7b338149-cb02-4cd3-9174-d7eaf8fbbbce,plot story makan tolong harga kesini jarang battle story cuman dengar dialog skip,1,1,2025-01-07 11:52:25,5.3
7487b812-c6be-4838-9c02-2a940a9debea,sih mihoyo fitur game arte hapus senjata hapus material saran hilangin beli akun orang akunnku login truss botakin resin arte hilang nyisa deff ar susah ngehajar musuh senjata hapus pliss balikin resource ku mihoyo,1,1,2025-01-07 11:08:31,5.3
7382bce3-972c-4fd0-97fd-eb726719ed74,gacha nya signature kecewa suka prank buang primoge nya tolong ngertiin dikit fp,3,0,2025-01-07 09:48:15,5.3
7b7b4697-98fa-41ad-85cf-1cefae3a9357,china anjieng,1,0,2025-01-07 07:37:58,5.3
2d312569-e775-4857-8426-7569aaf4257c,loading nya,3,0,2025-01-06 22:34:26,5.3
e44400e2-204e-4f80-9bdb-3501f3a18c7e,game stresslu bayangin download data gb anmasa update gb ya kali update gede gede mulu ubah,1,0,2025-01-06 19:45:04,5.3
80db4367-bc8e-4601-b670-1be6a2ae4482,tolong sizenya kurangikasihan player gb sempit penyimpanangame nya bagus,3,0,2025-01-06 19:29:46,5.3
c934066c-b44a-4ec9-b7d9-e71b6ff06d86,gacha zonk,1,0,2025-01-06 19:25:25,5.3
aaefd273-bd01-45c5-829c-9b37ff38e55e,perangkat download genshin impact nya hp infinix samrt tolong nya kak,1,0,2025-01-06 17:57:41,5.3
d9aea3fc-272a-4b9c-9764-21b9c33a75ed,quest archon quest inti cerita genshin teleport  dialog  teleport  dialog gera animasi karakter template dialog nambahin durasi doang,1,0,2025-01-06 17:18:58,5.3
006028b2-0db3-4e13-8f08-10411d52c45d,game adil mavuika karakter sempurna karakter samping benci sakit hati game gacha banner hormat susah cari primogems hiatus eh kasih mavuika op asli benci nih game adil banget user fp gacha banner adil muntun,1,1,2025-01-06 14:17:49,5.3
cc1a5688-b705-440c-b4e4-a993ee4a9744,yapping yapping,1,0,2025-01-06 13:35:05,5.3
316a1c45-73c1-4690-8fa5-9dd463c45d27,hmmm akun gua hilang sih pakai akun hoyo uid xxxxx eh pas nyoba login pakai akun uid sih bantu,3,0,2025-01-06 10:18:13,5.3
5f0bb492-badd-40b0-b9e0-d8128187c9c4,ngebosenin buang cs nya buruk,1,1,2025-01-06 09:02:28,5.3
7470decd-0e7f-4744-a68e-04a57cd41c0b,unduh,1,0,2025-01-06 06:34:45,5.3
11ea6b7d-3896-488f-b8e5-8cd339d4ce0e,game buruk dah updatesok sok ngasih loading jelasperasaan hsr update tinggal update doang tele telemana loadingnyaberkali-kali verifikasi intergritas data,1,1,2025-01-06 04:15:50,5.3
0ed50480-a604-4951-8ede-a1cf66f13fed,gacha jan kikir lahh dh susah susah nabung pity dapetnya qiqi jan pelit la capek ngumpulin primo,3,0,2025-01-06 01:49:46,5.3
c289827c-a886-4052-bc95-cc5766706943,tolong ya kompilasi shader bikin bosen nunggunya,3,1,2025-01-05 23:43:26,5.3
76237558-0ece-49f9-a33d-8118615debdb,game nya bagus tolong sedia fitur skip story kadang kadang cape dengerin bicara banget pas ngerjain quest,3,0,2025-01-05 23:08:24,5.3
2890a619-bc55-440f-97e5-06e605478a15,game aneh pool bintang,1,0,2025-01-05 21:23:42,5.3
5270c473-8452-4514-93f6-9dbc54f1d2bd,main game nonton cerita,1,0,2025-01-05 20:51:12,5.3
e6ee1809-04cd-4295-a35b-9959ac944b35,dasar game kikir,1,0,2025-01-05 20:00:19,5.3
d712e82e-db85-4b80-b585-62932bea5fd0,ajg gedek dah capek main quest kagak save game ajg bikin kesel wae emang nya kagak capek nyelesain misi teh minimal save,1,1,2025-01-05 18:41:31,5.3
25e2e4db-d642-44a7-9de2-0b4cf0d4ff5a,tolong adakan fitur skip quest archon quest,1,1,2025-01-05 17:46:02,5.3
75d37310-442a-478a-8199-aa1775db2899,gamenya bagus tolong capitano hidup sih banyakin tall male,3,1,2025-01-05 17:34:51,5.3
7c097870-3c3d-4670-b189-09817262eaa7,berat belah kasih menang rate off admin,1,0,2025-01-05 16:13:30,5.3
f0fb575c-4514-41b1-b53e-2ce0d700435e,durasi quest story mavuika bikin game beda ngentooooaddd,1,1,2025-01-05 15:58:54,5.3
55052f6e-cca4-422e-959f-776313a9ef56,just give skip story will pay welkins every month,1,1,2025-01-05 15:36:08,5.3
fb9cb436-7742-4300-b196-7f0f1b9d5f3d,rangin memori nya woiiiiii,1,0,2025-01-05 15:35:22,5.3
c651e15a-dd08-49ac-85ef-defc06db2bfc,not being able to skip conversations or cut scenes makes this game boring and time-consuming and can make players lose interest,3,0,2025-01-05 14:54:45,5.3
ed01bfe5-010b-4ec0-9489-a6d6bae40ded,uppate gbpas selesai gb,3,8,2025-01-05 13:57:48,5.3
e76a53ba-b8f6-4293-89b6-6667e10699a4,download all data gb pas login suruh download data gb banget ni game tolong perbaikin jadi males main,1,1,2025-01-05 13:49:26,5.3
b4f92f43-d49a-4458-9de7-6a538526b444,cakap story quest tele tolong singkat orang milik main desain karakter kecewa karakter cwo kurang,3,3,2025-01-05 12:35:10,5.3
ff850a98-ce7b-45e0-aa8b-77be9f409b73,kecewa,1,0,2025-01-05 09:57:05,5.3
ca9ef618-ee7b-4d43-824b-cd76ee2e0080,shenhe clorinde arle pulang kasih bintang,1,0,2025-01-05 09:09:45,5.3
adb60c04-5ddf-417c-b935-d827272109eb,login pakai akun hoyo minta broken banget nih game return main,1,0,2025-01-05 05:37:07,5.3
2b868c7d-1833-4d29-911b-3b320534c35a,bintang menang rate off,1,0,2025-01-05 03:19:34,5.3
2bf6a56b-23e3-4706-98ce-aa23d4e40856,hard pity kasih mantap,1,0,2025-01-04 23:59:16,5.3
fe90b829-fec3-482e-8d5c-ae4f7b5ef70f,sahabat newbie material upgrade susah qol buruk manajemen tas buruk contoh pas farming mesti item jatuh kenpa langsung masuk tas,1,1,2025-01-04 23:02:51,5.3
e2ff9325-17ff-4843-8a43-e455de8fe2bf,tambahin tombol skip ajg bosen banget,1,0,2025-01-04 22:05:35,5.3
210024b7-bc4f-4566-9af9-18fe3ed14659,give fitur skip story,1,0,2025-01-04 21:37:46,5.3
a65e7638-59c3-40db-be2a-970a22b1cee6,suka game,1,0,2025-01-04 21:24:04,5.3
0f16ad1d-16b2-4cff-95fa-5af299ff5798,hard pity woiii pokeeee malesin bangettttt,1,0,2025-01-04 21:02:26,5.3
b8a4a6ce-b284-46d2-9d49-1136d026878c,admin request login tolong server nya ditambahin biar masuk fp nyari primogems astaga full login gagal login please admin fix akun serasa ban salah,2,1,2025-01-04 19:58:51,5.3
e8cdee6c-5962-49c7-808e-8a6eba98ea75,kasih bintang ya tuh gamenya ngebug main gamenya langsung sih cape cape loh ngosongin simpan ku game tolong ya baik cepat ken banget mainin nih game,2,0,2025-01-04 19:40:03,5.3
8ef2ad89-00ee-4bf3-95a2-5113b99441f6,azdaha ambil minggu sekalipadahal mengupgrade karakter kazuha tolong baik,1,1,2025-01-04 19:23:56,5.3
8be2015c-e5fe-43b4-b5b4-495cd6847713,kurang game android fitur main gamepad main gamepad pakai pakai gamepad rawan banned tolong update depan tambah fitur gamepad android,2,0,2025-01-04 19:22:34,5.3
76e194e4-5a09-4df3-b56e-78686ebf2095,game najis,1,0,2025-01-04 17:08:25,5.3
9b993ee2-3eea-4f5f-8558-6b8732a71e5b,tunggu nya tolol lu,1,0,2025-01-04 14:52:46,5.3
c64cdca8-203c-43be-b4e9-a9db0555a506,ilang tall men tolong banyak pria tampan nya cewe mulu bosen liat,1,0,2025-01-04 13:58:51,5.3
afff89ef-f58f-4380-8297-c19ca0f25e1f,mantap,2,0,2025-01-04 12:30:53,5.3
afcfcdef-1a7f-46c3-b9d5-9968f778d5c1,rate ampas game gacha,1,0,2025-01-04 11:58:07,5.3
526695a2-e4ab-4997-9757-e1c2fdca6778,akun ku hilang update tolong baik,1,0,2025-01-04 11:49:43,5.3
a2958de5-22f8-4e1e-8a01-0097c19c87f8,naikin rating capitano,1,0,2025-01-04 09:58:24,5.3
62fa3983-ac4e-4d71-879c-b3438609f8f5,update nya gb gila,2,0,2025-01-04 09:51:07,5.3
2637705c-9a65-49ef-9193-9cf6e02dff5a,too many requests when logged in,1,0,2025-01-04 07:56:52,5.3
6b7f5b36-7a60-4b4b-9eea-554b4ba9992d,tolong grafik nya ampe uhd kek genshin cloud ama pc biar enak ngeliatnya ama main nya,1,0,2025-01-04 07:44:32,5.3
61e90232-f169-4fae-9fa6-a441ad0db596,game bagus sih cumaaatod fp sukalo dapet bintang emas mesti pity coooo game dikit sua nyepin atasy pity dapet bintang emasga menang rate off pulakaalaaahhh terusjadi game dikit todddddddddddddddddd,1,1,2025-01-04 07:33:07,5.3
3d026b30-7760-4330-9724-665a92a9e42f,bikin pyro traveler cd skill nya banget hit nya sebentar banget,1,0,2025-01-04 06:05:54,5.3
029515bd-5c55-47f5-aa0a-890885f13369,susah pelit enak,1,0,2025-01-04 01:57:23,5.3
377fb40e-5385-462a-b8ca-90d0be7a7e05,ok game,2,0,2025-01-04 01:48:35,5.3
79fc4283-dbf1-4795-b2d2-c231dd287172,fitur skip lahcerita kisah karakter npc karakter utama mc aeter lumine skip game action gua mo tarung kuat cepatbukan liiat drama animasi,1,41,2025-01-04 01:43:51,5.3
a97e18b2-a277-4277-a0b9-ac49fdabfc89,game open world rpg visual novel dialog quest actionnya quest jam isi dialog jalan langkah lanjut dialog jam wow,1,3,2025-01-04 00:49:49,5.3
2a303e97-95b2-4517-92b7-93709a09c774,well play and cinta genshin but it  getting too greedy lately for those who about to download read this this is pay to win game supposed to whether you re paying or fp gives much much and too much difference,1,0,2025-01-04 00:43:36,5.3
fb3f8209-d077-4793-8e3b-7f58c6288668,mas hoyo tolong buat tombol skip cerita cerita genshin bosan milik cerita dengar cerita mu bosan,1,1,2025-01-04 00:35:10,5.3
be359ba6-0451-413a-bf4f-75f9c47f6d22,nama guijong jelek admin,2,0,2025-01-03 23:53:00,5.3
bc8ff3a3-bd5d-4944-b7a1-8f2e168fb64d,game kontol tai kek kontol,1,3,2025-01-03 22:48:43,5.3
d5e58116-e3a0-4c81-b3c6-5988a8dca86a,menang rate off kalah pity an atass whaler buang kumpul primogem main genshin hitung jari menang rate off kali ayo hoyovers pikir untung player betah main stay game,1,3,2025-01-03 22:01:35,5.3
d65b8f5e-b497-4721-922a-9abe82c8318f,tolong login alas minta nih main,1,0,2025-01-03 21:03:37,5.3
d8ee16b0-20c0-4b73-84e8-37f5bccf9fce,kikir,1,1,2025-01-03 21:00:43,5.3
87b13b4f-7ff9-4e6a-bcd0-00bd2bc9be0f,main gensin brtahan story trlalu ribet ngk skip player sibuk urus ngk skip jdi ngulang jdi bosen bye gensin smoga ngertiin player,1,20,2025-01-03 19:35:22,5.3
97bc64c9-3ea3-4b75-a104-6086636f1986,download gb gasalah main suruh update versi update download gb masuk game download an nya ukur nya atas mb,2,0,2025-01-03 19:21:35,5.3
d4a8de3a-bc81-4134-862e-0d5cef61a4de,game gajelas login gabisacuihh,1,0,2025-01-03 18:22:48,5.3
35aea3db-18b1-4c99-b6b8-203930e26004,maaf hati ff,3,0,2025-01-03 18:07:06,5.3
519cb297-542f-4c5a-b420-fe5d8d3ee431,bang bikin game loading nya banget tolong cepat loading nya ya bang,1,1,2025-01-03 17:35:20,5.3
09e41461-1798-4618-8087-19b9e375b0ca,emang game cacat,1,1,2025-01-03 17:15:40,5.3
5215527f-4f3b-4d8d-aac5-96d72ace5d7b,dah pensiun nya data nya gb storage dah muat,1,36,2025-01-03 17:10:03,5.3
a0744146-01df-43aa-8181-cf8df973249a,genshin grafik desain bagus banget point ughh banget banyak dialog skip drop arte tinggi pity chara weapon cmon genshin sulit dapeti chara wp pity sulit drop arte jelek nauzubillah tuh elixir dkk hasil tetep sampah,3,19,2025-01-03 14:25:22,5.3
638f144d-6e12-4fc4-b44c-e2c81e9a3ab9,kikir bansosnya fase bos,1,0,2025-01-03 14:03:02,5.3
46728a7f-8f55-4f20-bf5f-eb753f7eba73,hidupin capitano ntar guwa kasih bintang bb,1,0,2025-01-03 13:55:23,5.3
f066764f-d1b3-4e96-b2a4-6e8fb96e1606,jelek banget nungguin loading nya sampe jam jam hapus game nya ngeselin banget,1,0,2025-01-03 13:53:01,5.3
ef05777d-6c60-46b8-b6de-8fcf8a415f98,unduh data banget,1,0,2025-01-03 12:21:58,5.3
04f79a0b-1edf-4fcd-931e-a324fed9a7c7,habis primo gacha hero,1,0,2025-01-03 12:00:11,5.3
75d7a47a-30d9-4eb2-b60d-9cceab60ef54,nambahin motor minimal main game balap biar kerja motor mobil tuh kek motor physics nya jelek banget sial gerak ban doanh ban belakang goyang kek ekor gede,3,0,2025-01-03 11:33:32,5.3
f52b4af2-ad31-4317-afb6-3ef6d7c66571,buruk butuk download gb mainin slalu stuck loding masuk,1,0,2025-01-03 08:59:25,5.3
40d29029-dccd-4aa9-aa01-f179d9e60ea4,halo admin bug suara voice karakter misi misi utama disepanjng chapter selesai terus ganti bahasa suara,3,1,2025-01-03 08:54:28,5.3
c2113d29-1438-4171-b360-ddd34b74ca5e,narasi story skip game game bosan benar harga usaha developer kembang story ghensin impact player simak cerita npc developer tolong sedia tombol skip dialog player npc,3,1,2025-01-03 08:16:07,5.3
7da5eab1-56ac-456f-bf37-2c0ce8961ced,game otomatis makek konsol setting setting pakek apk bayar taut email rubah jual akun bosen banget game fitur skip story pusing main jam jam,1,6,2025-01-03 07:37:10,5.3
3a41e2cb-723e-4beb-9e3b-d0513856d0a1,game nya bagus cuman bikin hedeg va inggris nya bisu archon quest nya bisu gausah pakai voice actor,1,1,2025-01-03 07:22:54,5.3
87d17484-1bea-464d-a5c3-9dbdfeed530f,tolong perbaikin map natlan nya fix kasih bintang,3,0,2025-01-03 02:53:32,5.3
479c0dc2-3c23-42a7-9a03-d69507660f31,signature mavuika,1,0,2025-01-03 01:30:22,5.3
bfc8e0dc-c201-4aa8-bb50-661489cf88d6,update ae koneksi sinya tamba buruk,1,0,2025-01-03 00:10:47,5.3
92bab128-9c1e-4dc1-b9d0-7a1b6c1f8401,game kikir,1,0,2025-01-02 23:41:38,5.3
144efcdd-fd15-4bd8-91c5-1f95b7a3196b,masuk game inikalau tolong quest archon quest world questtolong singkat dialog membosankansaya tidur story game inikarena dialog tele tele,3,0,2025-01-02 22:17:15,5.3
87517998-048a-47b7-a886-47b6bc470429,tombol skip story minnn,1,0,2025-01-02 22:12:06,5.3
308fd313-e464-4f6b-8be0-ce6bb5cdcbbd,game babi,1,0,2025-01-02 22:08:48,5.3
1575a9f5-67a3-4237-a505-a18f2b9fa130,kode aman ganti device pas login suruh masukin kode aman kode diemailudah coba ganti email pakai email tetep kode nya diemailgimana mihoyo akun cape cape naikin level ilang gara gara sistem mu sendirisementara nyoba lapor kecs jawabantrmksh,1,0,2025-01-02 21:35:22,5.3
02b1797c-1ec4-4918-8ff8-195eaf468af5,gila game gacha worth it kali kalah rate off menang rate off dah pensi males parah mending tunggu tanggal azur promilia release langsung tancap gas,1,0,2025-01-02 19:54:22,5.3
4c732ca0-42c2-4f4d-83da-4282b3884c50,game berbie banyak waifu bait player pedo porno caharacternya porno gaada sangar nya ni game cuih tantang kaya game berbie anak tk gaada dark nya kaya kesatria pangeran gaada cuih jelek natlan flop dawei flop penyepong wifu flopppppp,1,1,2025-01-02 19:44:09,5.3
3707ae8e-b86d-4e40-aed9-636dfcc25720,game pelit adventure rank satu archon ngumpulin primogem archon satu untung topup rugi topupnya mahal mending henti main,1,15,2025-01-02 18:31:27,5.3
2cafa8aa-4dec-4d49-8949-74fb8ff12027,pakai gamepad engga admin hp laptop pc gilir main zenles zona zero gamepad bluetooth usb hp pelit dah ,3,1,2025-01-02 18:20:09,5.3
ba3190e0-8cbc-4ef8-a89b-0f1c9e839e73,update prioritas pra unduh pra unduh kasihh total data nya contoh update orang pra unduh total data gb pra unduh gb anggap adil kasihan orang orang lupa milik ganggu jaring pra unduh total update,1,1,2025-01-02 18:07:52,5.3
b7b65db6-9080-4e6a-8984-bcf0a6752d50,kikir impact pelit,1,0,2025-01-02 17:31:11,5.3
c7f29780-a7c9-4adb-9cf7-01182e426b13,loding lamma bangett,1,0,2025-01-02 15:51:07,5.3
e67c5639-fb58-48f8-b32d-08a2c791e278,have been saving for capitano and all got is his dead ending like bro what,1,0,2025-01-02 15:49:06,5.3
b94b67e5-a0aa-4292-91af-8287ac0fe932,bug kemarin unduh update gb suruh dwnload gb suruh download gb apa hapus cahce bagaiman ain,1,0,2025-01-02 15:47:54,5.3
64f3718a-7777-42a3-ba41-9ba8625f13b0,kecewa banner wishnya sihdari main kalah,1,1,2025-01-02 14:31:31,5.3
a21c0363-9dab-4a80-8f19-3178532f1738,for future updates many people have complained especially ons cellphones that use the hio chipset there are many bugs such as text damage es etc,1,0,2025-01-02 13:37:24,5.3
d1ab5841-32f9-4999-b916-3d40d5105994,plss bnrin pas log in suka muncul coba pas tunjukin customer service tanggepin mulu hamdehh,1,0,2025-01-02 13:10:03,5.3
a4b32e95-3263-4e48-bfce-94d0df024d21,the story sucks never play again until skip feature added,1,0,2025-01-02 12:58:31,5.3
feec09d1-236f-435b-8acf-d37a7e46d955,game pelit kikir,1,0,2025-01-02 12:02:16,5.3
2145857a-fab2-4908-bd0f-8c3b3cbc349a,nih game minus nggak pakai controller sisa aman dah pakai controller kasih bintang,3,0,2025-01-02 10:22:33,5.3
717c4689-8d39-45f2-9c76-8fd91a1243c7,jenuh ken uninstall arte kudu hoki muludpt arte sesuai hp deff melulu spiraltheaterboss mkn sulit lawan emg ganti banner kali cmn up karakter sulit karakter sdngkan karakter up maksimal tolong arte hoki gachaan,2,0,2025-01-02 10:01:29,5.3
aa8eb5f2-3161-4bec-9a57-5964ead5e70f,susah dapetin artifact bagus gacha karakter busuk,2,0,2025-01-02 09:52:15,5.3
f59c2bc5-0955-422c-ad3e-334b0b1312af,loading nya lamaa banget game burik jelek,1,0,2025-01-02 09:42:44,5.3
74cd2fb5-eca6-47cf-b3ae-2534d6ed5968,character dub en milik suara,1,0,2025-01-02 08:12:46,5.3
b25403dc-7158-4025-a1f2-5670027b38cb,capitano matidan playablepadahal orang menunggh character playablesekarang playablenya capitano orang menguninstall genshin impactsaya kecewamasukan dengar,2,1,2025-01-02 08:12:02,5.3
ca469a78-0b24-4ff3-92fe-4eddccff2168,gacha ampas smua,2,0,2025-01-02 06:08:06,5.3
c02fce74-92a2-40e0-be9b-10d6c858da2f,storie banyak yapping bikin ngantuk mending main wuwa cik,3,0,2025-01-02 05:52:48,5.3
ceb72677-1950-45e7-b967-3dd88ec79cc6,capitano mati,1,0,2025-01-02 05:51:47,5.3
3858cd93-b47a-44eb-bfa4-f5c1f58f58b1,kikir impact gilir main niat main welkin hard pity truss temen nge pull mavuika dapet nya gampang signature citlali sign emang dasar kikir najia suruh kerja rodi mlu mending pensi dlu dah pindah game belah byee absolute cema,1,0,2025-01-02 04:18:48,5.3
ef8e6207-98ab-429e-a5aa-73f2370e4e7a,pelit karakter cowo,1,0,2025-01-02 02:29:00,5.3
6ee14425-f6a4-4488-bc41-69ca95fc6fdd,sucks,2,0,2025-01-02 01:57:10,5.3
14933a48-1376-4300-a36a-151c2c74dc23,game bagus pas update eror pakai wifi download,1,0,2025-01-02 01:54:56,5.3
687c4e37-e1f4-421b-8634-3904e82c0367,game pelit,1,0,2025-01-02 01:41:27,5.3
ffe7c6ef-6364-412f-951c-85780b46ea3e,game banyak loading benci cehhh --,1,0,2025-01-02 00:57:10,5.3
46d086a0-58b6-411f-82e0-fffd30ee1af0,game kikir,1,0,2025-01-02 00:24:04,5.3
59dbe23f-fefb-451e-97ae-feffa08df2b7,update ukur download variasi gb gb download full data,1,0,2025-01-02 00:02:08,5.3
8c637f98-ecbd-4b48-bde9-14dd4d2b2ccc,banyakin karakter cowoooo plssss cuci mataaa iya karakter cewe gunung karakter cowo seuprit shiballl seikyaaaaa,1,0,2025-01-01 23:57:31,5.3
1d89b51d-f558-448d-8ea4-b0b4b535f7b1,game kikir sistem gacha nya kikir,1,0,2025-01-01 23:54:11,5.3
792d927a-5a8f-4a3d-b5d6-8184b013b7dd,update kali download data nya gb temen gb,1,0,2025-01-01 22:41:03,5.3
c72fdba9-6b10-4fce-8762-c7ba31ba4a85,game pelit update anjing gacha anak haram mahal,1,0,2025-01-01 22:28:02,5.3
7a5986ae-130c-4c9c-9920-b21ed76cca8e,charnya yapping mlu bikin ngantuk,3,0,2025-01-01 22:25:15,5.3
a7be68fc-55e0-481b-830e-d486c64b132e,why did you kill my capitano,1,0,2025-01-01 21:59:43,5.3
4ee957e9-69b5-47de-882d-0b4d3614da57,pra-unduh gbpas masuk update an mbmasuk game update versi baru game rusak kali dibutuhin update woyyy moga anak turun admin derita umur hidup,1,1,2025-01-01 21:08:46,5.3
33309f54-eb1b-41fa-8932-38b8e55605c8,player milik pc doang bangke pakai hp bentar dc bentar dc,1,0,2025-01-01 21:08:17,5.3
fc509a26-48e8-49bd-8ec7-0433bd88c50a,benci spiral mohon timbang monster lantai,1,3,2025-01-01 21:05:30,5.3
c6502257-66d6-4365-a1d8-e172ea9db522,apdetan kali kejut,1,1,2025-01-01 20:40:20,5.3
50ea962f-d991-448f-9233-c88c8b7dc786,change email kek pindah negara susah hadeh,1,0,2025-01-01 20:38:42,5.3
d05628cd-bda2-47c1-ae8c-c0ae0af157a2,never win  banner event is suck,1,0,2025-01-01 20:35:23,5.3
d3ed9cad-e421-4394-b877-7c8a667e90f9,game konyol rate banner ngotak kalah rate off hard pity,1,0,2025-01-01 20:05:48,5.3
75ab1b03-4d49-41a1-bad5-065b865ffc29,kecewa devs natlan karakter cewe baju aneh ai main cari husbu timbang quit capitano mokad,1,0,2025-01-01 19:32:50,5.3
bf0fa6c5-bd5f-45fb-a885-e6b100a921d5,canda habis download gb ngulang gb emang updatenya ngulang kali kaya gin males bug gin,1,5,2025-01-01 19:19:13,5.3
a815f35f-77c4-44ff-b256-5fcabe7577e9,capitano will live,1,0,2025-01-01 18:38:18,5.3
57760ec8-bb61-47b2-a56e-fa9f75cbb2ae,tombol skip game kikir,1,0,2025-01-01 18:14:37,5.3
4061e297-23e3-4068-a5c0-4b35d33fa6bf,character sayang mokad ,1,0,2025-01-01 17:45:05,5.3
8a072505-79b3-412a-b031-4ca65374d7d8,donwload nya banget gb ,2,0,2025-01-01 17:42:10,5.3
dfa4ccd9-9dc7-4317-9b67-ddfbd961cb47,genshin impact android gamepade,1,0,2025-01-01 17:24:42,5.3
73f20164-ddc6-47fc-965f-d83f971c87a0,kikir impek dh kikir donlot data kali error pas ekstraksi data gagal ramah bintang,1,0,2025-01-01 17:22:15,5.3
23d0bd09-a299-4f7e-9130-eea6b16ce428,oi hoyo akun gua hilang update hah,1,0,2025-01-01 16:41:08,5.3
26e302e5-4c81-4738-b0c6-c616ae2413dc,orng klau mode ritme niat dkit taeee,1,0,2025-01-01 16:38:25,5.3
60acc80b-9a91-4e5b-95b5-2670268d27c1,jelek game pelit dah gua uang nya,1,0,2025-01-01 16:29:23,5.3
8dff5524-2f6d-4a06-b5ca-dd9c35a5a7c3,sebenernya genshin killergenshin killeryg bvnvh ni game ya kembang game nya sendiribeberapa fitur kekgame padcustom huddi lock jual usaha device tentu main nih game pakai device gahar sekalipunkalo usaha kembang device nya kagak beli sistem nih game kikirgk supportgk kek game sebelahbaru jalan patch fitur dah bejibundah kembang kek game kikir nihyg dah jalan,1,0,2025-01-01 16:08:31,5.3
1fc39105-7ce5-4ed5-8e39-a767ef9e79a3,dialog skip,1,0,2025-01-01 15:48:39,5.3
77a7d06f-7d39-448c-8c01-601241dc8c81,main bilang kecewa keluh masuk orang abai natlan region epik bobrok tambah karakter citlali bagus waifubait for incels huh karakter laki  dikit jomplang karakter perempuan oh ya tolong adil travaler pilih kasih player pergi,1,0,2025-01-01 15:42:24,5.3
9af18312-b3b7-4f2d-ba0c-4ca2d7435f22,karakter baju senonoh karakter natlan karakter cowo dikit region dgn konsep interaksi karakter,1,0,2025-01-01 14:53:40,5.3
b78c2492-d6b5-48aa-aabb-006600e674b1,ni game complain gabakal dengerin wkwk,1,0,2025-01-01 14:30:21,5.3
06626011-8b0d-4211-b4df-9ed2121db3a8,game nya bagus banget sih data game lumayan berat pas main kadang patah patah gacha pelit banget,3,0,2025-01-01 14:24:19,5.3
384274cb-eff7-4502-b2d8-0adcfb090ec1,maaf kecewa capitano mati hate mavuika terima kasih natlan re so boring and puqimay,1,0,2025-01-01 14:07:23,5.3
85b24257-6cfa-4d79-b9f9-e8517d6f15c6,kontom,1,0,2025-01-01 14:01:36,5.3
eabffd04-0d0e-4d2c-8cea-b409751c7f1c,download pra download gb eh suruh download gb sih tolong baik rugi habis paket data,2,0,2025-01-01 13:44:46,5.3
300d0a91-2ae2-4068-9589-55ae27f5fddb,archon motor heran ayo developer jan melulu karaktet mulu fikirin karakter jadul buff biar kepake spyral karakter jadul waifunya asa minimal traveler jan in npc,2,1,2025-01-01 13:42:16,5.3
4782dde3-708e-4c0e-a901-34d2804e6535,pelit material sulitgada system reset lvl weapon layak,1,1,2025-01-01 13:01:20,5.3
40df0ac0-356f-45f1-a214-fd1bea746073,develover tamak char phase dengar tabibito free to play,1,0,2025-01-01 12:54:18,5.3
498a3855-9a5d-4198-b83c-3cf79c399d5d,oi bikin game tuh loadingnya veve update kasih update loginnya lagi ngabisin jam jam login,1,0,2025-01-01 12:53:22,5.3
f629560c-35ec-4cc9-8f33-cbc092f69c21,habisin duit doank game top up char putus henti main game bosan harap palsu,2,0,2025-01-01 12:21:46,5.3
4f7adda5-fab4-4a41-b18f-6f861de839c2,login muncul text minta coba ganti sandi tetep kesel,3,0,2025-01-01 12:02:27,5.3
edb37dd8-6bb7-44c3-86f8-13b1ccb54fbd,download ngulang pas update baru versi,1,0,2025-01-01 11:59:20,5.3
ae638520-f6ee-42eb-9b30-cc95d8e1bfe4,gapernah menang rate off kasih soft pity sisa hard pity pity atas kikir,1,0,2025-01-01 11:45:36,5.3
6b505da8-f9e2-4f8f-9591-9359f83d18b2,build character susah ampun farm artefak resin batas tahun kali dapet set bagus game emang cuman milik uang sih op gacha karakter mahal hadiah even primo dikit banget banding gacha dapet senjata karakter playable otot kaya day thunder sakit mata liat karakter kurus sistem gacha senjata gila sih nggak pakai poin takdir ngapa pantes sih game kikir,2,1,2025-01-01 11:43:18,5.3
6a7e4f6d-dbbf-4c39-96cc-5acc7c540090,gdpt mavuika krg ajr,1,0,2025-01-01 11:21:26,5.3
e37c4852-7e1b-440b-baca-9a428f4ac620,gapernah soft pity sengsara,2,0,2025-01-01 11:14:16,5.3
4c337c48-6a31-48db-832d-3d48248b2d7e,adain fitur skip plisss,1,0,2025-01-01 11:01:52,5.3
59bcbd18-11f5-4129-a6e9-73cf7f22985b,kasih boss ngotak susah full star genshin enak genshin,1,17,2025-01-01 11:00:19,5.3
e323a934-47e5-42d5-a9ed-d0687834741d,bug loading screen gabisa masuk unduh data ulang sih tolong resah gb,1,0,2025-01-01 10:54:32,5.3
aec892ba-82ba-4e07-87f2-5f4b212289fd,mavuika pulang hasil klh rate offhard pity sign nya klh rate off jingan game asu,1,0,2025-01-01 10:45:09,5.3
be66c90f-c68a-419e-8ab0-1e770cfaeab4,genshin nya guontol,2,0,2025-01-01 10:43:30,5.3
855baee7-4055-4447-b376-a8697e81db8a,thank you,1,0,2025-01-01 10:27:35,5.3
8e723790-44a3-41e6-8fdc-e36f322e2934,game bagus cerita keren,1,0,2025-01-01 10:13:47,5.3
46beff22-8a8d-4a83-a510-ac4f54caddee,loading pas shadernya lelet,1,0,2025-01-01 09:46:42,5.3
1797456e-055e-4497-ac28-68d2c6a70bab,butuh bansos,1,0,2025-01-01 09:22:29,5.3
2c65c531-02de-494a-9a7a-c2edd346a589,bagus,1,0,2025-01-01 09:19:20,5.3
852ddca4-34e5-41ce-8fea-cf2e5f9fe861,download data in game gb tungguin malem ampe pagi eh tau update update gb kocak kocak,1,0,2025-01-01 08:56:04,5.3
041d612d-efb3-40a4-a1af-d13075de2ae7,bagus kikir sekian terima kasih,3,0,2025-01-01 08:19:29,5.3
fbd0508d-3e79-486c-a23a-59dadda24784,pelit nih game susah banget gacha cakap jg trlalu tele bkin jenuh skip cakap,1,0,2025-01-01 08:14:47,5.3
02053c57-77dc-4be1-87ce-3dcd4bebc192,pra unduh update versi donlod mohon baik kuota,1,0,2025-01-01 08:11:24,5.3
e9a725cb-1a5f-4f51-9a39-a0513d447bcc,bagus lag server nya mode co op kadang stabil download eror bug hillichurl dalem batu skip npc nya jam dengerin npc gaada guna akun efek bloom silau hp gera npc batas jarak player biar bikin drop fps pas dialog ngulang banget segi senjata bintang sulit mula char buffer,2,13,2025-01-01 07:32:26,5.3
fef66397-63d4-4ce3-bb6f-13e779057f63,why the feedback can  help the problem that we told about like bug or something,1,0,2025-01-01 07:07:39,5.3
22674497-ff2f-4d18-a062-090ff10e45aa,ok quest sulit masuk akal naik rank adventure karakter,1,1,2025-01-01 06:56:54,5.3
98201150-3ece-4a55-88a7-8f029a05b921,tolong kasih fitur mic sekian terima kasih,3,0,2025-01-01 06:39:31,5.3
04135407-2590-469e-9e2f-b3b64fe2b5ef,dear genshin impact we ask you nicely to increase the rate of chance to get characters artifacts and drop items,3,0,2025-01-01 06:07:27,5.3
7da4a7e9-8e59-4e25-b555-7cbaf4961380,please game bagus noda ama storytelling buruk ekspektasi ku ama game slash hit adventure denger npc yapping menit scene combatnya dikit banget pas story,3,0,2025-01-01 06:00:01,5.3
cbc82cf2-c32f-4340-9544-c91151ebe4c0,eum segi game sih bagus bagi gacha gacha karakter tuh lumayan susah banget oleh primogemnya susah fp,3,0,2025-01-01 05:54:12,5.3
609f5459-1070-449b-8674-9b7d0ca360c5,tolong support gamepad android,1,0,2025-01-01 05:49:04,5.3
dcde5459-58ac-4c20-b204-040323024d98,parah gacha dapet,1,0,2025-01-01 05:30:21,5.3
956119a3-8a35-4fea-a119-655abec013b5,kecewa kurang tambah fitur,1,0,2025-01-01 05:26:39,5.3
f7424b34-6651-4ffd-b347-9f2bacc8f12d,cacat by developer,1,0,2025-01-01 04:04:56,5.3
