ReviewID,Content,Score,ThumbsUpCount,at,AppVersion
869d8e47-1649-4823-a630-dd9dea341421,Good,5,0,2025-02-10 22:52:05,5.3
a885d7e9-e655-4583-9686-488fe34938ad,Moga menang rate off,5,0,2025-02-10 22:21:59,5.3
59910aae-3174-4ab6-8b9f-eb7d6ded0ffb,Udah ganti aja Jagan jadi game petualangan jadi game cerita aja kebanyakan bacotan gak bisa di skip,1,1,2025-02-10 22:05:06,5.3
5800da6b-abcb-48f6-8a63-6564c452d03b,"Menurutku sih bagus² aja game ini, game petualang yang menantang dan menyenangkan",5,0,2025-02-10 20:54:30,5.3
63ca4e9b-0282-4e85-8f66-618a28c42628,Terlalu besar,4,0,2025-02-10 19:13:14,5.3
8cc8b53a-1be8-4071-8bf9-c9ca47bdfe7f,good,5,0,2025-02-10 18:47:56,5.3
c2c126c1-b22c-4cf5-854a-d3148abcd9c4,Saya benci game ini karna kalah rate off di banner weapon dan karakter di pacth yang sama,1,2,2025-02-10 18:14:05,5.3
f37248a9-4043-4711-b143-e8ecb44204ce,jelek,1,1,2025-02-10 17:50:14,5.3
679cadaa-6195-4ed7-a4ec-3ecf2325a388,Game kikir,2,0,2025-02-10 17:40:43,5.3
5cde3567-3ff9-4660-8e29-dcf424b36dae,"game kikir capek gw kalah rate off terus terusan, udah kalah rate off hard pity pula",1,1,2025-02-10 17:36:10,5.3
9f8f9c4b-b680-4839-91e1-4803f91f9f8d,I like this game because i love this tall man,5,0,2025-02-10 17:23:49,5.3
75dbbdf7-9674-4fc1-bc2a-5e0cf8954844,Boleh banget dikasih fitur skip kali yaaa,5,0,2025-02-10 16:58:44,5.3
782c5b4b-497d-47bc-bfa1-62dbb33fbd00,Good,5,0,2025-02-10 15:31:04,5.3
da22297b-78b1-4efe-b50f-9fc356a08505,Lumayan,5,0,2025-02-10 14:28:58,5.3
b269c0ad-ccb6-4cf2-a584-a8cfdaa918e3,lama bgt😇,5,0,2025-02-10 14:20:33,5.3
eccceffd-c03c-436a-a53e-ff5fbbd6db24,"Tidak ada tombol skip story, sangat memakan waktu. Padahal mau main cepat",1,0,2025-02-10 14:18:24,5.3
c4cb2deb-069a-4fb7-9b6c-ca2db4618e5c,"Menurutku game ini sangat bagus untuk dimainkan, plot cerita nya menarik dan aku juga belajar semakin tinggi rank semakin tinggi level dunia. Secara keseluruhan semuanya bagus, semoga ke depannya ada event menarik lainnya dan ku mohon jika ada endingnya nanti biarkan kedua saudara itu bahagia 🥹",5,0,2025-02-10 13:41:02,5.3
7c723e20-544c-416f-a373-d169e9f98413,Kurangi woy dialong sampah,1,0,2025-02-10 13:12:47,5.3
90472101-0467-4f1b-80f2-b9c49dfb148f,"server benerin dulu bang, jaringan sekenceng rossi maen ghensin malah ngedrop",1,1,2025-02-10 12:35:03,5.3
ca342893-8db0-48ca-94fc-0f8471c583ff,Game 4no,1,0,2025-02-10 12:10:38,5.3
36d3cdd4-ec51-4b8f-b4e2-d785e0a9f50f,game kikir udah pity 90 ga dapet char b5 yang di banner,5,4,2025-02-10 10:55:42,5.3
ed4c971c-aaaa-4c98-9ed9-22584e5662f4,"Game yang sangat indah dan menghibur. aku sudah memainkannya sejak lama, sangat recomended bagi orang awam yang ingin bermain game santai.",5,0,2025-02-10 10:24:43,5.3
995b1f9a-61f0-4abc-9840-3431b446ae57,QOL Bad,1,0,2025-02-10 10:23:47,5.3
d78d921e-5cf7-42fa-b5b4-31b6c1c2c3bc,Sangat lah tidak menarik mb nya terlalu besar,1,0,2025-02-10 10:07:29,5.3
f4322bfe-89c1-41bc-b213-106be71f6c5c,"Sekedar saran buat f2p, segera tinggalkan game ini... Dan buat yang baru mau main biar gak nyesel download size segede gaban",3,0,2025-02-10 09:20:25,5.3
dc959d14-e40a-4ca3-a323-2a5d677908e3,Bagus... Ngasih bintang 4 karena gacha ny ampas,4,0,2025-02-10 09:08:43,5.3
0ee30de6-22a0-4d7e-93f2-a328d0f41f2d,Cari material susah sekali malah habis gak muncul lagi badmood,1,0,2025-02-10 07:59:47,5.3
14afa658-c368-4b5e-ba11-8900b678f9cd,"Please hoyoverse, make it easy to find artifacts with substats and stats that always contain critical rate and critical damage.lest the genshin game be considered the most miserly game ever, because it always bothers its players in every way.",1,0,2025-02-10 07:47:49,5.3
69f1da98-3ada-474c-b97a-15e47389f4de,Butuh fitur skip percakapan,3,0,2025-02-10 07:13:57,5.3
722a5ebd-3101-42a3-bbe3-24705247ab81,Bagus batt,5,0,2025-02-10 06:39:24,5.3
b5a348e0-8d54-485f-bcd6-f1526f87363f,Memang grafik yg ada kalah nya,5,0,2025-02-10 06:17:10,5.3
40f02684-7ad0-4424-9533-0affa63546f4,Gak ada voice lines karakter di dub english,3,0,2025-02-10 03:03:38,5.3
8b037655-20c6-44dc-bbff-15e7d3783143,"Bagus sih, tapi pelit banget di sistem gacha, dasar kikir!",3,0,2025-02-10 01:30:16,5.3
7b90636c-7163-465a-a032-35628e6c4cd4,Buset dah datanya 33gb jirlah,5,0,2025-02-09 22:55:46,5.3
913d07a3-e034-4682-ab0f-b854e12ede47,Cek dulu,5,0,2025-02-09 22:33:33,5.3
0c9581f4-f4ad-4f34-af26-b47743acc870,jelek,1,0,2025-02-09 22:09:37,5.3
50295959-bba0-4698-8204-c7f29d185a5b,Gamenya sangat bagus,5,0,2025-02-09 22:09:31,5.3
91aa6a88-a44e-48a8-9807-89a867d32374,"Dev Co op seharusnya Bisa Di Buka untuk Event Terbatas Seperti misi Atau quest Eventnya... Masalahnya Co op Egak Bisa Kecuali Harus Selesai Quest Dunia Dan Mana Pula quest nya masih Banyak.. Dan Egak Tau Yang Mana? Quest yang harus di selesaikan biar bisa buka Co-op, Kasihan playernya. Co op nya Ke kunci Egak bisa selesaikan event Terbatas Seharusnya Khusus Event Terbatas Bisa Kebuka Co opnya Karna Egak Sengaja Ke kunci Quest Dunia. Sekian Terimakasih Dan Semangat Untuk Dev Dan Tim..🙏🙏🙏",4,0,2025-02-09 21:51:28,5.3
62141b4f-5b16-4ef8-917e-4472df77d0a6,👍,5,0,2025-02-09 21:12:56,5.3
5cdd645a-dc2c-4979-a485-994a04edf035,Semoga bisa cepet kebeli HP baru buat main genshin amin 🙏😇,5,0,2025-02-09 20:44:05,5.3
05e53030-b7d3-4313-b44e-0529f40dcd43,"Please add skip story, I play Genshin just to enjoy puzzles and beatles :-)",5,0,2025-02-09 20:27:38,5.3
4afc3a5e-e760-4a50-89af-bf3dc39def80,Bagus lancar bet di rog 9,5,0,2025-02-09 20:19:05,5.3
9ed3b1dd-fe11-4a55-96a8-fe8bee2acec4,the game is very good and easy. with lots of quests to do but the downside is that the resin that you have is really not enough and it's not easy because you have to wait quite a long time so to the developers from Ghensin Impck please fix it so that all young players can look for items,5,0,2025-02-09 20:13:34,5.3
50163d8e-7c09-4bfd-b995-0150a0abd822,Kebanyakan yapping,1,1,2025-02-09 20:09:48,5.3
e94bb3f5-b129-498f-a00f-f69c659e9bc1,"Tolong bisa cut scene dialog, gua mau main game bukan nontonin cutscene yg gak abis2, kalo nonton mending gua nonton film",1,0,2025-02-09 19:55:03,5.3
d499ef66-6d36-41d1-9b22-d7148ba3200c,"Cocok banget buat yang suka koleksi,Lore,asset karakter,dan grafik game. Buat Kalian banget sih. Apalagi pengangguran",5,0,2025-02-09 19:51:36,5.3
700085e4-607b-444f-ab3c-1820b2af6f6b,Mayan lah,4,0,2025-02-09 19:50:02,5.3
891d5821-3e1b-4ef7-a76c-093fdef91d59,"I have so much expectation for the natlan archon quest, but comparing to what we got at Fontaine and Sumeru, this is like a downgrade. The ""Lore bomb"" are fewer, and too much yapping that does not matter to the story",3,0,2025-02-09 19:35:32,5.3
e085c203-adea-43c7-9bc7-4047931426df,Gamenya bagus eksplorasinya seru,5,0,2025-02-09 19:30:52,5.3
b5c82917-cfa3-4a6b-8c4e-fd34420daa8a,"Jujur bgt ini seru, seru bgt lah.. kaya ni game bagus bgt, wajib kalian mainin si tp agak sering dapat bug gitu si di aku gatau kenapa.. ya walaupun dapat bug gitu tetap bagus dan tetap aku mainin juga, lagian rata rata game lainnya juga agak atau sering dapat bug gitu kan. wajib main!! 🤭",5,0,2025-02-09 19:23:27,5.3
d5c5194b-0c9d-4193-b7c9-ceded261ae76,"Cukup lah rate off nya, sudah 70 kali gacha cuma dapat B4, apaan ini hoyoverse",1,4,2025-02-09 18:22:44,5.3
92a50684-29f1-42d6-bf01-3ffadb421792,Seru,5,0,2025-02-09 18:16:30,5.3
6225335d-264c-4480-b377-0ff39602d5c6,"Saya kasih bintang satu makin lama makin gak jelas ini game gak ada fitur skip story, ngebosenin dan story nya terlalu kepanjangan banyak banget berbicara tolong hoyo kalo buat story jgn kebanyakan panjang cerita ngantuk jadinya",1,0,2025-02-09 18:09:16,5.3
c43620b6-cd14-46ee-8109-c712dd41de4e,Tulung kalo mau login jangan sampai hapus data dan foto atau loginya jangan lama banget,5,0,2025-02-09 17:36:27,5.3
5abe25b2-1113-4f41-90a8-eb3e24d2e8f5,"Tambahkan TOMBOL SKIP dalam dialog,satu dialog habis paling lama dari banyak quest 20-35 menit dan aksinya hanya 3-6 menit ini sangatlah bagus untuk membuat player BOSAN.🤗",1,2,2025-02-09 17:04:24,5.3
a41512e4-3f3f-4728-94bb-d362f870ab07,bang tolonglah aku penggen signature arlecchino tapi malah dapet yang lain 😭😭😭😭😭😭😭😐 nyimittt,1,0,2025-02-09 16:51:17,5.3
cd8d7a70-13d4-42bb-bc73-cd0ef63e470c,Sangat bagus,5,0,2025-02-09 16:22:09,5.3
7d70ba0b-8e69-4978-b6bb-5b67628a5ff2,Wuih tolong buat suara versi Indonesia,5,0,2025-02-09 16:14:53,5.3
58e2130e-59cf-4bcc-8901-e9915f2a928e,Bagus banget gamenya tapi agak masih banyak bugnya,4,0,2025-02-09 16:06:43,5.3
f18b1fc3-9b4d-466a-8af7-9d7322769354,"ini game keren sih, plot nya juga bagus bagus dan karakter nya cakep semua coy :D, terus map nya juga luas dan keren keren semua",5,1,2025-02-09 15:29:51,5.3
9a6ac34e-c7a2-4246-b3fa-df119d724f87,Gemya serubanget,5,0,2025-02-09 14:49:36,5.3
015f5f1c-27d8-44fa-9702-4a8704d9523d,min tolong adain fitur maen offline dong kan player nya sudah pada download masa harus online maennya.,5,0,2025-02-09 14:07:13,5.3
2c3da7e1-0d03-490e-a4da-6bf285d098ea,Tidak ada tombol skip,1,0,2025-02-09 14:00:17,5.3
1f996b0f-24ea-4e0e-85c6-7b5485c60f42,"Please, let me got Arlecchino's weapon",5,1,2025-02-09 13:46:29,5.3
0532e187-517d-43c6-91b2-afa4be178002,seru,5,0,2025-02-09 13:39:16,5.3
cf34d8d3-ea1a-4af8-8eb7-62b2218f2a18,Please add skip button story talk etc. makes me sleepy playing this game. Gameplay 10% talk too much 90%.,2,0,2025-02-09 13:22:58,5.3
856faced-d133-4f86-a31f-40b1d6e83e9a,"Aku lihat dari gameplay orang lain enak enak, yaa kayak biasa aja, tapi pas Antri lamanya jiabang bayikk ˙˚ʚ(´◡`)ɞ˚˙",3,0,2025-02-09 11:25:39,5.3
2a05074a-5469-4c2c-a1a6-b469019991bb,Bagus jir,5,0,2025-02-09 10:58:16,5.3
91235a05-a57c-4fe9-854f-f5b952bf2e0d,Sangat bagus,5,0,2025-02-09 10:55:59,5.3
863314f2-99a7-4e63-bf67-c44325f6ca10,"Saya tidak bisa masuk ""terlalu banyak permintaan""",1,0,2025-02-09 10:48:43,5.3
241fd49c-8c5d-4ebb-85ff-514329796da1,Pokok nya ini game bagus apalagi d mainin d pc,5,0,2025-02-09 10:48:11,5.3
bb49113a-cd6a-423c-af31-16a83561da70,Tolong ditambah fitur skip di story agar bisa mempercepat proses bermain,4,0,2025-02-09 10:39:55,5.3
c3612c2f-5ad7-4d55-8436-93f7cd066cf8,Good,5,0,2025-02-09 10:39:24,5.3
065fd777-c040-4fb5-8244-790708de8d57,"Awal nya aku pgn aj gtu main,tapi loading ny lama bgt",2,0,2025-02-09 10:34:24,5.3
09ef2ef4-321c-48dd-a6b5-4998b26ce9e2,"Terimakasih Mihoyo atas game yang ramah, akan tetapi saya mengharap kan bansos sedikit lebih agar pemain lebih enjoy thanks buat mihoyo",5,0,2025-02-09 08:27:49,5.3
766d0acd-9944-4cad-9eb8-e675e06718ec,"Sebenarnya bagi saya grafik nya bagus aja tapi ada beberapar quest yang menurut ku itu mimpi buruk karena panjang banget terutama quest aranara itu gila hoyo 😭😭😭,sama kurangin percakapan yang gak perlu karena aku disini pengen main bukan mendengar teks curhat dan berbicara lama +panjang banget 🗿👍.",4,0,2025-02-09 08:27:33,5.3
922d60f2-bf23-4fff-9f01-61a6f026a035,Nice,5,0,2025-02-09 08:00:56,5.3
4985d2f3-9111-46c0-8126-80efeb0349e8,Gonlok data besar bet,1,0,2025-02-09 05:53:35,5.3
166080d4-a1c8-4e3b-9ab8-cc0e0918d36e,"game sudah bagus, hadiah Primogem masih kurang banyak!",5,0,2025-02-09 04:36:53,5.3
b24001a7-1a89-44de-8305-bd7bb120c164,Cape beli item top up game . giliran gacha susah..dasar kikir impact,1,0,2025-02-09 03:12:20,5.3
a537101a-ffde-439e-be5a-c177d4a36fe3,Yapping impact Beri kami tombol skip,4,1,2025-02-09 01:22:00,5.3
46c4dd3a-066a-46ad-bfc4-991b6a3aff60,"Game explore dan fight,.. Berubah jadi game bacot membacot",1,0,2025-02-09 01:16:56,5.3
226cf8d3-349f-4106-8400-c26e6370951a,Mayan lah Minusnya cuma makan gb banyak bgt,4,0,2025-02-09 01:14:21,5.3
8fe508e6-0051-46eb-8586-a65113a0d6fd,It's suck,2,0,2025-02-08 23:50:47,5.3
c1a263cc-da33-4d1e-91e3-cc571b90dbfe,"Story bagus, tapi soal bansos pelit banget, Primo udah susah dikumpulin, dikit banget lagi, dapatin character nya juga dipersulit, kalo sial banget bisa tembus pity 80+ masih untung kalo menang rate of, tapi lain cerita kalo itu rate on atau kalah rate of terus pity diatas 80, sangat mengesalkan, Minimal rewardnya juga setimpal sama yang dispend. Udah paling bener tuh FTC Amerika tuntut lu karena mempersulit orang buat dapetin character yang dipengen!",1,38,2025-02-08 23:46:37,5.3
7c97b544-e6ec-41b9-945d-4ff2cc0c3b57,Gamee open world yang sangat menarik!! Aku menyukai nya,5,0,2025-02-08 23:40:28,5.3
f604fcce-da71-4d02-bb9f-6472b90ad141,Aneh kok gak bisa login trus tulisannya terlalu banyak permintaan padahal cuma coba 2x,2,1,2025-02-08 23:24:38,5.3
39c3ce3f-48c1-4890-bf4d-7ab099455c4b,"Game baik, apalagi sangat sering saya dapet di hard pity terus ga pernah soft pity selalu pity merah, gereget bgt saya kapan gitu hokinya bingung saya hhhh, begitu juga gameplay nya yang menegangkan, storynya yang bagus sekali dan characternya yang imut imut dan lucu.",1,12,2025-02-08 23:13:54,5.3
05159518-7cb2-4bea-a317-076b250b27b5,"perjuangan ram 4. Tiap ram habis apknya crash sendiri. but still not giving up. Quest kebanyakan dialog lah malesin, primo nya dikit.",4,1,2025-02-08 22:36:23,5.3
3740ebd4-bfb2-4eb8-adc1-35b4cea1a94c,"ayolah genshin tolong agar genshin impact hp bisa support gamepad, susah maen game Rpg pake controller layar sentuh",5,0,2025-02-08 22:08:38,5.3
5903c656-1819-4c92-a1b2-5d5429a7b1c9,i love it!!,5,0,2025-02-08 22:02:48,5.3
ac5bdc09-68f1-4e0b-ae34-bc011dca704d,"Game haram udh arte susah,ditinggal 6bulan kondisi akun ga kait email jd ""akun terancam keamanan"" Pdhl ga ngapa²in loh, ga pernah pinjem²in akunnya jg. Baru comeback lgsg dibikin kecewa",1,0,2025-02-08 21:58:10,5.3
cc507694-a39a-4a83-a62b-50093d2522dd,Keren,5,0,2025-02-08 21:50:27,5.3
9611cfad-1c37-47cb-ad4c-5bb9f366b6a4,Tolonglah adakan fitur fokus story. Biar nyaman waktu kelarin quest tidak terhalang oleh NPC yang sedang ada di quest yang lain,1,0,2025-02-08 21:40:30,5.3
b9d0a7e0-52c6-49c6-b74d-276173a7a3e8,Kagak ada tombol skip banyak yapping,1,0,2025-02-08 21:34:00,5.3
450c7b13-c46d-4fdf-9aa5-7c7a4de16ca4,"Alur ceritanya sekarang sangat tidak menarik dan tidak layak diikuti, ditambah dengan banyaknya percakapan yang terasa tidak penting dan hanya membuang waktu. Selain itu, tidak ada inovasi baru yang mampu menarik minat pemain. Sistem gacha, baik untuk permohonan karakter maupun artefak j memiliki rate yang sangat ampas. Tapi kembali lagi dialur cerita yang semakin tidak menarik diikuti makanya tolong untuk bagian story kedepannya tolong dievaluasi lagi🙏",1,0,2025-02-08 21:31:30,5.3
e3a251be-14d0-4e6c-9661-c9fbcf231ed7,kurang fitur skip story jadi yang suka game play kaya aku gitu bisa lebih nyaman main.,1,0,2025-02-08 20:56:58,5.3
fd9a6e78-dfed-4bb1-85d5-447d400a4e12,Bagus,5,0,2025-02-08 20:14:19,5.3
68428b11-516b-4e18-a05e-8330742c0f22,Genshin impact punya 4 server coba buat skip story biar pas main awal server lain gak lama nunggu story berjalan nya,5,3,2025-02-08 19:10:57,5.3
60ed46c0-8947-4bc4-875d-3896c303fccd,"Sistem gacha di game ini sangatlah buruk baik untuk mendapatkan karakter b5 yg diinginkan dan artefak yg bagus, sangat2 buruk sekali lebih game gacha lainnya dan dialog digame ini tak bisa diskip walaupun dialognya ga berguna sama sekali.",1,0,2025-02-08 18:54:38,5.3
01a6e543-6681-4b7e-848a-66fcf490d38b,Tolong di update selanjutnya untuk android ditambahkan fitur controller nya dong soal nya kadang kadang di android layar nya tidak tersentuh.,5,1,2025-02-08 18:53:01,5.3
e90b7bc5-77ba-44e4-be55-470dd670b9fa,Best game,5,0,2025-02-08 18:52:59,5.3
0aec47b1-ab98-44c0-b9ed-dafe6d3f997b,Senang,5,0,2025-02-08 18:33:33,5.3
96896075-a222-4f88-aa86-4653b5ea01ca,Keren,3,0,2025-02-08 18:14:53,5.3
0f2758a5-7a64-4ca7-bbc6-4afd2c3ad531,TAMBAHKAN FITUR SKIP DIALOG,1,0,2025-02-08 18:12:54,5.3
b2f423d2-3a08-4f82-8978-8996d2020c14,🥳,5,0,2025-02-08 17:33:53,5.3
3a9ca33d-455a-48e2-8ea5-d82260804277,TAMBAHKAN FITUR SKIP DIALOG,1,1,2025-02-08 16:48:05,5.3
e48a8738-179b-4056-90df-6b40e45a879e,"Pengen nyanyi Tonton ""#KuSangatSuka"" dah itu aja gabut mff oot Game nya bagus seru saya suka jadi sukses terus yaa Kayaknya itu aja yang bisa saya sampaikan Terimaksih Jangan lupa tonton ""#KuSangatSuka"" see you all",5,0,2025-02-08 16:09:37,5.3
b132d2e3-3479-47c2-b903-5000d4eca538,"Tolong buat trobosan baru, bosan juga lama-lama Explorer sendiri bicara sama NPC jawabannya itu saja tidak ada perubahan. Kalau bisa kita bisa berinteraksi dengan pemain lain di luar konteks party hanya ada 4 orang saja. Kalau bisa ada dunia yang semua pemain genshin bisa bertemu semua .bisa explore bareng gitu... Bukan hanya terbatas dengan 4 orang... Sungguh membosankan",3,1,2025-02-08 15:56:24,5.3
edee5ba1-f1d2-4e3a-aba1-edb25f5e7708,aku suka nahida,5,0,2025-02-08 15:48:40,5.3
6edc5953-50f1-4422-9aa0-c1644c0aa2fb,I LOVE THIS GAME,5,0,2025-02-08 15:42:09,5.3
a36d1dd1-744e-4b8b-9575-f5503ad94fc5,"Ih Jelek Sekarang Genshin Masa Voice Eng nya Ilang Ilang ga kaya dulu, Kalau Sag Aftra di Amerika Belum Hilang ya cari Voice Actor Baru, Kalau bisa ganti ke Indonesia Voice soalnya Indonesia ga ada yang kaya gituan kayak strike voice Actor gitu",1,0,2025-02-08 15:21:00,5.3
e0cb8ca3-62ca-42f1-951e-660a0995a044,Masih menunggu update akan saya ulas kembali nanti,3,24,2025-02-08 15:07:10,5.3
84e8a67a-4d51-4e52-9ed5-bf99917cf789,Kasih aku menang rate off lah hoyo,5,0,2025-02-08 14:51:58,5.3
e182a9fd-a0c7-4c92-9f02-683f2b39c4a9,"Jodohin gw sama wanderer plsss, soal ny wanderer gantenk 🤭",5,0,2025-02-08 14:29:31,5.3
bce08e2b-751a-4b87-b13c-e2acc2c21b4f,game baik banyak bansos saya menang 50/50 terus,5,0,2025-02-08 13:42:19,5.3
f5376c47-e2db-4006-9410-6903d939cf62,"Okeh sih, cumen bisa ga ad fitur skip dialog, kadang kelamaan dialog nya, pas terkeluar malah ngulang lagi :)))",4,0,2025-02-08 13:39:12,5.3
7decd780-792a-43d2-98ef-70bd53760a1a,Game nya bagus cuman ada sedikit bug,5,0,2025-02-08 12:58:35,5.3
0616a188-2164-475f-995b-d73f81e2028d,GAME GACHA GAJELAS,1,0,2025-02-08 12:57:17,5.3
c6ee1f84-1cfc-44ce-9e8b-73ecbac3bced,Keren,5,0,2025-02-08 12:15:06,5.3
fac80956-cb70-4439-9bd7-2bc057c45675,Kebanyakan Dialog Dan Ga bisa di skip Dialognya. Ngebuang buang waktu,1,0,2025-02-08 12:01:49,5.3
e4ffa14b-9d90-4d1b-910a-3a79ea4e62d1,Seru sih game nya,5,0,2025-02-08 10:30:23,5.3
3b05571f-df4a-46de-b121-a1e0c006fbad,Gamenya sih bagus tapi berat jugaya namanya game rpg tapi lumayanya,5,0,2025-02-08 09:50:16,5.3
bd35e303-87ab-40e7-9b4f-0f5dda41c2bb,Lumayan,3,0,2025-02-08 09:24:43,5.3
a8bca89a-c6b8-43dc-ab61-97a0d9acd3e6,Mantap,5,0,2025-02-08 08:41:56,5.3
1737ae94-9658-448b-89b3-364bec61a107,Intinya saya suka,5,0,2025-02-08 08:39:21,5.3
c3d9baba-24c4-438f-8792-90f9c26de8ef,game nyaa sangat bagus untuk dimainkan,5,0,2025-02-08 07:50:11,5.3
404c054d-8ad7-4b5c-ac82-381a6dcb3d30,Mana fitur Skip dari jaman Baheula kagak ada. Yappingnya membosankan. Kecewa Beratt,1,2,2025-02-08 06:37:30,5.3
171e25f4-4553-434f-8b23-7a3d92f800f0,Petualangannya 👍👍👍👍👍,5,0,2025-02-08 06:33:12,5.3
34ac06d9-7f5c-40b8-9a88-d6e85cbaa5f7,Game kikir,3,0,2025-02-08 05:33:40,5.3
85987d8a-c06a-471d-9dce-e4bccb109f0a,Kebanyakan yapping,1,0,2025-02-08 01:05:49,5.3
144ce60d-35d5-405e-a905-d81945d2fb48,Game gk jelas setiap gacha wp gk dapet mulu,1,2,2025-02-08 00:35:55,5.3
599a598c-2769-4fa8-824b-3516b1fa583e,Gacorr,5,0,2025-02-08 00:25:58,5.3
0adcf5ca-bde8-4da1-8cb4-070f3203f323,"Please, tambahin reward dari story quest, story quest sangat habisin waktu lama dan reward cuma 60 primo + beberapa exp book.",3,0,2025-02-07 23:19:25,5.3
cbf41ef5-3387-460d-bc47-bd49675ac853,Terima kasih karena telah menciptakan karakter yang bernama furina,5,0,2025-02-07 21:32:56,5.3
e1999e02-bb05-41a0-9d40-adc5ff231940,"sistem banner/gacha character masih susah drop character,minimal 60 pity dapet char nya lh ngent",1,1,2025-02-07 21:21:13,5.3
40e35b92-c08a-4175-86cc-8f64b979f120,Game nya sangat bagus kecuali gacha nya karena sangat sulit dapat karakter dan senjata B5,5,1,2025-02-07 21:14:35,5.3
a72c3922-a774-4c87-a4b3-55a4c8115b2e,game jelek,1,0,2025-02-07 21:10:23,5.3
4a0b85aa-f633-47c6-a90a-24ab7864bf9e,malas kali makin kesini primogems yang dikasih tambah dikit banget. uninstall aja lah,1,4,2025-02-07 20:45:23,5.3
56db8728-7e4c-47a2-869f-a3f2059939bf,Bagus tapi kasi furina lah😁,5,0,2025-02-07 20:18:16,5.3
76f8e7ca-e4ca-44aa-9dff-9bf20fd4ed06,NAJIS GAME BANYAK BACOT,1,0,2025-02-07 20:11:11,5.3
90421fbc-926b-45ea-a77b-0890e748e364,Good,5,0,2025-02-07 19:58:24,5.3
5e4caf79-44ac-4ac2-b47c-eb691cf40d4d,Game unik,5,0,2025-02-07 19:35:56,5.3
9e709ac1-fcf5-4103-a101-741cc9ed17d4,Game kikir gcha hard pity trozzz 80,1,1,2025-02-07 19:27:14,5.3
84d1a158-28c7-4f35-8cba-ae3a30f6d38c,Mantap,5,0,2025-02-07 19:19:25,5.3
40ab7651-1944-40ef-a88c-638915b1506e,Game nya ini sayang nya loading nya lama kalo ga lama pasti aku kasih bntg 5 tolong yg di perbaiki jd gak nyaman main nya,4,0,2025-02-07 18:55:15,5.3
b1265afe-7408-4c5e-baa6-a0a4933ac413,I like it SOO MUCH ada banyak sekali karakter yang.....ya...itu..dan aku juga senang mendapatkan karakter kachina❤❤🧡🧡💛💛,5,0,2025-02-07 18:43:02,5.3
b3f11c68-17a0-47f2-a609-593eab4067c6,Yapping impact,1,0,2025-02-07 18:33:40,5.3
87400e82-2fee-4995-be64-0cf695758382,Sangat bagus,5,0,2025-02-07 17:57:50,5.3
0d63c9c2-2766-4b81-88ba-3eea30a7c87a,Bagus,5,0,2025-02-07 16:19:06,5.3
1c3fe688-d6e6-48a5-aa24-707e72a59f7c,Tolong tambah kan fitur gamepad di android,5,57,2025-02-07 15:14:40,5.3
514f48c9-0a8f-4406-a14b-25ce8083d355,Bagusss banget,5,0,2025-02-07 14:46:01,5.3
ce9d56f8-127a-48de-9f02-2c0041495dc8,Genshin game bosok 🥲,3,0,2025-02-07 14:26:40,5.3
09eadceb-d556-4fa4-8225-dc92508d4194,Permudah gacha nya donggg,1,1,2025-02-07 13:25:59,5.3
78bd5ab8-4f0d-40f6-8e5a-1cd5f7d6020e,Sangat bagus,5,0,2025-02-07 12:57:50,5.3
3cd7ec83-1a3e-45fa-acb4-71faa3817030,Keren,5,0,2025-02-07 12:05:59,5.3
f875be1d-6fb3-4486-b950-1cccaefee186,tambahin tombol skip dialog plz,5,0,2025-02-07 11:31:08,5.3
6f5b035e-a046-457a-a352-daeecc045034,Kalo gw soft pity gw kasih bintang 5,1,1,2025-02-07 11:02:27,5.3
cdbf804e-936b-4c9b-b453-ea6f1db0aaf7,Bagus trimakasih,5,0,2025-02-07 10:57:12,5.3
243476fe-8dc0-4c2a-9c3c-4a9817493205,Makasih Mihoyo Udah Ngasih Arle Dan Sign Nya 🥰,5,0,2025-02-07 10:23:09,5.3
488b2edf-7e8e-49ec-9e47-44fcd60c0bd1,Woi developer pas gacha jangan pelit napa dapetin b5 ya susah cok pantesan saja game ini kikir hadiah ya cuman dikit doang,3,0,2025-02-07 10:00:40,5.3
4f89b60c-1431-4ea2-9a9d-3b66f38c3446,"Game yg sangat bagus, art nya cantik,game nya seru",5,0,2025-02-07 08:21:31,5.3
62ab0871-85ac-4fc0-970a-c87014db936f,Game nya sangat menarik cuma tolong tambahkan bebrapa karakter npc di perkotaan agar terlihat lebih hidup,5,0,2025-02-07 08:15:50,5.3
6eeac6ca-beb6-4ed1-b653-04f228d455f4,Bagus,5,0,2025-02-07 07:19:45,5.3
95d29fed-5494-4e76-8061-5449501c8289,GG keren bet ni game,5,0,2025-02-07 07:18:51,5.3
cc2ec891-82a2-42b3-977d-59c6e47005f6,"Tambahkan fitur skip dialog dan story, tambahkan fitur reposisi tombol skill dll, tambahkan fitur tombol terpisah untuk memanjat dinding bangunan karena sangat bermasalah ketika bertarung di dekat pohon atau dinding dan tebing, dan tambahkan fitur quickswap agar membuka gameplay yang kompleks.",1,62,2025-02-07 07:01:32,5.3
5c47cf51-065d-4894-8ad2-7b4dc9c45ea8,Game sangat menarik + grafik bagus dan cerita nya menarik,5,0,2025-02-07 06:35:49,5.3
9b306ea8-6616-46ea-8731-b7dc7879ad0a,"Kenapa ya genshin saya jembatannya hitam saat login, saat di in game malah hitam semua ga kelihatan apa apa, ga tau ini bug atau apa plisss kasih tau cara benerin nya dong Zian lho )lewat akun tiktok",3,0,2025-02-07 06:17:36,5.3
56daa894-4b96-4573-a4cd-30e0a1083ac5,Game bagus aihihihi,5,0,2025-02-07 05:13:15,5.3
0b8efca5-25fc-4c43-984d-03bb88f5c712,udh kebanyakan yepping ga bisa diskip lagi ppk,2,0,2025-02-07 02:29:28,5.3
a8ec30f6-c6cc-42b4-92c0-024eed7bfba1,"Sudah lama gak main game ini , kangen sih kangen. Tapi kecewe karna outfit Raiden Shogun sampai sekarang ternyata belum ada.",3,0,2025-02-07 01:22:51,5.3
4264361d-4475-4786-a4e1-f72266db466c,Cukup lumayan grafik buat a55 langsung lancar gamenya,5,1,2025-02-07 00:01:40,5.3
6ff8632c-fbf1-4ee1-a342-40321c75eb49,nice game I love it,5,0,2025-02-06 23:22:54,5.3
8f611a4b-ad23-4ab7-8560-77244e3739c5,please fix stuttering on snapdragon 845 or 8xx series and add controller setting on android,5,0,2025-02-06 23:09:26,5.3
1f52dcf8-f4c6-4645-9f96-57623d279b5f,Akun w ilang. Trus lu berharap w mulai dri 0???,1,0,2025-02-06 22:59:15,5.3
ddcf2ba5-379f-475f-a4ff-e894605527ae,"The loading screen is so damn long, It is very difficult to play on a smartphone, if you accidentally exit the application, you have to wait again for the damn long loading screen, it's very hard to get 5 star characters limited to f2p players, exploration rewards are little, event period is too long,please shorten the chat during a quest, or provide a SKIP feature so that players don't get bored while doing a quest, and one more thing... WHY ARE THERE SO LITTLE MALE CHARACTERS????",1,1,2025-02-06 22:56:00,5.3
9b330ebc-9673-4409-b9e7-960b9846d7d7,Bagus,5,0,2025-02-06 22:47:18,5.3
d42ad3a7-e34b-4a63-b2a7-856c57484061,game nya seru min☺️,5,0,2025-02-06 22:13:35,5.3
f361dfdd-ce30-4424-b248-035a7778926c,I'm uninstall this game because they don't fix the english voice over for a long time. They don't care anymore about the player.,1,0,2025-02-06 21:47:37,5.3
0f39ce73-8650-4bb8-96df-9aed9c9bf136,Seru!!,5,0,2025-02-06 21:29:04,5.3
479e8355-c6c4-4f6f-ba01-15cf564f0c27,Can hoyoverse give me noelle c6 please,5,0,2025-02-06 20:30:10,5.3
f760a125-8388-47a2-b69f-f0692309971a,"Game nya udah kikir, apalagi baru download loding nya lama sama harus download aset penting yang bikin lama 👎",1,0,2025-02-06 20:18:25,5.3
a66e74c4-707f-4c2f-b345-1349d2ea0158,Seru dan grafik nya hd itu aja makasih 😅😅😅,5,0,2025-02-06 20:13:00,5.3
d5a568b9-d1ff-474a-bca8-d8c42ebf8df3,"dialog lama gaada tombol skip, 30 menit lebih trs aja ngomong... haduh boring sumpah, mana cuma dapet 60 primo satu spin aja engga, pelit.",2,0,2025-02-06 19:55:27,5.3
3d02aded-cdda-4d8a-972a-7e59fd33b2ee,"Game nya bagus dan juga seru banget,tapi kalo bisa tolong tambahin vitur nikah min pengen nikahin hu Tao soal nya 🥰",5,0,2025-02-06 19:54:53,5.3
7e847bb1-a4ec-4179-9734-384a0e3c5586,"Gamenya seru, ga ngebosenin",5,0,2025-02-06 19:37:15,5.3
5d34dce7-6ee3-47e7-97ee-d74f1d4ce920,"Kenapa Ya Kdng Klo Mau Login Ad Bacaan ""Terlalu Banyak Permintaan, Coba Beberapa Saat Lagi""",5,0,2025-02-06 19:12:11,5.3
c4f8b8bc-370d-4896-9a52-ebd5053e402b,"This is a good game, but for now I have to delete it because my phone can't handle it. I will play this game again when I have a computer later",4,0,2025-02-06 19:05:11,5.3
c57ba5cb-a257-4765-a28b-1ccdf71786d3,Alamak Bagusnya😹,5,0,2025-02-06 18:59:49,5.3
225817fe-26f8-4498-aec2-6f0f0faca37a,Game yang sangat menarik Bagi saya yang suka anime Grafik nya juga Bagus😋👍🏻,5,1,2025-02-06 18:56:09,5.3
ee66c213-2d3b-4833-9d9d-9b93932e3d7d,"aku suka bangett ini game, apalagi kalo grafik nya tinggi",5,0,2025-02-06 18:35:51,5.3
6484c6a9-9796-4420-be63-9957bd724712,"Game ini Bagus Mantap dah pokok nya, Ya gimana yak, Soal nya karakter nya gegeh semua + game nya asik aja tuh, makasih untuk developer karena memberi pritogem di awal game, yang cukup untuk menge spin karakter baru!!!!!",5,0,2025-02-06 18:30:06,5.3
a0f7bb81-0111-496a-9cb2-8a3bcda1086c,Game kikir artefak,1,0,2025-02-06 18:21:49,5.3
020b09b3-a368-4175-a7f3-7cdf4c8fa7ca,"Mihoyo tambahin fitur skip dialog dong bosen banget cuma liatin orang ngomong, kalau quest archon gak masalah lah karna dari segi cerita juga seru, tapi yang untuk world quest itu jujur bosenin banget tolong lah banyak game bisa skip dialog kayak wuwa,dll",3,3,2025-02-06 18:18:47,5.3
d37897a9-ff43-4e92-a0d1-a1d432f57a30,"Untuk hoyoverse, saya berharap untuk menurunkan data aplikasi genshin impact agar hp dan ram hp saya tidak cepat penuh dan panas🙏",2,1,2025-02-06 18:05:56,5.3
15e82ca7-ce72-4244-899e-9f1d5dcafc62,well uhm.. aku udah main game ini 3 tahun tapi rewardnya boleh di perbesar ga?,4,0,2025-02-06 17:48:37,5.3
36bd0149-889b-42b2-ac54-0a9c914deb32,Siapa yang download game ini cuman buat tes performa hp baru kalian? Hayooo ngakuuu... 🗿,4,0,2025-02-06 16:15:55,5.3
d17f2621-f68e-4909-a2bd-a3451fb2009c,Game buruk banget kesel bener dah download lama update data 1 giga Menuhin memori game jelek bener,1,0,2025-02-06 16:03:24,5.3
769469dd-5ac3-4b18-a7ef-1c8a36d38e02,"gada tombol skipnya, questnya banyak omong bener bener annoying",1,2,2025-02-06 15:55:14,5.3
c4399143-161f-4932-a21f-c38f7c322d1e,game baik,5,0,2025-02-06 15:40:53,5.3
30a69bab-0e8e-4d70-8a01-4e87cc25cc4e,Game nya bagus bagat 10x lebih bagus dari pada roblox game paling bodoh,5,0,2025-02-06 15:37:18,5.3
cd8234f8-c400-4cbc-a0e7-6caf2c5635f3,Sepanjang ini kasih bintang satu. Beneran bener bener game pelit banget,1,0,2025-02-06 14:21:01,5.3
3fe21b8f-2c2a-427d-8cb4-095e95ed09e5,"Kepada Miyoho yg terhormat tolong sesekali kasih saya hoki di banner gacha, gak yg muluk muluk di banner karakter limited aja udh gakpp, pengen sesekali ngerain kek org org juga yg bisa menang double B5 pas gacha dan dua duanya itu char b5 yg di inginkan biar bisa skalian nambah consnya, tau aj kan kalo player F2P tuh gimna kalo nabung primo butuh waktu lama cok!!!!! Gak bisa menang double gkpp lh asal bisa menang di low pity jd bisa ditabung lg! SEMOGA KRITIK DAN SARAN SAYA BISA DI DENGAR!",1,2,2025-02-06 14:07:52,5.3
7146d9ad-62e7-46e4-b08e-e9353b588ae9,Kenapa sih akun gua sering banget keluar terus... Giliran mau masuk login lagi susah banget masuknya pdhl akun sma pwnya bner semua. Game aneh bngt sering keluar akunnya disuruh main ulang melulu,1,1,2025-02-06 14:04:52,5.3
ef9528d3-d2a9-4506-8e64-86d50f30c80d,"game ga guna, gacha nya ampas mulu",1,0,2025-02-06 13:58:41,5.3
4e187212-6762-47c5-b0c2-2a5a324fbab2,Bgst nggak pernah hoki,1,0,2025-02-06 13:30:43,5.3
562ae8fc-3b4a-48a4-a89c-1e594f6b679a,Tolong lebih optimal kan lagi grafik tinggi supaya peforma yang di keluarkan berlebihan karena itu dapat menyebabkan device panas terutama tingkat medium dan pengaturan fps nya,2,0,2025-02-06 13:21:16,5.3
6da89269-2ed1-44c6-b647-10f1a7a5db4a,👍,5,0,2025-02-06 12:40:31,5.3
ea496df1-59f3-40c0-bc23-15fee5c23be9,Bagus,5,0,2025-02-06 11:17:06,5.3
1e567d4f-033e-4a16-b290-f91d02681653,Game tolol percuma survey gk ad tombol skip menghabiskan waktu dev dongo,1,0,2025-02-06 11:07:26,5.3
a8207e37-143e-4f00-b3da-beaca2413466,"Terimakasih karena sudah membuat game genshin impact, karena selain seru game ini juga sudah sangat playable",5,1,2025-02-06 11:03:01,5.3
74ce348b-6bea-4766-a365-4aa7260f751b,Sangat Bagus mantap,5,0,2025-02-06 09:38:06,5.3
36e04efb-8907-452a-ab6f-b9433062b83a,"Download data lama sekali,sampai 3 hari",3,0,2025-02-06 09:35:20,5.3
088a86e0-937c-4e2d-baaf-cf52fadba377,Game nya mantap 👍,5,0,2025-02-06 09:20:28,5.3
edfd65c3-9187-4135-acbd-1ca63d5e7aea,Mantap,4,0,2025-02-06 09:14:16,5.3
72157e45-6657-406c-adbf-9ea4871268fe,game bagus pity kaya oelr,1,0,2025-02-06 08:58:39,5.3
884159a9-fd21-42ab-933a-119e3b07de0e,Inazuma Inazuma !!!!!! Aku datangggggg,4,0,2025-02-06 08:09:46,5.3
e3170b1b-e347-4c92-aa49-5e38c56a5479,"game kikir udh kalah rate off masih di kasih hard pity pula, udah bansos dikit di cicil mending game sebelah",1,0,2025-02-06 06:51:19,5.3
4f272795-d838-4802-9453-19acb1e36ce3,Servernya parah,1,0,2025-02-06 06:29:21,5.3
08c426cb-d9af-427a-93e6-7178d468990f,i love Wanderer,5,0,2025-02-06 06:25:00,5.3
d35f2604-7a45-419a-82a0-c46aa93bfa89,"Kok gamenya makin kesini makin kayak film drakor,, bosen kalau cumo omong2 doang tanpa ada menu skip",1,0,2025-02-06 04:44:17,5.3
0c36aefa-e334-4f57-80fd-d76c15bc180b,"Game Of Talk, so many dialogue.",2,0,2025-02-06 03:29:43,5.3
e1c35360-a96a-4767-a017-385dd200cfb9,"tolong tambahkan tempat berkumpul seperti cheerpark di pubg mobile playernya bisa nongkrong on mic, dan juga mohon tambahkan tempat beradu dengan player lain.",4,0,2025-02-06 01:09:27,5.3
5ee80e42-7c1f-427c-ba2d-392d39eff183,"Game nya bagus dari segi quest nya tidak membosankan, map pun luas jadi tidak merasa bosan. Jadi gak sabar quest arch Snezhnaya.",5,0,2025-02-05 23:53:43,5.3
4c7ccc87-1d45-4a7e-9f69-a762b81cc2a8,Harus download 30962 mb itu abis berapa gb ya,1,0,2025-02-05 23:00:14,5.3
75b84473-e815-46db-957b-344bfc836c48,Ngirim kode verifikasi sering telat,1,0,2025-02-05 22:18:33,5.3
0e5dc994-de8e-44ca-a394-660e89c2055a,Gamenya sangat seru dan menghibur,5,0,2025-02-05 21:52:39,5.3
6acae358-9217-4bdc-8d78-adac177deb75,"Bisa banget ngehancurin ekspektasi gw, kikir²",1,0,2025-02-05 21:41:56,5.3
fb859081-d65b-4bf8-8092-3ce92191bff7,😴,5,0,2025-02-05 21:27:31,5.3
c8343918-0bbf-4556-9088-f59c7584d6ab,"Yahh menurutku game ini bagus bgt iya bgt dari segi cerita karakter udah oke kok menurutku. Tapiiiiii pls hoyo jangan alergi karakter cowok dari sekian banyaknya karakter, karakter cowo yang paling dikit, setiap region baru pasti karakter cowok yg muncul cuma 1 atau ga 2 pls lah perbanyakin karakter cowok biar duit player cewe juga kekuras hehe :) udah sih gitu aja.",4,1,2025-02-05 20:43:41,5.3
5de1d4e0-9506-499e-9fe7-fb4d541a6103,Ini kenapa saat mau login genshin keluar terus ya dari apk nya? Padahal saya baru download. Tolong di perbaiki 🙏,2,0,2025-02-05 20:13:32,5.3
383e77ce-a2cf-4928-9330-8ce50399bbcb,Nice,5,0,2025-02-05 20:01:27,5.3
05dd8627-359b-426c-9f19-b9d3e62a36ae,Game perasaan hihihi....,5,0,2025-02-05 19:53:38,5.3
ea704d9f-3cf7-43de-8dff-37a8a0f2d705,"A few months ago I played it, then after entering the Fontaine quest I was sad why Archon Hydro was killed by the developer... She's really beautiful, you know .... 💔😔so, I hope the developers bring her back or replace her with Furina the next archon is equal beautiful ... 😊 Menyedihkan untuk saya develop 🥹😔",1,5,2025-02-05 19:34:38,5.3
06b9dc3f-e59d-4e04-8a59-5da4c295a627,Nice,4,0,2025-02-05 19:31:52,5.3
50a31092-042e-44cc-9363-853739ec0df1,keluar paksa sendiri mulu dri game pdhl HP g ada lag sama sekali sinyal juga bagus,1,0,2025-02-05 18:49:20,5.3
694798d7-da45-40b1-b8c9-d6b9ea0fb961,"Singkat,padat, GENSHIN KIKIR.",1,0,2025-02-05 18:33:30,5.3
c9500c30-b261-4e0f-916e-bcc38681b2cd,Tolong tambahin fitur main sambil download data jangang dan download data nya lama,1,0,2025-02-05 18:11:24,5.3
ff97db55-9f07-4cd6-9b67-95bb2d0ce77d,kikir,1,0,2025-02-05 17:53:46,5.3
262fa16b-85f4-4188-be1a-fce25512365e,Game paling keren,5,0,2025-02-05 17:45:06,5.3
e4963974-f89a-4d77-96b6-821b3a7d6157,Seru,5,0,2025-02-05 17:42:41,5.3
5a537fb5-993f-43c4-ad67-045e96f0758a,"Sangat bagussssss, so good",5,0,2025-02-05 17:41:39,5.3
d9460f9a-f25c-4a09-b937-c610a9f345b5,mantap dan seru,5,0,2025-02-05 17:16:42,5.3
13cc1a64-6fcc-4d59-9354-9e9dce66a727,Download nya lama banget,3,0,2025-02-05 17:12:34,5.3
7845b87e-9f95-4cf6-9873-3337426f8bf5,Mantap,4,0,2025-02-05 15:30:38,5.3
77dd93c0-08ec-4407-a04b-6d89448487ae,"Arte sampah mulu pas di up Trus pas gacha selalu ampas, game pay to win sat",1,0,2025-02-05 15:30:35,5.3
859e79b4-6cb2-4f7e-872a-8dd51647871d,Mantap,5,0,2025-02-05 15:01:24,5.3
5019b264-191b-4fd3-b37a-7cb94f70059f,TOLONG pembuat game ini kurangi updatenya terlalu lama dan menyebalkan sekali tolong para wibu ingin main game ini tapi sangat berat berjam jam saya tungguin tapi ga kelar kelar mohon di baca oleh hoyoverse tolong update nyah dan semoga game ini bisa apdetan yang keren,5,0,2025-02-05 14:48:37,5.3
1330621c-b4d9-44bd-875a-c852aa258fdd,Bagus + sangat sangat worth it untuk meledakan hp,5,1,2025-02-05 14:38:15,5.3
0c106307-0a3d-47e5-8be3-f9a758182c1c,gak ada skip dialog,1,0,2025-02-05 14:31:22,5.3
245ddbfa-bd61-4719-9ccb-3f2841e2eead,Game Buriqq 144p,5,1,2025-02-05 13:49:13,5.3
f6f4a150-e4fe-488f-adb4-6c3a60e72a67,"maaf untuk bintang 4, keluhan saya masalah quest yang bgitu panjang dan hadiah yang terlalu sedikit, kalau quest nya panjang, minimal hadiah nya besar!!! Dan tolong adakan fitur skip saat berbincang waktu story, sampai ngantuk saya nunggu mereka berbicara ga jelas!!!! Tolong di adakan fitur skip dialog cerita nya!!!",3,488,2025-02-05 13:44:45,5.3
c48184fe-e5b0-48dd-91c8-ba7c19ca546f,keren dan bagus banget,5,0,2025-02-05 13:32:22,5.3
964cb820-9484-4eb3-a3c3-775ab96b064f,Gamenya jelek storynya makin ampas gamplay makin absurp big L for this game,1,0,2025-02-05 13:14:02,5.3
9a235ada-57b1-47ee-b249-ad1fd7b7df21,Susah nak main,1,0,2025-02-05 12:33:17,5.3
e2460508-49f8-4fff-83a2-d2dd38cf4f88,"stop ngasih dehya, kasihh arlechino guaa",1,0,2025-02-05 12:05:58,5.3
d13215ce-478d-4c49-bed9-174070477627,"hoyo, tolong perhatikan player cewe. Sesusah itu ya menambahkan karakter cowo yang playable. Sejujurnya aku suka banget sama story nya tapi makin lama kok malah kayak game buat player cowo yang suka harem. Kalo sekali lagi kau hanya mengeluarkan karakter cewe, aku tebak game ini akan makin flop dan ampas banget",1,1,2025-02-05 07:18:49,5.3
6d976d00-b590-4730-9297-790e0b021d16,"dari semua game hoyo yang ane mainin kenapa kalah rate-off semua terus, mihoyo ada masalah apa sama ane",1,166,2025-02-05 06:09:16,5.3
ceeb9a3a-03f1-4fb1-ae5e-844eb1b4e218,"I really like this game because of the many characters, the music, most importantly the story is so perfect, happy, sad, confused, whatever it is I really appreciate you guys for making this very good game i'll wait for the latest archon quest",5,0,2025-02-05 04:48:03,5.3
5ee62836-e1ab-4ae2-86b5-3d2495f77ee9,Bagus banget apalagi kalau gacha moment of truth,5,0,2025-02-05 00:12:48,5.3
dfb520d1-92cd-4221-a42d-400bfacfbbe9,"gacor arle ku pulang,walaupun hard pity kek teling",5,0,2025-02-04 23:30:54,5.3
bf386d2f-5402-4946-9e3c-2e9f5d81bd3f,Ngotak dikit lah wei gue spin dari zaman zhongli liris sampe sekarang nggak pernah dapet yang di baner rate of terus anjir udah kecewa dari sekian banyak baner nggak pernah dapet malah dapet karakter standar udah gue uninstall aja,1,0,2025-02-04 23:06:42,5.3
68b2e800-aa4b-4547-b7ef-7e44c7403a77,"Menurut aku grafik, map sama desain grafis karakter nya udh bagus, cuma untuk game open world kayak genshin ada banyak yang perlu diperbaiki terutama di sisi cerita dan penyampaiannya. Gue bukan kaum skip story tapi bukan juga penggila lore, gue cuma ngikutin story apa adanya dan menurut gue beberapa story di genshin kebanyakan yapping, dialog yang nggak berguna, muter-muter, kosong, dan buang-buang waktu. Admin, tolong kembalikan story genshin impact yang dulu yang ""on to the point"" 🙏🙏🙏",3,2,2025-02-04 22:24:06,5.3
c6ce584e-0be2-4ccd-ae16-6e99de99729a,"Tambahkan fitur gamepad buat user android, itu aja terimakasih",5,0,2025-02-04 22:21:42,5.3
8ed10078-7d36-4209-a8f1-32e116eacdbd,Game nya seru sekali,5,0,2025-02-04 21:12:07,5.3
36009273-8848-4ea6-ac85-3c0b8f7da1ed,HP saya mau meledak min,4,0,2025-02-04 20:26:07,5.3
ad80697d-5db0-4eae-a586-c3f2e7e0ff03,"Story telling kelas kakap, optimalin lah tombol skip nya biar hanya petunjuk saja yg tdk bisa di skip",3,0,2025-02-04 20:01:52,5.3
60363a8c-df93-4f30-af36-9107ac89e5e7,Banyak nonton scene daripada main game,1,0,2025-02-04 19:55:24,5.3
63800ddd-efca-41dd-b74e-8f1ff98747a5,It's just........ Great,5,0,2025-02-04 19:35:22,5.3
52483c0c-8912-4f7c-9ffe-aa9a63ef600f,Sistem pergachaan didomain artefak tolong dipermudah karena sangat susah sekali mencari stat/substat artefak yang bagus membuat pemain bosan dan banyak yang putus asa. Belum lagi susahnya mencari resin.,3,35,2025-02-04 19:28:54,5.3
607bbef0-7d9f-49c7-b78e-6b94a1261a12,Bagus,5,0,2025-02-04 19:23:29,5.3
678d7cc8-72ba-4625-8445-ec2227dde4c5,"tolong lebih dipercepat antrian artefak scambox, karena versi game sudah di penghujung end game sehingga akan mengurangi stres ataupun bosan",5,0,2025-02-04 18:23:58,5.3
e2e73ebf-5ec2-4806-985b-97a72901ac26,"why in the game I'm a little bad for the audio? even though I've tried various ways to fix it but it didn't work, I hope muihoyo can improve my problems",1,0,2025-02-04 18:16:10,5.3
32a6a09c-9cf7-4971-977f-a3c055b96ffc,Kerenn,5,0,2025-02-04 17:47:10,5.3
a33a3969-d897-4f05-9d05-3e264eb7a344,"Sistem gacha nya ampas,dan bagi memori hp nya dikit jangan coba coba main game ini",1,0,2025-02-04 16:06:28,5.3
61d1f260-322d-4c41-a029-ff801f79576d,"Game kerenn,",5,0,2025-02-04 15:35:22,5.3
0f8268dd-f7a2-4b60-9f3f-68c546fa9db8,hoyok kasih akun ini hoki nanti aku gip alok,5,0,2025-02-04 15:03:58,5.3
2d27bd17-afc2-4891-9ba7-5e4ce1acb4f0,Mantep,4,0,2025-02-04 14:57:13,5.3
273c88ef-fee7-4702-a371-90d0b421892f,"World building bagus musik nya bikin tenang,mines kebanyakan dialog plus gak ada fitur skip,30menit dengerin ocehan yang bener bener kurang berguna,untuk fight dan eksplor cmn butuh waktu paling bnyak 10 mnt Intinya mah tambahin fitur skip",3,9,2025-02-04 14:45:32,5.3
afc74020-7fe2-4a94-a630-dff11a4ab142,skip dialog plz,4,0,2025-02-04 14:18:40,5.3
281aee64-b528-4bff-8767-6595983bdd6d,"Music bagus, Lore dan ceritanya bagus, dunianya bagus.... Apalagi skrg ada event lantern rite paling ditunggu-tunggu, udah gak kikir juga. Mantap hoyo😹🤚",5,0,2025-02-04 14:17:12,5.3
e00df3dd-9317-4344-8b08-727a3e87090c,Bagus,5,0,2025-02-04 13:37:41,5.3
89db85d6-31a6-4fca-87a2-dbf41bc49fb0,The best game,5,0,2025-02-04 12:20:50,5.3
3bd6d4ff-ffcb-4710-a408-23bdf301af72,Bagus banget walaupun ya download datanya lama bangett di hp saya mungkin di hp kalian tidak tapi ini game emang bagus banyak sih yang mainin dan emang bagus udah ah males ngetik bye,5,0,2025-02-04 11:34:44,5.3
8cf7d1a0-736a-46d4-969b-29d683042f14,Game ramah buat pengangguran Story npc ngalahin story utamanya makin lama makin bosen,3,0,2025-02-04 09:37:59,5.3
4a2ea0aa-546e-469a-b79d-758f8eb07102,"Setelah 4 Tahun main genshin saya putuskan untuk pensi krna : 1. Explorasi sulit & ngebosanin, Harus gacha karakter spesifik utk mempermudah explorasi. 2. Hadiah puzzle tdk sesuai, berjam2 selesaikan puzzle hadiahnya cuman 5 primo, itu pun smbil liat tutorial youtube. 3. Kebanyakan yapping yg gk penting, Utk selesaikan 1 quest aja perlu makan waktu sampai 2 jam. 4. INI YG PALING BUAT SAYA KESAL !! ,Mc tidk berkembang, Sudah 6 region Mc bukannya makin kuat malah makin lemah, padahal ini game RPG.",1,3,2025-02-04 09:34:47,5.3
e955a26a-e45a-4102-8948-04b1ab361bc1,Bad game,1,0,2025-02-04 08:55:51,5.3
b8d18eb9-1dbe-420d-ba4f-cdf735d6e0c4,jelek kayaknya,1,0,2025-02-04 08:38:07,5.3
dd101f0d-c226-47ee-94ba-ce0de1b27b5a,bagus sih cuman reward nya kecil agak sayang di itu nya aja sih semoga developer game mendengarkan saya,5,0,2025-02-04 04:29:54,5.3
20938b88-0703-4bb7-a38a-8d5dd27582a9,seharusnya devloper bisa ambil apa yang harus ditambahkan kedalam progres pengembangan. seperti fitur nyeleneh tapi buat speedrun bisa dipake seperti skip dialog. terus didalam domain bisa craft material tanpa harus pergi ke kota. dan bila perlu tambahkan juga sistem yang mana. ketika resin sudah penuh tetep ke tampung buat cadangan sewaktu kita engga bisa login untuk jangka waktu yang lama karena kesibukan dunia. ini bukan hanya menambah minat player baru tapi bagi player lama sangat membantu.,4,25,2025-02-04 03:07:35,5.3
e913441c-0bcb-4606-b7b5-210e37a9126d,terbaik lah,5,0,2025-02-04 02:53:28,5.3
c4919a03-29a2-4956-ad62-5b69a9cbdefd,"Gacha System is a Scam , 160 pull and i only got One Lanyan, they Spamming me with Chevreuse 10x and Rosaria 5X",1,2,2025-02-04 02:33:19,5.3
b3049c71-6612-4403-bfba-7126d65753ef,"please add more male characters, i'm tired of female characters whose costumes are getting sexier",1,1,2025-02-04 01:54:58,5.3
3b5098b1-aa13-47c8-9b3b-10e32934952f,"Game popular yg memaksa player upgrade device, device kentang gabakal bisa main. Mau enak dan nyaman main?, beli device yg punya chipset mumpuni.",5,0,2025-02-04 01:32:00,5.3
b5cafeb5-d1f4-4fab-b3af-04327c78bb46,Terlalu banyak hard pity dan stroy menurutku semakin buat bosan,1,1,2025-02-04 01:04:20,5.3
a48799e8-b54c-43d1-aa74-6207ff2dbe52,Tolong supaya di perbaiki gacha system nya,4,0,2025-02-04 00:56:09,5.3
32965d0c-d37d-44bd-91c7-1a3080518867,"balik main kata nya udh jadi game baik, ttp aja KIKIR lu mihoyo",1,1,2025-02-04 00:21:18,5.3
0262238a-8246-4120-9e01-cf37668a9f1d,"Momen paling najis adalah ketika lu dapet bansos tapi dicicil trus udah gitu pas gacha dapet gold di hard pity dan pas udah dapet gold ternyata dapetnya malah b5 standar,cape cape gw nguli eksplor map sampe 100% tapi pas gacha dapetnya b5 standar,hadiah quest dikit tapi dialog seabad,kek apaan ekspektasi indah gw ke game ini ilang,dah terserah lu aja dev cape gw maennya.",2,1,2025-02-04 00:20:12,5.3
1f66bc3a-5553-44fc-9a95-c79c03db190b,Nice,5,0,2025-02-03 23:51:50,5.3
615f3ff9-e9ad-44cf-85bc-8c18e801a9c3,game yang sangat bagus untuk dimaikan.. bintang 100 untuk Genshin Impact,5,0,2025-02-03 23:35:33,5.3
16bb013b-bb05-43b7-a611-0c95c7ac9e7d,Game nya bagusss,5,0,2025-02-03 23:11:38,5.3
248a6260-1dbb-40f5-a857-afa3da87b258,Good kalo dapet b5,5,0,2025-02-03 22:53:37,5.3
99c81956-10e1-40af-a336-53112cceec33,Sampah,1,0,2025-02-03 21:58:11,5.3
caa66d91-688a-40d8-ad50-d72869ca62ed,"Unduh data game awalnya 34gb setelah sekian lama nunggu dan hampir selesai, gak sengaja ke tutup Aplikasi dan yak unduhannya mulai lagi dari awal. Setelah itu malah nambah data gamenya jadi 40gb. Udah abis kuota banyak malah gitu😁",1,22,2025-02-03 21:57:24,5.3
9bef1d00-0b05-4b49-b049-04fb940dcaa7,Hoyo kasih gua menang rate off pliss capek gua kalah mulu🙃,4,0,2025-02-03 21:33:41,5.3
737f4e43-5008-447e-8ee9-22b6c7d6cca4,Mantap tapi ada yang kurang nahida nya lebih hot biar verkun suka,5,0,2025-02-03 21:32:54,5.3
95c17545-4d18-41b8-ba20-a1a49524cc4a,Aku mau primo,5,0,2025-02-03 21:24:31,5.3
9ad5a95f-e441-4bca-9082-ab3ab1b22dea,"Download datanya bisa dikurangi gk, data saya jadi cepat habis, dari segi lainnya udah bagus👍",4,0,2025-02-03 20:56:09,5.3
32c0bc99-b6ca-456c-9ed2-a3ce22d72a80,Bagus,5,0,2025-02-03 20:56:06,5.3
fea37763-6611-4491-a2e6-14ffc34f0cf6,Game terbaik meski game ini berat tapi itu semua terbayarkan oleh petualangan yang sangat menarik,5,0,2025-02-03 20:46:42,5.3
01facc2b-bddb-4ee1-992b-cff95224c7d1,Kalau pity nya di kurangin dari 90 ke 80 aku dengan senang hati memberi bintang 5 di rating ku,4,0,2025-02-03 20:38:46,5.3
c3d8eae8-b44e-4f2d-b707-629e731fa961,"Game elit build char sulit lv up talent (weakly boss) gacha. kesempatan pun seminggu 1x farm Arte gacha, emang game gacha tpi ya gak keterlaluan napa gk kyak adeknya triple z sama honkai lebih mudah untuk build char",1,2,2025-02-03 20:29:13,5.3
28b147a2-5bb9-4feb-a6d1-4f36a372d06d,Kapan update supaya bisa main pake game pad di Android... Gak usah setting langsung main gitu...,5,0,2025-02-03 20:12:07,5.3
092be474-d9e8-4414-ad8d-ea831c22cac7,Bagus,5,0,2025-02-03 19:55:44,5.3
3617f75a-2e81-4a9c-87e4-9818bd018c33,Kikirnya dikurangin yah😹,5,0,2025-02-03 19:20:59,5.3
195ac3b0-46bb-4b67-8798-ff2ebe0e7049,"ini kenapa ya padahal sinyal bagus, masa login tulisannya koneksi terputus dalam waktu terbatas ,pdhl udah coba berkali"".mohon bantuannya🙏",3,0,2025-02-03 19:11:46,5.3
8814b410-8683-46d3-b842-3b27e475a4d1,Sugoi desu,5,0,2025-02-03 19:11:25,5.3
44b13a23-2880-41c8-afff-91d085a4ee82,"This game is good but, WHY THE CHAR IS ALWAYS WOMEN!?...please hoyo, atleast give us character male...",3,0,2025-02-03 19:06:21,5.3
f355fc22-4575-4112-bf6e-4a61734f6ba8,Bagus,5,0,2025-02-03 18:58:40,5.3
38a3ecc6-44b6-49f5-8e77-dfd2fb24afb9,Seru aja,5,0,2025-02-03 18:55:15,5.3
68a1a8db-fc7c-4307-bedf-0c5c36e9f2f8,Sudahlah males gw,1,10,2025-02-03 17:51:47,5.3
ece47d77-fcc5-4918-b501-22aecbeece2f,"overall bagus bngt, tapi char cowo cakep nya mana hoyo?😾",4,0,2025-02-03 17:35:56,5.3
099b0b59-5e69-42a5-b812-e36c2c1516ee,Download data nya lama banget saya sudah tunggu lima jaman engak selesai selesai. Dimohonkan untuk download datanya di percepat!!,1,0,2025-02-03 17:24:04,5.3
2994807b-621e-4b6b-a686-ecf0b5a8c939,bgus bet,5,0,2025-02-03 17:12:16,5.3
4843070d-e8b6-4a40-90a2-964b2d672670,Keren,5,0,2025-02-03 17:00:09,5.3
719eb1f1-e9c7-4cd7-89e6-f0d6ee6d7fa1,Aku sayang Genshin,5,0,2025-02-03 16:41:19,5.3
4e2d5f92-658f-41ea-bfe7-148a737f2843,"yah, lumayan",5,0,2025-02-03 15:42:04,5.3
641b8acf-5668-44d1-85f3-a903bd8fc9ea,Aini game skibidi banget tidak sigmaa -1000 aura,5,0,2025-02-03 14:52:45,5.3
605399da-694e-4270-9930-3e9176c7c48b,"Genshin impact game yang menurut saya seru quest nya gak abis""",5,0,2025-02-03 14:28:53,5.3
12c129d7-3cab-4994-ab7d-0f43db5806c6,Seru!. Lain kali kasih karakter bintang 5 ya hoyovers:v,5,0,2025-02-03 14:23:35,5.3
8814c50d-4245-4227-936c-60e87c9daf86,Ini sih harusnya tambah kan fitur skip kalau world quest atau quest quest yang lain biar yang sudah tahu story nya ga kelamaan,4,0,2025-02-03 13:41:09,5.3
4d161e4c-7878-4a8a-be37-02d66cd3da33,Pay to win,2,0,2025-02-03 12:40:47,5.3
5b5c34c8-17e3-441f-aeda-b8a2d18a9b01,Semoga untuk kedepannya genshin menyediakan story yang sangat panjang dan menarik.,5,1,2025-02-03 12:12:33,5.3
74c0847f-856a-4d54-887a-dc60df284d1b,Tolong developer size game anda tolong kecilin 30gb aja,1,0,2025-02-03 11:53:40,5.3
350d8d7d-a18c-47a8-897e-c4f0f92cb2b8,"Kenapa sekarang sering banget ada karakter yang ga ada suaranya waktu ngerjain quest, bahkan event SE penting lentern rite aja masih gak ada suaranya. Kecewa sih nunggu satu tahun sekali tapi ga ada suaranya.",1,9,2025-02-03 07:26:26,5.3
35bdd58a-02c5-4066-b85e-5aeb9b8b5a10,Saya sangat senang dengan sistem pity nya,4,0,2025-02-03 07:04:11,5.3
e5e55845-f3d4-4652-9383-4ef83ca12ad2,Ganyu echo sangat susah,1,0,2025-02-03 04:02:41,5.3
59258f40-fb26-4eaa-9aa5-c8fecb9f0b24,"Gw inget banget pertama kali main di banner klee,sebulan setelah perilisan game.tp gw ga inget ini ulasan udah gw edit berapa kali. Pertama kali ngerasain kalah rate off sampe 3 kali beruntun pity diatas 80 semua,drama nangis-nangis yang katanya pindah tangan mau jadi game baik,hallah apaan malah makin menjadi-jadi kikirnya,event makin kaga jelas reward kaga seberapa durasi nya ga kira-kira",1,1,2025-02-03 01:16:52,5.3
56eca911-47dd-49f3-a621-0d7730baf3b4,Game bagus tpi terlalu berat di main kan saran saya buat versi lite nya bukan cloud dan juga percakapan alur cerita saat misi terlalu lama dan tidak bisa di skip sehingga rasa ingin bermain sampai hilang karena terlalu panjang percakapan alur cerita saat misi mohon di perbaiki atau di beri fitur skip,3,1,2025-02-03 00:04:31,5.3
9a2c2e4d-29ec-4714-91bd-34838c1aa056,developer dongo bisa gk sih quest yang sama npcnya obrolannya diskip? yang bener aja cuman ngobrol sama npc sampe 5 menit lebih lu kira gw main cuman buat dengar dia ngoceh doang HAH!! MINIMAL DI KASIH FITUR SKIP DIALOG LAH ANJ WAKTU NGOBROL SAMA NPC!!,1,1,2025-02-02 23:16:43,5.3
db20add3-2e44-48c2-bb9c-59d2a8d12887,Sudah Cukup Bagus Tingkatkan lagi 😁,5,0,2025-02-02 23:02:17,5.3
4ff89d48-aa21-4282-9ab4-3d9f3ac9f6fb,Sistem gachanya kikir dan tidak ada tombol skip dialog,3,0,2025-02-02 22:41:09,5.3
014bd1f9-ce9c-45d0-a42d-e9fe7ddc1a06,"Kenapa tidak dibuat skipping soalnya terlalu terbuang battery hp buat dngearin semua ceritanya ujung2 tidak kelar2 masa mission event or karakter dan segala bentuk cerita apapun di Genshin menurutku terlalu buang2 waktu ,terbuang waktu berjam-jam ,dikiranya tidak kerja gitu tiap hari cuma daily harian buat apa dikasih event bnyk tapi buang battery hp dan waktu buat main games ini",2,1,2025-02-02 21:33:29,5.3
993d9357-2081-46e8-9a9b-92e030e7653c,woy mna cara cwok hitam berotot itu woy ak mw,1,3,2025-02-02 21:23:03,5.3
03183ce0-0755-41fb-bb45-72014f871382,Kasih aku yang bagus hoyo 🙏,5,0,2025-02-02 20:11:30,5.3
023b5b7a-e1e3-4bc3-afe3-ead6bc933fac,GAME PELIT MASAK AKU DAPAT KARAKTER AJ GK DAPET 2 GG PELIT 😡,1,2,2025-02-02 19:15:11,5.3
9e13ad48-8c65-42d3-b44a-eae9224abb40,Menarik,5,0,2025-02-02 19:12:45,5.3
bb340c07-361a-4b54-b1cd-cd607ef31fa2,Baguss,5,0,2025-02-02 18:57:49,5.3
798d179f-71f2-4c1c-9bce-9ab4bfcf3f64,plis jgn Kikir,5,0,2025-02-02 18:49:38,5.3
5d4b4d4c-ca16-4c72-b670-32cf8ec9ebc2,"Suka bgt apalagi banyak waifu😋😋, tapi minesnya kikir",5,0,2025-02-02 18:43:00,5.3
64afa019-2824-477c-ae93-5e81e0764850,Need optimization for exynos 1480.,4,0,2025-02-02 18:34:30,5.3
7c952836-3f73-414f-b18e-292d88ac9d47,Kebanyakan yapping,3,0,2025-02-02 18:33:52,5.3
bce1ef9a-9f69-42c5-b150-dc956ecd64b7,Sejauh ini genshin Impact sangat memuaskan. Saran saya agar menambahkan fitur mic saat bermain Co-op karena fitur tersebut sangat membantu,5,0,2025-02-02 17:58:21,5.3
0a18fc7a-7e9e-428a-b94c-a7ab4365e97f,Di bahasa inggris suara karakternya hilang saya kira ini bug tapi banyak yang ngalamin juga.Tolong di fix,1,0,2025-02-02 16:44:50,5.3
461a9b24-a917-4824-8887-a8a30c11033a,Absolute cinema✋😶🤚,5,0,2025-02-02 16:37:00,5.3
943faa63-5f95-4e9d-823c-3aa4146c2caf,Game terburuk,1,0,2025-02-02 16:27:27,5.3
69b8cebe-51d0-49ab-9c82-4b49206d38e0,Muantep,5,0,2025-02-02 16:15:58,5.3
5137fb2a-3f05-48ed-be33-db2fd8d756c0,Game bagus kern bahagia menolong orangtua cerdas dan ngelek,5,0,2025-02-02 15:58:56,5.3
ce11a4bf-3508-4327-9197-da16fee367f1,kenapa gamenya kikir min,1,2,2025-02-02 15:58:39,5.3
ee111324-ee59-4eff-a5af-688cd7f2959f,bagus banget game nya saya sangat senang dan player baik baik tidak toxic semoga gacha arlechino saya dapat dan langsung c6 🥰😊,5,0,2025-02-02 15:27:55,5.3
5e3b9329-c09e-48e5-91a1-9dd7a218de6a,sangat baik,5,0,2025-02-02 15:05:51,5.3
79f71279-6d96-4adc-9d0d-e845aa241f43,"Data / memori terlalu besar, dan lama download data game nya",3,0,2025-02-02 14:29:28,5.3
f8ddafc1-0030-4460-a407-f8fe0da7cf51,Jelek,1,0,2025-02-02 14:09:03,5.3
87ef6830-86a7-4b8a-8e5c-cc92fe7f08f2,"Gamenya seru banget buat dimainin, cocok dimainin pas lagi santai",5,0,2025-02-02 14:02:27,5.3
385ef36d-f97a-4a4b-b99f-f113213c7d78,Ini mah game visual novel,2,0,2025-02-02 13:49:48,5.3
339fb16f-7a7e-45f6-9a62-36404bd78996,Game favorit pokoknya!,5,0,2025-02-02 13:45:01,5.3
cb100768-8357-4747-8f31-60f43068019c,Pls jangan kikir🙏🏻🥲,5,0,2025-02-02 13:39:11,5.3
9140b346-9666-4403-a4d6-2d0dc1943efa,"Lumayan lah, karna dpt karakternya lumayan sulit aku kasih bintang 4 dulu",4,1,2025-02-02 13:12:15,5.3
f493b435-9b1f-423a-ab52-8af6f319f768,Ku kira hanya perlu 200+ Mb untuk mainnya tapi malah 5+ gb malahan :(,1,0,2025-02-02 12:56:32,5.3
dd77f480-6979-4a34-a85d-d507592f191a,mantap,5,0,2025-02-02 12:17:37,5.3
44c4b4ae-188c-4505-ace9-a0c050bbaf7a,Kikir gacha susah semua,3,0,2025-02-02 11:45:10,5.3
d27f0d64-397a-4003-9c9e-30f748f235ba,Story yang bagus,5,0,2025-02-02 11:36:25,5.3
e0b30abd-8b13-4bde-b481-8617fd02e295,Mantap,5,0,2025-02-02 10:13:31,5.3
61e68800-eae6-4dbd-a92a-e4acb97b26ca,"dev nya terlalu KIKIR, ga kaya dev sebelah, gaada perubahan tiap tahun nya, ada paling perubahan kecil, konten end game terlalu sedikit ga kaya sebelah, ini udah jalan 5 tahun loh masih aja lambat.",1,1,2025-02-02 09:28:36,5.3
02e4e61c-0534-4f60-a90d-12bedbda7f6f,"Sangat menarik ,",5,0,2025-02-02 09:18:00,5.3
137e9349-d95e-42a7-8f04-ac880598660e,"Game buruk dengan developer yg tidak mendengarkan suara pada playernya, beda dengan game sebelah yg dimana developer nya selalu mendengar keluhan para player",1,1,2025-02-02 08:38:25,5.3
051f1120-522c-4583-95bd-084ba68440a8,Tolong bug log-in nya di benerin dong susah ini kalau mau main masa kadang bisa log-in kadang kagak mohon di benerin mihoyo kalau udah bener nanti saya kasih bintang 5 🙏🙏,2,0,2025-02-02 08:34:23,5.3
8b418aaa-f183-440c-9e4b-7eb011434ee3,Kamu Bagus ya hmm,5,0,2025-02-02 08:28:41,5.3
839b20d4-5d8f-456b-8708-c63bec1cd42a,terlalu banyak dialognyaaaa😡😡😡🤬🤬🤬🤬🤬🤬,1,0,2025-02-02 07:37:44,5.3
d64a2c2b-5177-4569-92c4-a28556607dc1,kikir anying kalah rate off mulu,1,1,2025-02-02 07:08:30,5.3
ebe769d2-6488-45a7-a49d-e505511ccebc,Gwe main gak pernah dikasih pity rendah game ampas!,1,0,2025-02-02 06:53:58,5.3
d7915bda-d557-42b0-8578-85def53228d7,Bagus dan sangat bervariasi.,5,0,2025-02-02 05:52:30,5.3
d83f0f99-b9ef-48e8-804e-231bd614b059,"Mulai bosan main game ini apalagi sistem gacha nya yang ampas banget sudah banyak topup demi gacha signature Arlechino malah kalah dapat senjata langit mana hard pity lagi hedeh, Bakal pensi sih kalau gak dapat² sudah 4 tahun± main game ini saran aku bagi pemain baru mending cari ga me lain aja, terlalu banyak drama ini game",1,10,2025-02-02 05:20:01,5.3
3c188fad-88b9-466c-969f-2f5d45c4c37e,"Mungkin agak jenuh hampir semua game hoyo di akunku selalu kalah rate off ah tapi yaudahlah, mungkin emang waktunya berhenti buang buang waktudan uang, dan untuk kalian yang bekerja atau menghasilkan lewat game ini semangat, saya akan mengurangi bermain game ini yah terlalu mempermainkan sistem gacha see you",3,0,2025-02-02 05:13:11,5.3
41645a16-b06e-4e94-8810-b859ee629849,"Quest 9 pilar kenapa gak bisa dilanjutkan lagi ya hoyo? Padahal tinggal 2 bola lagi, udah terkumpul eh, gak bisa dibuka pilarnya",5,0,2025-02-02 01:31:51,5.3
b7ccd20e-a941-4cf1-8b1c-6ebeb7e92ba1,Nice,5,0,2025-02-01 23:29:48,5.3
e0219716-962b-4282-8b13-b31899c4c0da,Kurang stabil di perangkat,3,0,2025-02-01 23:09:33,5.3
2dd62fb3-d969-4f9c-84b6-2b70090fabd3,Mantap,5,0,2025-02-01 23:08:56,5.3
c8200285-8bae-4315-a93f-2e2d0a8b7f29,bang hoyo... adain fitur hapus chat yang dikirim gitu dong...,5,0,2025-02-01 22:48:01,5.3
1c6fcb41-bb94-4b98-94a6-2ddd5f221915,"dari segi gameplay dan story bagus bgt,, cma.. sistem gacha nya ampas bgt, saya hampir ngga pernah menang rate off, dan cma pernah menang 2x saja. itupun high pity. tolong lah Hoyo, sistem gacha nya kok kyk gini sih, bukan cma gacha karakter atau senjata, tapi gacha artefak juga sama, sama-sama sampah dan ampas bgt. desain karakter juga akhir-akhir ini mengecewakan, reward event juga cma sedikit bagi saya yg F2p ini. sekali-kali aja dengerin player mu ini😓🙏",3,5,2025-02-01 22:46:03,5.3
9533f34d-6ac9-4c25-9b6d-2457bf984a76,"Keren abizz, GAME GACHA TERBAIK",5,0,2025-02-01 22:43:45,5.3
ece8567a-baf0-4d7b-b9f5-66034b6f803a,Bisa menghibur di jam kosong,5,0,2025-02-01 22:42:34,5.3
23f3fc2e-8a79-4504-8828-1dfb5eed4142,"ayo dong dev, sekali kali dengerin player, bukannya mau ngehina player cowo, tapi emang kebanyakan karakter sekarang dibuat fanservice. karakter cowo dikit, eksplorasi kurang, tapi giliran karakter cewe² nambah terus, karena game sebelah naik daun ya jangan ngaruhin game yang ini juga lah. kerasa banget bedanya sama era mondo dan liyue dulu, kebanting jauh cuma demi fanservice seabrek yang ga guna, be fr hoyo, the bills cant be this high.",1,1,2025-02-01 22:26:55,5.3
aacd1726-ab9e-455f-bb13-a57a9e671216,"game pelit dan saya gapernah hoki di game ini, entah knp, tmen saya win rate off 5x sedangkan saya hard pity dan kalah 50/50 padahal saya sering expkore dan sering main game ini hampir setiap hari, tolong hoyo kalau begini susah udh endgame, ga ada sumber primo lgii menurut sy tambahin lg sumber primonyaa, capek kalah rate off, sm di banner senjata tolong di pisah bannernya, kayak di hsr..",1,1,2025-02-01 21:39:55,5.3
51986d3a-af25-46d5-8d4e-ba77a034aa94,Semoga aku bisa dapet karakter bagus b5,5,0,2025-02-01 21:25:53,5.3
9904ba92-7b2e-43ae-ba5f-835e113df2d4,Lag,1,0,2025-02-01 21:07:41,5.3
7ec76245-585e-4b94-b49c-b37b746aba3a,Gamenya bagus aku udah main 2 tahun nggak ada masalah sama sekali.,5,0,2025-02-01 20:59:37,5.3
efa98217-ac1f-4a17-bf06-fb0e3d13d388,Game inspiratif,5,0,2025-02-01 20:55:16,5.3
36027709-3f0c-49b4-a668-43164ddee930,"gim kikir, karakter laki laki berkurang, makin keliatan memuja incel, desain character juga makin aneh",1,6,2025-02-01 20:05:07,5.3
5aaabec9-219e-4843-ac33-aea54c81d9fc,AKU HOKI AHAHAHAHAHA,5,0,2025-02-01 19:45:08,5.3
9b928e13-ce4f-4dcd-ab71-161eb48fbdeb,saran jangan kikir aja sie,5,0,2025-02-01 19:24:26,5.3
a9c426a6-320b-461f-976e-148b4a28c5cb,Game gw ngebug gak bisa login,2,0,2025-02-01 19:21:08,5.3
f7bcba0a-b31b-4ae9-ba82-0757b42f5436,Maafkan saya,5,0,2025-02-01 19:16:20,5.3
e212cd51-77f5-4fec-8a42-efca7a5fbbd2,"Game kikir,udah pity 150 masih belum dapet padahal rate on",1,0,2025-02-01 18:54:32,5.3
2a63b49c-1b2d-431c-80c4-7a5706e62d46,Excellent,5,0,2025-02-01 18:53:04,5.3
164aeb79-f6e7-4925-ad43-b43d1910304a,Game nya sangat bagus apalagi alur ceritanya tapi tolong dong memorinya diperkecil lagi biar pengguna HP bisa bermain dengan baik dan lancar,5,0,2025-02-01 18:32:30,5.3
61ddf324-07ca-4c37-b106-35f3f0de2d2c,"WANDERER GANTENG BANGET SUMPAH, SEMOGA SUATU SAAT JADI PACAR GUA",5,0,2025-02-01 18:15:28,5.3
f9f8789a-9e63-4da3-b1f3-467f56892555,ceritanya ga bisa di skip. ngebosenin,1,4,2025-02-01 18:13:51,5.3
a03c13b9-5563-48b3-b764-76a135771322,"Ringanin lagi pliss, gamenya terlalu berat bagi hp saya, kalo yg dihp satunya malah tidak kompatibel",3,0,2025-02-01 17:37:50,5.3
2b02bbd2-ad9a-4b05-bae6-97c1db8a8816,Saya suka,5,0,2025-02-01 17:18:31,5.3
efa3b809-12cd-440d-a78c-66edc2f58c7a,"dah dpt dua' nya dehh~~, next furimax 😚😚",5,0,2025-02-01 16:43:27,5.3
534fb9a3-083a-44ee-a4ec-dcc1a5c44461,"HardPitty mulu system gachanya tidak sehat, Hapus system Rate On & off atau enga minimal Kurangi Pitty tinggi+tambahkan lagi reward primogem nya di tiap story dan diperbanyak lagi jumlah primogem nya di tiap Chest. Dikira enak cari PRIMOGEM",1,12,2025-02-01 16:12:10,5.3
2a5f616b-d6b4-4745-a977-91834c42f7b7,"Gak bagus, hd rendah, nonn",1,0,2025-02-01 16:00:12,5.3
09e0ee91-e01e-4cbd-bca3-e5776811a9e7,Masak ulang misinya jauh kali. Padahal keluar sebentar aj,1,0,2025-02-01 15:53:31,5.3
1d58be4d-6834-4329-8875-fc20814747f9,"game kikir, banyak fanservice, karakter lelaki dikurangin, story makin jelek, udah ga relevant ketawan banget nih target playernya siapa",3,0,2025-02-01 15:47:47,5.3
b4f4ac60-ca4c-4df6-b009-e9e7e7f5f128,Gamenya sih bagus tidak ada bug atau selainnya tapi bagi para pemula plis risortnya sedikit seperti artefak item untuk upgrade level karakter susah butuh bantuan temen tapi kalau mau dibantu teman harus rank advanture 16 mohon dibaca ioyoverse/ pembuat genshin,5,13,2025-02-01 15:47:20,5.3
a980b34e-bbb5-40dc-8bc0-b5e7b8ec3ef0,Plis dub inggrisnya diganti aja .atau tambal pakai dubing jepang . Sekalian aja bahasa deflaut jpn . Males main story tapi karakter bisu nutupin mata dan nyuruh nebak ini siapa ? . Gw jawab aja zhongli ternyata hutao,3,0,2025-02-01 15:15:28,5.3
8da3207e-1299-4266-b657-32721c40276a,Great,5,0,2025-02-01 14:53:46,5.3
802efb54-cb6b-4b7e-ba82-8348e3c91f1c,Game with good graphics and I love this!!!,5,0,2025-02-01 14:43:25,5.3
08d32dec-8dd7-4521-a5a8-dd14e1b23747,Game bagus dan belum ada yg setara dengan ini,5,0,2025-02-01 13:52:05,5.3
132703aa-ad0e-4199-93a2-c5d06a44e988,"Kurangi dialognya, masa game eksplorasi kebanyakan dialog sihh bikin males tau Kalo gak gitu kasih aja tombol skip",3,0,2025-02-01 13:49:54,5.3
1a7f8034-4bba-403e-b7b3-82c778760295,"Udh main kurang lebih 4 tahun, event didaur ulang, explore dipersulit, tools se adanya, hadiah pun dicicil wkwk, dah lah ijin pensi ya",1,2,2025-02-01 13:43:57,5.3
e1ac72a9-b846-45a6-99da-1ec99dd1d3db,Bagus,5,0,2025-02-01 13:29:51,5.3
82f16878-b4a4-4a75-8082-4e691534cca9,bug login benerin dulu,1,0,2025-02-01 12:48:20,5.3
9c14949f-bf78-4642-b8ba-dd542b006ede,Ahh.. semenjak versi 5.0 game ny tambah bagus dan gahca ny gk kikir lagi. Mksh hoyo😋🙏,5,0,2025-02-01 12:40:40,5.3
e6c81db3-3e74-4565-bd59-38c85e5a2093,Tolonglah penyimpanan nya di turunin dikit ngapa jadi 20GB kek kasihan buat hp yg kentang ga bisa main,3,0,2025-02-01 12:22:39,5.3
8635e750-0998-4ba7-8e6b-f7867af5dfd1,Mantav cuk gk pelit.,5,0,2025-02-01 12:11:26,5.3
3d46babc-f702-4f7b-9b51-d28e1518dd7e,Quest panjang hadiahnya ga sepadan.,1,1,2025-02-01 12:05:54,5.3
24f524a3-2269-4b9c-9ded-85e4417822f3,Gim aneh kikir buatan sipit bikinnya sambil merem,1,1,2025-02-01 11:56:18,5.3
e03a8b92-e360-4f6f-a0dd-792812c2974e,KALO NGGAK DAPET CLORINDE AMA ARLE GW BINTANG 1 IN. INI PERINGATAN PERTAMA.,5,0,2025-02-01 11:47:34,5.3
0ab8e612-cb14-4d80-a5ac-7f3632ecfacd,Grafik bagus,5,0,2025-02-01 11:28:33,5.3
ce2430e9-b280-4a63-b228-be078b28c066,Game anime terbaik,5,0,2025-02-01 10:33:04,5.3
26e1b09b-0407-48ec-a1f2-fef54af04f2b,Lancarkan semua situs,5,0,2025-02-01 10:23:37,5.3
859db8bd-3946-49d8-a005-8f6986a0d714,top 1 game fav gw,5,0,2025-02-01 10:19:04,5.3
0ffc66c2-8fd8-4f8e-b285-daef619b600d,"Sistem gacha paling konyol di game gacha, bener signature scam lucu lucu",1,6,2025-02-01 09:15:55,5.3
58a6b1ef-83c0-4c53-bdcc-2066393d8de6,Game nya terlalu kikir tapi game nya seru sih tolonglah sistem gacha b5 lebih mudah didapatkan,5,0,2025-02-01 08:15:17,5.3
c3d51153-202e-45bb-90c4-87456e77143f,"Good game, btw tunggu aku ganti HP baru ya xiao..biar enak kalau sing sing sing😭😃.",5,0,2025-02-01 06:32:39,5.3
00f8e617-7960-4c5d-b243-34f6f8fdaca2,mantap mantap,5,0,2025-02-01 05:39:28,5.3
d0fb4f8b-0f91-4816-ac67-f35c9caac877,"Game kikir kasih bansos aja sedikit sedikit gameplay kaku, story nggak jelas, nggak ada fitur skip story nggak kayak yg lain sistem gacha jelek grafik biasa aja",1,0,2025-02-01 04:25:22,5.3
7f7f3951-37d6-4ff2-a9f0-116bec1e9d0f,Bagus game nya tapi hp saya patah²🗿,5,0,2025-02-01 03:44:40,5.3
b52e63ac-dbb6-44d7-a2d4-127c98be0465,Grafisnya bagus,5,0,2025-02-01 03:15:12,5.3
ed273a34-ed18-4b6d-9f4c-189faafbdfe3,Jadi ketagihan,5,1,2025-02-01 00:51:33,5.3
ee4c7ff9-cfa1-425c-a700-7afb3a1f1e76,banyakin Primo nya,5,0,2025-02-01 00:47:37,5.3
15ab9c0a-9b19-4445-b076-e426ab93c6d5,帮助我们，Mihoyo，发布适当的任务和太少的 Primogem 更新，这样我们就可以跳过无意义的对话,1,1,2025-01-31 23:56:06,5.3
4aaa3e4e-0ce4-4bf8-93f0-c3d5183973f1,"semoga kedepannya ada skip pas dialog dong min,ini dialog nya pendek terus main lagi enak kan lah ini panjang dialog nya ngga bisa diskip pula jadi kurang menikmati,jadi saya harap ada skip dialog update nanti 🙏",4,0,2025-01-31 23:45:31,5.3
d14cbb86-92ba-40f1-ba45-fca797fef87d,"bagus sihh,tapi ya kalau hp nya kurang mumpuni ya pasti patah² sih,soalnya hp sya juga gitu,patah² tpi masih bisa main kok,semoga aja sih ga usah download² data yng bkin penyimpanan jadi berkurang.nice Hoyoverse.",5,0,2025-01-31 22:58:20,5.3
256d1f22-f341-4d0f-82f6-503df9ffd8dc,B ja,5,0,2025-01-31 22:55:05,5.3
9ff14827-3d5c-48f0-b8cc-8c5bafaa83fb,"Event ny makin aneh aja, rasio karakter nya jomplang banget dari berbagai gender",1,2,2025-01-31 22:43:58,5.3
7489f720-ae46-4aa6-a685-a1ce18796959,game pelit tolong perbaiki.,1,0,2025-01-31 22:04:39,5.3
9a5b71b6-8605-4f5d-a54d-34c829ba081f,seru tapi agak bosen karna map gede tapi sepi,3,0,2025-01-31 21:00:21,5.3
23de55f5-6996-4746-b5df-45cbedfab08b,"All the quests are very impressive, and there are many that can be taken as lessons, all of them are interesting, but the gacha system has been improved again",4,0,2025-01-31 20:32:52,5.3
0df71138-c03f-479f-b082-57445b3c13e6,Dua jempolan luar biasa,5,0,2025-01-31 20:26:25,5.3
6242e512-b73b-4db5-84d6-72d26a87703b,Tolong lebih di optimalkan perfoma spesifikasi HP ke bawah,3,0,2025-01-31 19:33:47,5.3
eafc7f4a-6fe4-4b48-b0fd-efa633310c2d,"Can't Skipp yapping, can't show full wish history",1,0,2025-01-31 19:24:35,5.3
80e9a978-a881-4f2a-816c-c6ddce17aee3,WOI NGE BUG CEPET DIPERBAIKIN MALES BANGET BGT BGT,1,0,2025-01-31 19:23:24,5.3
a3289e9e-61b3-43cf-857c-3ba6a0f52e3f,Gk ada fitur skip story,1,0,2025-01-31 18:54:59,5.3
01deeacc-7d89-4100-8f78-1e6742a8492d,Bagusan game ini dari pada ml,5,1,2025-01-31 18:54:39,5.3
7c7eeadc-75a3-4a74-a60f-5f459ebbb2b2,👍🏻,5,0,2025-01-31 18:14:53,5.3
33525e13-9c74-4b3b-b980-a24ee04119aa,Bagus,5,0,2025-01-31 17:37:53,5.3
73a666c1-b468-4cc1-bab1-5a9384edc031,👍,5,0,2025-01-31 16:13:28,5.3
f280b6c5-5aee-4495-a14d-74502a5a2b4d,aku sangat suka Genshin aku suka mommy mavuika🥰😋,5,0,2025-01-31 15:30:31,5.3
3cd673c9-5938-48ab-81ac-376ab0fde15d,"Saya sangat kecewa dengan game ini. Banyak bug dan sekarang login pun sudah tidak bisa untuk develooper tolong bugnya diperbaiki!!, agar saya dapat kembali memainkan game ini. Atas semua kekecewaan saya dan semua bug game yang saya alami, saya kasih rating bintang 3",3,2,2025-01-31 15:00:11,5.3
128e435e-a304-4556-9982-d50dd6daec44,"ini game udah out of context, awalnya mmorpg sekarang malah kaya main game story telling, quest kebanyakan dialog dari pada fight, tolong di ubah genshin itu game mmorpg bukan gane story telling.",1,1,2025-01-31 14:52:19,5.3
aed0a035-baa1-4350-925b-64261e92f473,Bagus animasi juga bagus cuma di mata aku doang kah yang kurang enak di liat gitu,4,1,2025-01-31 14:37:38,5.3
17b6e5a0-c4d9-4769-82d1-8dce3f54217e,"Gamenya udh bgus, cuman kurang di penghasilan primo dan fandomnya, fandom genshin pda rusak",4,0,2025-01-31 14:29:07,5.3
7476f694-76bb-4e3a-8c4f-49af733fd61f,"Eksplorasinya sekarang ga sesulit dulu, maksudnya lebih ke arah penalarannya (puzzle). Jujur, saya melatih penalaran lewat eksplorasi (karena buat unlock chest ada puzzle dsb), tapi menurut saya puzzle sekarang terlalu mudah, mungkin tim developer lebih perbaiki di eksplorasinya :)",4,30,2025-01-31 14:28:24,5.3
9af582d8-d923-4d80-b612-51bf1eb83e49,MAKASIHHHHH TYSM,4,0,2025-01-31 13:07:25,5.3
49087d52-8214-43a7-aa40-ee27223ff275,Baguss banget,5,0,2025-01-31 12:46:04,5.3
02343160-ca5c-4157-969f-bd7c2dc0829f,Seru buat di main kan dan alur cerita yang menarik,5,0,2025-01-31 12:38:57,5.3
053bd5b8-cfe4-4357-b118-b3df99f65b6a,Too much yapping,1,0,2025-01-31 12:25:29,5.3
e020f20c-eb2e-47d7-904c-11a3a8fba42f,Grapik bagus,5,0,2025-01-31 11:37:47,5.3
41f7dd10-a4d9-48de-bbaf-d1ae74993816,"Game ini jelek banget. Download datanya lama banget, tapi ada verifikasi integritas yang lama juga, terus mengkompilasi shader juga lama banget. Dasar game jelek",1,0,2025-01-31 10:39:57,5.3
3dd72b58-0ee2-40aa-9450-6f4838224dce,Menyenangkan💕😍,5,0,2025-01-31 09:43:57,5.3
73f19093-5be2-416c-b0b8-01a669a88274,game kotoll anjggg gua capr capee ngulii dapet monaaa bnagsat,1,0,2025-01-31 09:21:33,5.3
7c57b44f-cdba-48f1-9869-aa36ffa5a1dd,"Saya tumbuh besar bersama genshin haha, dari 2021 Mei sampe sekarang.",3,53,2025-01-31 06:54:12,5.3
a282732e-6f69-4e1c-abcc-9e2707b9a426,"Aku habis beberapa bulan ga on terus main, pintu ku yang 70/80+ sekarang 60/70+ aj jdi lumayan lah..., resin udah 200😍 tapi nunggu nya Masi lama, aku kismin Arte mau nguli tapi resign habis sama resign bulan, btw mending pazel kek liyue, sekarang quest sama pazel susah susah (bisa sih, cuman tu mau main genshin buat Santai habis lelahnya aktivitas kehidupan, tapi malah otak ga istirahat gegara pazel atau teka-teki nya makin nyuruh otak kerja 🤣)",4,0,2025-01-31 01:38:52,5.3
1470aef7-cbdc-443b-a23f-85dd2b12102c,saya hanya ingin gacha saya di permudah🥲 karna saya sering kalah rate off dan membuat saya malas untuk bermain,5,1,2025-01-31 01:29:19,5.3
ad6a8450-1812-4b36-9329-81732f59d1c3,Perfect!,1,0,2025-01-31 01:16:43,5.3
d475398d-b065-4a2b-8ccc-e81247c2e4ca,Semoga bisa bawa pulang mommy arlecino😭😭😭,5,0,2025-01-30 23:54:46,5.3
7d4a3948-5f0d-438f-b74e-1d381eaf2912,Tolong updatenya di percepat babi kasihan kami yang suka speed run mau login nggak bisa ngapa ngapain,1,0,2025-01-30 23:47:51,5.3
86fe161f-57f3-4faa-b0db-2e1eb7916c16,"Mungkin game ini pilih kasih yang di kasih fps 120 dan support controller cuma IOS Apple (kuntul)...., Android kagak padahal udah pakai 8 elit ............ah...... Anjay IOS",4,0,2025-01-30 23:47:30,5.3
2e53a251-9782-4db0-b48e-297fa592f213,Gw udah topup banyak tapi akun gw hilang.. pas update perpindahan mihoyo ke hoyovers.. gw kesel akun gw ngga bisa balik.. gw cuman bilang dengan ini saya membenci game tersebut dan akan membuat teman teman saya dan orang lain berhenti memainkan game tersebut dan akan berlanjut sampai kalian para CS menganggap ini serius,1,0,2025-01-30 23:45:53,5.3
03204463-e088-4fcd-be62-99953e547f1c,Good,5,0,2025-01-30 22:22:22,5.3
ede27031-d697-4fb6-8e12-3b5b97bcbbc7,"Good Game, I like it",5,0,2025-01-30 22:21:06,5.3
ff7dc70d-e5c9-4663-aa1b-e244f6aae42a,Tolong tambah kan fitur pengingat waktu sholat kadang aku lupa kalau main game sampai lupa waktu sekian dari saya terima kasih,5,0,2025-01-30 22:15:59,5.3
2126be7b-9efc-4f16-861b-068cb2ac5de9,Saya menyukai game ini karena cerita yang disajikan sangat menarik. Tetapi selama bermain game ini saya merasa kalau kualitas game ini menurun diakibatkan banyaknya dialog yang tidak ada poin penting dalam cerita dan juga alur cerita nya yang repetitif. Saya harap untuk kedepannya bisa dikurangi dialog yang tidak penting dan alur cerita yang selalu sama. Semoga game ini bisa mendengarkan feedback dari pemain pemain layaknya game Zenless Zone Zero yang bisa mengerti keadaan para pemainnya. Trims.,1,38,2025-01-30 22:14:12,5.3
783b1d10-67f1-4a5d-acfd-84ecc228aae1,"mending tambahin fitur skip dialog buat side quest, banyak yapping anjay",1,1,2025-01-30 22:11:18,5.3
477e5fd9-7091-4403-8483-e9670e09d1dc,Tambahin fitur pvp,1,0,2025-01-30 21:47:07,5.3
6ef8b6a5-3dfd-477a-acc3-8871f91469b0,Apes mulu di game ini Allahhh pls kasih gw arle sign,1,0,2025-01-30 21:45:59,5.3
9a4867b7-55ba-47f9-8319-7b0a5e2cb7c5,"Game kikir sampe ke ubun ubun Rate 1 ni game, mending sodaranya ngasih bansos udh kek hujan langsung jedarrr tinggal claim gaush nunggu atau main apala lama lamain waktu udh gtu dkit pula",1,1,2025-01-30 21:29:27,5.3
1946e5db-6a3d-4914-b493-69aa4d9473d2,Kebanyakan update,5,0,2025-01-30 21:26:18,5.3
bde1528b-be34-44fb-8c91-9198514820ea,Aku jadi sayang mihoyoo makasih yah mihoyo udah kasih aku gacha yang bagus tapi kalau jelek lagi aku jadiin bintang 1,5,0,2025-01-30 21:00:49,5.3
f8df4dc9-d290-4e55-84f0-c3679b4d4e9c,Buriq,1,0,2025-01-30 20:55:25,5.3
c7765990-e878-4859-af4f-c4796da9eb95,Nice walau main maksa dikit karna ram 4🗿,5,0,2025-01-30 20:13:38,5.3
16a3719b-0316-4ff2-8e0d-6875d9f08d10,"game bagus, grafiknya apa lagi beh memanjakan mata, semangat terus hoyoverse dan jangan lupa kalau ada event lantern rite jangan sekali lagi korban kan hu tao😠",5,0,2025-01-30 19:44:18,5.3
9a7b9cc7-b71f-46a1-a162-43c9658952e0,Ko bae kapan kapan,1,0,2025-01-30 19:39:13,5.3
05c88d00-94d6-4e4e-993c-b39d59ac9c50,nggak seru,5,0,2025-01-30 19:29:36,5.3
c25243c2-9fd8-46ca-b348-1c134b51523c,Sangat bagus untuk dimainkan,5,0,2025-01-30 19:23:28,5.3
43296e7a-0cca-4be4-bd1d-40e081bd7d1b,Sangat keren gameplaynya,5,0,2025-01-30 19:13:07,5.3
25414251-7098-4d29-af33-6c575d35f0ee,Suka suka,5,0,2025-01-30 18:57:54,5.3
aa0243b9-061e-4f6b-895c-bcbf6eb6aaa5,"seru bgt. ak pertama mainin di tahun 2022, rekom dr temenku. aku yg biasanya pilih' game langsung jatuh cinta. cuma terpaksa hapus pas udh update sumeru, karena ak main nya di hp papa dan udh ga kuat lagi. baru kesampean main lagi desember tahun kemarin, rekomen bgt!",5,0,2025-01-30 18:26:21,5.3
14c858b9-07ed-409a-9473-bd0b5a6c71a1,game terbaik,5,0,2025-01-30 17:35:03,5.3
9de72ec0-17a1-4a92-8df1-4ba448247f31,"Game nya bagus, cuma kocak, udah kayak nonton drakor gk selesai2 crita",1,0,2025-01-30 16:55:22,5.3
f7fe9853-c3bb-4e89-bf3e-7535909f2f0b,Semoga update terus,5,0,2025-01-30 16:25:00,5.3
c3f6a7b1-2455-4833-88e8-e2b7fc707d6f,"Game nya bagus mantap, grafik nya yg sangat memukau tapi ada salah satu keluhan dri game ini yaitu tidak bisa skip obrolan pembicaraan, dan obrolan tersebut memakan waktu. mungkin update selanjutnya ada fitur skip obrolan dan itu saja keluhan ny, dan lain"" nya saya sangat puas dengan game nyaa😊",5,1,2025-01-30 15:52:19,5.3
811395bf-b4bb-400f-aba7-d3088d8d5fcb,Ukurannya Di Hp Gw Gede 🥹pdhl gamenya bagus gpplah kapan² download lagi,3,0,2025-01-30 14:17:06,5.3
066a4e8a-1584-4687-ba28-e6482b1fa7b9,Saya suka game ini tapi mohon untuk system gachanya sampe pity 50an saja karena terlalu susah untuk grinding primogems untuk sekali pull😅.,5,1,2025-01-30 13:43:10,5.3
1569c254-6d91-4016-bfea-1f06c61b8cbd,"Knl saya selalu hard pity, kok temen temen saya hoki langsung, jangan pilkas dong dan tolong rerun kan benner klee plsss",3,0,2025-01-30 13:33:32,5.3
610e6e70-b7a6-4a19-b260-9d5d0a0c6d26,"Untuk grafik, gameplay, dan storynya udah bagus tapi tolong untuk hadiah primogemnya agak dibanyakin karna saya sebagai player f2p juga ingin menggunakan karakter b5 lainnya. Itu aja sih dari saya kalo hadiahnya makin melimpah jadi makin betah mainnya.",5,35,2025-01-30 13:30:38,5.3
440b9b18-4e43-4ea3-be3c-003a9ead5739,Game bagus,5,0,2025-01-30 11:54:29,5.3
eabb3cd1-8e06-4e4b-b421-6674a738f1de,seru,5,0,2025-01-30 11:28:19,5.3
591c7b75-6a76-4650-aa41-7f2439be21c8,"Tolong baner weapon dipisah,kadang kondisi rate on belum tentu dapat weapon yang di whislist",4,0,2025-01-30 11:27:38,5.3
fbbe884d-777c-4c9c-a958-7f8d8f45a02a,Loh out Mulu dari hp Padahal login pake email tetep aj dibilang sesi Telah habis silahkan login ulang,3,0,2025-01-30 11:22:31,5.3
8a1e62d2-18d1-4301-9bba-243d79893476,"Kapan di android bisa pakai controller,sudah kutunggu sampai 2thn masih belum bisa juga",2,0,2025-01-30 11:13:23,5.3
66d232a4-ca2c-4e9b-92de-164fc4b1b8bf,"Terlalu banyak dialog,kebanyakan bacot",1,2,2025-01-30 11:05:10,5.3
2b4a4dfc-2cc3-4c4c-98c6-b1ad8c6bc713,Tolong banget tambahin keyboard dan mouse untuk gameplay yang versi mobile Kalau di tambahin saya kasi bintang lima,3,0,2025-01-30 11:01:28,5.3
5b874f80-b1f2-476a-83d9-a25e01356480,Seru sekali,5,0,2025-01-30 10:36:51,5.3
6e50d8ea-8e5a-4d2e-92cc-8924de3c3426,Gamenya ngebug ndk bisa login make akun email ini Tanggung jawab Hoyo,1,1,2025-01-30 09:23:26,5.3
d2b21ec1-2f27-4396-bc42-07b04fe94514,Aku suka sekali gamenya layar bagus genshin impact mirip cerita anime ya terima kasih,5,0,2025-01-30 09:09:28,5.3
65749ebf-6952-4aa3-861e-542feb0b9a1d,Andai aja gw download game ini dari dulu pasti dah pensi maen ml gw pas itu overall nagih bgt gamenya,5,0,2025-01-30 09:09:16,5.3
6ebf0285-0bae-4a6c-b927-8fb5351a0d6a,wow sungguh keren saya sangat suka alur nya bagus gameplay nya bagus juga beh mantap deh pokoknya,5,0,2025-01-30 09:06:32,5.3
822fb765-66ab-4895-8887-39bc3f83ed53,Susah buat login,1,0,2025-01-30 08:06:37,5.3
0c6e8b94-c066-4e6b-86ab-6636b4f03c42,"I don't need your story, i just want to play it for fun and battle. Not hear the story of every boring conversation. Please make a feature that player can skip the dialogue, it's a hell of boredome",1,4,2025-01-30 02:38:32,5.3
f95ea7a3-576f-48d1-b2ab-64cc67cb14e6,"Game udah sempurna, tapi kurang satu yaitu Controller Support, please lah tambahin Controller Support, masa OS sebelah udah dikasih disini belum ada",5,0,2025-01-30 02:32:34,5.3
4025c9b6-521a-4155-909e-6ffede23c20b,Bagus sih bagus ya tapi dalam gacha nya terlalu sulit menurut ku,5,0,2025-01-30 01:02:06,5.3
934797ad-b9d9-4ba6-b46b-78a83aadb6a1,Rate gacha ampassss,1,1,2025-01-30 00:28:17,5.3
288bfc8a-906e-4596-8371-fd0da00c73c4,berat uyy game nya🗿,5,0,2025-01-30 00:21:28,5.3
28611865-4412-41ed-883e-c117a42f1ccd,"Saya pengguna PC dan saya mau make lossless scaling untuk menaikan fps,apakah saya akan terkena ban atau tidak?",3,0,2025-01-29 23:00:23,5.3
df0d8b71-1832-4e93-b5c6-0a5e1c0930e5,"serasa masuk di anime isekai, recomended banget",5,0,2025-01-29 22:34:28,5.3
460e96ff-9609-4eeb-98b9-78057cadf4b7,Super good But long to load,5,0,2025-01-29 22:00:41,5.3
accff894-73ac-423a-b2ef-c0209a4308fd,Malas menanggapi,1,0,2025-01-29 19:46:03,5.3
64529485-fcbe-4df4-a4a4-e7d08e449466,"Bagus, tapi suka rate off tolong mihoyo",5,0,2025-01-29 18:36:02,5.3
65b13a35-b14d-4107-b8dd-96450cf50bb8,Saya belum coba tapi saya pernah download bagus sihh tapi sayang harus download datanya banyak banget sumpah memo aku yang tadinya 91 jadi 98 padahal download datanya belum selesai Padahal pengen banget mainin tapi ya apa boleh buat;( Tolong dong download datanya dikurangi saya pengen banget main;(,3,0,2025-01-29 17:58:12,5.3
b6fd8c1f-2d2e-4010-b77a-c93985eafacb,Sebenarnya game ny bisa bagus tapi terlalu banyak dialog kgk bisa di skip pula dialognya minimal kalo mau punya dialog yang panjang ada fitur skip dialog,4,0,2025-01-29 17:48:46,5.3
b39945e7-1583-4cc1-b01a-88ff5ab4fcda,"bakal jdi game ter favorit gw, sehat sehat hoyo",5,0,2025-01-29 17:20:50,5.3
09513951-54ae-4d25-8e92-4043a1ab1e01,Petualangan yang menarik dan asik!!,5,0,2025-01-29 17:20:06,5.3
b160e623-0780-48fe-8f7a-30e035abf9b5,I like tis,5,0,2025-01-29 17:19:39,5.3
a62d8734-d8d5-42c9-8c19-1864754f56b8,Game elek,1,0,2025-01-29 17:04:39,5.3
4e5812b8-cfe8-41e8-af7c-17ad484db0dc,"ketika lgi ngbrol panjang dan kita kena leg, knp harus ngulang dari awal sih??????",1,0,2025-01-29 16:56:39,5.3
5cf4d9df-215d-4796-9ab8-5ddbaab45cbf,baguss bangeetttt anjayy,5,0,2025-01-29 16:45:22,5.3
44c6f166-30aa-4d1f-89d4-d2f1a9c5229d,ada yang bisa membantu untuk pulihkan akun saya..setelah beberapa kali update dan setahun g main..kq hilang yaa..,3,0,2025-01-29 16:25:13,5.3
e99cbc6b-668f-49d8-8bb8-4f8d864bce55,Keren bang,5,0,2025-01-29 15:44:36,5.3
2ed30fa4-a363-4aae-af11-443c2bb729cf,"Saya sdh main game ini sejak 2021. Gamenya menarik, storynya bagus apalagi story archon. Mereka niat banget, main game tp serasa seperti nonton film. Karena memang sebagus itu. Tingkatkan lg ya genshin 🥰",5,0,2025-01-29 15:32:04,5.3
8af3f9bb-52a7-4c95-b2ea-e1dd56649049,"Dimana tombol skip cerita, aku adalah Player yang suka gebuk-gebuk saja",5,0,2025-01-29 15:29:55,5.3
724912fa-8bde-439a-9cdf-743143f77301,Tolong lah kalo buat quest jgn kebanyakan cerita 😌,3,0,2025-01-29 15:26:15,5.3
75401476-1633-4702-9b1a-891cd900e82e,"In my personal experience when I first started playing I was very confused about where to start, but after 1 month of adapting I started to understand how this game works, especially when farming primogems, it was very fun. thank you HoyoVerse",5,0,2025-01-29 15:26:09,5.3
f042085a-c9af-430e-a58d-280dfe7b76ba,Bagus,5,0,2025-01-29 15:09:19,5.3
5255f2fb-c1d3-474f-a0c8-175eee15259d,"Akun gua kena bug mulu, tolong diperbaiki",1,0,2025-01-29 14:42:44,5.3
ba9bc5f3-dc81-4bbc-ae9b-df2a829371a7,"gamenya bagus banget! apalagi ada beberapa map yang bagus banget buat dijelajahi, ketemu temen-temen npc, bisa mabar juga & ngedapetin chest yang isinya random! intinya game ini wajib banget dikasih bintang 🌟🌟🌟🌟🌟",5,0,2025-01-29 13:18:41,5.3
b92bfae5-4412-4877-86e7-f5a020461d92,Tiba tiba keluar sendiri sebelumnya nggak,4,0,2025-01-29 12:43:54,5.3
98040911-30cd-4df6-9ab7-35dc0cff6ebc,"awalnya mau marah di event yang hutao mau meninggal, eh ternyata ga jadi, makasih hoyo😋❤‍🔥",5,0,2025-01-29 12:42:14,5.3
ba673b45-0cf6-4b23-8777-6e9133f4d07d,"saya tak bisa memainkan game, katanya ada bug dan saya tak tau bug apa",4,0,2025-01-29 12:21:43,5.3
79d6ceee-ac78-4bc7-8b98-b63ccc60efc4,Seru bagus juga grafik nya,5,0,2025-01-29 12:12:53,5.3
76547908-fd8d-4681-b85d-310eecbba895,Aku sangat senang bermain ini.. Terima kasih atas cerita yang disajikan. Sangat Menyenangkan untuk menyelesaikan itu 👊🏻🤝,5,0,2025-01-29 12:01:52,5.3
1798ed80-5d32-4814-a1df-7c36ff94129a,kikir impect,1,0,2025-01-29 11:27:35,5.3
69411c9b-eaed-4def-ae81-cac2ca58dd6e,Saya selalu mendapatkan artefak yang jelek terus menerus saya jadi tidak mood main,1,0,2025-01-29 10:34:23,5.3
30aceefd-934d-4416-a214-59677b5f4ba2,"Really boring archon quest. Waste my long weekend for this. ""Straightforward"" story my ahh, it's just another power of friendship story with 0 stakes and 0 spices. The Natlan characters have nothing's going on for them except patriotism. Heavy glazing for traveler too, which takes too much screentime & gives nothing else story-wise except cringe. What a clownish take for what's supposed to be the nation of war. At least the dinosaurs are cute, as clunky to use as they are.",1,2,2025-01-29 10:29:03,5.3
03ce216b-012b-4191-be51-0e5b142eb640,"Tolong dong, lebih adil untuk kedua MC nya, jangan cuma mencondongkan ke aether doang, udah bagus tapi masih ga pernah mau nerima keluh kesah para player",3,1,2025-01-29 10:27:49,5.3
ea33bcfb-1c36-43e3-b438-009d95f9cb2b,I love furina,5,0,2025-01-29 10:27:49,5.3
bcbbcfa5-11aa-4196-85d9-1ee70054fe28,"Kikir, dpt cahr susah amat",1,2,2025-01-29 09:53:44,5.3
8773050f-24df-497c-9d9a-30c91cce2e31,tolong kurangi data nya,1,0,2025-01-29 09:36:35,5.3
a0b3ee87-b6ed-4e1f-8184-ec8aaccb9c13,Teruntuk developer Berilah skip all dialog karena tidak semua pemain adalah wibu karena kami hanya mau mengeksplore dan bukan membaca dialog satu persatu karena hampir semua karakter mempunyai dialog yang panjang Maaf aku pakai hp emak ku,4,0,2025-01-29 09:30:12,5.3
ed68dcac-ce3b-44eb-baa3-fa46c7f9b350,atlest kasih fitur skip side quesst kek annoying bgt lg enak2 explore tb tb ketrigger quest mana yaping nya lama bgt,1,1,2025-01-29 09:05:16,5.3
5ef9c7ec-7866-4918-90c7-ba3857095f4d,Aduhai baiknya,5,0,2025-01-29 08:43:05,5.3
f9d5367c-6bf7-476a-82d6-abdd2e3ec465,"Game yapping kebanyakan story telling, bukannya open word diperbanyak tarung malah yapping. Game kikir pelit",1,13,2025-01-29 07:16:36,5.3
8a1c7902-912e-40d9-b48b-820a66395658,Seru bgt,5,0,2025-01-29 06:54:31,5.3
cc1c3dd7-b0a6-445c-bbb8-e10ba9104567,Unduh datanya lama,1,0,2025-01-29 05:53:46,5.3
9aa5f574-7adf-462a-a922-a8c1bd50a625,Bagus game nya tolong buat raiden ei jadi semakin kuat karena dia kan varian raiden mei yakali ei paling lemah,5,0,2025-01-29 05:19:59,5.3
0c9318c3-7918-44d9-8671-f52624f05c2b,natlan burik,5,0,2025-01-29 03:19:00,5.3
b5fec5d7-9c4a-4a4a-bb03-e69e029b003b,i hope i getting more reward and decrese chance getting character in hard pity,3,1,2025-01-29 02:59:02,5.3
22101309-72a6-4d61-9391-2f4aea7b27ff,Gemeya bagus,4,0,2025-01-29 02:51:41,5.3
2746a21b-9a9c-414b-b1b5-e7a64d82d127,🔥🔥🔥🔥🔥🔥🍑,5,0,2025-01-29 02:01:44,5.3
65f9c446-17db-424f-804e-7af0a5510b1b,Andaikan bisa tuker karakter utama,5,0,2025-01-29 02:00:01,5.3
8b5d9e17-26e3-4a62-b4b6-583e5b3c03eb,perfect/10,5,0,2025-01-29 00:42:46,5.3
04c57944-9267-4249-a4ed-a9f6ed4cfd8a,saya pernah main bagus tapi lama download datanya sangat menguras memori dan waktu,5,0,2025-01-29 00:07:30,5.3
6d6321af-7f8a-41a8-acb6-321074dc2ee2,Game baik banget cuii gw Menang rate off sehat2 game dermawan (klo kalah rate off gw kasih bintang 1 lagi),5,1,2025-01-28 23:32:13,5.3
2e23e47e-d56d-4476-9114-c53bf8c24c4c,Nice game,5,0,2025-01-28 23:25:30,5.3
713526e5-9e83-42cf-974d-3e825ffff743,Bagus,5,0,2025-01-28 22:40:56,5.3
02443604-2fc2-40ea-ab32-af4020c20b04,Thanks hoyoverse😺,5,0,2025-01-28 22:33:18,5.3
f3ad3ed5-5153-462f-ac03-f46371a98471,Baru donlod loding nya lama bangett sampe 5 jam kali kecewa banget si,1,2,2025-01-28 21:54:41,5.3
7ae46033-c8c6-42a8-9071-04a76402b327,Yeah,5,0,2025-01-28 21:28:39,5.3
e2a6ff9d-d0c4-4754-81ed-9ca2f0f520d4,"Menurut saya dari segi grafik sudah mantap dan aesthetic, tapi pls penyimpanannya begitu besar:) , itu saja",5,8,2025-01-28 21:15:24,5.3
456fcd96-88a9-479f-bfcd-0a3cdc541170,"Sangat bagus,saya sangat suka",5,0,2025-01-28 20:58:10,5.3
9dfa5e6a-6b6b-4847-af86-2ffe4c561bd3,Terlalu lama donlout data nya,1,0,2025-01-28 20:55:32,5.3
2882c5a9-d16e-4491-a85e-d163e1aa328b,Enak dimainin kalo lagi santai,5,0,2025-01-28 20:49:22,5.3
04409acb-5001-4af2-a156-abfd91d5fb0e,GK DAPAT ARLECHINO PENSI MAIN,5,0,2025-01-28 20:31:59,5.3
f8819839-57c0-4bef-a5c7-d91046687a0a,"Asli asli, intinya mah ping nya di mobile lebih sering drop dibanding pc",5,3,2025-01-28 20:15:55,5.3
df69a865-c6bb-414a-81a0-330c61d2bd76,good,5,0,2025-01-28 20:15:19,5.3
2c459a2c-9ca9-4277-8dcb-97851f3fba95,Idk but boring story,1,1,2025-01-28 19:57:50,5.3
9f3f18e3-f2b8-4188-a440-3f71809763ba,Sebelumnya aku udah download pas mengunduh data jam 6 pagi sampek jam 5 sore baru 12 persen semoga download yang ini cepat bisa masuk,1,0,2025-01-28 19:47:30,5.3
737d4621-f1e4-4b78-afec-89cc3bcdc193,I love game story,5,0,2025-01-28 19:39:49,5.3
6b6d85eb-c450-401a-93a6-d2a7612af7f1,Game kikir pelit banget ke player nya,1,1,2025-01-28 19:30:06,5.3
cb890041-a8fa-46ac-bdd8-7df2ae17a241,Sangat bagus,5,0,2025-01-28 19:06:37,5.3
f82bbf85-64d5-4d1d-baaf-0b7e7f60b240,Game nya suda bagus walau pelit Primo.. tapi gua suka tapi gua mau komplen Ama baju ather yang kelihatan g perut itu di tutup bisa g biar g keliatan kaya cewe.,4,0,2025-01-28 18:36:06,5.3
5ff631ea-584c-4608-8bd7-3a2fc4a5c9a7,"Setelah bermain genshin saya lebih ramah,sopan tidak mudah marah dan kehidupan saya jauh lebih tenang.",5,0,2025-01-28 18:17:28,5.3
fdfbd503-1c13-4bd8-9dac-7a3295687d16,"Game sampah, quest nabrak2 jadi tidak bisa nikmati gamenya",1,0,2025-01-28 18:17:18,5.3
09fe203c-b2bc-4b04-a1e5-6851f14bb9b8,"I was defending this game when ur 1st anniv but nah for now, this game is in its downfall",1,3,2025-01-28 17:55:02,5.3
d37d6667-7a80-4f88-ba1e-59ec73ff6e1d,"Karakter laki2 dikit banget, bosan liat cewek trus",1,2,2025-01-28 17:25:06,5.3
b87b2a99-da28-459d-989c-e1da5168b7cd,"Well Made, Enjoyable Story and Easy Gameplay",5,0,2025-01-28 17:18:00,5.3
ce6fc08b-0405-4dd2-bd75-1100996bcdf3,"1-5 ku kasi 2 bintang, alasannya kenapa?1.terlalu banyak dialog/banyak omong 2.sistem gacha ampas 3.ping terlalu tinggi 4.gak bisa edit kontrol layar",2,0,2025-01-28 16:59:27,5.3
69f4c2c2-815d-4297-ae4a-f4ecd0cad1e2,aku suka,5,0,2025-01-28 16:42:31,5.3
a8de9370-b9f7-4acf-a9c7-eac092f78f6b,Kecewa hutao gajadi m*ti,1,0,2025-01-28 16:40:27,5.3
4e1ba0ee-c388-4e8d-ae94-7dedde6ba1d8,Untuk cerita nya sudah bagus cuma terkadang kebanyakan basa basi jadi bikin bosen,3,0,2025-01-28 16:04:21,5.3
8fc70589-4b6f-4172-b8f0-8a7cad787757,Masih pemula sih tapi bagus bangettt 🥰🥰,5,0,2025-01-28 15:46:55,5.3
90c682ad-1bb7-48d0-935f-cef3c64f50ac,best Lantern rute ever,5,0,2025-01-28 15:33:26,5.3
6ca9e8a9-9aab-4e99-82c0-a50ec839a02f,Bad Content.,1,0,2025-01-28 14:42:41,5.3
dac49716-373d-4164-ab41-3fc71e49479f,kalo udah kikir minimal kasih male chara,1,1,2025-01-28 14:33:36,5.3
04a61423-0b13-4d65-a6bf-4bc41ea0e99b,Bagus,5,0,2025-01-28 14:32:26,5.3
74795835-915e-4ce5-9cb3-3437e3d09d88,"sejauh ini semuanya sudah bagus, but we need more man",4,0,2025-01-28 14:18:42,5.3
665f55e5-1f66-4afd-b1f3-20324560e072,Susah login ulang (suka tiba2 logout sendiri dari akun) dan ngebug jadi ga bisa ngebuka aplikasi,2,0,2025-01-28 14:13:48,5.3
c6ff0aec-315f-4cf8-bccc-dd4b39f76020,Bagus sih tapi rada lagging._.,4,0,2025-01-28 14:13:28,5.3
e8731cf0-6720-457c-8c81-c4804a4f81c0,pas natlan ini alur nya ngebosenin,1,0,2025-01-28 14:09:12,5.3
04bbf9cd-4d4c-4ba8-a543-5f762c98b44b,aga mantep la,4,0,2025-01-28 13:27:57,5.3
094449cd-b29d-4170-af5a-34e88f57f9f7,"Stat artefak terlalu parah,tiap ada def pasti hp masuk, aneh gitu2 mlu, coba di fix lgi rate stat artefak biar ga bkin Player rugi material, tingkatin rate crit biar Player puas, thx",1,2,2025-01-28 13:11:17,5.3
1ad477bf-c748-45ae-9b5d-f887dd130d6d,Bagus grafiknya cuma agak berat jurus ultimate nya juga keren,5,0,2025-01-28 12:56:42,5.3
302939aa-7645-4d53-8e78-813939615f0f,game kikir,1,0,2025-01-28 12:42:09,5.3
c155af79-a0e6-4d04-9db9-c3bbfc48416e,Kasih bansos yang banyak Kayak honkai star railll,2,0,2025-01-28 11:45:43,5.3
c6a938f3-e6e3-4262-a7db-7ca81b973877,dev pemalas buat apa kasih bintang 5:V,1,0,2025-01-28 11:38:56,5.3
f87d0e44-f805-4443-b886-113a7e8169f4,woy!!!!!!!!!,5,0,2025-01-28 10:34:23,5.3
5c495c1b-277d-416f-8a65-881674acf544,"jelek banget, tergeting incel too much, karakter waifu dengan backstory yang sembarangan, tidak ada building sama sekali cuma ingin memuaskan incel, archon quest natlan yang sangat biasa aja padahal region sebelumnya berhasil booming, karakter laki laki yang hanya 1 bintang 5 dalam 2024, i already spent too much in this game and this is how hoyoverse treat me",1,7,2025-01-28 10:15:01,5.3
3bde5676-af3d-4766-ae1d-76d2a8ada2c5,"cintaku pulang, makasih game baik",5,0,2025-01-28 10:07:06,5.3
b51bc793-6e60-4181-aece-5e9da8b4bfb1,Moga moga teyvat di perbesar map nya,5,0,2025-01-28 09:45:14,5.3
d958ca00-d755-4821-afd4-95eb6996e230,1. Kurangnya Inovasi: Konten yang disajikan terasa seperti pengulangan peristiwa sebelumnya tanpa ada unsur baru yang benar-benar segar. 2. Minimnya Tantangan: Event pertarungan yang disajikan tidak memberikan tantangan yang berarti bagi pemain yang sudah lama bermain. 3. Pendekatan Fanservice: Saya merasa fanservice yang berlebihan dapat mengurangi kualitas narasi dan karakter dalam game.,1,2,2025-01-28 09:29:26,5.3
21423c7e-279e-45f6-8224-3c57f9426276,gud feri gud,5,0,2025-01-28 08:57:23,5.3
80886009-4169-4bae-a9b5-01f954d96031,"tdk keren, sudah membuat anomali imut kecewa",1,0,2025-01-28 08:43:07,5.3
2b9d7600-b39b-46f7-8401-5ded02fb6bc8,Keren bgt,5,0,2025-01-28 08:42:24,5.3
24bda1d6-3cff-4866-8dee-bdd79ec2bc89,Bagus game nya,5,0,2025-01-28 08:37:40,5.3
70a96468-9910-46ee-80e8-1740ea9269bf,WHERE ARE THE MALE CHARACTERS AT????,1,2,2025-01-28 08:31:00,5.3
aedc5803-f66a-414c-b0ce-e7ad5bd15a81,Seru,5,0,2025-01-28 08:17:38,5.3
5f0e0b8b-c518-423b-a65d-d5c2cf2887de,Mantap,5,0,2025-01-28 07:59:18,5.3
26696965-3fbc-4d5d-918b-e60738002496,"nyediain cs tapi gak bisa dipake, udah ngasih semua data selengkap² nya (uid,username,long device,before gmail,tgl pembuatan,first device,invoice,bukti gameplay dll) di tolak mulu hadeh",1,4,2025-01-28 07:12:53,5.3
c73a6cfb-c26d-41c7-8b02-42302fd128a4,Game nya bagus,5,0,2025-01-28 07:01:15,5.3
58de033a-c53c-47ba-b8d6-684ebd5da455,Game kikir,1,0,2025-01-28 06:51:25,5.3
817916a8-e5b8-4bbe-9bbb-5c9775cc6651,Kekurangannya canya nya kurang hoki,4,0,2025-01-28 06:17:28,5.3
0bf37601-7169-475e-bc50-eae8964b9c0b,keren,5,0,2025-01-28 06:13:16,5.3
b7478399-48b9-4c04-869e-b2a5880398c6,Enough with the fan service and add more male characters.,1,1,2025-01-28 06:03:57,5.3
5d17092a-2347-41c1-8f02-2878e984cd78,"Bertele-tele, kalo MC canon cuma Aether dari awal g usah segala milih mau MC Aether atau Lumine. Cerita lambat, Minimal ceritain tentang Lore kek atau apalah, ini cerita bukannya maju malah fokus fan service loml.",2,1,2025-01-28 04:04:46,5.3
9510ded7-ac93-4328-a035-fecac7c48ea8,kwontollll gacha jembod,1,0,2025-01-28 03:11:57,5.3
313d0f17-5577-4de4-9516-3741831825d2,THIS GAME RULE,5,0,2025-01-28 02:43:26,5.3
f39728e2-0953-4006-9669-1ea91b0b7d2a,"seru sekali gamenya, grafik nya juga bagus!",5,0,2025-01-28 01:27:49,5.3
ec54dc54-e531-49eb-a5d6-9cb13540d705,"Menarik game nya, meski dulu pernah main waktu awal rilis terus sekrng bermain mencoba ulang lagi, khas game nya tetap bagus dari dulu sampai sekarang",5,0,2025-01-28 01:19:37,5.3
29c144b9-7476-4975-b144-889ca76beed9,Like,5,0,2025-01-28 01:16:38,5.3
773c68fd-7744-40bd-876c-4f5d3d3a8fc7,"Kikir sekali. Karakter cowok pun juga kikir. Wahai Kikir Impact tolong berikan bansos yang banyak, atau setidaknya buatlah playable character cowok yang banyak. Sudah main sejak awal rilis dan kecewa berat karena ini game lama-lama malah jadi gooner bait beneran. Wahai Dawei mohon dengarkan keluh kesah player, sesekali saja :(",1,3,2025-01-28 01:08:56,5.3
fcb51e1d-f646-43ea-a272-05b94fcbad64,"Game percakapan terlalu panjang gajelas , sampah!!",1,11,2025-01-28 00:31:19,5.3
f50ce851-8d7a-459d-9337-5de6c018e0b6,After 3 years nothing change with anniversary gift 😔 any other gacha games > genshin.... even after 3 years,1,1,2025-01-28 00:12:38,5.3
5fa7ad45-aa82-409e-b87c-3c09778e5eca,"NOT AETHER ONLY, GIVE LUMINE SOME ARTS BRUH",1,2,2025-01-27 23:54:51,5.3
ffb811fa-3a5e-4abd-b907-77eb76710b5c,"Kurangi dialog yang panjang dan ga jelas, ga usah di panjang- panjangin intinya aja yang ditunjukin. Udah banyak yapping, story udah mulai ga jelas, mana char cowo dikit lagi. Semoga di sneznahya san region selanjutnya char cowo banyak yang playable, kurangin yapping ga jelas nya.",1,2,2025-01-27 23:42:44,5.3
6412045c-4ad5-4955-92c2-c573cacda302,give lumine a justice,1,2,2025-01-27 22:48:39,5.3
c6735205-20bf-40ad-85e0-f57b7d43343c,GAME PELIT,3,0,2025-01-27 22:42:11,5.3
1b5b8a40-9ac8-4b10-8eae-b6876da75c0f,"Saya sedih bagaimana Hoyoverse menganak tirikan Lumine, MC wanita. Saya jujur bingung apa gunanya pilihan MC lelaki dan perempuan jika yang disoroti selalu laki-laki. Bahkan di event baru ini highlightnya dikasih ke-Aether padahal MC saya Lumine. Walau saya sudah protes begini pun pasti tidak akan didengar, karna sesungguhnya dari awal dev game ini sudah toxic. Protesan player China kalian dengar tetapi kami tidak, betapa lucunya.",1,3,2025-01-27 22:39:11,5.3
dc5dfa7a-588e-4a04-a2c3-21c1fcf92d9a,ditinggal bentar udh disuruh download data ulang :(,1,0,2025-01-27 22:36:22,5.3
57cc40dd-405b-433b-ba48-53b70e49bae8,"Sebenarnya buat apa ada pilihan mc lumine kalau art event in game malah aether semuanya, bahkan sampai maksain itu si udel mandi sama chara cewek di livestream kocak kocak, oh transgender ya kayak okiku di one piece yang ada di pemandian cewek, makan tu bawelan player, emang dasar company gaje",1,4,2025-01-27 22:07:28,5.3
efda7a84-5596-48bd-8d00-812dfb3e57e7,"Dawei, banyakin cowok nya jangan banyakin cewek melulu",1,4,2025-01-27 21:57:49,5.3
608d199f-fa8a-4788-816e-5412c44a38aa,tambahkan tombol skip pada dialog!!! hargai waktu kami !!,1,0,2025-01-27 21:37:37,5.3
f8f002eb-d721-4880-acc0-d7dc16f118f2,"sejujurnya dari eksplorasi nya lumayan fresh story nya juga lumayan oke. tapi, saya jenuh dengan character cewek yang selalu diutamakan. character cowok nya mana? jadi sampingan? tolong perbanyak character cowok karena sejujurnya saya muak character cewek terus yang diutamakan. dan satu lagi tolong berhenti merusak citra aether. dia berkelana di tevyat karena adiknya bukan buat harem'an. kembalikan image aether yang sopan dan lembut, dan tolong belajar untuk treat kedua mc kalian dengan baik.",2,0,2025-01-27 21:10:13,5.3
9b00e671-6611-4314-b92d-fe519de08a62,Thank you,1,1,2025-01-27 21:02:12,5.3
c4bc5a82-4aab-41f8-ac2c-44cc3869b1bb,"genshin flop, natlan flop. makan noh waifu",1,3,2025-01-27 20:55:22,5.3
ba6251c5-69cb-490b-bdd9-f0932b6f0403,Sudah keren,5,0,2025-01-27 20:48:31,5.3
fbb44df6-91a3-4e3e-8cab-9a8a32a2ba94,Kasih makan terus nohh para incel. Dikira player cewek ga bisa bikin lu cuan? Makan nohh rating turun.,1,3,2025-01-27 20:39:31,5.3
ac08cc83-61da-44e6-9110-c8439a3d534b,"Good, overall aku suka gamenya grafik yang memukau, alur cerita yang bener bener unik, puzzle dari yang gampang sampai susah, untuk yang masih bilang fitur skip dialog ini game story yaa, jadi nikmatin aja kalau emang malas, bisa di tap tap aja walau aku tau itu emang bikin tangan tremor haha, untuk sistem gacha aku no komen sih karna ya udah bagus bagus aja, yang jadi masalah itu mencari artefak, susahnya minta ampun dapet yang bagus kayak hoki banget gituu, segitu saja masukan dari sya thank u",5,0,2025-01-27 20:35:53,5.3
7ae80033-6827-403a-8c6c-9108bb08bc07,Dengerin playermu ya lain kali,1,1,2025-01-27 20:30:32,5.3
b590c345-cf77-4013-9335-1ea6d58a6f2e,"Give Lumine the recognition she deserved. At the very least put her in the event banner, she us my one and only Mc so why is it Aether there??.",1,1,2025-01-27 20:30:07,5.3
629e00f0-132c-423c-89a8-9e87a3393b6f,Nice game bagus ceritanya bagus alurnya keren lengkap lah pokoknya,5,0,2025-01-27 20:24:21,5.3
868ce1de-a10d-499e-b7ed-a13bb8630450,"Genshin skrg kenapa force close mulu ya? Padahal buat main game lain lancar"" aja",2,13,2025-01-27 20:13:50,5.3
57cc23d5-2bc6-4842-9203-277a732673d1,game yapping,3,0,2025-01-27 20:08:27,5.3
5dd5e305-145b-471f-8571-8ea345b35408,"Gender character terasa jomplang. Player game mu gak cuman cowok doang 🤌 Gameplay nya juga rasis. Dialog nya juga bertele2 terlalu banyak yapping, tbh buang2 waktu",1,1,2025-01-27 19:52:43,5.3
a736598c-9a6c-463e-b353-b36add91bff7,Bagus,5,0,2025-01-27 19:49:49,5.3
8ad151dd-637a-48f2-9665-1c96d494180f,🤤,4,0,2025-01-27 19:39:54,5.3
c7676c1c-20c3-435a-a987-1210d310d2cd,singkat saja. give tall men character to female player. i know china in the past had many concubines but you with open eyes made two different MC. give justice to female player,1,2,2025-01-27 19:25:31,5.3
d512cfd3-7f0f-4160-bd8a-f6d710f97052,"pls bg, chara cowonya bg, aku mau chara cowok jangan cewek melulu. fanservice buat cowonya juga parah bgt, bikin ga nyaman. kalo mau menarik lebih banyak peminat dari kalangan cowo jangan bikin risih pihak cewe dan bikin mereka hilang respek ke kelian",1,2,2025-01-27 19:25:15,5.3
5e815d87-99d6-483f-9151-3c7dd7861770,Gooner game,1,1,2025-01-27 18:58:54,5.3
ac0786b9-59d0-4777-8ed1-9079ba81b87e,Game gk jelas,1,0,2025-01-27 18:46:27,5.3
6626e974-9dcc-49fb-a344-f0fe4d439558,Tolong lah kasih fitur skip pas ngobrol npc lo bacot baget kelmaaan gk penting,2,0,2025-01-27 18:43:56,5.3
5c6a704b-d38a-434e-b9a2-0e51ca0ded6c,game ini seru banget,5,0,2025-01-27 18:42:17,5.3
d5ae7cde-afe8-4bc7-aa34-fb7643263006,Tidak menarik lagi,2,0,2025-01-27 18:38:41,5.3
eb579837-fb55-4261-a8f7-309a514a6c4b,Bagus,5,0,2025-01-27 18:34:29,5.3
dda315bf-a0b6-406b-81b5-89cad30d4664,"Sistem gacha yang cacat, game sampah",1,0,2025-01-27 18:15:20,5.3
10c63a4a-ff83-4437-8617-e3dedb128329,"Tolong kasih saran,hape ini sempet keriset,dan ada akun ini juga,terus dipulihin lagi,akun nya di GI gabakal hilang kan?,kalo hilang aku bakal pensi",5,1,2025-01-27 17:40:27,5.3
84011c4a-78f4-43bb-95e3-98828078a7b2,Kok sekarang mengecewakan kali,1,2,2025-01-27 17:03:51,5.3
ee0705a8-60ff-48cd-813a-22f2b8668165,Gooner game,1,3,2025-01-27 16:54:08,5.3
d6b15c83-942d-4112-a9ca-6eb81299b8f1,Mana Fitur Skip Dialog Yang Kau Janjikan Itu Wok?,1,1,2025-01-27 16:25:19,5.3
e6000902-f968-441e-9023-8bed84d4ecd8,"No hope for this game, Release more male character i don't play this game to look at boobas, Atleast give lumine some attention and art dumbass",1,4,2025-01-27 16:07:53,5.3
7540219e-248c-49d7-9096-35dfd153d2a5,downgrade banget astaga,1,2,2025-01-27 16:05:54,5.3
8296a11e-24f3-4b09-822d-55056e357732,"ga pernah denger masukan player ah, males",1,2,2025-01-27 16:01:18,5.3
37b71620-e163-454d-ae6b-318eab10b5a2,"Game ini udah nemenin aku 4 tahun, gak pernah skip welkin dan BP. Tapi kok patch baru semakin gajelas gini, mau ngebait incel doang? Player cewe jg spendingnya banyak malah satu male b5 pun gak dikasih lagi yang baru. Cuih..",1,9,2025-01-27 15:47:05,5.3
b517066b-d845-4f8b-afe4-2ff5b5e3bf08,buang2 waktu 4 tahun main. mana ga dikit top upnya lg. dasar game kikir. stlh update natlan jd mengecewakan. makin ke sini jd game 4no anjir jijik bgt,1,3,2025-01-27 15:31:39,5.3
2c6e4851-388e-4b6a-b558-5399dc54754c,"Bro, fix your game. Keep feeding those incels and you'll lose many players.",1,1,2025-01-27 15:16:27,5.3
948e3d6f-d0ba-48f2-89ed-ea60d65c4ce5,game nya udah perfect tapi mines nya gada skip all dialog jadi males buat misi dan kurangin lgi loading pas bru download masa saya nunggu dari jam setengah 1 sampe jam setengah 5 jadi update selanjutnya saya saranin buat cepetin loading nya dikit dan tambahin skip all dialog kaya game one punch man : world,4,0,2025-01-27 15:13:45,5.3
bbd93fb1-7bd2-4d99-aeec-3774df6078c3,kikir tapi waifuabel,5,0,2025-01-27 15:12:41,5.3
79aab56b-84af-4c56-8697-b450403480cb,"Stop kasih fanservice ga perlu. Please kasih kita banyak karakter cowok, muak liat cewek mulu.",1,10,2025-01-27 15:08:38,5.3
456714f4-6a00-4792-a27d-38eb925a7cf0,Parah sih. Akun klo spend uang rate gachanya makin kecil. Bayangin 6 kali gacha semuanya diatas 70 udah gitu hampir kalah rate off dihigh pity semua. Dulu ga ngspend malah sering dapet dibawah 40-50 menang terus lagi seumpama kalah pun di low pity. Trik marketing kah? Karena dia punya duit pasti bakal top up sampe dapet? Tlol. Udah didukung dengan top malah ngelunjak. Gimana orang ga bosen dan pindah game coba. Orang ngeselin developnya Ini salah satu alasan player kabur ke game sebelah.,1,3,2025-01-27 14:59:20,5.3
573e31f1-811c-4691-b163-4cae186f9d66,"I ada sukak bgt sama game nya, dapet req dari cece i dn i bisa ketemu abah😄😄",5,0,2025-01-27 14:59:06,5.3
e6052789-8bba-494e-b22b-f0cedf0406ab,Nu uh,1,0,2025-01-27 14:49:35,5.3
ee008bd9-7f28-437f-a072-500475579820,"Dialog sangat lama dan membosankan ga ada fitur skip,.. sangat mengecewakan",1,91,2025-01-27 14:49:19,5.3
f89dcbef-262a-4bee-9b62-dd72b1670b08,game yang keren,5,0,2025-01-27 14:44:45,5.3
31750a64-50ca-4a06-9b37-42340744f56c,"No comments, this game created its own downfall",1,1,2025-01-27 14:41:06,5.3
2e48e9a3-e2ac-453f-bb2e-59844ffcbb84,"Saya player dari 2021 kecewa melihat perkembangan game genshin ini, semakin banyak fan service untuk laki laki sehingga tidak adil bagi player perempuan yang tidak mendapatkan satupun fan service dari karakter laki laki. Kecewa dari segi design karakter natlan yang memiliki kulit yang sangat cerah. Tidak ada karakter b5 laki laki lagi di natlan. Mengecewakan",1,56,2025-01-27 14:29:17,5.3
1b4532ec-31d3-41e8-8329-6b40f08d574b,sexualize perempuan terus,1,1,2025-01-27 14:25:41,5.3
d5b8bd74-b3bf-4052-b990-5b1956ac03d9,"Menurut gw keren banget grafiknya,animasinya, sama explor yang luar biasa",5,0,2025-01-27 14:17:58,5.3
3e519136-26e9-4a39-8d28-77a35c0d046e,Udah jadi gem 4no yg dibikin buat incels. Story dan character Natlan amsyong semua. Char potensial husbando dibikin mokad.,1,2,2025-01-27 14:17:41,5.3
4cdb0d00-aae8-419c-98de-76d6eb461399,Mantap,5,0,2025-01-27 14:17:30,5.3
c84d757a-f950-4950-a568-562a24bde308,"please make the female and male characters equal, genshin is getting boring!",1,1,2025-01-27 14:07:14,5.3
99d89469-64f8-4a09-a213-e66587888841,Akhirnya setelah sekian lama bisa mainin version original nya huhuhuh pengen nangis,5,1,2025-01-27 13:48:02,5.3
062161a2-1daf-42bd-a50e-603178b4923f,"kikir impact, gaakan gue update kalau masih kikir & ga adil ke dua mc",1,1,2025-01-27 13:35:10,5.3
134b04f9-4caa-4acf-8474-25aa8240ff8e,Terimakasih hoyerse anda baik sekali memberikan 20 kali pull gratis di event tahun ini🥰🥰,5,0,2025-01-27 13:00:43,5.3
105454e8-c3ea-49fa-bd3d-cf7a7d69a25d,Where's boy character hoyo? And why it's always aether but no lumine???,1,1,2025-01-27 12:52:49,5.3
8aedec1c-0c3f-4e00-aebb-8497b1ba7abf,Wey mihoyo ga ada niatan ngasi fitur skip dialog yaah cape bet jir 😤😤,1,2,2025-01-27 12:48:47,5.3
dc430af8-4385-4889-bcd9-b46b7460f530,"Kecewa. Sebenarnya game ini mau dikemanain sih? kok makin lama ga jelas story event-nya, rasio character cewe:cowo jomplang. world buildingnya ga seimbang dan character writingnya sampah. Kalau emang dari awal mc nya Aether gausa buat Lumine jadi pilihan mc dong. Kasian yang mc nya Lumine dapat fanservice dikit, sisanya ke Aether harem. Sepongin aja tuh incel, dasar game kikir.",1,2,2025-01-27 12:47:05,5.3
3fcedfdd-77ef-410e-8c1b-4597254b06cb,Need 120fps fr,2,0,2025-01-27 12:37:43,5.3
52986f55-7039-4174-98d6-b5e6db7c27b7,Too much fan service :) don't like it at the moment.,1,1,2025-01-27 12:25:29,5.3
4a22f9f7-ece4-476d-a764-38e20dd740ff,Game jelek,1,5,2025-01-27 12:20:58,5.3
8223821e-1781-4516-9f63-a13eeb376fe8,Terimakasih game kikir,1,0,2025-01-27 12:18:57,5.3
01f64e3c-3705-4fbd-b90e-fe2a1c518308,gg banget,5,0,2025-01-27 11:56:58,5.3
0f9c9821-69da-48e5-823a-2870e81bc548,"Makin downfall juga ni game? Rasio karakter cowo sama cewe beda jauh, story natlan basic banget, litterally setelah natlan cuma mau kasih makan para pemain incel. No hope buat game ini",1,1,2025-01-27 11:36:29,5.3
789d2674-c6a2-4b1f-a4d4-b3686bc627aa,"Gamenya udah bagus, tapi ada kekurangannya, yaitu ngga ada perbedaan jalannya cerita dari MC cowok ama MC cewek yang bikin beberapa bagian ceritanya kerasa aneh dan ngga masuk akal. Dan gw nyesel milih MC cewek 🤧",5,1,2025-01-27 11:30:09,5.3
54820310-5b94-4d04-934a-b7b03615ecd9,game kikir,1,0,2025-01-27 11:28:48,5.3
f114932e-c6ca-47cd-9772-664b7a8cb6a4,sangat menyenangkan dan banyak misi yang harus di kerjakan dan itu sangat menarik,5,0,2025-01-27 11:15:57,5.3
5adabcd4-d752-41e3-8826-4ace5ceded1b,"Eeeeeee, atau game ini dari dasi gantung tapi sayang nya nunggunya lama nunggu loading",4,0,2025-01-27 10:12:19,5.3
12842297-9e6d-48a3-b6a0-0be3abc42012,Sangat baguss,5,0,2025-01-27 10:08:03,5.3
19047eea-1fd2-43ad-9b4b-b6a03ef5cc19,gacor lek,5,0,2025-01-27 10:05:10,5.3
02745857-0cb9-46d6-8d2b-974b80661542,"Story quest"" ny bagus, tpi fanservice ny ga.",2,1,2025-01-27 10:03:42,5.3
54d57055-e639-4faf-9aa5-0320ce5be658,jelek,1,0,2025-01-27 10:00:08,5.3
4affda87-695d-4ce4-9f71-15a28019cc23,"habis map Natlan malah makin kacau story AQ gak jelas banget, eksekusinya kurang udahlah pelit reward sekarang rilis karakter cowok pun pelit saya harap ada perbaikan ya",1,4,2025-01-27 09:56:11,5.3
d8f62081-e870-4a24-b35b-492aa90d84c5,GAME INCEL FINAL BOSS!!!!,1,2,2025-01-27 09:21:11,5.3
0ff33555-9be6-40ab-bfac-f1e391254e7a,makin kesini makin tolol,1,1,2025-01-27 09:17:01,5.3
14ca1ddb-185e-4b93-a7a2-5dc555b4ec75,Gamenya bagus,5,0,2025-01-27 09:05:51,5.3
4c5e85ef-fb1e-450a-96e7-2411b64d3e12,"Jelek banget, gak adil ke semua MC, terlalu banyak fan service dan merujuk ke harem aether. Cerita makin bland, makin lama makin jelek.",1,3,2025-01-27 08:40:34,5.3
51807d52-13ac-4244-a77c-43640748f5cc,"Gameny bgus sih, alurnya, charnya sama map nya cuman kalau masalah yappingnya itu menurutku ku gak ada masalah malah itu rasa dalam genshin impect ini",4,0,2025-01-27 08:26:15,5.3
a8e0da3f-fa62-4513-8340-24a1cdefd89f,"Makin lama storynya mid, chara cwe mulu yg rilis, udh gitu kek setiap cwe di genshin suka sama mc mulu lagi. Sekalian aja bikin game otome dah klo kyk gini",1,3,2025-01-27 08:19:02,5.3
6aa8ce72-476f-4dcd-ac1c-6ecbd1c73303,game nya seru dan jalan ceritanya seru,5,0,2025-01-27 08:18:48,5.3
592b81fd-3a9c-465e-9ef2-0a320dc1860f,Game incel jelek,1,1,2025-01-27 08:04:02,5.3
ead6b385-fe57-4238-969a-ebd324d81008,"Tolong buat fitur ganti mc, sekali aja gpp / di buat kayak quest. Jika sudah ar 30 nanti bisa ganti mc cowok/cewek sekali",4,0,2025-01-27 07:41:11,5.3
1ad1b8e4-5a7b-421d-a709-636497697b4a,"game sampah, gajelas",1,0,2025-01-27 07:30:59,5.3
4a3d4fe0-840c-4c38-9c0d-317a93f774be,kok aku loading nya lama,3,0,2025-01-27 06:48:11,5.3
1f511a73-6a7f-45f2-9e60-4a870b8e611b,Semoga kedepannya makin banyak bansos,5,0,2025-01-27 06:13:18,5.3
6fcf85f2-bf0f-47ce-8b5d-ba105f12b50f,"Anti kritik, kalo mau didengerin lu harus jadi cina",1,2,2025-01-27 05:55:23,5.3
f80ac3aa-96d7-4dec-9665-86e25a477508,"I have stopped playing since patch 4.9. this game has become quite boring since the fountaine patch. too many new characters added that are only female and updates of things that are honestly not really necessary accompanied by sizes that are always large. There is no character development from the MC himself, and the character that players expect to be playable is likely not playable at all.",1,2,2025-01-27 05:14:38,5.3
7d935933-7fda-4d98-b536-23f3bb5d24e1,"Terima kasih atas penderitaan pengalaman gacha saya di game ini, semoga game ini semakin membaik di masa yang akan datang. MAU SAMPAI KAPAN AKUN GW GACHA DI BANNER SENJATA RATE OFF TERUS, GAME SCAM KEK UDH DI SETTING. KEK SLOT AJA 😡 IMPROVE GAME AJA SULIT, TOMBOL SKIP AJA ENGGA ADA, UDH 4 TAHUN NGAPAIN AJA",1,12,2025-01-27 04:06:20,5.3
50fa3539-33a6-41ee-acf5-b38076a7f44f,"Nih ya, terlalu banyak yang di komplain. Mon maap bgt, tapi mohon untuk melakukan keadilan antara dua MC. Dibikinin dua art buat masing masing MC, jangan satu doang, kalian kan bikin MC nya berdua masa yang di kasih muka si Aether doang, kalo kaya gitu ngapain bikin MC nya dua kalo yang di jadiin art event cuman satu. Ini gw sebagai player Aether pun merasa ga adil sih buat yang milih Lumine",1,2,2025-01-27 03:01:36,5.3
4b7d0b0b-8858-43ad-9813-4de753577acc,Story natalan jelek parah panjang ga jelas ga ada2 tombol skip lu kira kita pengguran yg bisa ngabisin waktu buat story panjang ga jelas gitu,1,1,2025-01-27 03:01:09,5.3
4a620c7e-b171-4d86-8260-18f9729f57ce,"Terus aja dev nya ga dengerin player☺️ pilih lumine kok art ingame nya abyss prince. Chara cowo 5 star nya juga dikit banget, sampe 1 doang di tahun kemaren. Malah nambah konten fanservice ga guna lagi",1,8,2025-01-27 02:12:17,5.3
742deb94-bf01-4505-95e8-cc399bd7ddca,udah kikir bukannya malah bagus nih game malah tambah jelek,1,9,2025-01-27 02:11:55,5.3
e2e7688b-6850-4bd9-b032-3907237e896a,Fitue feedback sebenernya buat apa kalau dev gak pernah dengerin keluhan playernya?,1,1,2025-01-27 02:08:13,5.3
1f8c6b28-5b5f-455d-8a10-1a292573b634,"Tolong diadakan tombol skip untuk story, karena ga semua orang mau baca cerita.",5,1,2025-01-27 01:42:24,5.3
51893222-6138-4791-8457-b6663d1b6197,"Boring story, bertele-tele, kehilangan vibes fantasy because it feels modern, pembagian antara mc aether dan lumine tidak adil pada beberapa art, sangat pelit tidak seperti game gacha lain, konten-konten end game tidak menghasilkan primogem sehingga sangat membosankan. Overall, this game is getting lower and flop 👎👎👎 hope you read this dear developer",1,1,2025-01-27 01:16:02,5.3
0da5898e-6ee9-4572-8d80-ba98088d530b,Gw kasih bintang 4 aja deh karna masih ada kekurangan di dalam game nya. Overall dari segi grafik udh bagus banget dan jga pemandangan yg gabisa di dapat dari game lain ini membuat gw tercengang Tpi kekurangan dari game ini tuh dari permasalahan data yg sangat boros terus terang gw bilang gw beli kuota/data 20GB main cman 2 hari udh abis jadi ya sebisa mungkin tolong buat agar tidak terlalu boros dalam pengambilan data/kuota Buat Dev nya cman itu keluhan gw jadi ya tolong kasih peringan nya ya,4,0,2025-01-27 00:58:36,5.3
559c249a-b161-4fde-afa8-4dcaf0d6e55a,"Update qol nya selalu minim dan cenderung ngasih fitur yang gak penting-penting amat. Konten endgame kering, eksplorasi region terbaru (Natlan) berasa dihalangi paywall (kalau gak punya chara Natlan, bakal kerasa sulitnya. Kachina yang chara gratisan pun fitur eksplor nya termasuk meh), ratio chara waifu dan husbu seperti langit dan inti bumi (ini game mending ganti nama aja jadi 'gathering wives', apalagi setelah ada adegan Aether mandi bareng cewek-cewek di video Livestream 5.4 itu).",1,8,2025-01-27 00:57:57,5.3
9a32211c-d508-46fb-8880-48bf036e4029,Sejauh ini update terbaru sangat mengecewakan. Ceritanya semakin membosankan dan rasio karakter laki-laki dan perempuan yang tidak seimbang,1,42,2025-01-27 00:54:19,5.3
ff377fcf-5b62-4104-80b7-dbe1e7dfc559,Seru banget!,5,0,2025-01-27 00:38:03,5.3
b99b8a44-84e0-43dd-b507-2a33e70daacd,kecewa leee gak ada yang menarik akhir-akhir ini :/,1,8,2025-01-27 00:30:05,5.3
558aa6fb-b473-4821-ba3e-58b8b69e6d28,"Too many fans service. No male characters anymore, 2025 downfall era?",1,2,2025-01-27 00:27:14,5.3
bf433783-5390-4021-89c4-294979cc69a1,Developer ampas. Ga dengar player di luar mainland. Bikin jenuh jg. Persebaran chara ga merata. Milking audiens mulu mana mantatin banyak budaya. Ga berbenah dan tuli.,1,1,2025-01-26 23:12:48,5.3
ccdddf23-5337-4e3c-87de-15b81f1b2ed0,"Quest ny bertele-tele, smpe mual maen ny",1,1,2025-01-26 23:05:35,5.3
79e79ccd-c02a-4258-b320-a4bcce3e588b,"makin kesini makin aneh, dan masih pelit reward.",1,1,2025-01-26 23:00:49,5.3
32ae51ee-db4a-4131-8d9d-ba4608851c4f,"Aku sayang hoyo, aku sayang genshin",5,0,2025-01-26 22:57:13,5.3
6edf4e4b-9ef1-4fde-a674-febe955792ea,Tolong lah min kami mau Primo minimal setelah update di kasih lah 1600 Primo sekali spin 😭🙏,5,0,2025-01-26 22:56:27,5.3
a7f671d7-eb23-48af-a6f1-820c0ffe2911,semoga nantinya android bisa ditambahkan kontrol keyboard dan joystick,2,2,2025-01-26 22:39:58,5.3
d217f56e-7b65-455a-b22c-b0dcb82146d1,"Gamenya bagus=story juga ok, grafik bagus cuma butuh speak HP yang bagus juga, untuk gacha ok, dan untuk pencarian promo games dan yang di kasih dari developer sangat kurang, untuk mode dan event dll bagus",5,1,2025-01-26 22:14:24,5.3
814a751e-e79e-42c3-9976-94d2531427cf,Update makin kesini makin ampas dan jelek,1,0,2025-01-26 22:11:26,5.3
dfb5f31e-f587-437b-9fa7-6c3636ca08ed,I don't mean to badmouth this game. I'm just a bit disappointed with the recent events and storylines that don't have English dubbing. It feels like I'm talking to a dead character. It's really annoying. Please fix it so that the characters can have voices.,3,0,2025-01-26 21:04:22,5.3
f1bb3c89-8be4-4f53-8240-b9cdaab008f6,"singkat, padat, jelek bgt skrg :)",1,0,2025-01-26 20:50:33,5.3
836ed650-ff0d-4f1c-9724-a5532ada3825,Sedesperate itu kah naikin sales sampe scene gak penting dimasukin? Kecewa berat,1,0,2025-01-26 20:48:36,5.3
bc1e2abc-c14c-4609-b61d-df3e13c543b3,goood,5,0,2025-01-26 20:43:56,5.3
17f51306-fec0-435b-a70b-c949f834282e,"booo! game kikir!! alur cerita makin gajelas!! tolong jangan buat genshin jadi semakin parah dengan adanya gooner bait!! kembalikan alur genshin seperti semula!! buat lebih banyak karakter laki-laki!!! kami, terutama sebagai player wanita sangat kecewa dengan perkembangan game ini! 😡👎👎👎",1,1,2025-01-26 20:33:57,5.3
9a24d44c-3df2-477a-a69a-2f2183ced47a,"Game nya bagus, trus scenery nya, lore/Cerita nya juga bagus, character nya lumayan, sistem gacha dan dialog nya kurang, kdng cerita nya lama bagus, overall bagus ya",3,0,2025-01-26 20:28:50,5.3
8ae917b8-4522-4669-ab7f-2a69ffa80170,"Exciting game, but too expensive",4,0,2025-01-26 20:13:33,5.3
402eaf67-c2d0-4e0a-93a1-d39d023d7ec3,Worst. Jelek banget.,1,1,2025-01-26 20:12:31,5.3
da496912-4bc9-4f71-9d42-2a886d3c8f51,Game kikir,5,1,2025-01-26 20:06:07,5.3
0748f823-7f43-4a9c-ad2d-7c605ed61867,"Jelek bor yang bener ajeh cewek sama cowok mandi bareng, kalo emang mixed gender ya minimal tambahin lakinya atu biji lagi",1,2,2025-01-26 20:04:17,5.3
ea77f98a-4479-4701-a781-3371f9bb95eb,kikir dalam semua aspek. (termasuk pelit char cwk) ubur ubur ikan lele kecewa berat leee,1,2,2025-01-26 19:46:41,5.3
bff26ca3-81fd-48ca-9892-4df0f0cb3343,"Developer please update QoL! Farm material sungguh slowwwww, Chara utk ""jadi"" butuh berbulan-bulan lamanya. Sementara itu dulu, udah ak tulis semua kapan lalu, gatau bakal dibaca atau ngga.. moga aja:)",1,2,2025-01-26 19:40:56,5.3
9641f16b-291d-42fa-8a67-5ace46c27efa,your pity sistem is disappointing,2,0,2025-01-26 19:34:58,5.3
466393a4-708f-4ef9-84c1-39646e5c311d,"Game kikir, ga terima kritik.",1,2,2025-01-26 19:31:29,5.3
4924ba4b-e011-4572-9043-1ee66855872c,Beberapa karakter tidak ada suarany,1,2,2025-01-26 19:26:24,5.3
ef49e8fa-c98d-41ff-b380-db9c6813e1e8,Tolong dengarkan keluh kesah player anda! Semakin lama semakin bosan bermain game ini. Saya tidak masalah dengan fanservice yang ringan tidak masalah tapi semakin lama dev kesannya malah membuat fanservisenya semakin tidak senonoh. Kenapa hanya selalu player pria yang mendapatkan fanservice itu? Player wanita tidak? Padahal kita juga spend uang untuk mendapatkan karakter kesukaan kita! Padahal juga ada player pria yang akan gacha demi karakter pria jika memiliki efek yang bagus dan berguna.,1,1,2025-01-26 19:18:41,5.3
543f4dfe-0729-4532-b535-bd67a000d222,Game nya sangat bagus grafiknya keren Tapi bisa lah kurangin download dalamnya 30gb cuy,5,0,2025-01-26 19:06:36,5.3
958df91f-e34f-499e-81ab-b9a13b593181,"primo banyakin napa, kikir amat, bagusan hsr",1,0,2025-01-26 18:56:08,5.3
60c146fa-2c09-4778-a080-eff0a49a95a3,sayangg paimon,5,0,2025-01-26 18:48:35,5.3
7cfa6a63-fa73-4015-ad63-1baeff7e77bf,Tambahin fitur skip,3,1,2025-01-26 18:45:35,5.3
e8462353-d4aa-4b3f-94ec-d8903cc351e4,"Beberapa karakter tidak mengeluarkan suara saat ada event yang tengah berlangsung, bisa tolong diperbaiki??",5,0,2025-01-26 18:39:30,5.3
f3eb9dba-a9ab-4110-ad3c-54a635d8cd5a,"Bad game, only female characters appear, like a harem game, unfair to both MC!!!",1,0,2025-01-26 18:29:08,5.3
c58acb4c-0420-4505-95ef-3b279f265d2a,"Gooner game, making a man and a woman in the same bathing space is such a disgusting thing",1,3,2025-01-26 18:27:06,5.3
5fcb25db-4820-47ab-9f95-cbacaf36a6d9,The best,5,0,2025-01-26 18:25:29,5.3
f058b72c-4a5a-4e28-bd6c-3f98a61207d9,Capitano hidup pls,1,0,2025-01-26 18:16:49,5.3
b3ccc084-f784-4128-a78b-417ca2d45278,game pelit,1,0,2025-01-26 18:15:48,5.3
a0014a4f-2c3e-4fe0-bc84-4588ef137d5f,kikir bgt jadi game,1,0,2025-01-26 18:04:50,5.3
c457634f-1066-467d-b5b6-270547da5894,"Game kikir, makin hari makin ga jelas. Lebih banyak character cewe dari pada character cowo.",1,0,2025-01-26 17:58:15,5.3
0fcb86cf-796d-444f-90e3-5b7b2d9ba2c2,"Udah kikir primogems, kikir char husbu pulak",1,0,2025-01-26 17:17:46,5.3
f3bb60bb-b5d2-450c-b25d-f2349ef4458a,"Game pelit, pelit primo, pelit karakter cowo, semuanya peliiiit",1,0,2025-01-26 17:02:19,5.3
a8a844f5-33ec-44f5-b8f8-1f214919c721,"Genshin makin jelek, makin sampah terutama semenjak natlan rilis, alergi ngasih ke karakter kulit tan skin, budaya natlan yg ga sesuai Lore dan berlaku tidak adil terhadap mc lumine, kayak come on, di hsr aja ganti gantian mc nya, masa disini cuma aether trs yg ditunjukin di setiap trailer? Buat apa bikin lumine klo di anak tirikan kayak gini? & Stop bikin karakter cewek terus, gw yakin game 4no kayak lu ga bertahan lama",1,13,2025-01-26 16:56:57,5.3
0cca9cee-f39d-47ed-860e-c3f1c0e18ab1,"New updates has been dissapointing lately, the developer said that they care about their fans but in truth they only care about certain group of fans and not all of them especially female players",1,2,2025-01-26 16:52:59,5.3
47c21c8a-20ec-4949-8942-1465a46f153c,Lovet it.,5,0,2025-01-26 16:26:54,5.3
e9ab9488-6a91-4c23-acba-38e2d8490c24,Give us female player justice like furina!,1,0,2025-01-26 16:15:44,5.3
ab14d8e7-1d35-4ca7-9c87-cd43c0468c58,Game jual story bagus masa tiba2 downgrade jd jual fanservice murahan,1,1,2025-01-26 16:07:45,5.3
a6e92517-b7e9-4b2e-897b-19293cbb4e99,"Arigatoo buat hoyo karna udah buat game se GG ini,temen gw berhasil terpengaruh buat download juga wkwk🗿",5,0,2025-01-26 15:59:09,5.3
ce48ccc5-7706-4543-aa08-7d2126df03d7,makin jelek alurnya kebanyakan bait gooner,1,0,2025-01-26 15:56:04,5.3
f765b90a-0c61-40b4-96c3-22b1f494b191,"after this path, the quality go down",1,0,2025-01-26 15:43:36,5.3
aa8fb1b7-4e58-4b08-87bf-52ee372bfc2a,"feedback dari player ga pernah didengar sama sekali, makin ke sini konten making bosenin, characternya gitu gitu aja, story jg ketebak. game problematic",1,4,2025-01-26 15:39:48,5.3
8162c021-2f9b-4fdc-9307-86d2855be7ca,Sekarang udah lumayan baik tapi kenapa jadi gooner game? Pls lah hoyo stop jadiin genshin game yang jelek,1,0,2025-01-26 15:37:42,5.3
b81f18bf-1c53-4095-ab65-15b0799ef787,mnattaaappp!!!,5,0,2025-01-26 15:25:46,5.3
bcff0d97-81e5-46de-bdaa-a5971f7a1d63,what a disappointment genshin,1,0,2025-01-26 15:02:22,5.3
e9d46688-17ed-4140-aacc-01d3ff85881b,"I hate the newest teaser that shows aether in the bath with the girls, what I mean was can't you guys just use Lumine instead of aether?",1,1,2025-01-26 15:00:51,5.3
cf1a34c3-2856-4606-a1cf-c55f5f6d0e63,"Ckckck update forno, gmn sih hoyotod",1,0,2025-01-26 14:52:28,5.3
246f8920-e793-432d-80d7-ab552e4bc5fd,Tidak seru karna sudah tidak ada lagi konten yang memanjakan para pemain wanita 👎👎👎👎,1,19,2025-01-26 14:44:34,5.3
58bd58e9-8ed8-42af-87e6-2566cf42ce6f,tambahin chr cowok jgn incel trus yak,1,1,2025-01-26 14:42:25,5.3
05bbd758-e7ad-4c75-82da-cfaca1f35e0d,bosen,4,2,2025-01-26 14:37:42,5.3
bb4e45fb-471d-4b44-9fa8-257fed2b8bf3,"menurut saya sudah cukup bagus sih gamenya, dari segi grafik, gameplay, map, story, maupun desain karakter nya sudah bagus, tapi tolong lah minnn perbaiki voice beberapa karakter ada yang hilang saat quest,entah cuma punya saya doang apa player lain juga merasa begitu.... selebihnya udah bagus sih terimakasih 🙂",3,48,2025-01-26 14:35:59,5.3
7f51dd4a-5ec3-4b0a-a83d-c410c531dce0,bro tidak mendengarkan saran & permintaan player 👎,1,0,2025-01-26 14:35:07,5.3
a4b166f3-e42a-4273-9180-3d43d70c44f5,5 star character???,1,0,2025-01-26 14:28:58,5.3
c829a47c-273f-4b37-9a24-77a3741489e2,"kikir, tidak f2p friendly.",1,0,2025-01-26 14:21:50,5.3
1384cd6c-dba0-431d-a09f-56d7fc2562c4,Nice,5,0,2025-01-26 14:13:35,5.3
fe6c08b6-c395-474d-8d05-e6c77547a3a3,"semenjak natlan rilis, genshin mengalami penurunan dari segi design dan eksplorasi. archon quest di natlan memang sangat keren, vibes dari nation of war sangat terasa dan saya yakin banyak player yang setuju tentang archon quest natlan. tapi semakin lama, banyak design karakter khusunya untuk perempuan yang terlalu terbuka dan gampang untuk diseksualisasikan, serta kurangnya perilisan karakter lelaki. dan saya harap developer game mau mendengarkan masukan dari player lain juga.",2,2,2025-01-26 14:09:34,5.3
a15c43d2-2d1c-4be1-9526-a2252a791b26,Dont play this game,1,0,2025-01-26 14:04:10,5.3
60a4f1ce-fe45-47a6-9791-bdeceffdaa35,"The ratio of male characters is very small, over time this becomes a quiet game and the server closes.",2,0,2025-01-26 13:46:44,5.3
cf24caff-6841-4561-9bea-3398af630c3b,Terlalu kikir 🤡🤡😡😡🤬,1,0,2025-01-26 13:31:44,5.3
1f092f3b-ca1d-4440-9bc1-3602c1656af4,segala keluh kesah sudah diwakilkan oleh player lain,1,0,2025-01-26 13:26:17,5.3
35bffc9c-cd09-4103-a40d-063194693f4f,Game incels,1,0,2025-01-26 13:25:32,5.3
c91422f3-86e2-443f-b1ae-bb1ef00ff15d,Jelek donlod data ya gk gotak,1,0,2025-01-26 13:16:36,5.3
d44b0bcd-10f3-4065-9713-abd351ea7be8,server asia benerin lah. lagi tarung ngeleng terus,1,0,2025-01-26 13:14:12,5.3
38c1dde0-8f7c-4035-9ec6-dbcf5cb6d5ba,Bagus,5,0,2025-01-26 13:11:32,5.3
d13bd920-ab97-4660-8668-9f40656da874,"Singkat saja, bagus, grafik hd, seru,",5,0,2025-01-26 13:03:55,5.3
a27beb73-6caa-4bd8-a68b-31aa061ba416,Tambahkan fitur skip story!,3,4,2025-01-26 12:29:20,5.3
49379038-1241-4baa-955d-1d53685af09f,Tolong adakan fitur skip dialog quest untuk setiap game hoyoverse,5,0,2025-01-26 12:22:06,5.3
8fcdf27d-e647-4cdb-88ec-d90bf499d228,Gak ada alasan pokoknya bagus🗿✨,5,0,2025-01-26 12:10:51,5.3
8b043117-8324-45c3-b224-4a2d1dad78f4,HELL NAHH,1,0,2025-01-26 12:10:22,5.3
49e049d6-2829-41c6-834b-b7f48c7c44c2,"game ga jelas, gacha udh habis 750k malah dapet yg udh punya",1,0,2025-01-26 11:34:28,5.3
4edd1a52-75a9-4b5a-8c26-c3b235583daf,Bagus,5,0,2025-01-26 11:21:09,5.3
425f607b-db52-43fd-b90c-5a129240f2e4,"makin lama story makin down, jelek.",1,3,2025-01-26 11:19:41,5.3
4cef53f2-b985-4b59-804c-55b984812f0a,saya sangat suka karena dengan eksplorasi dan banyak teori yang berkembang dari banyak pemain yang memainkan game ini,5,0,2025-01-26 11:18:30,5.3
54af40ff-8f56-451c-b8e2-a96347471c61,BERIKANNN SAYA ARTEFAK BINTANG 5 YANG BAGUS JGN DEFF MULU YG DIBERIKAN KALO SUDAH BAGUS BARU SAYA BERIKAN BINTANG 5 !!!!,1,0,2025-01-26 10:57:01,5.3
edaa7749-de2a-46cb-bb8a-7db66f6adafb,"Saya kasih bintang 5 karena hp saya udah ganti, jadi udah ga patah-patah lagi mainnya😁😁👍",5,0,2025-01-26 10:28:32,5.3
622d64e9-3a46-453a-95bf-f65b26f2ecb4,puasin tuh incel wkwkwk,1,3,2025-01-26 09:39:40,5.3
66cb48f6-6e99-44f9-aed9-80416a1b5066,Agak dioptimalkan untuk hp kentang🗿,5,1,2025-01-26 08:10:43,5.3
3e5f7697-b753-453c-8016-cdda431999b2,Game nya bikin bosen di download data nya mohon diper cepat,1,0,2025-01-26 07:52:15,5.3
884a70fe-c6d0-4fc3-a355-507efdee8ed9,Boring,1,0,2025-01-26 07:49:05,5.3
3bf58b3f-9fbb-4ae2-8a78-e06019d8d58c,"genshin jadi beda bgt skrng malah lebih ngejual char female wkwk jadi kacau, ga balance sama char male. Dari desain char female pun makin sus, maksa bgt dah",1,3,2025-01-26 07:31:39,5.3
8cd82ce8-680e-4fd6-9cc6-6824c98beac1,game nya bagus banget character story sama grafik nya bagus bangett ❤,5,0,2025-01-26 06:42:52,5.3
ec41d4c8-8eba-4762-b84e-4ff62ac7da0f,Aw.,5,0,2025-01-26 06:33:58,5.3
53da7b41-396d-46b1-80b0-cdcce825d773,Maaf mihoyo.. Yg skrng bnr2 hard pity. Sy kecawa bngt.. Ga dpt mavuika,2,0,2025-01-26 06:32:52,5.3
aeece709-0514-4d09-b2be-85fbfc47899e,TERIMA KASIH HOYOVERSE KARENA SUDAH MEMBUATKAN KOSTUM HU TAO YANG CANTIK BANGETTTT 🥰🥰🥰,5,0,2025-01-26 06:29:08,5.3
d8239f4f-332f-490d-997a-6c04620213a0,game sange anjg gajelas hoyo,1,3,2025-01-26 06:26:57,5.3
5fb5e77f-b5d7-464f-9d82-a25f319461cd,"progres updatenya ga jelas, semalam hampir selesai update 8 gb, pagi login disuruh update 6 gb",2,0,2025-01-26 06:11:30,5.3
6efd5fb4-f853-417c-877e-27c29f734f10,Bagus,5,0,2025-01-26 05:14:51,5.3
19d8b8a9-a506-4ce8-9742-7abd0c4a561c,Bagi yang ngeluh kalo hp overhead lu bisa beli hp kenapa ga bisa beli Cooler hp wkwk kocak kocak jangan nyalahin game nya lah hp lu aja mungkin yang kentang wkwkwkwk,5,0,2025-01-26 03:40:59,5.3
f35cbf86-b385-40df-a86c-f54d2f4573e2,Game of the year to android,5,0,2025-01-26 03:36:54,5.3
6ca51fde-31ff-4f05-bd3c-f5ebc027233f,Good job 👍,5,0,2025-01-26 02:43:37,5.3
2e36cb54-3651-4b7f-844f-eaf91740c7e4,Mantap besti dah gak di ragukan tapi mohon jangan kikir ke mobile legend pliss? (:,5,0,2025-01-26 02:36:27,5.3
af810938-1812-4366-84b1-1d5321cfdb26,"Primo yang sedikit, event nya sangat bikin kesel para ar rendah sulit di mainin",2,2,2025-01-26 01:38:33,5.3
0cb83520-0eb5-4832-ae4a-2ff0c0b5bd36,"Lama kelamaan ini game membosankan sekali, dri event biasa aja, reward gitu gitu aja, dan quest story terlalu bertele tele dan tidak ada fitur skip sampai sekarang.. Dan ya.. player lama yg sudh 2 thn lebih main seperti aku bakal unistall kalau memang tidak ada perkembangan sama sekali, dan satu lagi... Tolong dengerin suara para player.. Udh itu aja... Gw pamit dri game ini.. Byee genshin",1,0,2025-01-26 01:11:07,5.3
cc5a17ff-9871-4928-84b4-9d8ef9058daa,Bagus gamenya,5,0,2025-01-26 01:08:29,5.3
dea9f17e-86f2-41ef-91e6-9c6f8f024759,Seru,5,0,2025-01-26 00:24:04,5.3
60bba9e6-ded6-4cf5-b7bc-17974b450267,good,5,0,2025-01-26 00:14:43,5.3
54d6ec78-a567-4241-921b-e20ffed16906,Semoga aku dapet ayah a rlecchino Ptiy 10 amin hoyo baik berikanlah aku arlecchino 🥹 🙏,5,0,2025-01-25 23:51:22,5.3
7a4cc283-7a5e-4aef-812b-f0f9c5419c8c,Game kikir sistem gacha scam,1,1,2025-01-25 23:38:30,5.3
d1ae4832-5d1e-492b-9bcb-2e8529708b2c,Ok,5,0,2025-01-25 22:57:43,5.3
dc8089f7-956e-4902-8856-ff7fef7a85a0,mau arlecchino,5,0,2025-01-25 22:52:08,5.3
fda830ad-8997-4b46-a032-fa85aa488623,"Disaya kok sering ngefrez ya padahal udah rata kiri, apa emang harus ganti hp",2,0,2025-01-25 22:34:43,5.3
e4c68b88-1510-4217-8f2a-c7e9ab5f88f2,Kenapa android tidak support Joy stick? Udh capek² nunggu download sampe 30gb eh pas cek controller cuman bisa layar sentuh.. Device ku Xiaomi pad 6,3,0,2025-01-25 22:29:48,5.3
aa85004f-a403-48a0-bc96-41bb6f401537,"gem kikir, hard pity mulu gua",1,2,2025-01-25 21:42:10,5.3
17adcd58-5b98-4240-8ae3-69a7f2166249,kikir impact,5,0,2025-01-25 21:21:09,5.3
645369b3-066d-4456-afac-8a32b86a2ed3,Sangat bagus👍👍,5,0,2025-01-25 21:16:47,5.3
7488f375-c5c6-4c7e-af0a-76ccaeaffd25,Hoyo Why give me lose rate 50/50 7times in this month in 4 different ACC ITS make me frustrated,1,0,2025-01-25 21:14:40,5.3
5170f43b-b494-4a10-bf1e-5e70711525f1,Permainan yang sangat menarik untuk disimak,5,0,2025-01-25 20:48:02,5.3
91c18607-e9b1-4b52-bca8-019ee027ee7b,Yoman kan dulu le,5,0,2025-01-25 20:15:52,5.3
a21bac5a-3b9c-4407-aeb6-356334126284,Game favorit❤,5,0,2025-01-25 20:08:40,5.3
1915e31b-98eb-47a8-bc45-923e412186f2,Lek jelek,1,0,2025-01-25 20:06:40,5.3
0f87513c-bb10-42b4-8a9c-432e5c5efc9c,The Best Game Ever,5,0,2025-01-25 19:21:09,5.3
044049b3-2c93-451e-a2c2-a07202c86f51,Banyak yang bagus,5,0,2025-01-25 18:37:34,5.3
8d6ee67a-d5f7-4f63-97ee-a09968d1a8f8,Menurut gua ini game tolong dipenlacar lagi dan tolong buat ram 8 ke atas itu masih bisa main dengan lancar tanpa ada lag dan patah patah,4,0,2025-01-25 18:34:03,5.3
cc75e824-c406-4815-a0d0-de6c66ca5587,kikir,1,2,2025-01-25 18:25:37,5.3
95cf61ff-6d47-46b3-92c8-2b8829b92d96,"Saya punya saran untuk bagian kamera atau ambil gambar, itu watermarknya kalau bisa dihilangin soalnya kayak gurang gimana gitu hasil gambarnya kalau ada watermarknya.",4,0,2025-01-25 18:15:18,5.3
7e6e269d-4369-4053-8945-656ecae4a420,Kecewa sih,1,2,2025-01-25 18:08:28,5.3
3b76f923-2be1-414b-b332-aa1eb01c7c2a,Good,5,0,2025-01-25 18:01:52,5.3
044450dc-ce95-4e9b-9cf5-56cb9e106c0f,bagus,4,0,2025-01-25 17:54:14,5.3
60c2724c-5a6c-499f-9e1f-b23d2d456636,"Makin drop, komunitasnya gk ketahan gatel bgt nyindir game lain kaya gamenya dewa aja. Info terbaru: Cooookkk nie game mau naek rating 18+ kah?",1,5,2025-01-25 17:39:35,5.3
696b2e54-d9cc-4709-ac61-06966dc94fa3,"Developer tolong dong kasih fitur buat ngulang story,itu story lantern rite yang pertama yang sama Hu Tao belum sempet ke ricord please kasih secepatnya please please please 😭",5,0,2025-01-25 17:38:03,5.3
f27372e5-4a70-4cf8-932e-353c17185ad3,"B5, Tapi mana wawan gratis ku",5,0,2025-01-25 16:36:53,5.3
3efdc8a0-d953-48b1-b8df-18e224bc9eeb,Top,5,0,2025-01-25 16:35:58,5.3
9c17d7d1-0ce2-4581-bcec-0eef667ca75c,Kerennnn,5,0,2025-01-25 16:32:52,5.3
2670abbd-4de0-4d2b-a364-51359f7e4f3e,"jujur gw kecewa ni game makan banyak memori kimaz udh gw tunggu"" eh ga bisa bagus si bagus tapi memorinya kurangin sikit woi 🤬",1,0,2025-01-25 16:24:02,5.3
5169aa5b-ba16-4a86-81c2-975405453870,Mengecewakan,2,1,2025-01-25 15:08:45,5.3
9bc97081-b687-4466-a706-7cbcca22ee76,Game naya sngat bagus dan fun,5,0,2025-01-25 15:07:50,5.3
9eb05670-a583-403d-81d3-e58000d82248,Saya menyarankan kepada kalian semua agar mendownload game ini dikarenakan dia memiliki semua yang kalian inginkan contohnya gacha gratisan akan tetapi tolong donk developer yang baik hati berikan kami event yang Primonya lebih banyak🥲🥲🥲,5,0,2025-01-25 15:02:45,5.3
86b8dd3d-e3ad-49a3-90b9-aec5dc1684fe,Apakah Snapdragon 460 sudah tidak bisa lagi memainkan genshin ? Karena patah patah saat cutscene dan hanya layar putih,2,1,2025-01-25 14:11:29,5.3
31009734-81cd-4f72-8565-57f60f164c6d,kebanyakan bacot ini game tapi ga ada suaranya,1,0,2025-01-25 13:30:05,5.3
ea215e4a-ab16-4b18-bcc9-ea51302223fb,BAGUS BANGETT,5,0,2025-01-25 13:11:47,5.3
9800b6df-d298-4909-b0f1-980a41f779ee,"Ada beberapa suara dialog dari karakter yang hilang... Seperti hu tao, yae miko, dan yang lainnya....",4,0,2025-01-25 12:45:23,5.3
f48626b4-f28b-46cd-8e7c-78c48a5b292c,gemenya baguss seruu tapi yang buat newbew pasti susah buat cari cari misikan? samaa aku juga gituu. jadii untuk pembuat geme tolong ngertiin parah2 new bew yaa terima kasih,4,0,2025-01-25 12:32:34,5.3
199cce33-6dfc-4c85-9b37-33c8ae244404,"Game jelek, pity sampah, story main quest overall 3.5 inazuma jelek bgt, ngapain lu bikin char 5 char yang bahkan gak ada di cerita utama? Cmn tease doang, gak ada harganya dan jadi bintang 5? Guna? Sedangkan char yg ada pentingnya malah ada yg jd bintang 4, bukan sekali tapi berkali² jual paha sama dada aja, design oke tp makin lama jadi jelek, bukannya improve malah turun gooner abis dah. Berhenti main aman bikin story, gak berani bgt kah bikin char digacha beneran MD? Klo gt gk ush sok angst.",1,3,2025-01-25 12:21:23,5.3
0bd84ffa-a52f-47c1-8dab-1c4d626e479b,"min tolong min, ini kok pas story bnyak karakter yg ga keluar suaranya? knp ya",5,0,2025-01-25 11:35:57,5.3
daf227f0-9916-4889-8bcf-0c2b4240e3bf,bgus,5,0,2025-01-25 11:27:45,5.3
d82a3bf1-d0c0-4cf6-86c9-ec3d96f0796c,klo dulu lu pas ada banner citlali istri gw lu ga ngasi gw dehya h14@m pasti udh gw kasi bintang lima,4,0,2025-01-25 11:06:01,5.3
a44acfb1-951e-4276-80bd-fc555191184b,Please.... Create a feature to skip dialog. The dialogue is very long and boring.,3,0,2025-01-25 10:47:38,5.3
e7caf64b-e2c9-43e0-a0fe-28c00ffb863d,Baru masuk lagi malah balik dari awal banget,2,0,2025-01-25 10:43:45,5.3
bc07b00a-eb77-4fbb-99bc-2181ab7600d4,repetitif,1,1,2025-01-25 10:22:46,5.3
f99cabac-3be9-4cdd-b23f-273e7db8870a,Mantap,5,0,2025-01-25 10:12:18,5.3
f70df258-d620-4fed-924b-3d185b7b2f15,"Fanservice nya ke cowok mulu, kapan kasih fanservice ke cewe? Sekali nya bikin karakter cowo malah di bikin b4, alur nya makin kesini makin ngaco, kebanyakan fanservice daripada lanjut lore ceritanya.",1,15,2025-01-25 10:00:20,5.3
498843a4-fe57-4f59-a020-bf5b90391295,Untuk pemeriksaan data lama banget. Yg mau main ini harus punya ram gede.,3,0,2025-01-25 09:04:54,5.3
bd6175a4-f0c0-43bf-95e2-327f2f502b19,"woi hoyo yang bener aja aether mandi sama 3 cewek Inazuma,ei,Yae,sama char baru lupa gw. intinya hapus balik itu foto apaan itu jijik gw liat aether nya,kalo lumine bolh lah kalo aether mana bisa gitu iri gw 🗿",2,2,2025-01-25 08:59:55,5.3
b1591921-b9d8-4f0e-8f0a-011f5dd1d05a,I love the game so much ! ^_^ overall is so fun playing with mualani as a mualani main,5,0,2025-01-25 08:36:17,5.3
62968571-6fa0-44f6-ad6a-e8d3ceff2e2f,Agak kikir,4,0,2025-01-25 08:29:29,5.3
5b917e62-d2c5-434a-a95e-743404e6b650,Bagus ya Genshin ada sumbangan primogem nya sekarang,5,0,2025-01-25 08:03:28,5.3
34050656-b392-4905-b921-0a1cc0ec522b,Used to be fun. Now turns into a disgusting gewner bait. What happened lol,1,4,2025-01-25 08:02:42,5.3
5c6910f5-2326-497e-8568-f40179337b7c,bagus,5,0,2025-01-25 05:48:54,5.3
0409d1e4-e328-4086-9e36-cefd12336bbf,Sangat bagus..,5,0,2025-01-25 05:11:49,5.3
230390ff-87fc-48d1-bbc4-ea2bc3cf5f4b,"seneng banget ngasih artefak def kayanya, dari 30 kali nyari arte, cuma 1 yg bagus. jadi sekalian aja char nya gua kasih def semua . makin kesini makin susah mau ngapa ngapain, makin ga jelas.",2,0,2025-01-25 04:11:31,5.3
9f2df316-56f7-4336-8d49-5fc6a772318b,Game nya seru banget aku kasih rating tertinggi,5,0,2025-01-25 00:32:14,5.3
45be99fc-5d3e-47b7-aaee-0e98c4a01f82,"Semakin ke sini rasio chara cowok sama cewek makin tidak masuk akal. Kontennya juga semakin lama semakin membosankan, cerita utama (archon quest) tidak seseru dulu. Saya tambahkan, semakin jelas kalo target utamanya adalah cowok incel. Fan service dibanyakin, kualitas diturunin. Dibandingkan era Fontaine dan Sumeru, genshin yang sekarang jelek.",1,6,2025-01-25 00:12:46,5.3
78570882-3205-4be2-9d97-e90cf7684778,Seru,5,0,2025-01-24 23:26:22,5.3
5450cebd-07d3-4f29-87c7-66bdcf31a92c,"GAME APAAN DARI AWAL MAIN GA PERNAH MENANG RATE OFF, MANA HARD PITY SEMUA. GA ADIL BANGET JADI DEVELOPER",1,0,2025-01-24 23:20:07,5.3
69015e8d-810e-4418-841e-217a15e750d1,Please reduce genshin impact to 24gb again.. I'm running out of storage,5,0,2025-01-24 23:10:45,5.3
702fbac8-0287-4c1f-b120-c4878854974d,Bagus:),5,0,2025-01-24 22:45:54,5.3
4fe2636d-16a3-491a-9c4a-eb9ed9644f90,Asli ini game semenjak natlan rilis gacha limited banner selalu di pity 70 an ke atas asli mulai malas main ini game dan story sekarang kebanyakan yapping nggak jelas melulu tombol skip nggak ada intinya selama main ini game yang saya rasakan kebanyakan ngantuk,1,7,2025-01-24 21:11:09,5.3
75ed39de-253e-477b-bf7c-32b6097b93a3,Sedang mengompilasi shader loadingnya kelamaan hampir 20 menitan nunggunya...login harian aja ga sampe 10 menit (- _ -),3,91,2025-01-24 20:27:04,5.3
412a9e76-5b5f-445c-830a-e2f07fa35f87,Ku suka game ini karena eventnya haha😂,5,0,2025-01-24 20:23:05,5.3
77de35a5-1e05-435c-a2cd-0297197727a6,Aku penget banget nyoba game nya tapi malah loading nya lama banget apalagi bikin hp cepet panas,3,0,2025-01-24 20:15:43,5.3
2ba114e1-63eb-44b8-90a6-4147d72a3194,Hd banget,5,0,2025-01-24 19:28:54,5.3
fd902148-9a8a-4575-a65a-e35942f24d6e,Game susah ini salah step auto ulang aja daripada susah,5,0,2025-01-24 18:24:12,5.3
3eb44f1f-c27a-449b-bf6b-bbe03e09da27,Lama bngt buset downdload datany knp ga bisa dwndload smbil main aj keburu bosen nunggu downdload,1,11,2025-01-24 17:39:22,5.3
10820681-77cf-44b3-97a1-fa077df56dae,"Dari dulu udh wishlist ni game, baru kesampain main, kece abis sih dri segi visual, karakter, worldnya indah banget, sizenya gede parah 30gb+ tapi optimalisasinya gacor, skrg hp sjutaan aja kek hp yg gw pke Infinix Hot 50 lancar 40-45 Fps, tapi menurut gw kalau bisa tambahkan fitur hapus bbrapa resource yang skiranya ga dibutuhin biar lega penyimpanan",5,4,2025-01-24 17:20:44,5.3
f4b0e385-a706-4206-9058-072959243dcc,Game kikir *** percuma top up sama beli BP tapi dapet nya di pity hard terus dan senjata tidak pernah di kasih yg ada di banner malah senjata yg lain Pesan untuk mang hoyo: Gw udah muak Ama sistem pity di sini sekian terima kasih,1,0,2025-01-24 17:19:48,5.3
941065ca-5305-485f-9b57-6309231308bb,"Game nya kikir, ya bayangin aja game sebelah adek nya sendiri lebih gacor daripada disini. Busuk bener disini, gaada fitur skip cerita di event. Terus kasih hadiah harus berhari-hari, gabisa langsung ga kyk di hsr. Di hsr langsung aja tuh, kirim 1600. Lah ini di genshin harus berhari-hari. Keliatan banget nyusahin.",1,5,2025-01-24 17:19:39,5.3
b3cfd7df-f515-4133-950e-14a7cf80f77e,Pengen fitur skip dialog,4,0,2025-01-24 16:42:18,5.3
394eb73e-d56a-4bde-b4e9-dd65f625aeab,Game rusakkkkkkkkkkkkkkk,1,2,2025-01-24 16:40:09,5.3
794fc3a1-9dc5-4139-b4f5-5b90312e4ede,Game nya bagus banget sama monster nya lucu-lucu,5,0,2025-01-24 15:08:18,5.3
81368fe9-ec29-4799-901b-40c32f0a2731,Top 1 HOYOVERSE,5,0,2025-01-24 14:44:12,5.3
576a9ebc-7b1a-43b6-937c-2c2a40f1974a,pliss wangi-wangi gacha nya ✋😹✋,4,0,2025-01-24 14:34:04,5.3
1a1dbecb-a16e-44ea-ac2b-db7b05713356,2 akun satu google terus tiba tiba ilang akunnya,1,0,2025-01-24 14:17:37,5.3
ed0cb986-f5b5-4e72-ab27-b3174bd36874,"Saran aja berikan Tambahan pengaturan tombol agar bisa menyesuaikan dengan Jari pemain , sama halnya seperti MOBA dan BATTLEROYAL.",5,0,2025-01-24 14:05:57,5.3
950cd5c7-6465-4622-9793-57092d178db3,🆘 SOS 🆘,5,0,2025-01-24 12:56:12,5.3
5abbfbf0-ed99-417e-b9da-87a6eb5f7cd8,Gacha saya ampas,5,0,2025-01-24 12:35:25,5.3
12f413b5-7baf-42e8-9771-da1bc89482c9,Geme nya bagus tapi lodingnya lama,5,0,2025-01-24 12:19:26,5.3
098f292f-6a11-4a45-92ab-b798ae3e0c36,Baru balik main coba spin 20x dapat nya ampas 😞jadi ga semangat main lagi,2,6,2025-01-24 12:14:02,5.3
dcddeef8-5c01-42a4-9900-553787e20957,Best game everrr🥰🥰,5,0,2025-01-24 11:59:41,5.3
8ff32964-6bff-4e59-bb1e-f68e3956665c,Bagus,5,0,2025-01-24 11:05:38,5.3
dfa34423-f317-47fc-ba98-6e57287458fc,minimal ngasih teka teki ngotak dikit lah,1,1,2025-01-24 10:50:27,5.3
e11a1a04-21f0-430c-82e2-dd819421c078,"Saya sangat suka dengan game nya tetapi mengapa beberapa character saya suaranya hilang, saya jadi kurang menikmati permainannya dan saya bingung juga dengan cara mengatasinya. Tolong berikan saya jawaban segera😭😭😭",4,1,2025-01-24 09:30:25,5.3
9c4ee4cf-0818-4faf-ba83-89df0c52a486,Karna game ini saja jadi nolep,5,0,2025-01-24 09:20:23,5.3
38701bc5-dda5-4a6a-935c-1abf37a003d1,Asik beuh‼️,5,0,2025-01-24 09:18:16,5.3
d036948a-6b2a-4073-bcf6-8cfcbe55d0e5,Game goblok minimal 1 mb jadi game,1,0,2025-01-24 07:26:19,5.3
f80bdaad-0d11-4535-a1b1-7199cc29c298,Dasar game kikir :),3,0,2025-01-24 07:24:36,5.3
06b1546b-8719-4357-911e-5bb72fb03800,udah ngumpulin lama lama ampe 50 ITERTWINED. gacha 5 kali. ga dapet chart B5. apa apaan. tidak ramah untuk user free to play.,1,0,2025-01-24 06:59:20,5.3
1911bdee-77c3-4f46-a8bb-51de8a9b3fb1,Bagus,5,0,2025-01-24 06:58:48,5.3
0d81a86d-a4f9-4200-abed-95904f9745b1,Game bergrafik dewa dan alur ceritanya creative,5,0,2025-01-24 06:45:45,5.3
780543a7-6c34-4b23-90a1-972625ea664a,"Saran. Sebaiknya cara mendapatkan primogem nya sedikit di mudahkan, cara mendapatkan karakter dan senjata di permudah dan karakternya di tambah lagi supaya lebih seru. Mungkin di genshin impact perlu fitur duduk dimana saja, bisa membuat api unggun supaya lebih seru, dan di waktu duduk atau berjalan menggunakan traveler Saya berharap paimon bisa muncul supaya terasa seperti nyata adanya. Saya berharap genshin impact bisa menambah fitur yang menyenangkan saat eksplorasi.",5,21,2025-01-24 06:11:34,5.3
68a63ee3-a07e-4734-8e97-03b1e8b1b037,Sangat bagus,5,0,2025-01-24 06:08:11,5.3
3217270e-0c45-42c8-9252-a23046cc7b9d,Maaf genshin aku harus meninggalkan kan mu,3,0,2025-01-24 05:37:30,5.3
45a60fe4-28b9-4a92-ae0e-dcae2236a267,Great,5,0,2025-01-24 05:36:51,5.3
4e4547c2-df84-4809-8c65-c66e804fbc2c,why doesn't ley get ganyu🤬🤬🤬🤬🤬🤬,1,0,2025-01-24 05:32:07,5.3
c9254f28-5b0e-4194-b367-e50f79b82d18,Pity tinggi mulu dah heran cape aku cokk,3,0,2025-01-24 04:29:40,5.3
52e3f387-fae3-4dbc-a606-12e8b75b94da,"Keren, King nya Game berat 😎tetap berbenah menjadi lebih baik king genshin, semoga aman jaya terus segala aspek, good job💪Mantap keren abiss samaa kayak adiknya hsr, sama""bagus, terus menang rate off di banner ayank raiden ei/shogun👍😍",5,0,2025-01-24 00:17:36,5.3
5e28e60c-91a6-4f3e-a4d0-059ffcdd7a49,Aku suka game nya tapi primogems nya dikit beda sama game honkai star rail banya banget,4,0,2025-01-23 23:02:37,5.3
469353d3-cda8-4b8b-afb6-c7ae66eb6cfa,"QUEST ARCHON DENDRO TERLALU LAMA, MEMAKAN WAKTU 1 JAM PADAHAL CUMA MASALAH DEJAVU BIASA, ASAL KALIAN TAU GAADA YG MERHATIIN STORYNYA, PAHAM GAA??",1,0,2025-01-23 22:52:38,5.3
2b7e0f77-0ef5-4ad1-ab63-947277ef037f,Game pelit,1,0,2025-01-23 22:46:18,5.3
ebd81e55-900f-4ae7-82ac-746614b65940,Game bagus!!!,4,0,2025-01-23 22:37:20,5.3
5ce2b434-b4d8-4678-acce-0f0a923d80b7,"Tambhkan menu skip story, untuk para veteran yg tertinggal",1,0,2025-01-23 21:53:07,5.3
9eb40ed2-4104-4b2c-a76a-e4f9648c6a76,Bintang 5 kalo bisa support gamepad,4,0,2025-01-23 21:14:12,5.3
1d748c34-08ad-4fea-9699-0ff332c64289,"Kenapa aku ga bisa login? Ada tulisan ""too many requests"" padahal baru satu kali aja, & aku pun loginnya di PC jadi ga lag. Tolong di perbaiki",3,0,2025-01-23 21:00:28,5.3
d5ad0131-03a3-4e58-851f-9309e08ea9d8,",aku kasih bintang 3 karena ada bug suara dabel,semenjak ubdet Fontaine,mungkin juga karna hp kurang Suport,soalnya Snapdragon 778G,tapi mohon di perbaiki karna ,Setip atck musuh suarnya tertinggal dan kadang suara ngefrsss,padahal rata kiri di 25 fos",3,0,2025-01-23 20:53:04,5.3
b073d3bb-5692-44d4-ab3a-060be5b8174c,"Okelah tapi kasih Daddy Daddy/male character five star dong njirr.. masa Waifu mulu mana mommy udah bosen pakaian nya terbuka, sekali kali hadirkan Male character five star.",3,0,2025-01-23 20:49:05,5.3
27acb8fa-f220-400b-85e4-cbaa98075df1,"Game bagus tapi... Tapi boonk hayukk yahahaa, bikin stori jangan di ulur ulur langsung aja to the point",3,0,2025-01-23 20:31:57,5.3
c7a20e30-1039-4264-9131-c7e6c9d3ea47,"Game petualangan pertama yang aku mainin dan seru bangettt, bisa mabar bareng temen-temen online",5,0,2025-01-23 20:21:34,5.3
45bcc96c-1304-4aeb-8f75-4dbe71adbb58,"Kenapa akhir"" ini sering gaa bisa login yaa dri sore smpe jam 11an malam🥺ayo dong min perbaikin sistemnya, masa iyaa mainnya tengah mlm, kitaa kerja loh minn😭😭😭",5,0,2025-01-23 20:01:27,5.3
0fb4bb24-27ef-401a-a8b1-a4a7890af319,Game nya seru apa lagi story nya,5,0,2025-01-23 19:08:06,5.3
74fbd6c5-e32a-4d7b-95c8-6739cd285e60,Ok,5,0,2025-01-23 18:32:32,5.3
029307e0-92ef-40e8-8fc9-7aeac6c08dc3,Game baik yagesyak,5,0,2025-01-23 18:13:32,5.3
d8242554-a2c7-455c-afc1-6f73d58a62db,Nice,5,0,2025-01-23 17:44:47,5.3
e7cfc6a0-8971-4d9b-943d-ea95792fe027,Bagus dan menarik namun sayang nya ram dan download nya terlalu banyak dan tidak semua orang bisa mendownload nya 😁😁,4,0,2025-01-23 17:37:26,5.3
4ca27cfe-a7fe-4eb3-88a4-ca50758bb5a2,Bagus lumayan cuma war nya lebih enak wuwa,5,0,2025-01-23 17:35:09,5.3
44126c73-d206-4ab5-90e3-d08fa36a8176,bagus,5,0,2025-01-23 17:12:36,5.3
120e19e1-3288-46c5-93b8-14e74e1e6234,Game sih menurut gw bagus grafik juga bagus pokoknya perfek deh,5,0,2025-01-23 17:02:21,5.3
eb84300f-96e5-4adc-bbe0-b886c8f81715,loding lama,1,0,2025-01-23 16:34:54,5.3
b45be239-5b3e-4ddd-b431-0eb6d42dc973,"Gamenya bagus sih, developvernya doang kikir",1,0,2025-01-23 16:25:45,5.3
68438c7a-b915-4c03-be1c-76a844e7463d,Gem nya bagus banget,5,0,2025-01-23 15:14:47,5.3
6ce47457-fc0b-407a-ae39-0399fb7dbf52,Saya beri bintang 5 karena saya suka teka teki di gamenya dan eksplorasinya,5,0,2025-01-23 15:14:40,5.3
32e59702-3375-49f0-87f8-22d315d46f30,Ku kasih 1 bintang karena fitur gamepad di hp ku tiba tiba hilang. Padahal saya udah nyaman bermain pake gamepad. Sekarang malah di hapus,1,0,2025-01-23 12:37:14,5.3
f36620cd-d9c5-46bc-95a8-ede15d8f7544,"Selalu kalah rate off, nggk pernah menang 1x pun akun ini, ini game malesin katanya rate off 50:50 faktanya win 1:99 loss. Thanks U, bye bye Genshin Impact 👍 scam",1,0,2025-01-23 12:21:48,5.3
990de716-d998-42c0-8d96-b751d67af4bd,Nice game and new experience,5,0,2025-01-23 11:44:44,5.3
03c5e242-9659-4aee-8955-c86e472ad6bc,Good,5,0,2025-01-23 11:35:25,5.3
adced6cd-fcf8-45f2-9a4f-144df8c71335,Nice,3,0,2025-01-23 09:39:17,5.3
13f82127-a585-4cc9-8687-ae94163a420a,"Dri pengalaman maen sih semuanya bagus 👍dan keren, grafik, story, mekanik game nga yg the best 💯, cuma mau complain aja karna harga fate kemahalan, semoga harga tiap fate jadi 50 primo 🗿👍🏻",5,2,2025-01-23 08:26:56,5.3
fdfcd2e7-e1f2-4f36-86b9-51edfa127098,Mantap,5,0,2025-01-23 05:35:06,5.3
26dc054e-54bb-4b44-9579-9627fa1945f1,Ngebosenin bikin ngantuk kalo bisa dialog nya jgn terlalu lama,1,1,2025-01-23 04:39:21,5.3
6d942eb5-f11d-4d94-a141-6dc0d92e6880,Mohon Kalian tutup server saja atau hapus saja game ini.... asik nya sudah tidak ada,1,0,2025-01-23 03:19:47,5.3
b949d13c-4836-4b1f-b9ac-c6a85fed1863,Wow,5,0,2025-01-23 01:34:44,5.3
e7bf3fb5-41fb-4426-b936-a67aa035dd3f,Bagus banget,5,0,2025-01-23 00:36:44,5.3
6252179d-6692-42b4-8cd0-29b4f19d1c15,Keren,5,0,2025-01-23 00:10:58,5.3
faa55d6f-fae9-40a8-a87f-0ee8bb638036,gue saranin sih buat yang mau main game petualangan penuh aksi jangan download game ini.. soalnya grafik nya doang yang bagus tapi story nya kebanyakan ngomong.. contoh lu ngobrol di game sekitar 10 menit tapi lu fight gak sampe 1 menit.. ada juga ngomongnya sampe 20 menitan dan gak bisa di skip tapi fightnya cuma 2 menit kelar. gue jamin kalian pasti bosan main game ini.. karena udah berasah bukan lagi main game petualangan aksi tapi malah nonton anime,1,86,2025-01-22 23:58:00,5.3
d7eba3ac-e2e6-4df7-8153-03eff321e944,Good game,5,0,2025-01-22 22:58:24,5.3
c0d610fb-6427-49f0-b728-48f11a09925e,Lumayan Mantap game nya semoga menjadi yg terbaik kedepannya,5,0,2025-01-22 21:42:15,5.3
2931b328-dd31-48cd-948b-4f5d270ee49a,Game nya sangat asikk,5,0,2025-01-22 21:41:23,5.3
ecf4cd7c-fd57-4cac-b061-c056a1496ee6,Bintang 4 dulu kalo menang rate off kukasih bintang 5,5,0,2025-01-22 19:55:48,5.3
7b12dd49-8b45-4c5e-969a-10ab7f6dde96,Menarik,5,0,2025-01-22 19:35:57,5.3
90c26750-5a12-410c-a9ef-2834f22f6464,"QoL paling lelet udah gitu rata² kurang berguna juga, ngomong sama tembok yah gini nih tanya sendiri jawab sendiri",1,5,2025-01-22 19:21:57,5.3
86c892d7-0b05-4c4f-99e2-915df9f96690,"Vibes nya, suasana nya, desain karakter nya dll emg udh perfect bangett cocok dehh buat kalian yang mau nikmatin story atau lore nya, kekurangan nya cmn 1, grinding atau farm nya aja yg emg bikin kebanyakan org agak males tp its okey, asalakan di niatkan pasti tercapai, emg bner² ini game mengajarkan tentang kerja keras",5,0,2025-01-22 18:54:29,5.3
b6d74835-24cd-4bc4-8016-4fc0dcc7f55b,Kalian harus coba karena ini Liat alasan dibawah ini 1.grafik bagus 2.questnya gampang 3.bisa dapet primogem/diamond untuk spin karakter 4.alur cerita/storynya menarik 5.ramah bagi pemula 6.dan komunitas nya solid Coba juga game dari hoyoverse lain seperti: 1.Honkai impact 2.zenles Zen zero 3.dll.,5,2,2025-01-22 18:17:56,5.3
91d18630-acde-47b8-a4d9-ea7c7ff5099c,"Game nya bagus cuman Mengapa di pengaturan saya memencet tombol tidak keluar ya malah kosong,saya mengubah tombol karena saya switch ke char lain delay nya ya Allah gw mau spiral gara gara delay jadi kacau rotasi nya",1,1,2025-01-22 18:15:09,5.3
6e81cb07-7bc4-4aed-aa9a-cf6427a713cd,Tinggal Tambahkan story biar bisa pacaran dan bebas pilihannya dengan sesama char😋,5,0,2025-01-22 17:55:06,5.3
86d67ee9-b45a-4226-a6c3-224928e89fc1,"gem jeleg, arlecchino gua masa cryo, PULANGIN ARLECCHINO GUAA, BALIKIN 100 IF GUA PLZ 🥺🥺💔💔",1,1,2025-01-22 17:18:07,5.3
aee78f30-610a-4db8-a9ea-ce89e8419a2b,Ngebug parah archon quest natlan selalu menghubungkan ulang padahal jaringan bagus ngulang terus pas kachina mau dibangkitkan lagi,1,0,2025-01-22 17:13:53,5.3
7e4e18b2-5f89-4734-b690-c6f6e17f8463,"game banyak ngomong, quest mulu mau eksplor aja mesti ngomong dulu sama npc. adakan fitur skip sampe khaenri'ah ya tod",1,1,2025-01-22 17:09:05,5.3
6c60ac10-f3b3-4845-b17e-7abc7436bc12,"A good game to play and I happen to like adventure themed games, so it's even more exciting with good characters, but it's very difficult to get a lot of primogames without F2P.",5,1,2025-01-22 17:01:35,5.3
b5772074-1ec9-4621-8966-4a9d438eb21d,Bug jaringan tolol,1,0,2025-01-22 16:56:07,5.3
18f47f88-64d0-42e9-9f7e-46f5ed588ccb,Genshin pliss gua ngebug di game lu ngak bisa login ke world sendiri,4,0,2025-01-22 16:54:36,5.3
11ef8a56-870f-4cbc-bc0f-e7ee43a23512,BAD CONNECTION. FIX YOUR SERVER HUH,1,0,2025-01-22 16:53:29,5.3
be230999-c714-4825-8dc0-d36c79bbdff6,Taolong kalo koneksi terpurus kenapa gk bisa login lagi tolong petunjuk nya,4,0,2025-01-22 16:52:21,5.3
44df0cb4-bc29-40ca-bec8-178da18719a1,Gm bagus 👍,5,0,2025-01-22 16:47:36,5.3
0a288686-6fc1-49f8-8507-a46b75d81518,Erm so I was playing as kachina and I got stuck in dragon spine still a good game If I could give it 900000/90000 stars I would pick 9000000000000 starts,5,0,2025-01-22 16:02:12,5.3
6b775826-139d-4923-ab3b-7a94c7c99e97,mohon jangan kikir lagi developer 😁,5,1,2025-01-22 15:41:41,5.3
ae084ccc-aba8-45c7-b26e-a9f79737c2a8,Aku naikin lagi bintang nya,5,0,2025-01-22 15:23:31,5.3
891ba0d6-3091-4149-9248-02e1f5eef4a5,Game ini emang worith parah sih di mainin,5,0,2025-01-22 15:00:26,5.3
787bca80-f66a-4747-a2dd-6f2e4ae98ff8,Dapatin char B5 nya pelit bgt😹 harus bgt sampe pity 80 an baru dpt aplh😹,1,1,2025-01-22 14:46:00,5.3
d129273a-704a-4b0b-acbb-911631d40131,Good,5,0,2025-01-22 14:28:30,5.3
4d8250f0-635b-4a53-bc36-d3449fb203c9,dari gameplay nya seru tapiiii ni ya masa updatenya 10 gb gila lah hp dengan memory 256gb aja mikir² untuk update,3,0,2025-01-22 14:22:55,5.3
09b08285-2350-4450-ab56-4631e6b16fa9,Game kikir,5,1,2025-01-22 13:49:23,5.3
7481197a-1ad2-4c9d-8dd7-ca4943073b73,Asiq,5,0,2025-01-22 13:18:25,5.3
d835608a-867a-40a3-9e5a-a01e22178e14,"Gamenya seru, ramah f2p. Tapi tolong perbanyak char cowo nya juga dong untuk player cewe 😅",5,0,2025-01-22 13:04:21,5.3
f74b1b31-dda9-40bd-8a43-a94d9b7647b1,"Keren sih, tpi jangan kikir",4,1,2025-01-22 13:00:01,5.3
66bcfea1-58ed-4c34-b26f-036c0fad4ab7,"Dari segi grafik nggak usah di pertanyakan lagi ne game terbaik open world l, tapi sayang terlalu banyak cut shin yg tdk begitu penting. Alangkah lebih baik cut shin nya sedikit di kurangin biar kami Pera user tdk terlalu jenuh untuk mainan ini game. Selebih nya sdh bagus. Thanks buat developer",4,2,2025-01-22 12:49:51,5.3
e68a8a39-e3de-4acc-8c93-b0534d17bd89,Mantap,5,0,2025-01-22 11:46:43,5.3
4b7ffd35-7d2f-4e12-b204-2cd71ae2fbd2,Okelah,5,0,2025-01-22 11:34:58,5.3
abc749aa-bdcc-4ea6-a81a-c9173c2e458e,Kecewa,5,0,2025-01-22 11:33:34,5.3
989d10fb-5755-4080-9aa0-04e64687cb16,game kikir,2,1,2025-01-22 11:33:24,5.3
fc820793-9385-4839-8382-b6e18fd3e5fc,Ok.,5,0,2025-01-22 11:04:42,5.3
0c4bb353-18e5-44d2-a272-1685c505ff97,"Byee hoyo, I won't comeback after you make him die.",4,0,2025-01-22 11:04:03,5.3
d9f35bd3-9f91-4ea8-914e-a582f3bb1c8b,"Kasih fitur keyboard dan gampade bluetooth dong, biar bisa mobilador tanpa takut diban.",5,0,2025-01-22 10:34:15,5.3
c621789d-11b7-46f1-afa1-c1929e2efd3c,Good,5,0,2025-01-22 10:11:03,5.3
44c32c28-d0a0-43b1-820c-a0a1f551b8a4,Seru,4,0,2025-01-22 08:20:44,5.3
ea098480-c6de-4db0-b324-7d4f9e32faae,Klo gw dapet selain crimson moon gw turunin ke bintang 1😡,3,0,2025-01-22 08:00:13,5.3
8843283e-396a-43ef-915d-4be9069b9554,Aku kalah 5050 gem jhat,1,1,2025-01-22 07:15:01,5.3
45d07b66-f8c8-48e9-b092-a4daaa2f7296,Karakter muvika ada bug skill nya di pencet langsung habis,4,1,2025-01-22 07:01:39,5.3
d25c08d7-7f4b-4680-9e64-175022215b77,"Skrng saya bermain menggunakan Poco f6, jadi sudah tidak ada isu device lagi, tapi saya skrng mulai merasakan kejenuhan bermain genshin, terutama di storynya (Endgame dan gameplay battle ga terlalu masalah), saya mulai merasakan konsep cerita yg dipakai berulang-ulang dalam setiap archon quest, ending dari archon quest Natlan terasa seperti gabungan antara archon quest sumeru dan kebalikan dari archon quest inazuma, tolong jangan terlalu sering reuse konsep begini ya",4,0,2025-01-22 06:55:31,5.3
92f13c38-1bff-40aa-94d6-8ad87f7c8ddf,"Hey kamu hoyovers, kalau kasih banner yang ngotak dikitlah, masa kemarin ada abah ama nopal abis itu ada mavuika ama nenek citlali terus sekarang ada arle ama clorinde, yang bener aja, player f2p juga mau tapi gk ada primo uang juga kagak ada, jadi males",3,0,2025-01-22 06:51:43,5.3
c0c4862e-0ddc-4140-99dc-2e252eed8bf9,Mantap,5,0,2025-01-22 06:28:32,5.3
cbc24386-4521-4594-a4a8-9617a7560524,"When can Genshin Impact use a gamepad on Android devices? Please add this feature immediately, even though you can use a gamepad on iOS and PC.",5,0,2025-01-22 05:55:26,5.3
5f77f65f-ac9e-4e96-91f3-99ce8158ae44,"ngasi pity yg ngotak lah ajg, hard pity mulu game setan udah cari primo sulit. gak heran game busuk ini makin sepi",1,1,2025-01-22 03:49:03,5.3
132b1376-434b-4b4b-b199-a9b75c3aae55,"Intinya ini game kikir, sistem gacha scam, dan seolah² player dibuat jadi budak game ini",1,0,2025-01-22 03:32:11,5.3
5442d363-80a8-47b8-9002-3160be0c09e7,Game nya terlalu slow Quality of life buat explore minim,1,1,2025-01-22 01:25:47,5.3
d8b3fd71-7b2b-46a2-baf9-98e3766059d7,tolkon,1,0,2025-01-22 01:22:28,5.3
bfb7a907-a024-4b4b-9187-e5272e014cd0,"Kenapa story nya balikan lagi dari awal mulu gabisa di save apa udah jauh2 balikan lg ke awal, gaada fitur skip story lagi mana story nya ngantuk bosenin, gacha nya kudu aja mentog pity mulu kikir emng, koneksi ga stabil terputus mulu dari server balikan lagi terus aja begitu tod lah, event gitu2 doang, hadiahnya lawak pula wkwk",1,4,2025-01-22 00:18:48,5.3
35e2dce3-9a01-4a0d-828a-724415605e76,"Support Controller di android kapan k4mpret. Sumpah ini game bangs4at banget, Yapping panjang banget, ceritanya membosankan dan GA ADA FITUR SKIP STORY!!!",1,3,2025-01-22 00:04:02,5.3
11e00004-b74b-4183-b3d1-17ad86b698f2,Gacha nya ampas giliran emas dapet diluck,1,0,2025-01-21 23:43:47,5.3
a69ada4e-44c4-454c-baa4-b9d061812c1f,Seru,5,0,2025-01-21 22:44:32,5.3
76dab2a0-2154-4d85-9d54-45be35b191da,Terimakasih kikir impact,5,0,2025-01-21 22:29:53,5.3
26a66b29-9c71-4bec-929c-c281047fe6fc,ntaps,5,0,2025-01-21 21:41:03,5.3
2e532945-58b2-458c-8781-8945664305b8,Not worth it for free player,1,0,2025-01-21 21:36:25,5.3
c20a4356-a11b-425c-8f59-43f7df58ecdf,"Terimakasih Genshin, pengalaman bermain ku sangat luar biasa.",5,0,2025-01-21 21:23:22,5.3
1906036c-7896-40a2-90dc-c329b5c6c180,"Gameplay yg bagus, easter eggs ny lumayan",5,0,2025-01-21 21:03:36,5.3
9452a0c2-8266-49d2-b1cb-17b26a129c9d,"Game bagus grafik hd jalan cerita seru karakter juga bagus bagus apalagi story karakter nya, tapi tolong dong masalah jaringan nya ini setiap login tulisan jaringan error mulu, padahal scroll tiktok, YouTube lancar lancar aja, tolong perbaiki lagi bug pas login nya, tolong dong ini kenapa si setiap login mengomplilasi shaders terus, setiap. Login loh, kan gajelas banget, bug apa gimana",3,4,2025-01-21 19:55:01,5.3
2372279b-91ee-4611-9fbf-ef903b31eb3a,"Ceritanya menarik, gameplay nya juga seru, cuman tolong dong developer Bikin story nya bisa di skip terutama pas quest"" Gitu, dan gacha nya juga dipermudah",4,0,2025-01-21 19:41:39,5.3
a47fc31a-2f10-409a-a4c4-4bf333415228,game baik🥰🥰🥰🥰🥰 (tapi boong),5,0,2025-01-21 19:36:34,5.3
696eadaa-84d3-433c-a777-f97253161198,"alur cerita gak bisa di skip kadang yang ingini main pun mles quest karna terlalu panjang, berasa baca komik. kita bukan untuk baca komik tapi untuk bermain game.",1,0,2025-01-21 19:05:39,5.3
f0dcc4ab-89e9-416b-8fa5-a643ccec92c9,"Ntaps hoyo, kali ini kau tidak mengecewakan, sesauai janji kalo dapet Crimson moon bintang 5 untukmu",5,0,2025-01-21 18:49:46,5.3
85a88599-508b-4827-88b9-140215951b75,Ini seperti Game judi karakter. Bahkan dengan uang nyata.,1,4,2025-01-21 18:48:44,5.3
bf849d7c-206e-493d-a394-9063c1c0a455,"Saya main genshin awal tahun 2021 an, dan saya nyaman Banget Gamenya baik, saya menang rate off udah 7kali wkwk terimakasih hoyoverse, gak kerasa bentar lagi mau ke region snezhnaya, semoga untuk next region, bansos mulai diperbanyak, dan untuk ukuran size gamenya kalo bisa jangan terlalu membengkak, nanti para tabibito/traveler pada gak bisa main, storynya juga lumayan bagus karena saya player kasual, sekian dari saya #enjoythegame👍",5,6,2025-01-21 18:35:15,5.3
9884b4d5-493e-425d-bd30-39e59214678f,KALAH RATE OFF MULU KNTL! BENCI BGT SAMA AKUN GW YAK?! DARI JAMANNYA GW MAEN KAGA PERNAH MENANG RATE OFF KNTL. KEHOKIAN GW GAK SEGITU AMPASNYA!! 50/50?! BULLSH*T AF. 90/10 YANG BENER.,5,0,2025-01-21 18:11:58,5.3
6b5be547-aa93-4bc5-ad7c-645c1253ba14,pliss kalo kalah rate off jangan diluc mulu,5,0,2025-01-21 18:11:29,5.3
61a6235f-e088-4ddb-8e7a-ad278c36e8ff,Buruk,1,0,2025-01-21 18:04:09,5.3
9029cca4-2590-4451-be1c-149d46116943,semoga lebih banyak hadiah gratis,5,0,2025-01-21 18:00:06,5.3
f9def7bf-4de6-470f-8159-68b4c4b4068c,"Semuanya sudah bagus dari story, design character serta animasi skill nya cukup bagus. Untuk puzzlenya lumayan bikin candu sih good deh buat hoyo👌🏻",5,3,2025-01-21 17:47:27,5.3
75ad0f18-2e8e-48b1-b38f-3cec6983403f,"Kikir bet kntl, ngequest berjam-jam dengerin yapping gk guna cuma dpt 60 primo? Minimal kasih fitur skip dialog lah ini kgk, cuma liat npc bisu ngomong di quest kgk bisa di skip tolol, gw ngomong kek gini karna dah muak dari dlu kgk ada perubahan",1,8,2025-01-21 17:35:04,5.3
7985a60b-6538-441e-865b-47a35a6573ae,Iklannya yang di PlayStore sangat mengganggu,1,0,2025-01-21 17:32:54,5.3
dd972194-4731-40ad-820c-d3d28f1e2fbd,"pelit wu, gr' elu cweku nangis xiao ga pulang",1,0,2025-01-21 17:32:16,5.3
f39a92d4-ee83-4119-b196-567282dfcecc,"Untuk event, terlalu banyak dialog tidak penting. Tidak dapat di skip, membuat males bermain. Bahkan saya hanya memencat space di keyboard saya. Tolong, kurangi dialog tidak penting di event yang tidak berhubungan dengan karkater playable. Kenapa tiba tiba double banner character baru?",1,106,2025-01-21 17:25:57,5.3
fd50cae9-611a-48a5-a2c4-ae82b25c669e,game ini bagus banget tapi disini akun mudah banget buat di hack atau ilang,3,0,2025-01-21 17:02:40,5.3
90dbae2a-41b8-4ae9-be8e-6b3229ac54f1,Ini game kenapa dah pas buka apk lain lancar pas buka ini game ngeleg sering terputus dari jaringan,5,15,2025-01-21 17:00:45,5.3
d1b70f29-6abc-48e2-9aad-9e8b640e1571,seru banget sama geme ini tapi waktu aku mau gacha karakter itu pelit banget udah capek-capek ngumpulin/topup Primo eh malah dapet yang ga sesuai!,4,0,2025-01-21 16:43:39,5.3
14a558e8-15a1-48a4-9c07-ffc75d3e8a74,Sistem gachanya tolong di perbaiki scam,1,0,2025-01-21 14:25:04,5.3
55337364-e64a-4f8f-b7ce-e689628e14d6,Bagus,5,0,2025-01-21 14:08:52,5.3
6ce806aa-d610-48b2-823c-6850813c6fbf,"Yang bener aja ni, sistem gachanya berat bangett...",3,0,2025-01-21 13:41:22,5.3
0ce1968a-f88c-4b0d-8d2c-51d9ef3b5672,Kapan akun gw kehapus lama amat tunggu 30 hari segala cepetlah prosesnya 1 hari atau 1 minggu akun langsung di hapus,1,0,2025-01-21 12:37:14,5.3
9bf62261-7446-42c1-99e7-f0e7a4e5a30b,"Grafiknya ringankan dong,tapi masih bisa kelihatan HD",5,0,2025-01-21 12:16:36,5.3
1ab7232f-c95c-48cc-8844-abc8d10ac40f,Simpel aja sistem gachanya kaya peli,1,0,2025-01-21 12:13:15,5.3
29584f31-9e33-421f-9475-0652252f08c9,Banjingan malah di dpt Jean PT 70 kikir bat gk ada tu tanda² mavuika,1,0,2025-01-21 11:56:27,5.3
ee909f38-d10b-4bb1-99f2-f1efb0caa3e5,"Saya benar-benar kecewa dengan GI. Setelah semua usaha yang saya lakukan untuk bisa dapetin citlali mulai dari explore, selesain semua story quest main berjam-jam untuk ngumpulin primo hanya untuk dikecewakan setelah 78 pull malah dapet jean. Saya benar-benar kecewa pada anda mr. Dawai",1,1,2025-01-21 11:21:55,5.3
bfaa5c50-77ba-429a-919b-b4822ddc0435,Ada venti cantik wangi wangi 🥰🥰🥰🥰🥰🥰🥰🥰🥰🥰🥰🥰🥰🥰🥰🥰🥰🥰🥰,5,0,2025-01-21 10:18:20,5.3
b0f3ec31-e6e0-4857-bcd7-f53606d7a1cd,Game nya oke dari grafik.skin Dan lain-lain tapi tolong bug nya dihapus saya tiba-tiba ngestak,5,0,2025-01-21 08:51:51,5.3
2472c78e-cecc-4d56-82c8-4ce3f0ab8414,LOVE YOU HOYOVERSE.... Praying For You 🕯️ O Great Hoyoverse ♥️,5,0,2025-01-21 08:37:46,5.3
37755459-bfb5-4767-9143-32270c5907f1,Mantap lah grafik nya,5,0,2025-01-21 07:59:26,5.3
f9d47e20-c9fa-4bac-8fdb-8b8981750caa,yahaha ketauan tuh sistem gacha nya sistem judi,1,0,2025-01-21 07:40:49,5.3
0e99690c-0385-4a8c-a284-e325dc9761b5,Permainan Story Yang Pernah Saya Maini Teruskan Hoyo!,5,0,2025-01-21 06:56:10,5.3
ccf6f5d8-f92a-4aa8-abd0-dc216bd57526,Tolong ringanin mengompilasi shader di hp kentang lah please,5,0,2025-01-21 05:29:11,5.3
981e79cf-518f-4fa2-8d92-9da6c7a570c4,Semoga akun genshin impact saya 47017040 diberi ke BERUNTUNGAN,5,0,2025-01-21 03:25:50,5.3
054a84b3-9b02-4e00-9764-3a58cb6011c9,Bikin boss yg balance lah masa iya musuh ketergantungan char natlan doank,1,0,2025-01-21 00:08:03,5.3
1b89bb4a-1314-4bac-864e-aa8d5b79ddf2,"Naikin Bansosnya lagi, banyakin lagi endgame kontentnya, dan buat event nya semakin variatif, banyak dan gak ngebosenin. Itu itu aja terus, udah sistem gacha nya yang nguras tenaga buat eksploras sana sini. Giliran di pull, malah dapet zonk.",1,0,2025-01-20 23:43:26,5.3
4d979845-e333-4df6-bea7-ca581a1afe21,pensi genshin karena fokus game sebelah yang udah support gamepad,1,0,2025-01-20 23:05:55,5.3
ff9de452-e5c9-4a32-83b7-1fadf2adf16c,"game yang bagus banget, rekomen bet dah",5,0,2025-01-20 22:42:14,5.3
6d75b27d-1038-4140-ba17-6487cd3e4d4a,Mau nanyak ini suport 4gb gak 😁😁,5,0,2025-01-20 21:45:20,5.3
e69340e0-abce-4be4-8245-080a39a4fb92,Ok,5,0,2025-01-20 20:43:31,5.3
3912b852-ebae-4ae7-9776-3b5f2975e2a4,Yang bener aja lah kalah Mulu gua gacha Hero oy!!!,4,0,2025-01-20 20:09:22,5.3
61608af1-0753-4e04-a178-00a13264aa4e,Game keren,5,0,2025-01-20 19:17:23,5.3
861cb581-9bf8-4266-8cd1-e15d8d4f8422,"Overall udh perfect,animasi bagus,grafik bagus,cerita bagus,desain karakter bagus kekurangannya cuma animasi npc & model npc",5,2,2025-01-20 19:03:47,5.3
e4a09304-420c-4f0d-9268-535f5f4ad9fd,Josss,5,0,2025-01-20 19:03:36,5.3
d00d9e06-6320-4e8f-8d5d-68ee30fe4c3c,Bintang 5 karna bansos,5,0,2025-01-20 18:36:06,5.3
4d01b042-89ea-42f3-8f01-3b7263e8062a,"Bisa kali resin full nya di buat 300, dan per satu resin jadi 6 sampai 7 menit, kalau 8 menit terlalu lama😌",5,0,2025-01-20 17:53:10,5.3
55a6f099-0a92-4f28-8359-8c71ac113148,Seru tapi bisakah kalian lebih sering memberi spin gratis untuk orng free to play,5,0,2025-01-20 17:34:30,5.3
ee149c81-7a52-4c4b-90cc-278c378f87ef,Genshin we need male character!!,5,0,2025-01-20 17:18:29,5.3
694d2622-cd4b-4e4a-bc8c-9e6844ec7e4b,Love this game tomatt 🍅🍅,5,0,2025-01-20 17:08:46,5.3
90e9d179-1f0e-4c26-8726-6d24eeb825cb,"Best game ever., but dinatlan ini, aga kecewa, dengan model karakter yg tidak sesuai dengan tema nya",5,1,2025-01-20 15:59:09,5.3
e4585868-272e-445d-afc3-380a50eb444c,game nya seru banget tapi y agak malez juga sih maennya rasanya kayak begitu begitu aja terus tapiii lumayan lah,4,0,2025-01-20 15:48:15,5.3
7534738a-abad-4eb9-a598-75684cf61d36,Sebenarnya aku bisasih log in nya tapi waktu loading malah lama banget padahal koneksi ku normal dan sekarang hp ku banyak memorinya tapi kenapa waktu log in baik tapi waktu loading aneh karna lama banget semoga loading nanti jadi cepet ya😀,1,0,2025-01-20 15:44:59,5.3
1b1bfb61-ed4a-4932-8cec-692f164ccb2f,NGUMPULIN PRIMOGEM BER MINGGU MINGGU SAMPE TERKUMPUL 6000-8000 PRIMOGEM TAPI DAPAT NYA ITU ITU SAJA MANA GAK GUNA LAGI,3,0,2025-01-20 15:26:40,5.3
db3c84cc-5549-4b86-95ed-b79bd8e34313,Keren bamgettt,5,0,2025-01-20 15:15:47,5.3
cb387fe0-16d7-4694-85fa-1d588d79d4b9,Tolong Buat Ga Ngelag Lagi Ini Grafik Nya Super Bagus Semuanya Udh Bagus Tapi Patah Patah Ngelag,5,0,2025-01-20 14:42:38,5.3
846a02ae-46bd-4b66-96a7-400da4b38e99,Game yang amat sangat direkomendasikan untuk dimainkan!!!!,5,0,2025-01-20 14:18:38,5.3
046d8837-7b31-498c-8a74-ca002a535bd4,"GAME KEBANYAKAN YAPPING GABISA DISKIP QUEST YG GA PENTINGNYA, NAJIS. NAJISSS. UDAH TAU CUMA NGOMONG SAMA NPC SEGALA GABISA DISKIP NAJISSSSSSSS AJGGGGGGGG",1,0,2025-01-20 13:34:55,5.3
b032f84e-821e-40ba-87a8-654a4b4f2ebf,Mantapp,5,0,2025-01-20 13:32:04,5.3
48572b76-a407-4018-b600-cd9fbc152b21,Menurut gua ya tapi tolong penyimpanan gua ga aman plis help me my penyimpanan,3,0,2025-01-20 12:40:51,5.3
4e1295dc-7ea0-4220-926c-2c1ddac2b71c,"ucip ucup papi ucup cicup cacap acip cipup cipap ah ah ah ah ah ah nahida aku sayang kamu,kamu mau ngapain nahida,ahh kenyot susu nahida gulp gulp,kokop🥵🥵🥵🥵🥵🥵🥵🥵🥵🥵🥵🥵🥵🥵🥵🥵🤤🥵🥵🥵🥵🥵🥵🥵🥵🥵🥵🥵🥵🥵🥵🥵🥵🥵🥵🥵🥵🥵🥵🥵🥵",5,0,2025-01-20 12:03:38,5.3
b3028eb2-b43f-4710-82ff-30fe2b56b090,"min boleh gk semua server beda bisa mabar bareng jadi enak buat pemula yg salah server pas awal main ""tertawa tapi terluka"" w tambahin deh Bintang nya😭😭",4,0,2025-01-20 08:57:39,5.3
2872b43c-25de-442f-9714-022299eea6ad,Nice game,5,0,2025-01-20 08:14:23,5.3
433925c7-617e-4587-82ce-db6a57f6f09c,Game asu kebanyakan cerita.. Gak usah buat game buat film aja kalian. Game 30 gb isinya cerita2 sampah,1,2,2025-01-20 07:08:04,5.3
f0cac2ca-d534-48fb-8cbf-14a2793f1ce2,"Keren, sering² kasih bansos",5,0,2025-01-20 06:59:51,5.3
d5551e46-72cf-4721-9bc4-74b178e72c8e,sangat seru,5,0,2025-01-20 03:29:39,5.3
d7b3a43d-ee63-4ad1-9026-008384b87478,"pelit lo hoyo, pity 80 bukannya dapet morax malah jean",1,0,2025-01-20 02:29:49,5.3
06616891-2712-4665-97d0-03ee93e55c0a,Nice!!,5,0,2025-01-20 02:17:38,5.3
85eeb455-0ad8-4e58-ba3d-b1800e423f6f,kerenn,5,0,2025-01-20 01:15:21,5.3
a9a1365d-d780-44c9-b4b9-f8eb5de97ab6,good gaming <3,5,0,2025-01-20 00:54:51,5.3
b915791b-a565-4fb7-b2d8-a6c1568c8140,Woy kasih skip story skip skip skip skip. Di kira lu pade kaga bosen. dengerin karakter ngoceh² nya kaga jelas. Kasih skip cerita nya lah lol lama banget ngabisin waktu ngotak lah emang seharian mau main game 1 story kuest aja bisa ampe 2 jam lol bet,1,54,2025-01-20 00:47:34,5.3
b678e699-2c52-42d0-9a1e-89f6be0008d1,Baguss,5,0,2025-01-20 00:39:33,5.3
e3d641ef-3138-4ff2-9be7-7d0075db3abb,"Kalo gak di kasih karakter bintang 5, setidak nya karakter bintang 4 lahh hehe",5,0,2025-01-20 00:33:00,5.3
665f8d9b-bdea-4576-ba08-6d90cb9998a3,Good game,5,0,2025-01-19 23:15:42,5.3
26b028e2-35b0-449d-84df-595a586c15d4,"Tolonglah kenapa gw yang rajin login gini, kalah hoki sama temen yang login beberapa kali doang. Sangat merasa tidak adil, terimakasih",3,1,2025-01-19 22:04:28,5.3
a625f6f4-5ee0-4c6a-8630-290c5ec5739f,mantap,5,0,2025-01-19 21:16:46,5.3
e976fe43-b2d7-4bdb-8e96-9b12864f0b01,Game ini sangat bagus,5,0,2025-01-19 21:12:12,5.3
636a9b24-be0a-4dea-b07c-2bd7fcfb3a32,Seruuu polll main di tab a9+ grafik tinggi ga ngeleg samsek😍😍 pokoknya th3 best,5,0,2025-01-19 21:08:19,5.3
e7636600-1bbb-4f7f-a4e3-07a781825163,Bingung,5,0,2025-01-19 21:05:45,5.3
1cb6bc71-0208-4950-b9df-57cef1919c57,Game kikir chance deal,1,0,2025-01-19 21:05:03,5.3
c6b0e11b-a788-4633-aaef-9dbd2192acd6,Bagus banget game nya apalagi saya main di PC Dengan desain grafis yang HD membuat saya tidak bisa berhenti bermain game Kikir semacam ini,5,0,2025-01-19 21:03:48,5.3
1d47091e-91c9-4f6f-b226-abc248d6fba7,这很有趣，但如果你添加了麦克风功能，那肯定会更令人兴奋,5,0,2025-01-19 20:36:53,5.3
7b4c96a9-f0a6-4cce-b2f5-93779498d0a9,Bagus b zirrrr,5,0,2025-01-19 20:21:44,5.3
115bdae9-2cfb-46d1-af46-7f8dc35c15f4,"Tolong tingkatkan performa di hp menengah,saya ingin bermain dengan pengalaman yang lebih nyaman",4,0,2025-01-19 20:03:20,5.3
582e44ed-7a5a-4938-b4aa-c26589396265,game nya bagus cuman menurutku kurang fitur nikah ama karakter di genshin. Jadi aku bisa kawin ama salah satu karakter di sana 😋😋,2,0,2025-01-19 19:08:46,5.3
8d0cd641-c5b7-468c-91c7-46837807a0d1,ok,5,0,2025-01-19 18:42:52,5.3
6c451982-a53a-4503-a8ff-ad4c8fbc7648,alur game bagus but gacha kagak grafik okelah :v,5,0,2025-01-19 18:21:37,5.3
ca3d1c6a-41df-40f4-8fa0-4748b46b5cf3,hokiin dong,5,0,2025-01-19 17:40:43,5.3
499e3312-a09e-47a5-b658-5b3a488b317a,bagus banget game nya kerenn👍👍👍👍👍,5,0,2025-01-19 17:00:45,5.3
3673bc47-3248-4625-a786-506936053142,Up,5,0,2025-01-19 14:43:21,5.3
47b02b35-69d1-44aa-899f-4bba92d827dd,Terbaik! Musiknya bagus2,5,0,2025-01-19 14:23:48,5.3
1651b94f-c81e-4c18-8be0-dd2af8c3a2a3,My account got hacked:/,1,0,2025-01-19 13:33:52,5.3
5f3089a3-8ae6-4481-9bd6-ca3e7898264d,Bagus jirrr,5,0,2025-01-19 13:33:03,5.3
2b79b50a-f859-4b17-bc90-ebe5be802278,Bagus,5,0,2025-01-19 11:48:46,5.3
483613b9-3819-4d66-814c-9760f2e2a5b1,game asik memiliki map yg sangat luas dan grafik yg sangat bagus,5,0,2025-01-19 11:08:17,5.3
d224b910-f4d7-4aee-8e20-6cdc78a60580,Tcg KONNNTOLLLLLLL APUS AJA ANJINGGGGGG,1,0,2025-01-19 10:44:52,5.3
b4ae86ce-2829-47dc-a3de-071058cd58e7,Game berat,5,0,2025-01-19 10:37:05,5.3
b279d0cc-bd3c-4e05-8135-dd33a25ab5bd,keren,5,0,2025-01-19 08:38:28,5.3
95ff2eba-a828-4a2b-99d0-717ca1ebdafd,Selama hp w kuat :),5,0,2025-01-19 08:33:32,5.3
6736f07c-9d5c-48c1-b297-b3f6831ae491,aku suka game ini sangat bagus dan tidak kikir 😹,5,0,2025-01-19 08:05:33,5.3
41cc7721-e7fe-4889-9dd3-c6c8752fc003,Tambahin fitur skip obrolan males bat taptap layar,1,0,2025-01-19 07:10:02,5.3
2c42472b-3673-45b6-b66e-3b9aa49aab73,Jelek,1,0,2025-01-19 07:09:50,5.3
9702ff37-19de-4ce3-b4d8-2b38c75d7a68,Gamenya bagus sekali walaupun harus main di grafik low tapi masih bagus dan lancar untuk dimainkan,5,1,2025-01-19 06:54:18,5.3
eeb80f41-8a73-400a-b0b1-effb77a3d227,"Rada kecewa sama genshin impact sekarang entah kenapa sistem gacha di genshin kayak main judi online dah ngehabisin primogem tapi ketika gacha kaga dapat apa apa, dapatnya ampas terus, mau gacha mavuika malah jadi malas, bahkan beberapa hari ini saya tidak login genshin karena sistem gacha yang curang itu, apalagi sebagai player f2p ya jelas sistem seperti itu tidak adil bagi player gratisan, apalagi yang bayar pun sepertinya belum tentu dapat gacha bagus juga kecuali streamer keknya",3,20,2025-01-19 06:49:50,5.3
1f331d1c-0cd5-4238-b035-2d3aa64f24b5,Sangat menyenangkan mamainkan game ini xixiix,5,0,2025-01-19 06:02:32,5.3
1385fd2f-9c23-433c-8511-3a68657bf39c,"Sejak kalah rate off hard pity, farming malas, semuanya malas",4,0,2025-01-19 04:28:04,5.3
6aeac237-a284-4dc4-831c-0b45138cc70c,Is this too much for asking about controller support?,2,0,2025-01-19 03:10:41,5.3
777f0156-2a22-403b-9eff-32f5913ea4cc,Game kikir,1,0,2025-01-18 23:20:14,5.3
319cd08f-fd50-40ef-842d-477d399c724b,BAGUS,5,0,2025-01-18 22:28:58,5.3
40e99bb4-23a8-4223-af50-17da42b97fde,"Menarik, alur critanya juga bagus,, di tambah lagi map nya juga luas,, bagus",5,1,2025-01-18 22:16:53,5.3
f300e190-484b-42e5-bd45-00150c5d343d,Matab👍,5,0,2025-01-18 20:57:37,5.3
dc02b72a-88e2-41b0-99b2-019d8985a6ba,Lupa cara main,4,0,2025-01-18 20:25:09,5.3
c75ce1fb-26d3-4f39-911a-3d1d21bfd60a,Saya setia memainkan game ini meskipun hasil gacha kebanyakan zonk 🙁,3,0,2025-01-18 19:56:36,5.3
c4587e94-82d1-4173-b500-b5aae7b430dc,"woyy mihoyo!!!!! perbaiki lahh masalah jaringan, masa gw login ga bisa katanya jaringan terputus padahal pake wifi, gw coba buat scrol tiktok sama ig lancar giliran login katanya jaringan terputus. tolong dong tanggapan nya jangan cuma diem aja atau malah ngga di baca sama sekali ini keluh kesah dari player lu!!!!!",1,0,2025-01-18 19:19:47,5.3
0271b1bb-3ec5-4d1b-9503-b568b61df485,Karena game nya bagus tapi susah bedain cowok atau cewek,4,0,2025-01-18 18:54:28,5.3
fcd0fa9f-3561-4815-bb8e-8414613376c3,jelek satt kikir bet ini game kena spam def hard pity 😹😹,1,0,2025-01-18 18:29:43,5.3
8eb0c40e-355b-4d57-ad61-0079639290b7,Grafik nya bagus tapi terlalu berat,5,0,2025-01-18 17:48:06,5.3
cfcdfe87-7fc5-4572-97ec-0a3531628a08,"Mungkin masih menjadi mobile game dgn tema open world terbaik yg pernah saya mainkan! Kendala nya hanya di resin yg sangat terbatas saja, sedangkan untuk mendapat artifact dgn stat & sub-stats yg diinginkan, player perlu untuk menyelesaikan domain hingga berkali-kali. Overall, Open world 10/10, Battle system 10/10, Story 9/10, Characters 10/10. A totally recommended game! NB, Map Sumeru 11/10! Cocok untuk refreshing setelah stress di map Inazuma 😁",3,420,2025-01-18 17:30:02,5.3
70da87e7-92f9-417f-993b-266ad482cf50,please fix bug change email,3,0,2025-01-18 17:14:16,5.3
cf4c731f-0998-48cd-a387-893dc5aa2af2,Game nya emang bagus sih tapi cuman Ada 1 masalah berat yaitu adalah ukuran data nya terlalu besar mungkin saya butuh 1 atau 2 atau 3 bulan untuk selesai semoga di perbaiki ya,4,0,2025-01-18 17:12:42,5.3
0af6b63c-12b1-4e5b-9ca0-a86e91714cf9,Gakan pernah bosan.. apalagi jika theme nya seperti dragonraja si fi,5,0,2025-01-18 16:44:04,5.3
81205dbb-0448-485a-92d2-5808f2f0a29d,Topp,5,0,2025-01-18 16:01:28,5.3
b974688d-f5cb-4a3c-954a-0b1e29615059,Tolonglah game ini diringankan loading yang lama banget tolonglah game ini diringankan ya,1,0,2025-01-18 14:48:57,5.3
09ee8a93-9933-4b2b-ac75-982b626c3e25,Game toolol kikir nya minta ampun,1,0,2025-01-18 14:40:32,5.3
c2bd84bd-e7b9-457b-99bb-79b61c4777ab,"jangan pelit² lah, kikir banget ni game.",1,0,2025-01-18 14:19:12,5.3
0aa90be0-d386-4ea8-8b87-5d14a1e56bf6,Mmuaach🥰,5,0,2025-01-18 14:15:08,5.3
0b2ed262-5ac8-4111-af27-c43070d748db,game baik,5,1,2025-01-18 14:12:09,5.3
3415c997-24f2-4b29-b7dd-817cff5dddfc,"i love this game! grafik keren meskipun ngeleg ngeleg di hp ku ini :), alur cerita bikin merinding banget apa lagi pas cut scene animation, keren! tapi satu yang masih bikin kesel, gacha karakternya :). bukan kikir, tapi pelit aja buat orang yang f2p, kasian eksplorasi dari malem ampe subuh lagi eh ga dapet *5 . saran ku weapon *3 hapus aja dari banner karakter. waktu itu kesel banget ngepull nahida yg pulang diluc, ampe pundung 2 hari ga nyentuh genshin. genshin impact? more like sabar impact",4,31,2025-01-18 12:54:55,5.3
fd53b083-4402-495b-b185-6906ad35ad6e,Baguss,4,0,2025-01-18 12:46:49,5.3
cb628971-c3a1-4b6b-aeb2-3127ec93c07b,sangat cocok untuk pecinta grafik dan story,5,0,2025-01-18 12:29:17,5.3
0cd11e29-1e34-48cc-973d-2d522ba1ec00,"developer cepat di benarkan untuk tampilan uinya, di game lain seperti hsr dan zzz padahal berfungsi dengan baik ketika saya menggunakan mode small di ui hp saya, kok genshin sendiri yang ngebug 🙏🏻 pliss saya tidak mau pensi dari game kesayangan ini.",4,1,2025-01-18 12:17:14,5.3
26bb5722-ac83-469d-a0cc-d622866ac98e,😎,5,0,2025-01-18 11:16:46,5.3
ff5088dc-86a7-4ab4-8bbd-f72559aa6024,Keren dah pokoknya,5,0,2025-01-18 09:48:54,5.3
a45c8b01-fff9-45fe-b7f1-33c7fe0f0719,gachanya agak susah,4,0,2025-01-18 08:51:46,5.3
77eb489a-d377-43c5-99ca-36ed8f1ff985,"Gak bisa login di game aneh, tulisannya terlalu banyak permintaan, sudah 3 hari ini saya coba sabar2 tapi tetap gak bisa login",1,0,2025-01-18 08:37:41,5.3
c3f2b8f2-f866-4221-b348-360856c3e03f,Keren,5,0,2025-01-18 07:29:33,5.3
096c604d-40da-4006-afca-8e91477bbca2,Semoga sistem gacha di game ini lebih wangi kedepannya,5,0,2025-01-18 06:11:42,5.3
1445d1aa-2e3d-4ceb-9cf3-d13abc5a486a,"4 kali gacha di banner limited kalah terus gak pernah di kasih menang, high pity semua lg ajg",1,1,2025-01-18 02:12:32,5.3
bff03837-d7e6-428b-8dee-bba0f6e3ac56,"Ini game bagus, tp pihak hoyoverse saya minta tolong sekali, reset resin mohon di percepat sama mohon perbanyak artefak yg bagus Ini aja sih, overall setelah main ni game 1 tahun memuaskan sekali",4,1,2025-01-18 01:19:17,5.3
5572ba6b-8d16-4b37-a17b-fd4b57bcb170,Game nya seru dan menarik saya suka,5,0,2025-01-18 00:39:52,5.3
2f9f265a-4fc9-4179-8bd6-7d52108f82a3,"Ni game bagus banget dari efek visual, grafik, dllnya. Apalagi Quest arcon natlannya beh keren parah, cuma minesnya sih mungkin di beberapa bug kecil doang",4,0,2025-01-18 00:25:53,5.3
40dcee56-7480-40f5-8bf4-2fb57c77d494,Seru tapi banyakin bonus primogem,5,0,2025-01-17 23:34:12,5.3
51bdfafd-16a2-41e0-94c9-d2a06e63bd0f,cashgrab,1,0,2025-01-17 22:08:01,5.3
8cd5f089-d603-47a3-b5d3-083cd43e7fca,Jeringan nya sering terputus,2,1,2025-01-17 21:42:28,5.3
3504a4eb-a338-4d3f-80b4-b9d3ba6d0121,Game kikir bikin boring,3,0,2025-01-17 21:36:15,5.3
b64a2155-c082-4875-809b-3290fb91124c,Bagus banget,5,0,2025-01-17 19:20:31,5.3
463cec01-ea62-4314-bede-591e235c5533,Sangat bagus TPI kalau masuk gerbang pintunya jangan lama banget segitu aj terimakasih developer yg telah membuat game ini,5,0,2025-01-17 18:55:10,5.3
14df3529-aa08-4779-bbb4-5bbe2d60baff,win rate is lie,5,0,2025-01-17 18:43:58,5.3
50ad68d8-b7a7-49d0-ad12-d9f129e49545,Banyakin bansos nya😁,5,0,2025-01-17 18:29:53,5.3
c0940f94-cc0c-4c2d-8589-c7cd4fe5c687,nice game,5,0,2025-01-17 18:09:00,5.3
6a96b4ea-13dc-4f51-b788-560ec466808a,Arle players are disappointed with the presence of Mavuika,1,0,2025-01-17 16:30:07,5.3
b1719c18-a23f-443a-beec-07aef1d3a40d,Best game di mobile,5,0,2025-01-17 15:51:56,5.3
2c085608-0e30-4503-951b-38ad0d5452d3,"Aneh ya, tau game ini hanya meraup uang, ketimbang kenyamanan pemain, yg main ni masih ngeluh, hadee..",1,1,2025-01-17 15:42:37,5.3
0231cabd-7790-40a0-bf4a-8e8661d187e9,How many years has it been and it still doesn't support gamepads on Android?,2,0,2025-01-17 15:38:59,5.3
1b0b8614-74fa-434d-9b05-62279ac64aeb,Game nya keren,5,0,2025-01-17 15:00:51,5.3
287dea1b-913f-4833-977a-cb172e0a9cee,Game baik,5,0,2025-01-17 14:32:50,5.3
30a2b266-273b-434d-bf0e-5b022c3b52b4,BUGGGGG,1,0,2025-01-17 14:21:24,5.3
9ac0f16b-aa13-4a5f-add5-4e9545ad61b2,drop rate artefak nya najis,1,2,2025-01-17 14:04:25,5.3
3f23b001-c500-4acb-ab38-a4ec564d12bc,kerenn,5,0,2025-01-17 14:01:50,5.3
cb6435bd-ca79-4205-9b5a-bdea0847e5e2,ckup ousi,5,0,2025-01-17 13:42:41,5.3
e8a81e3b-9e2b-4d77-a454-258a807868b9,Game nya seru sekali!!!!,5,0,2025-01-17 13:10:11,5.3
b13e84f7-b577-4d09-b6eb-7f285c18cfa1,Game nya bagus cocok buat hp gw yg samsung s23ultra bisa 120 fps grafik low dan kalo grafik rata kanan gk tau nyoba karena aku pakek yg grafik mid biar fps ku tinggi dan game nya bagus bisa jelajahin gitu pokok nya seru,5,0,2025-01-17 13:00:47,5.3
e8ac83df-1ce4-432a-ab18-3be2e20327e5,ngasi musuh yg ngotak dikit lah ngentd,1,0,2025-01-17 12:26:59,5.3
d326b570-e765-448b-9961-1edeb15e3759,"artefkanya pelit bgt njir, busuk",1,0,2025-01-17 12:15:18,5.3
5992d2b0-5930-45b2-9b24-0a2e82cec025,Keren banget,5,0,2025-01-17 12:10:36,5.3
449941c4-f83b-450c-ab3f-7260cb0b93a6,Game kikir,1,0,2025-01-17 12:02:40,5.3
2896b7ca-7c09-44bd-a288-0e7ff69c015f,Seru banget,5,0,2025-01-17 11:46:57,5.3
61a628de-3a13-448c-86b4-7a2bcab412a0,Game terkeren,5,0,2025-01-17 11:31:08,5.3
25978587-0a2a-4ba9-84ec-5816fe3c8112,Game nya bagus sekali karna map yang indah dan gua beruntung sampai dapat karakter yang keren sekali Terima kasih kepada developer 😁😁😁😁😁😁😃😃😃😃,5,0,2025-01-17 11:24:10,5.3
0f0486f4-e1ea-453a-b2c6-9d118396a4c8,sangat bagus.,5,0,2025-01-17 10:40:34,5.3
e4d7a4ed-fd0b-4d28-8002-396f4604c88b,"Good Game, Semoga Kedepanya Region Lama Di Kasih Chest Lagi walaupun Sedikit",5,0,2025-01-17 10:09:34,5.3
b6cf01d5-1948-4b9f-b3f2-09edaab250a1,"Padahal hp gua ram 12/250 semenjak update game nya jadi patah patah,yang biasa nya gua main di grafik sedang ini main di grafik terendah itu juga masih patah patah banget Plis lah tolong di perbaiki lagi,apa gua harus ganti game apa harus ganti hp lagi ini buat main",4,1,2025-01-17 10:09:23,5.3
c0275e4f-ccef-4f4e-83a7-2877c1778e21,Mantep tapi banyak ceritanya jirr sampai 30 menit ahhh,5,0,2025-01-17 10:09:05,5.3
5e1fcb3d-e7f0-4f1b-9fbb-84dde05a6215,Seruuu,5,0,2025-01-17 09:36:36,5.3
8c821841-9ce5-4d27-8605-a6b8b3a03dcd,Untuk sekarang genshin bagi-bagi primogem yg sangat banyak,5,0,2025-01-17 08:52:37,5.3
7f803035-3065-4503-a325-17588b5fe966,"untuk keseluruhan game nya udah bagus, cuman masih mines di chara nya aja yang kebanyakan perempuan, saran untuk next update mungkin bisa di tambahkan lebih banyak chara laki2 yang cool",5,0,2025-01-17 08:17:11,5.3
f4684a1a-aa3e-4349-9349-19eaf09da796,"Perasaan dulu gak kek gini deh sebelum update gede""an",1,0,2025-01-17 08:05:21,5.3
fbc2bc4f-7fdd-490b-9ea7-16497efea071,Good,5,0,2025-01-17 07:50:55,5.3
614b497c-2c36-43af-9bed-581af4e17654,Bagaimana cara nya kembali ke akun saya yg lama Mohon pencerahan nya,1,0,2025-01-17 07:40:44,5.3
720907d9-28b7-4391-a7b1-9308e39d4ad3,Tolong beri fitur gamepad agar tangan kami tidak kepanasan saat memainkan game berat ini..!,5,0,2025-01-17 07:35:42,5.3
58a6685a-545b-43bd-8b2c-972cb5bf0529,Game kntl kalah rate off mulu,1,0,2025-01-17 00:38:33,5.3
3d539915-d718-4715-96c1-8ca61bdcc9e9,"Taik kau naro boss makan waktu d spiral, mo ikutan lads kah kau anjim????",1,0,2025-01-17 00:33:29,5.3
766600a0-b35e-4996-9bd0-40b792e459f9,"Yang awalnya gw kasih B3,sekarang malah Arle di nerf,Game RPG kok maen nerf karakter,Biar apa?Biar muavika LAKU AKWOAKOWK,bukannya makin bikin player seneng malah maen nerf²an,Sama aja lu udah beli barangnya tp lu ambil paksa sebagian yng udh lu beli(Alias ngerampas),Makin malasssss maennn,Game Maling",1,3,2025-01-17 00:27:26,5.3
5dd4c9c7-f871-49f9-851a-9f249fc94f04,Terlalu kikir males nguli lagi udh pity 75 dapet jean dah malesss,2,0,2025-01-17 00:05:07,5.3
037fc0da-1748-4f4f-a476-780d69760f02,It's so amazing,5,0,2025-01-17 00:05:04,5.3
64418f3b-e356-48e4-9ffa-5ac309ba77cb,WIRO JUST GIVE ME WIRO!!,5,5,2025-01-16 23:52:13,5.3
85de05a5-96b0-44cc-8419-85de96117cb2,"Spiral abys is too hard for casual player, even not all old player can do floor 12",4,6,2025-01-16 23:32:35,5.3
2a8a058f-bda4-4658-aaca-b00b940ec7f7,Lama ajg download nya developer gila emang download malah berhenti di 0 % mulu game rusak,1,0,2025-01-16 22:22:04,5.3
ee0acc9b-1853-447c-a15f-ed41f44821ee,Muach,5,0,2025-01-16 21:20:11,5.3
63fb1a74-5aaf-425e-8541-d0663d162364,Bagus banget,5,0,2025-01-16 20:57:18,5.3
d17ac748-e4f9-4dd3-8ec8-2c43e3d4d8f8,Mantap 👍👍😁,5,0,2025-01-16 20:49:08,5.3
828b36be-f4d7-42e4-907f-4b8082497f22,Gerafik nya aku suka tapi doulod nya lama bener tolong diperbaiki agar gak terlalu lama loadingnya,4,0,2025-01-16 20:37:11,5.3
0fda6d5d-37ff-4d00-8cb3-a05c7d22a4b5,Makasih Mavuika nya (gw gadapet frierien di gt),5,0,2025-01-16 20:01:19,5.3
99c0dc65-a553-41ed-944d-83c81f04d09b,This game is really cool! also the characters design is so pretty￶!!,5,0,2025-01-16 19:54:37,5.3
aeae7748-aad7-4c37-bb86-2f653409eb18,Sejujurnya bagus tapi untuk gachanya agak nyebelin ya😔,5,0,2025-01-16 19:39:50,5.3
1d791d55-100a-4461-8d68-edccd23b5e83,Thanks hoyo,5,0,2025-01-16 19:09:30,5.3
fae0e8fd-5969-4418-ba2a-e51d5d94ca69,Cukup bagus,5,0,2025-01-16 18:50:08,5.3
0349c7d4-2021-4576-8189-02dfa473a029,dah ku kasi bintang lima ayo kasi bansos,5,0,2025-01-16 18:49:53,5.3
3be5f643-ae51-4400-9cb9-555160e54f6d,"Sorry bintang 1 akun gw bau di segala hal, bintang 2 krna sudah direspon :)",2,3,2025-01-16 18:47:02,5.3
0edc54fd-4baf-48a3-91e6-4cd423c27961,if i didn't get Mavuika or Citlali maybe i should say that this game is trying to make the players spend their money just for cool character,3,0,2025-01-16 18:38:30,5.3
1f7ba9d5-9bc1-492c-aa35-8e13b295b816,bagus,5,0,2025-01-16 18:36:33,5.3
b0fa44fd-fcd3-4a5b-86f7-3a13f8f211a7,👍,5,0,2025-01-16 18:34:56,5.3
7ef6ec10-9055-4432-bfe4-6ea38608582b,Mending main ZZZ 👍,1,1,2025-01-16 18:23:32,5.3
1d941030-03be-427e-a0b7-2f14c9c30ee1,Bagus,5,0,2025-01-16 17:58:50,5.3
6cbaae65-8d5a-4d52-8614-283a2593703c,klo bisa tambahkan tombol skip di saat percakapan karna klo untuk beberapa orang yang sudah tau ceritanya pasti membosankan harus menunggu,5,0,2025-01-16 17:44:39,5.3
f4b43e43-43b2-49c8-aac7-a69bd2c0ff27,Game mahal,2,2,2025-01-16 17:10:11,5.3
2760c062-eb65-4d9a-b440-f4c3128b91d2,"Game tidak jelas saya tidak download,atau buka play store tiba tiba sudah ada gensit impact di hp gua padahal sebelumnya tidak ada aneh",1,0,2025-01-16 16:52:31,5.3
c9c08782-746a-4137-81b2-936707a3a175,Kebanyakan gb,1,0,2025-01-16 16:45:33,5.3
2bf2f66b-373d-4c0a-9d91-058339ed1243,Karakter baru makin banyak karakter lama Ter abaikan seperti Zhongli dan arataki itto cuma karakter itu yg buat aku masih bertahan main klo begini terus karakter lama ga bisa jadi malah harus pusp karakter baru yg belum tentu bisa,4,1,2025-01-16 15:51:23,5.3
fbee3ec6-803f-4da8-aa8a-00f2a96655a5,"Ini game keren, cmn berat. Kasian hp2 kentang kek gw nih, hp gw sampe restart2 sendiri. 🤭",4,0,2025-01-16 15:10:09,5.3
b2e7b061-2d0b-443c-a273-4f076a11e449,Game scam bangsat,1,3,2025-01-16 15:05:30,5.3
a92fde07-3bcc-4d84-b301-8c3d142dea1e,Nice,5,0,2025-01-16 14:39:06,5.3
a7dcdfa0-734a-47d7-af01-96d7b394e934,"Keeps lagging even tho my Wifi was normal. Fix thale damm bug, do better.",1,0,2025-01-16 14:33:33,5.3
a52e1eac-1f13-4a37-8471-572db0ba0bda,setiap gacha selalu hard pity dan kalah rate off,1,0,2025-01-16 13:35:12,5.3
662aa8fa-0db6-488c-9840-b27fce5a7076,Thank you,5,0,2025-01-16 11:41:27,5.3
9d12d10d-8156-42fc-8363-ddb8f5cf4a3e,Lebih di perbagus lagi lah jaringannya sama event supaya cepat di dapat heronya bintang 5 itu ajah sih makasih,5,0,2025-01-16 11:26:58,5.3
e4862bff-63b3-4c6c-8e54-cfda62b9d147,Keren,5,0,2025-01-16 10:37:46,5.3
afce48ad-d615-4c97-9c1d-e84aa19e6796,Sangat menyenangkan karakternya bagus-bagus dan sekarang build character dan build artefak telah dipermudah yang kurang pendapatan primogem,5,1,2025-01-16 10:31:17,5.3
32425672-9f53-4bec-8cf1-c8f0b5f1be99,Game paling pelit sejagat Raya 🗿,1,4,2025-01-16 07:41:54,5.3
42fe8b33-78ca-4623-b54d-b0b0b31cb55f,dah lah ngaco luh hoyoverse .. kikir .. malah dikasih keqing .. ga ngotak,1,4,2025-01-16 07:40:00,5.3
6b22192d-2a41-4ac3-a9c8-d4a2c82cbbd9,Game tai,1,0,2025-01-16 06:02:55,5.3
59eed2ab-1582-4022-bd88-56de0ed666a8,"game taik, makin kesini makin gak jelas",1,0,2025-01-16 05:30:15,5.3
146dbc87-2fa4-421b-93f1-a2bb43c57b19,"Ada akun setiap gacha selalu kalah rate off + pity nya tinggi aneh, bukan random lgi ini mah",3,0,2025-01-16 04:46:52,5.3
78416db4-3592-4f79-81b7-537e3a017632,Jelek,1,0,2025-01-16 02:39:26,5.3
97e2cf1a-5caf-492a-9720-6dcb0703844e,oke,5,0,2025-01-16 01:35:19,5.3
d1a28ded-afad-4fcd-9f05-d288f9dd750c,Akun saya sudah kembali makasih hoyoverse,5,0,2025-01-16 00:02:20,5.3
ba60f4b0-867b-42f2-acfb-6324cf5a2984,Please ads skip button AT LEAST FOR WORLD QUEST PLEASEEEEE HOYO I'M BEGGING. I CAN'T AFFORT TO BUY A NEW MOUSE AGAIN AND AGAIN PLEASEE!!!!!!!!!!,1,0,2025-01-15 22:48:26,5.3
ed250586-1dc4-4bd1-bcdf-07ee20c6688b,Game seruuuuu bgt,5,0,2025-01-15 22:44:53,5.3
6350087d-a64b-4403-8f31-de4ca8dc31d2,Cocok buat main santai,5,0,2025-01-15 22:28:46,5.3
e6cec38a-c223-45bd-9d5d-1b2cbe419213,Makasih dawei,5,0,2025-01-15 22:05:47,5.3
d2678128-73c2-4b19-a170-08daebb74320,Lebih baik main Wuthering waves,1,0,2025-01-15 20:13:15,5.3
5aac0908-e5f6-4bbb-9048-0ef9bf34bc84,Grafik sangat bagus cara bermain juga bagus sayang jika ingin mendownload data harus nunggu lama Tolong bisa di perpendek,3,0,2025-01-15 20:05:36,5.3
68295231-f2ee-42a7-90a3-acf2201dfb44,Mampus kau aku mau cari solo levelling malah lu suruh ke apk lu terus,1,0,2025-01-15 19:53:04,5.3
421560aa-6d0f-4bb8-8935-0fd9c5361e09,🤣😅🥲😂😭,5,0,2025-01-15 19:44:13,5.3
f4a1aca8-6333-447c-9ebf-f0fbe13755d7,asik coyyy,5,0,2025-01-15 19:21:23,5.3
6067e795-bb7e-4928-9824-0760b29d0905,this game is so cool!,4,2,2025-01-15 19:04:13,5.3
4e6ceccf-235a-437a-9c5f-aa58b478eb83,Bagus. Tpi Terlalu mahal bagi seorng free to play. Pelit -_- Sistem gacha artefak ampas. Sudh hampir 5thun main. Ga pernah dpet artefak bagus. Ampas semua,4,0,2025-01-15 18:32:48,5.3
70bb7afd-bbdd-4a70-8f85-646dfc147d7f,"gk jadi la, kalah rate off 2 kali",2,0,2025-01-15 17:06:36,5.3
7e638bf8-a2ec-4ebf-be7d-39bf55a5fba4,Seru bgt!,5,0,2025-01-15 17:03:09,5.3
5bc9c416-031c-48ff-95ed-243467731102,Sangat bagus dan sangat menarik untuk sebuah game,5,0,2025-01-15 17:01:15,5.3
9d072a46-1493-40c7-95f5-b453b8719cd9,"Ini game bener bener bagus grafik udah mantep, kurangnya gada fitur ewean",5,0,2025-01-15 15:29:45,5.3
c42cb48f-7331-4eda-be00-c0f88cefc43c,"Seru bgt, tapi sayang capitano tidak playeble",5,0,2025-01-15 15:19:23,5.3
2c8b76d8-b3b7-469a-9015-68579934b06e,bagus.,4,0,2025-01-15 13:56:09,5.3
7af6f6ed-8527-4906-8531-acdf41b4fcbf,Gok gok,5,0,2025-01-15 13:09:25,5.3
b3c05098-e353-4494-8c0c-57fd085d1698,Seru tapi ada berapa bug yg masih menunggu,5,0,2025-01-15 12:36:17,5.3
a26e7843-1811-4f23-880c-3b473696af57,gamenya asik banyak bansosnya juga sekarang,5,0,2025-01-15 12:11:14,5.3
5f1bd467-5d3c-4661-8a4d-1a84a3d9ae7e,tolong kurangnya Ukuran game gehsin agar hp kentang bisa main lama lama gehsin berat di hp kentang,1,0,2025-01-15 11:53:10,5.3
5e7210cf-78ad-4881-9fc9-1415578cab8e,"game kurang inovasi, lebih menjadi budak gamenya daripada mendengarkan keluhan playernya, game kapitalis",1,2,2025-01-15 11:51:44,5.3
dc884b75-794f-4f05-be74-a89a6c4f4ec0,"Game yang sangat seru,cuma mines nya developer nya agak kikir",5,0,2025-01-15 11:50:06,5.3
ead18628-5c21-454e-9d98-e3c0b3f40bf9,Oke,5,0,2025-01-15 11:20:05,5.3
8c45566e-cd79-4864-8c4f-c99e69a06908,Fun and addict,5,0,2025-01-15 11:14:55,5.3
a567273f-d77f-4d63-b54d-58dc96ab4a2a,50/50KUUUU,5,0,2025-01-15 10:28:40,5.3
5b45f2d0-8099-43e3-96a2-ec0fb882e7b5,Tolong dipermudah untuk dapat stat Arte yang bagus,1,0,2025-01-15 09:48:22,5.3
165162a1-a4b1-41bd-a36a-6194c6ed1056,"Story asik, map luas, gameplay seru. Masalahnya cuma buat player baru susah untuk mengikuti player lama karena kesulitan mencari primogem. Kalau ada event permanen buat dapat primogem akan memudahkan player baru (Kaya HSR lah)",4,0,2025-01-15 09:08:11,5.3
929e21dc-68e7-4a41-bab9-a17e74194b96,Tidak mungkin kita akan membaca semua story dari game ini di usahakan agar ada fitur skipnya biar gak lama waktu progresnya,1,0,2025-01-15 06:04:26,5.3
61df4b9e-15fc-446f-a45c-f7219043d841,"Ini game terbaik yang pernah aku mainin seumur hidup aku, dari gameplay, eksplorasi, apalagi story yang epik banget, musiknya juga cantik udah kayak studio musik. Aku gak tau kenapa sekarang ratingnya turun, padahal so far experience nya masih sama dan malah tambah baik. Tapi ya semenjak update gede gedean di last fontaine dan early natlan bikin device lama jadi kurang nyaman, untung ada versi cloud meski agak ribet nunggu lama.",5,221,2025-01-15 05:51:01,5.3
6bc403c0-9ebc-4894-aad6-e361ef0fdd1b,Game nya bagus banget quest nya gak abis abis temen coop yang masuk random semua jadi seru tapi plislah jangan kasih gw karakter event di hard pity mulu sekali kali kasih lah di pity pity kecil 😭😭😭😭,3,0,2025-01-15 04:50:04,5.3
d2879c3b-e21a-4a3e-9b65-83b2766652b6,Best Mobile Game,5,0,2025-01-15 00:36:51,5.3
c65cb9cd-1944-4247-a0be-a0ca30392b9e,"Gamenya sudah bagus namun map di natlan rumputnya semua berubah menjadi hitam,sudah saya re-login melalui paimon menu ataupun login ulang dari menu utama masih tetap saja seperti itu. Map selain natlan normal normal aja tidak ada yang seperti di natlan. Mohon segera perbaiki🙏🙏",5,2,2025-01-14 23:36:02,5.3
c5f41fbc-acd0-4624-87e3-b8d988e3ac86,Good but the gacha system needs to be improved,5,0,2025-01-14 22:21:51,5.3
1c246abb-41f8-45ef-a6b4-a9012fbb8f73,Muantap POLLL ini GAME bener BENER serruu buanget cooyyyyy LU LU pada gw saranin instal ini game si asliii gabakalan NYESELL RILL INI MAH WOIILAH.....😝😝😝😜,5,0,2025-01-14 21:51:44,5.3
95ebcba9-8e48-4e06-9e16-f26e4788aae4,Gamenya seru banget 😍,5,0,2025-01-14 21:32:36,5.3
7b0c62f2-9d91-40ee-bf26-4c813137837f,"Inilah mahakarya terbaik sih, game paling bagus menurut saya.",5,0,2025-01-14 21:07:14,5.3
442518ff-ce86-4404-9368-017bf55bc922,good game,5,0,2025-01-14 20:22:10,5.3
0d27e8ae-a2f0-4994-8cb2-579a8393dee4,Bagus bet,5,0,2025-01-14 20:08:56,5.3
aa040f5b-78b3-4dab-8733-f85fe30c7a3f,Good game,5,0,2025-01-14 20:06:02,5.3
46d4fc73-08cb-43b1-8bb4-505ee787bcb8,Fun,5,0,2025-01-14 19:23:26,5.3
2070bc5c-0b4b-49cd-9ff9-1b944983a674,Lumayan seru,5,0,2025-01-14 19:03:34,5.3
a6306cf0-ec31-4819-9dca-d9e3ef2af936,Well,5,0,2025-01-14 18:58:13,5.3
8e824493-cba5-4bc3-8271-2ddc6464607b,"Kikir, gak ada content menarik, monoton, Fandom luarnya kebanyakan jomok kalau enggak lesbi yang pada toxic",2,0,2025-01-14 17:27:30,5.3
be9ed879-44b0-43de-8a1c-fcf3852eadb2,keren bet game nya,5,0,2025-01-14 17:05:39,5.3
d24e2577-1b95-47dd-a467-a61ee8843c9f,Mau login malah koneksi gagal.....,2,0,2025-01-14 16:56:18,5.3
54841551-3e10-4e80-ab3f-ff56be99c61a,"Ini game perasaan mengomplikasi sader terus, mana lama lagi",1,0,2025-01-14 15:35:06,5.3
dfff17be-807d-41a2-a499-d089e8c01e9b,Saya berharap game ini bisa support gamped di android.. Saya sangt kesusahan ketika sudah terbiasa dengan menggunakan controller di ipad saya..dan ketika saya main di android Controller saya tidak bisa digunakan,3,1,2025-01-14 15:33:58,5.3
35477a62-d734-4e47-912e-552140cb140f,Game kikir g bisa dapet bagus pindah wuwa aja wathering wafes,1,0,2025-01-14 15:09:30,5.3
a8edc237-901e-44bc-af54-59d4e0c9493b,Mantapp,5,0,2025-01-14 14:54:45,5.3
04471201-989c-4c42-a28e-f04dcd6c8907,"update 5.2 : total size 7,6giga sudah download 2giga Sewaktu kluar aplikasi dan kembali lagi untuk melanjutkan, size yang harus didownload malah kembali lagi ke 7,6giga. Tolong tinjau lagi update untuk pengguna android.",5,19,2025-01-14 14:54:38,5.3
fd445645-61a1-4ed1-b930-9c668574b214,"Game Kikir, anj bab1 mnyt ngntd. Udah banyak top up welkin nguli masih butuh 150pull buat pulangin 1 karakter doang",1,0,2025-01-14 14:51:38,5.3
a6819ddb-9d5a-499d-af5a-0392fb1457ce,"This application is already good, it's perfect and good, but sometimes it still likes to get stuck lol, hm.. when will wanderer really come out again? I want to spin the wanderer banner.. hopefully if there is a wanderer banner I can get it :>",5,0,2025-01-14 14:08:42,5.3
2ac596f0-62eb-4154-b401-a00db9de892a,Gk jelas,1,0,2025-01-14 13:58:00,5.3
81a9c344-1fef-4959-9b7d-15c476796821,Hp ku udh ga support lagi insyaallah nabung beli hp baru,3,0,2025-01-14 13:42:11,5.3
3bb33018-cc16-4129-b72b-dbc54acff3bf,Gamenya GK ngebosenin bagus untuk yg suka have fun,5,0,2025-01-14 11:19:33,5.3
04fb63b8-29e8-4aea-970c-1ccc672c9870,keren geme nya aku suka,5,0,2025-01-14 11:00:05,5.3
88b99cba-06e2-456b-8b56-808b8d8f49d8,"Tolong tambahkan Musik di minigame dan tambahkan QOL serbaguna untuk eksplorasi di update mendatang, saya berharap ini sangat berguna",5,3,2025-01-14 10:55:25,5.3
a62bf09e-e0f9-45c9-a73d-3ac681c0cfac,Support gamepad when? ZZZ already support that thing. This game has been running for >3 years...,5,0,2025-01-14 10:48:50,5.3
569c50f1-8686-4715-8aed-3d9f3e64a1e1,Fitur skip story,1,0,2025-01-14 10:48:27,5.3
1460168b-454d-4cc3-9633-93717dce6b53,Genshin lmpact 🙏 2025,5,0,2025-01-14 04:21:52,5.3
b8bb1652-be94-4873-bc92-a363751d9b94,gooddd,5,0,2025-01-14 02:46:18,5.3
a476bc4d-43d4-4a25-8c18-c3b3cd93497c,Tidak ada kata² lanjut game sebelah,5,0,2025-01-14 01:32:03,5.3
3f7cfdd6-30ba-4d76-bc74-ae7827e010da,Bagus cuma berbayar jd males mainin lg hapus aja ah,2,0,2025-01-14 01:03:38,5.3
a41401e6-caf5-40c4-b69d-1358db8bbdf3,Tidak ada improve sama sekali 4 tahun ini -_-,1,0,2025-01-13 23:05:19,5.3
d5b588c6-7056-4825-8c0d-eda2b8833337,"seruu apa lagi map nya luas, tapi aku sebagai Player New sulit untuk tau bagaimana selanjutnya/apa yg harus dilakukan selanjutnya, dan tidak lepas dari itu semua jujur game ini keren bangett😆",5,0,2025-01-13 21:16:43,5.3
6c9d712f-bca5-4543-a381-196dc97e911c,"Pas Aku awal main kok menguduh data,tapi mengunduh data nya lama banget.ada yang tau ceritain",3,0,2025-01-13 20:32:40,5.3
104b1263-f518-444b-9e4b-6167dacd7e2c,Boring,1,6,2025-01-13 19:42:01,5.3
d55b5316-c904-495e-90f8-107fc00ac3e5,Cok,5,0,2025-01-13 18:48:02,5.3
a84d4461-b684-4317-ba93-c8ba0b88e085,"Grafis yg bagus, sayang saja mentok di gadgetnya. Alur story memukau.",5,0,2025-01-13 18:45:09,5.3
d3204fc1-cd48-440d-bf01-f9a89d946748,game bagus,5,0,2025-01-13 17:45:16,5.3
a6102433-613a-417a-be85-550ec902908c,Mantaps jossss,5,0,2025-01-13 17:31:24,5.3
b3fb198f-720a-4d60-97ba-27d099ebd11c,Mantap 1 banner 2 char baru bikin kikir,4,0,2025-01-13 17:20:05,5.3
6d6dfd38-290c-41ed-9a8b-aa98ea2ecd41,Bagus,5,0,2025-01-13 17:18:41,5.3
ca5f558d-e146-4238-b07c-b431bf0a9750,"Snapdragon 680 lancar, patah2 dikit kalo dikepung monster. Pake setting minim semua, kecuali render harus menengah, karena itu setting kualitas character. Kalo mau lancar setting tinggi pake app moonlight, remote Desktop PC, spek hp minim, beban cpu untuk PC rendah.",5,223,2025-01-13 16:15:24,5.3
14371d32-2609-43b4-85b3-6efabcc71a19,Min gw lagi sakit setiap gacha 50/50 pasti kalah GK pernah menang 😭,1,0,2025-01-13 15:45:22,5.3
bac014f9-4fb7-4569-bc81-f4034169f640,"orang mau main game untuk senang senang menyelesaikan quest santai sambil explore seperti region monstad dan liyue ,, eh makin kesini makin susah dan panjang quest a ,, aplg di map baru natlan ngejar naga udah puluhan kli sya kerjain gk juga selesai,, ngabisin waktu aja skrng gensin explore a tidak seperti dlu lg ,, skip lah Not Rekomendasi lg gensin impact sekarang.. pindah game yg seru dan santai yg lain...",1,1,2025-01-13 14:51:28,5.3
9af6fb7e-0b59-446f-82e4-7acc63f88aa8,"Netral, lagian bisa bikin game ya udah senang",3,0,2025-01-13 12:35:51,5.3
e3aabe90-ce78-4887-9a77-610190dbc714,GW GA DAPET CITLALI SAT,1,0,2025-01-13 12:08:37,5.3
7dfccce0-3266-413d-bdcd-2bd3675a2957,Mau manen LG tapi download 30gb gak jadi,5,0,2025-01-13 11:26:56,5.3
4ed2a54c-88a4-4bba-890e-8533097c4b02,Gem babi misi panjang hadia gag seduai,1,0,2025-01-13 11:16:07,5.3
661c7a7d-8052-4206-971d-ec54fff01fe3,"What's lacking in this game is just artifacts, all trash.",3,0,2025-01-13 09:23:46,5.3
06b50600-8e50-449e-9058-da858f435dbc,Ok,5,0,2025-01-13 07:47:58,5.3
a4ce17f6-cf1e-44b1-833d-b231643d3451,"Kikir,copy game lain",1,0,2025-01-13 07:14:53,5.3
95e05bf1-d2c3-49e6-b984-9ea773264032,"Karakter pria kurang, bintang 1",1,0,2025-01-13 06:28:45,5.3
50e66175-67de-451f-8a4a-24e9ba7fd505,Bwolehh,5,0,2025-01-13 05:16:56,5.3
4a5d32e9-af73-47f8-9e3c-799dfcee7746,gamenya seru,5,0,2025-01-12 23:59:54,5.3
2927fe29-9120-4b78-8ecc-b09cb9bb8c00,"Mantap dah untuk game petualangan ini banyak cerita dan banyak misterinya, grafik bukan main bagus banget. Memulai kehidupan di dunia lain",5,1,2025-01-12 23:36:59,5.3
ca21e6c5-0a12-4f08-acc2-055dcd1b11dd,"Bagus, kurangi ya pelit pelitnya",5,0,2025-01-12 23:20:04,5.3
eb129bb6-c0f4-4870-a447-f05249d29f1c,Juara parah gameplay nya di tambah grafik yang memanjakan mata. 👍,5,0,2025-01-12 23:04:34,5.3
d6a3ee59-5ed0-4c97-bc62-b665980c2bf5,Selalu ga hoki kalau gacha :(,4,0,2025-01-12 23:02:39,5.3
33129e49-d948-4f7f-bf51-e160881b7f3e,Good,5,0,2025-01-12 22:53:15,5.3
a3175b02-0242-49b4-86c6-b747787ef0f6,Game bagus banget 😘😘,5,0,2025-01-12 22:51:21,5.3
47d3eb3e-fece-4364-ae41-9b8523333be3,Where's the SKIP BUTTON? Did you all ever thinking about someone who has many account? Did they still have to understand the story?,1,0,2025-01-12 21:26:55,5.3
0111115f-0488-49d0-8ea5-9fb087d9cd6e,ok,5,0,2025-01-12 20:02:32,5.3
18a535ee-21a2-42a0-b12f-c67c156f78dd,just great,5,0,2025-01-12 19:48:46,5.3
e8b6a0eb-88b2-458a-bd3c-521a22db40be,furina rerun ku naiki lagi,5,0,2025-01-12 19:41:39,5.3
b3575551-42e8-4356-8c48-70d612cc428c,"Musik ga asik, story kaya Sinetron. Tapi eksplorasi peak",3,0,2025-01-12 18:51:55,5.3
a320ca47-3c72-4efe-bbab-c927cab41687,"Mantap mang hoyo,cuma pengen di permudahkan kami sebagai palyer f2p untuk mendapatkan karakter b5 limited😔",5,0,2025-01-12 18:07:10,5.3
e3c790da-9dc4-4606-9b25-d84060f0676f,Good,5,0,2025-01-12 17:58:35,5.3
3ca312cb-684a-4084-96c1-b5d3b694dd90,Sangat bagus menarik dan seru sekali,5,0,2025-01-12 17:56:23,5.3
4b4a7f26-b395-4f88-b6dd-0aebb126197e,gw download data nya udh ke mau naik haji lama benerrr,1,0,2025-01-12 17:50:51,5.3
1e7fe41e-a399-48a6-bf8d-ccdad7fd3158,Seruuuuu imut²,5,0,2025-01-12 16:55:48,5.3
f448ba7d-45f7-4263-b221-6c79deb39892,game burik masih baguus game unity robot daripada game ini,1,0,2025-01-12 16:48:39,5.3
299b4058-b318-4107-a01f-a0e1217cfd0c,tolong buat fitur bisa menggunakan joystick,4,0,2025-01-12 16:17:35,5.3
48f3ed2c-a199-4b14-8377-b936e98d6f41,"Makin kesini game ini berfokus ke story bukan rpg nya, game ini sangat ku suka karena pve/ pertarungan dan open word nya dengan di iringi sedikit quest, tapi sekarang game ini sudah berubah sudah tidak mementingkan pve, rpg nya lagi kembalikan genshin impact seperti dulu. Ini bukan game yang aku kenal lagi.",1,11,2025-01-12 16:08:32,5.3
a5d409c8-909d-4c2f-81e5-afb3d1deff84,Kok akun saya hilang Kemarin siang masih ada loh min Sekarang kok gk ada,3,0,2025-01-12 14:14:29,5.3
49f2c6bc-ae89-43ce-99df-ec59d5373fea,Game bagus banget cuma tolong di perbaiki dari segi sinyal untuk pengguna android,5,0,2025-01-12 13:36:54,5.3
6759ed4f-650c-4676-bbbb-3527891137ef,へへへへへへへへへへへ,5,0,2025-01-12 13:23:43,5.3
fd3ead5d-6b7b-417f-ab9b-bdc330341dfc,Jangan pergi ya,5,0,2025-01-12 13:07:05,5.3
1449e75f-0378-4a53-8a35-59c7ecb6b169,cool,5,0,2025-01-12 12:05:12,5.3
3384a131-d2ac-4462-92c1-13633904e9c8,Plisss mavuika,5,0,2025-01-12 11:46:44,5.3
5fc00a7f-f27c-437d-96e9-5a922d23ef81,Bagus sih lumayan realistik,5,0,2025-01-12 10:53:17,5.3
feacc72d-0d97-4c3b-98ea-736165327a6a,i wanna be yae miko main,4,0,2025-01-12 10:35:48,5.3
c31a7909-0ab8-48d2-aef9-353ec1da08d7,Gamenya asik banyak karakter yang bagus,5,0,2025-01-12 10:27:12,5.3
58fc7a99-05a2-49c8-be5d-2a1b3d7a7c51,Ngeleg,1,0,2025-01-12 09:08:35,5.3
e305454e-13fd-40a0-b0f5-04606df9b8e3,Hp Samsung j 7 core kuat gak cuman mau nanya🗿🗿🗿🗿🗿🗿🗿🗿🗿🗿🗿🗿🗿🗿🗿🗿🗿🗿🗿🗿🗿🗿🗿🗿,5,0,2025-01-12 08:53:12,5.3
b1c4aa01-0602-4ccb-aa91-60b93c37bdb9,"Saya ingin masuk dari perangkat lain, namun harus diperlukan kode verivikasi dari email sedangkan email saya sudah tidak aktif, saya sebelumnya login melalui Facebook dan tidak pernah verifikasi email, tolong diperbaiki atau ditambah opsi lain 🙏🙏",2,0,2025-01-12 07:36:51,5.3
3f95bdab-3541-48b4-9d41-3681bb737752,ga tau,1,0,2025-01-12 06:11:14,5.3
acff70f3-d215-4556-9617-0218b2f104a6,Game gacha terburuk abad ini,1,0,2025-01-12 06:00:01,5.3
1e287397-afeb-4dd7-80fa-d44659676792,"Ukuran besar, sering update",3,0,2025-01-12 05:15:09,5.3
655fb005-b440-4f9d-a91b-22a46b3fcb75,Seru,4,0,2025-01-12 05:05:28,5.3
b0141d73-3ef4-447d-9446-1caf7ef15ce7,"Anjg emng, dilarang pulangin archon emng",1,2,2025-01-12 04:36:10,5.3
c9cb8597-b5ed-4eaf-9910-1d39a6105edc,"Sengaja beli monthly blessing setelah itu ditinggal biar primogem ngumpul, malah ternyata ga masuk², harus login tiap hari biar masuk primonya, perasaan dulu ga gitu, percuma lah gw beli !",1,292,2025-01-12 01:45:47,5.3
e558210f-0f95-43b7-8b00-c5326259022a,Amaizing,5,0,2025-01-11 22:59:54,5.3
be490251-dad9-4dc1-989f-b7682e35a30f,I love you hoyo,5,0,2025-01-11 22:39:29,5.3
8035e1be-2aea-425b-a825-2488642b7893,"Saran nih ya... Untuk Dev mohon untuk lebih memperhatikan keluhan dan saran para pemain.. Saya rasa akhir-akhir ini sudah bosan dengan genshin karena untuk story line dan konten endgame yg terasa monoton, Kombat game yg sperti itu-itu saja... Mohon ditambah fitur Dodge dan party agar lebih hype dalam Kombat pertarungan nya dan fitur skip dialog... Mohon diperhatikan yah",5,175,2025-01-11 22:37:22,5.3
2eb3a190-24f6-4b61-a52e-47ffadc3ce39,Game sucks👍,1,0,2025-01-11 22:32:50,5.3
6b91bca0-c099-4960-a4e7-291a8612c488,gamee nya bagus,5,0,2025-01-11 22:28:36,5.3
8b64d6de-fd6b-4db2-a589-01e4c560d374,"game ny seru, cm g kmptbl.",5,0,2025-01-11 22:20:57,5.3
e7975f5f-2cd3-446f-9d92-930cf7e04253,Kok makin lama quest ya gk kelar2 cerita mulu uda hampir 2 jam gk kelar2....,3,43,2025-01-11 22:05:42,5.3
3719e798-7f6d-4bbe-bcdd-0fe48c4c9c36,Game nya bagus,5,0,2025-01-11 21:26:12,5.3
7d928824-c465-48b3-a107-f0d8efd17eb3,Mihoyo kikir puqi,1,0,2025-01-11 21:22:53,5.3
62d831c2-b36c-44dd-907d-06adfb53ed61,kembali ke bintang 5 kalau android sudah support gamepad,3,0,2025-01-11 21:15:03,5.3
9584d981-c6ce-4ca8-b9a2-06c0d7cbef1e,"sistem pemulihan akun yang membuat akun saya terkena hack, sangat mengecewakan, membuat saya berhenti bermain genshin",1,2,2025-01-11 20:28:02,5.3
a02d409f-4426-4c52-8819-181ea70ca6d2,oy game kikir klo ngasih primo tuh yg bener napa udah quest dialog panjang lebar puzzle susahnya gk ngotak primo cuman 50 anj anj kikir bener nih game klo emg kikir atleast ngasih quest tuh yg gampang napa atau gk bisa skip dialog udah quest bikin gila hadiahnya bikin stres waktu gacha jadi orang gila,1,2,2025-01-11 19:39:37,5.3
1ed1455b-686c-49ff-b432-31d3057a02ee,Game yang bagus,5,0,2025-01-11 18:53:02,5.3
c9bb2eb4-5bb5-4e3e-808b-9544825637a2,PELIT BET gak di artefak gaca karakter kalau mau bikin game jangan terlalu PELIT lah kalau di karakter okelah tapi jangan keterlaluan di artefak PELIT BANGET tolong di kurangi PELITNYA,1,1,2025-01-11 18:51:00,5.3
791ce65b-f1e6-472a-8264-b14f728d9904,Beri aku pirmogem miminnn,5,0,2025-01-11 16:23:38,5.3
e52028dd-f788-4699-9ebb-af4598d73aad,Klw bagus lanjut,5,0,2025-01-11 16:05:10,5.3
b39a8e76-4b91-4956-86ed-fa760d85c18a,Mantap,5,0,2025-01-11 14:20:43,5.3
111f7d8c-07d3-4cef-9c9e-1e1f294ff6b8,Mengkeren,5,0,2025-01-11 13:47:03,5.3
39b87762-50ba-4787-af57-887895573659,Kapan di genshin impact Ada fitur supaya bisa gift skin ke teman Seperti game mobile legend,1,0,2025-01-11 13:40:43,5.3
871d2008-c42a-465b-8584-2ac8a52b50b7,Ter joss,5,0,2025-01-11 13:37:56,5.3
844b064c-19ca-48a3-b72f-3da8954721f7,Bagus bgt,5,0,2025-01-11 13:27:56,5.3
3d374c00-51b8-467a-b882-9323c665f7e9,kaga ada alok,1,0,2025-01-11 13:08:27,5.3
41087a79-a249-4df5-9e02-947317119eb5,knapa di hp ku kaki nya gk mengikuti daratan,5,0,2025-01-11 12:47:44,5.3
c2a179b9-6451-4630-ade4-4e838fcc8d80,"Grafis bagus, gameplay bagus, desain karakter bagus, konten game lumayan banyak, cocok untuk pemain kasual",5,1,2025-01-11 12:08:44,5.3
566e034e-9bdf-4cc1-a69b-a182790fd5b4,"game kikir, new player aja masi mau dikasi rate off 90 gacha baru dapet b5 pertama😹😹😹😹",1,0,2025-01-11 10:58:59,5.3
7be2eea6-d83b-4231-8b9d-0086e3e6d92e,sangat tertarik,5,0,2025-01-11 10:25:26,5.3
ce829a0d-246d-4f86-b0f7-bf9cf7b6e95d,Bagus benget game nya loading nya juga cepet anjay,5,0,2025-01-11 10:18:25,5.3
9a1ebe1b-287e-443b-bac6-15abd2275969,Perbaikan lah game lain sinyal lancar giliran game genshin malam muter muter muterrr,3,0,2025-01-11 09:21:14,5.3
3b5221fc-3469-4dea-bc36-9479eb46bb92,Gua kira unduh data 3Gb ternyata 30Gb,1,0,2025-01-11 08:42:00,5.3
f9149993-c3ab-4d91-ac93-f3642f71ff80,Gacha = simulasi Judi,3,0,2025-01-11 08:24:10,5.3
d1f230bc-7127-4b8d-bacc-4822f5f1f5b9,Best Adventure Game Ever😩😩,5,0,2025-01-11 05:56:58,5.3
6d5f955c-4973-4374-b220-0d39481cb674,baguz,5,0,2025-01-11 05:42:23,5.3
7f4406ab-93b5-4d97-9e98-cb2c66ccbf11,gamenya bagus bamget 😁,5,0,2025-01-11 04:44:46,5.3
54027d28-9246-4b98-b93f-8d70530ae284,"Please lah gara gara hadiah yg di kasih mihoyo dari ultahnya gak sesuai dari apa yg kalian inginkan, ingat bro yg ultah siapa yg ngasih hadiah siapa, masa gara gara hadiah ranting jadi turun sih. Bodoh boleh, tolol jangan",1,1,2025-01-11 04:03:17,5.3
655371a2-fd4c-4759-836c-f5c1136e9f77,Game babi kalah rate off mulu. Tidak menyenangkan sama sekali!!!!!,1,4,2025-01-11 03:47:03,5.3
fac43543-cd64-4a93-bd54-9adc87c52461,Ada apa sih dgn genshin?? Emang ga bisa ya banner senjata di pisah? Pity udh rate on masih aja dapet di 1/1 mulu tiap gacha weapon. Kalo di pisah kan enak pity udh rate on 100% auto dapet senjata yg kita inginkan. Lah ini pity udh rate on masih aja 50/50 game KOCAK,1,2,2025-01-11 02:28:49,5.3
751154da-e988-4012-9e67-60c08418d5a8,"bagus grafik nya bukan maennn, suka bgt",5,0,2025-01-11 00:36:54,5.3
807d3d99-2055-49af-b48d-442ed91107f9,Game kikir ktnya abis update banner char pity nya dijamin dapet 2x rate on ini apalah gw spin udh hard pity cuma dpet 1 rate on,1,0,2025-01-10 23:51:52,5.3
45635dd0-ed50-42fe-828d-c7f1cd67fa0b,"Masih banyak bug! , terutama pada saat voice dialog ngobrol sama NPC, suara ga muncul dan itu ga nyaman banget,udah diseting udah di ganti suara bahasa sama aja, buruk buruk",1,16,2025-01-10 23:23:34,5.3
d8036319-abbd-445f-8671-5927bf0a2af9,Game ramah,5,0,2025-01-10 22:05:25,5.3
6ab016f1-89ed-4846-ab25-c92af2e6af31,Fontaine sama natlan kebanyakan berdialog.udah seperti podcast. Aksinya dalam game kurang memuaskan kya dulu,3,0,2025-01-10 22:03:19,5.3
1ac643ec-55c2-4362-ba55-536636821a19,"Lama lama ngebosenin gacha gacha karakter yg gk jelas cobalah colab sesekali sama anime lngsung kayak Naruto ataupun Demon slayer, gw ykin psti bnyak lgi yg gacha dan akan dapat bnyak keuntungan untuk mihoyo sendiri",5,0,2025-01-10 21:47:49,5.3
f6165bb5-3eae-4bb5-96a3-8c871a3c3cc2,ampas,1,0,2025-01-10 21:07:37,5.3
940704a9-78bd-4663-82f0-52876d206451,kalah rate off terus :(,5,0,2025-01-10 20:01:15,5.3
f1d90f0b-cf40-4d9f-b8b1-d0458c5748e9,Udah download data 14 GB untuk upgrade ke 5.3 begitu udah ke download gak langsung masuk ke game eh besoknya pas mau main malah harus download lagi 14 GB yang bener aja lah hoyovers paket data gue mau lu kuras semua kah ?,1,1,2025-01-10 19:51:42,5.3
190b4974-345e-41df-ab57-f9d422b27d82,Kikir impact,1,0,2025-01-10 18:28:36,5.3
44a331e4-69bd-4913-a45f-7ce438e8997d,Game nya bagus,5,0,2025-01-10 18:13:40,5.3
6a21e962-7030-42d4-b1a1-545b9f8b3cb7,Jika yutuber suka gua pasti suka juga bintang 5 minimal :),5,0,2025-01-10 18:10:01,5.3
3c494b93-1d94-4668-bf6b-c57bb350b8db,"banyakin lagi ya developer ngasih primo nya, buat mavuika ama furina😋",5,0,2025-01-10 18:08:46,5.3
cf09bc53-489e-45fb-9d77-0c96754a68fe,Mana bansos nya hoyo!!!!!!!!!!!!!!!!!! Aku butuh primo!!!!!!!!!!!!!!!!!,5,0,2025-01-10 17:38:58,5.3
22dd42a8-50ab-4a01-8366-0e67b20271e5,Sangat menyenangkan,5,0,2025-01-10 17:34:19,5.3
0a1f1948-53c7-4367-a853-e4aeaba494ca,data gamenya besar bgt jir Kontoul,1,0,2025-01-10 16:53:05,5.3
b5f801e8-0edf-45d9-adcc-3322751f1726,Game nya bagus,5,0,2025-01-10 16:43:53,5.3
31399a5f-30a4-4b32-b93c-551c9204365c,lucu,5,0,2025-01-10 16:21:53,5.3
540b8201-f5f2-4a07-b2e8-040799185515,"Gem elek, kalah Mulu ret off",1,0,2025-01-10 16:18:07,5.3
244ae6be-4b58-46fe-8288-95d400d4c06d,KASIH FITUR SKIP WOIII,3,0,2025-01-10 15:18:53,5.3
8b2ca0b8-b2d4-4da8-bf2e-fc66dc458c35,"Game terbaik story,backsound,karakter,pengoptimalan,world map semuanya perpect,",5,4,2025-01-10 15:06:54,5.3
5b7356a9-6cf4-4c50-9b2d-19857943fb24,Goodla,5,0,2025-01-10 13:35:27,5.3
5598897d-973b-4caa-9fc7-f229b0f5937e,"Good game, out of touch devs, getting too predatory, me no like especially with the 5.3 scummy af",1,3,2025-01-10 12:52:12,5.3
ee044619-6d5c-400a-b18a-e703ccf9636e,Game kikir,1,0,2025-01-10 10:00:43,5.3
68b8dfd4-09f4-4876-9cd6-1f9d6a25cf94,"Terlalu berat, tolong dibuat lebih ringan lagi untuk unisoc t606",1,0,2025-01-10 09:01:48,5.3
d1beb226-a36b-416e-8ee5-ade301099bed,Seru dah pokok nya,5,0,2025-01-10 08:03:55,5.3
ee78d4fb-735e-47d0-b544-876c1823b266,Lumayan cuma kadang susah naikin adventure nya,3,0,2025-01-10 07:07:09,5.3
42b095dc-a3ae-4076-b145-fd6cedcbc407,game nolep,1,0,2025-01-10 06:54:55,5.3
f3d2e5ca-bdff-474e-ba0e-8309b72be527,Sehat sehat game kikir,5,0,2025-01-10 06:29:13,5.3
4c65dabc-b379-4112-9cf1-89e74635b093,Seru tapi hadiah sedikit,5,0,2025-01-10 06:27:06,5.3
63242950-3298-407b-9a4f-c6f321102d53,I finally got zhongli at pity 76,5,0,2025-01-10 06:25:37,5.3
bfdeef23-e5c3-439d-bd91-6f070982ba11,sejauh ini ini yang paling jauh si,5,0,2025-01-10 02:20:03,5.3
87910819-45ac-4eda-a910-c78f99d437de,"Secara keseluruhan mnurut saya udah bagus dari segi storynya, gameplaynya, desain karakter, musiknya yang paling bagus menurut saya dan lain lain udah bagus untuk game sekelas android cuma ada sdikit masalah di perangkat saya kenapa di perangkat saya poco x3 gt maksimal di 48 fps saja ngga sampai 60 fps tolong untuk developer untuk memperbaiki masalah yang saya alami ini!",3,0,2025-01-09 23:49:40,5.3
99cc7272-452e-4c6a-8c8c-6a1603918869,"Sistem gacha yang busuk,saya sering dapat karakter limited b5 di pity 70+, padahal teman saya pernah dapat di pity 3",1,0,2025-01-09 22:40:22,5.3
80e0b7bc-f3ff-4295-bf61-9ff8ddd428b9,"ini game kok tambah lama makin bikin kesel, gw cuma keluar dari game bentar doang eh malah donwload data lagi udh gitu gede lagi, gk jelas bgt udah pelit ribet lagi",1,1,2025-01-09 22:39:53,5.3
0c08e80e-ad08-48f1-bcd0-950c13215234,"Game GK guna nambah emosi orang aja setiap musuh GK ngotak game rusak banyak bug, musuhnya yg imbang la masa GK sesuai sama level lol",1,0,2025-01-09 21:43:21,5.3
17c24d4f-03dc-4eef-89c1-bac12889f028,"gamenya bagus dan seruu, yang bilang ini ngelag dll, genshin impact lebih disarankan pake iphone 8 keatas, android juga bisa cuma tergantung memori",5,0,2025-01-09 21:27:56,5.3
121be47b-2faa-4f74-b693-69f6f85c49ef,Tolong kasih artefak domain yang bagus plss,2,0,2025-01-09 21:09:57,5.3
538ee9fd-d698-4a9c-9eec-54cf91a1e902,makin kikir,3,2,2025-01-09 21:06:08,5.3
0454204f-9eea-4988-94c1-94c87b1c8d53,"Bagus game ny grafik ny,ava,kekuatan ny",5,0,2025-01-09 21:00:21,5.3
7c375b6b-0051-4362-b92c-127b287f62d9,Natlan Is Another Story 👍👍👍,5,0,2025-01-09 20:50:31,5.3
895a1d70-cf90-4446-93c1-557c1c21ebad,"tolong hoyo perbanyak lagi karakter dengan susu yang besar, terimakasih",5,0,2025-01-09 20:24:41,5.3
8063b33a-c97d-40d0-9748-87a45347e352,Keren,5,0,2025-01-09 19:09:16,5.3
66ef3564-d7e4-41d2-9eb7-dc81f50f4864,Mantap,5,0,2025-01-09 18:54:08,5.3
fdf919fd-886a-4b6b-8e58-86de8b166f90,"Tolong developer nya kenapa setiap anda bikin game harus unduh data besar memang hasil nya memuaskan tapi tolong dikurangi data nya mohon dibalas 🙏🏻🙏🏻🙏🏻 dan, game nya memang bisa di save data tapi kenapa harus unduh data yang gede lagi padahal didalam game nya udah kita save data😭😭😭",1,0,2025-01-09 18:47:48,5.3
78a00252-1f36-4f6d-9f49-bee9c99a79e8,WOI GUE PROTES!! KNP CHARACTER COWONYA DIKIT BANGKE!!! BANYAKIN DONK AH JDI MALES GUE MAENNYA🤬🤬🤬🤬🤬 PLAYABLE IN CAPITANO GAK MIN🤺🤺🤺🤺,5,0,2025-01-09 18:03:20,5.3
12d8c4ed-03a8-4576-bc63-9bcecbae7b86,Kesel banget sama hoyo akun ku di buat bug sampe pity 110 jadi korban 16 primo ku tolong lah hoyo benerin bug pity di akun ku,1,0,2025-01-09 17:30:06,5.3
7a739fa4-8b31-4fb6-883a-f8900b7adc3b,Gede banget sizenya,5,0,2025-01-09 17:24:03,5.3
4d8f46d8-f285-449b-a5b4-b6eabf11d6ed,"gacha arte sama char saya wangi,sekian",5,0,2025-01-09 16:18:19,5.3
53f6491f-3163-44ee-9b3c-4d871fccea35,balesan dari cs cepet akun ilang gak sampe 5 hari sudah kembali,5,0,2025-01-09 16:12:34,5.3
085cf590-1ce5-4e19-a9e9-28791f063028,"story boring parah, 3 jam cuma nonton orang orang yapping ngeparty habis penyerangan abyss",1,2,2025-01-09 16:03:51,5.3
4fcde6f6-60a4-44c4-81ed-bb375e063a64,bagus...,5,0,2025-01-09 15:54:04,5.3
f1fbbb3e-1838-4f42-94c4-f3536270dc35,Suka suka,5,0,2025-01-09 15:13:00,5.3
65b5fafb-cc9c-4680-b627-5e7da4e017b7,"Sistem wish senjata, tolong dibuat seperti honkai star rail, saya sudah sering kalah rate on di senjata yang saya wish",4,0,2025-01-09 15:11:50,5.3
77f460cf-e5bf-438c-9733-cf0320c5a9a3,"Bug kebun bibit di dalam mimpi yang nanam12 vasmrti dan udah berbunga tapi quest nya tetep gak bisa lanjut,oi hoyo",1,0,2025-01-09 14:16:39,5.3
b7953622-926b-4f7d-bfec-9d4688576893,saya suka game ini.. tetapi terkadang ada story di beberapa quest yang membosankan dan terlalu banyak dialog... semoga ada fitur skip kedepannya.. terimakasih,4,0,2025-01-09 13:43:02,5.3
434001c2-77e6-451a-a9e0-f9909efaf659,"Gamenya bagus tapi ribet banget nyari artifak nya,Nyari yg A dapetnya yg B dan sebaliknya....biar dapetpun statnya blum tentu dapet yg di inginkan,sampe habisin resin,maenya jdi banyak buang2 waktu aja.sampe banyak karakter yg belum kebuild cuma gara2 nyari artifak 1 Hero saja",4,0,2025-01-09 12:17:49,5.3
3d79f5a7-1390-4dbc-90bd-598da554a957,"Secara gameplay dan lain lain bagus, tapi sistem gacha nya yg gk bagus bgt udah gtu menurutku hadiah dari event tuh dikit banget, developer jg gak mau denger masukan dari para player nya yg ngebuat aku gedeg😅 dan juga benda yg buat farm artefak terlalu dikit, blm lagi klo artefak nya jelek sehingga males buat farm lagi.",3,0,2025-01-09 12:13:33,5.3
80d9e20a-a1d8-484e-a48c-e20f914754da,"bosen,, udh ga ada fitur skip, story kebanyakan, ngobrol sm 1 npc aja keknya ada 1mnt an gt,kek kapan kelarnya klo kek gni. udh gacha hard pity mulu. char cewe trs yg dirilis char cowo jarang2 ini kt kaum cewe di suru ngelesbi apa gmn co. arte gacha smua, dptnya random (gacha) statnya jg begitu. mana char yg cewe bajunya kebuka smua, kek yg baju ketutup tuh dikit bgt",1,0,2025-01-09 11:57:11,5.3
6fc72675-84cb-4a1a-b9e4-bc893f6e3b58,Storynya sad sad,5,0,2025-01-09 11:54:22,5.3
577da338-b4f8-4f0c-af12-b589e36f939d,"Tolong tambahin fitur skip dialog percakapannya dong, jadi player bebas milih mau skip dialog nya atau baca dialog nya, gw ngantuk main ini game kebanyakan dialog, waktu gw habis buat liat tuh dialog boring jadinya",2,0,2025-01-09 11:49:59,5.3
3428e215-0c8e-4f67-8c26-667c9e9079ed,"Saya mau main genshin pake gamepad apakah aman? takut kena ban aja, tolong di kasih penjelasan",5,0,2025-01-09 10:28:08,5.3
ca1492a1-28a5-4350-9f61-2ac7edef0c9a,Mantap,5,0,2025-01-09 09:14:37,5.3
f71102f7-ec2f-4cfc-8888-47518bb79d63,Seruh bangt,5,0,2025-01-09 08:22:48,5.3
5e6489af-9fa2-4bcf-963e-7adebc238d6d,"Hai dev. Kenapa hari ini gamenya force close sendiri, padahal kemarin masih lancar mainnya, memori juga masih banyak belum terpakai. Kalau masalah ini sudah selesai diperbaiki nanti saya akan menaikkan bintangnya. Edit : Bug no text damage",4,0,2025-01-09 08:03:40,5.3
a5f21d48-01ce-4bb8-81fa-260e812fe8c1,Gem bagus explorenya enak dan menyenangkan,5,0,2025-01-09 06:48:32,5.3
77c5ef8b-4891-41a1-badc-1b2bb2adae98,Game pelit,3,0,2025-01-09 06:28:47,5.3
e26656a0-7833-4650-8a04-dd586664ad72,This is so Fantastic!! game,5,0,2025-01-09 06:18:57,5.3
ed5b1dbd-c1ea-4cac-95b8-aad828660daa,Game yang sangat bagus tapi sayang playernya sepi. Dan kurangnya panduan untuk newbie (saya rekomendasikan game ini ke teman saya tapi teman saya ngantuk saat memainkannya),4,0,2025-01-09 05:44:10,5.3
d8dd90ee-3b93-4fd3-8b2d-2faef076ef01,seru banget gw suka ni game walaupun hp gw patah patah ttp aja seru,5,0,2025-01-09 05:11:34,5.3
3fd3c8a7-a6d1-4625-90e7-4f2039ea2369,"Bagus sih 👍👍👍, tapi game nya bisa di kurangin Dikit? Agak berat game nya hhe",5,0,2025-01-09 04:18:15,5.3
01d11f5a-7a52-4ef3-883a-5e40b1fc1b5a,Primogem !!! . Hehe,1,0,2025-01-09 03:02:03,5.3
a378ba8b-af17-4d98-9f39-89c010fdb44e,Gak butuh ques story Ques story membosan kan... Ques story gak mutu Ques story gak guna...,2,4,2025-01-09 02:23:41,5.3
3a8520a7-8472-4f79-b368-d20133d75d50,bagus,5,0,2025-01-09 01:33:48,5.3
feb332fb-984d-4556-b7c1-b25afb702a9e,"Game kikir, capek nguli hardpity terus-terusan, kalah rateoff mulu. 👎",1,46,2025-01-09 00:16:17,5.3
2789011a-39dc-4c4d-9987-f80a0fc25b2d,Ga dapet nopal malass gem jelek,1,0,2025-01-08 23:08:24,5.3
2c45f510-05ef-4950-ae96-4bc27eef8134,"Kenapa gak bisa di download di hp saya, padahal saya suka sama game ini:"")",2,0,2025-01-08 22:32:11,5.3
7a7ba743-c5b7-47c9-b98c-abd307ec01aa,Gak tau belom nyoba,5,0,2025-01-08 22:17:16,5.3
d41c106b-1c59-4b07-9d13-1c61ec342810,Please capitano plybleee Kalau emg benar plybeel tuh chat laku keras dari desain apalagi dia tuh karakter cwo behh malah gak di plyble rugi rugi,4,0,2025-01-08 21:18:44,5.3
4db07dd4-3d9c-4721-a3ab-1ce3890bd68e,Kren,5,0,2025-01-08 21:07:10,5.3
33870e75-f381-49e8-8c30-b5745760a1bb,Game bagus,5,0,2025-01-08 20:58:14,5.3
56d42302-b9d2-40b2-85fa-0b6dca269573,Gak rugi gw download ni game,5,0,2025-01-08 20:44:39,5.3
f7201757-aaea-4570-ac08-7f794498ff2b,"Game baguss, sangat seru untuk menikmati alur ceritanya",5,0,2025-01-08 20:08:04,5.3
7e2f73ba-07da-4e3c-b92e-659d392ebb1c,Quest archon mavuika kali ini kok aneh. jadi susah . Ngotak dong.. mau nikmati story malah bikin males,2,0,2025-01-08 20:07:51,5.3
5ad2a9c2-ffa7-4c6c-84fb-2d6bfeb7e99c,Sangat keren dan seru,5,0,2025-01-08 20:05:19,5.3
5f449bfd-aaad-4255-97c9-269311059a49,Seru tapi membosankan,1,0,2025-01-08 19:48:36,5.3
f554883d-29d9-4e47-aa83-70d04b3476d6,"Mohon untuk pihak ""HOYOVERSE"" untuk menambah fitur Skip agar pemain lain tidak bosen untuk mendengarkan cerita nya, banyak pemain lain yang mengeluh tentang persoalan di atas, saya mohon untuk update terbaru nya Thank you.",2,0,2025-01-08 19:44:54,5.3
c4ffbbf7-bac2-4818-9152-318563a78421,"ya seru dapet banyak temen juga, orang nya baik² kalo sama newbie baik suka deh character nya bagus grafik juga oke banget ga ada yang kurang, apalagi pas cutscene behh bagus banget kaya nonton kartun",5,1,2025-01-08 19:39:42,5.3
6c05a55f-58d0-483c-b917-490a4a5d8b97,bagus,1,0,2025-01-08 17:36:10,5.3
55fd2d8d-3edf-4fba-af0b-69205487d30b,Min apa gak tertarik kolaborasi dengan anime?,5,4,2025-01-08 17:31:57,5.3
d3b3d4e4-81af-400e-b9bc-f8cec3c7d3b4,"Mantap min, kalau bisa perbanyak char MALE",5,0,2025-01-08 16:15:23,5.3
c045a574-07f8-4807-ae18-7586f6779490,Sangat menyenangkan bisa main game openwolrd dengan karakter² yg design nya bagus,5,0,2025-01-08 15:28:16,5.3
de420d62-7e73-4d87-8d9d-75215ee4bc48,Kenapa akun saya keulang dari awal padahal level karakter saya sudah hampir max,1,0,2025-01-08 14:46:22,5.3
249c7e65-8651-4725-9896-cfeb209a3bc3,rate on rate off tak berguna dah 160 kali pull gak dapat karakter B5.,5,0,2025-01-08 14:46:17,5.3
01dac3cb-d696-4582-9e41-cf0223fdeafc,ngasih difficult ga jelas banget,1,0,2025-01-08 14:15:51,5.3
f34ab498-a46c-4ec9-99b9-9a7786999eab,sayang nya hp gwej kentangg,5,0,2025-01-08 13:51:25,5.3
9915ccd8-1d07-4da5-980a-7928c30178aa,Game seru,5,0,2025-01-08 13:03:48,5.3
eec845b9-a904-4ec6-9f40-76e6504d66d5,ampas story berbelit belit,1,0,2025-01-08 12:19:10,5.3
b28833e2-ee69-4979-9271-900c95f879a1,Game nya bgus tapi hadiahnya kurang,5,0,2025-01-08 09:59:39,5.3
1ef274e8-39cb-456b-9efc-b08ad4f929d9,Keren,5,0,2025-01-08 07:31:57,5.3
e8915627-154e-4402-9c8f-9462746b1bae,"Terlalu banyak dialog, tidak bisa di skip, tidak ada fitur gamepad, dan KIKIR",1,1,2025-01-08 07:11:15,5.3
da50fb7d-a783-47f3-85c8-559cddde31ba,Game yang sangat bagus dengan eksplorasi map dan misi yang menghibur meskipun data game sangat besar tapi sepadan dengan view dan cerita semoga kedepanya lebih baik lagi terimakasih,5,0,2025-01-08 05:56:00,5.3
557a7f54-a466-49a8-86c6-dd91acb29a96,Kacaw sistem gacha nya nguawor,1,0,2025-01-08 04:13:59,5.3
2dc91f1d-6e45-4ae3-b2a8-ff3f5e0dc35b,Mantap g,5,0,2025-01-08 03:07:47,5.3
5f124405-9d17-4d38-af44-5af71c98f047,genshin sekarang makin bagus dan ramah untuk hp kentang ya walopun agak frame dikit terima kasih sudah mau memperbaiki sistem grafik nya sebelum nya banyak orang yg mengeluh dengan grafik yg terlalu berat dan sekarang hoyo sudah memperbaiki nya dan satu lagi saran tolong agak di banyakin reward nya terutama di quest2 dunia kadang sudah cape nyelesain gakndapat apa apa heheh mungkin itu aja sekali lagi lebih optimalisasi game nya yaa☺️,5,5,2025-01-08 01:02:42,5.3
13a10746-7916-44f3-b58a-4f258098b545,Jelek,5,0,2025-01-08 00:44:40,5.3
4c914978-09d5-4fb5-843a-6774ed839b83,"Good game.. walaupun agak bingung, tapi gapapa masih adaptasi sama gamenya",5,0,2025-01-08 00:24:43,5.3
7fc46aa9-33ef-4666-a567-e9700f56705f,game yang seruu,5,0,2025-01-08 00:24:35,5.3
6dc2ea0d-9428-4b6a-b0cd-6eb1d399fe7a,Mantap,5,0,2025-01-07 23:56:29,5.3
ad7aa107-87a7-438e-b5eb-9db96c095a25,"Najis kikir banget ini game sampah .dpt bansos pun tetep pelit . Percuma gua mainin. Rata kanan story lama bertele tele, nguli di game ini harus banget orang nolep . Gacha char weap nya susah, harus jadi babu beneran buat Game tytyd ini. Fak lah",1,0,2025-01-07 23:46:19,5.3
ad7e66a4-3a17-498b-b1aa-d521b7fdc4d7,Game yang sangat bagus saya terkesan dengan game ini lima bintang untuk hoyo,5,0,2025-01-07 23:23:14,5.3
398a7212-5114-4e0c-ae15-4cee99375f59,Alur cerita dan petualangan the best,5,0,2025-01-07 22:24:27,5.3
672d2c25-3dae-4beb-9413-9c4134528a8a,najis kontoI gapernah menang rate off,1,0,2025-01-07 21:48:24,5.3
3cb71873-4dc0-4bbe-a501-b07fe8473a2a,Tidak bisa login padahal itu akun asli saya.,1,0,2025-01-07 21:32:43,5.3
5b31671f-2b7f-4755-b61e-9dabb0852196,Maklin lama makin bobrok ini game apa lagi system gacha nya selalu di atas 70/80 udah ga rekomendasi lagi ini game,1,0,2025-01-07 21:14:40,5.3
2c61cb09-0f83-4e22-aa33-5f06b1db691f,Hp ku meledak gara-gara ini,1,0,2025-01-07 20:37:52,5.3
3782b3ea-d5fe-4788-93c0-ede434fbf69a,Kasih mode skip...,5,0,2025-01-07 20:14:41,5.3
7d4d7e31-a85d-4ea3-8cf7-929f8d552884,Good,5,0,2025-01-07 19:52:31,5.3
27b527de-53ec-4bb6-b55c-23570333f4c0,Mantap dah pokoknya,5,0,2025-01-07 19:31:37,5.3
d9ae32ce-97c1-48fb-94a3-5100433c65a4,Ya itu lah,5,0,2025-01-07 19:25:14,5.3
132ab9d8-d9f7-4d63-8cea-9ab886a82520,fitur skip story ya mana,1,1,2025-01-07 19:19:43,5.3
c8bdc01d-e252-42f4-a803-f0d6d93870df,"bagus,cuma aga kurangi kikir nya 🗿",4,0,2025-01-07 19:16:03,5.3
849ac313-a2c0-4d80-bbad-b67ddbe9e708,keren,5,0,2025-01-07 19:06:58,5.3
cfab744e-99c4-4545-be48-99f453bed44b,kikir,1,0,2025-01-07 18:02:44,5.3
585131d9-e652-4fef-96ac-7ebb096e60b6,Sangat mengasikan,5,0,2025-01-07 17:32:50,5.3
94e11ec9-32c1-401c-8d50-a1afebdbc223,"Gamenya bagus bgt cuma gacha nya yg agak agak ya. Tapi dari segi pertempuran, karakter, musik, dan bahkan grafiknya juga bgs bgt sih, apalagi genshin slalu ngadain event event baru juga.",5,1,2025-01-07 17:29:13,5.3
b6ea491e-bfc2-4925-bbf7-4d76708f2c2d,Game nya bagus dan sangat seru untuk dimainkan,5,0,2025-01-07 17:23:35,5.3
bc938eb0-5b4a-4d86-abef-a90ea5baf600,"sering banget pas login malah gk bisa terus malah ada tulisan ""gagal terhubung dalam batas waktu""",4,0,2025-01-07 17:16:47,5.3
4284dd29-51c3-4258-ba3e-21409a32c750,Ok,5,0,2025-01-07 16:32:05,5.3
c129fb10-f6ef-4ff2-b276-f490da90cea8,Aku sangat suka sama genshin tapi plis kasih primo gratis dong mau gacha mavuika 🗿,5,0,2025-01-07 16:26:36,5.3
6dbb558a-b279-4ffa-8f18-d62b2e42229a,"game nya bikin tenang, main nya juga santai cuma ya gitu sistem gacha nya aja yang pelit",4,0,2025-01-07 16:20:00,5.3
44102dad-3774-44ea-afca-1dc8099eea05,"bagus sihh gameny, tapi tiap mau domain Artafek selalu aj dapatny zonk. berhari-hari, berbulan-bulan, masih aj zonk. ntahh lahh lama2 player cape sendiri cmn buat nyari Artafek sialan. ad fitur nukar Artafek pun jg GK guna. scam smua🥱",3,0,2025-01-07 15:57:50,5.3
2d62f09f-5391-4b85-956a-510708664ec7,Seru!,5,0,2025-01-07 15:50:30,5.3
7818040f-7e11-4d35-8568-24bbdd319009,"Seru bgt, tapi selalu dapet artefak² yang jelek, tolong diperbaiki",5,0,2025-01-07 14:47:23,5.3
e1064a93-10f0-46e5-a159-0bd1e0199d10,Bqgus,5,0,2025-01-07 12:32:47,5.3
ac2a1b54-7604-415b-b74c-edb3fc43b692,"Mulai burn out nyari arte di sini, butuhnya apa di spam sebaliknya cape 3 minggu di domain dapet sampah",1,0,2025-01-07 12:03:42,5.3
7b338149-cb02-4cd3-9174-d7eaf8fbbbce,"Plot story terlalu memakan banyak waktu, tolong hargai waktu, semakin kesini semakin jarang ada battle di story, cuman mendengar dialog saja, kalau gitu skip saja",1,1,2025-01-07 11:52:25,5.3
7487b812-c6be-4838-9c02-2a940a9debea,Ini knp sih mihoyo kenapa ada fitur di game harus arte hapus senjata hapus material saranku hilangin itu karna saya beli akun sama orang akunnku di login truss di botakin resin GK ada arte hilang nyisa 3 deff semua lagi mana udh Ar tinggi susah ngehajar musuh senjata pun di hapus semua pliss balikin resource ku mihoyo 😭😭😭😭,1,1,2025-01-07 11:08:31,5.3
7382bce3-972c-4fd0-97fd-eb726719ed74,Gacha nya signature aku agak kecewa. Suka di prank2 buang2 primoge jadi nya. Tolong lah ngertiin dikit buat yg F2p,3,0,2025-01-07 09:48:15,5.3
67a74681-9445-421b-a307-3e114732ad47,GOOODDDDD,5,0,2025-01-07 09:18:23,5.3
c578f451-e874-4e42-987f-f8398a64bf60,Bbagus banget game nya,5,0,2025-01-07 08:13:34,5.3
7b7b4697-98fa-41ad-85cf-1cefae3a9357,China anjieng,1,0,2025-01-07 07:37:58,5.3
27a6f0b6-563b-40b4-aa6d-4b36b065e951,Sangat seru walaupun hp kentang,5,0,2025-01-07 05:42:40,5.3
aa504d43-1f0e-44f8-aa63-cdbaf3e8a67e,"BEST RPG GAME!!! Sebelumnya saya pakai hp kentang, vivo y15s, download genshin cloud, awalnya bisa antriannya, eh lama kelamaan full dong antriannya🙏 dan saya emosi langsung hapus apknya, 1 bulan kemudian ganti HP, saya pake hp ini, vivo v15, beli hp baru cuma buat main genshin hehe🙏 overall seneng banget sama genshin, grafiknya bagus dan bener bener open world, bisa menjelajah kemanapun, THANKYOU FOR DEVELOPER, GENSHIN IMPACT BEST GAME FOR ME",5,5,2025-01-07 05:34:16,5.3
cb08df2c-b010-4964-9c41-3a1aec1412bd,Nice game,5,0,2025-01-07 02:55:38,5.3
1524910b-be81-43ff-99d0-2fb417def50d,Tolong Genshin Impact Android Support Gamepad,5,0,2025-01-07 02:10:24,5.3
10050343-bf6b-4629-bc62-a85bcb62333d,Game nya sangat menarik,5,0,2025-01-07 01:01:00,5.3
2d312569-e775-4857-8426-7569aaf4257c,Loading nya lama,3,0,2025-01-06 22:34:26,5.3
9177f68c-afd7-4dfb-956b-154997ea3086,Tolong di perdikit updatenya,5,0,2025-01-06 22:17:39,5.3
dcaa7b04-c01a-4183-957e-8303b791c83b,Amazing game,5,0,2025-01-06 21:45:47,5.3
70c6be6c-d967-4c07-9e21-b63ecfd1640b,"game nya bagus, nanti kirim primo ke akun saya, ga minta lebih koo cuma 700k😀",5,0,2025-01-06 20:54:51,5.3
55df442c-5f69-42eb-8836-4c7d85a671ad,"Game nya sangat bagus dan cocok sama saya yang suka game RPG grafik nya juga ga kalah bagus tapi, saran saya buat bintang 6 yang berisi karakter archon seperti Fokalor dan selainnya tapi saya tetap suka dengan game ini",5,0,2025-01-06 20:49:35,5.3
3fa6f5c8-c85b-4298-a299-3d5fb123321a,Game baik🤑🔥,5,0,2025-01-06 20:28:04,5.3
4eced4c2-2498-46b0-99e3-9b7b7dd556ec,Gimie Mavuika bike,5,0,2025-01-06 20:13:29,5.3
e44400e2-204e-4f80-9bdb-3501f3a18c7e,Game stress..lu bayangin aja download data awal 50gb an...masa setiap update masih aja di atas 10gb ya kali setiap update gede gede mulu tapi ga ada perubahan,1,0,2025-01-06 19:45:04,5.3
dba6b252-47fa-44b9-9e81-716350dd2ca4,Keren saya suka,5,0,2025-01-06 19:41:14,5.3
80db4367-bc8e-4601-b670-1be6a2ae4482,"tolong sizenya kurangi,kasihan para player 32 gb sempit penyimpanan,game nya sudah bagus",3,0,2025-01-06 19:29:46,5.3
c934066c-b44a-4ec9-b7d9-e71b6ff06d86,Gacha zonk,1,0,2025-01-06 19:25:25,5.3
6962d9dc-9c1d-4a9f-907c-d42ff7c19ce2,"Saran untuk pengembang, mode kontrol Attack, bidikan dan sprin seharus nya ada setingan buat mengganti posisinya dan bisa di perkecil dan di perbesar. Karna kadang selalu miss saat attack atau sering terpencet, untuk kenyamanan pemain di mohon di adakan fitur nya",5,28,2025-01-06 18:25:23,5.3
48e10164-0969-4d77-93f0-caa5c8110ca0,seru banget hp saya yang helio g85 aja bisa rata kanan meskipun rada lag kalau buat record,5,0,2025-01-06 18:23:30,5.3
63cc7273-c5e1-4703-ad73-2250ee31b422,Not bad,4,0,2025-01-06 18:05:34,5.3
aaefd273-bd01-45c5-829c-9b37ff38e55e,Perangkat saya GK bisa untuk download genshin impact kenapa nya di hp Infinix samrt 8 saya minta tolong nya kak,1,0,2025-01-06 17:57:41,5.3
cbe64422-d212-41a3-b37a-7942ce08d25f,bagus untuk di main kan,5,0,2025-01-06 17:51:31,5.3
9ceac7b9-e572-484c-80b7-16f12f3a0a94,Mancaw,5,0,2025-01-06 17:49:43,5.3
d9aea3fc-272a-4b9c-9764-21b9c33a75ed,quest archon yang katanya quest inti cerita genshin nyatanya cuma teleport> dialog> teleport>dialog. Gerakan animasi karakter template semua.... Banyak dialog yg ga penting cuma buat nambah2in durasi doang,1,0,2025-01-06 17:18:58,5.3
12fd828b-3658-45da-8d5f-ff8bc7eb51de,Seruuu banget pokoknya betah maen game ini,5,0,2025-01-06 16:16:23,5.3
59dab0bc-d801-4491-931a-0e373e55921d,okee lumayan,5,0,2025-01-06 16:11:43,5.3
dfddccb1-338b-4835-b5dc-6804679f9efc,Tolong dikembangkan lebih baik lagi,5,0,2025-01-06 16:03:14,5.3
37df6e69-3f8e-4f99-8f1f-d11749b21476,Lama Loading Nya,5,0,2025-01-06 15:13:41,5.3
ce140f8f-3f6e-4f84-a87b-c665b5f17ebc,"game yang sangat seru dan menarik, mengekplorasi teyvat dengan santai dan mengerjakan quest dan misi yang seru, grafik yang sempurna dan karakter yang lucu unik cantik dan tampan.",5,0,2025-01-06 15:01:17,5.3
7f120870-d43a-41de-a8e0-1018e689d3d8,Nice,5,0,2025-01-06 14:40:49,5.3
006028b2-0db3-4e13-8f08-10411d52c45d,"Game GK adil, mavuika jadi karakter yg terlalu sempurna sedangkan karakter lain menjadi sampingan. Gw benci dan sakit hati karena game ini. Yang gacha banner sebelumnya enggak di hormati, susah cari primogems dan juga gw udah mau Hiatus eh dikasih mavuika yg sangat op GK jelas. Asli gw benci nih game GK adil banget kepada para user f2p yang udah gacha di banner sebelumnya. Yang adil muntun",1,1,2025-01-06 14:17:49,5.3
83550183-bd92-4aea-b8b9-1ddc0d445deb,Kikir impact,5,0,2025-01-06 14:03:12,5.3
cc1a5688-b705-440c-b4e4-a993ee4a9744,Yapping yg penting ✖️ Yg penting yapping ✔️,1,0,2025-01-06 13:35:05,5.3
3fdfc12f-6fba-499e-aece-379be21c69bb,update menarik,5,0,2025-01-06 13:19:24,5.3
316a1c45-73c1-4690-8fa5-9dd463c45d27,"Hmmm, akun gua kok bisa hilang sih. Gw biasa pake akun hoyo buat UID 84xxxxx eh pas nyoba login lagi pake akun yang sama malah jadi UID baru gimana sih?? Ada yang bisa bantu....",3,0,2025-01-06 10:18:13,5.3
b239d343-3de5-4bbd-b41d-89881b855b3d,tolong perbaiki batrai berku rang terlalu menng data tolong perbaiki🙏🙏🙏🙏🙏🥺🥺🥺🥺,4,0,2025-01-06 10:14:56,5.3
da955796-fa67-4e2c-8ef8-1d3ead1de70b,Game genshin impactnya lumayan walaupun banyak yg misinya menurut ku sih grafiknya lumayan bagus dan ga lag pula makanya game ini cocok buat untuk main game ini :),5,0,2025-01-06 10:09:01,5.3
558bd32d-3cd6-4612-824b-b8161451febd,Awal main sangat seru,5,0,2025-01-06 10:01:26,5.3
5f0bb492-badd-40b0-b9e0-d8128187c9c4,"Ngebosenin, buang² waktu, cs nya buruk",1,1,2025-01-06 09:02:28,5.3
7470decd-0e7f-4744-a68e-04a57cd41c0b,Unduhnya lama,1,0,2025-01-06 06:34:45,5.3
65ee6f19-815b-438f-9936-4a07227011d1,"Mavuika terlihat sangat cantik dan saya harap saya bisa mendapatkan nya di gacha, untuk membuat tim yang bagus juga..",5,1,2025-01-06 05:30:25,5.3
5ae49f89-a223-4531-8232-a38b7f2d69c7,Kasihh gacha baguslahhh,5,0,2025-01-06 04:56:01,5.3
11ea6b7d-3896-488f-b8e5-8cd339d4ce0e,"game paling buruk kalau dah update,sok sokan ngasih banyak loading yang gak jelas,perasaan hsr update tinggal update doang gak bertele tele,mana lama lagi loadingnya,berkali-kali verifikasi intergritas data masih ada yang lain gak jelas",1,1,2025-01-06 04:15:50,5.3
cfc1d308-f067-4938-bb86-d5c4eb32c7ab,"Game nya keren, tolong dong gacha heronya di kasih hero bagusan dikit kek ini setiap gacha dapatnya hero elit muluk , epik kek legenda kek minimal dapatnya hero baguslah 1 atau 2 untuk sebuah tim atau skuad yang baik",4,0,2025-01-06 02:16:05,5.3
235e0edd-aa4c-493c-8d91-91e15ae27140,"Can i still here, for this year, and year after year?, i play this game, to run away from my life, do a think that i cant do in real life, being free and happy, only this what i want, Freedom",5,0,2025-01-06 01:59:59,5.3
0ed50480-a604-4951-8ede-a1cf66f13fed,Kalo gacha Jan kikir lahh gw dh susah susah nabung pity dapetnya qiqi Jan pelit la gw capek ngumpulin primo,3,0,2025-01-06 01:49:46,5.3
8f9a88e4-ffe3-4d64-8a77-a2f7fc498e9f,"add 'skip story' feature, too boring for long conversations",4,0,2025-01-06 01:24:13,5.3
f5531fdd-a512-41e5-be15-7f727c370f3a,I want you (Clorinde),5,0,2025-01-05 23:58:39,5.3
c289827c-a886-4052-bc95-cc5766706943,"tolong ya jika kompilasi shader jangan terlalu lama, bikin bosen nunggunya",3,1,2025-01-05 23:43:26,5.3
f0cca7ee-8263-4605-be98-bde142049de2,Game ny udh bagus tapi bansos ny kurang sama kalo explore Primo explore tambahin 🗿👍,5,0,2025-01-05 23:28:12,5.3
f0a7f7ca-0b4c-45b4-8842-f9459dde3ee8,Good game,5,0,2025-01-05 23:09:13,5.3
76237558-0ece-49f9-a33d-8118615debdb,Game nya sudah bagus tapi tolong di sediakan fitur. skip story kadang kadang cape dengerin. bicara yang lama banget pas lagi ngerjain quest,3,0,2025-01-05 23:08:24,5.3
fc372262-e704-4147-8fac-64a21ae33092,Nice work for updating,4,0,2025-01-05 22:40:55,5.3
2890a619-bc55-440f-97e5-06e605478a15,"Game aneh, setiap pool mana dapat bintang 5",1,0,2025-01-05 21:23:42,5.3
5270c473-8452-4514-93f6-9dbc54f1d2bd,Bukan main game lebih ke nonton cerita,1,0,2025-01-05 20:51:12,5.3
1c9f35bb-8959-4075-9b16-669c09aaab16,Mantap pokoknya mantap gamenya,5,0,2025-01-05 20:46:15,5.3
a20fc03d-fd29-4a09-b6b9-b636ee4044fb,"Udh bagus kok, dari segi gacha jg, update qol jg udh lumayan bagus, sistem gacha dipermudah apalagi banner wp, meskipun sering kalah rate off, afterall ni game masih bagus, buat f2p yg sok2an nge kritik ni game mending uninstall aja, ga ngebantu developer aja so2an ngekritik",5,0,2025-01-05 20:05:49,5.3
e6ee1809-04cd-4295-a35b-9959ac944b35,Dasar Game Kikir 👎👎,1,0,2025-01-05 20:00:19,5.3
378b62fe-37ae-4172-bf5e-f20e18aa5690,Aku suka gamenya cuman tidak dengan gacha nya,5,0,2025-01-05 19:34:52,5.3
4541ec42-7e28-4c1f-986f-6af7cb7afa84,bagus dan seru,5,0,2025-01-05 19:29:17,5.3
dd327783-b9f6-43b8-8375-f507fd7cd8a9,Masterpiece 😃😃,5,0,2025-01-05 19:08:31,5.3
246f4f5b-6ab5-4103-8d2b-3b3cf28f9429,Bagus si kapi saya harus muduh dulu kapi saya main cloud,5,0,2025-01-05 18:55:12,5.3
6a4a385c-6a71-4051-8851-1415df3c90cc,Nes,5,0,2025-01-05 18:48:57,5.3
d712e82e-db85-4b80-b585-62932bea5fd0,Ajg gedek gw dah capek2 main quest ternyata kagak bisa ke save game ajg bikin kesel wae emang nya kagak capek apa nyelesain misi teh minimal bisa di save gitu,1,1,2025-01-05 18:41:31,5.3
7869390e-b3b0-4efe-85d4-0bcdc85a5679,Suka banget,5,0,2025-01-05 18:41:09,5.3
98909aaa-f4a8-4a9d-ad85-919c3260f551,Game nya bagus,5,0,2025-01-05 18:29:09,5.3
a9bf4041-0842-4a58-9dfa-f10cba901948,Mantav,5,0,2025-01-05 17:47:01,5.3
25e2e4db-d642-44a7-9de2-0b4cf0d4ff5a,Tolong adakan fitur skip di quest archon dan quest lainnya.,1,1,2025-01-05 17:46:02,5.3
75d37310-442a-478a-8199-aa1775db2899,"Gamenya sudah bagus, tapi tolong capitano hidup lagi dong😭😭. Dan bisa gak sih banyakin tall malenya😠",3,1,2025-01-05 17:34:51,5.3
f49d5183-2c2e-4ff8-a994-0202d2959d6f,"Suka banget sama game ini, tapi sayangnya hp ku gak kiat",5,0,2025-01-05 16:47:51,5.3
bb05dbaa-8c88-48ce-b24c-26144ff91eb0,furina tujuan gua main cik🤓☝️,5,0,2025-01-05 16:20:53,5.3
7c097870-3c3d-4670-b189-09817262eaa7,terlalu berat sebelah (kasih menang rate off lagi dong min),1,0,2025-01-05 16:13:30,5.3
f0fb575c-4514-41b1-b53e-2ce0d700435e,Durasi Quest story mavuika bisa bikin 1 game berbeda ngentooooaddd,1,1,2025-01-05 15:58:54,5.3
ed49daf7-d525-4fe4-a2ac-e7c95298b184,Sangat menarik,5,0,2025-01-05 15:52:23,5.3
55052f6e-cca4-422e-959f-776313a9ef56,"Just give skip story, i will pay welkins every month",1,1,2025-01-05 15:36:08,5.3
fb9cb436-7742-4300-b196-7f0f1b9d5f3d,Kurangin memori nya woiiiiii,1,0,2025-01-05 15:35:22,5.3
585ce9c5-0d41-4e82-9b94-f894ed1d8a27,I enjoy it,5,0,2025-01-05 15:24:23,5.3
c651e15a-dd08-49ac-85ef-defc06db2bfc,"not being able to skip conversations or cut scenes, makes this game boring and time-consuming, and can make players lose interest.",3,0,2025-01-05 14:54:45,5.3
30a37408-65c6-4db1-8453-3a106e27b33d,keren tapi pelit,5,0,2025-01-05 14:23:56,5.3
ed01bfe5-010b-4ec0-9489-a6d6bae40ded,"Ini kok uppate tadinya 2gb,pas sudah selesai malah jadi 7gb ini gimana",3,8,2025-01-05 13:57:48,5.3
e76a53ba-b8f6-4293-89b6-6667e10699a4,"Jelas"" aku udah download all data 35 gb, masa pas mau login lagi disuruh download data 30 gb lagi. Ga jelas banget ni game, tolonglah perbaikin, ini udah 2x kejadian di aku. Males main jadinya",1,1,2025-01-05 13:49:26,5.3
3d76ea91-c1b5-4511-b1bd-0c6be5bfdbbb,Baguusss bangett sukak,5,0,2025-01-05 12:50:39,5.3
b4f92f43-d49a-4458-9de7-6a538526b444,"Percakapan story quest terlalu bertele-tele, tolong dipersingkat lagi karena ga semua orang punya waktu buat main. Untuk desain karakter entah kenapa jadi semakin mengecewakan, terlebih lagi karakter cwo semakin berkurang",3,3,2025-01-05 12:35:10,5.3
4d76a092-3cf2-44bf-a123-2b57bf74823b,"Kata gweh sih keren gamenya tapi kenapa harus kikir impact ya,di event besar kasih 20x gacha coba lain kli ksih 1 bebas pilih karakter b5 standar banner kek🤭",5,0,2025-01-05 12:14:06,5.3
4b2ab99a-131c-498d-8011-dbcee63c5bff,Paimon crying natlan 😭🥹 I like the story this game,5,0,2025-01-05 12:01:30,5.3
6246b48f-136a-4d68-9a28-613d93d7e636,"Bagus banget sumpah,tapi saran aku perbanyak karakter cowok,kasian yang player cewek nangis nangis soalnya karakter cowok dikit banget,apalagi di natlan ini yang baru play able cuman dua ,ororon sama kinich",5,2,2025-01-05 10:19:04,5.3
ff850a98-ce7b-45e0-aa8b-77be9f409b73,Kecewa lah,1,0,2025-01-05 09:57:05,5.3
ca9ef618-ee7b-4d43-824b-cd76ee2e0080,"kalo Shenhe, Clorinde, Arle pulang kukasih bintang lima😭",1,0,2025-01-05 09:09:45,5.3
5374beab-dda5-4e58-bec0-eb14ed721789,"Jauh lebih smooth dibandingkan dgn honkaj impact .pdhl udah rata kiri ttp aja ngeleg , tapi genshin beda.ya walaupun susah mendapatkan item yang langka",5,0,2025-01-05 08:22:24,5.3
086c7009-11b5-4ca8-a4d5-56fa63485443,"Oke, saran masalah teks dmg kayaknya di denger, makasih ya ku kasih b5😊",5,0,2025-01-05 07:09:44,5.3
adb60c04-5ddf-417c-b935-d827272109eb,"Ini gimana login pake akun hoyo ga bsa, terlalu banyak permintaan broken bgt nih game, baru mau mulai return maen lagi!!",1,0,2025-01-05 05:37:07,5.3
018fdece-5112-4885-9526-9a9270150897,"tolong masukan mode skip ketika side Quest. karena bosan, tidak semua player suka dengan percakapan panjang. tapi ketika di quest archon tidak ada skip tidak apa. hanya saja untuk quest"" sampingan sangat bosan.",5,9,2025-01-05 05:00:05,5.3
f14d395d-8544-446e-a898-c91b98ffbbdd,Mantap,5,0,2025-01-05 04:38:05,5.3
6191d3bd-a342-4d74-9d6f-906247e3fd5b,Mantap,5,0,2025-01-05 04:20:21,5.3
2b868c7d-1833-4d29-911b-3b320534c35a,Bintang 1 dulu soalnya ga pernah menang rate off,1,0,2025-01-05 03:19:34,5.3
01d1973d-7b9b-4c9d-9da3-1b3040cea4fe,mantap usahain banyakin lagi bansos 😁,5,0,2025-01-05 01:57:45,5.3
ba9d4eb6-fd58-4e6d-8a66-16dc0513141d,"developer tolong game nya jangan terlalu berat, tolong di ringankan game nya biar yg hp nya kentang bisa main",5,0,2025-01-05 01:02:49,5.3
2bf6a56b-23e3-4706-98ce-aa23d4e40856,Hard pity trus di kasih mantap,1,0,2025-01-04 23:59:16,5.3
fe90b829-fec3-482e-8d5c-ae4f7b5ef70f,"Tidak bersahabat dengan newbie, material upgrade yg susah didapat, qol yang buruk dan manajemen tas yg buruk juga. Contoh kenapa pas farming kok musti ada item yang jatuh. Kenpa kok gak langsung masuk tas aja????",1,1,2025-01-04 23:02:51,5.3
c7709bba-fd52-4d3c-8444-ecd064636dc1,"Not just a gacha game, but a good and memorable RPG game.",5,0,2025-01-04 22:30:32,5.3
e2ff9325-17ff-4843-8a43-e455de8fe2bf,"Tambahin tombol skip lah ajg, bosen banget.",1,0,2025-01-04 22:05:35,5.3
210024b7-bc4f-4566-9af9-18fe3ed14659,Give fitur skip story,1,0,2025-01-04 21:37:46,5.3
a65e7638-59c3-40db-be2a-970a22b1cee6,ga suka game ini,1,0,2025-01-04 21:24:04,5.3
0f16ad1d-16b2-4cff-95fa-5af299ff5798,HARD PITY WOIII POKEEEE MALESIN BANGETTTTT,1,0,2025-01-04 21:02:26,5.3
8d37472a-3365-4713-a4a2-8737e881dd03,"Dear developer, tolong untuk kedepannya, tambahkan fitur menghapus data quest terdahulu saat mendownload ulang genshin impact, jadi tidak usah mendownload ulang semua data quest yang telah diselesaikan oleh akun yang digunakan... Kesimpulannya, saat mendownload ulang genshin, dan login dengan akun yang sudah cukup lama, dimana sudah banyak quest yang diselesaikan, tolong tambahkan fitur untuk download datanya tidak usah include dengan quest yang sudah diselesaikan tersebut, terimakasih.",5,0,2025-01-04 20:47:48,5.3
c32cebf0-04ed-494b-8eb4-00f4fe6991ed,Sistem gacha karakter sudah di atur oleh developer ketika wish anda sudah mencapai semisal 90 kali wish maka tingkat anda untuk mendapatkan karater 5★ berkemungkinan 50/50 Dan inilah sistem yang sudah di atur oleh developer,5,0,2025-01-04 20:05:54,5.3
b8a4a6ce-b284-46d2-9d49-1136d026878c,"Min terlalu banyak request ini ga bisa login tolong dong server nya ditambahin biar bisa masuk. Kita f2p yg nyari primogems sedikit"" gimana ini ???. Astaga udah 1 hari full ga bisa login karna gagal login please min fix lah. Akun lama yg bisa, sekarang jadi ga bisa. Udah serasa di ban walau ga salah apa apa",2,1,2025-01-04 19:58:51,5.3
e8cdee6c-5962-49c7-808e-8a6eba98ea75,"Ini aku kasih bintang 2 dulu, karena apa? Ya, itu tuh karena gamenya ngebug, masa aku baru mau main gamenya langsung keluar sendiri sih?! Padahal aku udah cape cape loh, mau ngosongin penyimpanan ku cuma buat game ini aja!? Tolong ya, segera di perbaiki secepatnya, soalnya aku pengen banget mainin nih game lagi... 😢😢",2,0,2025-01-04 19:40:03,5.3
8ef2ad89-00ee-4bf3-95a2-5113b99441f6,"Kenapa azdaha hanya bisa diambil seminggu sekali,padahal itu sangat penting untuk mengupgrade karakter kazuha, tolong di perbaiki",1,1,2025-01-04 19:23:56,5.3
8be2015c-e5fe-43b4-b5b4-495cd6847713,Kekurangan game ini di android adalah tidak adanya fitur untuk bermain menggunakan gamepad sedangkan kalau mau main gamepad memakai pihak ke 3 untuk memakai gamepad yaitu rawan banned tolong update kedepan tambahkan fitur adanya gamepad di android tanpa menggunakan pihak ke 3,2,0,2025-01-04 19:22:34,5.3
ebe913fe-bb5d-4036-ae0e-d2d26b8420db,Semoga dapat hero bintang 5,5,0,2025-01-04 17:16:55,5.3
76e194e4-5a09-4df3-b56e-78686ebf2095,game najis,1,0,2025-01-04 17:08:25,5.3
8fdf759e-41cb-43bc-90ff-f6c0245aace8,Bagus grafik nya asik,5,0,2025-01-04 16:55:41,5.3
e615e214-522d-4a8c-ba3b-0c822f1b1e96,Good,5,0,2025-01-04 16:44:43,5.3
5dbc768f-ad25-4219-8a8f-78374456d44a,Wor it grafik segini 32 gb,5,0,2025-01-04 16:42:58,5.3
f95e869a-d87a-4e66-ac06-d370c2d777ee,Mantap,5,0,2025-01-04 16:26:59,5.3
c265f2be-4425-43d0-b693-506ed43f73a8,Sangat bagus saya menyukai game ini,5,0,2025-01-04 15:23:49,5.3
9b993ee2-3eea-4f5f-8558-6b8732a71e5b,Lama sekali menunggu nya tolol lu👎👎👎,1,0,2025-01-04 14:52:46,5.3
c64cdca8-203c-43be-b4e9-a9db0555a506,Makin ilang aja tall men🫵 tolong perbanyak pria2 tampan nya juga dong! Cewe mulu! Bosen gw liatnya.,1,0,2025-01-04 13:58:51,5.3
a0df3563-a5e2-4759-acc6-360b0f4d81b7,Mantap sekarang udah banyak eventnya,5,0,2025-01-04 13:40:52,5.3
698bac69-b4be-4bcc-9a59-be59e2a28d58,bagus,5,0,2025-01-04 13:30:49,5.3
1deb1835-96aa-4da8-a1bb-6ef9fa9de64b,Keren apalagi aku waifuin Furina ama Hutao,5,0,2025-01-04 12:49:48,5.3
afff89ef-f58f-4380-8297-c19ca0f25e1f,Mantap,2,0,2025-01-04 12:30:53,5.3
ad7464a2-909d-4d06-b54d-042f94f23ed4,excited banget maen ini game,5,0,2025-01-04 12:10:39,5.3
a05fdcc4-a3dd-4b37-9ff3-9e6bed0736f5,"Awalan update 5.0 kemarin ada ikon tangan ketika mau farming material ascension, sekarang cuma lingkaran biru saja, anehnya ikon tangan kadang masih muncul secara random ketika menjelajah, tapi ketika farming tidak muncul sama sekali, tolong kembalikan fitur itu! Sangat membantu ketika farming meterial... Mungkin burst skill citlali bisa di ganti, seperti cashca yang keren burst nya juga keren, kalau citlali imut bisa di buat lebih imut lagi, trus jangan meneriakkan nama, ganti kata"" yang imut",4,5,2025-01-04 12:01:03,5.3
afcfcdef-1a7f-46c3-b9d5-9968f778d5c1,Rate yang sangat ampas untuk sebuah game gacha,1,0,2025-01-04 11:58:07,5.3
9b507908-36f4-472f-a454-8546eaf56bd8,game ini seru banget hanya kalo ingin mendapatkan karakter harus gacha apalagi gachanya malesin banget apalagi harus pake 160 primogem buat 1x gacha jadi saran aku kalo karakternya dijual aja hehe... terus kadang suka lag lag sendiri sama kalo log out bentar aja nanti harus loading agak lama. sekian,4,2,2025-01-04 11:54:37,5.3
526695a2-e4ab-4997-9757-e1c2fdca6778,Akun ku hilang setelah update tolong perbaiki lagi,1,0,2025-01-04 11:49:43,5.3
0557facb-24dd-48ff-83dc-ba6db779dbbf,At the point that Don't even care anymore about artifac rolls. Natlan best update so far in every aspect.,5,0,2025-01-04 11:20:17,5.3
9c75f150-c806-4fd5-9dae-a48685fc8edb,Gk ada yg bocil,5,0,2025-01-04 11:16:29,5.3
5c6dd8bf-b648-421a-901e-f78b1a8bc114,seru,5,0,2025-01-04 10:59:04,5.3
a2958de5-22f8-4e1e-8a01-0097c19c87f8,naikin rating kalo capitano balik,1,0,2025-01-04 09:58:24,5.3
96e14da7-7381-4db7-9ef0-f4f8e31ae4ef,"Game baik hehe, kedepannya semoga lebih baik lagi oke?",5,0,2025-01-04 09:56:00,5.3
62fa3983-ac4e-4d71-879c-b3438609f8f5,Update nya terlalu banyak masa sampai 8 GB kan gila,2,0,2025-01-04 09:51:07,5.3
d6fce155-0a9a-407d-986e-54326f719b51,GG gaming,5,0,2025-01-04 09:22:40,5.3
54ac0124-2d75-4b94-8e10-1d190ff93f6e,semoga sistem gacha ny lebih baik ya..trs banyak banyakin char cwok juga:(,5,0,2025-01-04 09:18:55,5.3
28cb4bd9-2fc2-4111-8221-d6e5abb65833,Nice,5,0,2025-01-04 08:02:46,5.3
2637705c-9a65-49ef-9193-9cf6e02dff5a,Too many requests when logged in,1,0,2025-01-04 07:56:52,5.3
6b7f5b36-7a60-4b4b-9eea-554b4ba9992d,Tolong dong grafik nya bisa Ampe UHD/4K kek genshin cloud Ama pc biar enak ngeliatnya Ama main nya,1,0,2025-01-04 07:44:32,5.3
61e90232-f169-4fae-9fa6-a441ad0db596,"Game bagus sih cumaaa,Tod aku f2p su,kalo mau dapet bintang emas mesti di atas pity 70,coooo jadi game baik dikit su,aku kalo nyepin pasti di atasy pity 70 kalo mau dapet bintang emas,ga pernah menang rate off pula,kaalaaahhh terus,jadi game baik dikit lah todddddddddddddddddd",1,1,2025-01-04 07:33:07,5.3
7eb1013f-279c-4ca7-aa62-f4404d85cd6e,"Seru banget ni game, kita bisa berpetualang teyvat sendirian, mengeksplor teyvat sendirian tanpa ada orang lain yang mengganggu, aku langsung promosiin nih game ke temen temen ku wkwk",5,0,2025-01-04 06:50:11,5.3
3d026b30-7760-4330-9724-665a92a9e42f,"Bikin pyro traveler yang bener dong, CD skill nya lama banget ,terus hit nya sebentar banget",1,0,2025-01-04 06:05:54,5.3
029515bd-5c55-47f5-aa0a-890885f13369,"Susah, pelit, ga enak",1,0,2025-01-04 01:57:23,5.3
377fb40e-5385-462a-b8ca-90d0be7a7e05,Ok game,2,0,2025-01-04 01:48:35,5.3
79fc4283-dbf1-4795-b2d2-c231dd287172,"fitur skip di buat lah,cerita yang tidak terlalu penting seperti kisah karakter ataupun npc ,karakter utama mc aeter dan lumine aja yang harusnya ga bisa skip yang lain harusnya bisa ,ini game action pak ,gua mo bertarung, kuat lebih cepat,bukan mau liiat drama animasi",1,41,2025-01-04 01:43:51,5.3
a97e18b2-a277-4277-a0b9-ac49fdabfc89,"Ini game open world rpg apa visual novel? Terlalu banyak dialog di quest daripada actionnya , quest 1 jam isinya dialog semua jalan 5 langkah dilanjutkan dialog 1 jam lagi. Wow",1,3,2025-01-04 00:49:49,5.3
2a303e97-95b2-4517-92b7-93709a09c774,"well i play and i love genshin, but it's getting too greedy lately. for those who about to download, read this. this is a pay to win game i supposed to say. whether you're paying or f2p gives much much and too much difference..",1,0,2025-01-04 00:43:36,5.3
58c02fc0-a340-42c7-a00e-cf3db531fd90,Lu punya dendam apa sih ke akun gw gw udh banyak abisin Primo tu buat gacha malah dpt ampas semua Pdhl masih akun new tolonglah kasi yg bagusan dikit Jan ampas Mulu 😮‍💨,4,0,2025-01-04 00:41:17,5.3
fb3f8209-d077-4793-8e3b-7f58c6288668,Mas hoyo ini saya minta tolong buatkan tombol skip cerita. Cerita di genshin sekarang sudah makin membosankan dan panjang saya tidak punya waktu untuk cerita yang tidak penting aku tidak mau mendengarkan cerita mu yang membosankan itu,1,1,2025-01-04 00:35:10,5.3
be359ba6-0451-413a-bf4f-75f9c47f6d22,nama guijong jelek min,2,0,2025-01-03 23:53:00,5.3
b891d0fb-a4b8-4950-b579-ee1c68d77404,Gamenya gabus banget. Seru pokoknya suka deh kalo gabut bisa main ini,5,0,2025-01-03 23:39:20,5.3
75517a01-6a14-44ea-a960-37e7f2dbb673,"inii gamee lumayan sii , tapi menurut akuu game nya agaa memakan GB ya T _ T yaa namanyaa jugaa gamee yaa , butuh banyak mb / gb apalagii game ini -_- udh mah grafik nya baguss , karakternya baguss jugaa lagii ^ _ ^ tapii menurut akuu agaa lamaa masuk ke game nyaa :cc ( hiks hiks ) apalagii pas pertama kali download, aduhh aku sampe berdoaa biar berhasill wkwkww , well SEJUJUR JUJUR NYA INI GAME SERU + KERENN pls :D , download dehh guyss , dijaminn gaa nyesel wkkwkw~ !",4,0,2025-01-03 23:09:34,5.3
8de6b197-aeed-4efb-b7df-71af982c930d,Menyenangkan,5,0,2025-01-03 23:01:46,5.3
bc8ff3a3-bd5d-4944-b7a1-8f2e168fb64d,GAME KONTOL TAI KEK KONTOL,1,3,2025-01-03 22:48:43,5.3
e2c2c51b-0a4a-4bb4-86fb-7bc2ed316c9f,KAPAAN WRIO RERUUNN???,5,0,2025-01-03 22:17:13,5.3
7f6d6f7e-c964-4f1f-8ba3-d4606288b608,Perbaiki bug suara npc nya ilang kemarin engak ilang sekarang kok malah ilang cuman tulisan doang jadi bosen,5,0,2025-01-03 22:16:05,5.3
4e8cad0b-1996-450b-87b7-9215196c1d3c,Lumayan,5,0,2025-01-03 22:04:54,5.3
d5e58116-e3a0-4c81-b3c6-5988a8dca86a,"dari tahun lalu tidak pernah menang rate off dan selalu kalah di pity 70an ke atass bahkan ada yang hampir 90, saya yang bukan whaler merasa waktu terlalu banyak terbuang untuk mengumpulkan primogem sedikit demi sedikit, sudah 3 tahun saya main genshin dan hanya hitungan jari menang rate off. mungkin baru 2 kali. ayolah hoyovers jangan terlalu memikirkan keuntungan semata tapi bagaimana agar player anda juga betah bermain dan stay dengan game anda.",1,3,2025-01-03 22:01:35,5.3
d8097ef9-e411-496c-96f1-ccec1f598f50,Game lucu,5,0,2025-01-03 21:59:29,5.3
8429359a-9ed9-453f-9022-98aa2c70aaa6,"anjir lah dah 3 taun seret bat primo nya, also really 3 If buat lantern rite? Mending gausah sekalian quest 3 ampe 4 jam juga dapet 3 if",4,0,2025-01-03 21:41:23,5.3
d65b8f5e-b497-4721-922a-9abe82c8318f,Tolong dong aku mau login GK bisa bisa alasannya terlalu banyak permintaan gimana nih ak mau main,1,0,2025-01-03 21:03:37,5.3
d8ee16b0-20c0-4b73-84e8-37f5bccf9fce,Sudah tidak kikir lagi 😁👍,1,1,2025-01-03 21:00:43,5.3
d6f3e30b-76aa-4b51-b3bc-520cfbef44c1,"Mihoyo, pls make capitano playable. I'm crying overnight cuz he's gone, please I beg you. The games perfect, everything perfect but please make capitano playable. Please please, I beg you. Thankyou",5,0,2025-01-03 20:59:48,5.3
87b13b4f-7ff9-4e6a-bcd0-00bd2bc9be0f,"Main gensin cuma brtahan 4 bulan aja... Story trlalu ribet ngk bisa di skip... Kita player juga sibuk soal urusan lain.. Malah ngk bisa di skip jdi ngulang"" Terus.. Jdi bosen.... Bye gensin smoga ngertiin para player...",1,20,2025-01-03 19:35:22,5.3
97bc64c9-3ea3-4b75-a104-6086636f1986,"Terlalu banyak yg perlu di download, pertama 19 gb klo gasalah trus setelah dimainkan beberapa hari aja udh disuruh update versi, setelah update download lagi sekitar 12 gb, setelah itu setiap masuk game pasti ada aja download an nya, dan ukuran nya selalu diatas 300 mb",2,0,2025-01-03 19:21:35,5.3
d4a8de3a-bc81-4134-862e-0d5cef61a4de,"Game gajelas login aja gabisa,cuihh",1,0,2025-01-03 18:22:48,5.3
35aea3db-18b1-4c99-b6b8-203930e26004,maaf hatiku sudah ada di ff,3,0,2025-01-03 18:07:06,5.3
63126b04-4631-4793-9456-145121d3d9a0,Seru,4,0,2025-01-03 18:05:01,5.3
7368bace-e31a-4e77-9e01-b4e9569363e5,Lumayan,5,0,2025-01-03 17:39:54,5.3
519cb297-542f-4c5a-b420-fe5d8d3ee431,BANG KENAPA BIKIN GAME LOADING NYA LAMA BANGEET TOLONG CEPATKAN LOADING NYA YA BANG!,1,1,2025-01-03 17:35:20,5.3
09e41461-1798-4618-8087-19b9e375b0ca,emang bener game cacat,1,1,2025-01-03 17:15:40,5.3
5215527f-4f3b-4d8d-aac5-96d72ace5d7b,"dah pensiun kayak nya ini, data dalam nya sudah 30gb, storage dah gak muat lagi.. 😩😩😩",1,36,2025-01-03 17:10:03,5.3
f4b9fb4a-484f-42da-8cce-833ee6256e0a,good,5,0,2025-01-03 17:00:31,5.3
ec9e137b-f39d-41fc-a91d-ffd5bdfbe955,Game nya oke aja,5,0,2025-01-03 16:51:07,5.3
1156569d-b836-48b9-8058-40fda1d16789,Sangat seru,5,0,2025-01-03 16:29:55,5.3
1307c5ba-1889-430b-851a-31f5a91c4bbe,Pengalaman yang sangat seru,5,0,2025-01-03 16:26:23,5.3
f8a6fcad-6307-41f9-b384-e9620fa3eb72,gem nyaa sangat baguss a saya memberi ⭐⭐⭐⭐⭐ bintang,5,0,2025-01-03 15:46:48,5.3
88ac38f2-c629-4235-8242-8c6f14f6a6c9,Provide a feature to change Avatar using user / player photos,5,0,2025-01-03 15:08:26,5.3
bb8a9d0c-f4f8-4799-8fd5-23df49694fa9,makasih mavuika nya 😁🥰🥰,5,0,2025-01-03 15:04:59,5.3
a0744146-01df-43aa-8181-cf8df973249a,"Genshin klo untuk grafik dan desain itu udah jelas bagus banget, tapi ada banyak point yang UGHH bgt. Misalnya banyaknya dialog gak penting yang gak bisa di skip, DROP ARTE, sama tingginya pity untuk dpt chara/weapon. Cmon lah genshin, kami udah di persulit buat dapeti chara/wp dengan pity tinggi, masa harus dipersulit lagi dengan drop arte yang jeleknya nauzubillah. Percuma tuh elixir, dkk soalnya hasil akhirnya tetep aja sampah🙂",3,19,2025-01-03 14:25:22,5.3
e2deadc4-66ed-4117-ac3d-041c50aa57b1,Game nya bagus dan menarik,5,0,2025-01-03 14:09:23,5.3
638f144d-6e12-4fc4-b44c-e2c81e9a3ab9,kikir bngt bansosnya fase 2 bos,1,0,2025-01-03 14:03:02,5.3
46728a7f-8f55-4f20-bf5f-eb753f7eba73,"Hidupin capitano ntar guwa balik lagi kasih bintang 10,bb!!",1,0,2025-01-03 13:55:23,5.3
f066764f-d1b3-4e96-b2a4-6e8fb96e1606,Jelek banget aku harus nungguin loading nya sampe berjam jam terus aku hapus game nya karna ngeselin banget,1,0,2025-01-03 13:53:01,5.3
fd61f79a-3530-4544-9568-55391e3b04ff,bagus rekomendasi bangeddddd keren cerita nya asik misi banyak hero nya juga keren keren skill nya juga menarik menarik good bagus,5,1,2025-01-03 12:40:40,5.3
ef05777d-6c60-46b8-b6de-8fcf8a415f98,Mengunduh datanya lama banget,1,0,2025-01-03 12:21:58,5.3
04f79a0b-1edf-4fcd-931e-a324fed9a7c7,Udah habis 100 primo buat gacha ga dapat dapat hero b5,1,0,2025-01-03 12:00:11,5.3
75d7a47a-30d9-4eb2-b60d-9cceab60ef54,"kalo mau nambahin motor itu minimal main game balap dulu sana, biar tau cara kerja motor/mobil tuh kek gimana Ini motor physics nya jelek banget sialan, yang geraknya masa ban depan doanh, ban belakangnya cuma goyang-goyang kek ekor gede.",3,0,2025-01-03 11:33:32,5.3
55988b5b-7e53-44d5-93dc-278f5380bfc8,Gamenya seru sampe lupa waktu wkwkw,5,0,2025-01-03 11:16:28,5.3
dcc68094-43f2-407c-9bca-8140175f9180,Lumayan,5,0,2025-01-03 10:57:23,5.3
baae1d9b-e549-40b4-ac1e-968d6c4720f8,BAGUS SEKALI DAN SANGAT ENGGA KIKIR,5,0,2025-01-03 10:33:09,5.3
da8b9bd6-d089-4385-9490-b0d2f47de388,"0verall udah sangat keren, cm aku bukan penikmat story jadi yang kepanjangan so pasti skip2 😄, kalo masalah gatcha sulit yaudin seh kaum mendang mending mah nikmatin aja, mau yg mudah ya keluarin duit lah. Game nya dibikin juga modalnya gede woylah, ini juga bisnis bukan lagi sedekah. Tau diri dikit napa 🫰🏻 malu-maluin.",5,2,2025-01-03 09:57:37,5.3
1a172631-d423-425b-96ef-23217e8ac514,NICE GAME.. hp kentang minggir dulu..,5,0,2025-01-03 09:40:14,5.3
669186da-227a-45cb-9620-9cad0310d849,Bagus,5,0,2025-01-03 09:23:34,5.3
f52b4af2-ad31-4317-afb6-3ef6d7c66571,Buruk sangat butuk udh download 30gb nyatanya gak bisa di mainin slalu stuck di loding masuk,1,0,2025-01-03 08:59:25,5.3
40d29029-dccd-4aa9-aa01-f179d9e60ea4,"Halo min, apakah terdapat bug yang tidak ada suara atau voice dari karakter misi? seperti misi utama saya tidak ada disepanjng sampai chapter selesai dan itu terus menerus sampai ganti bahasa tetap saja tidak terdapat suara",3,1,2025-01-03 08:54:28,5.3
c2113d29-1438-4171-b360-ddd34b74ca5e,"Keseluruhan sesudah sangat baik, namun narasi story yang tidak bisa diskip membuat game ini jadi game yg membosankan, kami benar-benar menghargai usaha developer dalam mengembangkan story pada Ghensin impact, akan tetapi tidak semua player mempunyai waktu yg cukup untuk menyimak seluruh cerita NPC. Jadi bagi pihak developer, tolong sediakan tombol SKIP pada dialog player dengan NPC.",3,1,2025-01-03 08:16:07,5.3
7da5eab1-56ac-456f-bf37-2c0ce8961ced,"Ini game gak bisa otomatis makek Konsol, harus setting setting pakek Apk berbayar. Apalagi Tautan Emailnya gak bisa saya Rubah, gimana saya mau Jual akun. Bosen banget sama ini game, gak ada fitur skip story juga (pusing gw main berjam jam)",1,6,2025-01-03 07:37:10,5.3
3a41e2cb-723e-4beb-9e3b-d0513856d0a1,"Game nya udah bagus, Cuman yang bikin hedeg itu va inggris nya bisu. Sekalian aja archon quest nya bisu semua gausah pake voice actor segala",1,1,2025-01-03 07:22:54,5.3
48d7817b-a59b-43b0-b429-49d844e986d2,game bagus,5,0,2025-01-03 07:21:42,5.3
87d17484-1bea-464d-a5c3-9dbdfeed530f,Tolong di perbaikin lagi map natlan nya kalo udh di fix saya kasih bintang 5,3,0,2025-01-03 02:53:32,5.3
479c0dc2-3c23-42a7-9a03-d69507660f31,berikan aku signature mavuika,1,0,2025-01-03 01:30:22,5.3
ad593ba2-7651-449d-a43d-4f9c7555af8f,"bagus, tapi di ar tinggi mulai sulit seperti tidak seimbaang untuk player f2p, untuk storynya udah lumayan yaaa baguslah",5,0,2025-01-03 00:11:22,5.3
bfc8e0dc-c201-4aa8-bb50-661489cf88d6,Update ae terus masalah koneksi sinya tamba buruk,1,0,2025-01-03 00:10:47,5.3
92bab128-9c1e-4dc1-b9d0-7a1b6c1f8401,Game kikir,1,0,2025-01-02 23:41:38,5.3
63bcfcf5-f8cd-46b5-9b19-e8c1e0275918,story gilak bagus banget,5,0,2025-01-02 23:14:44,5.3
1edb5236-9535-46c8-97d1-b8623ebed7b3,Sangat bagus grafik nya juga bagus 👍,5,0,2025-01-02 22:56:35,5.3
8aa0afc1-54fd-4ac8-aa94-ead9b1c19b1f,"Sorry but I have to give 1 star because in this update there is a bug, if the bug in the update has been fixed I will give 5 stars again",5,0,2025-01-02 22:42:54,5.3
37f3f863-8a01-4eaa-a2c8-56ab077db244,To many request bug,5,0,2025-01-02 22:30:34,5.3
144efcdd-fd15-4bd8-91c5-1f95b7a3196b,"Sedikit masukan untuk game ini.kalau bisa tolong saat mengerjakan quest mau itu archon quest ataupun world quest,tolong persingkat dialognya karena sangat panjang dan membosankan.saya sering tertidur ketika mengerjakan story game ini,karena dialognya yang terlalu bertele tele",3,0,2025-01-02 22:17:15,5.3
87517998-048a-47b7-a886-47b6bc470429,Mana tombol skip story minnn,1,0,2025-01-02 22:12:06,5.3
308fd313-e464-4f6b-8be0-ce6bb5cdcbbd,Game babi,1,0,2025-01-02 22:08:48,5.3
1575a9f5-67a3-4237-a505-a18f2b9fa130,"masalah kode keamanan ,baru ganti device pas login suruh masukin kode keamanan tapi kodenya ga ada diemail?Udah coba diganti emailnya pake email baru tetep ga ada kode nya diemail?Gimana ini mihoyo akun cape cape naikin levelnya malah ilang gara gara sistem mu sendiri?Sementara b1 dulu udah nyoba lapor kecs tapi masih belum ada jawaban,trmksh",1,0,2025-01-02 21:35:22,5.3
788a042b-1ef9-4c70-9387-87715c7bdf9c,Keren walaupun berat,5,0,2025-01-02 20:58:02,5.3
2fd1d560-6118-4b30-b674-c1d2315c0054,Wahai admin genshin impact yang terhormat saya sebagai player menyarankan agar di dalam cerita game yang anda buat ada unsur shoujo ai,5,1,2025-01-02 20:52:28,5.3
21ed7bff-a0b3-46a8-bde7-0244df2f8a08,"Bagus, aku suka banget, tapi kenapa ya suka force close sendiri? Aku jadi gak btah mainnya, kan aku mau coba mavuika buat dpt primo jadi gk bisa, dan air nya pas beku malah gak kelihatan efeknya, kaya main furina padahal ngebekuin pake cryo, ayo lah hoyo, apakah hoyo hanya memperdulikan player berduit saja ketimbang player f2p uang terbatas? MOHON DENGARKAN KRITIKAN KAMI:)",4,0,2025-01-02 20:12:00,5.3
f5597a9a-b88a-4991-85d8-64babeaeeb57,sangat sangat bagus,5,0,2025-01-02 20:05:38,5.3
02b1797c-1ec4-4918-8ff8-195eaf468af5,Gila game gacha paling gak worth it 6 kali kalah rate off 1x menang rate off dah lah pensi males parah mending tunggu tanggal 25 azur promilia release langsung tancap gas,1,0,2025-01-02 19:54:22,5.3
4c732ca0-42c2-4f4d-83da-4282b3884c50,"GAME BERBIE, KEBANYAKAN WAIFU BAIT, MAKANYA BANYAK PLAYER PEDO PORNO, CAHARACTERNYA AJA PORNO, GAADA SANGAR2 NYA NI GAME CUIH. GA MENANTANG KAYA GAME BERBIE ANAK TK, GAADA DARK²NYA, KAYA KESATRIA, PANGERAN GT GAADA CUIH, JELEK NATLAN FLOP DAWEI FLOP. PENYEPONG WIFU FLOPPPPPP.",1,1,2025-01-02 19:44:09,5.3
e029e75f-6ed8-4339-94d1-87e1874a21b8,"Game gacha, bagi F2P harus kerja Keras, yg dimana buat Explorasi itu yg bikin bosen adalah Dialog yg panjang banget dan ga bisa Skip",5,2,2025-01-02 19:39:49,5.3
281d8434-af7b-4308-93b4-c7383539c620,"ya, lumayan lah, menurut ku tergantung device kalo main ni game",5,0,2025-01-02 19:27:39,5.3
88f19dbd-5ac7-49f5-8540-033cf9383892,bulan depan saya akan memainkan game ini dengan hp baru saya,5,0,2025-01-02 19:26:01,5.3
3707ae8e-b86d-4e40-aed9-636dfcc25720,"Game ini sangat pelit, aku udah adventure rank 50 belum dapat satupun archon, udah ngumpulin banyak primogem tetap gak dapat archon satupun untung aja aku gak topup karena nanti rugi, soalnya topupnya juga mahal. Kalo begini terus mendingan aku berhenti main",1,15,2025-01-02 18:31:27,5.3
2cafa8aa-4dec-4d49-8949-74fb8ff12027,"Kenapa pake gamepad engga bisa min (di hp) padahal di laptop/pc bisa, giliran main Zenles Zone Zero bisa padahal gamepad sama aja (Bluetooth/usb di hp) pelit amat dah ಠ_ಠ",3,1,2025-01-02 18:20:09,5.3
ba3190e0-8cbc-4ef8-a89b-0f1c9e839e73,"Pasti kenapa setiap update harus memprioritaskan pra unduh, jadi yg tidak pra unduh di kasihh lebih banyak total data nya, contoh update ini orang yg pra unduh mendapatkan total data 2,75gb sedangkan yg tidak pra unduh mendapatkan 8gb, apa itu bisa di anggap adil? Kasihan orang orang yg lupa atau punya gangguan jaringan sehingga mereka tidak pra unduh dan mendapatkan total update yg besar",1,1,2025-01-02 18:07:52,5.3
b7b65db6-9080-4e6a-8984-bcf0a6752d50,KIKIR IMPACT PELIT,1,0,2025-01-02 17:31:11,5.3
7ff06e2e-2017-4872-8bd0-d4646f5c3de7,"game kikir sistem gachanya ga adil, ga setimpal sama usaha nyari primogem. #gamekikir",4,1,2025-01-02 17:06:45,5.3
9d8b76b1-8ea3-4d23-be71-b179e07dfa82,Sumpah seru banget petualangan nya dapet banget mana open world lagi,5,0,2025-01-02 16:36:11,5.3
3a99644f-ea27-49b7-84f1-6ac8ed9f13ad,"Gw rating ulang nih hoyo. Yg bener aja masa akun baru dikasih menang rate of banyak, giliran player lama menang rate of cuma sekali dua kali gak adil bgt nih",4,0,2025-01-02 16:26:39,5.3
3b6d54ed-a43b-4d5f-a369-d7aa9580ac1a,sangat seru,5,0,2025-01-02 16:11:27,5.3
c7f29780-a7c9-4adb-9cf7-01182e426b13,loding lamma bangett😡😠👎,1,0,2025-01-02 15:51:07,5.3
e67c5639-fb58-48f8-b32d-08a2c791e278,I HAVE BEEN SAVING FOR CAPITANO AND ALL I GOT IS HIS DEAD ENDING LIKE BRO WHAT?!!,1,0,2025-01-02 15:49:06,5.3
b94b67e5-a0aa-4292-91af-8287ac0fe932,Ini bug atau bagaimana kemarin saya sudah unduh update sebesar 3 gb dan sekarang tiba tiba di suruh dwnload sebesar 14gb dan sekarang di suruh download sebesar 30 gb ada apa ini saya tidak melakukan apapun padahal seperti hapus cahce atau sebagainya lalu bagaiman aini terjadi,1,0,2025-01-02 15:47:54,5.3
2ea6529a-95c9-440d-a2ec-9b17b721df10,"Sotory nya bikin bosen kasih tombol skip aja ,padahal Open World rpg tapi udah nggak berasa gitu lagi, pazzel receh ada yang susah nggak ngotak minim informasi nggak berasa teka-tekinya cuma bikin gedek doang",5,0,2025-01-02 15:40:55,5.3
8d0773ba-c618-480e-8997-b8389c440c26,"game kikir bangke, tapi seru hehe",5,0,2025-01-02 15:32:32,5.3
c5955b45-1b98-4b2a-ad05-d885accd641a,"Makasih ya atas segala kenangannya walaupun bisa main 1 bulan tapi gpp kok ar 43 lumayan walaupun cuma main sementara ya begitulah hp kentang ga kuat buat update, sekali lagi makasih ya",5,0,2025-01-02 15:28:50,5.3
64f3718a-7777-42a3-ba41-9ba8625f13b0,"Kecewa sama banner wishnya sih,dari awal main sampai sekarang selalu kalah",1,1,2025-01-02 14:31:31,5.3
35f3f611-9e07-4f8e-b605-d78f4bfc6bff,Nahida🥰😋,5,0,2025-01-02 14:03:50,5.3
37fe3236-9d34-4895-9764-14173c052ec3,"game ini ckup menarik dan bgs,karakter ny bgs jg. namun memori saya penuh,jadi terkadang tdk dpt memainkan ny dan hanya bs di mainkan di hp papa saya, jadi tlong untuk memori game nya di kurangkan..",4,0,2025-01-02 13:51:05,5.3
a84f8094-c5cd-46a4-bb6b-b5acd5df4f86,Jangan pelit ya di 5.3 ini,5,0,2025-01-02 13:43:40,5.3
2f49b1ac-f492-46d8-b330-13ed611ca8be,"kok setelah update akunku ilang tiba², nangis bet aku udah cape 😭😭",5,0,2025-01-02 13:39:01,5.3
a21c0363-9dab-4a80-8f19-3178532f1738,"For future updates, many people have complained, especially on cellphones that use the Helio P35 chipset, there are many bugs, such as no text damage, no ES, etc.",1,0,2025-01-02 13:37:24,5.3
4a913d2f-6aaf-4a27-be6a-58e48873a5a9,Wow,5,0,2025-01-02 13:28:04,5.3
d1ab5841-32f9-4999-b916-3d40d5105994,"Plss lah bnrin gw pas mau log in suka muncul ""terlalu banyak percobaan"" pas di tunjukin ke customer service malah ga di tanggepin mulu hamdehh",1,0,2025-01-02 13:10:03,5.3
a4b32e95-3263-4e48-bfce-94d0df024d21,The story sucks Never play again until skip feature added,1,0,2025-01-02 12:58:31,5.3
5b6c0f11-57e3-4f94-936f-8b9cc0c529b7,keren,5,0,2025-01-02 12:44:23,5.3
feec09d1-236f-435b-8acf-d37a7e46d955,Game pelit kikir,1,0,2025-01-02 12:02:16,5.3
c23f8649-5fe8-411f-8f22-c4890cc2a435,"walaupun sedikit kikir, tapi dari desain karakter, story, visual, dan yg lainnya bagus semua",5,0,2025-01-02 11:28:13,5.3
fde455a4-1ecc-47c8-99e4-c39f7ffe0ab6,"Game yang bagus,aku suka ceritanya yang menarik dan itu sebabnya aku kembali bermain game ini",5,0,2025-01-02 11:17:27,5.3
0d573d1c-c709-43bd-b7ca-853d722382d4,i like it,5,0,2025-01-02 10:34:33,5.3
7b623c09-43c8-4713-b14c-5776b83db635,"Tolong, kalau buat character itu ingat player nya, karna saya lihat terlalu banyak character cewek , saya sebagai player cewe minta dibanyakin character cowoknya,lama kelamaan saya jadi pensi dan malas main lagi :( seperti archon yang kebanyakan ceweknya yang cowok hanya zhongli dan venti, venti pun terlihat seperti cewe _- tolong ya hoyovers di mengerti perasaan player ceweknya 🤝",5,0,2025-01-02 10:28:59,5.3
2145857a-fab2-4908-bd0f-8c3b3cbc349a,"Nih game minusnya cuma 1, nggak bisa pakai controller. Sisanya aman, klu dah bisa pakai controller saya kasih bintang 5.",3,0,2025-01-02 10:22:33,5.3
cfbd3a0c-9c2c-4175-a2d8-56240665444b,This game so fun!,5,0,2025-01-02 10:02:37,5.3
717c4689-8d39-45f2-9c76-8fd91a1243c7,"B2 Karena JD jenuh bahkan pengen uninstall gi karena dpt arte kudu hoki""an Mulu,dpt arte GK sesuai yg di inginkan selalu dpt hp deff melulu sedangkan spiral,theater,boss"" mkn sulit di lawan, tiap bulan emg ganti banner 2 kali cmn yg JD masalahnya up karakter terlalu sulit makin hari makin byk karakter yg baru sdngkan karakter yg lama maupun yg baru di dapat blm di up secara maksimal tolong utk arte tidak usah harus hoki""an atau gacha""an",2,0,2025-01-02 10:01:29,5.3
aa8eb5f2-3161-4bec-9a57-5964ead5e70f,"Terlalu susah untuk dapetin artifact yang bagus, terus gacha karakter juga makin busuk",2,0,2025-01-02 09:52:15,5.3
f59c2bc5-0955-422c-ad3e-334b0b1312af,Loading nya lamaa banget game burik jelek,1,0,2025-01-02 09:42:44,5.3
f9e6d98a-b62c-4b06-9071-83987e49ebd9,Bagus baget grafik nya juga bagus,5,0,2025-01-02 09:00:59,5.3
0e8dc383-65df-4196-acbe-e439c5445323,Gem nya bagus seru dan grafik nya juga bagus tapi kelalamaan misinya jadi susah trs jalan nya jauh banget,4,1,2025-01-02 08:55:41,5.3
74cd2fb5-eca6-47cf-b3ae-2534d6ed5968,beberapa character dalam dub en tidak memiliki suara,1,0,2025-01-02 08:12:46,5.3
b25403dc-7158-4025-a1f2-5670027b38cb,"Jelaskan kepada saya kenapa capitano harus mati,dan tidak playable?padahal banyak orang yang sedang menunggh character itu playable,sekarang dengan tidak playablenya capitano banyak orang-orang menguninstall Genshin Impact,saya kecewa,masukan dari kami tidak pernah anda dengarkan",2,1,2025-01-02 08:12:02,5.3
ede5c596-53a8-489a-9995-9401c777d7eb,"Dev. Gimana si,kok saya harus download data 5GB lebih,padahal saya sudah pra-unduh,2.4 GB lbh,update 200mb lbh,mlh tdi naik lgi jdi 7gb lebih... Apa ada kesalahan,atau bug... Terima kasih.",5,0,2025-01-02 08:07:50,5.3
22346fe8-cd76-41dd-b89d-dff310420481,"Makasih dapet hu tao, eh skinnya juga muncul yeyyy seneng banget terima kasih banyak!",5,0,2025-01-02 08:00:37,5.3
2386f711-085a-491b-af4d-b12d3f9a7301,Seru Itu aja sih,4,0,2025-01-02 07:38:33,5.3
aa2afac5-9721-453f-a63c-27c27bd81747,"semuanya bagus, cuma bintang saya empat kan karena kurang nya bansos",4,0,2025-01-02 07:15:02,5.3
a82aa46a-0d15-4663-a592-f6a7b5d2636f,"Semuanya udh bagus, ngga ada bug, kenapa update yang awalnya 2 GB malah jadi 14 GB, 🗿",5,47,2025-01-02 07:06:18,5.3
2a24ff97-07a6-4a2d-93ad-5483d688104e,"plis lah di kasi fitur skip dialog kek biar para player senang bisa menyelesaikan quest dengan cepat ketimbang kita para player kecapean taptap di mouse atau di layar hp, oh iya satu lagi STORY GENSHIN BAGI SAYA BIASA SAJA YANG MENARIK HANYA BEBERAPA, INI ALASAN SAYA MEMBERI ULASAN INI!!!",4,0,2025-01-02 06:42:47,5.3
b30490a4-1215-4eae-9d83-59da2bdc8927,"Game ini bagus tapi tolong lah hoyo masa aku ngegacha banner dapet 2 kali beruntun hard pity, tolong sekali kali kasih soft pity buat dapet citlali di banner ini lahhh 😭",4,0,2025-01-02 06:32:02,5.3
9c5a5239-0709-4299-a5c5-981d3d688bd5,Terimakasih atas kerja kerasmu,5,3,2025-01-02 06:31:13,5.3
e4c0a9e7-357f-42ca-ba4d-d3f1edd2999f,"Ini game bagus sih grafiknya bagus banget yang suka eksplor bagus nih apa lagi kalo kamu tipe tenang aja tapi yah ada lawannya juga siihh tapi gpp lah, minusnya mbnya gede😭😭",5,0,2025-01-02 06:26:25,5.3
ca469a78-0b24-4ff3-92fe-4eddccff2168,Gacha ampas smua...,2,0,2025-01-02 06:08:06,5.3
c02fce74-92a2-40e0-be9b-10d6c858da2f,"storie kebanyakan yapping, bikin ngantuk. mending main Wuwa cik😹",3,0,2025-01-02 05:52:48,5.3
ceb72677-1950-45e7-b967-3dd88ec79cc6,Capitano mati.,1,0,2025-01-02 05:51:47,5.3
51e84bc0-5787-41f3-a72d-74e034d8f488,mantap,5,0,2025-01-02 05:51:14,5.3
3858cd93-b47a-44eb-bfa4-f5c1f58f58b1,"Kikir impact giliran gw maen niat sama maen welkin dpt hard pity truss , temen gw yg baru balik nge pull mavuika malah dapet nya gampang dpt c1 sama signature + citlali sign juga emang pada dasarnya kikir najia disuruh kerja rodi mlu gw mending gw pensi dari dlu dah lah pindah game aja gw kesebelah lebih baik byee (ABSOLUTE CINEMA)",1,0,2025-01-02 04:18:48,5.3
d116160d-03b7-4122-9cef-c638eb797e35,nice,5,0,2025-01-02 03:46:44,5.3
589acda1-2a66-4521-a21e-8397f9ff2969,HAPPY NEW YEAR!!! LOVE YOU ALL 💓💓💓💓💓💓💓💓💓💓💓💓💓💓💓💓💓💓💓💓💓💓💓💓💓💓💓💓💓🎉🎉🎉🎉🎉🎉🎉🎉🎉🎉🎉🎉🎉🎉✨✨✨✨✨✨✨✨✨✨✨✨✨✨🍡🍕🍿🍨🐱🎶🍜🍥🥂🎊🎂❄️⛄ Boo!! Hehe :3,5,3,2025-01-02 02:38:36,5.3
ef8e6207-98ab-429e-a5aa-73f2370e4e7a,Pelit karakter cowo,1,0,2025-01-02 02:29:00,5.3
6ee14425-f6a4-4488-bc41-69ca95fc6fdd,Sucks,2,0,2025-01-02 01:57:10,5.3
14933a48-1376-4300-a36a-151c2c74dc23,Untuk game udah bagus. Kenapa pas update selalu saja eror padahal udah pake wifi buat download:).,1,0,2025-01-02 01:54:56,5.3
687c4e37-e1f4-421b-8634-3904e82c0367,game pelit,1,0,2025-01-02 01:41:27,5.3
ffe7c6ef-6364-412f-951c-85780b46ea3e,Game kebanyakan loading benci cehhh -_-,1,0,2025-01-02 00:57:10,5.3
6a84c310-e42f-4a06-a6ec-bfaa3b32a169,Hoyoverse baik semoga citali gw pulang,5,0,2025-01-02 00:56:16,5.3
2446f14e-aebd-41ad-906d-52da1dbf0006,Last story emang absolute cinema,5,0,2025-01-02 00:46:57,5.3
b0be5389-594a-49b5-acfe-aacd3f1f58ee,Sejauh ini masih newbie ntar liat aja,5,0,2025-01-02 00:27:04,5.3
46d086a0-58b6-411f-82e0-fffd30ee1af0,game kikir,1,0,2025-01-02 00:24:04,5.3
96ecd244-1984-4a39-b7c3-7f282f283e1b,skor antutu standar 500K minimal 420K maksimal 1M,5,0,2025-01-02 00:02:24,5.3
59dbe23f-fefb-451e-97ae-feffa08df2b7,Terlalu banyak update tidak jelas setiap beberapa hari sekali dan ukuran download pun bervariasi dari 2GB sampai 14GB padahal sudah download full data,1,0,2025-01-02 00:02:08,5.3
8c637f98-ecbd-4b48-bde9-14dd4d2b2ccc,"BANYAKIN KARAKTER COWOOOO PLSSSS, GUE JUGA MAU CUCI MATAAA, MASA IYA KARAKTER CEWE SEGUNUNG TAPI KARAKTER COWO CUMA SEUPRIT??? SHIBALLL SEIKYAAAAA",1,0,2025-01-01 23:57:31,5.3
1d89b51d-f558-448d-8ea4-b0b4b535f7b1,Game kikir sistem gacha nya kikir juga,1,0,2025-01-01 23:54:11,5.3
9351f190-21c2-4d4d-9a11-12fc6db8fc74,Good game,5,0,2025-01-01 23:22:52,5.3
7b41d871-444a-4ba1-afa0-9d7c57861218,game rpg open world terbaik yang pernah ada..sukses trus genshin impact & hoyoverse,5,0,2025-01-01 22:45:52,5.3
792d927a-5a8f-4a3d-b5d6-8184b013b7dd,Bisa di jelaskan kenapa update kali ini saya download data nya 16 gb kok temen saya cuma 4 gb aja,1,0,2025-01-01 22:41:03,5.3
c72fdba9-6b10-4fce-8762-c7ba31ba4a85,"Game pelit update kayak anjing, gacha anak haram mahal",1,0,2025-01-01 22:28:02,5.3
7a5986ae-130c-4c9c-9920-b21ed76cca8e,Charnya yapping mlu bikin ngantuk,3,0,2025-01-01 22:25:15,5.3
13e717ce-79fd-4186-9038-e4bba9302b8f,"gwa salut sama mihoyo, improvisasi game nya makin kesini makin oke walau sistem gacha pelit tapi menurut saya isokei karena kita sebagai Player akan aktif jalankan misi dan eksplorasi game agar dapat game. experience saya walau baru bermain satu tahun lebih terkait game ini sungguh mengesankan. Game ini adalah game Adventure yang sangat bagus di device hp menurut saya untuk genre Fantasy joss pkoknya",5,0,2025-01-01 22:01:26,5.3
c75ca766-bb36-4f54-953b-2c32a2f77bb6,"untuk semuanya sih dh bagus yaa cuman saran saya untuk developer kedepannya mungkin bisa ditambahkan fitur untuk mengatur tombol agar bisa di ubah sesuai keinginan, soalnya menurut saya tombol bawaanya kekecilan jadi kalo mau mencet tombol kadang ga kepencet.",5,6,2025-01-01 22:00:56,5.3
a7be68fc-55e0-481b-830e-d486c64b132e,WHY DID YOU KILL MY CAPITANO?!!!!!!,1,0,2025-01-01 21:59:43,5.3
44c45868-bf62-4064-b6fa-c2f91b3d6902,bring capitano back please,5,0,2025-01-01 21:55:44,5.3
ede3b24f-9437-4e50-8c60-ee5005f415c2,bagus,5,0,2025-01-01 21:26:30,5.3
4ee957e9-69b5-47de-882d-0b4d3614da57,"Pra-unduh 12gb.pas mau masuk update 100an mb.masuk game pun ""sedang menyiapkan update versi terbaru"" Game rusak! Berapa kali yg dibutuhin buat update woyyy Semoga anak keturunan para admin menderita seumur hidup",1,1,2025-01-01 21:08:46,5.3
33309f54-eb1b-41fa-8932-38b8e55605c8,"Player bukan cuma yg punya pc doang bangke... Pke hp bentar"" Dc bentar"" Dc.....",1,0,2025-01-01 21:08:17,5.3
fc509a26-48e8-49bd-8ec7-0433bd88c50a,Sangat benci spiral 5.2 mohon pertimbangan kembali setiap monster yang ada di lantai 12,1,3,2025-01-01 21:05:30,5.3
c9c379de-cfbd-435d-90e5-ae0ceb4961bf,Wahai hoyover yang baik hati kasih lah Primoge 100 gratis setiap hari kami sangat susah untuk mendapatkan jadi hargai lah perasaan kami 🫶🥰,5,0,2025-01-01 21:04:04,5.3
2e266606-86ae-4f2b-bacb-21dc653eb567,b4 karna gada rumput,4,0,2025-01-01 20:41:32,5.3
3cb798b1-4464-4d6b-b700-4e8cb65b8fb2,"I found a bug about mavuika, if i change a character in my friend world, mavuika will already ride her Motorcycle and not use her nightsoul, so basically infinity Motorcycle",5,0,2025-01-01 20:41:12,5.3
c6502257-66d6-4365-a1d8-e172ea9db522,Di apdetan kali ini tidak ada yang mengejutkan,1,1,2025-01-01 20:40:20,5.3
50ea962f-d991-448f-9233-c88c8b7dc786,mau change email kek mau pindah negara susahnya hadeh,1,0,2025-01-01 20:38:42,5.3
d05628cd-bda2-47c1-ae8c-c0ae0af157a2,Never win 50/50 banner event is suck,1,0,2025-01-01 20:35:23,5.3
e99d3a85-61d8-4827-a783-53ab5b786219,Boyow,5,0,2025-01-01 20:10:31,5.3
d3ed9cad-e421-4394-b877-7c8a667e90f9,"Game konyol, rate banner g ngotak, sdh kalah rate off terus di hard pity lagi.",1,0,2025-01-01 20:05:48,5.3
40dc20b2-6760-400a-9884-0d9ba95cef02,"Galanya sangat bagus dan menarik, cuman tambah bagus lagi adain mic di dalam gama mungkin lebih seru untuk mengobrol",5,0,2025-01-01 19:40:49,5.3
75ab1b03-4d49-41a1-bad5-065b865ffc29,"Kecewa dengan Devs dan Natlan karakter yg hampir semua cewe2 baju aneh, ai main buat cari Husbu dan sekarang mulai pertimbangan quit setelah Capitano mokad di 5.3 AQ",1,0,2025-01-01 19:32:50,5.3
0685c465-d675-4f94-9d45-d19c73a7b548,"Gamenya bagus cuman gw males di bagian gachanya aja yg sangat susah untuk mendapatkan karakter utama. Dan juga hadiah untuk mendapatkan primogem sangat susah. Kayak ada misi membunuh monster trs dpt hadiah 60 primogem dan monsternya sangat susah untuk di kalahkan, dan ingin naikin karakter tapi sistem gachanya haram.",4,1,2025-01-01 19:31:17,5.3
7045a6f6-db33-4ad1-85b4-b5a21856f3cf,Seru game nya saya suka,5,0,2025-01-01 19:30:33,5.3
bf0fa6c5-bd5f-45fb-a885-e6b100a921d5,"Ini bercanda kan kenapa saya habis download 7gb kenapa ngulang jadi 15gb emang updatenya sebesar itu atau ngulang, saya sudah berapa kali kaya gini, jadi males kalo bug gini",1,5,2025-01-01 19:19:13,5.3
23901d85-4bd8-49b6-a4bb-0c0f70101619,Thank you for giving me Mavuika. I hope my luck wish lasting at upcoming Chronicled Wish!,5,0,2025-01-01 19:02:45,5.3
0a2423f7-f153-4b9b-84f5-2d6f9285705a,Kreatif,5,0,2025-01-01 18:40:54,5.3
a815f35f-77c4-44ff-b256-5fcabe7577e9,CAPITANO WILL LIVE!!!,1,0,2025-01-01 18:38:18,5.3
fa5cbbe3-9956-4a01-b688-81b06226cba5,Woi hoyo tambahin fitur untuk stik ps 3 buat Android,5,0,2025-01-01 18:25:19,5.3
57760ec8-bb61-47b2-a56e-fa9f75cbb2ae,Tambah kan Tombol SKIP GAME KIKIR,1,0,2025-01-01 18:14:37,5.3
f2876c5e-7de0-4b18-b7bc-a21beadd0afa,Gamenya bagus storynya juga bagus 🖐️😐🤚,5,0,2025-01-01 18:05:39,5.3
9be48d3b-6ac3-49ff-b4fb-9cbfa1f0506a,Baaaaguuuus its greats,5,0,2025-01-01 17:53:31,5.3
4061e297-23e3-4068-a5c0-4b35d33fa6bf,Character kesayanganku mokad :'3,1,0,2025-01-01 17:45:05,5.3
8a072505-79b3-412a-b031-4ca65374d7d8,Donwload nya lama banget 30 gb ;),2,0,2025-01-01 17:42:10,5.3
dfa4ccd9-9dc7-4317-9b67-ddfbd961cb47,Kapan genshin impact android bisa gamepade,1,0,2025-01-01 17:24:42,5.3
73f20164-ddc6-47fc-965f-d83f971c87a0,"Kikir impek, dh kikir donlot data e kali error terus, pas ekstraksi data 3 gagal terus, tidak ramah bintang 1",1,0,2025-01-01 17:22:15,5.3
9631d0c1-fae2-4590-b3ec-956685f37899,"Patch kali ini best banget, ya walaupun ga f2p friendly wkwk, tapi ada mavuika, citlali, trus rhythm event juga jadi permanen, bakal ada lantern rite juga nanti, beuh sangat di nanti nanti",5,0,2025-01-01 16:56:41,5.3
23d0bd09-a299-4f7e-9130-eea6b16ce428,Oi hoyo akun gua kenapa hilang setelah update hah?,1,0,2025-01-01 16:41:08,5.3
26e302e5-4c81-4738-b0c6-c616ae2413dc,orng klau mw buat mode ritme yg niat dkit taeee😡😡😡😡🤬🤬🤬🤬🤬🤬💩💩💩💩💩,1,0,2025-01-01 16:38:25,5.3
b50eb4e9-1546-4538-b38e-633b9c208a66,"Game ini keren banget, mulai dari story, character dan aspek di dalamnya keren maksimal",5,2,2025-01-01 16:32:06,5.3
60acc80b-9a91-4e5b-95b5-2670268d27c1,"jelek, ini game pelit amat dah gua sudah keluar uang banyak malah gak dapat b5 nya",1,0,2025-01-01 16:29:23,5.3
ce678d2d-9ff2-4dc9-9272-4ba5b6534a85,Bagus 🤩,5,0,2025-01-01 16:28:10,5.3
ca0decea-35a8-46c6-b545-928d003de397,"Pls download genshin cuma buat cari husbu/waifu malah keterusan sampe 2 tahun💓,maap baru rating😭",5,0,2025-01-01 16:27:31,5.3
b0569161-075f-47e1-9df2-a32833127faf,Game yang sangat seru dengan petualangan nya yang menarik grafis bagus cocok untuk game anime 1,5,1,2025-01-01 16:21:13,5.3
08eddd43-e911-4d29-a79f-5620e182ee3b,Seru banget tapi hp ku masih kentang mau main yang cloud tapi berbayar 🥲,5,0,2025-01-01 16:12:15,5.3
8dff5524-2f6d-4a06-b5ca-dd9c35a5a7c3,"Sebenernya gk ada genshin killer,genshin killer,yg bakal bvnvh ni game ya dari pengembang game nya sendiri,beberapa fitur kek""game pad,custom hud""di lock (mungkin dijual ke perusahaan-perusahaan device²tertentu) jadi buat yg main nih game pake device yg gahar sekalipun,kalo perusahaan pengembang device nya kagak beli sistem nih game kikir,gk bakal support,gk kek game sebelah,baru jalan beberapa patch tapi fitur dah bejibun,dah makin berkembang GK kek game kikir nih,yg dah jalan 4th+...",1,0,2025-01-01 16:08:31,5.3
1fc39105-7ce5-4ed5-8e39-a767ef9e79a3,Dialog skip,1,0,2025-01-01 15:48:39,5.3
77a7d06f-7d39-448c-8c01-601241dc8c81,"Sebagai pemain GI yang terbilang baru, cukup mengecewakan melihat bagaimana keluhan dan masukan dari banyak orang terus diabaikan. Natlan, yang seharusnya menjadi region yang epik, malah menjadi bobrok. Ditambah lagi, karakter seperti Citlali yang awalnya bagus malah dibuat menjadi waifubait (for incels huh?). Jumlah karakter laki-laki B5/B4 yang amat dikit, sangat jomplang dengan karakter perempuannya. Oh ya, tolong lebih adil juga pada Travaler (tidak pilih kasih), daripada player pada pergi.",1,0,2025-01-01 15:42:24,5.3
e5bbaba9-75cc-410a-814f-23b03a7ffad4,Kikir sekali lagi paaaahaaaam Dan plagiaaaat zelda botw genshin gaaaak realistis mendingab zeldaaaa,5,0,2025-01-01 15:37:30,5.3
968b2822-5a3b-41d5-9512-f9190486635f,Game dengan story dan gameplay terbaik yg pernah sy mainkan d Android.,5,0,2025-01-01 15:32:57,5.3
c2d22049-8a13-41dc-aff4-d7b9b7a5d331,"Buat hoyo,saya punya satu permintaan tolong bikinkan pengaturan tukar MC Game Genshin Impact nya dong saya salah milih MC nya. Yang tadinya mau milih kakaknya malah milih adiknya.",4,0,2025-01-01 15:07:55,5.3
9af18312-b3b7-4f2d-ba0c-4ca2d7435f22,"Terlalu banyak karakter yg bajunya ga senonoh, apalagi karakter natlan, karakter cowo makin dikit. Region dgn konsep yg ga jelas. Interaksi antar karakter kurang.",1,0,2025-01-01 14:53:40,5.3
e6242e1f-61f2-4c0c-b8aa-55273c02f4d4,bagus,5,0,2025-01-01 14:51:47,5.3
9c3e31e8-9718-44dc-9021-e641b35c1d79,"sangat bagus tapi, IDUPIN CAPITANO GAKK??!, KENAPA COWO SEGENTLEMEN ITU DI MATIIN, IDUPIN YOOO, AUAH 1 JANUARI EEK",5,0,2025-01-01 14:32:42,5.3
b78c2492-d6b5-48aa-aabb-006600e674b1,ni game mau di complain gmn pun juga gabakal pernah di dengerin wkwk,1,0,2025-01-01 14:30:21,5.3
06626011-8b0d-4211-b4df-9ed2121db3a8,Game nya bagus banget sih tapi untuk data game lumayan berat dan kalo pas main kadang patah patah trus gacha juga masih pelit banget,3,0,2025-01-01 14:24:19,5.3
ac6a3dc6-6348-46fa-b7a8-43e195997deb,Grafik nya bagus tapi plis kurangin mb nya 🗿🗿🗿🙏🙏🙏,5,0,2025-01-01 14:20:03,5.3
384274cb-eff7-4502-b2d8-0adcfb090ec1,"Maaf kecewa capitano mati, dan i hate mavuika. Thx natlan, u're so boring and PUQIMAY.",1,0,2025-01-01 14:07:23,5.3
85b24257-6cfa-4d79-b9f9-e8517d6f15c6,kontom,1,0,2025-01-01 14:01:36,5.3
76afde0b-813c-4fbf-ae10-4dfb50ec4031,"BEST GAME EVER FR, meskipun memo nya kepake banyak tapi totally worth it.",5,0,2025-01-01 13:59:07,5.3
e25cdf2c-a6b1-4837-a874-a5be4dbbf89b,"Game kebanyakan ngunduh,",4,12,2025-01-01 13:52:09,5.3
eabffd04-0d0e-4d2c-8cea-b409751c7f1c,Sudah download pra download 2 GB lebih eh malah suruh download 3 GB lagi gimana sih tolong di perbaiki hal seperti itu merugikan habisi paket data aja,2,0,2025-01-01 13:44:46,5.3
300d0a91-2ae2-4068-9589-55ae27f5fddb,"Archon kok naik motor heran gw, ayolah developer jan melulu karaktet baru mulu yg di fikirin kenapa ga karakter jadul"" itu di buff biar kepake di spyral sekarang. karakter"" yg jadul juga waifunya banyak perasaan, minimal traveler jan di jadi in NPC",2,1,2025-01-01 13:42:16,5.3
13e468d6-e8bb-46f8-911b-3b606d157820,Gamenya sangat seru dari story sama explore bagus semua,5,0,2025-01-01 13:05:36,5.3
4782dde3-708e-4c0e-a901-34d2804e6535,"Udah pelit ,material sulit,gada system reset lvl atau weapon .layak B1",1,1,2025-01-01 13:01:20,5.3
40df0ac0-356f-45f1-a214-fd1bea746073,"Develover terlalu tamak, 2 char baru di phase yg sama, dan tidak mau mendengarkan para tabibito lain yang free to play😡",1,0,2025-01-01 12:54:18,5.3
498a3855-9a5d-4198-b83c-3cf79c399d5d,"oi kalau bikin game tuh jangan yg loadingnya lama veve, tiap update kasih update yg ga kira"" mana loginnya lama lagii ngabisin berjam jam cuma buat login",1,0,2025-01-01 12:53:22,5.3
f629560c-35ec-4cc9-8f33-cbc092f69c21,"Habisin duit doank ini game, saya sudah banyak top up tapi ngak dapat "" Char b5, saya memutuskan untuk berhenti saja lah main game ini, saya juga sudah bosan di beri harapan palsu terus",2,0,2025-01-01 12:21:46,5.3
4100d4b2-b1ae-4184-af8f-c5b4651fa2cb,Kerja bagus..,5,0,2025-01-01 12:12:28,5.3
6ef1e962-cb2f-4cb3-ac43-5fdc0fe399eb,"amazing game, wonderful",5,0,2025-01-01 12:10:52,5.3
6a3c5852-2bba-4b7b-b04e-f02275ebe4ca,Tolong buat developer hoyovers untuk update selanjutnya kasih support gampad dong kaya honkai strail,5,0,2025-01-01 12:06:54,5.3
9f55bc24-d764-43fc-ad95-60702081c830,Game yg sangat sangat bagus gamr mmorpg terbaik😁,5,0,2025-01-01 12:04:36,5.3
4f7adda5-fab4-4a41-b18f-6f861de839c2,"aku mau login gak bisa, muncul text ""terlalu banyak permintaan"" udah di coba ganti sandi tetep, kesel jadinya.",3,0,2025-01-01 12:02:27,5.3
edb37dd8-6bb7-44c3-86f8-13b1ccb54fbd,Udah download lama malah ngulang pas update terbaru versi sekarang,1,0,2025-01-01 11:59:20,5.3
be7a32f1-10cf-48a7-b916-431b789dcfa8,Sisanya sudah bagus tinggal tambahin fitur skip dialog aja biar nggak ngantuk 😑😑,4,0,2025-01-01 11:54:18,5.3
5875338f-7445-454f-9f26-c6d540c57294,👍,5,0,2025-01-01 11:52:43,5.3
b78e20fe-4407-4417-a8a0-e7cc062efcaf,"ceritanya bagus, design dunia nya juga bagus terinspirasi dari dunia nyata, design karakter nya juga bagus tapi fan service nya tolong lebih dikurangi",5,0,2025-01-01 11:45:48,5.3
ae638520-f6ee-42eb-9b30-cc95d8e1bfe4,"2024 gapernah menang rate off, cuma dikasih soft pity 2x, sisanya hard pity (pity 50 keatas) KIKIR",1,0,2025-01-01 11:45:36,5.3
6b505da8-f9e2-4f8f-9591-9359f83d18b2,"build character susah minta ampun, farm artefak dengan resin terbatas setahun kali baru bisa dapet set yang bagus, ini game emang buat yang cuman punya uang banyak sih kalo mau OP, gacha karakter juga mahal hadiah even dan primo dikit banget di banding jumlah gacha buat dapet b5 dan senjatanya, sekali2 + karakter playable yang berotot kaya day thunder sakit mata liat karakter kurus, sistem gacha senjata gila sih nggak pake poin takdir ngapa, pantes sih di sebut game kikir",2,1,2025-01-01 11:43:18,5.3
23785f4e-b0ad-471d-8716-28d1767cfa19,Minimal ada pitur skip percakapan gak sih,4,0,2025-01-01 11:39:14,5.3
00dcab45-c366-43dd-9082-111c6216a272,Kerenn game favorit ku,5,0,2025-01-01 11:36:58,5.3
27415f28-4a2a-4c00-aa97-3a5b492477d8,Event musik barunya bagus,5,0,2025-01-01 11:33:47,5.3
3b4f7ae1-e09c-42ee-a69f-33e0e1030fb3,Game nya agak berat tapi nggak mbosenin map nya luas bgt jadi g bosenin,5,0,2025-01-01 11:32:06,5.3
6a7e4f6d-dbbf-4c39-96cc-5acc7c540090,gdpt mavuika krg ajr.,1,0,2025-01-01 11:21:26,5.3
c610a790-5f46-46f6-90ec-a870ef8abff4,makasih paimon,5,0,2025-01-01 11:21:20,5.3
3c6914d7-a883-485b-bae8-eb767e56b07a,"Game nya bagus bngt! recommended! kalian jgn percaya sama orang yang ngasih rating bintang 1 guys, ini player nya emang pada kurang bersyukur aja.",5,0,2025-01-01 11:20:41,5.3
e37c4852-7e1b-440b-baca-9a428f4ac620,"GAPERNAH SOFT PITY, SENGSARA GW",2,0,2025-01-01 11:14:16,5.3
0557df6c-9e1e-4fc1-8777-4adc55224ede,mantap hpku kuat rata kanan,5,0,2025-01-01 11:11:39,5.3
4c337c48-6a31-48db-832d-3d48248b2d7e,Adain fitur skip plisss,1,0,2025-01-01 11:01:52,5.3
59bcbd18-11f5-4129-a6e9-73cf7f22985b,"Kasih boss yang ngotak lah, susah jadinya buat full star di mana genshin yang dulu, enak genshin yang dulu daripada sekarang",1,17,2025-01-01 11:00:19,5.3
e323a934-47e5-42d5-a9ed-d0687834741d,"Bug di loading screen gabisa masuk, jadi harus unduh data ulang lagi gimana sih tolong ini meresahkan udah 30 GB😡😡",1,0,2025-01-01 10:54:32,5.3
aec892ba-82ba-4e07-87f2-5f4b212289fd,Mavuika pulang hasil klh rate off+hard pity Sign ny klh rate off juga jingan game asu,1,0,2025-01-01 10:45:09,5.3
be66c90f-c68a-419e-8ab0-1e770cfaeab4,Genshin G nya Guontol,2,0,2025-01-01 10:43:30,5.3
660284b1-1054-4857-ac26-47ef2e39c7a7,🥳🥳🥳,5,0,2025-01-01 10:39:42,5.3
7c0cd719-8ae8-4a77-9a62-16bcc604675b,Bagus bagus aja,5,0,2025-01-01 10:30:20,5.3
023c2819-fe87-424c-9336-8a1189a5263a,Kikir impact,5,0,2025-01-01 10:29:02,5.3
3fc7e9ff-621f-4b44-ae16-3df788e8e84a,bgus,5,0,2025-01-01 10:28:54,5.3
855baee7-4055-4447-b376-a8697e81db8a,Thank you,1,0,2025-01-01 10:27:35,5.3
72cbcb55-131f-4e29-bfdc-b5f57c9a8f42,"Makasih banyak game baik, semoga makin seru game nya, makin rame playernya, hehe",5,0,2025-01-01 10:24:54,5.3
af26b6c6-a083-4c99-b0b9-cc910ce95505,solusi susah tidur wkwk,5,0,2025-01-01 10:20:23,5.3
afd32a94-c339-4720-a7a9-0f3f2511f8df,Ok developer aku mau gacha mavuika kasih aku dapat minimal 40 kali spin amin,5,0,2025-01-01 10:18:40,5.3
4d45cad6-44e5-4c71-8be0-5f2e228cf879,"Menurut saya pribadi, game nya sangat bagus baik dari segi map, grafik, desain karakter, story dan gameplay👍. Event yang di sampaikan juga menarik² dan di sajikan dengan tampilan yang berbeda² sehingga para pemain tidak bosan dengan game nya🤔. Hanya saja jika hp player sudah mulai overheat, gameplay nya akan mulai slow response, low loading, dan jika kita terlalu cepat explore tempat tanpa menggunakan teleport map nya mulai mengalami bug😅.",5,127,2025-01-01 10:17:47,5.3
8e723790-44a3-41e6-8fdc-e36f322e2934,"game bagus, ceritanya keren",1,0,2025-01-01 10:13:47,5.3
7d5b63b7-0bc0-44c2-a454-6557b75e3823,Masterpiece,5,0,2025-01-01 10:13:30,5.3
aaf9805d-ed8f-467d-82e4-86b989d7c9e1,Nice,5,0,2025-01-01 10:11:38,5.3
ef6f9bb7-7e1d-4ba1-acd0-48f59d791b9b,Aku mau mavuika plis,5,0,2025-01-01 10:08:55,5.3
f3373d88-2637-446f-b69c-e4611a26f9b7,gua suka,5,0,2025-01-01 10:07:02,5.3
38da0508-8c72-4e3a-bdcf-45518d224fa8,best,5,0,2025-01-01 10:00:24,5.3
46beff22-8a8d-4a83-a510-ac4f54caddee,Loading pas shadernya lelet,1,0,2025-01-01 09:46:42,5.3
9bdb1cbd-021f-453d-a115-e1c9db39c0b6,Plis lahhh wriothesley sama nilou keluarin lagiii !. Selebihnya udh baguss. Dari segi grafik sama animasi nya udh oke. Kalo bisa pas bicara sama NPC kasih suara pas dialog nya biar ga diem aja🙂‍↕️🙂‍↕️,4,2,2025-01-01 09:44:43,5.3
158f7cbd-28b5-4f75-a985-f52c9efece38,"sugoii, game yg mempesona hehe.. tp kurang royal hadiah nya",5,0,2025-01-01 09:39:29,5.3
1aa6f157-8678-4438-8bf5-e98109d303bc,Mantap,5,0,2025-01-01 09:35:46,5.3
556bcd53-c966-40b8-8d08-7cfc351a8512,"setiap ngerjain story archon pasti mau tidur karena sengantuk itu, enakan ngerjain world quest. buat sistem gatcha plis gk usah pkek pity2an lah cpek bnget ngumpulin primonya masa fix dpet harus di 160gatcha😭",5,0,2025-01-01 09:30:29,5.3
fff8344f-0d68-4203-bade-49e04056bdf9,"So epic So nicee mihoyo👍,",5,0,2025-01-01 09:29:44,5.3
1797456e-055e-4497-ac28-68d2c6a70bab,Saya butuh bansos,1,0,2025-01-01 09:22:29,5.3
357f9233-5985-4d8e-b980-9ee5f2aeb0c0,Game nya keren Kalo udah AR naik persentase dapat karakter bintang 5 juga naik dong. Kasian yang udah AR tinggi tapi masih pake karakter jelek,5,0,2025-01-01 09:21:56,5.3
7f93d159-5152-486f-b9c0-9c52257980f1,Bagus,5,0,2025-01-01 09:20:22,5.3
2c65c531-02de-494a-9a7a-c2edd346a589,bagus,1,0,2025-01-01 09:19:20,5.3
b1ec2dcb-b986-4349-b2ab-032bdd6f4ee8,tidak perlu penilaian intinya game ini bagus,5,0,2025-01-01 09:17:41,5.3
92681f34-0c10-457d-aed6-529b4569ac7a,gamenya bagus cuma kikir dikit 🤏😊 tapi sekarang udah mendingan kokk🥰🥰🥰,5,0,2025-01-01 09:09:51,5.3
efcb7d9f-b612-43bc-b4eb-fd722c067ef4,👍👍👍👍,5,0,2025-01-01 09:01:34,5.3
41ecad87-d58a-4a07-ae15-e207138dcd77,Perbanyak lagi dong sumber penghasilan Primo untuk Traveler yang udah end game,4,0,2025-01-01 08:56:40,5.3
852ddca4-34e5-41ce-8fea-cf2e5f9fe861,"Udh download data in game 22gb gw tungguin dari tengah malem ampe pagi, eh taunya ada update dan harus update 20gb lg. Kocak kocak",1,0,2025-01-01 08:56:04,5.3
a146e8c4-4b06-4c45-be84-f1b33997cbd3,Terbaik,5,0,2025-01-01 08:47:22,5.3
26f8145a-52ce-4bf2-8bc1-b4bd1614212b,Udah tiga hari ping gak mau stabil padahal biasanya gakpapa. Ini masalahnya apa?,5,0,2025-01-01 08:47:00,5.3
8eff3b93-23da-4dfe-a87a-16a4d8332244,Bgaus,5,0,2025-01-01 08:44:25,5.3
834b1e1a-b891-4a88-beff-25e013e35981,bagus anjrrrr,5,0,2025-01-01 08:38:25,5.3
041d612d-efb3-40a4-a1af-d13075de2ae7,"Bagus, tapi kikir. Sekian terima kasih 🗿👍",3,0,2025-01-01 08:19:29,5.3
fbd0508d-3e79-486c-a23a-59dadda24784,Makin lama makin pelit nih game... susah bgt gacha B5 percakapannya jg trlalu bertele-tele.. bkin jenuh gk ada skip percakapannya,1,0,2025-01-01 08:14:47,5.3
02053c57-77dc-4be1-87ce-3dcd4bebc192,Saya sudah pra unduh untuk update versi 5.3 tapi kenapa harus donlod lagi mohon di perbaiki saya sudah keluar kuota banyak,1,0,2025-01-01 08:11:24,5.3
d283e9dd-f243-47e5-8bab-c94967c253a6,Kikir impact adalah jokes yang ironi 🤣🤣🤣 Edit: Mau gacha Mavuika weh. Tolong maintenance dipercepat 5 menit ae 😭😭😭,5,0,2025-01-01 08:09:42,5.3
4d5eebb7-3494-4323-9827-82039bb29f87,Kasih menang rate off Lah,5,0,2025-01-01 08:06:06,5.3
6c36098d-67bc-4706-b98b-6637152de205,Masih butuh sesuatu yang menyegarkan🔥,5,0,2025-01-01 08:03:41,5.3
e8e522e3-f2ae-4ca1-a474-38a6e76e29f3,"Sudah memainkan lebih dari 3 th, sangat memuaskan",5,1,2025-01-01 08:01:01,5.3
5041e6d4-31ce-4563-b0b4-2acf6ed50cc9,"Game yang sangat menarik, baik dari segi alur maupun karakter nya *Kikir impact njing *sehat sehat game bike 🙏🏻😇",5,1,2025-01-01 08:00:29,5.3
880ffc7c-a2dc-4729-95bd-20d74167c882,Bagus,4,0,2025-01-01 07:45:04,5.3
c8e0297c-52fe-4076-a5c2-9d0567361ebc,"beh keren bet ama alur ceritanya cok, gw aja ampe tergila gila main dari pagi ampe malam ni game :v, tapi ingat ygy harus waktu juga, aku pun dah atur waktu juga tqpi, gak bisa😂, ni game nagih bet soalnya",5,0,2025-01-01 07:41:34,5.3
ea0fd990-e0e5-44bb-92a8-6d341cce7edb,"Tolong donk map natlan buat ringan seperti monstat, ini terlalu berat buat versi mobile nya plase hoyo saya masih main memainkan game ini 🙏",5,0,2025-01-01 07:34:55,5.3
b22b9aef-62ee-415d-b083-24255650fa1b,muach,5,0,2025-01-01 07:33:48,5.3
e9a725cb-1a5f-4f51-9a39-a0513d447bcc,"Udah bagus, tapi masih sering lag server nya, mode co op kadang gak stabil, trus download juga sering eror, bug hillichurl di dalem batu, kalo bisa di skip aja NPC nya, lama 5 jam cuma buat dengerin npc yang gaada gunanya buat akun, efek bloom terlalu silau buat HP, pergerakan npc harus dibatasi per jarak player biar gak bikin drop fps, kalo keluar pas dialog malah ngulang dan itu lama banget, segi senjata masih sedikit untuk bintang 3, sulit untuk pemula, char b4 buffer masih sedikit.",2,13,2025-01-01 07:32:26,5.3
b1666993-dc19-425d-acd8-ca9e1ef0d7aa,Bagus,4,0,2025-01-01 07:18:48,5.3
8eba5489-277b-4160-a23d-e176fbc939a5,"Untuk UI nya sudah rapih, alangkah baik nya dipermudah untuk mendapatkan artefak yang diinginkan dan dipermudah untuk ngebuild karakter",4,5,2025-01-01 07:09:07,5.3
fef66397-63d4-4ce3-bb6f-13e779057f63,"Why the feedback can't help the problem that we told about, like bug or something",1,0,2025-01-01 07:07:39,5.3
7ceb98ef-e56e-43a4-a952-1b52f6a06269,Dapat citlali :v,5,0,2025-01-01 07:04:27,5.3
22674497-ff2f-4d18-a062-090ff10e45aa,Semuanya ok hanya saja quest terlalu sulit dan tidak masuk akal untuk menaikkan rank adventure atau karakter,1,1,2025-01-01 06:56:54,5.3
fb57c13a-b5c3-474b-ad99-5804794de306,"Cukup memuaskan game ini baik map nya, mekanik nya, dan teka teki nya hanya saja saya usulkan kalau MC kita dapat skin baru masa karakter lain dapat skin baru sedangkan MC tidak",5,1,2025-01-01 06:54:38,5.3
98201150-3ece-4a55-88a7-8f029a05b921,"Tolong kasih fitur mic ,sekian terimakasih",3,0,2025-01-01 06:39:31,5.3
e028c9b5-d68d-4009-9424-802a89cbbe98,"Tolong ya genshin beri saya arte yang bagus,capek ngedomain gak dapet yang bagus",5,1,2025-01-01 06:38:44,5.3
eb61d595-7112-47e4-855a-fbed4127fd64,"Bagus banget, tapi gw agak gedeg ama player lain BANYAK MAU ANJENG Soal desain charlah, itu lah, ini lah, ah pepek nikmatin game nya aja bisa nggak sih??lagipula ini cuman game :/",5,0,2025-01-01 06:28:24,5.3
c4546a70-b2cc-4cc4-ad0b-486eaa89de26,overall bagus,5,0,2025-01-01 06:22:08,5.3
b35236b6-3ef6-495b-a621-f16287b50748,sering sering kasih bansos lahh yg buanyak,5,0,2025-01-01 06:12:02,5.3
04135407-2590-469e-9e2f-b3b64fe2b5ef,"Dear Genshin Impact, We ask you nicely to increase the rate of chance to get characters, artifacts and drop items.",3,0,2025-01-01 06:07:27,5.3
1273395a-b5a0-4646-aa79-1ec29cf8fed8,bagus,4,0,2025-01-01 06:01:43,5.3
7da4a7e9-8e59-4e25-b555-7cbaf4961380,"Please lah, game sebagus ini malah ternodai ama Storytelling yang buruk. Ekspektasi ku ama game ini adalah slash hit adventure, bukan malah denger NPC yapping 30 menit per scene, combatnya dikit banget pas story.",3,0,2025-01-01 06:00:01,5.3
cbc82cf2-c32f-4340-9544-c91151ebe4c0,"Eum... Dari segi game sih udah bagus... Tapi masalahnya ada dibagian gacha, gacha karakternya tuh lumayan susah banget... Terus cara memperoleh primogemnya juga... Terlalu susah buat F2P...",3,0,2025-01-01 05:54:12,5.3
a4780f2c-51af-44f8-9067-88fbd6dabde6,My second home,5,0,2025-01-01 05:50:34,5.3
609f5459-1070-449b-8674-9b7d0ca360c5,tolong support gamepad di android,1,0,2025-01-01 05:49:04,5.3
c7a7ae79-46e2-42cc-9872-6b36489fe094,Berikan kami bansos hoyooooo😭 bokek bet hari ini🗿👍,4,0,2025-01-01 05:48:25,5.3
dcde5459-58ac-4c20-b204-040323024d98,Parah setiap gacha ga pernah dapet,1,0,2025-01-01 05:30:21,5.3
956119a3-8a35-4fea-a119-655abec013b5,Kecewa karena kurangnya penambahan fitur,1,0,2025-01-01 05:26:39,5.3
2e4750a4-bb5f-44aa-bde4-e8730ecd9d79,Gameya bagus banget tapi sayang hp gw yang gakbagus,5,0,2025-01-01 05:21:21,5.3
f83350b6-afde-474a-91c1-7d082fb967d0,Setelah bermain ini game kurang lebihnya 4 tahun... mungkin ini merupakan salah satu game terlama yang saya mainkan. keren abiss,5,0,2025-01-01 05:12:28,5.3
9092e32c-749b-4213-a6f1-43fb23898971,"Game sangat bagus sangat menarik, overall, terutama story, grafick n BGM nya, moga menang rate off buat mavuika n signaturnya nanti, Amin.",5,0,2025-01-01 04:08:00,5.3
f7424b34-6651-4ffd-b347-9f2bacc8f12d,Cacat by developer,1,0,2025-01-01 04:04:56,5.3
6bd8c52b-9229-40ef-a048-d83d78aa7697,"Dari segi story dan animasi sangat bagus , desain karakter dan map nya sangat bagus dan unik 👍👍",5,0,2025-01-01 02:49:02,5.3
5f69ef88-5db7-4451-b489-19eddc9660b1,BOLEHLAH,5,0,2025-01-01 01:36:47,5.3
fee3dfde-32d4-4901-878e-9c25529ffc70,Mantap😁,5,0,2025-01-01 00:36:48,5.3
